# Wavelength(um) Flux(erg/s/cm2/A) Flux_Err
2.870332e+00 -2.259506e-20 1.369942e-20
2.870997e+00 -2.285694e-20 1.087398e-20
2.871662e+00 -5.936427e-20 1.008364e-20
2.872327e+00 5.269476e-20 1.078736e-20
2.872992e+00 3.792511e-20 1.085401e-20
2.873657e+00 1.225085e-19 1.056825e-20
2.874322e+00 4.162365e-20 1.021925e-20
2.874987e+00 1.118154e-19 9.624216e-21
2.875652e+00 4.872470e-21 1.064685e-20
2.876317e+00 -2.791943e-20 9.959330e-21
2.876982e+00 3.792266e-20 9.840795e-21
2.877647e+00 2.089026e-20 9.164490e-21
2.878312e+00 9.035677e-20 9.220820e-21
2.878977e+00 1.244388e-19 1.072782e-20
2.879642e+00 1.560957e-19 1.027702e-20
2.880307e+00 5.967717e-20 1.034515e-20
2.880972e+00 1.595410e-19 9.970300e-21
2.881637e+00 7.329582e-20 1.038376e-20
2.882302e+00 -6.023646e-20 1.062106e-20
2.882967e+00 4.115572e-20 9.674822e-21
2.883632e+00 3.789248e-20 1.018256e-20
2.884297e+00 7.939435e-20 9.596515e-21
2.884962e+00 5.032607e-20 1.076033e-20
2.885627e+00 1.388651e-20 1.008074e-20
2.886292e+00 -1.364427e-20 9.168143e-21
2.886957e+00 2.656677e-20 9.049536e-21
2.887622e+00 -1.870234e-20 9.943599e-21
2.888287e+00 1.687403e-21 1.023218e-20
2.888952e+00 -6.194926e-21 1.011352e-20
2.889617e+00 1.188727e-19 9.975515e-21
2.890282e+00 6.890253e-20 9.003176e-21
2.890947e+00 1.445582e-19 9.228354e-21
2.891612e+00 5.737876e-20 9.163117e-21
2.892277e+00 6.948510e-20 1.002375e-20
2.892942e+00 -1.281320e-20 9.802167e-21
2.893607e+00 1.123660e-20 9.396432e-21
2.894272e+00 9.123619e-20 8.546687e-21
2.894937e+00 1.242994e-19 1.125557e-20
2.895602e+00 5.038256e-20 1.110809e-20
2.896267e+00 1.591623e-19 1.187195e-20
2.896932e+00 8.291632e-20 9.151144e-21
2.897597e+00 8.740354e-20 8.524281e-21
2.898262e+00 9.123479e-20 9.413966e-21
2.898927e+00 1.314613e-19 9.829357e-21
2.899592e+00 1.092161e-19 9.442899e-21
2.900257e+00 8.498162e-20 8.459235e-21
2.900922e+00 8.331215e-20 9.742365e-21
2.901587e+00 8.843906e-20 9.225305e-21
2.902252e+00 7.451256e-20 9.455397e-21
2.902917e+00 6.756965e-20 9.368523e-21
2.903582e+00 3.259659e-20 8.464168e-21
2.904247e+00 2.926689e-20 9.610194e-21
2.904912e+00 -5.448055e-20 9.036825e-21
2.905577e+00 5.380425e-20 9.480498e-21
2.906242e+00 2.215309e-20 9.320544e-21
2.906907e+00 6.606159e-20 8.859232e-21
2.907572e+00 8.066065e-20 9.032952e-21
2.908237e+00 6.751957e-20 9.129474e-21
2.908902e+00 1.198606e-19 9.470728e-21
2.909567e+00 4.498562e-20 9.012739e-21
2.910232e+00 3.154884e-20 8.540984e-21
2.910897e+00 5.680067e-20 9.172923e-21
2.911562e+00 6.111129e-20 8.418162e-21
2.912227e+00 7.136546e-20 9.169204e-21
2.912892e+00 -3.498666e-20 8.936413e-21
2.913557e+00 1.592148e-20 8.533923e-21
2.914222e+00 1.118163e-20 8.701382e-21
2.914887e+00 1.255052e-21 1.363240e-20
2.915552e+00 3.589285e-20 1.065158e-20
2.916217e+00 -2.380603e-20 8.582895e-21
2.916882e+00 -3.311869e-20 8.045583e-21
2.917547e+00 1.272010e-20 8.201216e-21
2.918212e+00 5.876417e-20 9.843913e-21
2.918877e+00 7.013220e-20 8.649655e-21
2.919542e+00 3.840379e-20 1.335656e-20
2.920207e+00 -1.309070e-21 7.725517e-21
2.920872e+00 3.547394e-20 8.019837e-21
2.921537e+00 2.036478e-20 8.198888e-21
2.922202e+00 1.449293e-19 7.876982e-21
2.922867e+00 1.445768e-19 7.839924e-21
2.923532e+00 6.681227e-20 7.674812e-21
2.924197e+00 1.067801e-19 8.406343e-21
2.924862e+00 4.727292e-20 7.696836e-21
2.925527e+00 3.652640e-20 8.281433e-21
2.926192e+00 3.380223e-20 7.927930e-21
2.926857e+00 9.201417e-20 7.974645e-21
2.927522e+00 1.619549e-19 8.284417e-21
2.928187e+00 1.854753e-19 7.711302e-21
2.928852e+00 1.327565e-19 8.428124e-21
2.929517e+00 -1.110953e-19 8.111926e-21
2.930182e+00 -1.174748e-20 7.894800e-21
2.930847e+00 4.383013e-20 7.420496e-21
2.931512e+00 -1.914686e-20 7.929213e-21
2.932177e+00 2.436956e-20 7.842615e-21
2.932842e+00 8.615370e-20 8.656878e-21
2.933507e+00 1.076664e-19 7.828392e-21
2.934172e+00 7.798814e-20 8.812477e-21
2.934837e+00 5.916213e-20 7.663843e-21
2.935502e+00 2.683838e-20 8.157798e-21
2.936167e+00 4.936865e-20 8.251749e-21
2.936832e+00 6.186186e-20 8.155858e-21
2.937497e+00 4.421643e-20 7.733802e-21
2.938162e+00 6.813452e-20 8.395688e-21
2.938827e+00 -3.116517e-20 8.853903e-21
2.939492e+00 -5.039450e-20 7.850964e-21
2.940157e+00 1.443574e-20 8.407987e-21
2.940822e+00 -1.687394e-21 7.938135e-21
2.941487e+00 -3.125046e-20 8.595470e-21
2.942152e+00 2.931239e-20 7.985048e-21
2.942817e+00 1.475165e-20 7.968038e-21
2.943482e+00 4.009899e-20 8.206078e-21
2.944147e+00 4.539289e-20 8.334833e-21
2.944812e+00 1.838413e-20 7.742114e-21
2.945477e+00 -5.356891e-20 7.230082e-21
2.946142e+00 -5.032791e-20 7.689654e-21
2.946807e+00 -1.212062e-20 7.608702e-21
2.947472e+00 -3.488656e-20 8.058744e-21
2.948137e+00 -2.274206e-20 7.990822e-21
2.948802e+00 6.642189e-20 7.941940e-21
2.949467e+00 4.250547e-20 7.553047e-21
2.950132e+00 2.778104e-20 7.727144e-21
2.950797e+00 5.725904e-20 6.840388e-21
2.951462e+00 3.888371e-20 7.148127e-21
2.952127e+00 5.999726e-20 6.834310e-21
2.952792e+00 7.931159e-20 7.668165e-21
2.953457e+00 6.156133e-20 8.019592e-21
2.954122e+00 -1.070125e-21 7.924825e-21
2.954787e+00 2.628160e-20 7.276321e-21
2.955452e+00 6.263773e-20 7.880751e-21
2.956117e+00 4.907710e-20 7.469849e-21
2.956782e+00 7.098895e-20 8.212933e-21
2.957447e+00 2.954904e-20 7.379559e-21
2.958112e+00 4.275240e-20 7.617668e-21
2.958777e+00 1.300447e-19 7.883557e-21
2.959442e+00 3.805794e-20 7.488267e-21
2.960107e+00 8.458951e-20 7.664774e-21
2.960772e+00 1.214369e-20 7.282903e-21
2.961437e+00 3.123498e-20 7.530888e-21
2.962102e+00 2.961637e-20 7.141400e-21
2.962767e+00 -1.160360e-20 7.485018e-21
2.963432e+00 3.020486e-20 7.059848e-21
2.964097e+00 1.916662e-20 7.367481e-21
2.964762e+00 1.040875e-19 7.126869e-21
2.965427e+00 -3.338638e-21 7.005354e-21
2.966092e+00 3.092792e-20 7.343183e-21
2.966757e+00 2.380128e-20 7.176983e-21
2.967422e+00 2.321104e-20 6.883638e-21
2.968087e+00 7.770978e-20 7.090302e-21
2.968752e+00 -1.499348e-21 7.630571e-21
2.969417e+00 5.851356e-20 7.172773e-21
2.970082e+00 1.900512e-20 6.671672e-21
2.970747e+00 6.527767e-20 7.033608e-21
2.971412e+00 -1.526903e-20 6.858850e-21
2.972077e+00 -6.013345e-20 7.080190e-21
2.972742e+00 2.390166e-20 6.704502e-21
2.973407e+00 6.068789e-20 6.874463e-21
2.974072e+00 -1.514609e-20 7.874088e-21
2.974737e+00 2.703129e-20 6.904475e-21
2.975402e+00 6.716265e-20 7.121634e-21
2.976067e+00 1.738762e-19 6.687749e-21
2.976732e+00 1.077812e-19 6.814096e-21
2.977397e+00 1.005924e-19 7.130309e-21
2.978062e+00 4.145617e-20 7.260992e-21
2.978727e+00 -9.871393e-21 6.606643e-21
2.979392e+00 4.162340e-20 6.838833e-21
2.980057e+00 2.188253e-20 6.928708e-21
2.980722e+00 3.379276e-20 7.206724e-21
2.981387e+00 1.641578e-20 6.771732e-21
2.982052e+00 7.952885e-20 6.712661e-21
2.982717e+00 2.118719e-20 6.751554e-21
2.983382e+00 2.383256e-20 6.553146e-21
2.984047e+00 -2.002984e-20 7.076911e-21
2.984712e+00 -2.263035e-20 6.563502e-21
2.985377e+00 5.919992e-21 6.816930e-21
2.986042e+00 4.940796e-20 6.316840e-21
2.986707e+00 4.597877e-20 6.920568e-21
2.987372e+00 4.007903e-20 2.237073e-20
2.988037e+00 4.496897e-20 3.834475e-20
2.988702e+00 8.432602e-20 6.920391e-21
2.989367e+00 -7.704445e-22 6.265863e-21
2.990032e+00 7.498033e-20 6.720569e-21
2.990697e+00 1.250711e-19 7.159756e-21
2.991362e+00 1.144476e-19 7.277394e-21
2.992027e+00 5.933631e-20 6.816432e-21
2.992692e+00 1.613857e-20 7.334891e-21
2.993357e+00 4.445562e-20 7.094754e-21
2.994022e+00 -4.429159e-20 7.703813e-21
2.994687e+00 4.114687e-20 7.044588e-21
2.995352e+00 1.647527e-21 8.042425e-21
2.996017e+00 4.541337e-20 8.007280e-21
2.996682e+00 6.909140e-20 8.809067e-21
2.997347e+00 1.511832e-20 8.850510e-21
2.998012e+00 7.008464e-20 8.137172e-21
2.998677e+00 6.191253e-20 6.418339e-21
2.999342e+00 7.091548e-20 6.900813e-21
3.000007e+00 4.883791e-20 7.353497e-21
3.000672e+00 4.552094e-20 6.640308e-21
3.001337e+00 6.541713e-20 6.496874e-21
3.002002e+00 2.235736e-20 6.363109e-21
3.002667e+00 8.852648e-21 7.711999e-21
3.003332e+00 2.679838e-20 6.629302e-21
3.003997e+00 8.200554e-20 7.170356e-21
3.004662e+00 6.130527e-20 7.378007e-21
3.005327e+00 3.939896e-20 6.713864e-21
3.005992e+00 4.545216e-20 6.436196e-21
3.006657e+00 -2.003844e-20 7.036679e-21
3.007322e+00 -4.139023e-20 6.681874e-21
3.007987e+00 3.642060e-20 7.058919e-21
3.008652e+00 3.723332e-20 6.398689e-21
3.009317e+00 5.644257e-20 7.297188e-21
3.009982e+00 1.032662e-19 6.536272e-21
3.010647e+00 1.716190e-19 6.903139e-21
3.011312e+00 7.235617e-20 6.578203e-21
3.011977e+00 3.911579e-20 6.636870e-21
3.012642e+00 3.341764e-20 6.601048e-21
3.013307e+00 6.937040e-20 6.375501e-21
3.013972e+00 4.894241e-20 6.525892e-21
3.014637e+00 5.254132e-20 6.684351e-21
3.015302e+00 9.987401e-20 6.486399e-21
3.015967e+00 7.586793e-20 6.086649e-21
3.016632e+00 8.463259e-20 5.994352e-21
3.017297e+00 4.809990e-20 6.544870e-21
3.017962e+00 6.489372e-20 6.512288e-21
3.018627e+00 2.767812e-20 7.250936e-21
3.019292e+00 -2.730507e-20 6.255602e-21
3.019957e+00 -1.367276e-20 6.508237e-21
3.020622e+00 5.636617e-20 6.890413e-21
3.021287e+00 4.687462e-20 7.908825e-21
3.021952e+00 6.924884e-20 6.780831e-21
3.022617e+00 4.656478e-20 6.250653e-21
3.023282e+00 3.813244e-20 6.790268e-21
3.023947e+00 2.934149e-20 6.776001e-21
3.024612e+00 1.274519e-19 6.426183e-21
3.025277e+00 7.085487e-20 6.676998e-21
3.025942e+00 3.316617e-20 7.224047e-21
3.026607e+00 1.504925e-19 8.745329e-21
3.027272e+00 4.593219e-20 7.850725e-21
3.027937e+00 1.911044e-19 8.374756e-20
3.028602e+00 9.557732e-20 7.143698e-20
3.029267e+00 1.279179e-19 5.768107e-20
3.029932e+00 4.874458e-20 9.160859e-21
3.030597e+00 3.842981e-20 1.035944e-20
3.031262e+00 -1.467716e-20 8.828186e-21
3.031927e+00 4.312198e-20 7.795401e-21
3.032592e+00 4.245275e-20 6.577945e-21
3.033257e+00 6.987792e-20 7.009827e-21
3.033922e+00 4.684676e-20 6.477534e-21
3.034587e+00 4.311672e-20 6.489433e-21
3.035252e+00 7.063762e-20 5.921089e-21
3.035917e+00 7.176253e-20 6.892538e-21
3.036582e+00 2.493933e-20 5.822631e-21
3.037247e+00 -1.121850e-20 6.120333e-21
3.037912e+00 2.552121e-20 6.437191e-21
3.038577e+00 5.996383e-20 6.515732e-21
3.039242e+00 2.657086e-20 5.757935e-21
3.039907e+00 2.292071e-20 5.922092e-21
3.040572e+00 3.575885e-20 6.462247e-21
3.041237e+00 9.021327e-20 6.357929e-21
3.041902e+00 3.077605e-20 5.844422e-21
3.042567e+00 4.582837e-20 6.437972e-21
3.043232e+00 8.522076e-20 6.165066e-21
3.043897e+00 1.036493e-19 7.977282e-21
3.044562e+00 4.506615e-20 6.487216e-21
3.045227e+00 8.524227e-20 6.349924e-21
3.045892e+00 8.509912e-20 7.957112e-21
3.046557e+00 8.142724e-20 6.257244e-21
3.047222e+00 5.334873e-20 6.499946e-21
3.047887e+00 6.467547e-20 6.528359e-21
3.048552e+00 5.981637e-20 6.108569e-21
3.049217e+00 4.691711e-21 6.874083e-21
3.049882e+00 2.862956e-20 6.628970e-21
3.050547e+00 3.744494e-20 6.971287e-21
3.051212e+00 6.795235e-20 6.549412e-21
3.051877e+00 1.739426e-20 7.139835e-21
3.052542e+00 5.738109e-20 6.364808e-21
3.053207e+00 5.569928e-20 6.500246e-21
3.053872e+00 7.090485e-20 6.524800e-21
3.054537e+00 1.033490e-19 6.994410e-21
3.055202e+00 4.928430e-20 6.336604e-21
3.055867e+00 2.985302e-20 6.486953e-21
3.056532e+00 -4.395136e-20 6.385660e-21
3.057197e+00 2.301679e-20 6.174642e-21
3.057862e+00 4.764377e-20 6.639207e-21
3.058527e+00 3.152112e-20 6.284443e-21
3.059192e+00 5.939594e-20 6.442338e-21
3.059857e+00 3.978853e-21 6.155836e-21
3.060522e+00 4.641012e-20 5.930475e-21
3.061187e+00 6.124639e-20 6.588395e-21
3.061852e+00 -6.635655e-21 6.342611e-21
3.062517e+00 6.025158e-20 6.181694e-21
3.063182e+00 7.252988e-20 6.398813e-21
3.063847e+00 6.312394e-20 6.670831e-21
3.064512e+00 5.565931e-20 6.475145e-21
3.065177e+00 1.725090e-20 6.397022e-21
3.065842e+00 -6.757227e-21 5.640267e-21
3.066507e+00 7.226250e-20 5.904601e-21
3.067172e+00 8.198575e-20 5.792839e-21
3.067837e+00 4.678185e-20 6.321653e-21
3.068502e+00 1.775452e-20 6.008914e-21
3.069167e+00 4.324524e-20 5.955865e-21
3.069832e+00 5.700795e-20 5.999506e-21
3.070497e+00 1.869743e-20 6.548058e-21
3.071162e+00 1.266262e-19 6.039436e-21
3.071827e+00 7.945728e-20 5.485718e-21
3.072492e+00 5.729894e-20 5.857759e-21
3.073157e+00 4.019928e-20 6.023860e-21
3.073822e+00 3.030060e-20 6.171740e-21
3.074487e+00 3.801382e-20 6.030022e-21
3.075152e+00 1.179897e-19 5.983821e-21
3.075817e+00 5.420500e-20 5.717484e-21
3.076482e+00 2.177619e-20 6.160878e-21
3.077147e+00 3.627414e-20 5.749652e-21
3.077812e+00 2.601362e-20 5.874078e-21
3.078477e+00 -2.368487e-21 5.452948e-21
3.079142e+00 -1.014368e-20 6.015638e-21
3.079807e+00 -3.687709e-21 6.237496e-21
3.080472e+00 4.510954e-20 5.754879e-21
3.081137e+00 9.556242e-20 5.352640e-21
3.081802e+00 3.148818e-20 5.805201e-21
3.082467e+00 -2.956504e-20 5.556798e-21
3.083132e+00 -5.620726e-21 5.940465e-21
3.083797e+00 1.825859e-20 6.127182e-21
3.084462e+00 8.852121e-22 6.676341e-21
3.085127e+00 1.436870e-20 6.149914e-21
3.085792e+00 5.048876e-20 5.263306e-21
3.086457e+00 4.582835e-20 6.170328e-21
3.087122e+00 6.178233e-20 6.295570e-21
3.087787e+00 1.452009e-19 6.324900e-21
3.088452e+00 8.207073e-20 6.234548e-21
3.089117e+00 -1.013178e-20 6.442326e-21
3.089782e+00 4.473058e-20 5.952015e-21
3.090447e+00 3.185396e-20 6.594568e-21
3.091112e+00 4.086274e-20 5.893135e-21
3.091777e+00 -1.693361e-20 5.798083e-21
3.092442e+00 2.395768e-20 6.006630e-21
3.093107e+00 4.957560e-20 6.413520e-21
3.093772e+00 9.433221e-21 5.728953e-21
3.094437e+00 5.588438e-20 6.449727e-21
3.095102e+00 2.998406e-22 5.950538e-21
3.095767e+00 -9.357385e-21 5.599867e-21
3.096432e+00 7.814517e-20 6.326221e-21
3.097097e+00 8.608932e-20 6.377870e-21
3.097762e+00 9.971466e-20 6.100995e-21
3.098427e+00 1.315008e-19 4.405897e-20
3.099092e+00 8.258025e-20 1.763048e-20
3.099757e+00 9.470819e-20 6.114910e-21
3.100422e+00 2.799791e-20 6.104463e-21
3.101087e+00 2.842704e-20 6.142437e-21
3.101752e+00 1.180970e-20 1.255482e-20
3.102417e+00 3.654935e-20 2.142730e-20
3.103082e+00 1.039364e-19 1.215456e-20
3.103747e+00 1.899560e-19 1.984830e-20
3.104412e+00 6.340365e-20 5.556403e-21
3.105077e+00 4.680230e-20 5.771666e-21
3.105742e+00 6.437082e-20 5.923873e-21
3.106407e+00 3.888761e-20 5.636100e-21
3.107072e+00 1.547455e-20 6.490785e-21
3.107737e+00 2.192791e-20 5.275386e-21
3.108402e+00 2.309222e-20 5.683945e-21
3.109067e+00 4.896385e-20 6.046151e-21
3.109732e+00 6.525013e-20 5.545527e-21
3.110397e+00 4.410322e-20 5.858628e-21
3.111062e+00 3.254501e-20 5.694242e-21
3.111727e+00 9.347545e-20 6.249981e-21
3.112392e+00 6.009416e-20 5.978807e-21
3.113057e+00 4.476167e-20 6.650794e-21
3.113722e+00 2.676398e-20 6.242708e-21
3.114387e+00 3.971043e-20 6.165339e-21
3.115052e+00 4.928328e-20 5.439392e-21
3.115717e+00 4.988538e-20 5.691046e-21
3.116382e+00 2.422984e-20 5.427347e-21
3.117047e+00 3.198280e-21 5.828834e-21
3.117712e+00 9.418971e-20 5.884809e-21
3.118377e+00 4.719065e-20 6.213426e-21
3.119042e+00 2.731592e-20 5.707737e-21
3.119707e+00 -1.576487e-20 5.810852e-21
3.120372e+00 2.515844e-20 5.592257e-21
3.121037e+00 8.933255e-20 5.584520e-21
3.121702e+00 3.133200e-20 5.610622e-21
3.122367e+00 7.057955e-21 5.398792e-21
3.123032e+00 3.770731e-20 5.656809e-21
3.123697e+00 1.802360e-20 6.071707e-21
3.124362e+00 4.926064e-20 5.656169e-21
3.125027e+00 3.829966e-20 5.774316e-21
3.125692e+00 3.569575e-20 5.827455e-21
3.126357e+00 7.415355e-21 5.970047e-21
3.127022e+00 2.709623e-20 7.817514e-21
3.127687e+00 -2.847837e-20 1.042596e-20
3.128352e+00 -4.329227e-20 7.312958e-21
3.129017e+00 6.022928e-21 6.708994e-21
3.129682e+00 5.602400e-20 7.017639e-21
3.130347e+00 5.381314e-20 5.764805e-21
3.131012e+00 -6.149268e-22 5.926124e-21
3.131677e+00 -1.495788e-20 6.384770e-21
3.132342e+00 -6.139692e-20 6.585852e-21
3.133007e+00 4.939022e-20 8.452477e-21
3.133672e+00 3.999085e-20 5.712356e-21
3.134337e+00 2.612959e-20 5.934683e-21
3.135002e+00 4.086889e-20 5.694044e-21
3.135667e+00 5.997111e-21 7.701731e-21
3.136332e+00 5.343553e-20 1.613301e-20
3.136997e+00 1.391519e-19 1.998088e-20
3.137662e+00 2.281407e-20 1.811291e-20
3.138327e+00 7.089171e-20 4.931848e-21
3.138992e+00 6.666879e-20 5.369603e-21
3.139657e+00 4.558679e-20 5.375642e-21
3.140322e+00 7.545329e-20 5.650016e-21
3.140987e+00 6.099360e-20 7.889636e-21
3.141652e+00 4.766110e-20 6.151847e-21
3.142317e+00 3.156240e-20 5.506140e-21
3.142982e+00 4.209606e-20 5.291031e-21
3.143647e+00 5.540995e-20 5.846923e-21
3.144312e+00 3.139361e-20 5.358911e-21
3.144977e+00 3.694917e-20 5.419555e-21
3.145642e+00 6.508489e-20 5.714250e-21
3.146307e+00 2.231630e-20 5.724578e-21
3.146972e+00 -2.453607e-20 5.422712e-21
3.147637e+00 3.045058e-20 5.365255e-21
3.148302e+00 3.678105e-20 5.313209e-21
3.148967e+00 4.372523e-20 5.981286e-21
3.149632e+00 6.232745e-20 5.899544e-21
3.150297e+00 2.647031e-20 5.481232e-21
3.150962e+00 5.087662e-20 5.256251e-21
3.151627e+00 3.025890e-20 5.278129e-21
3.152292e+00 4.514699e-20 5.892833e-21
3.152957e+00 3.999888e-20 6.493094e-21
3.153622e+00 3.327212e-20 5.401632e-21
3.154287e+00 2.771589e-20 5.562800e-21
3.154952e+00 5.651574e-20 5.588783e-21
3.155617e+00 7.660221e-20 5.571482e-21
3.156282e+00 1.132123e-20 4.905263e-21
3.156947e+00 7.366755e-20 5.404300e-21
3.157612e+00 5.263654e-20 5.403021e-21
3.158277e+00 3.971312e-20 5.711374e-21
3.158942e+00 5.857671e-20 5.971234e-21
3.159607e+00 1.757095e-20 5.511955e-21
3.160272e+00 6.857717e-21 5.301286e-21
3.160937e+00 3.173596e-20 5.499776e-21
3.161602e+00 1.255639e-20 6.830719e-21
3.162267e+00 8.639667e-20 5.539143e-21
3.162932e+00 6.524607e-20 5.136449e-21
3.163597e+00 1.247594e-20 5.147489e-21
3.164262e+00 5.795240e-20 5.651733e-21
3.164927e+00 2.842061e-20 5.162097e-21
3.165592e+00 2.711772e-20 5.466135e-21
3.166257e+00 1.849618e-20 5.239787e-21
3.166922e+00 5.307796e-21 5.592885e-21
3.167587e+00 4.646238e-20 5.328412e-21
3.168252e+00 -8.590630e-21 5.483012e-21
3.168917e+00 2.784152e-20 6.257114e-21
3.169582e+00 9.166190e-20 5.416727e-21
3.170247e+00 6.720868e-21 5.196025e-21
3.170912e+00 3.422096e-20 6.831215e-21
3.171577e+00 6.207914e-20 5.535168e-21
3.172242e+00 9.604257e-20 5.479538e-21
3.172907e+00 5.489218e-20 5.579512e-21
3.173572e+00 -1.191484e-20 5.761422e-21
3.174237e+00 3.887176e-20 5.259939e-21
3.174902e+00 5.002461e-20 5.905317e-21
3.175567e+00 4.008446e-20 4.995918e-21
3.176232e+00 6.113800e-20 5.118073e-21
3.176897e+00 6.083177e-20 5.558988e-21
3.177562e+00 6.057437e-20 5.626338e-21
3.178227e+00 8.907310e-20 5.276703e-21
3.178892e+00 3.920404e-20 5.436451e-21
3.179557e+00 2.716726e-20 5.264999e-21
3.180222e+00 -6.389869e-21 1.399216e-20
3.180887e+00 -1.021856e-20 1.113245e-20
3.181552e+00 1.523513e-19 1.487626e-20
3.182217e+00 1.289484e-19 5.460878e-21
3.182882e+00 3.807466e-20 5.590006e-21
3.183547e+00 3.937602e-20 5.775876e-21
3.184212e+00 8.356092e-20 5.135083e-21
3.184877e+00 4.346202e-20 5.615859e-21
3.185542e+00 -8.985813e-21 5.234498e-21
3.186207e+00 6.280925e-20 5.083575e-21
3.186872e+00 5.208397e-20 6.543984e-21
3.187537e+00 6.665322e-21 5.776165e-21
3.188202e+00 7.704890e-20 5.151802e-21
3.188867e+00 5.858577e-20 5.006637e-21
3.189532e+00 1.042480e-20 5.336847e-21
3.190197e+00 8.108755e-21 5.315328e-21
3.190862e+00 2.771465e-20 5.364453e-21
3.191527e+00 6.899257e-20 5.370070e-21
3.192192e+00 8.795581e-20 5.528523e-21
3.192857e+00 9.475908e-20 5.042423e-21
3.193522e+00 3.838461e-20 5.037199e-21
3.194187e+00 6.711635e-20 5.432677e-21
3.194852e+00 4.667716e-20 5.533538e-21
3.195517e+00 9.226815e-20 6.178391e-21
3.196182e+00 3.933761e-20 5.979119e-21
3.196847e+00 1.606627e-20 5.314412e-21
3.197512e+00 2.810732e-20 5.095032e-21
3.198177e+00 8.498744e-20 5.748523e-21
3.198842e+00 5.488729e-20 5.379539e-21
3.199507e+00 8.839874e-20 5.682020e-21
3.200172e+00 1.156224e-19 5.541328e-21
3.200837e+00 5.462726e-20 5.553158e-21
3.201502e+00 5.088349e-20 5.564587e-21
3.202167e+00 4.850710e-20 5.640334e-21
3.202832e+00 3.637004e-20 5.614407e-21
3.203497e+00 2.803198e-20 5.376712e-21
3.204162e+00 5.081658e-20 5.232566e-21
3.204827e+00 4.583111e-20 5.283574e-21
3.205492e+00 5.786862e-20 5.207400e-21
3.206157e+00 2.246801e-20 5.410493e-21
3.206822e+00 4.585522e-20 5.874058e-21
3.207487e+00 7.945320e-20 5.795642e-21
3.208152e+00 1.137805e-19 5.463648e-21
3.208817e+00 4.049291e-20 4.850060e-21
3.209482e+00 5.173375e-20 5.350538e-21
3.210147e+00 2.565903e-20 5.549466e-21
3.210812e+00 3.945869e-20 5.528944e-21
3.211477e+00 1.492012e-20 5.536261e-21
3.212142e+00 5.049934e-21 5.315640e-21
3.212807e+00 6.218803e-20 5.903796e-21
3.213472e+00 6.604033e-20 5.654495e-21
3.214137e+00 3.958729e-20 5.196499e-21
3.214802e+00 3.136562e-20 5.475231e-21
3.215467e+00 9.236917e-20 5.248801e-21
3.216132e+00 9.222630e-20 5.465271e-21
3.216797e+00 7.347124e-20 5.244402e-21
3.217462e+00 4.610554e-20 4.849228e-21
3.218127e+00 5.115337e-20 5.191829e-21
3.218792e+00 8.731219e-20 5.797385e-21
3.219457e+00 9.198265e-20 5.196530e-21
3.220122e+00 4.552023e-20 5.283747e-21
3.220787e+00 5.116724e-20 4.968475e-21
3.221452e+00 4.160009e-20 5.319790e-21
3.222117e+00 7.275590e-20 7.800492e-21
3.222782e+00 6.121103e-20 1.516819e-20
3.223447e+00 4.608288e-21 1.430803e-20
3.224112e+00 3.658217e-20 3.486848e-20
3.224777e+00 1.410679e-20 5.710032e-21
3.225442e+00 2.266849e-20 5.089197e-21
3.226107e+00 4.930299e-20 4.932512e-21
3.226772e+00 5.832048e-20 5.229613e-21
3.227437e+00 5.270778e-20 4.880157e-21
3.228102e+00 2.503431e-20 5.402583e-21
3.228767e+00 8.439176e-20 5.606276e-21
3.229432e+00 5.196175e-20 5.074847e-21
3.230097e+00 8.463119e-20 5.170078e-21
3.230762e+00 4.625998e-20 5.165454e-21
3.231427e+00 6.133908e-20 5.276482e-21
3.232092e+00 3.377778e-20 5.138181e-21
3.232757e+00 5.843331e-20 4.993164e-21
3.233422e+00 4.787289e-20 5.886281e-21
3.234087e+00 5.567715e-20 5.286605e-21
3.234752e+00 8.185363e-20 4.795361e-21
3.235417e+00 3.763813e-20 5.114710e-21
3.236082e+00 8.929570e-20 5.377209e-21
3.236747e+00 5.940595e-20 5.500329e-21
3.237412e+00 1.337304e-20 5.147245e-21
3.238077e+00 4.987401e-20 5.175752e-21
3.238742e+00 8.564247e-20 4.996327e-21
3.239407e+00 4.966613e-20 4.960811e-21
3.240072e+00 3.731684e-20 5.493108e-21
3.240737e+00 3.955645e-20 5.629281e-21
3.241402e+00 8.281476e-20 5.410712e-21
3.242067e+00 3.193924e-20 5.677945e-21
3.242732e+00 5.941400e-20 5.668758e-21
3.243397e+00 6.307183e-20 5.625756e-21
3.244062e+00 1.085469e-19 5.964522e-21
3.244727e+00 5.988573e-20 5.114159e-21
3.245392e+00 5.117216e-20 5.154268e-21
3.246057e+00 9.744694e-20 2.699454e-20
3.246722e+00 1.155703e-19 3.112662e-20
3.247387e+00 1.765428e-19 3.853808e-20
3.248052e+00 1.941253e-19 2.899078e-20
3.248717e+00 8.907732e-20 5.743996e-21
3.249382e+00 8.836302e-20 5.822537e-21
3.250047e+00 3.213877e-20 5.452000e-21
3.250712e+00 2.701701e-20 5.712211e-21
3.251377e+00 3.305405e-20 5.032531e-21
3.252042e+00 -1.830115e-21 4.778444e-21
3.252707e+00 2.847013e-20 4.979815e-21
3.253372e+00 -2.688720e-20 4.827891e-21
3.254037e+00 7.464992e-20 5.028200e-21
3.254702e+00 8.825492e-20 5.112377e-21
3.255367e+00 1.194488e-19 5.077132e-21
3.256032e+00 3.303249e-20 5.679150e-21
3.256697e+00 -5.674025e-21 4.940022e-21
3.257362e+00 -4.529189e-23 4.834978e-21
3.258027e+00 4.409147e-20 5.047056e-21
3.258692e+00 5.997062e-20 5.162369e-21
3.259357e+00 3.861400e-20 4.997261e-21
3.260022e+00 3.458761e-20 5.132625e-21
3.260687e+00 3.564474e-20 2.097390e-20
3.261352e+00 8.239349e-20 1.235566e-20
3.262017e+00 4.471774e-20 5.195355e-21
3.262682e+00 1.309569e-20 5.056972e-21
3.263347e+00 3.065885e-20 4.783565e-21
3.264012e+00 2.341956e-20 5.105991e-21
3.264677e+00 5.463091e-20 5.088728e-21
3.265342e+00 4.719002e-20 5.114116e-21
3.266007e+00 5.891459e-20 5.218820e-21
3.266672e+00 9.267442e-20 5.699399e-21
3.267337e+00 5.980218e-20 5.190825e-21
3.268002e+00 6.768992e-20 5.133698e-21
3.268667e+00 7.484989e-20 5.202805e-21
3.269332e+00 6.734342e-20 5.578900e-21
3.269997e+00 7.662194e-20 5.135889e-21
3.270662e+00 7.286309e-20 6.106827e-21
3.271327e+00 4.037758e-20 4.912725e-21
3.271992e+00 7.860970e-20 5.524004e-21
3.272657e+00 8.063694e-20 5.551435e-21
3.273322e+00 8.839888e-20 5.329839e-21
3.273987e+00 4.160468e-20 5.466523e-21
3.274652e+00 4.148402e-20 4.955931e-21
3.275317e+00 7.239720e-20 5.566085e-21
3.275982e+00 6.480063e-20 5.426764e-21
3.276647e+00 1.095119e-19 5.129224e-21
3.277312e+00 1.069304e-19 4.939032e-21
3.277977e+00 1.112288e-19 5.626913e-21
3.278642e+00 2.646415e-20 5.620656e-21
3.279307e+00 5.796881e-20 5.599037e-21
3.279972e+00 6.752220e-20 5.228587e-21
3.280637e+00 8.218308e-20 4.881267e-21
3.281302e+00 7.853351e-20 5.156618e-21
3.281967e+00 7.069115e-20 5.372318e-21
3.282632e+00 4.942446e-20 5.028940e-21
3.283297e+00 3.980789e-20 4.939976e-21
3.283962e+00 6.545735e-20 6.447086e-21
3.284627e+00 8.398549e-20 5.287270e-21
3.285292e+00 5.911792e-20 5.330859e-21
3.285957e+00 3.368148e-20 5.093707e-21
3.286622e+00 1.929886e-20 5.246342e-21
3.287287e+00 -3.828126e-20 5.652879e-21
3.287952e+00 5.350936e-20 6.380493e-21
3.288617e+00 3.335421e-20 5.671660e-21
3.289282e+00 8.858656e-20 5.249386e-21
3.289947e+00 8.533362e-20 5.355616e-21
3.290612e+00 6.160004e-20 4.769711e-21
3.291277e+00 4.037183e-20 5.110667e-21
3.291942e+00 1.965352e-20 4.991513e-21
3.292607e+00 7.490385e-20 4.852311e-21
3.293272e+00 9.077321e-20 4.975315e-21
3.293937e+00 8.142266e-20 4.748269e-21
3.294602e+00 3.399701e-20 5.918346e-21
3.295267e+00 6.910050e-20 4.895082e-21
3.295932e+00 2.517223e-20 5.223616e-21
3.296597e+00 4.600341e-20 5.029334e-21
3.297262e+00 7.359369e-20 4.980208e-21
3.297927e+00 1.452517e-20 5.438371e-21
3.298592e+00 -3.179960e-21 5.337762e-21
3.299257e+00 5.041599e-20 4.936931e-21
3.299922e+00 8.318554e-20 4.766197e-21
3.300587e+00 5.669186e-20 5.398391e-21
3.301252e+00 4.256524e-20 5.803436e-21
3.301917e+00 5.762734e-20 6.902441e-21
3.302582e+00 3.997597e-20 5.539051e-21
3.303247e+00 7.247801e-20 5.609829e-21
3.303912e+00 7.374741e-20 5.261122e-21
3.304577e+00 6.492942e-20 5.448630e-21
3.305242e+00 5.658921e-20 4.843471e-21
3.305907e+00 8.279147e-20 5.234394e-21
3.306572e+00 6.137776e-20 5.404507e-21
3.307237e+00 3.031147e-20 5.673363e-21
3.307902e+00 1.011069e-19 5.066466e-21
3.308567e+00 5.444156e-20 5.418145e-21
3.309232e+00 5.663866e-20 5.294675e-21
3.309897e+00 4.443036e-20 5.061123e-21
3.310562e+00 9.213033e-20 4.872543e-21
3.311227e+00 2.185811e-20 5.149625e-21
3.311892e+00 1.684820e-20 5.330022e-21
3.312557e+00 3.765987e-20 5.120500e-21
3.313222e+00 1.739066e-20 4.999222e-21
3.313887e+00 1.781481e-20 5.274963e-21
3.314552e+00 8.083227e-21 4.846164e-21
3.315217e+00 5.624533e-20 5.416671e-21
3.315882e+00 3.813839e-20 5.749881e-21
3.316547e+00 7.417796e-21 5.026352e-21
3.317212e+00 2.334206e-20 4.960401e-21
3.317877e+00 2.194699e-20 4.860756e-21
3.318542e+00 -8.587381e-21 5.164877e-21
3.319207e+00 4.445128e-20 7.763993e-21
3.319872e+00 5.594148e-20 7.904677e-21
3.320537e+00 1.188005e-19 8.716159e-21
3.321202e+00 6.262674e-20 5.116360e-21
3.321867e+00 3.400766e-20 4.800065e-21
3.322532e+00 3.726529e-21 4.871426e-21
3.323197e+00 -5.173643e-21 4.973956e-21
3.323862e+00 3.253216e-20 4.640951e-21
3.324527e+00 8.973559e-20 4.846596e-21
3.325192e+00 1.034877e-19 5.188793e-21
3.325857e+00 9.356267e-20 5.149897e-21
3.326522e+00 2.014451e-20 4.739964e-21
3.327187e+00 4.965802e-21 5.042271e-21
3.327852e+00 1.796317e-20 5.072043e-21
3.328517e+00 2.829217e-20 4.705455e-21
3.329182e+00 5.054039e-20 4.911518e-21
3.329847e+00 2.225479e-21 5.077729e-21
3.330512e+00 5.672141e-20 5.463029e-21
3.331177e+00 2.097165e-20 5.483345e-21
3.331842e+00 2.280570e-20 5.254220e-21
3.332507e+00 9.663414e-20 5.218636e-21
3.333172e+00 5.487305e-20 5.067521e-21
3.333837e+00 1.776335e-20 5.151586e-21
3.334502e+00 5.037269e-20 5.277446e-21
3.335167e+00 5.419108e-21 4.993506e-21
3.335832e+00 4.016357e-20 5.392690e-21
3.336497e+00 9.785462e-20 5.246915e-21
3.337162e+00 6.968110e-20 5.461012e-21
3.337827e+00 4.102882e-20 5.232469e-21
3.338492e+00 5.919278e-20 5.078756e-21
3.339157e+00 6.675355e-20 5.557722e-21
3.339822e+00 2.040287e-20 5.066957e-21
3.340487e+00 -3.811465e-21 4.622584e-21
3.341152e+00 -3.485548e-20 5.002707e-21
3.341817e+00 5.688551e-21 4.701973e-21
3.342482e+00 4.334445e-20 5.198745e-21
3.343147e+00 3.433751e-20 5.172888e-21
3.343812e+00 4.474038e-20 4.630382e-21
3.344477e+00 1.296237e-20 4.733671e-21
3.345142e+00 3.584590e-20 4.712162e-21
3.345807e+00 4.762850e-20 5.676121e-21
3.346472e+00 1.772263e-20 6.232158e-21
3.347137e+00 7.529504e-21 5.099122e-21
3.347802e+00 4.107669e-20 4.979206e-21
3.348467e+00 4.194546e-20 4.629528e-21
3.349132e+00 6.280261e-20 4.461538e-21
3.349797e+00 5.689942e-20 4.828045e-21
3.350462e+00 3.340891e-20 4.904760e-21
3.351127e+00 6.015261e-20 4.604269e-21
3.351792e+00 9.523497e-20 4.788214e-21
3.352457e+00 7.122546e-20 4.370442e-21
3.353122e+00 5.731284e-20 4.748170e-21
3.353787e+00 5.258202e-20 4.967062e-21
3.354452e+00 3.844556e-20 4.830497e-21
3.355117e+00 3.283127e-20 4.650724e-21
3.355782e+00 5.204044e-20 5.284031e-21
3.356447e+00 6.580844e-20 5.108453e-21
3.357112e+00 7.222165e-20 5.266197e-21
3.357777e+00 7.076614e-20 4.852090e-21
3.358442e+00 1.697036e-20 4.868078e-21
3.359107e+00 2.729501e-20 5.094851e-21
3.359772e+00 1.048262e-20 4.677701e-21
3.360437e+00 4.117087e-20 4.656041e-21
3.361102e+00 3.811358e-20 4.675260e-21
3.361767e+00 2.949058e-20 4.985614e-21
3.362432e+00 5.924012e-21 4.720941e-21
3.363097e+00 6.403331e-20 4.568748e-21
3.363762e+00 5.977027e-20 4.369592e-21
3.364427e+00 5.159528e-20 4.793875e-21
3.365092e+00 2.086284e-20 4.829577e-21
3.365757e+00 4.785429e-20 4.649923e-21
3.366422e+00 3.729804e-20 4.590069e-21
3.367087e+00 4.720649e-20 5.042337e-21
3.367752e+00 2.900962e-20 4.435084e-21
3.368417e+00 3.058158e-20 4.473811e-21
3.369082e+00 4.249683e-20 4.717560e-21
3.369747e+00 3.341326e-20 4.775776e-21
3.370412e+00 1.935330e-20 4.897412e-21
3.371077e+00 2.231754e-20 5.038271e-21
3.371742e+00 4.792952e-20 4.536979e-21
3.372407e+00 9.797404e-21 5.285739e-21
3.373072e+00 5.764609e-20 4.850783e-21
3.373737e+00 5.458907e-20 5.497542e-21
3.374402e+00 2.395930e-20 4.764791e-21
3.375067e+00 8.014814e-20 5.246095e-21
3.375732e+00 3.721771e-20 4.810084e-21
3.376397e+00 3.811857e-21 4.790138e-21
3.377062e+00 7.832134e-21 5.195272e-21
3.377727e+00 3.299105e-20 4.955447e-21
3.378392e+00 5.355357e-20 6.384868e-21
3.379057e+00 3.560827e-20 4.657657e-21
3.379722e+00 4.746188e-20 5.478703e-21
3.380387e+00 4.361408e-20 4.927738e-21
3.381052e+00 3.378503e-20 4.657962e-21
3.381717e+00 4.651593e-20 4.730200e-21
3.382382e+00 6.005334e-20 5.053271e-21
3.383047e+00 1.743923e-20 4.825091e-21
3.383712e+00 1.654023e-20 4.816047e-21
3.384377e+00 3.565243e-20 4.590841e-21
3.385042e+00 8.962843e-21 4.861756e-21
3.385707e+00 3.258840e-20 4.461990e-21
3.386372e+00 3.469932e-20 4.574106e-21
3.387037e+00 5.530165e-20 4.895654e-21
3.387702e+00 2.672204e-20 4.759002e-21
3.388367e+00 4.642620e-20 4.594236e-21
3.389032e+00 3.119327e-20 4.457288e-21
3.389697e+00 6.216516e-20 4.267480e-21
3.390362e+00 3.447732e-20 4.575698e-21
3.391027e+00 4.838050e-20 4.530163e-21
3.391692e+00 6.671204e-20 4.562834e-21
3.392357e+00 6.188689e-20 4.758693e-21
3.393022e+00 4.663594e-20 5.194194e-21
3.393687e+00 4.216249e-20 4.911875e-21
3.394352e+00 3.565756e-20 4.581177e-21
3.395017e+00 1.049151e-19 4.164986e-21
3.395682e+00 3.528059e-20 4.739602e-21
3.396347e+00 5.427398e-20 4.616747e-21
3.397012e+00 9.282028e-20 4.746929e-21
3.397677e+00 1.590800e-20 4.500810e-21
3.398342e+00 6.009279e-20 5.159417e-21
3.399007e+00 6.781914e-20 4.833157e-21
3.399672e+00 8.483941e-20 4.781513e-21
3.400337e+00 5.028825e-20 4.498262e-21
3.401002e+00 2.894156e-20 4.698799e-21
3.401667e+00 6.605489e-20 4.733251e-21
3.402332e+00 4.630960e-20 4.510830e-21
3.402997e+00 8.395898e-20 4.685786e-21
3.403662e+00 1.186246e-19 4.800064e-21
3.404327e+00 9.692535e-20 4.796392e-21
3.404992e+00 6.988510e-20 5.561314e-20
3.405657e+00 7.345574e-20 2.505436e-20
3.406322e+00 8.757813e-20 4.797089e-21
3.406987e+00 9.237877e-20 4.773158e-21
3.407652e+00 4.906168e-20 4.814148e-21
3.408317e+00 8.066743e-20 4.866046e-21
3.408982e+00 7.221282e-20 4.800211e-21
3.409647e+00 6.772460e-20 4.715932e-21
3.410312e+00 2.288190e-20 4.813298e-21
3.410977e+00 -1.000392e-20 4.711179e-21
3.411642e+00 1.609767e-20 4.556627e-21
3.412307e+00 1.121588e-20 4.898819e-21
3.412972e+00 -2.791325e-20 5.153570e-21
3.413637e+00 -4.492497e-20 9.330027e-21
3.414302e+00 1.085722e-21 6.686347e-21
3.414967e+00 2.838220e-20 1.149209e-20
3.415632e+00 2.276344e-20 6.099941e-21
3.416297e+00 5.313766e-20 4.953999e-21
3.416962e+00 5.425609e-21 4.102307e-21
3.417627e+00 -1.935739e-20 4.251094e-21
3.418292e+00 6.672990e-20 4.527609e-21
3.418957e+00 5.489415e-20 4.568712e-21
3.419622e+00 2.087836e-20 5.822072e-21
3.420287e+00 -5.726190e-21 5.305479e-21
3.420952e+00 2.429149e-20 4.236382e-21
3.421617e+00 6.018928e-20 4.733334e-21
3.422282e+00 3.171142e-20 4.445961e-21
3.422947e+00 7.173108e-20 4.475042e-21
3.423612e+00 7.558447e-20 4.817359e-21
3.424277e+00 3.674337e-20 4.402079e-21
3.424942e+00 1.195209e-20 4.708927e-21
3.425607e+00 9.901628e-21 4.508731e-21
3.426272e+00 2.332359e-20 4.952207e-21
3.426937e+00 2.936530e-20 4.766357e-21
3.427602e+00 2.768783e-20 6.466857e-21
3.428267e+00 3.853583e-20 4.638609e-21
3.428932e+00 2.761636e-20 4.396236e-21
3.429597e+00 3.572798e-20 4.515913e-21
3.430262e+00 4.050790e-21 4.771952e-21
3.430927e+00 3.985732e-20 5.259888e-21
3.431592e+00 7.781282e-20 4.326159e-21
3.432257e+00 7.286890e-20 4.265989e-21
3.432922e+00 4.202365e-20 4.431361e-21
3.433587e+00 7.028841e-20 4.539145e-21
3.434252e+00 -1.610681e-20 4.477635e-21
3.434917e+00 1.001715e-20 4.791556e-21
3.435582e+00 2.578567e-20 4.741018e-21
3.436247e+00 3.766926e-21 4.305594e-21
3.436912e+00 1.199413e-20 4.501665e-21
3.437577e+00 2.490367e-20 4.804855e-21
3.438242e+00 3.694516e-20 4.779241e-21
3.438907e+00 9.822172e-21 4.453686e-21
3.439572e+00 4.963443e-20 4.927939e-21
3.440237e+00 2.818132e-20 4.686897e-21
3.440902e+00 1.477502e-20 4.674306e-21
3.441567e+00 3.265923e-20 4.631947e-21
3.442232e+00 4.202750e-20 4.688731e-21
3.442897e+00 9.156577e-20 4.356745e-21
3.443562e+00 5.814275e-20 4.551459e-21
3.444227e+00 5.078433e-20 4.809316e-21
3.444892e+00 2.313438e-20 4.550211e-21
3.445557e+00 3.629260e-20 4.124868e-21
3.446222e+00 1.306934e-20 4.778352e-21
3.446887e+00 3.713836e-20 4.747085e-21
3.447552e+00 2.090075e-20 4.747976e-21
3.448217e+00 2.795021e-20 4.479110e-21
3.448882e+00 3.416359e-20 4.683696e-21
3.449547e+00 3.592540e-20 4.618593e-21
3.450212e+00 4.261401e-20 4.315758e-21
3.450877e+00 1.545593e-20 4.807212e-21
3.451542e+00 5.740756e-20 6.342836e-21
3.452207e+00 7.769653e-20 7.982072e-21
3.452872e+00 1.764082e-20 8.173769e-21
3.453537e+00 2.829224e-20 4.465675e-21
3.454202e+00 1.210429e-20 4.439127e-21
3.454867e+00 -5.863897e-20 4.362529e-21
3.455532e+00 2.858953e-20 4.412629e-21
3.456197e+00 7.907360e-20 4.676525e-21
3.456862e+00 4.947128e-20 4.526650e-21
3.457527e+00 7.467869e-20 4.243799e-21
3.458192e+00 3.390208e-20 4.399974e-21
3.458857e+00 4.347482e-20 4.557881e-21
3.459522e+00 -2.368054e-21 5.280681e-21
3.460187e+00 3.596326e-20 4.342631e-21
3.460852e+00 5.504226e-20 4.223349e-21
3.461517e+00 2.727108e-20 5.180568e-21
3.462182e+00 3.849640e-20 4.442765e-21
3.462847e+00 6.017735e-20 4.216892e-21
3.463512e+00 6.761963e-20 4.654070e-21
3.464177e+00 -6.752692e-21 4.189264e-21
3.464842e+00 -2.398978e-21 4.556435e-21
3.465507e+00 9.042756e-20 4.445063e-21
3.466172e+00 3.315060e-20 4.273179e-21
3.466837e+00 3.988224e-20 4.191012e-21
3.467502e+00 9.124161e-20 4.394127e-21
3.468167e+00 6.665235e-20 4.359748e-21
3.468832e+00 6.708034e-20 4.427689e-21
3.469497e+00 6.728192e-20 4.457413e-21
3.470162e+00 4.329141e-20 4.307588e-21
3.470827e+00 3.878471e-20 4.781086e-21
3.471492e+00 6.878663e-20 5.142979e-21
3.472157e+00 2.982535e-20 4.357671e-21
3.472822e+00 3.658011e-20 4.363544e-21
3.473487e+00 2.822142e-20 4.350334e-21
3.474152e+00 3.105943e-20 4.794083e-21
3.474817e+00 5.881683e-20 4.616902e-21
3.475482e+00 4.899737e-20 4.586002e-21
3.476147e+00 7.278423e-20 4.483918e-21
3.476812e+00 4.028327e-20 4.218302e-21
3.477477e+00 2.751027e-20 4.696235e-21
3.478142e+00 4.528683e-20 8.323738e-21
3.478807e+00 7.158718e-20 1.027145e-20
3.479472e+00 1.312371e-20 9.913083e-21
3.480137e+00 -1.701022e-21 1.113881e-20
3.480802e+00 4.393686e-20 1.108310e-20
3.481467e+00 7.377303e-20 1.513673e-20
3.482132e+00 8.401166e-20 1.261213e-20
3.482797e+00 6.738043e-20 7.605043e-21
3.483462e+00 5.977468e-20 5.561669e-21
3.484127e+00 1.467268e-19 4.604385e-21
3.484792e+00 3.775988e-20 4.362648e-21
3.485457e+00 3.246410e-20 4.670609e-21
3.486122e+00 5.627225e-20 4.315160e-21
3.486787e+00 7.264048e-20 4.308204e-21
3.487452e+00 7.310303e-20 4.740304e-21
3.488117e+00 5.066539e-20 5.035128e-21
3.488782e+00 8.322934e-21 4.318258e-21
3.489447e+00 2.158770e-20 4.312289e-21
3.490112e+00 4.019144e-20 5.685744e-21
3.490777e+00 3.765249e-20 4.928970e-21
3.491442e+00 9.163461e-20 4.337251e-21
3.492107e+00 5.188927e-20 4.251643e-21
3.492772e+00 5.286092e-20 4.767614e-21
3.493437e+00 2.039143e-20 4.587344e-21
3.494102e+00 4.023890e-20 4.333725e-21
3.494767e+00 2.683497e-20 4.475891e-21
3.495432e+00 1.733002e-21 4.349984e-21
3.496097e+00 4.851805e-20 4.617496e-21
3.496762e+00 2.149406e-20 4.933692e-21
3.497427e+00 6.424554e-21 4.300444e-21
3.498092e+00 2.848748e-20 4.438556e-21
3.498757e+00 3.225850e-20 4.507847e-21
3.499422e+00 4.619080e-20 4.117071e-21
3.500087e+00 5.453668e-20 4.186558e-21
3.500752e+00 3.369049e-20 4.259236e-21
3.501417e+00 3.131506e-20 4.123192e-21
3.502082e+00 4.819895e-20 4.695376e-21
3.502747e+00 -7.932584e-21 4.731692e-21
3.503412e+00 7.629362e-22 4.642420e-21
3.504077e+00 1.509519e-20 5.225331e-21
3.504742e+00 4.188043e-20 4.568577e-21
3.505407e+00 9.128783e-20 4.537485e-21
3.506072e+00 5.890634e-20 4.734868e-21
3.506737e+00 5.022866e-20 4.465861e-21
3.507402e+00 9.617921e-20 4.493377e-21
3.508067e+00 6.938836e-20 4.179853e-21
3.508732e+00 1.125418e-19 5.232603e-21
3.509397e+00 1.628321e-20 6.150312e-21
3.510062e+00 -1.662181e-21 4.418529e-21
3.510727e+00 4.667579e-20 4.524334e-21
3.511392e+00 4.544396e-20 4.558977e-21
3.512057e+00 8.086375e-20 4.545740e-21
3.512722e+00 6.047899e-20 4.557664e-21
3.513387e+00 1.537003e-20 4.260294e-21
3.514052e+00 1.986271e-20 4.435559e-21
3.514717e+00 7.377663e-20 4.191529e-21
3.515382e+00 8.859080e-20 4.352751e-21
3.516047e+00 4.909748e-20 4.340948e-21
3.516712e+00 3.877543e-20 5.362649e-21
3.517377e+00 6.581450e-20 4.826716e-21
3.518042e+00 4.094368e-20 4.558121e-21
3.518707e+00 5.504800e-20 4.253601e-21
3.519372e+00 5.410042e-20 4.368151e-21
3.520037e+00 6.796818e-20 5.804601e-21
3.520702e+00 5.832113e-20 4.837837e-21
3.521367e+00 6.346692e-20 4.742761e-21
3.522032e+00 2.721841e-20 4.670265e-21
3.522697e+00 5.348880e-20 4.778093e-21
3.523362e+00 4.169477e-20 4.551397e-21
3.524027e+00 5.748083e-20 4.639870e-21
3.524692e+00 4.677525e-20 4.329467e-21
3.525357e+00 3.571589e-20 4.259404e-21
3.526022e+00 3.095381e-20 4.294041e-21
3.526687e+00 7.947925e-21 4.291222e-21
3.527352e+00 5.801315e-21 4.110037e-21
3.528017e+00 3.320642e-20 4.296262e-21
3.528682e+00 1.562587e-20 3.935061e-21
3.529347e+00 -1.446431e-20 4.421510e-21
3.530012e+00 1.572009e-20 4.056444e-21
3.530677e+00 2.832646e-20 4.277545e-21
3.531342e+00 1.447551e-20 4.239953e-21
3.532007e+00 -2.293596e-20 4.241227e-21
3.532672e+00 6.962020e-21 4.129212e-21
3.533337e+00 1.347978e-20 3.985237e-21
3.534002e+00 2.565117e-20 4.537083e-21
3.534667e+00 3.849990e-20 4.204469e-21
3.535332e+00 5.910272e-20 4.175702e-21
3.535997e+00 2.274791e-20 4.217193e-21
3.536662e+00 7.934941e-21 4.473895e-21
3.537327e+00 5.212835e-21 4.532196e-21
3.537992e+00 -1.432112e-21 4.115472e-21
3.538657e+00 3.939273e-21 4.319860e-21
3.539322e+00 6.029104e-20 4.549892e-21
3.539987e+00 6.286484e-20 4.311687e-21
3.540652e+00 5.652176e-20 4.548418e-21
3.541317e+00 3.606529e-20 4.584423e-21
3.541982e+00 2.451785e-20 4.400123e-21
3.542647e+00 7.929471e-20 4.541775e-21
3.543312e+00 2.631232e-20 3.678394e-21
3.543977e+00 4.569610e-20 4.269619e-21
3.544642e+00 6.262746e-20 4.414755e-21
3.545307e+00 5.976686e-20 4.411809e-21
3.545972e+00 4.071115e-20 1.250706e-20
3.546637e+00 6.227728e-20 1.047795e-20
3.547302e+00 6.565865e-20 5.217616e-21
3.547967e+00 6.659528e-20 4.630738e-21
3.548632e+00 4.491372e-20 4.505794e-21
3.549297e+00 5.873515e-20 4.591794e-21
3.549962e+00 4.384781e-20 4.430787e-21
3.550627e+00 3.983077e-20 4.436250e-21
3.551292e+00 7.085087e-20 4.442679e-21
3.551957e+00 5.240716e-20 4.382527e-21
3.552622e+00 2.637670e-20 4.363853e-21
3.553287e+00 1.609280e-20 4.469970e-21
3.553952e+00 1.303535e-20 4.193520e-21
3.554617e+00 4.042196e-20 4.325195e-21
3.555282e+00 3.143590e-20 4.748587e-21
3.555947e+00 4.172029e-20 4.441117e-21
3.556612e+00 3.363800e-20 4.303358e-21
3.557277e+00 4.504268e-20 4.886145e-21
3.557942e+00 2.062560e-20 4.475842e-21
3.558607e+00 7.191803e-20 4.574925e-21
3.559272e+00 3.191322e-20 4.353220e-21
3.559937e+00 9.320424e-21 4.235666e-21
3.560602e+00 2.218747e-20 4.105277e-21
3.561267e+00 8.234625e-20 4.275660e-21
3.561932e+00 8.870993e-20 4.192883e-21
3.562597e+00 1.393794e-19 4.393720e-21
3.563262e+00 5.073059e-20 4.297867e-21
3.563927e+00 2.791330e-20 4.310053e-21
3.564592e+00 1.763420e-20 4.343661e-21
3.565257e+00 4.439322e-20 5.056552e-21
3.565922e+00 7.748190e-20 4.900927e-21
3.566587e+00 6.315602e-20 4.272813e-21
3.567252e+00 5.402555e-20 4.577398e-21
3.567917e+00 1.614778e-20 4.357153e-21
3.568582e+00 2.310834e-21 4.171811e-21
3.569247e+00 7.259724e-20 4.160019e-21
3.569912e+00 5.782437e-20 4.396631e-21
3.570577e+00 2.970987e-20 4.257830e-21
3.571242e+00 3.740162e-20 4.776486e-21
3.571907e+00 3.133439e-20 4.481786e-21
3.572572e+00 1.441355e-20 4.280668e-21
3.573237e+00 4.394412e-21 4.131058e-21
3.573902e+00 1.677106e-20 4.485319e-21
3.574567e+00 2.054080e-20 4.528582e-21
3.575232e+00 8.815354e-20 4.389164e-21
3.575897e+00 9.244328e-20 4.397017e-21
3.576562e+00 3.297139e-20 4.221474e-21
3.577227e+00 2.616136e-20 3.955875e-21
3.577892e+00 1.737957e-20 4.228011e-21
3.578557e+00 5.765622e-20 4.536492e-21
3.579222e+00 3.926566e-20 4.423612e-21
3.579887e+00 4.580586e-20 4.672417e-21
3.580552e+00 5.238604e-20 4.381563e-21
3.581217e+00 1.465149e-20 4.442799e-21
3.581882e+00 3.085891e-20 4.595378e-21
3.582547e+00 -9.436285e-21 4.564577e-21
3.583212e+00 3.145020e-20 4.571402e-21
3.583877e+00 7.009292e-20 4.240719e-21
3.584542e+00 5.467325e-20 4.282599e-21
3.585207e+00 3.304215e-20 4.953292e-21
3.585872e+00 2.132403e-20 7.107924e-21
3.586537e+00 4.079484e-20 6.118460e-21
3.587202e+00 3.600533e-20 4.240648e-21
3.587867e+00 7.410262e-20 4.583886e-21
3.588532e+00 8.463207e-20 4.567237e-21
3.589197e+00 3.634953e-20 4.399563e-21
3.589862e+00 5.986221e-20 4.448047e-21
3.590527e+00 6.664963e-20 4.563457e-21
3.591192e+00 6.655344e-21 3.974984e-21
3.591857e+00 1.719808e-20 4.275697e-21
3.592522e+00 2.913742e-20 4.488983e-21
3.593187e+00 3.202669e-20 4.547155e-21
3.593852e+00 3.550517e-21 4.459760e-21
3.594517e+00 2.257361e-20 4.304400e-21
3.595182e+00 6.451849e-20 4.587812e-21
3.595847e+00 1.140572e-20 4.248118e-21
3.596512e+00 -1.858006e-20 5.017272e-21
3.597177e+00 -1.556905e-20 4.155455e-21
3.597842e+00 -1.998310e-20 4.200865e-21
3.598507e+00 6.154432e-20 4.355212e-21
3.599172e+00 5.219030e-20 3.940616e-21
3.599837e+00 8.953778e-20 4.515419e-21
3.600502e+00 4.061274e-20 4.407966e-21
3.601167e+00 7.499020e-20 4.491715e-21
3.601832e+00 2.577580e-20 4.308213e-21
3.602497e+00 6.205493e-20 5.562741e-21
3.603162e+00 6.169056e-20 9.278791e-21
3.603827e+00 7.888013e-20 4.496171e-21
3.604492e+00 5.670449e-20 4.489176e-21
3.605157e+00 5.427179e-20 4.372143e-21
3.605822e+00 3.947147e-20 4.207055e-21
3.606487e+00 5.500021e-20 4.088583e-21
3.607152e+00 5.308643e-20 4.334561e-21
3.607817e+00 4.415347e-20 4.112449e-21
3.608482e+00 4.048644e-20 6.186718e-21
3.609147e+00 6.729735e-20 5.869167e-21
3.609812e+00 4.834000e-20 5.561458e-21
3.610477e+00 1.709754e-21 4.136992e-21
3.611142e+00 8.545925e-21 4.065288e-21
3.611807e+00 4.897588e-20 4.260060e-21
3.612472e+00 3.055738e-20 4.588616e-21
3.613137e+00 6.017924e-20 3.829472e-21
3.613802e+00 1.085028e-20 3.969159e-21
3.614467e+00 2.325308e-20 4.128483e-21
3.615132e+00 5.270326e-20 4.283144e-21
3.615797e+00 2.663002e-20 4.607359e-21
3.616462e+00 3.379271e-20 5.310611e-21
3.617127e+00 2.497251e-20 5.782974e-21
3.617792e+00 1.938409e-20 4.264935e-21
3.618457e+00 1.545010e-20 4.686876e-21
3.619122e+00 -1.955313e-20 7.188542e-21
3.619787e+00 -8.957788e-21 8.761857e-21
3.620452e+00 -1.061223e-19 8.474882e-21
3.621117e+00 -1.029362e-19 7.544578e-21
3.621782e+00 2.494440e-20 4.289842e-21
3.622447e+00 7.589305e-20 4.495863e-21
3.623112e+00 7.994511e-20 4.415618e-21
3.623777e+00 5.077180e-20 4.079115e-21
3.624442e+00 2.059027e-20 4.465537e-21
3.625107e+00 2.072614e-20 4.396765e-21
3.625772e+00 5.410008e-20 4.492954e-21
3.626437e+00 4.380843e-20 4.537375e-21
3.627102e+00 -1.426631e-21 4.109799e-21
3.627767e+00 2.961610e-20 4.299645e-21
3.628432e+00 3.725385e-20 4.148854e-21
3.629097e+00 8.809833e-20 3.890198e-21
3.629762e+00 5.697201e-20 4.253518e-21
3.630427e+00 2.081191e-20 4.415935e-21
3.631092e+00 2.602959e-20 4.060052e-21
3.631757e+00 6.469781e-20 3.992483e-21
3.632422e+00 5.790159e-20 4.514344e-21
3.633087e+00 3.286015e-20 4.179636e-21
3.633752e+00 1.577349e-20 3.995208e-21
3.634417e+00 2.313111e-20 4.060826e-21
3.635082e+00 3.901312e-20 4.366369e-21
3.635747e+00 5.401801e-20 4.056443e-21
3.636412e+00 4.623055e-20 4.414032e-21
3.637077e+00 3.277669e-20 4.647907e-21
3.637742e+00 2.576312e-20 4.466228e-21
3.638407e+00 9.436647e-20 4.816980e-21
3.639072e+00 4.535239e-20 5.444249e-21
3.639737e+00 5.335015e-21 5.879111e-21
3.640402e+00 -7.699677e-21 6.328112e-21
3.641067e+00 2.609280e-20 5.231598e-21
3.641732e+00 6.428051e-20 4.349419e-21
3.642397e+00 4.043752e-20 4.112822e-21
3.643062e+00 5.597884e-20 4.284011e-21
3.643727e+00 5.664422e-20 4.117050e-21
3.644392e+00 3.563245e-20 4.442041e-21
3.645057e+00 5.079624e-20 4.174744e-21
3.645722e+00 5.455106e-20 4.132117e-21
3.646387e+00 4.050057e-20 4.042312e-21
3.647052e+00 2.000825e-20 4.132345e-21
3.647717e+00 3.385934e-20 4.194818e-21
3.648382e+00 2.783613e-20 4.364986e-21
3.649047e+00 5.474682e-21 4.340332e-21
3.649712e+00 5.776958e-20 4.184825e-21
3.650377e+00 3.832972e-20 4.281743e-21
3.651042e+00 4.158021e-20 4.371702e-21
3.651707e+00 6.702132e-20 4.109470e-21
3.652372e+00 4.898858e-21 4.059244e-21
3.653037e+00 2.719016e-20 4.295356e-21
3.653702e+00 7.095156e-21 3.946412e-21
3.654367e+00 4.654565e-20 4.503118e-21
3.655032e+00 9.270346e-20 4.196729e-21
3.655697e+00 4.851872e-20 4.210564e-21
3.656362e+00 3.642683e-20 3.960454e-21
3.657027e+00 6.022531e-20 3.967297e-21
3.657692e+00 3.422046e-20 4.590111e-21
3.658357e+00 2.741858e-20 4.016761e-21
3.659022e+00 4.375112e-20 4.096645e-21
3.659687e+00 9.149804e-21 4.368908e-21
3.660352e+00 2.759539e-20 4.409941e-21
3.661017e+00 4.888365e-20 4.068135e-21
3.661682e+00 1.008094e-19 6.499930e-21
3.662347e+00 1.940286e-20 6.457318e-21
3.663012e+00 2.470303e-20 5.523188e-21
3.663677e+00 5.086646e-20 4.278066e-21
3.664342e+00 8.811967e-21 3.960343e-21
3.665007e+00 3.683913e-20 3.955068e-21
3.665672e+00 7.662335e-20 4.246490e-21
3.666337e+00 3.129100e-20 4.339022e-21
3.667002e+00 2.394485e-20 4.332655e-21
3.667667e+00 3.105324e-20 4.376119e-21
3.668332e+00 5.825050e-20 4.436082e-21
3.668997e+00 3.439699e-20 4.286253e-21
3.669662e+00 2.355461e-20 4.453575e-21
3.670327e+00 2.613930e-20 4.382040e-21
3.670992e+00 4.733503e-20 3.946542e-21
3.671657e+00 1.961555e-20 4.039048e-21
3.672322e+00 2.137816e-20 4.013217e-21
3.672987e+00 6.201969e-20 4.275588e-21
3.673652e+00 6.146513e-20 4.094749e-21
3.674317e+00 5.159257e-20 4.498022e-21
3.674982e+00 2.029099e-20 3.922811e-21
3.675647e+00 5.338955e-20 4.222411e-21
3.676312e+00 3.242048e-20 4.145146e-21
3.676977e+00 -4.884706e-21 4.455568e-21
3.677642e+00 2.351118e-20 4.606190e-21
3.678307e+00 3.501361e-20 3.924566e-21
3.678972e+00 5.104488e-20 3.787071e-21
3.679637e+00 5.510288e-20 4.170601e-21
3.680302e+00 5.537758e-20 3.972145e-21
3.680967e+00 4.839757e-20 4.036748e-21
3.681632e+00 2.970875e-20 4.229496e-21
3.682297e+00 1.094595e-20 4.240240e-21
3.682962e+00 2.539185e-20 4.206623e-21
3.683627e+00 5.133610e-20 3.920818e-21
3.684292e+00 7.534096e-20 4.066226e-21
3.684957e+00 3.226330e-20 4.741191e-21
3.685622e+00 4.665905e-20 4.090501e-21
3.686287e+00 2.078102e-20 4.404408e-21
3.686952e+00 2.009529e-20 3.935443e-21
3.687617e+00 3.885648e-20 4.305748e-21
3.688282e+00 6.191768e-20 1.239389e-20
3.688947e+00 1.537180e-20 9.134512e-21
3.689612e+00 4.149963e-20 4.106766e-21
3.690277e+00 3.287531e-20 4.404929e-21
3.690942e+00 8.886746e-20 4.228477e-21
3.691607e+00 3.690353e-20 4.370385e-21
3.692272e+00 4.234915e-20 4.312465e-21
3.692937e+00 3.148652e-20 4.455017e-21
3.693602e+00 4.322034e-20 4.305982e-21
3.694267e+00 4.619377e-20 4.243907e-21
3.694932e+00 3.750370e-20 4.632714e-21
3.695597e+00 1.953624e-20 4.416784e-21
3.696262e+00 2.094176e-21 4.035412e-21
3.696927e+00 2.300928e-20 4.463668e-21
3.697592e+00 6.676261e-20 4.477337e-21
3.698257e+00 5.076955e-20 4.189762e-21
3.698922e+00 2.952538e-20 4.241626e-21
3.699587e+00 4.484731e-22 4.544920e-21
3.700252e+00 -1.400614e-20 4.244049e-21
3.700917e+00 2.678059e-20 5.343429e-21
3.701582e+00 2.673979e-20 5.262002e-21
3.702247e+00 5.248303e-20 6.132995e-21
3.702912e+00 5.043792e-20 4.848076e-21
3.703577e+00 3.115120e-20 4.041045e-21
3.704242e+00 2.131233e-20 4.312936e-21
3.704907e+00 1.072889e-20 4.060427e-21
3.705572e+00 3.568663e-20 3.753928e-21
3.706237e+00 7.531164e-20 4.031785e-21
3.706902e+00 6.586028e-20 4.226921e-21
3.707567e+00 6.453543e-20 4.321698e-21
3.708232e+00 4.591806e-20 4.395999e-21
3.708897e+00 4.735267e-20 4.106064e-21
3.709562e+00 5.761970e-20 4.182308e-21
3.710227e+00 5.975984e-20 3.805318e-21
3.710892e+00 3.722461e-20 3.952952e-21
3.711557e+00 1.613691e-20 3.950681e-21
3.712222e+00 5.396260e-20 4.234705e-21
3.712887e+00 5.230732e-20 4.082262e-21
3.713552e+00 2.367613e-20 4.335416e-21
3.714217e+00 1.317295e-20 4.833238e-21
3.714882e+00 3.891834e-21 4.051146e-21
3.715547e+00 3.731260e-20 4.374284e-21
3.716212e+00 4.178246e-20 4.437719e-21
3.716877e+00 2.438980e-20 4.352388e-21
3.717542e+00 3.525357e-20 4.022044e-21
3.718207e+00 4.076372e-20 3.291988e-20
3.718872e+00 7.328627e-20 5.485322e-21
3.719537e+00 4.295358e-20 3.826615e-21
3.720202e+00 4.042830e-20 4.476115e-21
3.720867e+00 3.286450e-20 4.855506e-21
3.721532e+00 7.729595e-20 4.291758e-21
3.722197e+00 6.950037e-20 4.440469e-21
3.722862e+00 5.103209e-20 4.275097e-21
3.723527e+00 5.537665e-20 4.499172e-21
3.724192e+00 5.772404e-20 5.112102e-21
3.724857e+00 6.056920e-20 4.594226e-21
3.725522e+00 4.649361e-20 4.429589e-21
3.726187e+00 3.002073e-20 3.913116e-21
3.726852e+00 5.413138e-20 4.029124e-21
3.727517e+00 6.361048e-20 4.332031e-21
3.728182e+00 1.837956e-20 4.479418e-21
3.728847e+00 3.771669e-20 5.905602e-21
3.729512e+00 3.195353e-20 6.088960e-21
3.730177e+00 4.488957e-20 4.211754e-21
3.730842e+00 2.145032e-20 4.114100e-21
3.731507e+00 1.069868e-20 4.509172e-21
3.732172e+00 1.955324e-20 4.901577e-21
3.732837e+00 2.593127e-20 4.649427e-21
3.733502e+00 7.187088e-21 4.509399e-21
3.734167e+00 3.616586e-20 4.151520e-21
3.734832e+00 2.617264e-20 4.019554e-21
3.735497e+00 5.282728e-20 4.161491e-21
3.736162e+00 8.425153e-21 3.941779e-21
3.736827e+00 2.603141e-20 4.411253e-21
3.737492e+00 -5.165786e-21 4.391496e-21
3.738157e+00 -1.261843e-20 4.031124e-21
3.738822e+00 4.726612e-20 4.044858e-21
3.739487e+00 4.143002e-20 4.629570e-21
3.740152e+00 5.253449e-20 5.473958e-21
3.740817e+00 5.099601e-20 5.510038e-21
3.741482e+00 5.842926e-20 5.794020e-21
3.742147e+00 3.497000e-20 4.197402e-21
3.742812e+00 5.123661e-20 4.621541e-21
3.743477e+00 5.441939e-20 4.109104e-21
3.744142e+00 2.333780e-20 4.106774e-21
3.744807e+00 5.044105e-20 4.071426e-21
3.745472e+00 2.785013e-20 4.189372e-21
3.746137e+00 7.881956e-20 4.554105e-21
3.746802e+00 8.845805e-20 4.491597e-21
3.747467e+00 5.407471e-20 3.949161e-21
3.748132e+00 6.351152e-20 4.061581e-21
3.748797e+00 7.150973e-20 4.734585e-21
3.749462e+00 7.061612e-20 3.955807e-21
3.750127e+00 4.041075e-20 4.160666e-21
3.750792e+00 2.741084e-20 4.118032e-21
3.751457e+00 8.611880e-20 3.790466e-21
3.752122e+00 2.451427e-20 4.518709e-21
3.752787e+00 4.392492e-20 4.082369e-21
3.753452e+00 2.812989e-20 3.838702e-21
3.754117e+00 7.985286e-20 3.924871e-21
3.754782e+00 3.413230e-20 3.806821e-21
3.755447e+00 2.591716e-20 3.964857e-21
3.756112e+00 7.665900e-20 4.326546e-21
3.756777e+00 5.754928e-20 4.139818e-21
3.757442e+00 2.226140e-20 4.423149e-21
3.758107e+00 1.457901e-20 4.263278e-21
3.758772e+00 3.493686e-20 4.160132e-21
3.759437e+00 5.438423e-20 4.327297e-21
3.760102e+00 7.551317e-20 4.187510e-21
3.760767e+00 3.547847e-20 3.607368e-21
3.761432e+00 4.408316e-20 3.992685e-21
3.762097e+00 3.720133e-20 4.382995e-21
3.762762e+00 4.439605e-20 4.102209e-21
3.763427e+00 6.800189e-20 3.794100e-21
3.764092e+00 2.917473e-20 3.861226e-21
3.764757e+00 6.340177e-20 3.841271e-21
3.765422e+00 1.086658e-19 3.853129e-21
3.766087e+00 6.441315e-20 4.352152e-21
3.766752e+00 5.903561e-20 6.858599e-21
3.767417e+00 8.569252e-20 6.410137e-21
3.768082e+00 1.421981e-19 7.323411e-21
3.768747e+00 2.893031e-20 6.124937e-21
3.769412e+00 3.254069e-20 4.295374e-21
3.770077e+00 3.795539e-20 3.896726e-21
3.770742e+00 4.981527e-20 4.008958e-21
3.771407e+00 4.682859e-20 4.249617e-21
3.772072e+00 -2.429789e-22 4.660450e-21
3.772737e+00 4.991933e-20 4.315910e-21
3.773402e+00 2.328464e-20 4.318790e-21
3.774067e+00 4.264650e-21 4.375542e-21
3.774732e+00 3.230272e-20 4.053030e-21
3.775397e+00 2.385380e-20 3.944190e-21
3.776062e+00 5.991632e-21 4.102250e-21
3.776727e+00 2.933627e-20 3.909600e-21
3.777392e+00 7.027217e-20 4.322616e-21
3.778057e+00 7.014954e-20 4.654726e-21
3.778722e+00 6.901784e-20 4.261429e-21
3.779387e+00 4.222320e-20 4.513345e-21
3.780052e+00 4.252229e-20 4.062728e-21
3.780717e+00 1.429717e-20 3.993505e-21
3.781382e+00 5.780386e-20 4.045607e-21
3.782047e+00 4.712623e-20 4.105421e-21
3.782712e+00 2.214768e-20 4.168988e-21
3.783377e+00 4.481266e-21 4.265964e-21
3.784042e+00 3.555743e-20 4.287289e-21
3.784707e+00 6.123783e-20 3.911375e-21
3.785372e+00 -2.754923e-20 4.519104e-21
3.786037e+00 1.833645e-20 4.235096e-21
3.786702e+00 4.705538e-20 4.194108e-21
3.787367e+00 5.532937e-20 4.297910e-21
3.788032e+00 5.136628e-20 3.991247e-21
3.788697e+00 1.143613e-20 4.071122e-21
3.789362e+00 4.561546e-20 3.966013e-21
3.790027e+00 7.761139e-20 3.932413e-21
3.790692e+00 7.377124e-20 4.048953e-21
3.791357e+00 1.219777e-20 4.105440e-21
3.792022e+00 -1.347536e-20 3.882981e-21
3.792687e+00 1.963246e-20 4.252961e-21
3.793352e+00 2.754232e-20 4.076111e-21
3.794017e+00 3.497214e-20 3.957697e-21
3.794682e+00 5.482444e-20 4.017775e-21
3.795347e+00 4.082245e-20 3.859536e-21
3.796012e+00 3.726831e-20 3.929595e-21
3.796677e+00 3.942653e-20 3.918222e-21
3.797342e+00 5.787684e-20 4.259247e-21
3.798007e+00 6.570086e-20 3.998067e-21
3.798672e+00 2.913848e-20 4.263690e-21
3.799337e+00 8.199943e-20 3.949767e-21
3.800002e+00 3.977934e-20 4.154985e-21
3.800667e+00 5.483190e-20 4.024244e-21
3.801332e+00 6.442045e-20 3.964757e-21
3.801997e+00 5.446837e-20 3.774153e-21
3.802662e+00 7.057142e-21 4.050004e-21
3.803327e+00 1.993319e-20 4.143388e-21
3.803992e+00 4.960034e-20 3.663912e-21
3.804657e+00 4.116756e-20 3.855917e-21
3.805322e+00 3.900944e-20 3.832997e-21
3.805987e+00 -4.941552e-22 4.156035e-21
3.806652e+00 2.856299e-20 4.039412e-21
3.807317e+00 1.792537e-20 3.986975e-21
3.807982e+00 4.155158e-20 3.878381e-21
3.808647e+00 7.918877e-20 3.835154e-21
3.809312e+00 4.941737e-20 3.997433e-21
3.809977e+00 4.831813e-20 3.926253e-21
3.810642e+00 2.538959e-20 3.864594e-21
3.811307e+00 6.337014e-20 4.028131e-21
3.811972e+00 6.155833e-20 4.145412e-21
3.812637e+00 6.144928e-20 3.894961e-21
3.813302e+00 3.089138e-20 3.775303e-21
3.813967e+00 7.591550e-20 4.435033e-21
3.814632e+00 5.665908e-20 4.058750e-21
3.815297e+00 7.342596e-20 4.164603e-21
3.815962e+00 7.289315e-20 4.022019e-21
3.816627e+00 6.985320e-20 4.123383e-21
3.817292e+00 7.066582e-20 4.184070e-21
3.817957e+00 6.344949e-20 4.061640e-21
3.818622e+00 5.357789e-20 4.584059e-21
3.819287e+00 7.448731e-20 4.067355e-21
3.819952e+00 1.025662e-19 4.322080e-21
3.820617e+00 7.744410e-20 4.426835e-21
3.821282e+00 4.278889e-20 4.352971e-21
3.821947e+00 5.886403e-20 4.572508e-21
3.822612e+00 6.601615e-20 4.321784e-21
3.823277e+00 6.841319e-20 4.113086e-21
3.823942e+00 7.987173e-20 4.449057e-21
3.824607e+00 5.162309e-20 4.197840e-21
3.825272e+00 5.370840e-20 3.966609e-21
3.825937e+00 5.623253e-20 4.347828e-21
3.826602e+00 2.679498e-20 5.774036e-21
3.827267e+00 1.552048e-21 3.922087e-21
3.827932e+00 1.930604e-20 4.345110e-21
3.828597e+00 5.769170e-20 3.993152e-21
3.829262e+00 2.385955e-20 4.168610e-21
3.829927e+00 2.663734e-20 4.016378e-21
3.830592e+00 -5.319523e-21 4.025936e-21
3.831257e+00 1.721580e-20 4.262011e-21
3.831922e+00 1.129192e-20 4.280634e-21
3.832587e+00 4.812102e-20 4.083526e-21
3.833252e+00 2.543942e-20 3.880989e-21
3.833917e+00 1.862046e-20 3.899276e-21
3.834582e+00 5.005813e-20 3.944801e-21
3.835247e+00 5.212485e-20 3.864921e-21
3.835912e+00 1.027251e-20 3.906688e-21
3.836577e+00 3.804707e-20 4.082902e-21
3.837242e+00 1.327033e-20 3.649116e-21
3.837907e+00 4.513821e-20 4.137359e-21
3.838572e+00 8.070200e-20 4.286251e-21
3.839237e+00 2.414368e-20 4.284156e-21
3.839902e+00 3.873116e-20 8.325328e-21
3.840567e+00 3.747377e-20 5.627252e-21
3.841232e+00 7.641430e-20 3.732343e-21
3.841897e+00 1.406439e-20 4.153849e-21
3.842562e+00 -6.127374e-21 3.568432e-21
3.843227e+00 4.630976e-20 3.749486e-21
3.843892e+00 5.815920e-20 4.194811e-21
3.844557e+00 1.558748e-20 4.057780e-21
3.845222e+00 4.550283e-20 3.976084e-21
3.845887e+00 4.788702e-20 3.753407e-21
3.846552e+00 1.696473e-20 4.015845e-21
3.847217e+00 5.128138e-20 3.612710e-21
3.847882e+00 3.223958e-20 3.933535e-21
3.848547e+00 3.875724e-20 3.905288e-21
3.849212e+00 1.258256e-20 3.888426e-21
3.849877e+00 4.326241e-20 4.183264e-21
3.850542e+00 3.804425e-20 3.807255e-21
3.851207e+00 5.032106e-20 3.904296e-21
3.851872e+00 7.351747e-20 4.067046e-21
3.852537e+00 4.609596e-20 4.013007e-21
3.853202e+00 3.838968e-20 3.954809e-21
3.853867e+00 3.501892e-20 3.851062e-21
3.854532e+00 5.755190e-20 3.857982e-21
3.855197e+00 7.048449e-20 4.005951e-21
3.855862e+00 6.095429e-20 3.814616e-21
3.856527e+00 1.017957e-19 4.232784e-21
3.857192e+00 1.092405e-19 4.729561e-21
3.857857e+00 3.545015e-20 4.216905e-21
3.858522e+00 7.710014e-20 4.026848e-21
3.859187e+00 5.072625e-20 4.201112e-21
3.859852e+00 5.697799e-21 4.318591e-21
3.860517e+00 3.059357e-20 4.240741e-21
3.861182e+00 4.777449e-20 4.213983e-21
3.861847e+00 5.310656e-21 4.278496e-21
3.862512e+00 2.339685e-20 3.881699e-21
3.863177e+00 4.401602e-20 3.732332e-21
3.863842e+00 2.110760e-20 3.984039e-21
3.864507e+00 7.231923e-20 3.621717e-21
3.865172e+00 4.157440e-20 3.877985e-21
3.865837e+00 2.826797e-20 3.899884e-21
3.866502e+00 3.455366e-20 4.055485e-21
3.867167e+00 3.145382e-20 3.933735e-21
3.867832e+00 6.532072e-20 3.711236e-21
3.868497e+00 3.848265e-20 4.625544e-21
3.869162e+00 4.238156e-20 4.142047e-21
3.869827e+00 4.046446e-20 4.113990e-21
3.870492e+00 3.063386e-20 4.169681e-21
3.871157e+00 3.622713e-20 4.051084e-21
3.871822e+00 5.018196e-20 4.044526e-21
3.872487e+00 5.344467e-20 4.094821e-21
3.873152e+00 3.837841e-20 4.033529e-21
3.873817e+00 5.203190e-20 4.329285e-21
3.874482e+00 7.012951e-20 3.820667e-21
3.875147e+00 7.052816e-20 4.226052e-21
3.875812e+00 9.442878e-20 4.098936e-21
3.876477e+00 6.547500e-20 4.361203e-21
3.877142e+00 4.533403e-20 4.335631e-21
3.877807e+00 3.117950e-20 4.429238e-21
3.878472e+00 2.992187e-21 4.206143e-21
3.879137e+00 6.953431e-20 4.319501e-21
3.879802e+00 8.393711e-20 4.291256e-21
3.880467e+00 9.688452e-20 4.446192e-21
3.881132e+00 2.940008e-20 4.262535e-21
3.881797e+00 4.834375e-20 4.175088e-21
3.882462e+00 1.777852e-20 3.940613e-21
3.883127e+00 2.447385e-20 4.161455e-21
3.883792e+00 2.492021e-20 4.265222e-21
3.884457e+00 1.182256e-20 4.122133e-21
3.885122e+00 4.436010e-20 4.155119e-21
3.885787e+00 6.515685e-20 3.909776e-21
3.886452e+00 8.951899e-20 3.705615e-21
3.887117e+00 5.851983e-20 4.160286e-21
3.887782e+00 6.277783e-20 4.544523e-21
3.888447e+00 8.443318e-20 3.744024e-21
3.889112e+00 1.077023e-19 3.817062e-21
3.889777e+00 8.263460e-20 3.985026e-21
3.890442e+00 5.952521e-20 4.322986e-21
3.891107e+00 5.506046e-20 4.455148e-21
3.891772e+00 3.800616e-20 3.967958e-21
3.892437e+00 6.762439e-20 4.784356e-21
3.893102e+00 6.596043e-20 4.188122e-21
3.893767e+00 9.719986e-20 4.327926e-21
3.894432e+00 9.525171e-20 4.154573e-21
3.895097e+00 6.817593e-20 4.104525e-21
3.895762e+00 1.659309e-20 4.502618e-21
3.896427e+00 1.501538e-20 4.498136e-21
3.897092e+00 3.442751e-20 4.944408e-21
3.897757e+00 3.828994e-20 5.175987e-21
3.898422e+00 2.075581e-20 6.986666e-21
3.899087e+00 3.979671e-20 4.280704e-21
3.899752e+00 4.286656e-20 3.639443e-21
3.900417e+00 7.064461e-20 4.374694e-21
3.901082e+00 1.064033e-20 3.972296e-21
3.901747e+00 3.051272e-20 3.675616e-21
3.902412e+00 7.155481e-20 3.792405e-21
3.903077e+00 8.287511e-20 3.757040e-21
3.903742e+00 6.177455e-20 3.900362e-21
3.904407e+00 3.941014e-20 4.378149e-21
3.905072e+00 2.071674e-20 4.097770e-21
3.905737e+00 3.072747e-20 3.799980e-21
3.906402e+00 5.014276e-20 3.750171e-21
3.907067e+00 4.726860e-20 3.974958e-21
3.907732e+00 4.461974e-20 3.866336e-21
3.908397e+00 8.388592e-20 3.942613e-21
3.909062e+00 3.998170e-20 3.981705e-21
3.909727e+00 6.183015e-20 3.855214e-21
3.910392e+00 4.820281e-20 3.889088e-21
3.911057e+00 9.190671e-20 4.043703e-21
3.911722e+00 7.218945e-20 4.269392e-21
3.912387e+00 5.712720e-20 4.219186e-21
3.913052e+00 3.364172e-20 4.324440e-21
3.913717e+00 4.009416e-20 4.149513e-21
3.914382e+00 4.834041e-20 4.368768e-21
3.915047e+00 5.188758e-20 3.969958e-21
3.915712e+00 1.510385e-20 3.955844e-21
3.916377e+00 6.033361e-20 4.427785e-21
3.917042e+00 5.972280e-20 4.511942e-21
3.917707e+00 1.035339e-19 4.391460e-21
3.918372e+00 8.221850e-20 4.256380e-21
3.919037e+00 7.436230e-20 4.492041e-21
3.919702e+00 5.714679e-21 4.191068e-21
3.920367e+00 3.311057e-20 4.273659e-21
3.921032e+00 5.796451e-20 4.318493e-21
3.921697e+00 2.982748e-20 4.159625e-21
3.922362e+00 5.035524e-20 4.210024e-21
3.923027e+00 6.318791e-20 3.956219e-21
3.923692e+00 4.602385e-20 4.193039e-21
3.924357e+00 8.948236e-20 4.257230e-21
3.925022e+00 5.961987e-20 4.352691e-21
3.925687e+00 8.927431e-20 4.233184e-21
3.926352e+00 1.195286e-19 4.063308e-21
3.927017e+00 7.738215e-20 4.242189e-21
3.927682e+00 7.915484e-20 4.484025e-21
3.928347e+00 6.641243e-20 4.440379e-21
3.929012e+00 7.624347e-20 1.568115e-20
3.929677e+00 8.476988e-20 1.890533e-20
3.930342e+00 7.913403e-20 4.335270e-21
3.931007e+00 1.239680e-19 4.423980e-21
3.931672e+00 1.562803e-19 4.164578e-21
3.932337e+00 1.313282e-19 8.963505e-21
3.933002e+00 5.317948e-20 4.495509e-21
3.933667e+00 5.442405e-20 5.628469e-21
3.934332e+00 5.610780e-20 4.722123e-21
3.934997e+00 1.886840e-19 4.208244e-21
3.935662e+00 5.604672e-20 3.983157e-21
3.936327e+00 6.148055e-20 4.188163e-21
3.936992e+00 3.580603e-20 4.234690e-21
3.937657e+00 2.163183e-20 3.803839e-21
3.938322e+00 5.740082e-20 4.377232e-21
3.938987e+00 5.846753e-20 4.515382e-21
3.939652e+00 5.637523e-20 4.462461e-21
3.940317e+00 4.401397e-20 4.127670e-21
3.940982e+00 3.668096e-20 4.123389e-21
3.941647e+00 2.299744e-20 4.410284e-21
3.942312e+00 4.009306e-20 4.013453e-21
3.942977e+00 5.414213e-20 3.766970e-21
3.943642e+00 5.856735e-20 3.579415e-21
3.944307e+00 8.472657e-21 4.175523e-21
3.944972e+00 -2.186742e-20 3.907732e-21
3.945637e+00 -5.137355e-21 3.961911e-21
3.946302e+00 2.763102e-20 3.899729e-21
3.946967e+00 6.423355e-20 3.937049e-21
3.947632e+00 9.839712e-20 3.726722e-21
3.948297e+00 3.032982e-20 4.112258e-21
3.948962e+00 3.697023e-20 4.329238e-21
3.949627e+00 4.681533e-20 4.801178e-21
3.950292e+00 7.157194e-20 5.520131e-21
3.950957e+00 2.418690e-20 4.359372e-21
3.951622e+00 4.762286e-20 4.706742e-21
3.952287e+00 5.057949e-20 4.013580e-21
3.952952e+00 3.526304e-20 4.066884e-21
3.953617e+00 1.531347e-20 4.072888e-21
3.954282e+00 1.401410e-20 4.095261e-21
3.954947e+00 1.308792e-20 4.115402e-21
3.955612e+00 2.889605e-20 4.131715e-21
3.956277e+00 1.566358e-20 3.937468e-21
3.956942e+00 4.196796e-20 3.862342e-21
3.957607e+00 3.322496e-20 4.013382e-21
3.958272e+00 3.478390e-20 3.714805e-21
3.958937e+00 3.064040e-20 3.926662e-21
3.959602e+00 1.280562e-20 4.240131e-21
3.960267e+00 -1.764506e-20 4.224463e-21
3.960932e+00 1.882552e-20 4.258092e-21
3.961597e+00 3.336363e-21 4.317347e-21
3.962262e+00 2.291916e-20 3.814706e-21
3.962927e+00 6.114716e-20 3.674154e-21
3.963592e+00 4.661339e-20 3.888635e-21
3.964257e+00 4.648724e-20 4.440453e-21
3.964922e+00 7.323750e-20 2.249127e-20
3.965587e+00 5.789201e-20 6.770931e-20
3.966252e+00 5.823436e-20 1.040070e-20
3.966917e+00 3.047399e-20 4.000540e-21
3.967582e+00 1.628562e-20 3.947385e-21
3.968247e+00 2.515130e-21 3.990634e-21
3.968912e+00 -2.143026e-20 3.838789e-21
3.969577e+00 3.338140e-20 3.766104e-21
3.970242e+00 4.971972e-20 3.993229e-21
3.970907e+00 2.622661e-20 3.801079e-21
3.971572e+00 2.310036e-20 4.052833e-21
3.972237e+00 4.361182e-20 4.194193e-21
3.972902e+00 5.032343e-20 4.386968e-21
3.973567e+00 4.281419e-20 4.627801e-21
3.974232e+00 -6.435544e-21 5.011987e-21
3.974897e+00 1.987514e-20 6.399008e-21
3.975562e+00 1.015958e-20 4.260083e-21
3.976227e+00 2.042889e-20 4.147410e-21
3.976892e+00 -1.900684e-21 3.941520e-21
3.977557e+00 -1.253569e-20 3.869569e-21
3.978222e+00 4.641073e-20 3.868895e-21
3.978887e+00 2.456580e-20 4.125458e-21
3.979552e+00 4.397511e-20 4.285074e-21
3.980217e+00 5.575633e-20 4.071787e-21
3.980882e+00 9.398888e-20 3.713444e-21
3.981547e+00 6.083350e-20 4.525461e-21
3.982212e+00 1.793787e-20 3.906148e-21
3.982877e+00 5.006216e-20 4.275353e-21
3.983542e+00 6.474889e-20 3.874956e-21
3.984207e+00 6.453458e-20 4.059960e-21
3.984872e+00 3.628694e-20 4.014505e-21
3.985537e+00 3.268843e-20 4.344082e-21
3.986202e+00 3.381260e-20 4.210693e-21
3.986867e+00 7.470483e-20 4.114100e-21
3.987532e+00 7.860828e-20 3.828727e-21
3.988197e+00 2.315407e-20 3.899989e-21
3.988862e+00 6.566697e-20 4.067408e-21
3.989527e+00 5.946571e-20 4.075221e-21
3.990192e+00 3.774199e-20 3.959456e-21
3.990857e+00 1.343987e-20 3.810451e-21
3.991522e+00 4.315229e-20 3.981215e-21
3.992187e+00 4.057199e-20 6.704075e-21
3.992852e+00 1.611935e-20 7.551141e-21
3.993517e+00 6.676351e-21 4.284841e-21
3.994182e+00 7.053638e-21 4.051469e-21
3.994847e+00 2.463491e-20 5.019778e-21
3.995512e+00 4.317953e-20 3.884188e-21
3.996177e+00 1.384145e-20 4.375757e-21
3.996842e+00 5.920307e-20 3.779112e-21
3.997507e+00 6.000954e-20 3.723483e-21
3.998172e+00 5.815748e-20 3.894260e-21
3.998837e+00 1.002802e-19 4.798363e-21
3.999502e+00 1.097689e-19 1.206451e-20
4.000167e+00 4.005954e-20 1.147478e-20
4.000832e+00 1.344705e-19 1.291138e-20
4.001497e+00 8.419122e-20 1.593637e-20
4.002162e+00 6.067433e-20 3.970735e-21
4.002827e+00 3.980134e-20 3.744557e-21
4.003492e+00 4.116269e-20 4.025900e-21
4.004157e+00 4.395527e-20 3.580183e-21
4.004822e+00 6.701388e-20 3.733643e-21
4.005487e+00 6.349763e-20 3.871487e-21
4.006152e+00 3.387510e-20 3.615104e-21
4.006817e+00 1.825762e-20 3.785818e-21
4.007482e+00 2.830868e-20 3.888479e-21
4.008147e+00 3.019601e-20 3.964193e-21
4.008812e+00 1.865609e-20 3.697389e-21
4.009477e+00 2.624866e-20 3.997717e-21
4.010142e+00 5.049083e-20 3.884022e-21
4.010807e+00 2.122401e-20 3.960876e-21
4.011472e+00 1.579856e-20 3.889404e-21
4.012137e+00 3.695844e-20 1.041290e-20
4.012802e+00 3.887068e-20 4.787891e-20
4.013467e+00 5.391778e-20 5.794542e-20
4.014132e+00 5.608542e-20 6.534386e-20
4.014797e+00 6.526934e-20 3.699328e-21
4.015462e+00 1.479463e-20 3.907499e-21
4.016127e+00 2.103658e-20 4.115842e-21
4.016792e+00 1.764100e-21 4.129636e-21
4.017457e+00 -1.277652e-20 4.355608e-21
4.018122e+00 1.035112e-20 4.229774e-21
4.018787e+00 3.087928e-20 4.591864e-21
4.019452e+00 2.742289e-20 4.877961e-21
4.020117e+00 7.888197e-20 5.632511e-21
4.020782e+00 4.567692e-20 5.736440e-21
4.021447e+00 2.699171e-20 6.034560e-21
4.022112e+00 2.109065e-20 6.269587e-21
4.022777e+00 -1.432346e-20 7.605353e-21
4.023442e+00 9.823298e-21 6.633776e-21
4.024107e+00 3.347814e-20 6.597722e-21
4.024772e+00 8.570765e-20 6.614992e-21
4.025437e+00 7.399817e-20 6.438433e-21
4.026102e+00 1.091423e-20 6.048850e-21
4.026767e+00 1.360687e-20 6.433383e-21
4.027432e+00 2.213501e-21 1.034219e-20
4.028097e+00 -3.913748e-20 1.208534e-20
4.028762e+00 -2.095679e-21 1.147315e-20
4.029427e+00 1.025516e-20 7.545525e-21
4.030092e+00 -2.552937e-20 8.705769e-21
4.030757e+00 nan nan
4.031422e+00 nan nan
4.032087e+00 nan nan
4.032752e+00 nan nan
4.033417e+00 nan nan
4.034082e+00 nan nan
4.034747e+00 nan nan
4.035412e+00 nan nan
4.036077e+00 nan nan
4.036742e+00 nan nan
4.037407e+00 nan nan
4.038072e+00 nan nan
4.038737e+00 nan nan
4.039402e+00 nan nan
4.040067e+00 nan nan
4.040732e+00 nan nan
4.041397e+00 nan nan
4.042062e+00 nan nan
4.042727e+00 nan nan
4.043392e+00 nan nan
4.044057e+00 nan nan
4.044722e+00 nan nan
4.045387e+00 nan nan
4.046052e+00 nan nan
4.046717e+00 nan nan
4.047382e+00 nan nan
4.048047e+00 nan nan
4.048712e+00 nan nan
4.049377e+00 nan nan
4.050042e+00 nan nan
4.050707e+00 nan nan
4.051372e+00 nan nan
4.052037e+00 nan nan
4.052702e+00 nan nan
4.053367e+00 nan nan
4.054032e+00 nan nan
4.054697e+00 nan nan
4.055362e+00 nan nan
4.056027e+00 nan nan
4.056692e+00 nan nan
4.057357e+00 nan nan
4.058022e+00 nan nan
4.058687e+00 nan nan
4.059352e+00 nan nan
4.060017e+00 nan nan
4.060682e+00 nan nan
4.061347e+00 nan nan
4.062012e+00 nan nan
4.062677e+00 nan nan
4.063342e+00 nan nan
4.064007e+00 nan nan
4.064672e+00 nan nan
4.065337e+00 nan nan
4.066002e+00 nan nan
4.066667e+00 nan nan
4.067332e+00 nan nan
4.067997e+00 nan nan
4.068662e+00 nan nan
4.069327e+00 nan nan
4.069992e+00 nan nan
4.070657e+00 nan nan
4.071322e+00 nan nan
4.071987e+00 nan nan
4.072652e+00 nan nan
4.073317e+00 nan nan
4.073982e+00 nan nan
4.074647e+00 nan nan
4.075312e+00 nan nan
4.075977e+00 nan nan
4.076642e+00 nan nan
4.077307e+00 nan nan
4.077972e+00 nan nan
4.078637e+00 nan nan
4.079302e+00 nan nan
4.079967e+00 nan nan
4.080632e+00 nan nan
4.081297e+00 nan nan
4.081962e+00 nan nan
4.082627e+00 nan nan
4.083292e+00 nan nan
4.083957e+00 nan nan
4.084622e+00 nan nan
4.085287e+00 nan nan
4.085952e+00 nan nan
4.086617e+00 nan nan
4.087282e+00 nan nan
4.087947e+00 nan nan
4.088612e+00 nan nan
4.089277e+00 nan nan
4.089942e+00 nan nan
4.090607e+00 nan nan
4.091272e+00 nan nan
4.091937e+00 nan nan
4.092602e+00 nan nan
4.093267e+00 nan nan
4.093932e+00 nan nan
4.094597e+00 nan nan
4.095262e+00 nan nan
4.095927e+00 nan nan
4.096592e+00 nan nan
4.097257e+00 nan nan
4.097922e+00 nan nan
4.098587e+00 nan nan
4.099252e+00 nan nan
4.099917e+00 nan nan
4.100582e+00 nan nan
4.101247e+00 nan nan
4.101912e+00 nan nan
4.102577e+00 nan nan
4.103242e+00 nan nan
4.103907e+00 nan nan
4.104572e+00 nan nan
4.105237e+00 nan nan
4.105902e+00 nan nan
4.106567e+00 nan nan
4.107232e+00 nan nan
4.107897e+00 nan nan
4.108562e+00 nan nan
4.109227e+00 nan nan
4.109892e+00 nan nan
4.110557e+00 nan nan
4.111222e+00 nan nan
4.111887e+00 nan nan
4.112552e+00 nan nan
4.113217e+00 nan nan
4.113882e+00 nan nan
4.114547e+00 nan nan
4.115212e+00 nan nan
4.115877e+00 nan nan
4.116542e+00 nan nan
4.117207e+00 nan nan
4.117872e+00 nan nan
4.118537e+00 nan nan
4.119202e+00 nan nan
4.119867e+00 nan nan
4.120532e+00 nan nan
4.121197e+00 nan nan
4.121862e+00 nan nan
4.122527e+00 nan nan
4.123192e+00 nan nan
4.123857e+00 nan nan
4.124522e+00 nan nan
4.125187e+00 nan nan
4.125852e+00 nan nan
4.126517e+00 nan nan
4.127182e+00 nan nan
4.127847e+00 nan nan
4.128512e+00 nan nan
4.129177e+00 nan nan
4.129842e+00 nan nan
4.130507e+00 nan nan
4.131172e+00 nan nan
4.131837e+00 nan nan
4.132502e+00 nan nan
4.133167e+00 nan nan
4.133832e+00 nan nan
4.134497e+00 nan nan
4.135162e+00 nan nan
4.135827e+00 nan nan
4.136492e+00 nan nan
4.137157e+00 nan nan
4.137822e+00 nan nan
4.138487e+00 nan nan
4.139152e+00 nan nan
4.139817e+00 nan nan
4.140482e+00 nan nan
4.141147e+00 nan nan
4.141812e+00 nan nan
4.142477e+00 nan nan
4.143142e+00 nan nan
4.143807e+00 nan nan
4.144472e+00 nan nan
4.145137e+00 nan nan
4.145802e+00 nan nan
4.146467e+00 nan nan
4.147132e+00 nan nan
4.147797e+00 nan nan
4.148462e+00 nan nan
4.149127e+00 nan nan
4.149792e+00 nan nan
4.150457e+00 nan nan
4.151122e+00 nan nan
4.151787e+00 nan nan
4.152452e+00 nan nan
4.153117e+00 nan nan
4.153782e+00 nan nan
4.154447e+00 nan nan
4.155112e+00 nan nan
4.155777e+00 nan nan
4.156442e+00 nan nan
4.157107e+00 nan nan
4.157772e+00 nan nan
4.158437e+00 nan nan
4.159102e+00 nan nan
4.159767e+00 nan nan
4.160432e+00 nan nan
4.161097e+00 nan nan
4.161762e+00 nan nan
4.162427e+00 2.381270e-20 1.277860e-20
4.163092e+00 2.663419e-20 9.711962e-21
4.163757e+00 -2.484643e-20 8.775159e-21
4.164422e+00 3.201065e-20 8.449596e-21
4.165087e+00 4.105725e-20 9.524718e-21
4.165752e+00 2.444564e-20 8.197885e-21
4.166417e+00 2.518505e-20 7.350802e-21
4.167082e+00 2.248179e-20 7.456448e-21
4.167747e+00 8.415113e-20 1.370162e-20
4.168412e+00 3.886378e-20 8.522915e-21
4.169077e+00 3.064887e-20 8.716593e-21
4.169742e+00 1.497874e-20 7.449624e-21
4.170407e+00 4.440250e-20 8.518157e-21
4.171072e+00 1.212912e-19 1.216028e-20
4.171737e+00 5.496548e-20 8.255343e-21
4.172402e+00 -4.992363e-21 7.178064e-21
4.173067e+00 -3.044910e-20 7.171794e-21
4.173732e+00 3.109259e-20 8.598003e-21
4.174397e+00 4.757869e-20 7.612023e-21
4.175062e+00 8.814310e-21 7.205642e-21
4.175727e+00 7.284886e-21 7.284838e-21
4.176392e+00 2.181537e-20 7.306070e-21
4.177057e+00 -5.343247e-20 7.224312e-21
4.177722e+00 4.666226e-20 7.700768e-21
4.178387e+00 4.415488e-20 7.056922e-21
4.179052e+00 5.422534e-20 8.923771e-21
4.179717e+00 3.360324e-20 7.984206e-21
4.180382e+00 5.882810e-21 9.260212e-21
4.181047e+00 -6.399971e-21 6.739241e-21
4.181712e+00 3.529833e-20 7.000173e-21
4.182377e+00 -1.951985e-21 6.667695e-21
4.183042e+00 6.074071e-20 6.875621e-21
4.183707e+00 -1.154499e-20 6.113590e-21
4.184372e+00 -4.497647e-20 6.553107e-21
4.185037e+00 -3.729699e-20 1.245753e-20
4.185702e+00 4.307762e-21 7.015345e-21
4.186367e+00 1.330081e-20 1.092282e-20
4.187032e+00 3.082100e-20 6.679278e-21
4.187697e+00 2.974119e-20 5.172426e-21
4.188362e+00 -2.494263e-22 5.528956e-21
4.189027e+00 4.972462e-20 5.609157e-21
4.189692e+00 4.584313e-20 4.666656e-21
4.190357e+00 1.870593e-21 5.002891e-21
4.191022e+00 4.319400e-20 5.293005e-21
4.191687e+00 6.852915e-21 4.784403e-21
4.192352e+00 1.733182e-20 4.793802e-21
4.193017e+00 3.653449e-20 5.024421e-21
4.193682e+00 4.312129e-20 5.019968e-21
4.194347e+00 2.953563e-20 5.133105e-21
4.195012e+00 6.518514e-20 4.749596e-21
4.195677e+00 8.670172e-20 4.904002e-21
4.196342e+00 5.884545e-20 5.085511e-21
4.197007e+00 3.574177e-20 4.839992e-21
4.197672e+00 -5.299026e-20 5.613528e-21
4.198337e+00 7.445187e-21 5.197105e-21
4.199002e+00 3.431071e-21 5.039438e-21
4.199667e+00 6.323220e-20 5.556367e-21
4.200332e+00 2.577016e-20 5.105020e-21
4.200997e+00 6.112351e-21 5.072842e-21
4.201662e+00 2.811159e-20 5.495172e-21
4.202327e+00 5.705053e-20 5.220530e-21
4.202992e+00 3.476495e-20 5.038185e-21
4.203657e+00 5.644290e-21 5.256026e-21
4.204322e+00 -4.757633e-20 5.496298e-21
4.204987e+00 8.857731e-20 5.370483e-21
4.205652e+00 7.241043e-20 4.850165e-21
4.206317e+00 -1.334867e-20 5.565944e-21
4.206982e+00 -1.413585e-20 4.943245e-21
4.207647e+00 2.002581e-20 5.325379e-21
4.208312e+00 6.152083e-20 5.512981e-21
4.208977e+00 2.526623e-20 5.449025e-21
4.209642e+00 4.068519e-20 5.769692e-21
4.210307e+00 4.256819e-21 5.316657e-21
4.210972e+00 4.266453e-20 5.411115e-21
4.211637e+00 3.371657e-20 5.850718e-21
4.212302e+00 -5.467427e-22 5.574274e-21
4.212967e+00 8.911571e-21 5.580778e-21
4.213632e+00 3.564179e-20 5.294960e-21
4.214297e+00 8.136674e-20 5.180003e-21
4.214962e+00 -1.118804e-20 6.183772e-21
4.215627e+00 -1.077959e-21 5.650609e-21
4.216292e+00 3.729835e-20 5.722325e-21
4.216957e+00 3.460291e-20 6.170826e-21
4.217622e+00 6.659118e-20 6.330820e-21
4.218287e+00 5.605227e-20 5.870452e-21
4.218952e+00 -9.931949e-21 5.147505e-21
4.219617e+00 -4.124197e-20 5.361804e-21
4.220282e+00 2.016850e-20 5.430820e-21
4.220947e+00 7.822625e-20 5.170633e-21
4.221612e+00 3.981825e-20 5.409957e-21
4.222277e+00 6.859207e-20 5.524482e-21
4.222942e+00 6.588071e-20 5.262332e-21
4.223607e+00 1.263354e-20 5.293719e-21
4.224272e+00 2.488134e-20 5.449399e-21
4.224937e+00 6.821322e-21 5.577763e-21
4.225602e+00 1.492393e-20 5.104713e-21
4.226267e+00 2.477002e-20 5.321739e-21
4.226932e+00 1.938397e-20 5.338945e-21
4.227597e+00 3.672770e-20 5.051809e-21
4.228262e+00 1.678663e-20 4.943694e-21
4.228927e+00 3.457856e-20 5.299535e-21
4.229592e+00 2.116849e-20 5.725168e-21
4.230257e+00 1.117228e-20 5.393728e-21
4.230922e+00 2.037080e-20 4.904297e-21
4.231587e+00 -4.786515e-20 5.219440e-21
4.232252e+00 -1.065583e-20 5.348577e-21
4.232917e+00 2.808516e-20 5.431673e-21
4.233582e+00 3.391277e-20 1.241063e-20
4.234247e+00 -5.516270e-21 9.220084e-21
4.234912e+00 2.341675e-20 5.575419e-21
4.235577e+00 -6.451403e-21 5.380697e-21
4.236242e+00 3.374808e-20 7.216210e-21
4.236907e+00 5.631818e-20 6.127789e-21
4.237572e+00 3.746897e-20 5.255838e-21
4.238237e+00 3.328606e-20 5.286302e-21
4.238902e+00 -1.800046e-20 5.787917e-21
4.239567e+00 2.605981e-20 6.412784e-21
4.240232e+00 6.136452e-20 7.085139e-21
4.240897e+00 6.667707e-20 6.513716e-21
4.241562e+00 2.398191e-20 5.203691e-21
4.242227e+00 2.169158e-20 5.527865e-21
4.242892e+00 -1.335596e-20 5.690947e-21
4.243557e+00 -3.705919e-20 6.027916e-21
4.244222e+00 5.101296e-20 6.024010e-21
4.244887e+00 9.924133e-20 6.082564e-21
4.245552e+00 9.729873e-20 6.639996e-21
4.246217e+00 7.362674e-20 5.768007e-21
4.246882e+00 -1.875665e-20 6.497389e-21
4.247547e+00 -3.567010e-21 5.556446e-21
4.248212e+00 3.371006e-20 5.531223e-21
4.248877e+00 -3.396675e-20 5.589613e-21
4.249542e+00 5.634465e-21 5.920951e-21
4.250207e+00 -5.658600e-21 5.258289e-21
4.250872e+00 1.660520e-20 5.391883e-21
4.251537e+00 1.938245e-20 5.455949e-21
4.252202e+00 2.798452e-20 6.415997e-21
4.252867e+00 9.883665e-22 5.868776e-21
4.253532e+00 1.677235e-20 5.580024e-21
4.254197e+00 9.252185e-20 5.695991e-21
4.254862e+00 3.421129e-20 5.963859e-21
4.255527e+00 9.644646e-21 5.820560e-21
4.256192e+00 6.749952e-20 1.178142e-20
4.256857e+00 5.425055e-20 1.502914e-20
4.257522e+00 -7.157330e-22 9.761580e-21
4.258187e+00 6.843554e-21 5.542113e-21
4.258852e+00 3.465597e-20 5.627998e-21
4.259517e+00 -2.202643e-20 5.662683e-21
4.260182e+00 2.901271e-20 5.620741e-21
4.260847e+00 9.992219e-20 5.955107e-21
4.261512e+00 9.745960e-21 5.568047e-21
4.262177e+00 3.742766e-22 6.100128e-21
4.262842e+00 4.739686e-20 6.645979e-21
4.263507e+00 5.663499e-20 5.995849e-21
4.264172e+00 -1.166984e-21 5.293429e-21
4.264837e+00 1.145427e-20 6.227303e-21
4.265502e+00 -9.010193e-21 6.140139e-21
4.266167e+00 -4.563378e-21 6.653834e-21
4.266832e+00 2.855852e-21 6.518798e-21
4.267497e+00 1.064619e-20 6.742334e-21
4.268162e+00 3.729575e-21 6.255421e-21
4.268827e+00 1.763426e-20 5.466716e-21
4.269492e+00 5.377432e-20 6.961913e-21
4.270157e+00 7.440632e-20 8.451379e-21
4.270822e+00 5.203823e-20 8.083918e-21
4.271487e+00 4.388696e-20 6.817833e-21
4.272152e+00 -7.498141e-20 5.812922e-21
4.272817e+00 3.537272e-20 5.877214e-21
4.273482e+00 4.326946e-20 6.260644e-21
4.274147e+00 2.247137e-20 5.717399e-21
4.274812e+00 1.237438e-20 5.963091e-21
4.275477e+00 6.492385e-20 5.990532e-21
4.276142e+00 7.350923e-20 5.938245e-21
4.276807e+00 8.673268e-20 5.827551e-21
4.277472e+00 6.193893e-20 5.698891e-21
4.278137e+00 2.296054e-20 5.660047e-21
4.278802e+00 6.573624e-21 6.278324e-21
4.279467e+00 -4.302069e-21 5.956598e-21
4.280132e+00 -8.604586e-21 6.159040e-21
4.280797e+00 2.166255e-21 5.708026e-21
4.281462e+00 4.496985e-20 6.235221e-21
4.282127e+00 1.232819e-19 6.451853e-21
4.282792e+00 8.615333e-20 5.721347e-21
4.283457e+00 3.532166e-20 6.048012e-21
4.284122e+00 2.264841e-20 7.529051e-21
4.284787e+00 2.370892e-20 5.798777e-21
4.285452e+00 -4.268484e-20 8.618095e-21
4.286117e+00 1.761963e-21 6.275323e-21
4.286782e+00 3.205537e-20 6.387171e-21
4.287447e+00 7.100005e-21 5.917027e-21
4.288112e+00 -2.162442e-20 5.904034e-21
4.288777e+00 3.615029e-20 6.157507e-21
4.289442e+00 8.069831e-21 5.831939e-21
4.290107e+00 -3.482795e-20 6.500101e-21
4.290772e+00 -1.665474e-20 5.451325e-21
4.291437e+00 -5.317321e-20 5.261192e-21
4.292102e+00 4.693794e-20 5.122037e-21
4.292767e+00 3.060389e-21 5.094333e-21
4.293432e+00 -2.026453e-20 6.132378e-21
4.294097e+00 1.266996e-20 6.009721e-21
4.294762e+00 -2.113617e-20 5.717711e-21
4.295427e+00 4.668265e-21 5.885788e-21
4.296092e+00 4.151416e-20 5.761026e-21
4.296757e+00 4.592410e-20 5.652287e-21
4.297422e+00 3.109651e-20 5.993706e-21
4.298087e+00 8.905707e-22 5.802429e-21
4.298752e+00 1.540798e-20 6.060191e-21
4.299417e+00 1.257015e-20 6.160572e-21
4.300082e+00 -1.401082e-20 5.526275e-21
4.300747e+00 -2.487920e-20 6.363900e-21
4.301412e+00 5.272443e-20 6.421933e-21
4.302077e+00 1.206378e-19 6.400426e-20
4.302742e+00 7.063744e-20 1.859594e-20
4.303407e+00 4.392827e-20 1.031837e-20
4.304072e+00 3.963475e-20 6.166246e-21
4.304737e+00 3.556646e-20 6.088369e-21
4.305402e+00 -2.374325e-20 5.349023e-21
4.306067e+00 3.557835e-20 5.105713e-21
4.306732e+00 2.524966e-20 5.208572e-21
4.307397e+00 2.961601e-20 5.797129e-21
4.308062e+00 3.222446e-20 5.440060e-21
4.308727e+00 -2.541544e-20 6.340257e-21
4.309392e+00 8.729976e-22 5.838934e-21
4.310057e+00 -3.945070e-20 5.762877e-21
4.310722e+00 -4.035130e-20 5.280711e-21
4.311387e+00 1.155725e-20 5.237556e-21
4.312052e+00 5.634370e-20 5.411474e-21
4.312717e+00 9.415927e-20 5.532095e-21
4.313382e+00 4.232919e-20 5.723288e-21
4.314047e+00 3.943057e-20 5.771405e-21
4.314712e+00 3.256242e-20 5.731035e-21
4.315377e+00 5.274188e-20 5.402465e-21
4.316042e+00 4.296450e-20 7.172873e-21
4.316707e+00 -8.142247e-21 5.761476e-21
4.317372e+00 1.147140e-21 5.296114e-21
4.318037e+00 7.186118e-20 5.766792e-21
4.318702e+00 6.504278e-20 5.588769e-21
4.319367e+00 5.952368e-20 5.753811e-21
4.320032e+00 6.881943e-20 5.357503e-21
4.320697e+00 3.547625e-20 5.769474e-21
4.321362e+00 1.225745e-20 6.468581e-21
4.322027e+00 -7.229762e-21 5.403621e-21
4.322692e+00 -2.298617e-20 5.637350e-21
4.323357e+00 5.795427e-22 5.673460e-21
4.324022e+00 4.940586e-20 5.114153e-21
4.324687e+00 -1.991661e-21 5.429653e-21
4.325352e+00 -2.077580e-23 5.513690e-21
4.326017e+00 -2.355631e-20 5.310896e-21
4.326682e+00 6.110721e-21 6.349188e-21
4.327347e+00 -4.129102e-20 5.940945e-21
4.328012e+00 -1.374622e-20 5.299770e-21
4.328677e+00 5.896134e-20 5.632346e-21
4.329342e+00 1.755990e-20 6.452107e-21
4.330007e+00 1.986981e-20 5.584028e-21
4.330672e+00 -4.458686e-20 5.415147e-21
4.331337e+00 -2.466206e-20 6.292765e-21
4.332002e+00 -1.260128e-20 5.634846e-21
4.332667e+00 3.623261e-20 6.753723e-21
4.333332e+00 4.320801e-20 5.853441e-21
4.333997e+00 -1.955526e-21 6.137964e-21
4.334662e+00 -6.136095e-21 5.481066e-21
4.335327e+00 3.570302e-21 5.875523e-21
4.335992e+00 5.799633e-21 5.509208e-21
4.336657e+00 2.444121e-20 5.281362e-21
4.337322e+00 3.215781e-20 5.214782e-21
4.337987e+00 1.742609e-20 5.675964e-21
4.338652e+00 -2.436608e-23 5.815659e-21
4.339317e+00 8.614001e-21 5.914877e-21
4.339982e+00 -1.091273e-20 5.510677e-21
4.340647e+00 7.773986e-20 5.433988e-21
4.341312e+00 6.520729e-21 6.611495e-21
4.341977e+00 -6.926823e-21 6.400939e-21
4.342642e+00 9.847792e-22 5.868018e-21
4.343307e+00 4.893140e-20 5.571564e-21
4.343972e+00 3.782348e-20 7.694190e-21
4.344637e+00 8.649541e-20 1.337507e-20
4.345302e+00 5.061871e-20 1.247849e-20
4.345967e+00 1.719557e-19 1.311665e-20
4.346632e+00 1.150953e-19 6.181438e-21
4.347297e+00 9.127641e-20 7.508098e-21
4.347962e+00 4.728837e-20 6.196314e-21
4.348627e+00 7.171042e-21 6.229831e-21
4.349292e+00 5.267639e-21 5.535335e-21
4.349957e+00 -5.566063e-20 5.470353e-21
4.350622e+00 -7.387455e-20 5.777752e-21
4.351287e+00 2.850637e-20 5.843023e-21
4.351952e+00 3.484576e-20 5.744549e-21
4.352617e+00 -1.941215e-21 5.504729e-21
4.353282e+00 9.627747e-21 5.975573e-21
4.353947e+00 -5.569401e-22 5.547712e-21
4.354612e+00 1.346055e-22 6.062914e-21
4.355277e+00 -4.153758e-21 6.634600e-21
4.355942e+00 -5.498874e-21 6.359388e-21
4.356607e+00 4.179821e-20 6.542573e-21
4.357272e+00 8.093898e-20 6.656294e-21
4.357937e+00 5.773992e-20 6.011323e-21
4.358602e+00 3.115819e-20 6.697291e-21
4.359267e+00 3.749277e-20 6.665262e-21
4.359932e+00 9.685044e-20 6.022513e-21
4.360597e+00 6.650103e-20 5.524402e-21
4.361262e+00 2.835127e-20 5.431191e-21
4.361927e+00 -9.500557e-21 5.830854e-21
4.362592e+00 1.715645e-20 6.522680e-21
4.363257e+00 -2.919174e-20 5.679296e-21
4.363922e+00 -2.751965e-21 5.720109e-21
4.364587e+00 4.875030e-20 5.980965e-21
4.365252e+00 5.604359e-20 6.063832e-21
4.365917e+00 2.071558e-20 5.538734e-21
4.366582e+00 -2.216403e-20 5.726398e-21
4.367247e+00 9.457349e-20 5.296484e-21
4.367912e+00 3.218757e-20 5.692784e-21
4.368577e+00 1.703031e-20 5.113774e-21
4.369242e+00 1.114820e-20 6.175265e-21
4.369907e+00 2.571418e-20 6.564345e-21
4.370572e+00 4.416855e-20 6.575431e-21
4.371237e+00 4.080918e-20 5.927573e-21
4.371902e+00 4.225967e-20 6.972472e-21
4.372567e+00 7.992382e-20 8.047576e-21
4.373232e+00 7.591775e-20 5.464106e-21
4.373897e+00 -1.227058e-20 6.290329e-21
4.374562e+00 3.734345e-20 7.160632e-21
4.375227e+00 5.297075e-20 5.632873e-21
4.375892e+00 -1.634494e-20 5.659777e-21
4.376557e+00 2.403128e-21 5.627645e-21
4.377222e+00 1.689038e-20 6.658289e-21
4.377887e+00 6.665519e-20 5.790815e-21
4.378552e+00 1.065007e-19 5.642555e-21
4.379217e+00 3.809864e-20 6.886990e-21
4.379882e+00 3.757332e-20 5.854919e-21
4.380547e+00 1.198816e-20 5.928457e-21
4.381212e+00 -2.328218e-21 5.658178e-21
4.381877e+00 6.386940e-21 6.250062e-21
4.382542e+00 -2.943107e-21 5.715997e-21
4.383207e+00 1.243455e-20 6.086312e-21
4.383872e+00 5.243754e-20 5.551577e-21
4.384537e+00 8.013441e-22 5.462616e-21
4.385202e+00 1.387483e-21 5.544980e-21
4.385867e+00 1.365797e-20 5.556399e-21
4.386532e+00 3.447732e-20 6.411881e-21
4.387197e+00 3.870883e-20 6.175723e-21
4.387862e+00 4.678483e-20 6.743161e-21
4.388527e+00 4.727324e-20 7.211406e-21
4.389192e+00 2.735525e-20 5.391924e-21
4.389857e+00 6.763591e-20 6.628291e-21
4.390522e+00 4.669254e-20 6.130086e-21
4.391187e+00 5.873720e-20 1.070118e-20
4.391852e+00 1.181382e-20 5.993556e-21
4.392517e+00 6.152922e-20 5.491123e-21
4.393182e+00 5.461855e-20 6.344424e-21
4.393847e+00 6.649296e-20 6.218760e-21
4.394512e+00 6.891789e-20 5.695720e-21
4.395177e+00 1.198200e-20 5.879262e-21
4.395842e+00 4.780326e-21 6.500251e-21
4.396507e+00 2.670563e-20 6.070650e-21
4.397172e+00 9.434357e-20 6.653467e-21
4.397837e+00 8.200046e-22 6.525540e-21
4.398502e+00 1.503289e-20 5.344398e-21
4.399167e+00 5.541003e-20 6.112045e-21
4.399832e+00 2.298672e-20 5.602865e-21
4.400497e+00 4.808419e-20 5.852572e-21
4.401162e+00 3.820092e-20 5.520682e-21
4.401827e+00 3.223850e-20 5.214621e-21
4.402492e+00 3.029240e-20 5.166288e-21
4.403157e+00 1.662964e-20 5.917456e-21
4.403822e+00 3.104686e-20 5.764695e-21
4.404487e+00 1.444007e-20 5.899658e-21
4.405152e+00 3.107193e-21 7.096285e-21
4.405817e+00 2.302794e-20 6.042995e-21
4.406482e+00 2.199279e-20 6.034807e-21
4.407147e+00 8.829417e-21 6.410643e-21
4.407812e+00 4.910394e-20 6.091917e-21
4.408477e+00 3.877478e-20 6.131531e-21
4.409142e+00 1.554343e-20 5.796786e-21
4.409807e+00 7.006256e-20 5.975504e-21
4.410472e+00 4.516857e-20 5.841257e-21
4.411137e+00 4.452336e-21 5.891665e-21
4.411802e+00 8.955770e-20 6.141397e-21
4.412467e+00 3.208650e-20 6.205038e-21
4.413132e+00 5.295610e-20 5.869676e-21
4.413797e+00 7.493928e-20 6.214971e-21
4.414462e+00 5.561518e-20 6.115014e-21
4.415127e+00 3.092667e-20 6.106831e-21
4.415792e+00 2.239576e-20 6.452705e-21
4.416457e+00 9.353870e-20 9.614445e-21
4.417122e+00 7.442535e-20 6.075846e-21
4.417787e+00 9.791746e-20 5.840826e-21
4.418452e+00 2.715331e-20 5.661901e-21
4.419117e+00 1.841544e-20 5.993199e-21
4.419782e+00 3.948511e-20 6.363923e-21
4.420447e+00 1.041286e-19 5.848184e-21
4.421112e+00 4.888093e-20 5.652578e-21
4.421777e+00 3.639802e-20 6.063718e-21
4.422442e+00 -5.003944e-21 5.868610e-21
4.423107e+00 4.304945e-20 5.961294e-21
4.423772e+00 2.834286e-20 5.369494e-21
4.424437e+00 7.054915e-20 6.178239e-21
4.425102e+00 2.221032e-20 5.621505e-21
4.425767e+00 4.593858e-20 6.081218e-21
4.426432e+00 1.494744e-20 5.985100e-21
4.427097e+00 -4.208655e-20 6.039729e-21
4.427762e+00 4.455916e-21 5.495468e-21
4.428427e+00 -7.702273e-21 5.661221e-21
4.429092e+00 -1.691418e-20 6.258436e-21
4.429757e+00 -2.194298e-20 6.412351e-21
4.430422e+00 -3.043510e-20 5.791855e-21
4.431087e+00 -1.542796e-20 5.947691e-21
4.431752e+00 1.004155e-20 5.722115e-21
4.432417e+00 6.913123e-20 5.782323e-21
4.433082e+00 1.055976e-19 6.375986e-21
4.433747e+00 6.793312e-20 5.988135e-21
4.434412e+00 3.743135e-20 5.970695e-21
4.435077e+00 1.170748e-21 6.228538e-21
4.435742e+00 6.546754e-21 6.448606e-21
4.436407e+00 7.950105e-20 6.974584e-21
4.437072e+00 4.818944e-20 6.378114e-21
4.437737e+00 2.661146e-20 6.092706e-21
4.438402e+00 5.905585e-20 6.190532e-21
4.439067e+00 4.025732e-21 5.848629e-21
4.439732e+00 -5.924376e-21 3.333142e-20
4.440397e+00 3.017863e-20 7.833180e-21
4.441062e+00 2.359587e-20 3.196691e-20
4.441727e+00 4.822949e-20 7.246357e-21
4.442392e+00 4.356892e-20 5.758396e-21
4.443057e+00 -3.516690e-21 5.566495e-21
4.443722e+00 1.662458e-20 1.909414e-20
4.444387e+00 6.763938e-22 1.023075e-19
4.445052e+00 1.890186e-20 6.151686e-21
4.445717e+00 7.183247e-20 6.746363e-21
4.446382e+00 -8.475012e-25 5.762472e-21
4.447047e+00 2.768200e-20 6.005098e-21
4.447712e+00 9.445760e-20 6.171669e-21
4.448377e+00 1.756203e-20 6.028978e-21
4.449042e+00 -2.238438e-21 5.624882e-21
4.449707e+00 -7.342808e-20 6.896481e-21
4.450372e+00 -4.845072e-20 6.636388e-21
4.451037e+00 -5.117341e-20 6.274016e-21
4.451702e+00 5.230996e-20 6.110282e-21
4.452367e+00 4.595578e-20 6.066800e-21
4.453032e+00 -1.515322e-20 5.954922e-21
4.453697e+00 -2.062080e-20 6.222761e-21
4.454362e+00 3.885151e-20 6.240961e-21
4.455027e+00 6.380079e-20 7.286781e-21
4.455692e+00 3.351756e-20 6.021046e-21
4.456357e+00 2.366951e-20 5.777481e-21
4.457022e+00 5.202927e-20 5.635564e-21
4.457687e+00 3.897946e-20 5.843816e-21
4.458352e+00 4.246845e-20 5.408586e-21
4.459017e+00 2.592989e-20 6.623423e-21
4.459682e+00 4.506485e-20 5.744466e-21
4.460347e+00 1.078207e-20 5.746989e-21
4.461012e+00 1.677449e-21 6.064808e-21
4.461677e+00 2.845190e-20 5.760112e-21
4.462342e+00 1.068451e-20 6.033161e-21
4.463007e+00 2.010750e-20 6.245185e-21
4.463672e+00 4.743556e-20 6.834865e-21
4.464337e+00 1.666699e-20 6.734399e-21
4.465002e+00 -5.761829e-20 7.326674e-21
4.465667e+00 3.249225e-20 1.055274e-20
4.466332e+00 7.636369e-20 8.853152e-21
4.466997e+00 3.848536e-20 7.804878e-21
4.467662e+00 6.729902e-20 6.675175e-21
4.468327e+00 5.398098e-20 6.700126e-21
4.468992e+00 4.951641e-20 7.582351e-21
4.469657e+00 1.056877e-20 5.963122e-21
4.470322e+00 5.872009e-20 5.939280e-21
4.470987e+00 4.452568e-21 6.717331e-21
4.471652e+00 1.328087e-20 6.174638e-21
4.472317e+00 4.035841e-20 6.080057e-21
4.472982e+00 5.543930e-20 6.366920e-21
4.473647e+00 3.599500e-21 5.872804e-21
4.474312e+00 -4.661579e-22 5.824831e-21
4.474977e+00 -3.846886e-20 8.841994e-21
4.475642e+00 -3.141519e-20 6.079720e-21
4.476307e+00 5.700612e-21 6.058452e-21
4.476972e+00 -6.188905e-22 6.343227e-21
4.477637e+00 2.575879e-20 5.707404e-21
4.478302e+00 -3.637226e-20 1.010553e-20
4.478967e+00 -4.877574e-20 7.180636e-21
4.479632e+00 -3.458133e-21 5.912698e-21
4.480297e+00 -2.851405e-20 7.131248e-21
4.480962e+00 8.010931e-21 6.494482e-21
4.481627e+00 4.644429e-20 6.613491e-21
4.482292e+00 5.932581e-22 9.449372e-21
4.482957e+00 -1.258967e-20 6.197250e-21
4.483622e+00 7.241354e-21 6.100962e-21
4.484287e+00 4.644027e-20 5.954036e-21
4.484952e+00 2.784464e-20 6.868886e-21
4.485617e+00 3.228038e-20 5.964234e-21
4.486282e+00 -1.691383e-20 5.721643e-21
4.486947e+00 3.067002e-20 6.630419e-21
4.487612e+00 8.464286e-20 6.381501e-21
4.488277e+00 -1.518339e-20 7.041065e-21
4.488942e+00 7.281585e-20 7.617414e-21
4.489607e+00 6.708834e-20 5.975136e-21
4.490272e+00 -6.759015e-21 6.097865e-21
4.490937e+00 -9.317914e-21 6.347280e-21
4.491602e+00 -2.263783e-22 6.309479e-21
4.492267e+00 -7.670129e-21 6.706683e-21
4.492932e+00 5.884529e-20 7.563593e-21
4.493597e+00 5.314621e-20 6.883280e-21
4.494262e+00 7.237256e-20 9.245147e-21
4.494927e+00 6.643917e-20 6.811866e-21
4.495592e+00 4.311626e-20 6.873820e-21
4.496257e+00 8.452231e-20 6.462460e-21
4.496922e+00 9.760648e-20 5.910940e-21
4.497587e+00 5.672308e-20 6.245068e-21
4.498252e+00 1.656766e-20 6.830338e-21
4.498917e+00 -3.901938e-20 6.391883e-21
4.499582e+00 -2.679856e-20 6.127842e-21
4.500247e+00 4.574623e-20 6.338583e-21
4.500912e+00 2.337097e-20 5.992409e-21
4.501577e+00 5.078370e-20 6.174069e-21
4.502242e+00 6.967586e-20 7.012212e-21
4.502907e+00 4.129685e-20 6.763386e-21
4.503572e+00 4.820804e-20 6.571642e-21
4.504237e+00 8.006136e-20 6.502481e-21
4.504902e+00 4.162991e-20 6.286967e-21
4.505567e+00 -1.083581e-20 6.029367e-21
4.506232e+00 -2.250941e-20 6.180257e-21
4.506897e+00 1.394594e-20 6.086490e-21
4.507562e+00 7.215011e-20 5.416151e-21
4.508227e+00 2.706395e-20 6.143301e-21
4.508892e+00 3.147603e-21 6.486199e-21
4.509557e+00 1.286552e-20 6.515409e-21
4.510222e+00 3.632027e-20 6.435092e-21
4.510887e+00 3.583409e-20 6.867194e-21
4.511552e+00 -3.316024e-21 6.336489e-21
4.512217e+00 1.486037e-20 6.188617e-21
4.512882e+00 2.789303e-20 6.094254e-21
4.513547e+00 4.443462e-20 5.537820e-21
4.514212e+00 2.612288e-20 6.082246e-21
4.514877e+00 7.913657e-20 6.135837e-21
4.515542e+00 1.082296e-19 6.132692e-21
4.516207e+00 5.325609e-20 5.795640e-21
4.516872e+00 6.203804e-21 6.674210e-21
4.517537e+00 2.828915e-20 5.947738e-21
4.518202e+00 2.129494e-20 5.857528e-21
4.518867e+00 2.481985e-21 6.657378e-21
4.519532e+00 4.792321e-20 6.771089e-21
4.520197e+00 -2.826123e-20 7.139300e-21
4.520862e+00 3.305244e-20 6.184924e-21
4.521527e+00 4.438370e-21 6.553548e-21
4.522192e+00 -9.344032e-21 1.359722e-20
4.522857e+00 7.685094e-20 2.159694e-20
4.523522e+00 -5.340317e-21 8.997908e-21
4.524187e+00 -3.326264e-20 6.102798e-21
4.524852e+00 7.689123e-22 6.311953e-21
4.525517e+00 4.052243e-20 6.436357e-21
4.526182e+00 4.545544e-20 6.670668e-21
4.526847e+00 5.376422e-20 6.253311e-21
4.527512e+00 3.421734e-20 6.070857e-21
4.528177e+00 6.569117e-21 6.075982e-21
4.528842e+00 5.241004e-20 5.926368e-21
4.529507e+00 2.222590e-20 6.372484e-21
4.530172e+00 1.584842e-20 6.432928e-21
4.530837e+00 2.005922e-20 6.402330e-21
4.531502e+00 1.950172e-20 6.828968e-21
4.532167e+00 5.244201e-20 6.529161e-21
4.532832e+00 5.531676e-20 6.128322e-21
4.533497e+00 9.565149e-20 6.887261e-21
4.534162e+00 3.444602e-20 5.802960e-21
4.534827e+00 1.462709e-20 6.296230e-21
4.535492e+00 1.018636e-20 6.313931e-21
4.536157e+00 4.702821e-20 6.257856e-21
4.536822e+00 2.061381e-20 5.890020e-21
4.537487e+00 2.563467e-20 6.325156e-21
4.538152e+00 9.344249e-20 5.749373e-21
4.538817e+00 5.727161e-20 6.147184e-21
4.539482e+00 8.845197e-20 6.155201e-21
4.540147e+00 1.717548e-20 5.542929e-21
4.540812e+00 -1.272915e-20 5.932648e-21
4.541477e+00 -3.125832e-21 6.047331e-21
4.542142e+00 1.210522e-20 8.493562e-21
4.542807e+00 2.944531e-20 7.475699e-21
4.543472e+00 5.061572e-20 8.499874e-21
4.544137e+00 -4.645936e-20 7.674313e-21
4.544802e+00 3.112994e-20 6.068014e-21
4.545467e+00 -9.838660e-21 5.779034e-21
4.546132e+00 4.019788e-20 5.627678e-21
4.546797e+00 3.791022e-20 8.174606e-21
4.547462e+00 3.200205e-21 6.120716e-21
4.548127e+00 -2.728823e-20 5.716606e-21
4.548792e+00 2.415514e-20 6.067608e-21
4.549457e+00 8.800399e-20 6.212862e-21
4.550122e+00 3.351083e-20 6.168918e-21
4.550787e+00 2.645978e-20 6.384663e-21
4.551452e+00 1.552230e-20 5.988114e-21
4.552117e+00 5.181315e-20 6.004893e-21
4.552782e+00 -4.424833e-20 6.426088e-21
4.553447e+00 5.543562e-21 6.297773e-21
4.554112e+00 5.486030e-20 5.959803e-21
4.554777e+00 9.071643e-20 5.955872e-21
4.555442e+00 5.124243e-20 5.838015e-21
4.556107e+00 2.060951e-20 6.107652e-21
4.556772e+00 3.354222e-20 6.389272e-21
4.557437e+00 -2.888167e-21 6.027897e-21
4.558102e+00 -3.084313e-20 6.314575e-21
4.558767e+00 4.880372e-20 6.456440e-21
4.559432e+00 -8.036327e-21 6.057618e-21
4.560097e+00 1.281478e-20 6.734018e-21
4.560762e+00 7.927694e-21 6.216553e-21
4.561427e+00 2.093708e-20 7.047716e-21
4.562092e+00 4.721857e-20 8.830309e-21
4.562757e+00 -1.374781e-20 7.744391e-21
4.563422e+00 1.873225e-20 6.412019e-21
4.564087e+00 1.208221e-20 6.329133e-21
4.564752e+00 2.339848e-20 6.675399e-21
4.565417e+00 8.390439e-20 7.150567e-21
4.566082e+00 2.990173e-20 7.121814e-21
4.566747e+00 5.497210e-20 6.194036e-21
4.567412e+00 5.612686e-20 7.366234e-21
4.568077e+00 9.408512e-20 7.409544e-21
4.568742e+00 6.897737e-20 7.433552e-21
4.569407e+00 4.351241e-20 6.290183e-21
4.570072e+00 3.288422e-20 6.497394e-21
4.570737e+00 4.456794e-20 6.833892e-21
4.571402e+00 4.146051e-20 6.402490e-21
4.572067e+00 -2.930744e-21 6.207701e-21
4.572732e+00 -6.049975e-21 6.390955e-21
4.573397e+00 -4.139820e-20 6.548303e-21
4.574062e+00 -4.957128e-20 6.175773e-21
4.574727e+00 -3.387653e-21 6.299146e-21
4.575392e+00 -2.160355e-20 7.006751e-21
4.576057e+00 4.216767e-21 6.388555e-21
4.576722e+00 7.356520e-20 6.664859e-21
4.577387e+00 3.613250e-20 6.766127e-21
4.578052e+00 5.378138e-20 6.755742e-21
4.578717e+00 4.509573e-20 6.525359e-21
4.579382e+00 6.338586e-20 5.906746e-21
4.580047e+00 6.448424e-20 6.286430e-21
4.580712e+00 2.827056e-20 6.084396e-21
4.581377e+00 3.565856e-21 6.708027e-21
4.582042e+00 -2.229837e-20 6.265027e-21
4.582707e+00 1.240910e-19 6.738487e-21
4.583372e+00 7.472469e-20 6.551592e-21
4.584037e+00 3.353538e-20 6.680671e-21
4.584702e+00 1.273280e-20 6.063563e-21
4.585367e+00 -3.564294e-20 6.613349e-21
4.586032e+00 -6.275900e-20 5.889010e-21
4.586697e+00 2.306806e-20 6.939256e-21
4.587362e+00 5.842581e-20 6.625068e-21
4.588027e+00 4.335210e-20 7.132933e-21
4.588692e+00 5.443871e-20 6.830429e-21
4.589357e+00 3.017369e-20 6.418603e-21
4.590022e+00 -7.757420e-20 6.083057e-21
4.590687e+00 -1.575066e-20 7.137884e-21
4.591352e+00 -6.580322e-20 6.787347e-21
4.592017e+00 -3.354241e-20 7.051040e-21
4.592682e+00 7.389407e-20 7.142897e-21
4.593347e+00 6.228715e-20 6.853797e-21
4.594012e+00 5.799149e-20 6.845807e-21
4.594677e+00 2.933823e-20 6.488491e-21
4.595342e+00 1.969685e-21 6.584983e-21
4.596007e+00 -3.883997e-20 6.284870e-21
4.596672e+00 -1.105576e-20 6.087919e-21
4.597337e+00 2.875420e-20 6.705926e-21
4.598002e+00 4.209451e-20 6.683250e-21
4.598667e+00 1.882970e-20 8.554143e-21
4.599332e+00 5.438499e-20 1.041624e-20
4.599997e+00 7.061158e-20 1.052239e-20
4.600662e+00 7.205393e-20 5.897193e-21
4.601327e+00 8.778195e-20 6.183725e-21
4.601992e+00 7.164925e-20 6.433567e-21
4.602657e+00 1.382263e-20 7.225566e-21
4.603322e+00 6.535324e-20 6.799031e-21
4.603987e+00 6.669748e-21 6.436331e-21
4.604652e+00 -1.736682e-20 6.053301e-21
4.605317e+00 -4.631981e-20 6.220394e-21
4.605982e+00 -4.116139e-20 6.597517e-21
4.606647e+00 1.363424e-19 7.847705e-21
4.607312e+00 2.044132e-19 7.131416e-21
4.607977e+00 4.214857e-20 6.793670e-21
4.608642e+00 -1.905151e-20 6.322148e-21
4.609307e+00 -3.280772e-20 7.026884e-21
4.609972e+00 6.272503e-20 6.617658e-21
4.610637e+00 3.288110e-20 7.386045e-21
4.611302e+00 -4.170200e-20 8.836354e-21
4.611967e+00 -2.465959e-20 6.106225e-21
4.612632e+00 -1.013125e-20 6.997539e-21
4.613297e+00 -4.109967e-20 7.079698e-21
4.613962e+00 -4.120563e-21 8.032513e-21
4.614627e+00 3.108941e-20 7.503849e-21
4.615292e+00 2.280157e-20 6.370811e-21
4.615957e+00 9.346085e-21 6.560047e-21
4.616622e+00 2.381915e-21 6.593932e-21
4.617287e+00 1.576263e-20 6.163757e-21
4.617952e+00 5.441993e-20 6.288008e-21
4.618617e+00 -2.881488e-20 6.401236e-21
4.619282e+00 -9.571643e-21 6.181296e-21
4.619947e+00 6.355325e-20 5.929616e-21
4.620612e+00 5.733674e-20 6.582390e-21
4.621277e+00 1.761169e-20 7.021396e-21
4.621942e+00 5.040044e-20 6.452166e-21
4.622607e+00 -2.288530e-20 6.135500e-21
4.623272e+00 2.145359e-20 6.790043e-21
4.623937e+00 2.142175e-20 6.376887e-21
4.624602e+00 -9.357986e-21 6.487729e-21
4.625267e+00 1.343297e-20 7.104499e-21
4.625932e+00 -2.766451e-20 6.295322e-21
4.626597e+00 -2.175752e-20 7.077507e-21
4.627262e+00 2.607819e-20 6.716644e-21
4.627927e+00 -1.187028e-22 6.804162e-21
4.628592e+00 7.000200e-20 7.027396e-21
4.629257e+00 5.696851e-20 6.561524e-21
4.629922e+00 8.072193e-21 1.743130e-20
4.630587e+00 -1.305395e-20 8.057042e-21
4.631252e+00 -1.109438e-20 5.969334e-21
4.631917e+00 4.597150e-20 6.919273e-21
4.632582e+00 3.119598e-20 6.424381e-21
4.633247e+00 1.750478e-20 6.406521e-21
4.633912e+00 2.998891e-20 6.317683e-21
4.634577e+00 2.851025e-20 6.720855e-21
4.635242e+00 5.408464e-21 6.542654e-21
4.635907e+00 3.030601e-20 7.172622e-21
4.636572e+00 8.288835e-21 6.258261e-21
4.637237e+00 1.269305e-20 6.866300e-21
4.637902e+00 5.063709e-21 6.902386e-21
4.638567e+00 -7.023507e-21 6.110268e-21
4.639232e+00 -5.501251e-20 6.162092e-21
4.639897e+00 5.862141e-20 7.779606e-21
4.640562e+00 4.671791e-20 6.473567e-21
4.641227e+00 7.026724e-20 6.713337e-21
4.641892e+00 1.172731e-19 6.991911e-21
4.642557e+00 -7.546524e-20 7.247035e-21
4.643222e+00 3.992258e-20 1.188483e-20
4.643887e+00 1.410145e-20 1.744103e-20
4.644552e+00 4.124964e-20 7.935258e-21
4.645217e+00 8.272267e-20 8.051029e-21
4.645882e+00 3.354846e-20 6.214922e-21
4.646547e+00 -1.058447e-20 6.244776e-21
4.647212e+00 3.647861e-20 6.764020e-21
4.647877e+00 1.701457e-20 5.915387e-21
4.648542e+00 5.228749e-20 6.660550e-21
4.649207e+00 -1.280563e-20 6.678642e-21
4.649872e+00 1.984696e-20 6.870465e-21
4.650537e+00 4.996105e-20 6.379578e-21
4.651202e+00 -2.336773e-20 6.044656e-21
4.651867e+00 1.172612e-20 6.635560e-21
4.652532e+00 2.710316e-20 7.428567e-21
4.653197e+00 4.351937e-20 7.435558e-21
4.653862e+00 8.598460e-20 6.452306e-21
4.654527e+00 8.600024e-21 6.881673e-21
4.655192e+00 1.427119e-20 6.201993e-21
4.655857e+00 -2.364479e-20 6.489031e-21
4.656522e+00 4.181847e-20 7.315496e-21
4.657187e+00 6.127464e-20 7.308597e-21
4.657852e+00 7.103840e-20 6.549219e-21
4.658517e+00 -3.422821e-21 6.506140e-21
4.659182e+00 -4.429066e-20 6.315912e-21
4.659847e+00 -2.657516e-20 6.727931e-21
4.660512e+00 -1.760300e-20 6.825464e-21
4.661177e+00 1.584960e-20 6.346133e-21
4.661842e+00 1.975923e-20 6.664881e-21
4.662507e+00 9.812916e-21 6.662593e-21
4.663172e+00 -1.907799e-20 6.480543e-21
4.663837e+00 4.313235e-20 7.066121e-21
4.664502e+00 -1.629958e-20 8.449361e-21
4.665167e+00 -1.317248e-20 8.490383e-21
4.665832e+00 3.726959e-20 7.910967e-21
4.666497e+00 1.771449e-20 6.581161e-21
4.667162e+00 4.361267e-20 6.473870e-21
4.667827e+00 2.724459e-20 6.086297e-21
4.668492e+00 6.084709e-20 6.619068e-21
4.669157e+00 1.007546e-20 6.823057e-21
4.669822e+00 5.815761e-20 7.036961e-21
4.670487e+00 5.011143e-20 8.571058e-21
4.671152e+00 -2.346118e-20 7.684556e-21
4.671817e+00 4.141733e-21 6.536545e-21
4.672482e+00 -2.578209e-20 6.389525e-21
4.673147e+00 2.686603e-20 5.958514e-21
4.673812e+00 1.451730e-20 6.218195e-21
4.674477e+00 3.839057e-20 6.875347e-21
4.675142e+00 3.615564e-20 5.930905e-21
4.675807e+00 -2.046399e-21 6.220095e-21
4.676472e+00 4.866515e-21 6.078264e-21
4.677137e+00 1.832455e-20 6.525042e-21
4.677802e+00 4.834589e-20 6.569586e-21
4.678467e+00 1.815876e-20 6.520293e-21
4.679132e+00 -1.302277e-20 6.221275e-21
4.679797e+00 -3.796982e-21 6.345277e-21
4.680462e+00 -1.547753e-20 6.965715e-21
4.681127e+00 7.176414e-21 6.286080e-21
4.681792e+00 8.060632e-21 6.901631e-21
4.682457e+00 2.861933e-20 6.668203e-21
4.683122e+00 6.617800e-20 6.396584e-21
4.683787e+00 3.416626e-20 6.314088e-21
4.684452e+00 5.472605e-20 6.695383e-21
4.685117e+00 -1.593219e-20 6.355657e-21
4.685782e+00 -1.598498e-20 6.436981e-21
4.686447e+00 1.111036e-19 9.357054e-21
4.687112e+00 4.353996e-20 6.946750e-21
4.687777e+00 2.534927e-20 8.841502e-21
4.688442e+00 -2.524941e-21 6.796144e-21
4.689107e+00 -3.753578e-20 6.289563e-21
4.689772e+00 7.359354e-20 6.877807e-21
4.690437e+00 1.547507e-19 6.133547e-21
4.691102e+00 9.894764e-20 6.329489e-21
4.691767e+00 1.110299e-19 5.913499e-21
4.692432e+00 2.694905e-20 6.452170e-21
4.693097e+00 -1.368922e-20 6.764009e-21
4.693762e+00 5.935835e-20 6.299826e-21
4.694427e+00 -4.048864e-21 7.173291e-21
4.695092e+00 5.380568e-20 7.217972e-21
4.695757e+00 2.835733e-20 7.128672e-21
4.696422e+00 3.109470e-20 6.733595e-21
4.697087e+00 2.386309e-20 6.476567e-21
4.697752e+00 6.589721e-20 6.453231e-21
4.698417e+00 9.985053e-20 6.565713e-21
4.699082e+00 1.111231e-19 6.895389e-21
4.699747e+00 8.720066e-20 6.740276e-21
4.700412e+00 -1.515241e-21 6.230274e-21
4.701077e+00 4.755194e-20 7.583500e-21
4.701742e+00 5.674769e-20 6.847051e-21
4.702407e+00 4.825876e-21 6.528275e-21
4.703072e+00 3.250555e-20 6.301300e-21
4.703737e+00 -3.194712e-22 6.457593e-21
4.704402e+00 3.027091e-21 5.874152e-21
4.705067e+00 3.679100e-20 6.485303e-21
4.705732e+00 5.740058e-20 6.830387e-21
4.706397e+00 2.307884e-20 7.476633e-21
4.707062e+00 8.546157e-21 6.124948e-21
4.707727e+00 3.633014e-20 6.370290e-21
4.708392e+00 3.544275e-20 6.586520e-21
4.709057e+00 4.704645e-20 6.749029e-21
4.709722e+00 5.669028e-20 6.423614e-21
4.710387e+00 1.466443e-20 6.297310e-21
4.711052e+00 -1.027811e-20 6.273843e-21
4.711717e+00 6.795060e-20 6.958426e-21
4.712382e+00 1.496215e-20 6.789470e-21
4.713047e+00 5.722806e-20 6.663022e-21
4.713712e+00 9.273308e-20 6.859721e-21
4.714377e+00 5.204870e-20 6.598902e-21
4.715042e+00 6.741764e-20 6.535581e-21
4.715707e+00 4.459248e-20 6.792848e-21
4.716372e+00 3.026970e-20 6.266600e-21
4.717037e+00 2.527689e-20 5.964160e-21
4.717702e+00 8.784154e-21 7.015342e-21
4.718367e+00 -1.288585e-21 7.709237e-21
4.719032e+00 7.208366e-20 7.862642e-21
4.719697e+00 7.634478e-20 7.584478e-21
4.720362e+00 5.888618e-20 6.396828e-21
4.721027e+00 3.195113e-20 6.069422e-21
4.721692e+00 6.515646e-20 6.561849e-21
4.722357e+00 7.460354e-20 6.075342e-21
4.723022e+00 4.282945e-20 6.624783e-21
4.723687e+00 3.076266e-21 6.217410e-21
4.724352e+00 -7.643244e-20 6.315398e-21
4.725017e+00 -7.769111e-21 7.097504e-21
4.725682e+00 3.593664e-20 6.821217e-21
4.726347e+00 2.363391e-20 6.904063e-21
4.727012e+00 -2.752506e-20 6.730965e-21
4.727677e+00 -3.793362e-20 6.894631e-21
4.728342e+00 1.698981e-20 6.325482e-21
4.729007e+00 3.151285e-20 6.103180e-21
4.729672e+00 9.441060e-21 6.666708e-21
4.730337e+00 -3.463131e-20 6.417301e-21
4.731002e+00 -3.795001e-20 6.238715e-21
4.731667e+00 5.405067e-20 7.789916e-21
4.732332e+00 4.550836e-20 6.266994e-21
4.732997e+00 -9.520469e-21 6.079533e-21
4.733662e+00 2.984833e-20 6.447048e-21
4.734327e+00 5.430553e-20 6.485773e-21
4.734992e+00 1.020310e-19 7.252779e-21
4.735657e+00 1.017635e-19 6.802122e-21
4.736322e+00 8.510394e-20 7.401325e-21
4.736987e+00 3.836948e-20 6.636545e-21
4.737652e+00 -3.423175e-21 6.641427e-21
4.738317e+00 -9.790682e-21 6.366017e-21
4.738982e+00 -1.213427e-20 6.657045e-21
4.739647e+00 -6.347421e-20 7.055531e-21
4.740312e+00 2.091370e-20 6.852495e-21
4.740977e+00 2.860064e-20 6.945915e-21
4.741642e+00 -1.884824e-20 6.974727e-21
4.742307e+00 -4.561726e-20 6.070935e-21
4.742972e+00 -5.897307e-20 6.316471e-21
4.743637e+00 1.344089e-20 6.384506e-21
4.744302e+00 2.189468e-20 8.074601e-21
4.744967e+00 4.214581e-20 6.962819e-21
4.745632e+00 4.927908e-20 7.148221e-21
4.746297e+00 1.653059e-20 6.195862e-21
4.746962e+00 1.189784e-20 6.336482e-21
4.747627e+00 2.053847e-20 6.654682e-21
4.748292e+00 2.061791e-20 6.765573e-21
4.748957e+00 1.292706e-20 6.652789e-21
4.749622e+00 6.355889e-20 6.409421e-21
4.750287e+00 6.090886e-20 6.803913e-21
4.750952e+00 4.227157e-20 6.354034e-21
4.751617e+00 3.933130e-20 6.618666e-21
4.752282e+00 8.733422e-20 6.863076e-21
4.752947e+00 3.775049e-20 7.005185e-21
4.753612e+00 5.563010e-20 6.073295e-21
4.754277e+00 6.923303e-20 8.851354e-21
4.754942e+00 -7.423883e-21 9.672255e-21
4.755607e+00 2.794018e-20 1.002680e-20
4.756272e+00 5.207290e-20 6.849248e-21
4.756937e+00 1.040477e-19 6.700691e-21
4.757602e+00 7.234245e-20 6.934569e-21
4.758267e+00 8.256304e-21 6.017417e-21
4.758932e+00 -1.630197e-22 6.400122e-21
4.759597e+00 -1.524228e-20 6.870915e-21
4.760262e+00 -8.109558e-21 6.259568e-21
4.760927e+00 2.697038e-20 6.519802e-21
4.761592e+00 7.187313e-20 6.658690e-21
4.762257e+00 -8.837219e-21 8.359746e-21
4.762922e+00 -8.572038e-20 7.644472e-21
4.763587e+00 -3.326692e-20 6.702737e-21
4.764252e+00 -2.223512e-20 6.128101e-21
4.764917e+00 1.491020e-20 6.127460e-21
4.765582e+00 4.314396e-21 6.962535e-21
4.766247e+00 2.278017e-20 8.591512e-21
4.766912e+00 2.419727e-20 6.609963e-21
4.767577e+00 5.178906e-20 6.561957e-21
4.768242e+00 -2.544106e-20 6.755047e-21
4.768907e+00 7.057166e-20 6.112532e-21
4.769572e+00 5.032701e-20 7.019745e-21
4.770237e+00 8.619289e-20 7.590973e-21
4.770902e+00 3.906629e-20 6.996882e-21
4.771567e+00 -1.596409e-20 8.268438e-21
4.772232e+00 1.438155e-20 6.642917e-21
4.772897e+00 5.055168e-20 6.568956e-21
4.773562e+00 5.964968e-20 6.931962e-21
4.774227e+00 5.202899e-21 6.457323e-21
4.774892e+00 2.500715e-20 6.621554e-21
4.775557e+00 2.950136e-20 6.687095e-21
4.776222e+00 2.007964e-20 6.920196e-21
4.776887e+00 7.976134e-21 7.516647e-21
4.777552e+00 1.503614e-20 6.227395e-21
4.778217e+00 1.751032e-20 6.912971e-21
4.778882e+00 1.910568e-20 6.778235e-21
4.779547e+00 3.843891e-20 6.947102e-21
4.780212e+00 1.709521e-20 6.074434e-21
4.780877e+00 -7.891142e-21 6.311191e-21
4.781542e+00 2.690931e-20 6.697524e-21
4.782207e+00 4.495640e-20 6.992437e-21
4.782872e+00 3.782405e-20 6.846584e-21
4.783537e+00 1.235728e-20 6.185217e-21
4.784202e+00 4.313110e-20 6.193512e-21
4.784867e+00 -6.335465e-21 7.342710e-21
4.785532e+00 -5.453118e-21 7.324986e-21
4.786197e+00 3.141663e-20 6.947430e-21
4.786862e+00 2.004356e-20 7.056594e-21
4.787527e+00 -2.581586e-20 6.852506e-21
4.788192e+00 3.061683e-20 6.745841e-21
4.788857e+00 1.221387e-19 7.179414e-21
4.789522e+00 -1.554390e-20 6.256408e-21
4.790187e+00 -3.810083e-21 6.513286e-21
4.790852e+00 3.186096e-21 7.454860e-21
4.791517e+00 -2.739296e-20 7.182368e-21
4.792182e+00 -3.990095e-20 5.868101e-21
4.792847e+00 2.718038e-20 6.160796e-21
4.793512e+00 -3.005511e-21 6.203680e-21
4.794177e+00 -4.060277e-20 6.449210e-21
4.794842e+00 2.916683e-20 6.631584e-21
4.795507e+00 4.679253e-20 6.367747e-21
4.796172e+00 -6.341677e-20 6.130035e-21
4.796837e+00 -2.940852e-20 6.347123e-21
4.797502e+00 3.299522e-20 6.720373e-21
4.798167e+00 -1.461599e-20 6.721533e-21
4.798832e+00 2.199053e-22 6.673652e-21
4.799497e+00 -1.914340e-20 6.854536e-21
4.800162e+00 4.629868e-21 6.882930e-21
4.800827e+00 7.048669e-20 7.328228e-21
4.801492e+00 7.388504e-20 7.171461e-21
4.802157e+00 2.441257e-20 7.612867e-21
4.802822e+00 -2.110522e-20 7.173743e-21
4.803487e+00 7.072591e-20 6.726113e-21
4.804152e+00 8.183758e-20 7.040816e-21
4.804817e+00 -2.249307e-20 1.079884e-20
4.805482e+00 3.221473e-20 6.861434e-21
4.806147e+00 -1.566682e-20 6.962071e-21
4.806812e+00 -4.070129e-20 6.780509e-21
4.807477e+00 2.469114e-20 7.418653e-21
4.808142e+00 1.040723e-20 7.440650e-21
4.808807e+00 5.666662e-20 6.600164e-21
4.809472e+00 6.135259e-20 6.882040e-21
4.810137e+00 -4.465656e-20 6.985225e-21
4.810802e+00 -5.532903e-21 6.743773e-21
4.811467e+00 4.119171e-20 6.790743e-21
4.812132e+00 3.875238e-20 6.501051e-21
4.812797e+00 1.834791e-20 7.481161e-21
4.813462e+00 -5.741044e-21 6.861063e-21
4.814127e+00 -3.294377e-21 6.498340e-21
4.814792e+00 1.804235e-20 7.412933e-21
4.815457e+00 -6.899113e-20 8.337729e-21
4.816122e+00 -5.053254e-20 6.748277e-21
4.816787e+00 -4.043203e-20 6.489927e-21
4.817452e+00 1.333733e-20 7.881054e-21
4.818117e+00 6.202562e-20 6.785237e-21
4.818782e+00 2.809457e-20 6.676001e-21
4.819447e+00 -1.009269e-20 7.310372e-21
4.820112e+00 4.049901e-21 7.166991e-21
4.820777e+00 -6.171276e-21 7.199098e-21
4.821442e+00 1.899238e-20 6.581498e-21
4.822107e+00 5.109497e-20 8.127318e-21
4.822772e+00 1.188500e-20 7.843875e-21
4.823437e+00 2.146714e-20 7.113846e-21
4.824102e+00 7.522742e-20 6.433654e-21
4.824767e+00 5.322656e-20 6.725202e-21
4.825432e+00 3.986554e-20 8.635379e-21
4.826097e+00 4.681039e-20 7.319644e-21
4.826762e+00 5.064671e-20 7.676152e-21
4.827427e+00 4.350001e-20 7.622287e-21
4.828092e+00 1.500027e-20 7.953808e-21
4.828757e+00 7.498277e-21 7.221213e-21
4.829422e+00 2.693586e-20 6.729788e-21
4.830087e+00 2.210221e-20 7.076867e-21
4.830752e+00 -3.453708e-20 7.624297e-21
4.831417e+00 -1.183298e-20 6.645183e-21
4.832082e+00 -1.808316e-20 6.910439e-21
4.832747e+00 1.513740e-21 7.282748e-21
4.833412e+00 1.283919e-20 7.413585e-21
4.834077e+00 -1.653350e-20 6.613816e-21
4.834742e+00 3.956945e-20 6.957191e-21
4.835407e+00 2.275322e-20 7.538594e-21
4.836072e+00 -2.437127e-20 6.443305e-21
4.836737e+00 -4.950281e-20 7.432290e-21
4.837402e+00 -2.422082e-20 7.239084e-21
4.838067e+00 -2.258981e-20 6.565380e-21
4.838732e+00 8.338157e-21 6.565798e-21
4.839397e+00 2.580596e-20 9.062195e-21
4.840062e+00 4.692561e-21 1.734944e-20
4.840727e+00 2.818266e-20 1.003729e-20
4.841392e+00 2.863533e-20 8.282924e-21
4.842057e+00 3.259151e-20 7.357455e-21
4.842722e+00 2.625922e-20 6.423643e-21
4.843387e+00 4.451442e-20 7.164737e-21
4.844052e+00 3.963472e-20 7.077973e-21
4.844717e+00 1.896199e-21 7.109590e-21
4.845382e+00 3.848811e-21 7.003809e-21
4.846047e+00 -1.361400e-20 6.953057e-21
4.846712e+00 -5.546770e-21 7.054849e-21
4.847377e+00 -4.785911e-20 7.047808e-21
4.848042e+00 4.641755e-21 6.703633e-21
4.848707e+00 -1.739668e-20 7.063615e-21
4.849372e+00 -1.160903e-20 7.908638e-21
4.850037e+00 1.174259e-20 7.177807e-21
4.850702e+00 -1.670673e-20 6.736727e-21
4.851367e+00 -5.749156e-20 7.104570e-21
4.852032e+00 -1.301490e-21 6.963281e-21
4.852697e+00 2.671281e-20 6.861822e-21
4.853362e+00 6.503361e-20 7.161849e-21
4.854027e+00 1.305600e-20 7.096389e-21
4.854692e+00 -6.582586e-21 6.845885e-21
4.855357e+00 -2.692149e-21 6.480937e-21
4.856022e+00 2.254856e-20 7.922470e-21
4.856687e+00 -1.322800e-20 7.493989e-21
4.857352e+00 -1.258086e-21 7.316807e-21
4.858017e+00 -2.494440e-20 6.907091e-21
4.858682e+00 -1.968183e-20 6.908646e-21
4.859347e+00 1.989336e-20 7.128579e-21
4.860012e+00 -8.043985e-21 7.555956e-21
4.860677e+00 2.039646e-20 7.132826e-21
4.861342e+00 -1.833422e-20 6.642495e-21
4.862007e+00 -3.175818e-20 6.409253e-21
4.862672e+00 2.236607e-20 6.504388e-21
4.863337e+00 -1.127552e-20 6.963001e-21
4.864002e+00 9.596399e-21 7.486313e-21
4.864667e+00 6.510875e-20 7.072857e-21
4.865332e+00 1.458751e-20 7.095068e-21
4.865997e+00 -2.367884e-20 6.900059e-21
4.866662e+00 1.312657e-20 6.776711e-21
4.867327e+00 5.590569e-20 6.825550e-21
4.867992e+00 6.387850e-20 7.312226e-21
4.868657e+00 1.045159e-19 7.408575e-21
4.869322e+00 3.813126e-20 8.184425e-21
4.869987e+00 5.862980e-21 7.375888e-21
4.870652e+00 1.724517e-20 6.736162e-21
4.871317e+00 5.974597e-20 6.470899e-21
4.871982e+00 -3.399852e-20 6.727607e-21
4.872647e+00 -2.001609e-20 6.530163e-21
4.873312e+00 2.275945e-20 7.301347e-21
4.873977e+00 2.707254e-20 6.780693e-21
4.874642e+00 9.960041e-20 6.965108e-21
4.875307e+00 1.250802e-19 6.666244e-21
4.875972e+00 4.867838e-20 7.241116e-21
4.876637e+00 9.401717e-21 6.890295e-21
4.877302e+00 5.680431e-20 6.887063e-21
4.877967e+00 1.172768e-19 7.914571e-21
4.878632e+00 6.810200e-20 6.995866e-21
4.879297e+00 6.734360e-20 8.292593e-21
4.879962e+00 3.974052e-20 7.053153e-21
4.880627e+00 3.172073e-20 6.998605e-21
4.881292e+00 1.331093e-20 6.854981e-21
4.881957e+00 2.043001e-20 6.970821e-21
4.882622e+00 4.114184e-20 7.044876e-21
4.883287e+00 -1.170276e-21 6.685092e-21
4.883952e+00 -1.367932e-20 6.955134e-21
4.884617e+00 -3.394757e-20 7.302429e-21
4.885282e+00 -1.298292e-20 7.873119e-21
4.885947e+00 4.215354e-20 6.908821e-21
4.886612e+00 -2.497194e-20 6.899885e-21
4.887277e+00 6.923693e-21 7.039215e-21
4.887942e+00 -7.175637e-20 7.035231e-21
4.888607e+00 -6.570317e-20 7.475713e-21
4.889272e+00 -5.780957e-20 6.549202e-21
4.889937e+00 -5.790396e-20 7.545900e-21
4.890602e+00 2.482578e-20 7.319179e-21
4.891267e+00 -3.731799e-20 6.992532e-21
4.891932e+00 6.502326e-21 7.386229e-21
4.892597e+00 1.894513e-20 7.382644e-21
4.893262e+00 -9.638079e-20 6.816207e-21
4.893927e+00 5.066049e-20 6.769085e-21
4.894592e+00 5.208248e-20 8.219567e-21
4.895257e+00 3.520271e-20 7.469219e-21
4.895922e+00 -3.772677e-20 7.438914e-21
4.896587e+00 3.200184e-20 7.276292e-21
4.897252e+00 3.813202e-20 6.389812e-21
4.897917e+00 5.954838e-20 7.434988e-21
4.898582e+00 3.891371e-20 7.656278e-21
4.899247e+00 1.782387e-20 7.176057e-21
4.899912e+00 -2.133237e-20 6.773563e-21
4.900577e+00 -5.863790e-20 6.801738e-21
4.901242e+00 -4.322950e-20 7.021904e-21
4.901907e+00 1.628495e-20 6.778731e-21
4.902572e+00 3.437011e-20 1.274223e-20
4.903237e+00 -1.233144e-20 1.172161e-20
4.903902e+00 -7.736685e-20 7.885839e-21
4.904567e+00 4.674955e-20 1.366440e-20
4.905232e+00 9.262458e-21 9.097830e-21
4.905897e+00 -2.449513e-20 7.869959e-21
4.906562e+00 1.856074e-20 8.857105e-21
4.907227e+00 -2.716683e-22 7.132481e-21
4.907892e+00 1.139627e-20 6.762913e-21
4.908557e+00 2.413266e-20 6.887909e-21
4.909222e+00 -1.600238e-20 6.891626e-21
4.909887e+00 -9.778952e-21 8.070964e-21
4.910552e+00 1.255506e-20 6.737071e-21
4.911217e+00 4.937427e-20 7.378247e-21
4.911882e+00 6.424710e-20 7.914491e-21
4.912547e+00 2.977059e-20 6.832587e-21
4.913212e+00 3.247855e-20 6.999861e-21
4.913877e+00 6.293114e-20 7.314060e-21
4.914542e+00 7.539271e-20 7.970800e-21
4.915207e+00 2.535421e-20 7.434460e-21
4.915872e+00 3.854940e-20 7.388321e-21
4.916537e+00 -2.894143e-20 7.992244e-21
4.917202e+00 8.295090e-20 6.771358e-21
4.917867e+00 1.186129e-20 8.076723e-21
4.918532e+00 1.789714e-20 1.450234e-20
4.919197e+00 9.440769e-21 1.576829e-20
4.919862e+00 1.301277e-22 7.412626e-21
4.920527e+00 -3.298383e-20 7.280315e-21
4.921192e+00 2.025135e-20 7.856160e-21
4.921857e+00 3.205802e-20 7.194007e-21
4.922522e+00 -3.566360e-20 7.285934e-21
4.923187e+00 6.045218e-20 7.712548e-21
4.923852e+00 4.928379e-21 7.688117e-21
4.924517e+00 -9.148165e-21 6.829991e-21
4.925182e+00 2.360122e-20 7.992576e-21
4.925847e+00 9.210047e-21 6.942314e-21
4.926512e+00 6.047504e-20 6.651617e-21
4.927177e+00 5.265920e-20 6.813494e-21
4.927842e+00 -8.251096e-21 7.592285e-21
4.928507e+00 -1.632242e-20 7.393439e-21
4.929172e+00 8.683130e-20 6.763402e-21
4.929837e+00 9.442900e-21 7.525534e-21
4.930502e+00 8.953115e-20 7.294666e-21
4.931167e+00 6.228053e-20 7.099949e-21
4.931832e+00 6.042999e-21 6.961169e-21
4.932497e+00 -5.967345e-20 7.627291e-21
4.933162e+00 6.996733e-20 7.151497e-21
4.933827e+00 1.986232e-20 6.994975e-21
4.934492e+00 -7.038667e-21 9.128606e-21
4.935157e+00 -2.246835e-20 1.125631e-20
4.935822e+00 -4.099534e-20 8.720246e-21
4.936487e+00 9.940087e-20 6.631627e-21
4.937152e+00 5.170197e-20 7.815685e-21
4.937817e+00 5.334585e-20 6.945096e-21
4.938482e+00 5.295526e-20 7.587491e-21
4.939147e+00 -2.045973e-20 6.633055e-21
4.939812e+00 -1.560280e-20 7.078205e-21
4.940477e+00 4.488179e-20 6.748695e-21
4.941142e+00 7.335298e-20 9.579338e-21
4.941807e+00 5.370690e-20 8.303175e-21
4.942472e+00 -3.020583e-21 7.418763e-21
4.943137e+00 9.279766e-20 7.674713e-21
4.943802e+00 1.007921e-19 6.887488e-21
4.944467e+00 3.190004e-20 7.995322e-21
4.945132e+00 9.113215e-21 2.405284e-20
4.945797e+00 8.330830e-20 7.568474e-21
4.946462e+00 -1.170504e-20 7.406056e-21
4.947127e+00 7.999856e-20 8.028233e-21
4.947792e+00 1.491749e-19 7.982325e-21
4.948457e+00 1.075637e-19 9.184437e-21
4.949122e+00 -2.227479e-20 9.745929e-21
4.949787e+00 -3.640030e-20 9.810558e-21
4.950452e+00 6.311643e-20 8.952628e-21
4.951117e+00 3.268994e-21 7.036169e-21
4.951782e+00 5.571004e-20 7.619339e-21
4.952447e+00 4.000597e-20 9.019787e-21
4.953112e+00 1.174075e-20 7.387952e-21
4.953777e+00 -3.779755e-21 8.014203e-21
4.954442e+00 -3.316823e-20 8.052311e-21
4.955107e+00 -4.138179e-20 7.326850e-21
4.955772e+00 -9.790404e-22 7.426514e-21
4.956437e+00 1.509817e-19 7.399131e-21
4.957102e+00 3.602393e-20 9.616847e-21
4.957767e+00 -1.696678e-20 7.591510e-21
4.958432e+00 -1.281713e-20 7.088408e-21
4.959097e+00 3.331975e-20 7.723039e-21
4.959762e+00 5.605410e-20 7.077981e-21
4.960427e+00 1.449106e-20 7.206441e-21
4.961092e+00 5.872391e-20 6.692251e-21
4.961757e+00 6.698513e-20 7.517963e-21
4.962422e+00 6.260831e-20 7.588842e-21
4.963087e+00 1.573623e-20 7.818403e-21
4.963752e+00 1.743900e-20 1.277510e-20
4.964417e+00 -1.876168e-20 7.346468e-21
4.965082e+00 -7.273029e-21 1.216519e-20
4.965747e+00 -4.754832e-20 7.084060e-21
4.966412e+00 -1.384443e-20 7.502082e-21
4.967077e+00 3.799459e-20 7.109806e-21
4.967742e+00 5.470638e-20 8.595120e-21
4.968407e+00 1.608966e-20 7.330984e-21
4.969072e+00 6.195276e-20 7.146211e-21
4.969737e+00 7.216219e-20 7.011809e-21
4.970402e+00 -1.957951e-20 7.642539e-21
4.971067e+00 -5.853327e-20 7.642321e-21
4.971732e+00 1.982970e-20 6.822833e-21
4.972397e+00 -8.166030e-20 7.884896e-21
4.973062e+00 -6.194716e-20 7.499042e-21
4.973727e+00 -3.798123e-20 7.710593e-21
4.974392e+00 -2.011751e-20 7.875496e-21
4.975057e+00 2.621808e-20 7.483546e-21
4.975722e+00 2.333970e-20 7.288832e-21
4.976387e+00 1.757767e-20 8.769994e-21
4.977052e+00 2.322437e-20 7.451446e-21
4.977717e+00 -1.732716e-20 7.685784e-21
4.978382e+00 -2.814105e-20 7.452235e-21
4.979047e+00 -6.553554e-20 7.772146e-21
4.979712e+00 -4.157071e-20 7.681529e-21
4.980377e+00 -3.337029e-21 8.410077e-21
4.981042e+00 -1.032137e-20 7.655455e-21
4.981707e+00 -1.474749e-20 7.684272e-21
4.982372e+00 4.337441e-20 7.382905e-21
4.983037e+00 -5.819272e-21 7.426153e-21
4.983702e+00 1.184479e-20 7.046472e-21
4.984367e+00 9.998562e-21 6.895843e-21
4.985032e+00 3.683053e-21 8.471758e-21
4.985697e+00 5.525485e-20 7.822294e-21
4.986362e+00 8.768065e-20 7.212265e-21
4.987027e+00 1.307989e-19 7.508805e-21
4.987692e+00 1.234066e-19 6.908468e-21
4.988357e+00 7.353932e-20 7.497106e-21
4.989022e+00 4.550109e-20 7.033868e-21
4.989687e+00 3.944256e-20 7.156017e-21
4.990352e+00 -2.736504e-21 7.932132e-21
4.991017e+00 -1.438399e-20 7.054918e-21
4.991682e+00 4.905053e-20 7.202472e-21
4.992347e+00 4.490054e-20 7.466200e-21
4.993012e+00 1.161843e-19 7.513308e-21
4.993677e+00 4.544251e-20 6.823878e-21
4.994342e+00 5.020102e-20 7.746737e-21
4.995007e+00 1.259445e-20 7.641352e-21
4.995672e+00 -2.176649e-20 7.940253e-21
4.996337e+00 -1.446670e-20 7.029846e-21
4.997002e+00 2.856044e-20 6.386076e-21
4.997667e+00 6.444517e-20 7.185841e-21
4.998332e+00 2.496328e-20 6.790211e-21
4.998997e+00 2.184746e-20 7.337732e-21
4.999662e+00 3.127673e-20 7.417736e-21
5.000327e+00 3.047245e-20 7.734862e-21
5.000992e+00 -5.577332e-20 7.589854e-21
5.001657e+00 -1.439671e-21 8.194555e-21
5.002322e+00 -4.210595e-21 7.177773e-21
5.002987e+00 -7.664195e-20 6.659605e-21
5.003652e+00 -6.423839e-20 6.847971e-21
5.004317e+00 -5.221751e-20 7.171971e-21
5.004982e+00 -3.694323e-20 7.507340e-21
5.005647e+00 -4.566981e-20 8.311065e-21
5.006312e+00 1.450147e-20 7.508834e-21
5.006977e+00 1.301870e-20 8.364634e-21
5.007642e+00 -7.328349e-20 8.226804e-21
5.008307e+00 5.644259e-21 7.126342e-21
5.008972e+00 -3.017489e-20 1.058314e-20
5.009637e+00 -4.661034e-20 7.304727e-21
5.010302e+00 -3.712715e-20 6.891537e-21
5.010967e+00 2.570416e-20 7.722144e-21
5.011632e+00 7.439945e-20 7.894504e-21
5.012297e+00 6.353834e-20 7.363741e-21
5.012962e+00 6.196419e-20 6.727495e-21
5.013627e+00 -2.338386e-20 7.189050e-21
5.014292e+00 -2.379912e-20 7.145265e-21
5.014957e+00 6.430102e-20 7.692470e-21
5.015622e+00 6.064584e-20 7.237617e-21
5.016287e+00 -4.265502e-21 7.368113e-21
5.016952e+00 3.087104e-21 8.065113e-21
5.017617e+00 9.921950e-21 9.286637e-21
5.018282e+00 -3.000587e-20 7.442708e-21
5.018947e+00 -2.063393e-20 6.571653e-21
5.019612e+00 1.818959e-20 7.447309e-21
5.020277e+00 -7.278856e-21 7.212577e-21
5.020942e+00 -1.392381e-22 7.430230e-21
5.021607e+00 7.598378e-21 7.188121e-21
5.022272e+00 8.701432e-21 7.158438e-21
5.022937e+00 3.962357e-20 6.951870e-21
5.023602e+00 1.279897e-19 6.927007e-21
5.024267e+00 1.212728e-19 7.094005e-21
5.024932e+00 5.554040e-20 7.483119e-21
5.025597e+00 1.584514e-20 7.243410e-21
5.026262e+00 3.838340e-20 7.704669e-21
5.026927e+00 5.299969e-20 7.332935e-21
5.027592e+00 4.698372e-20 7.550624e-21
5.028257e+00 2.747714e-20 7.301222e-21
5.028922e+00 6.515182e-20 7.064739e-21
5.029587e+00 1.813273e-20 7.795479e-21
5.030252e+00 8.510290e-20 7.531972e-21
5.030917e+00 1.655886e-20 7.405324e-21
5.031582e+00 -2.417188e-20 1.016865e-20
5.032247e+00 -5.104062e-20 7.199430e-21
5.032912e+00 1.159875e-20 6.980781e-21
5.033577e+00 9.099089e-20 6.851211e-21
5.034242e+00 6.394401e-20 6.912393e-21
5.034907e+00 9.595158e-21 7.174692e-21
5.035572e+00 -1.671345e-20 7.590191e-21
5.036237e+00 -4.492535e-20 7.273885e-21
5.036902e+00 -2.768186e-20 6.775611e-21
5.037567e+00 -4.447156e-20 7.086436e-21
5.038232e+00 -5.978852e-20 6.963174e-21
5.038897e+00 1.750826e-20 6.531098e-21
5.039562e+00 -1.912964e-20 7.186268e-21
5.040227e+00 1.401403e-20 7.192189e-21
5.040892e+00 -7.489374e-22 7.183816e-21
5.041557e+00 -5.719141e-20 6.375786e-21
5.042222e+00 -2.081327e-20 6.985537e-21
5.042887e+00 -4.104180e-20 6.915716e-21
5.043552e+00 2.139222e-20 6.638010e-21
5.044217e+00 4.748856e-20 7.139097e-21
5.044882e+00 8.014751e-20 7.749491e-21
5.045547e+00 -4.695670e-21 7.283601e-21
5.046212e+00 6.131333e-21 9.167117e-21
5.046877e+00 -4.427340e-20 9.281457e-21
5.047542e+00 7.996560e-21 9.788317e-21
5.048207e+00 3.033656e-20 7.206854e-21
5.048872e+00 5.155126e-20 7.674606e-21
5.049537e+00 4.120805e-20 7.386067e-21
5.050202e+00 6.397647e-20 8.602827e-21
5.050867e+00 7.863458e-21 6.630505e-21
5.051532e+00 4.204283e-20 7.079943e-21
5.052197e+00 6.420500e-21 9.296760e-21
5.052862e+00 -6.859549e-20 7.392449e-21
5.053527e+00 -5.941786e-20 7.121842e-21
5.054192e+00 -2.604275e-20 7.268617e-21
5.054857e+00 -5.578584e-20 7.139179e-21
5.055522e+00 3.677609e-21 8.876744e-21
5.056187e+00 5.820079e-20 7.517777e-21
5.056852e+00 4.587686e-20 7.090235e-21
5.057517e+00 2.528253e-20 7.210220e-21
5.058182e+00 4.119118e-20 7.677187e-21
5.058847e+00 3.822168e-20 7.982084e-21
5.059512e+00 6.678710e-20 7.421811e-21
5.060177e+00 -3.914980e-20 6.995414e-21
5.060842e+00 -9.264827e-22 7.260755e-21
5.061507e+00 4.468544e-20 7.160109e-21
5.062172e+00 1.845543e-20 6.790179e-21
5.062837e+00 -5.598205e-20 7.267589e-21
5.063502e+00 -6.658707e-21 8.614709e-21
5.064167e+00 6.109514e-20 7.260104e-21
5.064832e+00 -4.086490e-20 7.852230e-21
5.065497e+00 -1.473692e-20 7.302500e-21
5.066162e+00 -4.647874e-20 7.585089e-21
5.066827e+00 3.706472e-20 7.411115e-21
5.067492e+00 6.557107e-20 7.063392e-21
5.068157e+00 5.063342e-21 7.176580e-21
5.068822e+00 3.930248e-20 6.632763e-21
5.069487e+00 5.105019e-20 6.649980e-21
5.070152e+00 5.663585e-20 7.028580e-21
5.070817e+00 1.847082e-20 7.828538e-21
5.071482e+00 8.788457e-20 7.441643e-21
5.072147e+00 3.023378e-20 6.451475e-21
5.072812e+00 7.080458e-20 7.526234e-21
5.073477e+00 5.064441e-20 6.815927e-21
5.074142e+00 -9.699134e-21 7.075595e-21
5.074807e+00 -2.549029e-20 8.109274e-21
5.075472e+00 3.755754e-21 7.340083e-21
5.076137e+00 3.113520e-20 7.129591e-21
5.076802e+00 7.521257e-20 7.739110e-21
5.077467e+00 4.492980e-20 9.034542e-21
5.078132e+00 6.664625e-20 8.072915e-21
5.078797e+00 -2.021729e-20 7.556454e-21
5.079462e+00 -4.497688e-21 6.643612e-21
5.080127e+00 9.958949e-20 9.378210e-21
5.080792e+00 8.397466e-21 7.343852e-21
5.081457e+00 -5.033671e-20 7.304290e-21
5.082122e+00 1.322978e-21 7.746707e-21
5.082787e+00 -8.441025e-21 7.795294e-21
5.083452e+00 2.523095e-20 7.408217e-21
5.084117e+00 2.472769e-20 7.670286e-21
5.084782e+00 7.774292e-21 8.992215e-21
5.085447e+00 1.903029e-20 7.681628e-21
5.086112e+00 6.382194e-20 8.077651e-21
5.086777e+00 4.699850e-20 7.297266e-21
5.087442e+00 8.445806e-20 1.022877e-20
5.088107e+00 4.907328e-20 7.815791e-21
5.088772e+00 1.972099e-20 7.244468e-21
5.089437e+00 1.952272e-20 7.621516e-21
5.090102e+00 1.452144e-20 7.127644e-21
5.090767e+00 -1.712010e-20 8.372201e-21
5.091432e+00 5.448534e-20 8.200251e-21
5.092097e+00 -2.226890e-21 6.951857e-21
5.092762e+00 -3.708730e-20 6.882678e-21
5.093427e+00 4.545330e-20 7.670994e-21
5.094092e+00 9.064065e-20 7.124865e-21
5.094757e+00 9.578341e-20 7.037201e-21
5.095422e+00 4.495115e-20 7.285635e-21
5.096087e+00 9.005356e-20 6.448236e-21
5.096752e+00 4.067973e-20 7.050108e-21
5.097417e+00 7.393372e-20 6.803536e-21
5.098082e+00 4.835250e-20 7.990885e-21
5.098747e+00 7.916076e-20 1.532354e-20
5.099412e+00 6.458785e-20 1.328678e-20
5.100077e+00 5.846992e-20 1.733285e-20
5.100742e+00 2.875069e-20 8.465871e-21
5.101407e+00 4.221378e-20 7.184511e-21
5.102072e+00 3.347309e-20 7.576204e-21
5.102737e+00 -2.938624e-21 7.725428e-21
5.103402e+00 -2.219781e-21 7.408673e-21
5.104067e+00 4.546391e-20 8.541907e-21
5.104732e+00 1.428160e-20 7.776524e-21
5.105397e+00 6.359996e-20 7.712262e-21
5.106062e+00 2.248808e-20 7.692117e-21
5.106727e+00 5.428241e-20 7.379532e-21
5.107392e+00 -1.974552e-20 8.046317e-21
5.108057e+00 2.725730e-20 6.599241e-21
5.108722e+00 4.314342e-20 7.193252e-21
5.109387e+00 2.143460e-20 7.424662e-21
5.110052e+00 2.034716e-20 7.074879e-21
5.110717e+00 2.893789e-20 7.268692e-21
5.111382e+00 8.694598e-21 7.259988e-21
5.112047e+00 5.329960e-21 7.557778e-21
5.112712e+00 3.052716e-20 7.592938e-21
5.113377e+00 4.476932e-20 5.257538e-20
5.114042e+00 5.201856e-20 6.252560e-20
5.114707e+00 3.899933e-20 4.836901e-20
5.115372e+00 3.246870e-20 6.368504e-20
5.116037e+00 6.661800e-20 7.422155e-21
5.116702e+00 3.888874e-20 7.971694e-21
5.117367e+00 3.803505e-20 7.264009e-21
5.118032e+00 7.090575e-20 6.627362e-21
5.118697e+00 6.864365e-20 7.076889e-21
5.119362e+00 5.374706e-20 3.734576e-20
5.120027e+00 2.534481e-20 8.589258e-21
5.120692e+00 3.417276e-20 7.197204e-21
5.121357e+00 6.754830e-21 7.352881e-21
5.122022e+00 -2.260015e-20 7.085313e-21
5.122687e+00 7.140518e-20 7.345343e-21
5.123352e+00 1.023998e-19 6.899775e-21
5.124017e+00 -4.984652e-20 6.807183e-21
5.124682e+00 1.154202e-20 7.144083e-21
5.125347e+00 5.757969e-20 7.238165e-21
5.126012e+00 6.141913e-20 7.369641e-21
5.126677e+00 5.402396e-20 7.342741e-21
5.127342e+00 2.015154e-20 6.995048e-21
5.128007e+00 5.985763e-20 7.145514e-21
5.128672e+00 2.803235e-20 8.563205e-21
5.129337e+00 -1.105097e-21 6.989604e-21
5.130002e+00 4.882460e-20 8.083392e-21
5.130667e+00 8.228292e-20 7.354600e-21
5.131332e+00 6.782575e-20 7.124137e-21
5.131997e+00 5.942738e-20 7.865108e-21
5.132662e+00 5.605157e-20 7.992722e-21
5.133327e+00 1.198084e-19 7.757051e-21
5.133992e+00 8.118793e-20 8.192363e-21
5.134657e+00 3.195643e-20 7.345641e-21
5.135322e+00 5.523123e-20 7.763219e-21
5.135987e+00 2.959424e-20 7.243547e-21
5.136652e+00 5.633032e-20 7.430682e-21
5.137317e+00 8.547711e-20 7.223957e-21
5.137982e+00 1.568806e-19 7.122593e-21
5.138647e+00 2.220581e-20 7.656469e-21
5.139312e+00 1.050751e-20 7.494470e-21
5.139977e+00 8.033362e-20 7.026255e-21
5.140642e+00 7.102651e-20 7.370648e-21
5.141307e+00 4.916319e-20 7.583070e-21
5.141972e+00 7.855057e-20 7.442416e-21
5.142637e+00 5.529614e-20 6.965434e-21
5.143302e+00 1.182307e-19 9.621690e-21
5.143967e+00 6.424492e-20 8.401421e-21
5.144632e+00 6.397627e-20 7.412798e-21
5.145297e+00 1.071524e-19 7.666325e-21
5.145962e+00 4.897991e-20 7.332597e-21
5.146627e+00 1.071743e-19 8.253785e-21
5.147292e+00 1.194719e-19 8.169575e-21
5.147957e+00 1.520992e-19 8.508670e-21
5.148622e+00 1.433889e-19 8.586775e-21
5.149287e+00 1.290564e-19 7.426198e-21
5.149952e+00 1.052327e-19 7.494165e-21
5.150617e+00 1.352636e-19 7.220068e-21
5.151282e+00 1.884839e-19 7.438640e-21
5.151947e+00 1.440891e-19 7.174090e-21
5.152612e+00 2.318171e-19 8.723577e-21
5.153277e+00 1.991663e-19 7.970282e-21
5.153942e+00 1.382519e-19 7.761571e-21
5.154607e+00 2.088144e-19 7.543862e-21
5.155272e+00 1.838872e-19 7.643630e-21
5.155937e+00 2.060671e-19 7.950949e-21
5.156602e+00 1.614848e-19 8.344324e-21
5.157267e+00 1.498627e-19 8.223403e-21
5.157932e+00 1.432885e-19 7.706283e-21
5.158597e+00 1.256710e-19 8.942998e-21
5.159262e+00 1.308587e-19 8.271441e-21
5.159927e+00 9.755210e-20 7.585390e-21
5.160592e+00 1.760148e-19 7.766569e-21
5.161257e+00 1.248727e-19 7.420206e-21
5.161922e+00 1.072803e-19 7.554933e-21
5.162587e+00 1.172233e-19 7.466049e-21
5.163252e+00 1.224020e-19 7.746498e-21
5.163917e+00 1.138140e-19 8.502848e-21
5.164582e+00 1.218042e-19 7.636775e-21
5.165247e+00 8.163798e-20 7.207823e-21
5.165912e+00 4.535670e-20 1.966649e-20
5.166577e+00 1.665199e-19 9.799124e-21
5.167242e+00 2.254927e-19 3.486167e-20
5.167907e+00 1.836201e-19 8.314703e-21
5.168572e+00 1.424287e-19 8.517638e-21
5.169237e+00 9.399187e-20 7.918142e-21
5.169902e+00 1.302820e-19 8.700819e-21
5.170567e+00 1.345063e-19 8.345178e-21
5.171232e+00 1.161577e-19 8.360330e-21
5.171897e+00 9.448436e-20 7.750925e-21
5.172562e+00 5.103854e-20 8.248391e-21
5.173227e+00 2.077318e-20 7.693629e-21
5.173892e+00 -1.715020e-20 7.691057e-21
5.174557e+00 -2.613746e-21 7.496061e-21
5.175222e+00 5.051075e-20 7.743609e-21
5.175887e+00 3.253951e-20 7.633881e-21
5.176552e+00 8.251777e-20 7.516649e-21
5.177217e+00 1.430560e-19 8.368706e-21
5.177882e+00 -3.254137e-21 7.438145e-21
5.178547e+00 5.492501e-20 7.630538e-21
5.179212e+00 4.399369e-20 8.052166e-21
5.179877e+00 2.947061e-20 7.698257e-21
5.180542e+00 1.298469e-19 7.213454e-21
5.181207e+00 2.046415e-21 7.982400e-21
5.181872e+00 -4.580837e-21 7.748779e-21
5.182537e+00 3.698558e-20 7.758755e-21
5.183202e+00 2.593948e-20 8.558406e-21
5.183867e+00 2.224771e-20 1.014869e-20
5.184532e+00 8.263586e-21 7.359855e-21
5.185197e+00 5.227101e-20 7.032870e-21
5.185862e+00 8.493484e-22 8.193669e-21
5.186527e+00 8.192841e-20 8.335257e-21
5.187192e+00 7.094367e-21 7.642231e-21
5.187857e+00 2.310696e-20 8.039378e-21
5.188522e+00 3.548318e-20 8.184082e-21
5.189187e+00 6.065951e-20 8.014328e-21
5.189852e+00 3.955805e-20 6.825935e-21
5.190517e+00 -3.085924e-20 7.745183e-21
5.191182e+00 -5.173772e-20 8.398709e-21
5.191847e+00 7.904841e-20 1.016599e-20
5.192512e+00 2.200446e-20 8.486672e-21
5.193177e+00 5.916635e-20 6.988251e-21
5.193842e+00 1.014219e-19 8.021742e-21
5.194507e+00 6.333271e-20 8.603222e-21
5.195172e+00 -3.978031e-20 9.604630e-21
5.195837e+00 9.282736e-21 7.779053e-21
5.196502e+00 1.045009e-19 7.672319e-21
5.197167e+00 5.427076e-20 7.850929e-21
5.197832e+00 6.883997e-20 7.504979e-21
5.198497e+00 5.039426e-20 7.550036e-21
5.199162e+00 -2.209891e-20 7.505789e-21
5.199827e+00 5.314070e-21 8.105415e-21
5.200492e+00 8.022010e-21 7.918867e-21
5.201157e+00 -2.156583e-20 8.269403e-21
5.201822e+00 3.463916e-20 7.686634e-21
5.202487e+00 2.259602e-20 7.150763e-21
5.203152e+00 -4.290583e-20 7.841046e-21
5.203817e+00 -1.060562e-19 7.914899e-21
5.204482e+00 4.098764e-20 7.808981e-21
5.205147e+00 4.739443e-20 7.745969e-21
5.205812e+00 7.087197e-20 8.477450e-21
5.206477e+00 6.154063e-20 8.890785e-21
5.207142e+00 -9.935400e-22 7.920201e-21
5.207807e+00 -7.713586e-21 7.054778e-21
5.208472e+00 1.061661e-20 7.919491e-21
5.209137e+00 -5.400548e-21 7.694837e-21
5.209802e+00 5.386925e-20 7.323865e-21
5.210467e+00 3.376559e-20 7.836437e-21
5.211132e+00 -6.885356e-21 1.127656e-20
5.211797e+00 4.499871e-20 1.144340e-20
5.212462e+00 9.989977e-20 1.478684e-20
5.213127e+00 -2.899620e-20 1.146502e-20
5.213792e+00 -9.681530e-21 1.653856e-20
5.214457e+00 -2.407381e-20 7.975019e-21
5.215122e+00 6.626254e-20 7.505817e-21
5.215787e+00 9.330434e-20 8.372742e-21
5.216452e+00 1.128694e-19 8.234764e-21
5.217117e+00 6.531456e-20 7.839221e-21
5.217782e+00 5.755559e-22 7.682921e-21
5.218447e+00 -1.247856e-20 7.701681e-21
5.219112e+00 4.733426e-20 8.206657e-21
5.219777e+00 5.269759e-20 7.776335e-21
5.220442e+00 2.752162e-20 8.306470e-21
5.221107e+00 9.198424e-21 7.922548e-21
5.221772e+00 2.398561e-20 8.700401e-21
5.222437e+00 -4.421907e-21 7.547772e-21
5.223102e+00 3.630165e-20 7.332680e-21
5.223767e+00 6.188512e-20 7.312807e-21
5.224432e+00 -2.004898e-20 8.663532e-21
5.225097e+00 1.544400e-21 7.899366e-21
5.225762e+00 -1.721309e-20 7.225572e-21
5.226427e+00 1.515688e-20 7.294176e-21
5.227092e+00 1.301615e-21 8.253741e-21
5.227757e+00 3.574089e-20 8.276365e-21
5.228422e+00 8.707792e-21 7.811400e-21
5.229087e+00 1.179179e-19 7.499487e-21
5.229752e+00 3.355507e-20 7.915966e-21
5.230417e+00 7.913516e-20 7.748144e-21
5.231082e+00 9.307624e-20 7.613273e-21
5.231747e+00 4.588879e-20 7.522784e-21
5.232412e+00 1.084708e-19 7.382546e-21
5.233077e+00 8.932554e-20 7.519740e-21
5.233742e+00 2.771074e-20 7.965636e-21
5.234407e+00 2.992094e-20 7.958207e-21
5.235072e+00 1.218653e-20 7.392982e-21
5.235737e+00 4.228967e-20 7.949835e-21
5.236402e+00 1.396389e-19 8.506955e-21
5.237067e+00 1.151778e-19 7.761611e-21
5.237732e+00 8.344865e-20 1.050263e-20
5.238397e+00 6.448535e-20 9.106634e-21
5.239062e+00 -3.782446e-20 8.297799e-21
5.239727e+00 -4.441664e-20 8.158809e-21
5.240392e+00 -1.694371e-20 1.141634e-20
5.241057e+00 2.563107e-20 7.929799e-21
5.241722e+00 -1.685102e-20 7.841741e-21
5.242387e+00 5.881467e-20 8.335133e-21
5.243052e+00 7.601572e-20 8.073431e-21
5.243717e+00 6.264556e-20 8.143064e-21
5.244382e+00 6.539260e-20 7.915740e-21
5.245047e+00 4.681489e-20 7.788348e-21
5.245712e+00 6.169425e-20 7.695764e-21
5.246377e+00 3.209979e-20 8.065218e-21
5.247042e+00 7.943363e-20 8.102278e-21
5.247707e+00 6.701663e-20 8.409283e-21
5.248372e+00 2.323300e-20 8.722192e-21
5.249037e+00 3.457243e-20 8.151521e-21
5.249702e+00 -3.547497e-20 8.528453e-21
5.250367e+00 7.877413e-20 1.051782e-20
5.251032e+00 1.177181e-19 1.593078e-20
5.251697e+00 7.327293e-21 2.192098e-20
5.252362e+00 -1.235330e-19 1.466262e-20
5.253027e+00 5.437154e-20 8.097870e-21
5.253692e+00 1.685514e-20 7.948397e-21
5.254357e+00 -7.331453e-20 1.045463e-20
5.255022e+00 1.096456e-20 8.692476e-21
5.255687e+00 -5.728873e-20 8.839179e-21
5.256352e+00 5.362408e-20 8.889067e-21
5.257017e+00 5.281707e-20 8.665533e-21
5.257682e+00 -1.144381e-20 8.342392e-21
5.258347e+00 5.300994e-20 8.825288e-21
5.259012e+00 4.257522e-20 8.353332e-21
5.259677e+00 6.340201e-20 8.330476e-21
5.260342e+00 8.324685e-20 8.777612e-21
5.261007e+00 6.847811e-20 9.059144e-21
5.261672e+00 1.169923e-19 9.093106e-21
5.262337e+00 8.344921e-20 8.453271e-21
5.263002e+00 4.032831e-20 8.329049e-21
5.263667e+00 1.326550e-20 8.587555e-21
5.264332e+00 1.196966e-19 8.345580e-21
5.264997e+00 3.343778e-20 8.251529e-21
5.265662e+00 2.051426e-23 8.516970e-21
5.266327e+00 4.332022e-20 8.228432e-21
5.266992e+00 3.947169e-20 8.648765e-21
5.267657e+00 -3.210280e-21 8.709144e-21
5.268322e+00 2.484083e-20 9.525878e-21
5.268987e+00 8.934749e-20 8.265742e-21
5.269652e+00 8.863167e-20 1.175306e-20
5.270317e+00 nan nan
