# Wavelength(um) Flux(erg/s/cm2/A) Flux_Err
2.870332e+00 -6.738784e-20 1.538661e-20
2.870997e+00 -7.118507e-22 1.102557e-20
2.871662e+00 -8.652817e-20 1.124205e-20
2.872327e+00 -1.065338e-19 1.173890e-20
2.872992e+00 3.963917e-20 1.091650e-20
2.873657e+00 -1.867427e-20 1.066039e-20
2.874322e+00 -4.176589e-20 1.063438e-20
2.874987e+00 9.393253e-21 1.075748e-20
2.875652e+00 5.361076e-20 1.135137e-20
2.876317e+00 1.807874e-21 1.153584e-20
2.876982e+00 4.462075e-20 1.057241e-20
2.877647e+00 7.240076e-21 1.051428e-20
2.878312e+00 3.975969e-20 1.060992e-20
2.878977e+00 2.849085e-20 1.189381e-20
2.879642e+00 1.179112e-19 1.053438e-20
2.880307e+00 1.063729e-20 1.099244e-20
2.880972e+00 3.788458e-20 1.087190e-20
2.881637e+00 3.185532e-20 1.184137e-20
2.882302e+00 -5.772122e-20 1.119631e-20
2.882967e+00 -4.835014e-20 1.150002e-20
2.883632e+00 3.229434e-20 1.149488e-20
2.884297e+00 1.753961e-20 1.042630e-20
2.884962e+00 1.166122e-20 1.331724e-20
2.885627e+00 -6.023762e-20 1.016867e-20
2.886292e+00 1.262742e-20 1.095150e-20
2.886957e+00 -2.710940e-20 1.067817e-20
2.887622e+00 -9.959595e-20 1.072831e-20
2.888287e+00 -1.785459e-21 1.029141e-20
2.888952e+00 -2.560292e-20 1.101946e-20
2.889617e+00 -1.482934e-20 1.020009e-20
2.890282e+00 -2.320504e-20 9.977006e-21
2.890947e+00 2.916786e-20 1.046532e-20
2.891612e+00 4.451991e-20 9.800972e-21
2.892277e+00 3.843228e-20 1.063216e-20
2.892942e+00 -7.761014e-21 1.054623e-20
2.893607e+00 3.399059e-20 9.483042e-21
2.894272e+00 8.530656e-20 9.360449e-21
2.894937e+00 8.045824e-20 9.441836e-21
2.895602e+00 1.177841e-20 1.108987e-20
2.896267e+00 1.231103e-19 1.042151e-20
2.896932e+00 8.469953e-20 9.739326e-21
2.897597e+00 3.255749e-20 9.186487e-21
2.898262e+00 5.371482e-21 9.177164e-21
2.898927e+00 -1.989740e-20 9.133917e-21
2.899592e+00 1.654108e-20 8.696011e-21
2.900257e+00 4.035728e-20 9.128798e-21
2.900922e+00 9.013493e-20 9.240585e-21
2.901587e+00 2.857450e-20 8.926216e-21
2.902252e+00 4.358502e-20 9.513230e-21
2.902917e+00 4.153284e-20 9.645090e-21
2.903582e+00 -2.394281e-20 9.566434e-21
2.904247e+00 -5.671720e-20 9.868088e-21
2.904912e+00 -3.820404e-20 1.012443e-20
2.905577e+00 3.832646e-20 9.865732e-21
2.906242e+00 -2.984322e-20 9.923124e-21
2.906907e+00 3.361395e-20 9.865334e-21
2.907572e+00 3.928514e-20 9.607428e-21
2.908237e+00 1.888145e-20 8.955164e-21
2.908902e+00 1.966872e-20 1.003980e-20
2.909567e+00 7.645157e-20 8.512309e-21
2.910232e+00 6.967669e-20 9.826902e-21
2.910897e+00 1.885731e-20 9.622745e-21
2.911562e+00 5.475031e-20 9.385807e-21
2.912227e+00 1.004337e-21 9.178756e-21
2.912892e+00 -2.570599e-20 9.694001e-21
2.913557e+00 5.127677e-20 8.819670e-21
2.914222e+00 -3.048266e-20 1.020098e-20
2.914887e+00 -1.206259e-19 1.173727e-20
2.915552e+00 -5.198361e-20 1.020438e-20
2.916217e+00 -9.910342e-20 9.601790e-21
2.916882e+00 1.065485e-19 9.107998e-21
2.917547e+00 2.896466e-20 8.095084e-21
2.918212e+00 3.305799e-21 1.012663e-20
2.918877e+00 3.178699e-20 9.489482e-21
2.919542e+00 -7.826645e-21 1.354029e-20
2.920207e+00 -1.021372e-19 8.171655e-21
2.920872e+00 5.682876e-20 8.509525e-21
2.921537e+00 8.269788e-22 8.518009e-21
2.922202e+00 2.990276e-20 8.140105e-21
2.922867e+00 -6.500427e-21 8.171638e-21
2.923532e+00 1.268413e-20 8.093897e-21
2.924197e+00 4.910909e-20 8.304648e-21
2.924862e+00 5.447347e-20 8.136887e-21
2.925527e+00 1.043122e-20 7.798510e-21
2.926192e+00 -2.896635e-20 8.016097e-21
2.926857e+00 3.449384e-20 8.003885e-21
2.927522e+00 5.469230e-20 8.373634e-21
2.928187e+00 3.880812e-20 8.051084e-21
2.928852e+00 -8.880174e-21 7.889036e-21
2.929517e+00 -7.618370e-20 8.211290e-21
2.930182e+00 -1.265846e-20 7.815241e-21
2.930847e+00 4.335540e-20 8.374505e-21
2.931512e+00 2.735521e-20 9.098314e-21
2.932177e+00 4.284613e-20 7.741164e-21
2.932842e+00 -2.835478e-20 8.435884e-21
2.933507e+00 -9.205935e-20 7.798193e-21
2.934172e+00 -6.614190e-20 8.181007e-21
2.934837e+00 -8.366158e-20 8.557103e-21
2.935502e+00 -4.372066e-20 8.012974e-21
2.936167e+00 -1.060456e-19 8.146564e-21
2.936832e+00 6.766404e-21 8.606786e-21
2.937497e+00 6.639203e-21 8.920454e-21
2.938162e+00 1.266180e-20 3.560767e-20
2.938827e+00 -7.678354e-20 2.218851e-20
2.939492e+00 -5.032871e-20 9.359929e-21
2.940157e+00 -1.042319e-19 1.552939e-20
2.940822e+00 -6.777337e-20 2.293435e-20
2.941487e+00 6.819239e-20 8.255554e-21
2.942152e+00 -5.352219e-20 7.929164e-21
2.942817e+00 1.036902e-20 8.264868e-21
2.943482e+00 -2.219639e-20 8.393487e-21
2.944147e+00 -4.173143e-20 7.530512e-21
2.944812e+00 8.812007e-22 7.851197e-21
2.945477e+00 -2.640673e-20 8.439798e-21
2.946142e+00 -2.922612e-20 8.430933e-21
2.946807e+00 -4.963000e-21 7.845017e-21
2.947472e+00 -4.851796e-20 7.598189e-21
2.948137e+00 -4.590871e-20 7.874802e-21
2.948802e+00 8.948412e-21 7.485251e-21
2.949467e+00 5.058503e-20 7.892545e-21
2.950132e+00 3.178243e-20 8.030042e-21
2.950797e+00 2.319239e-20 7.185126e-21
2.951462e+00 3.907535e-20 7.862353e-21
2.952127e+00 1.943732e-20 7.336895e-21
2.952792e+00 2.841038e-21 7.175266e-21
2.953457e+00 -3.660417e-20 7.160609e-21
2.954122e+00 -4.832960e-20 8.128587e-21
2.954787e+00 -5.719572e-20 7.530823e-21
2.955452e+00 -6.156588e-20 7.445622e-21
2.956117e+00 -5.718541e-20 8.161180e-21
2.956782e+00 -5.006883e-20 7.710621e-21
2.957447e+00 -3.110205e-20 7.631143e-21
2.958112e+00 2.296542e-20 7.122605e-21
2.958777e+00 7.949087e-20 6.980551e-21
2.959442e+00 4.351633e-20 7.301734e-21
2.960107e+00 7.343026e-20 7.900819e-21
2.960772e+00 5.232218e-20 7.305609e-21
2.961437e+00 -8.566008e-21 7.763829e-21
2.962102e+00 3.266623e-20 7.224164e-21
2.962767e+00 3.967343e-21 8.508020e-21
2.963432e+00 3.408230e-20 8.182752e-21
2.964097e+00 7.279932e-20 8.460592e-21
2.964762e+00 3.332000e-20 8.963944e-21
2.965427e+00 3.876834e-20 7.515320e-21
2.966092e+00 2.834746e-20 7.496510e-21
2.966757e+00 -3.976978e-20 7.767775e-21
2.967422e+00 5.377024e-20 7.695479e-21
2.968087e+00 2.403122e-20 7.763481e-21
2.968752e+00 2.941871e-20 8.283957e-21
2.969417e+00 6.266519e-20 7.378937e-21
2.970082e+00 1.835157e-20 7.392723e-21
2.970747e+00 3.766833e-21 7.336902e-21
2.971412e+00 -9.518308e-22 7.359146e-21
2.972077e+00 -3.739977e-21 7.596122e-21
2.972742e+00 4.484689e-20 9.305252e-21
2.973407e+00 2.771341e-20 7.909643e-21
2.974072e+00 -4.684799e-20 7.879532e-21
2.974737e+00 -2.977276e-20 7.072747e-21
2.975402e+00 -3.458197e-20 6.850452e-21
2.976067e+00 2.712850e-20 6.966205e-21
2.976732e+00 3.962515e-20 6.975740e-21
2.977397e+00 1.461689e-20 6.899203e-21
2.978062e+00 -2.481084e-21 7.199213e-21
2.978727e+00 -2.304012e-20 1.373780e-20
2.979392e+00 -1.289794e-20 1.653075e-20
2.980057e+00 9.520511e-21 1.620084e-20
2.980722e+00 4.422227e-20 1.319900e-20
2.981387e+00 -1.232676e-20 6.929013e-21
2.982052e+00 -4.748487e-20 6.890130e-21
2.982717e+00 -8.696278e-21 6.906994e-21
2.983382e+00 5.224588e-21 6.676953e-21
2.984047e+00 3.075944e-20 6.660387e-21
2.984712e+00 -9.868966e-21 7.067185e-21
2.985377e+00 -4.799981e-20 7.192311e-21
2.986042e+00 9.262114e-21 6.711164e-21
2.986707e+00 6.582963e-21 6.954192e-21
2.987372e+00 8.888526e-20 1.847571e-20
2.988037e+00 9.335420e-20 3.146472e-20
2.988702e+00 2.914829e-20 6.803968e-21
2.989367e+00 1.145180e-19 7.294848e-21
2.990032e+00 8.137074e-20 7.190701e-21
2.990697e+00 3.547987e-20 7.274729e-21
2.991362e+00 -1.965553e-20 8.043735e-21
2.992027e+00 4.125092e-21 8.372758e-21
2.992692e+00 -7.089625e-21 7.061654e-21
2.993357e+00 1.266450e-20 8.398559e-21
2.994022e+00 -1.245221e-19 7.643467e-21
2.994687e+00 -3.342598e-20 7.399632e-21
2.995352e+00 3.296537e-20 7.491413e-21
2.996017e+00 4.191903e-21 7.972754e-21
2.996682e+00 5.573357e-20 7.429029e-21
2.997347e+00 5.568147e-20 8.197290e-21
2.998012e+00 8.155035e-21 8.457122e-21
2.998677e+00 1.764660e-20 7.491881e-21
2.999342e+00 -1.247414e-20 6.782975e-21
3.000007e+00 3.125535e-20 7.034596e-21
3.000672e+00 5.437112e-20 8.129276e-21
3.001337e+00 2.437730e-20 6.486269e-21
3.002002e+00 -8.610486e-20 6.891491e-21
3.002667e+00 -4.741065e-20 7.392073e-21
3.003332e+00 -7.425623e-20 6.928316e-21
3.003997e+00 -8.979581e-20 7.420014e-21
3.004662e+00 -3.326370e-20 6.962309e-21
3.005327e+00 -5.405006e-20 6.586377e-21
3.005992e+00 -3.757813e-21 6.240532e-21
3.006657e+00 -1.634527e-20 6.420196e-21
3.007322e+00 -3.634704e-20 6.337403e-21
3.007987e+00 -3.255346e-20 6.184840e-21
3.008652e+00 -1.462292e-20 6.612961e-21
3.009317e+00 1.339964e-21 6.623827e-21
3.009982e+00 4.692789e-20 6.140057e-21
3.010647e+00 9.448852e-20 6.906247e-21
3.011312e+00 6.094669e-20 6.565198e-21
3.011977e+00 8.435669e-21 6.174892e-21
3.012642e+00 -2.336970e-20 6.446174e-21
3.013307e+00 3.397788e-20 6.682349e-21
3.013972e+00 6.569520e-20 6.542301e-21
3.014637e+00 3.769436e-20 6.660506e-21
3.015302e+00 1.130004e-20 7.045578e-21
3.015967e+00 2.498968e-20 7.004250e-21
3.016632e+00 1.643682e-20 7.422940e-21
3.017297e+00 2.446534e-20 7.001930e-21
3.017962e+00 5.880150e-20 7.642421e-21
3.018627e+00 -5.695611e-20 6.828940e-21
3.019292e+00 -2.925065e-20 6.995495e-21
3.019957e+00 4.125828e-20 7.009600e-21
3.020622e+00 6.224037e-20 6.977027e-21
3.021287e+00 -3.930404e-20 7.041417e-21
3.021952e+00 -1.054619e-21 6.803017e-21
3.022617e+00 -7.170179e-20 7.089841e-21
3.023282e+00 -9.755893e-20 7.277670e-21
3.023947e+00 -2.316075e-20 6.944694e-21
3.024612e+00 -3.449246e-20 7.158193e-21
3.025277e+00 -2.575837e-20 7.148717e-21
3.025942e+00 1.681770e-20 7.156103e-21
3.026607e+00 2.893369e-20 6.904077e-21
3.027272e+00 1.947188e-20 6.626702e-21
3.027937e+00 3.691305e-20 7.014409e-21
3.028602e+00 1.063228e-20 7.093976e-21
3.029267e+00 3.173128e-20 6.311475e-21
3.029932e+00 9.575035e-22 6.694385e-21
3.030597e+00 7.194304e-20 6.538871e-21
3.031262e+00 2.805323e-20 6.892030e-21
3.031927e+00 -2.136698e-21 7.001528e-21
3.032592e+00 4.990521e-20 6.826880e-21
3.033257e+00 5.803835e-20 6.005816e-21
3.033922e+00 4.518519e-20 5.614029e-21
3.034587e+00 1.347382e-20 6.804915e-21
3.035252e+00 -8.257802e-21 6.450859e-21
3.035917e+00 4.406672e-21 6.518050e-21
3.036582e+00 1.061248e-20 6.402869e-21
3.037247e+00 1.070828e-20 6.281465e-21
3.037912e+00 2.996708e-20 6.537002e-21
3.038577e+00 2.117997e-20 6.165762e-21
3.039242e+00 -1.502379e-20 6.347080e-21
3.039907e+00 -5.046103e-21 6.341967e-21
3.040572e+00 2.979699e-20 6.412220e-21
3.041237e+00 3.811504e-20 5.814272e-21
3.041902e+00 3.913542e-20 6.279536e-21
3.042567e+00 -7.126586e-21 6.174324e-21
3.043232e+00 -1.035532e-22 6.187972e-21
3.043897e+00 1.706003e-20 6.075891e-21
3.044562e+00 8.486518e-21 6.339867e-21
3.045227e+00 2.353547e-21 6.530632e-21
3.045892e+00 1.003614e-20 6.797981e-21
3.046557e+00 -6.036788e-20 6.881951e-21
3.047222e+00 -6.180871e-20 6.862653e-21
3.047887e+00 -1.222713e-20 7.031669e-21
3.048552e+00 -1.138187e-20 7.249920e-21
3.049217e+00 2.698913e-21 7.046182e-21
3.049882e+00 2.054937e-20 7.410153e-21
3.050547e+00 -6.684471e-21 6.698029e-21
3.051212e+00 -2.030623e-20 6.648420e-21
3.051877e+00 -8.808208e-20 7.783865e-21
3.052542e+00 -2.743100e-21 6.596253e-21
3.053207e+00 -7.936997e-21 6.960751e-21
3.053872e+00 5.283329e-20 6.861402e-21
3.054537e+00 4.532235e-20 6.879804e-21
3.055202e+00 5.983180e-20 6.529681e-21
3.055867e+00 4.793243e-20 6.966334e-21
3.056532e+00 3.746010e-20 6.695830e-21
3.057197e+00 5.004803e-20 6.052575e-21
3.057862e+00 2.348527e-20 6.373023e-21
3.058527e+00 -6.199062e-22 6.785746e-21
3.059192e+00 -5.972353e-22 6.726824e-21
3.059857e+00 3.352888e-20 6.573289e-21
3.060522e+00 4.650793e-20 6.407236e-21
3.061187e+00 3.845000e-20 6.276381e-21
3.061852e+00 -9.316971e-22 6.009119e-21
3.062517e+00 4.844653e-20 6.197205e-21
3.063182e+00 3.830757e-20 6.153120e-21
3.063847e+00 2.200579e-20 6.087729e-21
3.064512e+00 2.338436e-20 5.828896e-21
3.065177e+00 1.063365e-20 6.009727e-21
3.065842e+00 6.662091e-20 5.743400e-21
3.066507e+00 3.288246e-20 1.768076e-20
3.067172e+00 4.468826e-21 1.233070e-20
3.067837e+00 -2.508462e-20 1.068532e-20
3.068502e+00 -3.288447e-21 8.364737e-21
3.069167e+00 1.308131e-20 7.009010e-21
3.069832e+00 2.457384e-21 5.942628e-21
3.070497e+00 -5.360393e-20 5.832333e-21
3.071162e+00 2.529451e-21 6.081361e-21
3.071827e+00 3.138713e-20 5.655120e-21
3.072492e+00 5.039136e-20 5.987073e-21
3.073157e+00 1.779999e-20 5.850916e-21
3.073822e+00 -1.834118e-20 6.367683e-21
3.074487e+00 -3.516881e-20 6.446280e-21
3.075152e+00 9.662564e-21 6.477993e-21
3.075817e+00 2.732054e-20 6.232207e-21
3.076482e+00 3.071911e-20 6.899112e-21
3.077147e+00 7.513901e-20 6.389864e-21
3.077812e+00 4.977570e-20 6.280317e-21
3.078477e+00 8.756088e-21 6.232529e-21
3.079142e+00 1.877603e-20 6.487830e-21
3.079807e+00 -3.201674e-20 6.638975e-21
3.080472e+00 3.198811e-20 7.791452e-21
3.081137e+00 8.729874e-20 7.712020e-21
3.081802e+00 4.106031e-20 6.558389e-21
3.082467e+00 1.658520e-20 6.358598e-21
3.083132e+00 1.266754e-20 6.338829e-21
3.083797e+00 2.021920e-20 6.170763e-21
3.084462e+00 -1.923687e-21 6.210231e-21
3.085127e+00 1.521012e-20 6.178818e-21
3.085792e+00 1.718338e-20 5.976564e-21
3.086457e+00 2.079195e-20 6.244832e-21
3.087122e+00 4.964670e-20 6.491516e-21
3.087787e+00 7.291851e-20 5.790633e-21
3.088452e+00 3.358059e-20 5.569833e-21
3.089117e+00 -2.467097e-20 6.062609e-21
3.089782e+00 -5.360154e-20 5.896961e-21
3.090447e+00 -4.431496e-20 6.403320e-21
3.091112e+00 -1.296884e-20 5.466330e-21
3.091777e+00 9.274097e-21 5.287160e-21
3.092442e+00 5.589862e-22 5.470915e-21
3.093107e+00 3.134223e-21 5.650690e-21
3.093772e+00 -1.341586e-20 5.713373e-21
3.094437e+00 -2.428247e-20 5.683483e-21
3.095102e+00 1.624691e-20 6.305061e-21
3.095767e+00 4.314433e-20 5.866818e-21
3.096432e+00 2.093152e-21 5.761758e-21
3.097097e+00 -6.115478e-21 5.679686e-21
3.097762e+00 4.917510e-20 5.406899e-21
3.098427e+00 -1.300089e-20 5.989544e-21
3.099092e+00 -3.882033e-20 5.316809e-21
3.099757e+00 -1.697585e-20 5.591110e-21
3.100422e+00 -8.232249e-21 5.496027e-21
3.101087e+00 2.984545e-20 5.559161e-21
3.101752e+00 9.230044e-21 6.498814e-21
3.102417e+00 -4.182916e-20 6.014096e-21
3.103082e+00 1.131983e-20 6.244722e-21
3.103747e+00 3.393751e-20 5.970902e-21
3.104412e+00 6.423117e-20 5.831814e-21
3.105077e+00 3.472901e-20 5.762118e-21
3.105742e+00 6.531932e-20 6.421476e-21
3.106407e+00 5.581081e-20 5.659697e-21
3.107072e+00 7.460892e-20 6.110760e-21
3.107737e+00 -2.400584e-20 6.220789e-21
3.108402e+00 -2.764115e-20 6.180350e-21
3.109067e+00 -1.316885e-20 6.147078e-21
3.109732e+00 1.964011e-20 6.160946e-21
3.110397e+00 -1.693753e-20 6.040611e-21
3.111062e+00 5.425362e-21 6.149301e-21
3.111727e+00 5.854036e-20 5.740654e-21
3.112392e+00 9.063384e-20 6.609556e-21
3.113057e+00 5.149256e-20 6.094269e-21
3.113722e+00 -3.862844e-20 5.882416e-21
3.114387e+00 4.957654e-20 5.828295e-21
3.115052e+00 2.723088e-20 6.111312e-21
3.115717e+00 5.137683e-20 5.822604e-21
3.116382e+00 -6.696638e-21 6.025490e-21
3.117047e+00 5.017034e-20 6.332656e-21
3.117712e+00 1.377830e-20 6.351394e-21
3.118377e+00 -1.547012e-20 5.830383e-21
3.119042e+00 -1.431404e-20 5.595183e-21
3.119707e+00 2.626057e-20 5.870985e-21
3.120372e+00 3.439854e-20 5.894118e-21
3.121037e+00 3.522455e-20 5.465639e-21
3.121702e+00 1.580262e-20 5.370747e-21
3.122367e+00 2.435282e-21 5.391531e-21
3.123032e+00 -4.122309e-20 5.100345e-21
3.123697e+00 -5.239347e-20 5.609152e-21
3.124362e+00 -3.114227e-20 5.515021e-21
3.125027e+00 -2.385347e-20 6.109809e-21
3.125692e+00 -1.943419e-21 5.610696e-21
3.126357e+00 3.588860e-20 5.572900e-21
3.127022e+00 6.183218e-20 5.498128e-21
3.127687e+00 2.127548e-20 5.601395e-21
3.128352e+00 -3.373108e-20 6.614335e-21
3.129017e+00 1.209654e-20 5.970836e-21
3.129682e+00 1.777687e-20 6.467373e-21
3.130347e+00 1.011928e-20 6.173844e-21
3.131012e+00 -3.378594e-20 5.528353e-21
3.131677e+00 -2.510726e-20 6.358709e-21
3.132342e+00 1.379096e-20 6.310452e-21
3.133007e+00 -1.990043e-21 6.878743e-21
3.133672e+00 5.159401e-21 6.596212e-21
3.134337e+00 -6.123052e-21 5.632164e-21
3.135002e+00 2.763763e-20 6.173697e-21
3.135667e+00 5.635977e-21 6.502750e-21
3.136332e+00 2.856710e-20 1.046622e-20
3.136997e+00 -2.880990e-20 8.209553e-21
3.137662e+00 -3.821875e-20 8.921366e-21
3.138327e+00 6.081684e-21 5.898917e-21
3.138992e+00 -3.409705e-20 5.969059e-21
3.139657e+00 7.543673e-20 5.893636e-21
3.140322e+00 -2.691601e-20 5.681844e-21
3.140987e+00 2.482277e-20 6.052477e-21
3.141652e+00 -1.920320e-20 6.028724e-21
3.142317e+00 3.967246e-20 5.776121e-21
3.142982e+00 -1.616634e-20 5.729178e-21
3.143647e+00 3.189163e-20 5.768413e-21
3.144312e+00 2.172828e-20 6.043038e-21
3.144977e+00 -9.869362e-21 5.612483e-21
3.145642e+00 -4.327465e-20 5.521741e-21
3.146307e+00 1.942516e-20 5.245510e-21
3.146972e+00 4.553949e-20 5.772173e-21
3.147637e+00 2.028939e-20 5.648782e-21
3.148302e+00 -1.513962e-20 5.777826e-21
3.148967e+00 8.336764e-21 5.575696e-21
3.149632e+00 1.333625e-20 5.651830e-21
3.150297e+00 3.568481e-20 9.476386e-21
3.150962e+00 4.729501e-20 6.854345e-21
3.151627e+00 3.915892e-20 1.098497e-20
3.152292e+00 2.029995e-20 5.623830e-21
3.152957e+00 -2.782792e-20 5.698771e-21
3.153622e+00 1.273155e-20 5.888766e-21
3.154287e+00 -8.402809e-21 5.638393e-21
3.154952e+00 -4.817795e-22 5.563033e-21
3.155617e+00 2.867816e-21 6.017329e-21
3.156282e+00 -4.037207e-20 5.651337e-21
3.156947e+00 2.717772e-20 9.725511e-21
3.157612e+00 1.210229e-19 2.149396e-20
3.158277e+00 1.405368e-19 1.248291e-20
3.158942e+00 1.239271e-19 1.414143e-20
3.159607e+00 3.630647e-20 5.574836e-21
3.160272e+00 6.636882e-20 5.467894e-21
3.160937e+00 1.137371e-20 5.607605e-21
3.161602e+00 -2.876469e-20 6.124263e-21
3.162267e+00 -1.033708e-20 5.454026e-21
3.162932e+00 1.972344e-20 6.403674e-21
3.163597e+00 2.486130e-20 5.615259e-21
3.164262e+00 3.454297e-20 5.667202e-21
3.164927e+00 1.037754e-20 5.426611e-21
3.165592e+00 -1.730831e-20 5.788259e-21
3.166257e+00 6.600442e-20 6.062382e-21
3.166922e+00 1.369231e-20 6.519226e-21
3.167587e+00 -2.699797e-20 5.646469e-21
3.168252e+00 -3.191203e-20 6.028607e-21
3.168917e+00 -2.584421e-20 6.750352e-21
3.169582e+00 -1.001379e-20 5.717296e-21
3.170247e+00 7.127412e-20 4.877863e-20
3.170912e+00 7.025378e-20 2.389170e-20
3.171577e+00 1.801206e-20 4.747485e-20
3.172242e+00 -3.457128e-20 1.345289e-20
3.172907e+00 3.823308e-20 5.882634e-21
3.173572e+00 -2.143971e-20 5.338630e-21
3.174237e+00 5.994908e-20 5.087491e-21
3.174902e+00 6.198425e-21 5.443714e-21
3.175567e+00 -2.371794e-21 5.971849e-21
3.176232e+00 -4.052140e-20 5.589259e-21
3.176897e+00 -1.497650e-20 5.520612e-21
3.177562e+00 3.289774e-20 5.437602e-21
3.178227e+00 4.275957e-20 5.788373e-21
3.178892e+00 4.740404e-20 5.321846e-21
3.179557e+00 -9.476367e-21 5.292523e-21
3.180222e+00 2.186067e-20 1.429915e-20
3.180887e+00 3.909419e-20 1.045672e-20
3.181552e+00 6.895667e-20 1.465918e-20
3.182217e+00 2.271264e-20 5.847002e-21
3.182882e+00 -2.963719e-20 5.279803e-21
3.183547e+00 2.277984e-20 5.575601e-21
3.184212e+00 4.091010e-21 5.131572e-21
3.184877e+00 -1.077101e-20 5.249852e-21
3.185542e+00 -9.695404e-21 5.311996e-21
3.186207e+00 5.498325e-22 5.347179e-21
3.186872e+00 5.820306e-20 7.564875e-21
3.187537e+00 2.605963e-20 6.391333e-21
3.188202e+00 5.445328e-21 5.260915e-21
3.188867e+00 -4.614304e-21 5.410810e-21
3.189532e+00 -1.857944e-21 5.430582e-21
3.190197e+00 -3.959015e-20 6.190434e-21
3.190862e+00 -4.361944e-21 5.601024e-21
3.191527e+00 5.944063e-20 4.910099e-21
3.192192e+00 1.921231e-20 5.269385e-21
3.192857e+00 3.993711e-20 5.343797e-21
3.193522e+00 5.374251e-20 5.615902e-21
3.194187e+00 5.856743e-20 6.096146e-21
3.194852e+00 9.138527e-21 6.081393e-21
3.195517e+00 -3.336385e-20 6.560852e-21
3.196182e+00 1.207493e-21 6.392876e-21
3.196847e+00 4.440904e-20 5.748804e-21
3.197512e+00 1.697411e-21 5.351482e-21
3.198177e+00 1.563722e-20 5.680551e-21
3.198842e+00 6.919576e-20 6.671643e-21
3.199507e+00 7.349779e-20 6.807107e-21
3.200172e+00 1.500516e-19 5.950256e-21
3.200837e+00 1.893511e-20 5.447226e-21
3.201502e+00 -1.764281e-20 5.166791e-21
3.202167e+00 -1.831573e-20 5.517526e-21
3.202832e+00 1.562059e-20 5.699208e-21
3.203497e+00 3.159183e-20 5.778171e-21
3.204162e+00 4.876088e-20 5.159593e-21
3.204827e+00 -4.229563e-21 5.154402e-21
3.205492e+00 1.866718e-20 5.311502e-21
3.206157e+00 1.033634e-20 5.106407e-21
3.206822e+00 5.296791e-20 5.493875e-21
3.207487e+00 4.123483e-20 5.178327e-21
3.208152e+00 4.219971e-20 4.815351e-21
3.208817e+00 6.823321e-21 5.038714e-21
3.209482e+00 2.958580e-21 5.533592e-21
3.210147e+00 4.138417e-20 5.055979e-21
3.210812e+00 4.324013e-20 5.533685e-21
3.211477e+00 8.592100e-20 5.267742e-21
3.212142e+00 4.630840e-20 5.103006e-21
3.212807e+00 4.441353e-20 5.041170e-21
3.213472e+00 3.017277e-20 4.978005e-21
3.214137e+00 2.402879e-20 5.103937e-21
3.214802e+00 3.840862e-20 5.038931e-21
3.215467e+00 2.021960e-20 5.163352e-21
3.216132e+00 2.072861e-20 4.924950e-21
3.216797e+00 3.366428e-20 5.391927e-21
3.217462e+00 4.079411e-20 5.604962e-21
3.218127e+00 5.503046e-20 5.281605e-21
3.218792e+00 5.343687e-20 5.290786e-21
3.219457e+00 6.300068e-20 5.032327e-21
3.220122e+00 6.221950e-20 4.995965e-21
3.220787e+00 6.156635e-20 5.564998e-21
3.221452e+00 3.785372e-21 5.657813e-21
3.222117e+00 2.613337e-20 5.715472e-21
3.222782e+00 1.851660e-20 5.715308e-21
3.223447e+00 -2.057262e-21 5.932695e-21
3.224112e+00 1.033256e-20 6.053569e-21
3.224777e+00 8.813716e-20 6.431213e-21
3.225442e+00 -6.317982e-21 5.848963e-21
3.226107e+00 1.263804e-20 5.516962e-21
3.226772e+00 2.240000e-20 5.394307e-21
3.227437e+00 6.518772e-20 5.275931e-21
3.228102e+00 -7.555440e-21 4.969956e-21
3.228767e+00 7.065513e-21 5.215291e-21
3.229432e+00 4.150860e-20 5.455206e-21
3.230097e+00 5.878232e-20 5.355105e-21
3.230762e+00 -1.695091e-20 5.189112e-21
3.231427e+00 5.207757e-20 5.082577e-21
3.232092e+00 1.046760e-20 5.022894e-21
3.232757e+00 6.236223e-21 5.217263e-21
3.233422e+00 -1.904020e-20 5.211805e-21
3.234087e+00 6.816448e-21 4.937053e-21
3.234752e+00 2.049246e-20 5.337711e-21
3.235417e+00 2.316128e-20 5.073017e-21
3.236082e+00 3.341979e-20 5.208039e-21
3.236747e+00 -6.239517e-21 5.564146e-21
3.237412e+00 -6.674789e-20 5.077547e-21
3.238077e+00 -4.483895e-20 4.814665e-21
3.238742e+00 -2.749958e-20 4.882900e-21
3.239407e+00 1.654243e-20 4.923291e-21
3.240072e+00 -1.530424e-21 4.916398e-21
3.240737e+00 -2.035458e-20 4.591049e-21
3.241402e+00 6.703542e-21 4.877550e-21
3.242067e+00 -1.660281e-20 1.040149e-20
3.242732e+00 1.613439e-20 1.647836e-20
3.243397e+00 9.308448e-21 5.858224e-21
3.244062e+00 2.646874e-20 7.252657e-21
3.244727e+00 -7.825816e-21 4.859742e-21
3.245392e+00 1.206949e-20 5.089648e-21
3.246057e+00 -3.038620e-20 1.073429e-20
3.246722e+00 3.406039e-20 1.343061e-20
3.247387e+00 3.188817e-20 2.102552e-20
3.248052e+00 3.143315e-20 1.938506e-20
3.248717e+00 2.880239e-20 5.119627e-21
3.249382e+00 -6.189825e-21 5.240902e-21
3.250047e+00 -3.391944e-20 5.109404e-21
3.250712e+00 -6.680338e-21 5.289176e-21
3.251377e+00 2.375668e-20 5.005670e-21
3.252042e+00 2.664640e-20 5.160271e-21
3.252707e+00 1.423187e-21 5.032504e-21
3.253372e+00 1.372293e-20 5.121998e-21
3.254037e+00 9.459827e-21 5.280400e-21
3.254702e+00 3.761700e-20 5.800960e-21
3.255367e+00 -9.860133e-21 5.292293e-21
3.256032e+00 -5.997428e-20 5.558182e-21
3.256697e+00 1.386274e-20 5.639001e-21
3.257362e+00 3.911782e-20 5.373390e-21
3.258027e+00 -5.368366e-20 5.305150e-21
3.258692e+00 -1.722028e-20 5.651171e-21
3.259357e+00 4.065624e-20 5.758213e-21
3.260022e+00 -3.776856e-21 6.233842e-21
3.260687e+00 -4.561051e-20 5.534218e-21
3.261352e+00 4.531947e-20 5.535624e-21
3.262017e+00 3.859199e-20 5.824254e-21
3.262682e+00 1.945193e-20 6.734112e-21
3.263347e+00 -2.554230e-20 7.728444e-21
3.264012e+00 1.291337e-20 9.747217e-21
3.264677e+00 5.685933e-20 1.179054e-20
3.265342e+00 2.424902e-20 1.116823e-20
3.266007e+00 5.342468e-20 8.313854e-21
3.266672e+00 7.698394e-20 8.960211e-21
3.267337e+00 3.120039e-20 6.500631e-21
3.268002e+00 5.112958e-20 6.287065e-21
3.268667e+00 2.803135e-20 5.195299e-21
3.269332e+00 -1.105214e-20 4.993266e-21
3.269997e+00 -2.137464e-20 5.226189e-21
3.270662e+00 1.356752e-20 5.211829e-21
3.271327e+00 -2.477967e-21 5.156021e-21
3.271992e+00 1.106232e-20 5.301883e-21
3.272657e+00 1.221320e-20 5.056854e-21
3.273322e+00 -9.681943e-22 5.100113e-21
3.273987e+00 -2.861402e-21 5.047481e-21
3.274652e+00 -2.688731e-21 5.182538e-21
3.275317e+00 -4.397453e-21 5.622064e-21
3.275982e+00 5.816771e-21 4.941372e-21
3.276647e+00 4.346874e-20 5.363374e-21
3.277312e+00 5.654015e-20 5.111878e-21
3.277977e+00 -6.064969e-23 5.359057e-21
3.278642e+00 1.506473e-20 4.970190e-21
3.279307e+00 5.412593e-20 5.203969e-21
3.279972e+00 5.131524e-20 4.937711e-21
3.280637e+00 -2.245431e-20 4.662106e-21
3.281302e+00 -6.287013e-21 5.110956e-21
3.281967e+00 2.275895e-20 5.054522e-21
3.282632e+00 1.529076e-20 4.896112e-21
3.283297e+00 2.254113e-20 5.326989e-21
3.283962e+00 2.957843e-21 5.736109e-21
3.284627e+00 2.565266e-20 4.986946e-21
3.285292e+00 2.119572e-20 5.161280e-21
3.285957e+00 -2.006202e-20 5.306428e-21
3.286622e+00 1.022728e-20 5.385686e-21
3.287287e+00 6.340949e-21 5.403557e-21
3.287952e+00 1.234161e-20 5.223953e-21
3.288617e+00 -1.780921e-21 5.249802e-21
3.289282e+00 1.127756e-21 5.513751e-21
3.289947e+00 -4.374672e-20 5.290419e-21
3.290612e+00 1.492184e-20 5.339370e-21
3.291277e+00 4.248216e-20 5.254120e-21
3.291942e+00 4.560542e-20 5.255803e-21
3.292607e+00 1.108654e-19 5.453435e-21
3.293272e+00 3.075005e-20 5.107546e-21
3.293937e+00 1.210771e-20 5.397559e-21
3.294602e+00 -1.287600e-20 5.672701e-21
3.295267e+00 6.746696e-20 5.424933e-21
3.295932e+00 1.698815e-21 5.103086e-21
3.296597e+00 5.536347e-20 4.975989e-21
3.297262e+00 4.869640e-20 5.351287e-21
3.297927e+00 3.255162e-20 4.935219e-21
3.298592e+00 -1.416836e-21 5.352272e-21
3.299257e+00 3.446696e-20 5.288871e-21
3.299922e+00 4.947199e-20 5.264685e-21
3.300587e+00 2.571338e-20 6.265311e-21
3.301252e+00 1.640109e-20 5.145653e-21
3.301917e+00 1.149774e-20 5.813900e-21
3.302582e+00 3.677130e-20 4.859674e-21
3.303247e+00 3.507962e-20 5.166580e-21
3.303912e+00 5.687568e-20 5.005504e-21
3.304577e+00 4.703392e-20 5.437927e-21
3.305242e+00 4.063100e-20 5.321638e-21
3.305907e+00 -3.198412e-20 4.583335e-21
3.306572e+00 -2.262889e-20 4.762231e-21
3.307237e+00 2.459669e-21 5.079575e-21
3.307902e+00 1.330092e-20 5.054297e-21
3.308567e+00 -1.936861e-21 5.060602e-21
3.309232e+00 3.197740e-21 4.976213e-21
3.309897e+00 4.471659e-20 5.437304e-21
3.310562e+00 2.986549e-20 5.155576e-21
3.311227e+00 4.564655e-21 5.217669e-21
3.311892e+00 1.549181e-20 4.957774e-21
3.312557e+00 2.794850e-20 5.381318e-21
3.313222e+00 -2.790873e-20 5.486150e-21
3.313887e+00 6.799699e-21 5.199992e-21
3.314552e+00 1.899163e-20 4.918821e-21
3.315217e+00 5.166253e-21 5.147603e-21
3.315882e+00 -2.415319e-20 5.283992e-21
3.316547e+00 1.056702e-21 5.291111e-21
3.317212e+00 -4.025518e-22 5.203266e-21
3.317877e+00 3.921696e-20 4.943854e-21
3.318542e+00 4.076617e-20 5.199517e-21
3.319207e+00 3.589550e-20 5.357142e-21
3.319872e+00 2.086487e-20 5.753192e-21
3.320537e+00 3.225762e-21 5.292957e-21
3.321202e+00 -2.702199e-20 5.426586e-21
3.321867e+00 3.704215e-20 5.541295e-21
3.322532e+00 -2.378656e-21 5.229766e-21
3.323197e+00 -9.402749e-21 5.664835e-21
3.323862e+00 -2.641781e-21 5.444057e-21
3.324527e+00 2.180481e-20 5.388351e-21
3.325192e+00 5.901379e-20 5.990015e-21
3.325857e+00 5.694079e-20 5.420842e-21
3.326522e+00 7.196023e-20 4.868775e-21
3.327187e+00 -1.689880e-20 1.440303e-20
3.327852e+00 -1.970878e-20 1.472670e-20
3.328517e+00 4.338121e-20 1.893412e-20
3.329182e+00 6.585191e-20 1.205523e-20
3.329847e+00 -1.404048e-20 5.461073e-21
3.330512e+00 2.518773e-20 5.321541e-21
3.331177e+00 2.472977e-20 5.245932e-21
3.331842e+00 2.997285e-20 5.308301e-21
3.332507e+00 2.607467e-20 4.969357e-21
3.333172e+00 4.393242e-20 5.179724e-21
3.333837e+00 6.048535e-20 5.108238e-21
3.334502e+00 3.524556e-20 5.517092e-21
3.335167e+00 1.644010e-20 5.034707e-21
3.335832e+00 5.438736e-20 5.047529e-21
3.336497e+00 3.472442e-20 4.616229e-21
3.337162e+00 1.638198e-20 4.755442e-21
3.337827e+00 -3.470849e-21 5.285996e-21
3.338492e+00 -8.748748e-21 5.027560e-21
3.339157e+00 -1.333399e-21 4.673491e-21
3.339822e+00 7.241420e-21 5.385613e-21
3.340487e+00 -3.703602e-21 4.844644e-21
3.341152e+00 3.414326e-20 5.126321e-21
3.341817e+00 1.127756e-20 5.133369e-21
3.342482e+00 3.310569e-20 4.950225e-21
3.343147e+00 2.278174e-20 5.571965e-21
3.343812e+00 -6.184045e-21 5.228190e-21
3.344477e+00 3.675542e-20 5.742444e-21
3.345142e+00 3.308729e-20 5.172736e-21
3.345807e+00 1.795547e-20 5.135828e-21
3.346472e+00 2.643236e-20 4.971864e-21
3.347137e+00 1.427071e-20 5.360801e-21
3.347802e+00 1.222965e-20 4.908901e-21
3.348467e+00 8.120630e-21 5.548366e-21
3.349132e+00 1.552557e-21 5.252574e-21
3.349797e+00 -2.531142e-20 5.126044e-21
3.350462e+00 2.768229e-20 4.849487e-21
3.351127e+00 -1.217778e-20 4.701786e-21
3.351792e+00 -7.369898e-20 4.829283e-21
3.352457e+00 -9.451897e-21 4.813419e-21
3.353122e+00 -2.436285e-20 5.146949e-21
3.353787e+00 -1.792982e-20 5.235719e-21
3.354452e+00 -7.884983e-20 5.220392e-21
3.355117e+00 -2.034169e-20 5.180837e-21
3.355782e+00 -4.598751e-21 5.048876e-21
3.356447e+00 -1.995066e-21 4.953244e-21
3.357112e+00 8.383436e-21 5.332755e-21
3.357777e+00 3.177814e-20 4.730626e-21
3.358442e+00 7.023658e-22 5.002516e-21
3.359107e+00 -1.123108e-20 5.315965e-21
3.359772e+00 3.641125e-21 5.596559e-21
3.360437e+00 1.724607e-20 5.102378e-21
3.361102e+00 1.983571e-20 4.787407e-21
3.361767e+00 -1.123148e-20 5.074912e-21
3.362432e+00 2.116629e-20 9.099085e-21
3.363097e+00 2.136307e-20 1.515293e-20
3.363762e+00 -2.105237e-20 1.412415e-20
3.364427e+00 -4.770490e-20 1.431838e-20
3.365092e+00 8.159638e-21 4.606815e-21
3.365757e+00 2.471821e-21 4.674109e-21
3.366422e+00 5.040816e-20 4.844604e-21
3.367087e+00 4.411348e-20 5.447300e-21
3.367752e+00 3.464556e-20 4.722968e-21
3.368417e+00 3.415032e-20 5.066728e-21
3.369082e+00 1.422132e-20 5.217409e-21
3.369747e+00 5.878001e-20 5.123245e-21
3.370412e+00 -1.460263e-21 4.704585e-21
3.371077e+00 -2.559669e-20 5.174926e-21
3.371742e+00 -3.078687e-20 4.929549e-21
3.372407e+00 -3.611066e-20 5.028877e-21
3.373072e+00 2.011136e-20 4.780790e-21
3.373737e+00 7.729361e-21 4.782919e-21
3.374402e+00 8.564295e-21 5.038155e-21
3.375067e+00 3.888525e-20 4.938183e-21
3.375732e+00 9.885371e-21 4.829057e-21
3.376397e+00 2.028455e-20 4.769048e-21
3.377062e+00 8.949816e-21 4.951494e-21
3.377727e+00 3.100039e-21 4.785934e-21
3.378392e+00 -2.936538e-20 4.629755e-21
3.379057e+00 8.831518e-23 5.026523e-21
3.379722e+00 4.226111e-20 4.696106e-21
3.380387e+00 5.869729e-20 4.786330e-21
3.381052e+00 -2.114441e-20 5.058541e-21
3.381717e+00 -5.709978e-21 5.705680e-21
3.382382e+00 2.554119e-20 5.282614e-21
3.383047e+00 3.897812e-20 5.184747e-21
3.383712e+00 -1.021366e-20 4.747645e-21
3.384377e+00 -5.288020e-21 4.961530e-21
3.385042e+00 7.590356e-20 4.983400e-21
3.385707e+00 7.810666e-20 4.900722e-21
3.386372e+00 6.923173e-21 4.751145e-21
3.387037e+00 -1.908771e-20 7.152947e-21
3.387702e+00 -4.156405e-20 4.855100e-21
3.388367e+00 -4.549442e-21 4.932988e-21
3.389032e+00 -2.044168e-21 4.950439e-21
3.389697e+00 2.398875e-20 4.840049e-21
3.390362e+00 3.642310e-20 4.800717e-21
3.391027e+00 5.375329e-21 5.222104e-21
3.391692e+00 5.205748e-20 6.337816e-21
3.392357e+00 6.872971e-20 9.269943e-21
3.393022e+00 -3.133613e-21 8.164441e-21
3.393687e+00 -2.173660e-20 8.173261e-21
3.394352e+00 -6.427787e-21 7.397716e-21
3.395017e+00 8.959603e-21 4.900709e-21
3.395682e+00 8.536879e-21 6.740331e-21
3.396347e+00 3.590431e-21 1.822170e-20
3.397012e+00 -2.020578e-20 4.698437e-21
3.397677e+00 7.390643e-21 5.025231e-21
3.398342e+00 2.941748e-20 6.285519e-21
3.399007e+00 2.516254e-20 4.713960e-21
3.399672e+00 -9.672487e-21 4.901495e-21
3.400337e+00 -2.574519e-21 5.569195e-21
3.401002e+00 5.906476e-20 4.921834e-21
3.401667e+00 1.702643e-20 4.464565e-21
3.402332e+00 7.676781e-20 4.686324e-21
3.402997e+00 5.459083e-20 5.234683e-21
3.403662e+00 -1.401107e-20 5.034774e-21
3.404327e+00 2.149999e-20 5.107389e-21
3.404992e+00 6.034175e-20 5.025614e-21
3.405657e+00 7.720765e-20 4.819921e-21
3.406322e+00 3.826937e-20 4.956407e-21
3.406987e+00 -5.668137e-21 4.780265e-21
3.407652e+00 3.524015e-21 4.562849e-21
3.408317e+00 3.862019e-21 4.605924e-21
3.408982e+00 -1.616131e-20 4.679319e-21
3.409647e+00 2.431657e-20 6.909615e-21
3.410312e+00 -1.159172e-20 1.005393e-20
3.410977e+00 7.591406e-21 1.354243e-20
3.411642e+00 -7.839588e-21 1.490886e-20
3.412307e+00 5.295740e-20 5.000056e-21
3.412972e+00 1.012265e-20 4.494873e-21
3.413637e+00 -2.321266e-20 5.512476e-21
3.414302e+00 -4.526566e-20 5.494408e-21
3.414967e+00 -1.737585e-20 5.802845e-21
3.415632e+00 8.050861e-20 6.246944e-21
3.416297e+00 1.086400e-19 6.601972e-21
3.416962e+00 8.465728e-20 7.003967e-21
3.417627e+00 3.030880e-20 5.170974e-21
3.418292e+00 4.924885e-21 4.866189e-21
3.418957e+00 3.675930e-20 9.262252e-21
3.419622e+00 2.739878e-20 4.135412e-20
3.420287e+00 4.076302e-20 3.611673e-20
3.420952e+00 1.579001e-20 7.307822e-21
3.421617e+00 7.635184e-21 4.623680e-21
3.422282e+00 7.979043e-21 4.746604e-21
3.422947e+00 1.574754e-20 4.873399e-21
3.423612e+00 3.366345e-21 4.684938e-21
3.424277e+00 2.448564e-20 4.673624e-21
3.424942e+00 6.054696e-22 5.036500e-21
3.425607e+00 1.483463e-20 4.890995e-21
3.426272e+00 1.202632e-20 4.852770e-21
3.426937e+00 -4.740250e-21 4.675071e-21
3.427602e+00 1.131030e-20 4.892467e-21
3.428267e+00 -3.926020e-22 4.666361e-21
3.428932e+00 -1.302862e-20 4.551963e-21
3.429597e+00 5.794862e-21 4.389311e-21
3.430262e+00 -1.597052e-20 4.789358e-21
3.430927e+00 1.309927e-21 4.656602e-21
3.431592e+00 -1.892200e-20 4.535080e-21
3.432257e+00 -5.834241e-21 4.443588e-21
3.432922e+00 5.668333e-22 4.702138e-21
3.433587e+00 4.425699e-20 4.948129e-21
3.434252e+00 -8.046911e-21 4.374846e-21
3.434917e+00 1.098961e-21 4.636060e-21
3.435582e+00 1.485672e-20 4.840557e-21
3.436247e+00 1.976188e-21 2.511336e-20
3.436912e+00 2.005657e-20 4.692063e-21
3.437577e+00 -2.865363e-20 5.002804e-21
3.438242e+00 1.975921e-20 4.790843e-21
3.438907e+00 3.170805e-20 4.861473e-21
3.439572e+00 3.824484e-20 4.564948e-21
3.440237e+00 3.268977e-20 4.943029e-21
3.440902e+00 -1.238188e-20 4.935795e-21
3.441567e+00 2.534389e-20 4.544760e-21
3.442232e+00 4.198818e-20 4.771503e-21
3.442897e+00 1.928179e-20 5.113818e-21
3.443562e+00 -2.286717e-21 5.017596e-21
3.444227e+00 6.151161e-20 4.789048e-21
3.444892e+00 1.428880e-20 4.700078e-21
3.445557e+00 1.700060e-20 5.100855e-21
3.446222e+00 -4.042637e-21 5.066606e-21
3.446887e+00 3.892323e-21 4.615270e-21
3.447552e+00 -3.499731e-21 4.529188e-21
3.448217e+00 1.184611e-20 4.823238e-21
3.448882e+00 2.222667e-20 4.952087e-21
3.449547e+00 3.257554e-20 4.654578e-21
3.450212e+00 4.732643e-20 4.752694e-21
3.450877e+00 1.254553e-20 4.702684e-21
3.451542e+00 8.553278e-21 4.679601e-21
3.452207e+00 4.274805e-20 4.761542e-21
3.452872e+00 3.752400e-20 4.519800e-21
3.453537e+00 4.775004e-21 4.351039e-21
3.454202e+00 -4.521366e-21 4.437830e-21
3.454867e+00 2.314659e-20 4.526891e-21
3.455532e+00 2.247823e-20 4.662760e-21
3.456197e+00 5.902657e-20 4.354063e-21
3.456862e+00 4.285670e-20 4.568928e-21
3.457527e+00 8.122878e-21 4.505538e-21
3.458192e+00 -5.997148e-21 4.778758e-21
3.458857e+00 3.706082e-20 4.767254e-21
3.459522e+00 3.551602e-20 4.859083e-21
3.460187e+00 4.023923e-20 5.294169e-21
3.460852e+00 1.158617e-20 5.930666e-21
3.461517e+00 1.555259e-21 5.151229e-21
3.462182e+00 2.046616e-20 4.821135e-21
3.462847e+00 3.656058e-20 4.557359e-21
3.463512e+00 2.770353e-20 4.395719e-21
3.464177e+00 2.377579e-20 4.619286e-21
3.464842e+00 1.159541e-20 4.334021e-21
3.465507e+00 1.573017e-20 4.326306e-21
3.466172e+00 4.260556e-20 6.234075e-21
3.466837e+00 2.065084e-20 6.738545e-21
3.467502e+00 3.270357e-20 6.428876e-21
3.468167e+00 1.989478e-20 4.487573e-21
3.468832e+00 7.002944e-21 4.354047e-21
3.469497e+00 4.963179e-20 4.378837e-21
3.470162e+00 2.448303e-20 4.512797e-21
3.470827e+00 2.509295e-20 4.697070e-21
3.471492e+00 1.319830e-22 4.495288e-21
3.472157e+00 2.262763e-20 4.565123e-21
3.472822e+00 1.353981e-20 4.612865e-21
3.473487e+00 -1.171509e-20 4.402277e-21
3.474152e+00 -6.430820e-21 4.556746e-21
3.474817e+00 -1.370663e-20 4.628368e-21
3.475482e+00 -1.158907e-20 5.750937e-21
3.476147e+00 7.452062e-21 5.438919e-21
3.476812e+00 2.157554e-20 4.616100e-21
3.477477e+00 5.181643e-21 4.554801e-21
3.478142e+00 3.771422e-22 4.378012e-21
3.478807e+00 6.925959e-21 4.426789e-21
3.479472e+00 5.953687e-21 4.374072e-21
3.480137e+00 1.624733e-20 4.489150e-21
3.480802e+00 2.616556e-20 4.302276e-21
3.481467e+00 8.638574e-21 4.400146e-21
3.482132e+00 -1.626980e-20 4.295200e-21
3.482797e+00 6.520829e-21 4.579387e-21
3.483462e+00 3.878456e-20 4.592825e-21
3.484127e+00 -1.393435e-20 4.284466e-21
3.484792e+00 -2.635329e-20 4.485177e-21
3.485457e+00 1.454042e-20 4.328101e-21
3.486122e+00 2.686587e-21 4.250024e-21
3.486787e+00 4.002569e-21 4.415308e-21
3.487452e+00 -4.055651e-20 4.467983e-21
3.488117e+00 -1.455023e-20 4.561654e-21
3.488782e+00 -1.027008e-20 4.528163e-21
3.489447e+00 -1.342590e-20 4.436011e-21
3.490112e+00 -5.236520e-21 4.385032e-21
3.490777e+00 1.093643e-20 4.338004e-21
3.491442e+00 2.760562e-20 4.542924e-21
3.492107e+00 1.102294e-20 4.827656e-21
3.492772e+00 4.410991e-20 4.748117e-21
3.493437e+00 1.559494e-20 4.747693e-21
3.494102e+00 2.922209e-20 4.530732e-21
3.494767e+00 2.245434e-20 1.087503e-20
3.495432e+00 3.064889e-21 7.321222e-21
3.496097e+00 4.503740e-20 4.525344e-21
3.496762e+00 -1.868558e-20 4.535455e-21
3.497427e+00 2.293916e-20 4.515023e-21
3.498092e+00 6.481089e-20 4.454300e-21
3.498757e+00 5.823734e-20 4.336066e-21
3.499422e+00 4.653241e-20 4.339969e-21
3.500087e+00 2.498388e-20 4.754911e-21
3.500752e+00 2.317302e-20 7.764091e-21
3.501417e+00 -4.115841e-21 4.707597e-21
3.502082e+00 -4.252537e-21 4.365383e-21
3.502747e+00 1.752824e-20 4.651191e-21
3.503412e+00 7.564513e-20 4.633722e-21
3.504077e+00 3.612499e-20 4.684775e-21
3.504742e+00 1.732945e-20 4.694097e-21
3.505407e+00 4.298733e-20 4.535083e-21
3.506072e+00 3.210855e-20 4.602223e-21
3.506737e+00 5.889199e-21 4.353596e-21
3.507402e+00 -9.301257e-21 4.512810e-21
3.508067e+00 9.727113e-21 4.434522e-21
3.508732e+00 3.478240e-20 4.729857e-21
3.509397e+00 9.608066e-22 4.882551e-21
3.510062e+00 3.749359e-20 4.694145e-21
3.510727e+00 3.767199e-20 4.666891e-21
3.511392e+00 4.192193e-20 4.558960e-21
3.512057e+00 4.213216e-20 4.727298e-21
3.512722e+00 6.407019e-20 4.241131e-21
3.513387e+00 3.262144e-20 4.513707e-21
3.514052e+00 1.843194e-20 4.795528e-21
3.514717e+00 6.098546e-21 4.729028e-21
3.515382e+00 5.655540e-21 4.578476e-21
3.516047e+00 2.060748e-20 4.390208e-21
3.516712e+00 1.355144e-20 5.117099e-21
3.517377e+00 2.007925e-20 4.648219e-21
3.518042e+00 3.266077e-20 8.462954e-21
3.518707e+00 1.946554e-20 4.684452e-21
3.519372e+00 1.433186e-20 4.433268e-21
3.520037e+00 -1.690835e-20 4.388927e-21
3.520702e+00 1.680368e-20 4.594400e-21
3.521367e+00 -1.876390e-20 4.608125e-21
3.522032e+00 -2.901325e-20 4.507482e-21
3.522697e+00 1.251022e-20 4.507602e-21
3.523362e+00 -2.570054e-20 5.717168e-21
3.524027e+00 7.082570e-21 4.409562e-21
3.524692e+00 3.695673e-20 4.142872e-21
3.525357e+00 3.318523e-20 4.061796e-21
3.526022e+00 1.958853e-20 4.345582e-21
3.526687e+00 -6.250902e-21 4.626525e-21
3.527352e+00 -1.944583e-21 4.350588e-21
3.528017e+00 -2.267314e-20 4.696574e-21
3.528682e+00 3.606249e-21 4.670914e-21
3.529347e+00 1.563014e-20 4.753970e-21
3.530012e+00 -2.889160e-21 4.175798e-21
3.530677e+00 -2.368698e-20 4.777492e-21
3.531342e+00 -2.777019e-21 4.367281e-21
3.532007e+00 2.272841e-20 4.566939e-21
3.532672e+00 -1.013822e-20 4.943587e-21
3.533337e+00 -2.866078e-20 4.502746e-21
3.534002e+00 2.201077e-20 4.978415e-21
3.534667e+00 7.239311e-21 6.488471e-21
3.535332e+00 -6.068322e-21 4.475510e-21
3.535997e+00 2.437059e-20 5.313580e-21
3.536662e+00 2.053802e-20 4.459593e-21
3.537327e+00 3.335763e-20 4.356155e-21
3.537992e+00 -4.483472e-21 4.111738e-21
3.538657e+00 -1.520295e-20 4.682847e-21
3.539322e+00 2.218963e-20 4.033424e-21
3.539987e+00 -1.122887e-20 4.662728e-21
3.540652e+00 1.515579e-20 4.830393e-21
3.541317e+00 1.399869e-21 4.387017e-21
3.541982e+00 3.284302e-20 4.359327e-21
3.542647e+00 4.042778e-20 4.494902e-21
3.543312e+00 2.526943e-20 4.592443e-21
3.543977e+00 1.510911e-21 4.580457e-21
3.544642e+00 2.160755e-20 4.387100e-21
3.545307e+00 6.463199e-20 4.356196e-21
3.545972e+00 5.105416e-20 8.878588e-21
3.546637e+00 4.904916e-20 8.861904e-21
3.547302e+00 2.440249e-20 8.899374e-21
3.547967e+00 3.736310e-20 8.786122e-21
3.548632e+00 1.892308e-20 4.920662e-21
3.549297e+00 -1.979971e-20 4.598543e-21
3.549962e+00 1.254897e-20 4.406339e-21
3.550627e+00 5.896447e-20 4.220457e-21
3.551292e+00 1.067670e-20 4.139938e-21
3.551957e+00 4.801521e-20 4.408091e-21
3.552622e+00 -2.125115e-21 4.658470e-21
3.553287e+00 -3.625162e-20 4.255555e-21
3.553952e+00 4.309614e-20 4.336349e-21
3.554617e+00 1.717518e-20 4.452968e-21
3.555282e+00 1.058282e-20 4.299992e-21
3.555947e+00 7.075246e-20 4.533073e-21
3.556612e+00 6.177850e-20 4.430173e-21
3.557277e+00 4.778724e-20 4.113002e-21
3.557942e+00 4.211836e-20 4.312416e-21
3.558607e+00 2.342206e-20 4.508416e-21
3.559272e+00 4.520930e-20 4.399909e-21
3.559937e+00 5.039919e-20 4.415805e-21
3.560602e+00 4.166720e-20 4.328831e-21
3.561267e+00 4.130221e-20 4.504299e-21
3.561932e+00 4.934398e-21 4.865908e-21
3.562597e+00 -2.142752e-20 4.292542e-21
3.563262e+00 1.318140e-21 4.507722e-21
3.563927e+00 2.207544e-20 4.701594e-21
3.564592e+00 1.175838e-20 4.543603e-21
3.565257e+00 3.737293e-20 4.769654e-21
3.565922e+00 4.755422e-21 4.259171e-21
3.566587e+00 2.570311e-20 4.637377e-21
3.567252e+00 1.009084e-20 4.253298e-21
3.567917e+00 1.709438e-20 4.076558e-21
3.568582e+00 -4.664939e-20 4.542548e-21
3.569247e+00 3.241731e-20 4.326071e-21
3.569912e+00 3.143958e-21 4.612754e-21
3.570577e+00 -2.401953e-20 5.081154e-21
3.571242e+00 -3.989261e-20 7.135733e-21
3.571907e+00 -1.855631e-20 5.428897e-21
3.572572e+00 2.515590e-20 4.675910e-21
3.573237e+00 2.289379e-20 4.536042e-21
3.573902e+00 -1.278670e-20 4.536313e-21
3.574567e+00 9.055222e-21 4.232290e-21
3.575232e+00 3.663607e-20 4.358040e-21
3.575897e+00 1.272179e-20 5.027112e-21
3.576562e+00 3.432222e-20 4.468297e-21
3.577227e+00 2.341440e-20 4.807604e-21
3.577892e+00 -1.184748e-21 4.296482e-21
3.578557e+00 3.243553e-20 4.663853e-21
3.579222e+00 3.945297e-20 4.551391e-21
3.579887e+00 7.128331e-21 4.681422e-21
3.580552e+00 8.733447e-21 4.814553e-21
3.581217e+00 1.210719e-20 4.732037e-21
3.581882e+00 1.363855e-20 4.471143e-21
3.582547e+00 2.787721e-20 4.619118e-21
3.583212e+00 3.262537e-20 4.572603e-21
3.583877e+00 1.106797e-20 4.681416e-21
3.584542e+00 -1.665160e-20 4.520473e-21
3.585207e+00 5.916328e-21 4.458005e-21
3.585872e+00 1.660714e-20 4.742209e-21
3.586537e+00 1.671390e-20 4.782580e-21
3.587202e+00 3.288517e-21 4.655989e-21
3.587867e+00 4.577599e-20 4.057247e-21
3.588532e+00 1.321184e-20 4.653248e-21
3.589197e+00 9.485403e-22 4.543481e-21
3.589862e+00 1.840983e-20 8.260009e-21
3.590527e+00 7.024053e-21 6.071322e-21
3.591192e+00 -5.592853e-21 4.435911e-21
3.591857e+00 3.393639e-20 4.407756e-21
3.592522e+00 4.394455e-20 4.605147e-21
3.593187e+00 2.452183e-20 4.416826e-21
3.593852e+00 3.727102e-20 4.137406e-21
3.594517e+00 3.813172e-20 4.347432e-21
3.595182e+00 3.096861e-20 4.218598e-21
3.595847e+00 2.697399e-21 4.229513e-21
3.596512e+00 2.581318e-21 4.604877e-21
3.597177e+00 2.727138e-20 4.130742e-21
3.597842e+00 4.254992e-20 4.295923e-21
3.598507e+00 2.188962e-20 4.549785e-21
3.599172e+00 8.311328e-21 4.109736e-21
3.599837e+00 -2.468238e-20 4.342842e-21
3.600502e+00 -3.893850e-21 4.306069e-21
3.601167e+00 -3.332154e-21 4.424911e-21
3.601832e+00 5.471725e-21 4.204442e-21
3.602497e+00 2.080543e-20 4.428626e-21
3.603162e+00 4.269761e-20 4.374621e-21
3.603827e+00 3.330349e-20 4.062602e-21
3.604492e+00 -4.978028e-21 4.188090e-21
3.605157e+00 1.458142e-20 4.507750e-21
3.605822e+00 -1.489930e-20 4.491631e-21
3.606487e+00 4.225345e-20 4.273032e-21
3.607152e+00 3.712861e-20 4.503621e-21
3.607817e+00 7.299266e-20 4.308240e-21
3.608482e+00 -2.721446e-20 5.190379e-21
3.609147e+00 3.841601e-20 5.377001e-21
3.609812e+00 1.669852e-20 5.298687e-21
3.610477e+00 -7.029286e-21 4.375782e-21
3.611142e+00 4.537422e-20 4.463650e-21
3.611807e+00 3.090319e-20 4.241656e-21
3.612472e+00 2.248268e-20 4.123039e-21
3.613137e+00 2.316358e-20 4.993723e-21
3.613802e+00 2.184512e-21 4.419106e-21
3.614467e+00 4.969237e-21 4.532298e-21
3.615132e+00 2.574996e-20 4.868171e-21
3.615797e+00 3.604193e-20 4.717680e-21
3.616462e+00 5.734357e-20 4.555470e-21
3.617127e+00 1.426875e-20 4.618034e-21
3.617792e+00 2.557067e-20 4.453011e-21
3.618457e+00 5.307894e-21 4.195964e-21
3.619122e+00 -6.722201e-21 4.222362e-21
3.619787e+00 5.248244e-20 4.292929e-21
3.620452e+00 -1.190607e-20 3.904123e-21
3.621117e+00 -3.394924e-20 4.233256e-21
3.621782e+00 2.992748e-21 4.360113e-21
3.622447e+00 4.143254e-20 4.375696e-21
3.623112e+00 4.652682e-20 4.186042e-21
3.623777e+00 5.205525e-20 4.314062e-21
3.624442e+00 5.341341e-20 4.497859e-21
3.625107e+00 3.707833e-20 4.216248e-21
3.625772e+00 4.587044e-21 4.460989e-21
3.626437e+00 9.938860e-21 4.120865e-21
3.627102e+00 -1.782503e-20 4.114605e-21
3.627767e+00 1.138030e-21 4.255223e-21
3.628432e+00 -8.615038e-21 4.040988e-21
3.629097e+00 5.470702e-21 4.127907e-21
3.629762e+00 2.252342e-20 4.179851e-21
3.630427e+00 3.554728e-20 4.080386e-21
3.631092e+00 1.453747e-21 4.342135e-21
3.631757e+00 2.770049e-20 4.564467e-21
3.632422e+00 2.227277e-21 4.238277e-21
3.633087e+00 -1.427620e-20 4.341598e-21
3.633752e+00 3.983919e-21 4.694559e-21
3.634417e+00 -7.327218e-21 4.379736e-21
3.635082e+00 1.216779e-20 4.630497e-21
3.635747e+00 4.970491e-21 4.203648e-21
3.636412e+00 -7.150845e-21 4.587044e-21
3.637077e+00 5.872263e-21 4.496931e-21
3.637742e+00 1.515423e-20 4.018742e-21
3.638407e+00 3.337325e-20 4.321775e-21
3.639072e+00 -3.558672e-20 4.717941e-21
3.639737e+00 2.888559e-21 4.946527e-21
3.640402e+00 5.436776e-20 4.451387e-21
3.641067e+00 1.670472e-20 4.346391e-21
3.641732e+00 3.925775e-20 4.687182e-21
3.642397e+00 2.096187e-20 4.134494e-21
3.643062e+00 1.527573e-20 4.116536e-21
3.643727e+00 2.538989e-20 4.535213e-21
3.644392e+00 -9.511373e-21 4.631764e-21
3.645057e+00 -2.726019e-20 4.539180e-21
3.645722e+00 1.738980e-20 4.353722e-21
3.646387e+00 8.441739e-21 4.441401e-21
3.647052e+00 4.615981e-21 4.381394e-21
3.647717e+00 -3.409824e-21 4.374731e-21
3.648382e+00 2.174550e-20 4.791039e-21
3.649047e+00 2.914890e-20 4.662114e-21
3.649712e+00 1.461966e-20 4.256107e-21
3.650377e+00 5.705255e-21 4.343733e-21
3.651042e+00 -8.771578e-21 4.467382e-21
3.651707e+00 7.224917e-21 4.744832e-21
3.652372e+00 1.684925e-20 4.522155e-21
3.653037e+00 2.893178e-20 5.000581e-21
3.653702e+00 1.238142e-20 4.782535e-21
3.654367e+00 1.548386e-20 4.301561e-21
3.655032e+00 5.601383e-21 4.273739e-21
3.655697e+00 1.966001e-20 4.555995e-21
3.656362e+00 2.845732e-20 4.430362e-21
3.657027e+00 7.699009e-21 4.298709e-21
3.657692e+00 4.164148e-21 4.473389e-21
3.658357e+00 -1.650402e-20 4.419406e-21
3.659022e+00 -2.038526e-20 4.242979e-21
3.659687e+00 -1.275836e-20 4.361728e-21
3.660352e+00 3.207173e-21 4.312607e-21
3.661017e+00 -1.621343e-20 4.532932e-21
3.661682e+00 -9.356104e-21 4.937984e-21
3.662347e+00 -2.287631e-20 4.407239e-21
3.663012e+00 1.151415e-20 4.816430e-21
3.663677e+00 -3.502677e-21 4.833243e-21
3.664342e+00 2.511886e-20 4.508397e-21
3.665007e+00 4.180670e-20 4.882354e-21
3.665672e+00 2.270357e-20 4.214609e-21
3.666337e+00 2.534775e-22 4.051872e-21
3.667002e+00 -1.003176e-20 4.422043e-21
3.667667e+00 1.653888e-20 4.411140e-21
3.668332e+00 -2.866593e-20 5.058283e-21
3.668997e+00 -5.882245e-21 4.308149e-21
3.669662e+00 2.408758e-20 4.356409e-21
3.670327e+00 2.894187e-20 4.512624e-21
3.670992e+00 5.737118e-20 4.214344e-21
3.671657e+00 -3.422319e-21 4.074432e-21
3.672322e+00 -1.371250e-20 4.333706e-21
3.672987e+00 2.670079e-20 4.466010e-21
3.673652e+00 2.437153e-20 4.616431e-21
3.674317e+00 4.644535e-20 4.673809e-21
3.674982e+00 1.082396e-20 4.152944e-21
3.675647e+00 3.956849e-20 4.136125e-21
3.676312e+00 3.567284e-20 4.035754e-21
3.676977e+00 1.405650e-20 4.239819e-21
3.677642e+00 2.113664e-20 4.962439e-21
3.678307e+00 1.424600e-20 4.166459e-21
3.678972e+00 5.237370e-20 4.436321e-21
3.679637e+00 2.345795e-20 4.222904e-21
3.680302e+00 3.763474e-21 1.122941e-20
3.680967e+00 5.415668e-21 9.286636e-21
3.681632e+00 1.373368e-20 1.537558e-20
3.682297e+00 1.479864e-20 1.227685e-20
3.682962e+00 8.343975e-20 4.719640e-21
3.683627e+00 3.106843e-20 4.966338e-21
3.684292e+00 5.103811e-20 4.496177e-21
3.684957e+00 2.645193e-20 4.099237e-21
3.685622e+00 1.764174e-20 4.090270e-21
3.686287e+00 6.940696e-20 4.290684e-21
3.686952e+00 3.072901e-20 4.462846e-21
3.687617e+00 9.619162e-21 4.746427e-21
3.688282e+00 2.337204e-20 4.111732e-21
3.688947e+00 -1.780784e-21 4.868186e-21
3.689612e+00 2.294182e-20 4.518191e-21
3.690277e+00 3.441369e-21 4.676250e-21
3.690942e+00 9.824328e-21 4.270092e-21
3.691607e+00 -3.463050e-20 4.729852e-21
3.692272e+00 6.722446e-20 2.099155e-20
3.692937e+00 -9.462129e-21 6.043628e-21
3.693602e+00 1.960650e-20 1.923254e-20
3.694267e+00 -5.623538e-21 4.904489e-21
3.694932e+00 2.647559e-21 4.123871e-21
3.695597e+00 2.061217e-20 4.101929e-21
3.696262e+00 9.397033e-21 4.074839e-21
3.696927e+00 2.184502e-20 4.385494e-21
3.697592e+00 2.039409e-20 4.179702e-21
3.698257e+00 2.831479e-22 4.138490e-21
3.698922e+00 3.078263e-20 4.233486e-21
3.699587e+00 1.091305e-20 4.064421e-21
3.700252e+00 -1.104592e-20 4.026799e-21
3.700917e+00 1.773226e-20 4.211016e-21
3.701582e+00 3.037092e-20 4.146034e-21
3.702247e+00 4.599526e-20 4.118335e-21
3.702912e+00 8.434833e-21 4.168913e-21
3.703577e+00 1.042362e-20 4.222001e-21
3.704242e+00 1.300362e-21 4.813821e-21
3.704907e+00 5.838086e-20 6.959958e-21
3.705572e+00 2.595542e-20 3.978770e-21
3.706237e+00 3.435052e-20 4.091468e-21
3.706902e+00 2.518411e-20 3.990247e-21
3.707567e+00 5.114368e-20 3.910222e-21
3.708232e+00 4.382067e-20 4.234603e-21
3.708897e+00 1.569134e-21 4.050351e-21
3.709562e+00 -1.382616e-20 4.235001e-21
3.710227e+00 -3.573237e-21 4.776121e-21
3.710892e+00 4.051733e-20 6.116898e-21
3.711557e+00 4.259028e-20 6.296780e-21
3.712222e+00 3.214553e-20 6.040086e-21
3.712887e+00 1.304681e-20 5.472540e-21
3.713552e+00 3.346450e-20 4.665153e-21
3.714217e+00 3.098012e-20 5.130862e-21
3.714882e+00 1.979333e-20 4.218684e-21
3.715547e+00 5.117953e-22 4.514214e-21
3.716212e+00 -1.551667e-20 4.380721e-21
3.716877e+00 -1.345469e-20 4.177173e-21
3.717542e+00 -1.161607e-20 4.861278e-21
3.718207e+00 -1.431259e-20 4.866548e-21
3.718872e+00 3.488182e-21 4.481442e-21
3.719537e+00 2.338190e-20 4.418719e-21
3.720202e+00 3.509354e-20 4.782923e-21
3.720867e+00 -5.689031e-21 4.167045e-21
3.721532e+00 6.171547e-21 4.331979e-21
3.722197e+00 -2.337465e-20 4.427178e-21
3.722862e+00 1.292915e-21 4.205528e-21
3.723527e+00 -4.339466e-21 4.427614e-21
3.724192e+00 -1.765815e-20 4.371268e-21
3.724857e+00 -9.873129e-21 4.701159e-21
3.725522e+00 1.013468e-20 4.187451e-21
3.726187e+00 2.878207e-20 4.394137e-21
3.726852e+00 4.457898e-20 4.404623e-21
3.727517e+00 5.492503e-20 4.575210e-21
3.728182e+00 9.287136e-21 4.417057e-21
3.728847e+00 2.091688e-20 1.941102e-20
3.729512e+00 1.927190e-20 2.455565e-20
3.730177e+00 3.863323e-20 1.468753e-20
3.730842e+00 -1.306498e-20 4.445374e-21
3.731507e+00 -2.087368e-20 4.349810e-21
3.732172e+00 -2.377628e-21 4.970851e-21
3.732837e+00 3.309589e-20 4.562076e-21
3.733502e+00 5.411123e-20 5.238146e-21
3.734167e+00 -1.571363e-20 4.097385e-21
3.734832e+00 2.308586e-20 4.189930e-21
3.735497e+00 3.293943e-20 3.937261e-21
3.736162e+00 2.405720e-20 4.078445e-21
3.736827e+00 4.526431e-21 4.244944e-21
3.737492e+00 2.388447e-20 3.928752e-21
3.738157e+00 3.072318e-20 4.081641e-21
3.738822e+00 4.233603e-20 4.287816e-21
3.739487e+00 -1.826975e-20 4.196682e-21
3.740152e+00 -8.568645e-21 4.274889e-21
3.740817e+00 9.033051e-21 4.129263e-21
3.741482e+00 3.613977e-20 4.105974e-21
3.742147e+00 2.778747e-20 4.140989e-21
3.742812e+00 4.735287e-20 4.415765e-21
3.743477e+00 4.224105e-20 4.060772e-21
3.744142e+00 2.160272e-20 4.119855e-21
3.744807e+00 3.718024e-20 4.042461e-21
3.745472e+00 3.343208e-20 4.029318e-21
3.746137e+00 5.185546e-20 4.294791e-21
3.746802e+00 3.083072e-20 4.946008e-21
3.747467e+00 1.876552e-20 5.235747e-21
3.748132e+00 3.130531e-20 5.983374e-21
3.748797e+00 3.970656e-20 4.187674e-21
3.749462e+00 2.452439e-20 4.431548e-21
3.750127e+00 1.369881e-20 4.304202e-21
3.750792e+00 3.266989e-21 4.107762e-21
3.751457e+00 4.196825e-20 4.329791e-21
3.752122e+00 3.794018e-20 4.017543e-21
3.752787e+00 5.014922e-20 4.120535e-21
3.753452e+00 1.365302e-20 3.900949e-21
3.754117e+00 1.176106e-20 3.932023e-21
3.754782e+00 2.902833e-20 4.218950e-21
3.755447e+00 2.941468e-20 4.396867e-21
3.756112e+00 5.611369e-20 4.343253e-21
3.756777e+00 2.652154e-20 3.907329e-21
3.757442e+00 9.629739e-21 3.803630e-21
3.758107e+00 -2.976799e-20 4.095852e-21
3.758772e+00 4.792079e-20 4.282371e-21
3.759437e+00 1.716025e-20 4.395049e-21
3.760102e+00 1.107256e-20 4.243342e-21
3.760767e+00 2.319119e-20 4.120873e-21
3.761432e+00 3.227689e-20 6.168435e-21
3.762097e+00 -8.405322e-21 4.470614e-21
3.762762e+00 -1.996096e-20 4.146181e-21
3.763427e+00 2.195997e-20 4.035623e-21
3.764092e+00 3.783088e-20 4.189485e-21
3.764757e+00 3.368343e-20 4.080087e-21
3.765422e+00 -2.375567e-21 3.975167e-21
3.766087e+00 1.966989e-21 4.403344e-21
3.766752e+00 7.245416e-21 4.665751e-21
3.767417e+00 7.924534e-21 5.996308e-21
3.768082e+00 6.814374e-20 5.817529e-21
3.768747e+00 5.467028e-21 5.887765e-21
3.769412e+00 6.759174e-21 4.061955e-21
3.770077e+00 8.821698e-21 4.352196e-21
3.770742e+00 -2.424800e-21 4.451587e-21
3.771407e+00 1.491860e-20 4.242493e-21
3.772072e+00 2.253294e-20 4.316207e-21
3.772737e+00 2.535050e-20 4.828174e-21
3.773402e+00 2.109278e-21 4.773467e-21
3.774067e+00 1.285338e-20 4.953917e-21
3.774732e+00 1.662517e-20 4.898570e-21
3.775397e+00 3.268487e-20 4.731308e-21
3.776062e+00 2.069070e-20 4.397694e-21
3.776727e+00 1.066789e-21 5.758629e-21
3.777392e+00 2.009634e-20 1.012991e-20
3.778057e+00 -1.830721e-20 1.434908e-20
3.778722e+00 9.133504e-21 6.840083e-20
3.779387e+00 1.704140e-20 4.189744e-21
3.780052e+00 2.780403e-21 4.073598e-21
3.780717e+00 1.245495e-20 4.404829e-21
3.781382e+00 2.467851e-20 4.083479e-21
3.782047e+00 2.455821e-20 4.175881e-21
3.782712e+00 9.856043e-21 3.943498e-21
3.783377e+00 1.208532e-20 4.109437e-21
3.784042e+00 3.295375e-20 4.044939e-21
3.784707e+00 3.418956e-20 4.414992e-21
3.785372e+00 -4.268376e-21 4.250312e-21
3.786037e+00 2.467515e-20 4.047611e-21
3.786702e+00 2.552833e-20 4.337104e-21
3.787367e+00 3.321223e-20 4.100894e-21
3.788032e+00 9.093096e-21 4.227256e-21
3.788697e+00 1.353056e-20 4.207168e-21
3.789362e+00 3.465433e-20 4.311619e-21
3.790027e+00 -2.173121e-20 4.103890e-21
3.790692e+00 9.305318e-21 4.502166e-21
3.791357e+00 -6.616540e-22 4.176471e-21
3.792022e+00 9.825241e-21 3.919145e-21
3.792687e+00 -1.421306e-20 3.999394e-21
3.793352e+00 -3.391477e-23 4.068928e-21
3.794017e+00 5.157219e-20 4.451977e-21
3.794682e+00 1.692208e-21 4.707636e-21
3.795347e+00 -3.193811e-20 4.241507e-21
3.796012e+00 2.074292e-20 4.033986e-21
3.796677e+00 2.607897e-20 3.879757e-21
3.797342e+00 2.097707e-20 4.189360e-21
3.798007e+00 -1.074176e-20 4.078583e-21
3.798672e+00 -1.843400e-20 4.103214e-21
3.799337e+00 3.818841e-20 4.274433e-21
3.800002e+00 3.567588e-20 4.096953e-21
3.800667e+00 6.991726e-21 4.925771e-21
3.801332e+00 1.751720e-20 4.155639e-21
3.801997e+00 3.290780e-20 4.344966e-21
3.802662e+00 1.297429e-20 4.053093e-21
3.803327e+00 -2.251973e-21 4.418480e-21
3.803992e+00 1.009742e-20 4.505880e-21
3.804657e+00 1.696717e-20 4.233750e-21
3.805322e+00 3.867622e-20 4.104478e-21
3.805987e+00 8.719855e-21 4.472101e-21
3.806652e+00 -3.786588e-21 3.865647e-21
3.807317e+00 1.417799e-20 3.891874e-21
3.807982e+00 1.130528e-20 3.957216e-21
3.808647e+00 2.412377e-20 4.189430e-21
3.809312e+00 3.582423e-20 4.139562e-21
3.809977e+00 -9.004492e-21 4.208157e-21
3.810642e+00 5.965521e-21 1.141946e-20
3.811307e+00 5.290585e-20 7.001767e-21
3.811972e+00 6.077870e-20 1.358506e-20
3.812637e+00 6.436873e-20 8.735315e-21
3.813302e+00 7.070046e-20 4.010095e-21
3.813967e+00 4.258420e-20 4.013666e-21
3.814632e+00 7.845065e-21 3.965682e-21
3.815297e+00 6.621216e-22 4.054512e-21
3.815962e+00 6.135425e-21 4.104641e-21
3.816627e+00 2.393881e-20 4.152800e-21
3.817292e+00 1.618495e-20 4.324064e-21
3.817957e+00 3.796926e-20 4.289264e-21
3.818622e+00 3.506698e-20 3.936902e-21
3.819287e+00 4.749957e-20 4.188564e-21
3.819952e+00 3.062469e-20 4.131931e-21
3.820617e+00 5.072541e-21 2.010419e-20
3.821282e+00 2.289766e-20 2.697283e-20
3.821947e+00 -1.079419e-20 4.373335e-21
3.822612e+00 -4.951811e-21 3.973920e-21
3.823277e+00 8.099681e-21 4.385372e-21
3.823942e+00 3.047795e-20 3.998092e-21
3.824607e+00 5.864142e-20 4.615453e-21
3.825272e+00 1.158091e-20 3.832029e-21
3.825937e+00 3.446868e-20 3.955640e-21
3.826602e+00 2.656235e-20 3.919747e-21
3.827267e+00 4.551083e-20 3.784216e-21
3.827932e+00 2.960659e-20 3.897824e-21
3.828597e+00 1.190847e-20 4.097669e-21
3.829262e+00 -3.494231e-20 4.124826e-21
3.829927e+00 3.289034e-21 4.219647e-21
3.830592e+00 3.497012e-20 4.161832e-21
3.831257e+00 -2.475571e-20 4.236004e-21
3.831922e+00 -2.506440e-20 4.198309e-21
3.832587e+00 5.030902e-21 4.263136e-21
3.833252e+00 3.015279e-21 4.121035e-21
3.833917e+00 -9.714844e-22 4.041237e-21
3.834582e+00 -2.269948e-20 4.103561e-21
3.835247e+00 5.510643e-20 3.909213e-21
3.835912e+00 -9.111566e-22 4.431817e-21
3.836577e+00 -7.897333e-21 4.109015e-21
3.837242e+00 6.521796e-21 4.300643e-21
3.837907e+00 1.805226e-20 4.033137e-21
3.838572e+00 2.953379e-20 4.467192e-21
3.839237e+00 -2.080606e-20 1.062770e-20
3.839902e+00 3.591459e-20 1.378412e-20
3.840567e+00 3.588370e-20 1.169149e-20
3.841232e+00 4.274890e-20 4.513496e-21
3.841897e+00 1.235383e-20 4.205215e-21
3.842562e+00 3.429922e-20 4.299695e-21
3.843227e+00 6.414134e-20 4.124737e-21
3.843892e+00 5.634367e-20 4.349607e-21
3.844557e+00 1.772813e-20 3.951064e-21
3.845222e+00 -3.263637e-22 3.748589e-21
3.845887e+00 1.109971e-20 4.759308e-21
3.846552e+00 4.174393e-20 4.187887e-21
3.847217e+00 5.614829e-20 4.500330e-21
3.847882e+00 3.061539e-20 4.375624e-21
3.848547e+00 3.558460e-20 4.685064e-21
3.849212e+00 4.681052e-20 4.348324e-21
3.849877e+00 4.483874e-20 4.880489e-21
3.850542e+00 9.870120e-21 4.176002e-21
3.851207e+00 2.744624e-20 4.108591e-21
3.851872e+00 3.480587e-20 4.076435e-21
3.852537e+00 -3.429482e-22 4.235201e-21
3.853202e+00 1.979067e-20 4.282589e-21
3.853867e+00 -6.955421e-21 3.850113e-21
3.854532e+00 6.742849e-20 4.103490e-21
3.855197e+00 6.463388e-20 4.060048e-21
3.855862e+00 1.605307e-21 4.231016e-21
3.856527e+00 3.148577e-20 4.400514e-21
3.857192e+00 3.546954e-20 4.348641e-21
3.857857e+00 6.380546e-20 4.134662e-21
3.858522e+00 2.983706e-20 3.736731e-21
3.859187e+00 4.380525e-20 3.899696e-21
3.859852e+00 2.688124e-20 3.977979e-21
3.860517e+00 1.577184e-20 4.391780e-21
3.861182e+00 1.374385e-20 3.854463e-21
3.861847e+00 -2.688251e-20 3.898349e-21
3.862512e+00 1.632073e-20 3.779873e-21
3.863177e+00 2.296747e-22 4.149362e-21
3.863842e+00 -2.217405e-20 4.124817e-21
3.864507e+00 2.750551e-20 3.899676e-21
3.865172e+00 1.987928e-20 3.825517e-21
3.865837e+00 1.155480e-20 3.839847e-21
3.866502e+00 -5.716457e-21 3.834269e-21
3.867167e+00 2.546765e-21 4.110875e-21
3.867832e+00 -1.829686e-20 4.013099e-21
3.868497e+00 -2.161684e-20 4.085739e-21
3.869162e+00 -1.137678e-21 3.968677e-21
3.869827e+00 7.798270e-21 4.002695e-21
3.870492e+00 2.301526e-22 3.984501e-21
3.871157e+00 1.673049e-21 3.897108e-21
3.871822e+00 2.013048e-20 3.999803e-21
3.872487e+00 4.130782e-20 3.973828e-21
3.873152e+00 2.677577e-20 4.176194e-21
3.873817e+00 1.700774e-20 4.069798e-21
3.874482e+00 1.778735e-20 4.131410e-21
3.875147e+00 -1.812683e-20 4.127116e-21
3.875812e+00 9.952603e-21 4.197958e-21
3.876477e+00 4.778595e-20 4.251436e-21
3.877142e+00 4.620426e-20 4.189372e-21
3.877807e+00 2.972543e-20 4.254672e-21
3.878472e+00 6.874879e-21 4.408250e-21
3.879137e+00 2.195863e-20 4.949273e-21
3.879802e+00 1.900686e-20 4.278098e-21
3.880467e+00 1.637108e-21 4.135051e-21
3.881132e+00 1.546351e-20 4.015422e-21
3.881797e+00 2.298935e-20 3.698164e-21
3.882462e+00 1.316737e-20 3.959454e-21
3.883127e+00 7.347302e-21 3.983277e-21
3.883792e+00 -3.574054e-22 4.786598e-21
3.884457e+00 3.283595e-20 3.790202e-21
3.885122e+00 -1.116685e-20 4.054536e-21
3.885787e+00 1.190221e-20 3.802305e-21
3.886452e+00 6.595685e-21 4.038170e-21
3.887117e+00 2.076614e-20 3.975888e-21
3.887782e+00 1.364619e-20 4.197323e-21
3.888447e+00 2.531890e-20 4.486962e-21
3.889112e+00 1.380663e-20 5.071445e-21
3.889777e+00 1.998943e-20 4.019622e-21
3.890442e+00 3.837151e-20 4.029135e-21
3.891107e+00 1.666176e-20 4.118535e-21
3.891772e+00 -2.799684e-20 3.972390e-21
3.892437e+00 2.329849e-21 4.511351e-21
3.893102e+00 -1.078892e-20 4.561725e-21
3.893767e+00 4.065624e-20 4.922960e-21
3.894432e+00 3.652733e-20 4.064634e-21
3.895097e+00 3.052738e-20 4.176635e-21
3.895762e+00 2.019726e-20 4.117807e-21
3.896427e+00 4.731506e-20 5.745336e-21
3.897092e+00 -4.708360e-21 8.719390e-21
3.897757e+00 -4.244771e-20 8.102486e-21
3.898422e+00 -7.493313e-21 7.229939e-21
3.899087e+00 1.223202e-20 4.172049e-21
3.899752e+00 2.911826e-20 3.862694e-21
3.900417e+00 1.736132e-20 4.051905e-21
3.901082e+00 -3.937657e-20 4.910455e-21
3.901747e+00 -1.924944e-20 4.302866e-21
3.902412e+00 -1.408760e-20 3.956101e-21
3.903077e+00 2.421183e-20 4.215884e-21
3.903742e+00 3.514561e-20 4.177724e-21
3.904407e+00 1.769908e-20 4.022873e-21
3.905072e+00 1.193331e-20 4.214991e-21
3.905737e+00 -3.170703e-21 4.156215e-21
3.906402e+00 2.293341e-20 4.049236e-21
3.907067e+00 6.920584e-21 4.043785e-21
3.907732e+00 2.882195e-20 3.947115e-21
3.908397e+00 9.801814e-21 4.334935e-21
3.909062e+00 3.307551e-20 4.153161e-21
3.909727e+00 3.929009e-20 4.034307e-21
3.910392e+00 -1.989670e-22 4.489754e-21
3.911057e+00 2.343001e-20 7.212183e-21
3.911722e+00 -1.917729e-20 5.322457e-21
3.912387e+00 -2.656625e-20 7.085891e-21
3.913052e+00 1.506573e-20 4.091942e-21
3.913717e+00 2.263862e-20 3.864955e-21
3.914382e+00 2.562182e-20 4.225832e-21
3.915047e+00 4.534280e-20 4.153552e-21
3.915712e+00 -7.250161e-21 4.108196e-21
3.916377e+00 4.820931e-20 3.868810e-21
3.917042e+00 3.389024e-20 3.930412e-21
3.917707e+00 1.900676e-20 4.166915e-21
3.918372e+00 -1.561807e-20 4.141467e-21
3.919037e+00 2.427615e-21 3.955735e-21
3.919702e+00 1.597010e-20 4.312262e-21
3.920367e+00 3.715122e-20 3.928638e-21
3.921032e+00 7.925825e-22 4.042714e-21
3.921697e+00 -1.537994e-20 3.767581e-21
3.922362e+00 1.956870e-20 3.718534e-21
3.923027e+00 1.812363e-20 4.087762e-21
3.923692e+00 3.156968e-20 3.852762e-21
3.924357e+00 3.717979e-20 3.809871e-21
3.925022e+00 -8.340191e-21 4.037710e-21
3.925687e+00 7.069960e-21 4.060952e-21
3.926352e+00 1.713402e-20 3.846454e-21
3.927017e+00 2.937630e-20 3.875737e-21
3.927682e+00 -3.816711e-20 4.548659e-21
3.928347e+00 -3.693304e-21 3.874462e-21
3.929012e+00 3.795480e-20 6.479772e-21
3.929677e+00 4.321983e-20 7.224052e-21
3.930342e+00 -2.842670e-20 3.904553e-21
3.931007e+00 -2.482706e-21 3.941268e-21
3.931672e+00 3.955481e-20 4.259683e-21
3.932337e+00 9.867265e-20 1.257048e-20
3.933002e+00 2.777441e-20 4.511543e-21
3.933667e+00 7.166077e-20 9.426103e-21
3.934332e+00 4.202834e-20 4.019278e-21
3.934997e+00 4.538962e-20 3.935219e-21
3.935662e+00 5.920971e-20 3.879703e-21
3.936327e+00 1.604732e-20 3.879152e-21
3.936992e+00 5.167005e-20 4.236238e-21
3.937657e+00 7.783906e-21 4.355788e-21
3.938322e+00 6.002343e-20 4.040843e-21
3.938987e+00 3.833993e-20 4.264014e-21
3.939652e+00 1.186166e-20 4.238757e-21
3.940317e+00 -1.386339e-21 4.396598e-21
3.940982e+00 -1.923747e-20 4.174640e-21
3.941647e+00 -1.720566e-20 4.082187e-21
3.942312e+00 1.438502e-20 4.183917e-21
3.942977e+00 -1.337812e-20 3.926299e-21
3.943642e+00 -2.214733e-20 5.507798e-21
3.944307e+00 -1.824358e-20 4.698692e-21
3.944972e+00 -3.195167e-20 4.970519e-21
3.945637e+00 2.502685e-20 3.768111e-21
3.946302e+00 2.328394e-20 3.989200e-21
3.946967e+00 1.756637e-20 4.109635e-21
3.947632e+00 1.551940e-20 4.153139e-21
3.948297e+00 1.305186e-20 4.490895e-21
3.948962e+00 5.157397e-20 3.909647e-21
3.949627e+00 -2.323549e-20 1.336464e-20
3.950292e+00 3.051733e-20 1.678194e-20
3.950957e+00 5.899917e-20 1.128855e-20
3.951622e+00 5.727230e-20 6.779368e-21
3.952287e+00 4.212487e-20 5.715635e-21
3.952952e+00 2.527230e-21 4.988599e-21
3.953617e+00 6.513961e-21 4.499330e-21
3.954282e+00 3.224663e-20 3.887228e-21
3.954947e+00 4.961383e-20 4.110667e-21
3.955612e+00 -5.238831e-22 4.307471e-21
3.956277e+00 4.711735e-21 4.177418e-21
3.956942e+00 6.991584e-21 4.116199e-21
3.957607e+00 2.797165e-20 4.353254e-21
3.958272e+00 1.056632e-20 4.097804e-21
3.958937e+00 -3.108618e-20 4.242304e-21
3.959602e+00 -2.021997e-20 4.341865e-21
3.960267e+00 9.000332e-21 4.040184e-21
3.960932e+00 3.999512e-20 4.373435e-21
3.961597e+00 6.110327e-21 4.326562e-21
3.962262e+00 -2.282531e-20 4.580763e-21
3.962927e+00 5.761255e-21 4.088891e-21
3.963592e+00 -9.097123e-21 4.118296e-21
3.964257e+00 7.031402e-21 4.199020e-21
3.964922e+00 -6.140828e-21 9.760106e-21
3.965587e+00 1.202572e-20 3.813513e-21
3.966252e+00 7.527721e-21 3.966454e-21
3.966917e+00 9.544591e-21 3.720047e-21
3.967582e+00 -1.908738e-21 4.409739e-21
3.968247e+00 3.817604e-21 7.010746e-20
3.968912e+00 -3.547442e-20 2.195749e-20
3.969577e+00 4.997636e-21 4.023355e-21
3.970242e+00 5.190345e-20 3.926496e-21
3.970907e+00 2.447405e-20 4.069383e-21
3.971572e+00 -8.205966e-21 4.010375e-21
3.972237e+00 3.327200e-20 3.967434e-21
3.972902e+00 9.478799e-20 4.021669e-21
3.973567e+00 1.173684e-19 4.754268e-21
3.974232e+00 3.075297e-20 4.466967e-21
3.974897e+00 2.928080e-20 1.432343e-20
3.975562e+00 2.372045e-20 8.323328e-21
3.976227e+00 2.678169e-20 4.225540e-21
3.976892e+00 2.890766e-20 3.920832e-21
3.977557e+00 -1.829778e-20 4.293949e-21
3.978222e+00 1.928725e-20 4.303304e-21
3.978887e+00 3.578896e-20 4.337424e-21
3.979552e+00 -1.642866e-20 5.291090e-21
3.980217e+00 -1.112814e-20 5.913060e-21
3.980882e+00 1.517710e-20 5.574621e-21
3.981547e+00 -1.415400e-20 4.021583e-21
3.982212e+00 9.955775e-21 4.201551e-21
3.982877e+00 1.924845e-19 4.070132e-21
3.983542e+00 2.281117e-20 3.987764e-21
3.984207e+00 -8.838753e-20 5.408282e-21
3.984872e+00 -7.098667e-20 4.493354e-21
3.985537e+00 -3.201409e-20 3.946195e-21
3.986202e+00 -2.263502e-20 4.063277e-21
3.986867e+00 1.451486e-21 4.396130e-21
3.987532e+00 8.358920e-21 4.024857e-21
3.988197e+00 4.948414e-21 3.846665e-21
3.988862e+00 -2.325063e-20 4.030131e-21
3.989527e+00 4.289817e-20 3.993537e-21
3.990192e+00 2.018479e-20 4.318975e-21
3.990857e+00 -1.687740e-20 4.113920e-21
3.991522e+00 -1.031307e-20 5.222863e-21
3.992187e+00 2.955148e-21 6.367367e-21
3.992852e+00 3.094149e-20 5.859075e-21
3.993517e+00 2.836517e-21 4.272666e-21
3.994182e+00 2.250307e-20 4.094807e-21
3.994847e+00 4.376584e-21 4.610643e-21
3.995512e+00 3.996729e-21 3.993800e-21
3.996177e+00 1.979786e-20 3.888293e-21
3.996842e+00 3.813718e-20 4.098896e-21
3.997507e+00 2.997707e-21 4.163457e-21
3.998172e+00 2.346001e-20 4.144369e-21
3.998837e+00 6.189684e-22 3.803216e-21
3.999502e+00 -3.360569e-20 3.752341e-21
4.000167e+00 -2.701682e-23 3.799875e-21
4.000832e+00 -3.416351e-21 3.805715e-21
4.001497e+00 3.980375e-21 1.418605e-20
4.002162e+00 -1.017920e-20 1.214934e-20
4.002827e+00 3.428257e-20 4.803563e-21
4.003492e+00 4.011935e-20 1.210317e-20
4.004157e+00 2.350581e-20 1.141777e-20
4.004822e+00 3.230299e-20 8.737909e-21
4.005487e+00 -8.340217e-21 3.737806e-21
4.006152e+00 2.476172e-20 3.714151e-21
4.006817e+00 2.131240e-22 3.656851e-21
4.007482e+00 -1.268543e-20 3.964859e-21
4.008147e+00 1.400570e-21 4.088656e-21
4.008812e+00 1.824506e-20 3.981363e-21
4.009477e+00 2.274109e-20 3.890912e-21
4.010142e+00 2.437473e-20 4.195636e-21
4.010807e+00 1.917749e-20 4.367804e-21
4.011472e+00 5.033872e-20 3.783600e-21
4.012137e+00 3.873207e-20 3.887751e-21
4.012802e+00 2.737194e-20 3.756713e-21
4.013467e+00 1.895629e-20 3.768305e-21
4.014132e+00 1.186153e-20 3.699055e-21
4.014797e+00 5.340294e-20 4.017440e-21
4.015462e+00 4.351684e-20 4.192176e-21
4.016127e+00 3.894896e-20 4.510148e-21
4.016792e+00 2.295113e-20 4.437095e-21
4.017457e+00 1.895422e-20 4.092433e-21
4.018122e+00 4.162063e-20 4.342025e-21
4.018787e+00 1.825911e-20 4.412555e-21
4.019452e+00 2.030818e-20 4.976595e-21
4.020117e+00 3.061659e-21 5.466554e-21
4.020782e+00 6.027835e-21 5.128205e-21
4.021447e+00 3.279027e-20 5.892962e-21
4.022112e+00 1.531437e-20 5.688082e-21
4.022777e+00 4.511418e-21 5.882056e-21
4.023442e+00 -2.765836e-20 5.950174e-21
4.024107e+00 1.795655e-20 6.135138e-21
4.024772e+00 4.182875e-20 5.803778e-21
4.025437e+00 4.086500e-20 6.246023e-21
4.026102e+00 -9.224006e-21 5.850283e-21
4.026767e+00 2.060183e-20 6.188712e-21
4.027432e+00 -3.668924e-21 7.301270e-21
4.028097e+00 -1.557720e-20 6.291634e-21
4.028762e+00 -1.262118e-20 5.751216e-21
4.029427e+00 1.721447e-20 5.440922e-21
4.030092e+00 6.970207e-20 6.311219e-21
4.030757e+00 3.702400e-20 5.945574e-21
4.031422e+00 3.089352e-20 6.176560e-21
4.032087e+00 3.289383e-20 6.063964e-21
4.032752e+00 2.119020e-20 5.882411e-21
4.033417e+00 4.663652e-20 6.114696e-21
4.034082e+00 2.209169e-20 5.761143e-21
4.034747e+00 4.913561e-20 6.381035e-21
4.035412e+00 4.738558e-20 6.387254e-21
4.036077e+00 4.464197e-20 5.737341e-21
4.036742e+00 4.606450e-20 5.824419e-21
4.037407e+00 1.948452e-21 6.078644e-21
4.038072e+00 2.295152e-20 5.697288e-21
4.038737e+00 -1.064005e-20 5.376541e-21
4.039402e+00 -1.516352e-20 5.907190e-21
4.040067e+00 1.518580e-20 6.548824e-21
4.040732e+00 4.174486e-20 7.003698e-21
4.041397e+00 2.332651e-20 6.166240e-21
4.042062e+00 -2.038173e-20 5.322259e-21
4.042727e+00 2.669479e-21 5.617192e-21
4.043392e+00 2.069701e-20 5.888334e-21
4.044057e+00 -1.626370e-20 5.824139e-21
4.044722e+00 3.108094e-20 5.897357e-21
4.045387e+00 5.767419e-20 6.011507e-21
4.046052e+00 3.761185e-20 6.058043e-21
4.046717e+00 -5.715242e-21 5.590190e-21
4.047382e+00 -6.511389e-21 5.251527e-21
4.048047e+00 -4.141039e-21 6.189000e-21
4.048712e+00 1.776134e-20 5.992230e-21
4.049377e+00 4.597772e-20 1.204936e-20
4.050042e+00 7.415905e-20 1.333514e-20
4.050707e+00 2.118849e-20 1.079860e-20
4.051372e+00 1.060783e-19 1.177284e-20
4.052037e+00 2.349414e-20 6.466632e-21
4.052702e+00 1.123578e-20 6.284092e-21
4.053367e+00 2.351968e-20 5.947672e-21
4.054032e+00 3.390020e-20 5.880624e-21
4.054697e+00 3.820303e-20 5.673183e-21
4.055362e+00 3.632566e-20 5.957999e-21
4.056027e+00 -3.562101e-21 9.975835e-21
4.056692e+00 2.158096e-20 7.790828e-21
4.057357e+00 3.308802e-20 6.422953e-21
4.058022e+00 3.482797e-20 5.905165e-21
4.058687e+00 3.030785e-20 5.923273e-21
4.059352e+00 9.188996e-20 6.670000e-21
4.060017e+00 5.095437e-20 5.890476e-21
4.060682e+00 4.627268e-20 6.002613e-21
4.061347e+00 3.196877e-20 6.194854e-21
4.062012e+00 3.480801e-20 6.124458e-21
4.062677e+00 3.012823e-20 6.060084e-21
4.063342e+00 1.048990e-20 6.668486e-21
4.064007e+00 -1.588688e-20 7.629212e-21
4.064672e+00 -4.182362e-21 7.078576e-21
4.065337e+00 3.088320e-20 7.853414e-21
4.066002e+00 -5.560635e-21 6.681037e-21
4.066667e+00 2.509201e-20 6.886815e-21
4.067332e+00 -5.074512e-21 7.759320e-21
4.067997e+00 4.476319e-21 6.936188e-21
4.068662e+00 6.503561e-20 9.145252e-21
4.069327e+00 -1.182697e-20 8.187857e-21
4.069992e+00 -4.161006e-20 8.512259e-21
4.070657e+00 nan nan
4.071322e+00 nan nan
4.071987e+00 nan nan
4.072652e+00 nan nan
4.073317e+00 nan nan
4.073982e+00 nan nan
4.074647e+00 nan nan
4.075312e+00 nan nan
4.075977e+00 nan nan
4.076642e+00 nan nan
4.077307e+00 nan nan
4.077972e+00 nan nan
4.078637e+00 nan nan
4.079302e+00 nan nan
4.079967e+00 nan nan
4.080632e+00 nan nan
4.081297e+00 nan nan
4.081962e+00 nan nan
4.082627e+00 nan nan
4.083292e+00 nan nan
4.083957e+00 nan nan
4.084622e+00 nan nan
4.085287e+00 nan nan
4.085952e+00 nan nan
4.086617e+00 nan nan
4.087282e+00 nan nan
4.087947e+00 nan nan
4.088612e+00 nan nan
4.089277e+00 nan nan
4.089942e+00 nan nan
4.090607e+00 nan nan
4.091272e+00 nan nan
4.091937e+00 nan nan
4.092602e+00 nan nan
4.093267e+00 nan nan
4.093932e+00 nan nan
4.094597e+00 nan nan
4.095262e+00 nan nan
4.095927e+00 nan nan
4.096592e+00 nan nan
4.097257e+00 nan nan
4.097922e+00 nan nan
4.098587e+00 nan nan
4.099252e+00 nan nan
4.099917e+00 nan nan
4.100582e+00 nan nan
4.101247e+00 nan nan
4.101912e+00 nan nan
4.102577e+00 nan nan
4.103242e+00 nan nan
4.103907e+00 nan nan
4.104572e+00 nan nan
4.105237e+00 nan nan
4.105902e+00 nan nan
4.106567e+00 nan nan
4.107232e+00 nan nan
4.107897e+00 nan nan
4.108562e+00 nan nan
4.109227e+00 nan nan
4.109892e+00 nan nan
4.110557e+00 nan nan
4.111222e+00 nan nan
4.111887e+00 nan nan
4.112552e+00 nan nan
4.113217e+00 nan nan
4.113882e+00 nan nan
4.114547e+00 nan nan
4.115212e+00 nan nan
4.115877e+00 nan nan
4.116542e+00 nan nan
4.117207e+00 nan nan
4.117872e+00 nan nan
4.118537e+00 nan nan
4.119202e+00 nan nan
4.119867e+00 nan nan
4.120532e+00 nan nan
4.121197e+00 nan nan
4.121862e+00 nan nan
4.122527e+00 nan nan
4.123192e+00 nan nan
4.123857e+00 nan nan
4.124522e+00 nan nan
4.125187e+00 nan nan
4.125852e+00 nan nan
4.126517e+00 nan nan
4.127182e+00 nan nan
4.127847e+00 nan nan
4.128512e+00 nan nan
4.129177e+00 nan nan
4.129842e+00 nan nan
4.130507e+00 nan nan
4.131172e+00 nan nan
4.131837e+00 nan nan
4.132502e+00 nan nan
4.133167e+00 nan nan
4.133832e+00 nan nan
4.134497e+00 nan nan
4.135162e+00 nan nan
4.135827e+00 nan nan
4.136492e+00 nan nan
4.137157e+00 nan nan
4.137822e+00 nan nan
4.138487e+00 nan nan
4.139152e+00 nan nan
4.139817e+00 nan nan
4.140482e+00 nan nan
4.141147e+00 nan nan
4.141812e+00 nan nan
4.142477e+00 nan nan
4.143142e+00 nan nan
4.143807e+00 nan nan
4.144472e+00 nan nan
4.145137e+00 nan nan
4.145802e+00 nan nan
4.146467e+00 nan nan
4.147132e+00 nan nan
4.147797e+00 nan nan
4.148462e+00 nan nan
4.149127e+00 nan nan
4.149792e+00 nan nan
4.150457e+00 nan nan
4.151122e+00 nan nan
4.151787e+00 nan nan
4.152452e+00 nan nan
4.153117e+00 nan nan
4.153782e+00 nan nan
4.154447e+00 nan nan
4.155112e+00 nan nan
4.155777e+00 nan nan
4.156442e+00 nan nan
4.157107e+00 nan nan
4.157772e+00 nan nan
4.158437e+00 nan nan
4.159102e+00 nan nan
4.159767e+00 nan nan
4.160432e+00 nan nan
4.161097e+00 nan nan
4.161762e+00 nan nan
4.162427e+00 nan nan
4.163092e+00 nan nan
4.163757e+00 nan nan
4.164422e+00 nan nan
4.165087e+00 nan nan
4.165752e+00 nan nan
4.166417e+00 nan nan
4.167082e+00 nan nan
4.167747e+00 nan nan
4.168412e+00 nan nan
4.169077e+00 nan nan
4.169742e+00 nan nan
4.170407e+00 nan nan
4.171072e+00 nan nan
4.171737e+00 nan nan
4.172402e+00 nan nan
4.173067e+00 nan nan
4.173732e+00 nan nan
4.174397e+00 nan nan
4.175062e+00 nan nan
4.175727e+00 nan nan
4.176392e+00 nan nan
4.177057e+00 nan nan
4.177722e+00 nan nan
4.178387e+00 nan nan
4.179052e+00 nan nan
4.179717e+00 nan nan
4.180382e+00 nan nan
4.181047e+00 nan nan
4.181712e+00 nan nan
4.182377e+00 nan nan
4.183042e+00 7.169443e-20 9.151135e-21
4.183707e+00 4.564691e-20 8.134740e-21
4.184372e+00 -9.987036e-21 7.104934e-21
4.185037e+00 5.513839e-20 8.034698e-21
4.185702e+00 1.314052e-20 7.308881e-21
4.186367e+00 7.262637e-20 6.812507e-21
4.187032e+00 6.516760e-20 5.542900e-21
4.187697e+00 1.551328e-20 5.777538e-21
4.188362e+00 2.963827e-20 6.077051e-21
4.189027e+00 7.671586e-20 5.936157e-21
4.189692e+00 4.452675e-20 5.886777e-21
4.190357e+00 2.115804e-20 5.605213e-21
4.191022e+00 8.522821e-20 5.332063e-21
4.191687e+00 1.907296e-20 5.029224e-21
4.192352e+00 2.620312e-20 5.112794e-21
4.193017e+00 2.965031e-20 5.157509e-21
4.193682e+00 2.873608e-20 4.934219e-21
4.194347e+00 5.332830e-20 4.885940e-21
4.195012e+00 3.710180e-20 5.076790e-21
4.195677e+00 7.148162e-20 4.712628e-21
4.196342e+00 3.886455e-20 4.835534e-21
4.197007e+00 8.732137e-20 4.829818e-21
4.197672e+00 1.839660e-20 5.191843e-21
4.198337e+00 4.908759e-20 5.108680e-21
4.199002e+00 6.385638e-20 4.695813e-21
4.199667e+00 4.681469e-20 4.727148e-21
4.200332e+00 2.863638e-20 4.904087e-21
4.200997e+00 4.377585e-20 4.901294e-21
4.201662e+00 -7.140067e-21 4.779294e-21
4.202327e+00 3.857501e-20 5.308830e-21
4.202992e+00 3.889040e-20 5.071877e-21
4.203657e+00 2.061501e-20 4.977741e-21
4.204322e+00 2.658335e-20 4.948169e-21
4.204987e+00 7.176607e-21 4.483734e-21
4.205652e+00 3.016696e-20 4.929006e-21
4.206317e+00 8.174676e-21 4.991029e-21
4.206982e+00 1.108208e-20 4.611228e-21
4.207647e+00 -5.311473e-21 5.016900e-21
4.208312e+00 1.487154e-20 4.933870e-21
4.208977e+00 -3.012139e-21 4.970483e-21
4.209642e+00 3.932510e-20 5.198290e-21
4.210307e+00 2.989152e-20 6.009348e-21
4.210972e+00 8.837549e-21 4.946096e-21
4.211637e+00 4.435229e-20 5.060746e-21
4.212302e+00 4.718048e-20 4.851931e-21
4.212967e+00 2.802657e-20 4.670929e-21
4.213632e+00 8.434356e-20 4.772802e-21
4.214297e+00 5.399755e-20 4.912227e-21
4.214962e+00 1.751313e-20 4.849581e-21
4.215627e+00 6.716239e-22 5.161171e-21
4.216292e+00 1.382131e-20 4.671695e-21
4.216957e+00 1.109086e-20 5.256191e-21
4.217622e+00 -1.638369e-20 6.247796e-21
4.218287e+00 -4.344326e-20 5.599627e-21
4.218952e+00 9.795949e-21 4.902940e-21
4.219617e+00 -4.493569e-21 4.750931e-21
4.220282e+00 3.837771e-20 4.807286e-21
4.220947e+00 4.387143e-20 5.006737e-21
4.221612e+00 4.437871e-20 4.835317e-21
4.222277e+00 4.930443e-20 4.983041e-21
4.222942e+00 3.419301e-20 5.449078e-21
4.223607e+00 -1.799668e-20 4.973441e-21
4.224272e+00 3.500716e-20 5.063067e-21
4.224937e+00 4.541409e-20 5.000026e-21
4.225602e+00 3.804556e-21 4.596886e-21
4.226267e+00 1.124091e-20 4.996086e-21
4.226932e+00 3.908991e-20 4.975877e-21
4.227597e+00 3.416021e-20 5.107565e-21
4.228262e+00 4.761121e-20 4.852294e-21
4.228927e+00 1.964021e-20 4.765771e-21
4.229592e+00 6.420601e-20 4.641588e-21
4.230257e+00 4.647388e-20 5.065409e-21
4.230922e+00 6.408040e-20 4.774923e-21
4.231587e+00 5.469230e-20 5.339523e-21
4.232252e+00 4.935365e-20 6.100183e-21
4.232917e+00 -2.809947e-20 5.550981e-21
4.233582e+00 1.076620e-20 5.629502e-21
4.234247e+00 -7.681867e-21 6.168641e-21
4.234912e+00 1.912625e-21 5.612930e-21
4.235577e+00 1.379827e-20 5.088390e-21
4.236242e+00 7.486653e-21 5.428219e-21
4.236907e+00 1.975398e-20 5.307472e-21
4.237572e+00 1.073614e-20 5.410441e-21
4.238237e+00 1.232612e-20 5.160057e-21
4.238902e+00 6.190599e-20 5.614205e-21
4.239567e+00 3.175212e-20 5.368779e-21
4.240232e+00 -3.734411e-20 5.858169e-21
4.240897e+00 -1.195431e-20 5.353417e-21
4.241562e+00 -6.059201e-21 4.888742e-21
4.242227e+00 5.659053e-20 5.031693e-21
4.242892e+00 2.677672e-20 5.329092e-21
4.243557e+00 2.112402e-20 5.156389e-21
4.244222e+00 -3.794852e-21 5.376695e-21
4.244887e+00 5.568359e-20 5.815099e-21
4.245552e+00 8.716367e-20 5.402685e-21
4.246217e+00 4.434417e-20 5.794618e-21
4.246882e+00 6.097269e-20 5.696143e-21
4.247547e+00 2.913632e-20 5.885020e-21
4.248212e+00 5.754501e-20 5.781331e-21
4.248877e+00 -2.404785e-21 5.297100e-21
4.249542e+00 8.271466e-21 5.572634e-21
4.250207e+00 7.554338e-21 5.986390e-21
4.250872e+00 4.283562e-20 5.571320e-21
4.251537e+00 3.004354e-20 5.110542e-21
4.252202e+00 2.245885e-20 6.237764e-21
4.252867e+00 -3.153664e-21 5.131580e-21
4.253532e+00 -2.770898e-21 5.329179e-21
4.254197e+00 5.165109e-20 5.218189e-21
4.254862e+00 1.412902e-20 5.361653e-21
4.255527e+00 -4.813270e-21 5.285713e-21
4.256192e+00 -8.807428e-21 5.149164e-21
4.256857e+00 -2.673085e-20 5.217769e-21
4.257522e+00 7.409614e-21 5.585743e-21
4.258187e+00 -4.998769e-21 5.517440e-21
4.258852e+00 2.961751e-20 5.707419e-21
4.259517e+00 -2.154733e-20 5.582386e-21
4.260182e+00 6.995551e-21 4.928640e-21
4.260847e+00 -1.723014e-20 5.510317e-21
4.261512e+00 1.683458e-20 5.675257e-21
4.262177e+00 3.381691e-20 5.573128e-21
4.262842e+00 6.373524e-21 5.528423e-21
4.263507e+00 4.580709e-20 5.386583e-21
4.264172e+00 3.046531e-20 6.123945e-21
4.264837e+00 5.929702e-21 5.805466e-21
4.265502e+00 1.795019e-20 6.008739e-21
4.266167e+00 2.833202e-20 5.177647e-21
4.266832e+00 1.990551e-20 6.120216e-21
4.267497e+00 9.896632e-21 6.320928e-21
4.268162e+00 3.499540e-20 6.419478e-21
4.268827e+00 1.986452e-20 5.246513e-21
4.269492e+00 3.758279e-20 6.420767e-21
4.270157e+00 3.111614e-20 1.068642e-20
4.270822e+00 5.698765e-20 5.999735e-21
4.271487e+00 3.007547e-20 5.879311e-21
4.272152e+00 5.571553e-20 5.578622e-21
4.272817e+00 8.571804e-20 6.344525e-21
4.273482e+00 3.746407e-20 5.482980e-21
4.274147e+00 5.333644e-21 6.211319e-21
4.274812e+00 4.530402e-20 6.206000e-21
4.275477e+00 2.000167e-20 5.364194e-21
4.276142e+00 -5.124712e-21 5.374279e-21
4.276807e+00 1.686334e-20 6.220011e-21
4.277472e+00 4.583372e-21 5.252250e-21
4.278137e+00 2.944477e-20 5.874622e-21
4.278802e+00 4.518308e-20 5.668866e-21
4.279467e+00 2.506197e-20 5.683149e-21
4.280132e+00 3.092031e-20 6.123868e-21
4.280797e+00 6.624085e-20 6.127289e-21
4.281462e+00 3.998585e-20 6.120986e-21
4.282127e+00 2.993417e-20 5.876421e-21
4.282792e+00 4.768326e-20 5.495202e-21
4.283457e+00 4.812677e-20 5.843910e-21
4.284122e+00 5.728398e-20 8.287312e-21
4.284787e+00 9.590414e-20 5.798844e-21
4.285452e+00 7.827957e-20 5.856542e-21
4.286117e+00 4.741113e-20 6.280771e-21
4.286782e+00 8.507773e-20 6.263115e-21
4.287447e+00 4.576155e-20 5.752359e-21
4.288112e+00 -1.729860e-21 5.943010e-21
4.288777e+00 1.341572e-20 5.518068e-21
4.289442e+00 1.010014e-19 5.705642e-21
4.290107e+00 4.354985e-20 5.914328e-21
4.290772e+00 9.723509e-21 5.422612e-21
4.291437e+00 5.185246e-20 5.423011e-21
4.292102e+00 9.333962e-20 5.296139e-21
4.292767e+00 7.989886e-20 5.496043e-21
4.293432e+00 8.248057e-20 5.781537e-21
4.294097e+00 1.371536e-20 1.890302e-20
4.294762e+00 -6.597892e-21 1.803787e-20
4.295427e+00 9.708473e-21 5.382001e-21
4.296092e+00 6.012481e-20 5.483778e-21
4.296757e+00 7.993673e-20 5.886886e-21
4.297422e+00 3.313663e-21 5.921149e-21
4.298087e+00 2.832188e-20 5.614399e-21
4.298752e+00 9.056038e-21 5.927699e-21
4.299417e+00 3.150261e-20 6.338733e-21
4.300082e+00 -3.483220e-20 6.043120e-21
4.300747e+00 -1.445908e-21 8.473609e-21
4.301412e+00 2.255897e-20 6.271538e-21
4.302077e+00 4.918796e-20 1.011197e-20
4.302742e+00 5.531610e-20 5.781939e-21
4.303407e+00 2.331308e-20 7.575380e-21
4.304072e+00 3.453124e-20 6.418323e-21
4.304737e+00 8.915655e-20 6.034896e-21
4.305402e+00 2.746485e-20 5.592268e-21
4.306067e+00 1.384869e-20 5.616881e-21
4.306732e+00 3.966571e-21 5.812578e-21
4.307397e+00 3.814378e-20 5.434214e-21
4.308062e+00 2.944814e-20 5.472908e-21
4.308727e+00 3.065724e-20 5.299873e-21
4.309392e+00 4.861166e-21 5.620324e-21
4.310057e+00 1.069657e-20 5.806411e-21
4.310722e+00 2.896435e-20 5.744720e-21
4.311387e+00 4.067326e-20 6.302123e-21
4.312052e+00 3.412409e-20 5.680830e-21
4.312717e+00 3.843557e-20 5.577588e-21
4.313382e+00 5.530866e-20 5.612911e-21
4.314047e+00 3.803022e-20 5.430504e-21
4.314712e+00 4.611437e-20 5.434502e-21
4.315377e+00 4.419211e-20 5.648688e-21
4.316042e+00 5.200953e-20 5.904047e-21
4.316707e+00 8.959501e-20 5.688981e-21
4.317372e+00 1.371488e-20 5.746556e-21
4.318037e+00 4.079540e-20 6.125181e-21
4.318702e+00 6.196619e-20 7.703839e-21
4.319367e+00 3.838739e-20 7.854750e-21
4.320032e+00 8.538141e-20 7.894988e-21
4.320697e+00 1.754455e-20 7.392251e-21
4.321362e+00 6.637526e-21 5.422983e-21
4.322027e+00 1.913993e-20 5.494781e-21
4.322692e+00 1.626103e-20 5.935499e-21
4.323357e+00 9.114481e-21 5.497891e-21
4.324022e+00 2.801447e-20 5.394414e-21
4.324687e+00 -2.302986e-20 6.564805e-21
4.325352e+00 -7.398878e-21 6.454951e-21
4.326017e+00 1.632524e-20 5.974103e-21
4.326682e+00 1.163046e-20 5.749215e-21
4.327347e+00 -7.806706e-21 5.874701e-21
4.328012e+00 1.945808e-20 5.787718e-21
4.328677e+00 2.450483e-20 5.979568e-21
4.329342e+00 6.308768e-21 5.403670e-21
4.330007e+00 3.107045e-20 5.414831e-21
4.330672e+00 1.051457e-20 6.353053e-21
4.331337e+00 4.456096e-20 6.281837e-21
4.332002e+00 1.670899e-20 6.368254e-21
4.332667e+00 4.079375e-20 5.781826e-21
4.333332e+00 3.940247e-20 5.526467e-21
4.333997e+00 3.511096e-21 5.375689e-21
4.334662e+00 2.780642e-20 6.056175e-21
4.335327e+00 2.382229e-20 5.466190e-21
4.335992e+00 4.844466e-21 5.443142e-21
4.336657e+00 1.119980e-20 5.479562e-21
4.337322e+00 4.455827e-20 5.280637e-21
4.337987e+00 7.904358e-20 5.536129e-21
4.338652e+00 5.760031e-21 5.736010e-21
4.339317e+00 -1.045570e-20 5.593545e-21
4.339982e+00 1.850087e-20 5.507073e-21
4.340647e+00 2.630420e-20 5.684816e-21
4.341312e+00 8.254421e-21 7.422533e-21
4.341977e+00 3.032034e-20 6.325716e-21
4.342642e+00 -2.701836e-20 5.423548e-21
4.343307e+00 -5.744777e-21 5.211850e-21
4.343972e+00 1.516520e-20 5.492709e-21
4.344637e+00 4.010239e-20 6.659967e-21
4.345302e+00 3.210838e-20 5.493245e-21
4.345967e+00 -6.536219e-21 5.796485e-21
4.346632e+00 -3.279351e-20 5.748041e-21
4.347297e+00 -1.117629e-20 6.225260e-21
4.347962e+00 4.705007e-20 5.849901e-21
4.348627e+00 3.728181e-20 6.136049e-21
4.349292e+00 5.999276e-20 5.485080e-21
4.349957e+00 2.336677e-21 5.465609e-21
4.350622e+00 5.705355e-20 7.046624e-21
4.351287e+00 2.684547e-20 5.739862e-21
4.351952e+00 6.134488e-21 5.824127e-21
4.352617e+00 2.257631e-20 5.251390e-21
4.353282e+00 3.546165e-20 5.816091e-21
4.353947e+00 3.088659e-20 5.843802e-21
4.354612e+00 1.824848e-21 6.008863e-21
4.355277e+00 2.425043e-20 6.458596e-21
4.355942e+00 -6.568108e-21 5.510306e-21
4.356607e+00 -1.235233e-20 5.779437e-21
4.357272e+00 3.167761e-20 6.208804e-21
4.357937e+00 6.208424e-21 5.386969e-21
4.358602e+00 8.222012e-21 5.922838e-21
4.359267e+00 2.800043e-20 5.727423e-21
4.359932e+00 -9.314509e-21 6.335006e-21
4.360597e+00 4.577258e-22 5.600306e-21
4.361262e+00 4.094711e-20 5.986351e-21
4.361927e+00 6.808431e-21 5.691518e-21
4.362592e+00 2.869929e-20 6.242551e-21
4.363257e+00 1.127365e-20 8.935308e-21
4.363922e+00 3.405646e-20 5.862302e-21
4.364587e+00 3.250658e-20 5.420739e-21
4.365252e+00 3.374997e-20 5.181814e-21
4.365917e+00 4.471438e-20 5.548844e-21
4.366582e+00 6.412645e-20 5.600183e-21
4.367247e+00 4.787201e-20 5.877742e-21
4.367912e+00 3.047143e-20 5.694204e-21
4.368577e+00 3.422273e-21 5.653322e-21
4.369242e+00 -7.225246e-21 1.017380e-20
4.369907e+00 3.974810e-20 9.473147e-21
4.370572e+00 4.435066e-20 9.867434e-21
4.371237e+00 7.241808e-21 5.596094e-21
4.371902e+00 -1.608119e-20 5.992066e-21
4.372567e+00 -1.604940e-21 6.070769e-21
4.373232e+00 8.053422e-20 5.933058e-21
4.373897e+00 5.725344e-20 5.876309e-21
4.374562e+00 3.455774e-20 5.669849e-21
4.375227e+00 3.301983e-20 5.303702e-21
4.375892e+00 -1.696374e-20 5.379868e-21
4.376557e+00 1.667847e-20 5.483432e-21
4.377222e+00 1.290877e-20 5.414724e-21
4.377887e+00 4.961732e-20 5.350719e-21
4.378552e+00 4.304461e-20 5.349302e-21
4.379217e+00 3.484816e-20 5.497487e-21
4.379882e+00 4.214166e-20 5.607945e-21
4.380547e+00 7.135948e-20 6.767129e-21
4.381212e+00 2.895384e-20 5.553144e-21
4.381877e+00 4.190715e-20 5.763260e-21
4.382542e+00 2.498412e-20 6.467384e-21
4.383207e+00 3.064452e-20 5.474031e-21
4.383872e+00 3.399462e-20 5.701612e-21
4.384537e+00 -1.153117e-20 5.505759e-21
4.385202e+00 -1.223304e-20 5.236515e-21
4.385867e+00 3.891137e-21 6.000123e-21
4.386532e+00 9.808874e-21 5.316887e-21
4.387197e+00 -5.284324e-21 5.769646e-21
4.387862e+00 1.917085e-20 5.667838e-21
4.388527e+00 1.460127e-20 5.278449e-21
4.389192e+00 1.441142e-20 5.667330e-21
4.389857e+00 1.303303e-20 5.914312e-21
4.390522e+00 -8.393229e-21 6.063709e-21
4.391187e+00 -6.439267e-21 5.454513e-21
4.391852e+00 -1.912501e-20 5.637129e-21
4.392517e+00 -1.840153e-20 5.639208e-21
4.393182e+00 -2.884995e-22 6.142136e-21
4.393847e+00 7.896555e-20 6.236222e-21
4.394512e+00 4.706067e-20 5.600125e-21
4.395177e+00 3.925199e-20 5.845543e-21
4.395842e+00 -1.148712e-21 6.134264e-21
4.396507e+00 -2.531919e-20 6.194750e-21
4.397172e+00 2.394295e-21 6.096011e-21
4.397837e+00 8.417962e-21 6.218659e-21
4.398502e+00 1.740474e-21 6.060754e-21
4.399167e+00 -2.713372e-20 6.044046e-21
4.399832e+00 -1.006286e-20 5.703200e-21
4.400497e+00 -4.115838e-20 5.640585e-21
4.401162e+00 -5.462345e-20 5.534058e-21
4.401827e+00 2.034566e-20 5.791291e-21
4.402492e+00 4.316487e-20 6.042429e-21
4.403157e+00 3.805887e-20 5.651484e-21
4.403822e+00 -8.465075e-21 5.761701e-21
4.404487e+00 -2.246368e-20 5.618209e-21
4.405152e+00 3.153135e-20 5.221922e-21
4.405817e+00 3.805525e-21 5.449366e-21
4.406482e+00 -3.911758e-20 5.155115e-21
4.407147e+00 -1.691635e-20 5.539141e-21
4.407812e+00 2.761019e-20 5.934562e-21
4.408477e+00 2.208597e-20 5.683319e-21
4.409142e+00 -1.214400e-20 6.238721e-21
4.409807e+00 -3.494269e-22 6.121839e-21
4.410472e+00 6.955232e-20 5.878500e-21
4.411137e+00 5.374750e-20 5.915930e-21
4.411802e+00 1.376296e-20 5.828110e-21
4.412467e+00 3.996517e-20 6.257851e-21
4.413132e+00 4.339265e-20 5.950870e-21
4.413797e+00 8.874400e-21 5.988707e-21
4.414462e+00 2.851915e-20 5.712368e-21
4.415127e+00 6.046641e-20 5.663841e-21
4.415792e+00 6.847888e-20 5.955440e-21
4.416457e+00 7.216003e-20 5.910351e-21
4.417122e+00 2.238089e-20 5.934933e-21
4.417787e+00 5.701964e-20 5.869034e-21
4.418452e+00 2.555883e-20 6.360734e-21
4.419117e+00 8.731487e-21 5.627432e-21
4.419782e+00 2.571723e-21 5.537268e-21
4.420447e+00 2.954114e-20 5.994537e-21
4.421112e+00 -7.955811e-21 5.548006e-21
4.421777e+00 1.254763e-20 5.792482e-21
4.422442e+00 7.289023e-22 6.137611e-21
4.423107e+00 2.990996e-20 6.328577e-21
4.423772e+00 1.747198e-20 6.183721e-21
4.424437e+00 4.208409e-20 5.698378e-21
4.425102e+00 3.869951e-20 5.991597e-21
4.425767e+00 5.769122e-20 6.494258e-21
4.426432e+00 3.672842e-20 6.407097e-21
4.427097e+00 5.567475e-20 6.115795e-21
4.427762e+00 5.938888e-20 5.794951e-21
4.428427e+00 7.033892e-20 5.499175e-21
4.429092e+00 7.783261e-21 5.933162e-21
4.429757e+00 -1.604036e-20 5.965852e-21
4.430422e+00 2.886594e-20 5.878940e-21
4.431087e+00 5.977734e-21 5.685354e-21
4.431752e+00 4.107549e-21 5.687203e-21
4.432417e+00 1.263849e-20 6.116804e-21
4.433082e+00 1.898677e-20 5.939492e-21
4.433747e+00 4.916190e-20 5.768716e-21
4.434412e+00 4.329502e-20 5.917350e-21
4.435077e+00 2.602420e-20 6.259058e-21
4.435742e+00 3.534484e-20 5.677874e-21
4.436407e+00 3.009896e-20 5.508444e-21
4.437072e+00 2.959593e-20 6.937428e-21
4.437737e+00 2.576851e-20 6.150349e-21
4.438402e+00 4.123393e-20 5.343667e-21
4.439067e+00 -1.019335e-20 6.063594e-21
4.439732e+00 -8.573342e-21 5.868830e-21
4.440397e+00 3.959648e-20 5.670396e-21
4.441062e+00 1.152625e-20 2.307092e-20
4.441727e+00 3.243038e-20 6.429902e-21
4.442392e+00 7.903200e-20 5.972051e-21
4.443057e+00 7.658425e-20 5.723968e-21
4.443722e+00 6.623712e-20 6.063733e-21
4.444387e+00 5.369841e-20 7.067523e-21
4.445052e+00 2.228767e-20 5.940850e-21
4.445717e+00 4.233206e-20 5.682093e-21
4.446382e+00 3.862138e-20 6.062059e-21
4.447047e+00 4.687223e-21 6.397679e-21
4.447712e+00 9.535411e-21 5.991827e-21
4.448377e+00 -1.078498e-20 7.152292e-21
4.449042e+00 4.810887e-20 5.711293e-21
4.449707e+00 -2.093292e-20 5.763147e-21
4.450372e+00 -1.442598e-20 5.773145e-21
4.451037e+00 -5.817980e-21 6.110798e-21
4.451702e+00 6.874273e-21 6.412751e-21
4.452367e+00 -3.412312e-20 5.482475e-21
4.453032e+00 1.294968e-20 6.212335e-21
4.453697e+00 3.431391e-20 6.614560e-21
4.454362e+00 -2.019988e-21 6.014029e-21
4.455027e+00 2.219419e-20 6.594116e-21
4.455692e+00 5.436351e-20 7.172675e-21
4.456357e+00 8.712493e-20 6.233211e-21
4.457022e+00 3.284614e-20 6.135726e-21
4.457687e+00 -6.255744e-21 6.336191e-21
4.458352e+00 -2.985882e-20 6.815954e-21
4.459017e+00 1.941045e-20 6.171829e-21
4.459682e+00 3.416662e-20 6.026751e-21
4.460347e+00 -5.459533e-21 6.263133e-21
4.461012e+00 4.049190e-20 6.092793e-21
4.461677e+00 6.217909e-20 5.906865e-21
4.462342e+00 1.644997e-20 6.391755e-21
4.463007e+00 2.549308e-20 6.039441e-21
4.463672e+00 -1.008670e-20 6.722890e-21
4.464337e+00 1.242574e-20 5.993914e-21
4.465002e+00 2.182448e-20 5.782177e-21
4.465667e+00 3.589123e-20 5.999777e-21
4.466332e+00 1.765802e-20 5.930946e-21
4.466997e+00 5.766283e-21 5.777489e-21
4.467662e+00 7.304231e-20 6.289368e-21
4.468327e+00 1.015088e-19 6.278370e-21
4.468992e+00 6.754675e-20 8.324643e-21
4.469657e+00 7.074205e-20 6.063571e-21
4.470322e+00 9.514454e-20 5.998361e-21
4.470987e+00 6.814645e-20 6.051270e-21
4.471652e+00 -2.869370e-20 6.437423e-21
4.472317e+00 1.750967e-20 5.877509e-21
4.472982e+00 4.506641e-20 5.878538e-21
4.473647e+00 4.488736e-21 6.135966e-21
4.474312e+00 6.930923e-20 8.041682e-21
4.474977e+00 7.702616e-20 1.003914e-20
4.475642e+00 3.025050e-20 8.857733e-21
4.476307e+00 1.541153e-20 9.462884e-21
4.476972e+00 1.756240e-20 8.822071e-21
4.477637e+00 1.705883e-20 7.188215e-21
4.478302e+00 2.737800e-20 6.554900e-21
4.478967e+00 3.478093e-20 6.285558e-21
4.479632e+00 -8.039995e-21 6.921507e-21
4.480297e+00 1.142710e-20 5.872473e-21
4.480962e+00 2.258144e-20 6.112246e-21
4.481627e+00 1.967732e-20 6.183882e-21
4.482292e+00 4.160204e-20 7.573713e-21
4.482957e+00 8.300697e-21 6.033678e-21
4.483622e+00 1.466143e-20 6.064273e-21
4.484287e+00 3.422514e-21 6.264936e-21
4.484952e+00 1.208908e-20 5.786562e-21
4.485617e+00 3.578406e-20 6.364652e-21
4.486282e+00 -2.388079e-20 6.553196e-21
4.486947e+00 -6.013646e-20 6.280622e-21
4.487612e+00 1.188425e-20 6.294055e-21
4.488277e+00 -1.801408e-21 6.801526e-21
4.488942e+00 4.410104e-20 6.688414e-21
4.489607e+00 1.730444e-21 5.980639e-21
4.490272e+00 2.938206e-20 6.039183e-21
4.490937e+00 8.276805e-21 5.764759e-21
4.491602e+00 3.118162e-21 6.281088e-21
4.492267e+00 -1.007718e-21 6.888554e-21
4.492932e+00 3.945833e-20 7.887921e-21
4.493597e+00 8.584459e-21 6.821073e-21
4.494262e+00 -4.147600e-21 6.681882e-21
4.494927e+00 4.663660e-20 6.154728e-21
4.495592e+00 1.913880e-20 6.116931e-21
4.496257e+00 1.479512e-20 5.889957e-21
4.496922e+00 4.898700e-20 6.144395e-21
4.497587e+00 3.886988e-20 5.572044e-21
4.498252e+00 5.020695e-20 6.486360e-21
4.498917e+00 3.334171e-20 5.985475e-21
4.499582e+00 6.358011e-20 6.121473e-21
4.500247e+00 2.006643e-20 6.297395e-21
4.500912e+00 -1.212443e-20 6.075743e-21
4.501577e+00 -2.241269e-20 6.187401e-21
4.502242e+00 1.163202e-20 6.925096e-21
4.502907e+00 -4.283512e-20 6.528475e-21
4.503572e+00 -3.498972e-21 6.424660e-21
4.504237e+00 1.880476e-20 6.927859e-21
4.504902e+00 6.920884e-21 5.925351e-21
4.505567e+00 -9.928352e-21 6.013125e-21
4.506232e+00 -4.889609e-20 5.973512e-21
4.506897e+00 -7.838292e-21 6.513244e-21
4.507562e+00 3.687889e-20 6.180618e-21
4.508227e+00 2.410341e-20 5.699526e-21
4.508892e+00 3.993482e-20 5.973735e-21
4.509557e+00 3.100436e-20 7.334493e-21
4.510222e+00 1.813188e-20 6.080091e-21
4.510887e+00 2.778563e-20 6.286183e-21
4.511552e+00 3.899793e-20 6.045799e-21
4.512217e+00 5.968058e-20 6.285027e-21
4.512882e+00 4.829973e-20 6.425779e-21
4.513547e+00 2.457404e-20 7.269869e-21
4.514212e+00 1.541037e-20 6.377633e-21
4.514877e+00 8.434913e-21 6.859962e-21
4.515542e+00 6.529160e-20 7.894267e-21
4.516207e+00 2.862311e-20 6.155889e-21
4.516872e+00 4.552407e-20 6.194001e-21
4.517537e+00 1.562528e-20 6.231202e-21
4.518202e+00 7.365554e-21 5.940872e-21
4.518867e+00 8.563452e-21 6.144419e-21
4.519532e+00 3.048243e-20 6.485937e-21
4.520197e+00 3.277618e-20 6.233533e-21
4.520862e+00 3.493004e-20 6.096284e-21
4.521527e+00 -6.069342e-21 5.990131e-21
4.522192e+00 1.231893e-20 7.058212e-21
4.522857e+00 6.005701e-20 7.197054e-21
4.523522e+00 -4.133555e-20 8.995501e-21
4.524187e+00 -2.069204e-20 5.919738e-21
4.524852e+00 -6.185271e-21 7.452677e-21
4.525517e+00 -1.395080e-20 6.601577e-21
4.526182e+00 -9.281208e-21 5.820273e-21
4.526847e+00 1.044165e-20 6.071862e-21
4.527512e+00 -3.461244e-20 6.218405e-21
4.528177e+00 -4.338010e-20 6.113142e-21
4.528842e+00 2.993125e-20 6.148467e-21
4.529507e+00 -6.571480e-21 6.280232e-21
4.530172e+00 -1.617271e-21 6.016884e-21
4.530837e+00 1.493026e-20 6.022895e-21
4.531502e+00 -8.023320e-20 6.081745e-21
4.532167e+00 -3.831648e-21 6.110929e-21
4.532832e+00 -1.117612e-20 6.633606e-21
4.533497e+00 -2.247077e-20 6.236495e-21
4.534162e+00 -1.876735e-20 6.102398e-21
4.534827e+00 -3.273617e-20 6.388336e-21
4.535492e+00 3.923823e-20 6.853312e-21
4.536157e+00 -2.421504e-20 9.422994e-21
4.536822e+00 1.332555e-20 6.764441e-21
4.537487e+00 -1.252146e-20 6.707588e-21
4.538152e+00 1.041606e-20 7.801840e-21
4.538817e+00 8.562426e-20 6.766928e-21
4.539482e+00 3.077761e-20 6.204779e-21
4.540147e+00 2.028141e-20 6.001452e-21
4.540812e+00 3.001134e-20 5.921823e-21
4.541477e+00 5.209371e-20 6.461820e-21
4.542142e+00 1.989552e-20 6.994449e-21
4.542807e+00 -3.199811e-21 7.269327e-21
4.543472e+00 4.574716e-20 8.035524e-21
4.544137e+00 -8.869150e-21 6.455418e-21
4.544802e+00 4.266690e-20 6.420522e-21
4.545467e+00 6.997115e-20 6.325824e-21
4.546132e+00 5.933529e-20 6.315545e-21
4.546797e+00 4.806189e-20 7.742845e-21
4.547462e+00 2.373435e-20 6.506878e-21
4.548127e+00 -1.051059e-20 6.842609e-21
4.548792e+00 1.325152e-20 7.275339e-21
4.549457e+00 7.695869e-20 6.680005e-21
4.550122e+00 7.505994e-20 6.483343e-21
4.550787e+00 -2.896965e-21 7.016894e-21
4.551452e+00 -1.303304e-20 6.295442e-21
4.552117e+00 1.935384e-20 6.177709e-21
4.552782e+00 2.827699e-20 7.615377e-21
4.553447e+00 8.125969e-23 6.516031e-21
4.554112e+00 2.522081e-20 7.056735e-21
4.554777e+00 3.726632e-20 6.686051e-21
4.555442e+00 7.241079e-20 6.166941e-21
4.556107e+00 9.698343e-20 6.523601e-21
4.556772e+00 5.327326e-20 6.741335e-21
4.557437e+00 4.886597e-20 6.200619e-21
4.558102e+00 5.393905e-20 6.414190e-21
4.558767e+00 2.569237e-20 6.340843e-21
4.559432e+00 9.308743e-21 6.570286e-21
4.560097e+00 3.187497e-20 6.407695e-21
4.560762e+00 3.230924e-20 6.953771e-21
4.561427e+00 2.255910e-20 6.498493e-21
4.562092e+00 3.577180e-20 7.034397e-21
4.562757e+00 5.649363e-20 6.168113e-21
4.563422e+00 2.517469e-20 7.168837e-21
4.564087e+00 1.272887e-20 6.316061e-21
4.564752e+00 3.765701e-20 6.602745e-21
4.565417e+00 2.756185e-20 6.014024e-21
4.566082e+00 6.746360e-20 6.304966e-21
4.566747e+00 2.141798e-20 6.322454e-21
4.567412e+00 3.206758e-20 7.603852e-21
4.568077e+00 6.341324e-20 6.937566e-21
4.568742e+00 4.372980e-20 6.631107e-21
4.569407e+00 8.426072e-20 6.573149e-21
4.570072e+00 4.313711e-20 6.264864e-21
4.570737e+00 6.191461e-20 6.489521e-21
4.571402e+00 6.069471e-20 6.443593e-21
4.572067e+00 -5.098583e-21 6.439565e-21
4.572732e+00 3.162570e-20 6.581922e-21
4.573397e+00 -3.492761e-20 8.020806e-21
4.574062e+00 8.390247e-21 1.453217e-20
4.574727e+00 4.852073e-20 7.119270e-21
4.575392e+00 9.991417e-21 6.618445e-21
4.576057e+00 1.250108e-20 7.220002e-21
4.576722e+00 -2.267250e-20 6.667414e-21
4.577387e+00 -1.869688e-20 6.831496e-21
4.578052e+00 8.902807e-21 6.492610e-21
4.578717e+00 5.466742e-20 6.393613e-21
4.579382e+00 4.302418e-20 6.672613e-21
4.580047e+00 5.071609e-20 7.297603e-21
4.580712e+00 -3.978268e-20 6.911523e-21
4.581377e+00 -2.374955e-20 7.119987e-21
4.582042e+00 -1.490636e-20 6.340560e-21
4.582707e+00 -2.697654e-21 6.288322e-21
4.583372e+00 1.694305e-20 7.035640e-21
4.584037e+00 3.041583e-20 6.157247e-21
4.584702e+00 2.704925e-20 7.417431e-21
4.585367e+00 6.306327e-20 7.285849e-21
4.586032e+00 1.434145e-20 6.974165e-21
4.586697e+00 2.911794e-20 6.476889e-21
4.587362e+00 2.506780e-20 7.124461e-21
4.588027e+00 2.176376e-20 6.449377e-21
4.588692e+00 6.033467e-20 6.270768e-21
4.589357e+00 5.845752e-20 6.545029e-21
4.590022e+00 3.721844e-20 6.849984e-21
4.590687e+00 6.484121e-20 6.441804e-21
4.591352e+00 1.823845e-20 6.730017e-21
4.592017e+00 4.691615e-20 6.593107e-21
4.592682e+00 7.378254e-20 6.959665e-21
4.593347e+00 6.276557e-20 6.325552e-21
4.594012e+00 -4.101455e-21 6.106425e-21
4.594677e+00 -1.005731e-20 6.356568e-21
4.595342e+00 1.213773e-20 6.658741e-21
4.596007e+00 4.013032e-20 1.304223e-20
4.596672e+00 5.879508e-20 7.973648e-21
4.597337e+00 7.296517e-20 6.152114e-21
4.598002e+00 8.729530e-20 6.566842e-21
4.598667e+00 1.160511e-19 8.636636e-21
4.599332e+00 1.953006e-20 9.265621e-21
4.599997e+00 6.278041e-20 9.001099e-21
4.600662e+00 2.984114e-20 6.817668e-21
4.601327e+00 9.106581e-21 6.543825e-21
4.601992e+00 9.210782e-20 6.128049e-21
4.602657e+00 1.942441e-22 9.127352e-21
4.603322e+00 2.003290e-20 6.645103e-21
4.603987e+00 2.434006e-20 9.643987e-21
4.604652e+00 -5.786198e-22 8.133801e-21
4.605317e+00 -2.770859e-20 6.993741e-21
4.605982e+00 8.091294e-21 6.826695e-21
4.606647e+00 1.020707e-20 6.581632e-21
4.607312e+00 3.612091e-20 6.437418e-21
4.607977e+00 5.548974e-20 7.664324e-21
4.608642e+00 -2.646232e-20 6.416701e-21
4.609307e+00 7.025564e-20 6.481606e-21
4.609972e+00 3.028672e-20 6.249358e-21
4.610637e+00 2.421446e-20 6.517632e-21
4.611302e+00 -4.788947e-21 6.792030e-21
4.611967e+00 1.163384e-20 6.331087e-21
4.612632e+00 6.398287e-20 6.290398e-21
4.613297e+00 -2.564722e-20 6.468502e-21
4.613962e+00 1.608960e-20 6.659565e-21
4.614627e+00 5.105109e-21 5.989549e-21
4.615292e+00 -2.518016e-20 6.672119e-21
4.615957e+00 -1.919365e-20 6.437630e-21
4.616622e+00 -4.390161e-20 6.737934e-21
4.617287e+00 -4.145335e-21 7.010450e-21
4.617952e+00 3.846374e-20 6.751534e-21
4.618617e+00 1.252489e-20 6.580135e-21
4.619282e+00 7.878893e-21 6.785608e-21
4.619947e+00 1.173694e-20 6.593908e-21
4.620612e+00 2.605294e-20 6.849981e-21
4.621277e+00 4.073457e-20 6.431269e-21
4.621942e+00 7.363844e-20 6.815832e-21
4.622607e+00 4.011599e-20 6.083449e-21
4.623272e+00 1.518226e-20 6.866012e-21
4.623937e+00 4.469487e-20 6.421050e-21
4.624602e+00 8.293083e-22 6.528110e-21
4.625267e+00 -2.553459e-20 6.437848e-21
4.625932e+00 9.100702e-21 6.269202e-21
4.626597e+00 5.751573e-20 6.465719e-21
4.627262e+00 8.169069e-20 6.280083e-21
4.627927e+00 -1.760839e-20 5.893260e-21
4.628592e+00 1.536691e-20 6.412829e-21
4.629257e+00 1.958271e-20 6.226527e-21
4.629922e+00 6.266219e-20 6.647250e-21
4.630587e+00 3.954517e-20 6.914681e-21
4.631252e+00 4.260574e-21 6.154063e-21
4.631917e+00 1.866717e-20 6.632187e-21
4.632582e+00 -1.643855e-20 6.473387e-21
4.633247e+00 -1.007738e-20 6.238938e-21
4.633912e+00 2.098865e-20 6.505635e-21
4.634577e+00 3.919704e-20 7.282309e-21
4.635242e+00 -4.117198e-21 1.013925e-20
4.635907e+00 5.467562e-20 1.737639e-20
4.636572e+00 4.237700e-20 1.687086e-20
4.637237e+00 2.745955e-20 1.887784e-20
4.637902e+00 8.157897e-20 1.928062e-20
4.638567e+00 7.453706e-20 1.393536e-20
4.639232e+00 2.702838e-20 7.199335e-21
4.639897e+00 2.551394e-20 6.989774e-21
4.640562e+00 4.814262e-20 6.728639e-21
4.641227e+00 5.237660e-20 6.622212e-21
4.641892e+00 4.131737e-20 6.867300e-21
4.642557e+00 4.149452e-20 6.723106e-21
4.643222e+00 9.178472e-20 7.413204e-21
4.643887e+00 1.033613e-19 7.322569e-21
4.644552e+00 8.879068e-20 6.514615e-21
4.645217e+00 1.666182e-20 6.665434e-21
4.645882e+00 -6.779225e-21 6.997248e-21
4.646547e+00 3.868834e-20 6.705842e-21
4.647212e+00 5.373666e-21 6.574676e-21
4.647877e+00 1.394642e-20 6.582209e-21
4.648542e+00 3.055355e-20 7.004465e-21
4.649207e+00 6.924045e-20 7.115937e-21
4.649872e+00 2.619995e-20 6.483252e-21
4.650537e+00 6.026092e-20 6.437468e-21
4.651202e+00 3.613740e-20 6.521291e-21
4.651867e+00 2.693859e-20 7.014336e-21
4.652532e+00 7.270109e-21 6.607966e-21
4.653197e+00 -1.939550e-20 6.769951e-21
4.653862e+00 6.308458e-20 6.263566e-21
4.654527e+00 5.476785e-21 7.125875e-21
4.655192e+00 -1.338125e-20 6.057902e-21
4.655857e+00 -3.162276e-22 6.387557e-21
4.656522e+00 9.047598e-21 6.829643e-21
4.657187e+00 3.863325e-20 6.357271e-21
4.657852e+00 3.505335e-20 6.357518e-21
4.658517e+00 3.420595e-20 6.151446e-21
4.659182e+00 3.782479e-20 6.353571e-21
4.659847e+00 4.231855e-20 6.066024e-21
4.660512e+00 1.122939e-20 6.539883e-21
4.661177e+00 2.686141e-20 6.729744e-21
4.661842e+00 1.143325e-20 8.129259e-21
4.662507e+00 -3.415283e-21 6.665742e-21
4.663172e+00 8.198872e-20 6.575581e-21
4.663837e+00 1.454981e-20 6.377328e-21
4.664502e+00 -2.309944e-21 6.120345e-21
4.665167e+00 1.689715e-20 6.041298e-21
4.665832e+00 1.608731e-20 6.416822e-21
4.666497e+00 6.558296e-20 7.159850e-21
4.667162e+00 8.372903e-20 7.841879e-21
4.667827e+00 2.112796e-20 7.993378e-21
4.668492e+00 1.007600e-20 6.580251e-21
4.669157e+00 1.601531e-21 6.428980e-21
4.669822e+00 -4.488494e-20 6.661899e-21
4.670487e+00 2.366789e-20 9.014595e-21
4.671152e+00 2.375218e-20 8.147098e-21
4.671817e+00 -1.000060e-20 5.843808e-21
4.672482e+00 5.062559e-21 6.087291e-21
4.673147e+00 2.614037e-21 5.875719e-21
4.673812e+00 3.700136e-20 6.390440e-21
4.674477e+00 2.189127e-20 6.635191e-21
4.675142e+00 -1.883550e-20 6.682875e-21
4.675807e+00 -1.018967e-20 8.180074e-21
4.676472e+00 6.484216e-21 7.158314e-21
4.677137e+00 -1.921344e-21 6.670689e-21
4.677802e+00 6.534357e-22 6.752369e-21
4.678467e+00 1.979044e-20 6.124202e-21
4.679132e+00 3.191172e-20 6.217510e-21
4.679797e+00 1.666699e-20 6.510037e-21
4.680462e+00 5.951959e-20 6.590352e-21
4.681127e+00 3.119907e-20 6.011695e-21
4.681792e+00 3.797804e-20 6.617489e-21
4.682457e+00 4.993439e-20 6.641443e-21
4.683122e+00 3.139895e-20 6.605019e-21
4.683787e+00 2.469180e-20 6.781191e-21
4.684452e+00 -1.189396e-20 8.929739e-21
4.685117e+00 -1.819111e-21 6.491062e-21
4.685782e+00 7.547947e-20 6.200360e-21
4.686447e+00 8.731994e-20 6.729841e-21
4.687112e+00 1.792842e-20 6.889423e-21
4.687777e+00 4.065069e-20 6.205872e-21
4.688442e+00 6.603301e-20 6.075015e-21
4.689107e+00 9.052905e-21 7.003429e-21
4.689772e+00 3.581124e-20 7.215795e-21
4.690437e+00 3.668403e-20 6.374352e-21
4.691102e+00 4.732329e-20 6.089002e-21
4.691767e+00 7.768955e-21 6.650776e-21
4.692432e+00 -1.388449e-21 7.124371e-21
4.693097e+00 6.608158e-20 6.915019e-21
4.693762e+00 4.460935e-20 6.504276e-21
4.694427e+00 -5.716810e-21 6.702834e-21
4.695092e+00 1.095381e-20 6.878007e-21
4.695757e+00 2.647859e-20 7.078781e-21
4.696422e+00 2.344927e-20 6.743068e-21
4.697087e+00 9.539768e-20 6.204432e-21
4.697752e+00 7.993778e-20 6.171483e-21
4.698417e+00 1.093097e-19 6.079429e-21
4.699082e+00 9.803024e-20 7.047825e-21
4.699747e+00 3.064706e-20 6.639572e-21
4.700412e+00 2.884194e-20 6.778915e-21
4.701077e+00 2.920016e-20 6.969673e-21
4.701742e+00 3.540536e-20 7.163424e-21
4.702407e+00 8.076255e-20 6.339041e-21
4.703072e+00 9.375981e-20 6.925460e-21
4.703737e+00 4.488304e-20 6.675777e-21
4.704402e+00 2.134551e-20 1.312741e-20
4.705067e+00 1.287133e-20 8.072889e-21
4.705732e+00 9.578875e-20 7.261263e-21
4.706397e+00 8.064941e-20 7.471259e-21
4.707062e+00 5.325599e-20 7.351740e-21
4.707727e+00 7.058323e-20 6.980464e-21
4.708392e+00 7.505313e-20 6.279777e-21
4.709057e+00 4.056979e-20 7.140970e-21
4.709722e+00 9.432304e-20 6.170775e-21
4.710387e+00 7.545320e-20 6.547024e-21
4.711052e+00 4.034730e-20 7.434044e-21
4.711717e+00 3.132544e-20 7.782238e-21
4.712382e+00 1.490816e-21 6.150586e-21
4.713047e+00 1.717424e-20 6.103905e-21
4.713712e+00 3.263709e-20 5.807924e-21
4.714377e+00 -4.686640e-21 6.197554e-21
4.715042e+00 2.302460e-20 6.432556e-21
4.715707e+00 8.540056e-21 6.018149e-21
4.716372e+00 3.482499e-20 6.127780e-21
4.717037e+00 5.384174e-20 6.399659e-21
4.717702e+00 -2.407261e-20 7.850651e-21
4.718367e+00 1.557358e-20 6.550692e-21
4.719032e+00 -2.570955e-20 7.153256e-21
4.719697e+00 -3.142197e-20 6.807039e-21
4.720362e+00 -3.471888e-20 7.405199e-21
4.721027e+00 3.329073e-20 6.698273e-21
4.721692e+00 3.541835e-20 6.093369e-21
4.722357e+00 2.227116e-20 6.225912e-21
4.723022e+00 -1.484423e-20 6.985477e-21
4.723687e+00 4.567480e-21 6.723006e-21
4.724352e+00 2.856409e-20 6.464898e-21
4.725017e+00 1.578831e-20 6.747098e-21
4.725682e+00 1.695540e-20 6.190066e-21
4.726347e+00 1.110972e-20 6.109342e-21
4.727012e+00 3.837862e-20 6.695420e-21
4.727677e+00 5.842102e-20 6.522594e-21
4.728342e+00 3.886581e-20 6.720178e-21
4.729007e+00 1.946209e-20 6.693699e-21
4.729672e+00 4.266519e-20 6.054687e-21
4.730337e+00 6.737418e-20 6.411211e-21
4.731002e+00 -1.148118e-20 6.334398e-21
4.731667e+00 3.249839e-20 6.602749e-21
4.732332e+00 2.591658e-20 6.764545e-21
4.732997e+00 -8.884275e-21 6.163625e-21
4.733662e+00 -1.722624e-20 6.578094e-21
4.734327e+00 -5.166455e-21 5.945692e-21
4.734992e+00 5.351240e-20 6.543520e-21
4.735657e+00 9.992544e-21 6.828541e-21
4.736322e+00 -3.193011e-20 6.214570e-21
4.736987e+00 -6.814108e-21 6.446989e-21
4.737652e+00 5.718618e-20 6.385939e-21
4.738317e+00 4.353224e-20 6.495012e-21
4.738982e+00 -4.976002e-20 6.417082e-21
4.739647e+00 -4.454655e-20 6.948319e-21
4.740312e+00 7.035600e-20 6.743872e-21
4.740977e+00 7.205135e-21 6.535914e-21
4.741642e+00 -5.610349e-20 6.945160e-21
4.742307e+00 -2.838087e-20 6.196219e-21
4.742972e+00 -1.770856e-20 6.161120e-21
4.743637e+00 -4.606564e-21 7.029931e-21
4.744302e+00 3.861926e-20 6.814353e-21
4.744967e+00 4.411687e-20 6.649652e-21
4.745632e+00 7.494123e-21 6.430558e-21
4.746297e+00 -2.348797e-21 6.130600e-21
4.746962e+00 5.505896e-20 7.141740e-21
4.747627e+00 1.651741e-20 6.578619e-21
4.748292e+00 3.797019e-20 8.714122e-21
4.748957e+00 2.237127e-20 6.434495e-21
4.749622e+00 2.139712e-21 6.833728e-21
4.750287e+00 1.249718e-20 1.029612e-20
4.750952e+00 2.309965e-20 1.216047e-20
4.751617e+00 -2.190939e-20 1.056683e-20
4.752282e+00 5.868682e-21 6.681908e-21
4.752947e+00 -2.142958e-21 7.143335e-21
4.753612e+00 2.441589e-20 6.248795e-21
4.754277e+00 -2.716002e-21 6.345978e-21
4.754942e+00 1.799136e-20 6.624807e-21
4.755607e+00 -2.521584e-20 6.127464e-21
4.756272e+00 2.873360e-20 6.169649e-21
4.756937e+00 4.092999e-20 6.477610e-21
4.757602e+00 1.690708e-20 6.213688e-21
4.758267e+00 -3.643647e-20 6.418609e-21
4.758932e+00 -7.658704e-21 7.166310e-21
4.759597e+00 -7.682799e-21 6.747455e-21
4.760262e+00 1.666610e-20 6.448988e-21
4.760927e+00 2.236745e-20 6.442967e-21
4.761592e+00 2.542532e-20 6.408314e-21
4.762257e+00 1.844125e-20 6.292627e-21
4.762922e+00 7.733805e-21 6.421871e-21
4.763587e+00 8.358638e-20 7.248809e-21
4.764252e+00 -3.974934e-21 6.317140e-21
4.764917e+00 1.968284e-20 6.399301e-21
4.765582e+00 2.774967e-21 6.604875e-21
4.766247e+00 -1.356946e-22 6.796427e-21
4.766912e+00 -3.986197e-20 6.723639e-21
4.767577e+00 -6.048784e-21 6.946589e-21
4.768242e+00 -5.778853e-21 6.550959e-21
4.768907e+00 4.214470e-20 6.650390e-21
4.769572e+00 1.090640e-19 6.519581e-21
4.770237e+00 7.478801e-20 6.479558e-21
4.770902e+00 -1.200526e-21 6.171566e-21
4.771567e+00 4.507294e-21 6.588891e-21
4.772232e+00 -4.189083e-21 7.351541e-21
4.772897e+00 2.785689e-20 6.339046e-21
4.773562e+00 5.074868e-20 7.238781e-21
4.774227e+00 1.147945e-20 6.428822e-21
4.774892e+00 2.127609e-20 6.987168e-21
4.775557e+00 1.531321e-20 6.873622e-21
4.776222e+00 3.335316e-20 6.667614e-21
4.776887e+00 1.844976e-20 6.090535e-21
4.777552e+00 6.350544e-20 7.233275e-21
4.778217e+00 4.216984e-20 6.709658e-21
4.778882e+00 4.904657e-20 7.736654e-21
4.779547e+00 1.682442e-20 6.699723e-21
4.780212e+00 -4.866227e-21 6.882369e-21
4.780877e+00 6.624769e-20 6.561391e-21
4.781542e+00 6.678480e-20 6.647754e-21
4.782207e+00 1.273861e-20 7.805410e-21
4.782872e+00 -3.356698e-20 1.975901e-20
4.783537e+00 -2.809766e-20 5.228218e-20
4.784202e+00 5.208386e-20 6.231986e-21
4.784867e+00 2.128448e-20 6.102763e-21
4.785532e+00 -2.840921e-20 6.917965e-21
4.786197e+00 1.110236e-20 7.175693e-21
4.786862e+00 6.284008e-20 7.052037e-21
4.787527e+00 2.389855e-20 7.634442e-21
4.788192e+00 -2.917940e-20 6.653588e-21
4.788857e+00 3.090214e-20 6.579103e-21
4.789522e+00 4.996316e-20 6.925394e-21
4.790187e+00 1.108379e-21 6.667967e-21
4.790852e+00 3.600657e-21 6.206802e-21
4.791517e+00 4.359707e-20 6.510448e-21
4.792182e+00 -1.780964e-20 7.009409e-21
4.792847e+00 -3.680007e-20 6.343343e-21
4.793512e+00 -1.882429e-21 6.774725e-21
4.794177e+00 5.986648e-21 6.205338e-21
4.794842e+00 1.858684e-20 6.568948e-21
4.795507e+00 3.505216e-20 7.134450e-21
4.796172e+00 6.862902e-20 7.122004e-21
4.796837e+00 2.204565e-20 6.641913e-21
4.797502e+00 -2.932981e-20 6.355084e-21
4.798167e+00 1.322036e-20 6.531638e-21
4.798832e+00 2.200157e-20 6.522726e-21
4.799497e+00 1.241131e-20 6.381964e-21
4.800162e+00 1.996859e-20 7.023896e-21
4.800827e+00 7.150220e-20 8.569049e-21
4.801492e+00 -7.405033e-21 6.834135e-21
4.802157e+00 -1.338931e-20 6.642590e-21
4.802822e+00 1.361608e-20 6.288625e-21
4.803487e+00 9.366967e-20 6.997805e-21
4.804152e+00 5.347088e-20 6.381133e-21
4.804817e+00 -6.764509e-21 6.828859e-21
4.805482e+00 1.766317e-20 6.740901e-21
4.806147e+00 2.181987e-20 6.977897e-21
4.806812e+00 4.223643e-20 6.861701e-21
4.807477e+00 9.223686e-21 6.829057e-21
4.808142e+00 2.195826e-20 6.815114e-21
4.808807e+00 6.185065e-20 6.582834e-21
4.809472e+00 7.242916e-20 6.866213e-21
4.810137e+00 1.702187e-20 6.581061e-21
4.810802e+00 5.334824e-20 6.377196e-21
4.811467e+00 2.371205e-20 6.516995e-21
4.812132e+00 4.380023e-20 6.014466e-21
4.812797e+00 6.492719e-20 6.460929e-21
4.813462e+00 3.714320e-20 6.404764e-21
4.814127e+00 1.794661e-20 6.696488e-21
4.814792e+00 -7.918733e-21 6.130945e-21
4.815457e+00 -1.833410e-20 6.459090e-21
4.816122e+00 8.038824e-21 6.534712e-21
4.816787e+00 -1.676234e-20 6.902300e-21
4.817452e+00 6.074570e-20 7.433357e-21
4.818117e+00 8.331665e-20 6.622667e-21
4.818782e+00 5.231296e-20 6.315604e-21
4.819447e+00 1.544341e-20 6.449948e-21
4.820112e+00 5.090831e-20 6.910767e-21
4.820777e+00 3.053889e-20 7.242031e-21
4.821442e+00 4.306730e-20 6.415414e-21
4.822107e+00 2.925834e-20 6.442883e-21
4.822772e+00 7.055525e-20 6.896178e-21
4.823437e+00 -4.646883e-20 6.075601e-21
4.824102e+00 -7.643058e-21 6.961768e-21
4.824767e+00 2.059833e-20 6.617791e-21
4.825432e+00 2.213525e-20 9.977393e-21
4.826097e+00 -6.977237e-20 1.379367e-20
4.826762e+00 -3.660310e-20 9.071663e-21
4.827427e+00 1.426967e-20 7.092383e-21
4.828092e+00 -2.395978e-20 8.061850e-21
4.828757e+00 -7.034731e-21 6.820374e-21
4.829422e+00 4.402995e-21 6.918808e-21
4.830087e+00 -2.317508e-20 7.567438e-21
4.830752e+00 -3.213895e-20 8.267993e-21
4.831417e+00 -4.379059e-20 6.879601e-21
4.832082e+00 -2.505179e-20 7.353988e-21
4.832747e+00 2.753397e-21 7.121031e-21
4.833412e+00 3.866695e-20 6.153068e-21
4.834077e+00 2.207880e-21 6.712009e-21
4.834742e+00 -1.936331e-20 6.645415e-21
4.835407e+00 -1.897141e-20 8.401652e-21
4.836072e+00 1.646187e-20 7.379993e-21
4.836737e+00 1.450569e-20 7.005196e-21
4.837402e+00 1.663734e-20 6.702666e-21
4.838067e+00 3.927408e-20 6.723119e-21
4.838732e+00 4.131058e-20 7.063521e-21
4.839397e+00 -7.004704e-20 6.843096e-21
4.840062e+00 -1.374771e-20 6.705344e-21
4.840727e+00 8.517721e-21 6.750650e-21
4.841392e+00 4.139333e-20 7.019436e-21
4.842057e+00 1.824819e-20 7.502990e-21
4.842722e+00 6.062127e-20 7.403553e-21
4.843387e+00 8.476564e-20 7.522988e-21
4.844052e+00 3.136635e-20 9.213270e-21
4.844717e+00 2.321277e-20 7.188254e-21
4.845382e+00 5.279240e-22 3.366596e-20
4.846047e+00 4.081216e-20 9.297461e-21
4.846712e+00 2.993019e-20 7.266190e-21
4.847377e+00 4.203413e-21 7.278302e-21
4.848042e+00 -4.819925e-21 7.323218e-21
4.848707e+00 5.597247e-21 6.881422e-21
4.849372e+00 4.550223e-20 1.028110e-20
4.850037e+00 8.921208e-20 1.174875e-20
4.850702e+00 3.510602e-20 8.940639e-21
4.851367e+00 7.874651e-20 9.763807e-21
4.852032e+00 9.243020e-21 8.068734e-21
4.852697e+00 5.643848e-20 7.260610e-21
4.853362e+00 4.387060e-20 7.107119e-21
4.854027e+00 1.284819e-20 1.092497e-20
4.854692e+00 1.180992e-20 6.988434e-21
4.855357e+00 4.844974e-20 7.505773e-21
4.856022e+00 4.482020e-20 7.197023e-21
4.856687e+00 3.419725e-21 7.803769e-21
4.857352e+00 1.672410e-20 1.299889e-20
4.858017e+00 6.106047e-20 1.850317e-20
4.858682e+00 3.678551e-20 1.492107e-20
4.859347e+00 -5.750903e-21 8.096672e-21
4.860012e+00 3.411869e-20 8.359119e-21
4.860677e+00 4.373906e-20 8.759078e-21
4.861342e+00 8.043626e-20 9.650185e-21
4.862007e+00 5.810330e-20 6.404688e-21
4.862672e+00 2.136635e-20 6.865164e-21
4.863337e+00 8.480773e-21 7.066872e-21
4.864002e+00 2.831383e-20 7.364970e-21
4.864667e+00 -1.695738e-20 7.303600e-21
4.865332e+00 1.751382e-20 7.100483e-21
4.865997e+00 7.312072e-21 7.025888e-21
4.866662e+00 2.172237e-20 7.012112e-21
4.867327e+00 7.714641e-20 7.130683e-21
4.867992e+00 2.590902e-20 6.515067e-21
4.868657e+00 -4.803448e-21 6.911698e-21
4.869322e+00 2.709141e-20 6.983502e-21
4.869987e+00 5.664482e-21 6.229343e-21
4.870652e+00 -2.952263e-20 7.079501e-21
4.871317e+00 -2.057804e-20 7.395223e-21
4.871982e+00 -5.934694e-20 7.650980e-21
4.872647e+00 -4.063026e-20 6.895151e-21
4.873312e+00 2.715433e-20 6.842005e-21
4.873977e+00 3.155360e-21 6.893543e-21
4.874642e+00 3.452669e-20 6.745678e-21
4.875307e+00 -4.090744e-20 7.347661e-21
4.875972e+00 -1.909143e-20 6.884867e-21
4.876637e+00 3.897192e-20 7.276992e-21
4.877302e+00 6.864027e-20 7.142241e-21
4.877967e+00 8.579628e-20 7.051508e-21
4.878632e+00 8.791487e-21 6.751503e-21
4.879297e+00 2.795459e-20 6.837321e-21
4.879962e+00 5.930533e-20 7.741004e-21
4.880627e+00 5.610777e-20 6.334078e-21
4.881292e+00 3.169589e-20 6.552876e-21
4.881957e+00 2.519540e-20 6.997490e-21
4.882622e+00 8.520772e-21 1.097176e-20
4.883287e+00 3.375346e-20 7.088724e-21
4.883952e+00 4.378817e-20 7.205204e-21
4.884617e+00 -4.858240e-21 7.092895e-21
4.885282e+00 2.429205e-20 7.458949e-21
4.885947e+00 2.219682e-20 6.991936e-21
4.886612e+00 -6.786234e-21 6.702545e-21
4.887277e+00 6.454123e-20 6.665739e-21
4.887942e+00 3.652352e-20 6.847040e-21
4.888607e+00 1.665363e-21 6.953685e-21
4.889272e+00 -2.302763e-20 6.682246e-21
4.889937e+00 1.388157e-20 6.917601e-21
4.890602e+00 1.452822e-20 7.266831e-21
4.891267e+00 9.083113e-20 6.637843e-21
4.891932e+00 9.911678e-20 7.191130e-21
4.892597e+00 9.621042e-20 7.126992e-21
4.893262e+00 5.519008e-20 6.999682e-21
4.893927e+00 -9.525970e-21 9.361286e-21
4.894592e+00 -2.653422e-20 7.058322e-21
4.895257e+00 1.260372e-21 6.882488e-21
4.895922e+00 3.679360e-20 1.003400e-20
4.896587e+00 -1.378576e-20 7.955264e-21
4.897252e+00 -2.359958e-20 7.018649e-21
4.897917e+00 -2.100688e-20 7.801099e-21
4.898582e+00 -6.993758e-21 7.725272e-21
4.899247e+00 -2.113976e-20 6.907504e-21
4.899912e+00 -1.484239e-20 7.962719e-21
4.900577e+00 1.235317e-21 7.150895e-21
4.901242e+00 -4.439327e-21 6.720803e-21
4.901907e+00 -7.805167e-21 6.514670e-21
4.902572e+00 -5.416281e-21 9.142417e-21
4.903237e+00 1.800585e-20 8.445679e-21
4.903902e+00 2.171538e-20 7.726544e-21
4.904567e+00 1.186256e-20 1.080277e-20
4.905232e+00 1.554078e-20 6.715137e-21
4.905897e+00 -1.124707e-20 7.259860e-21
4.906562e+00 -5.997191e-21 7.207997e-21
4.907227e+00 3.442727e-20 7.550922e-21
4.907892e+00 1.330697e-20 6.890759e-21
4.908557e+00 5.311686e-20 7.086928e-21
4.909222e+00 3.782414e-22 7.063154e-21
4.909887e+00 2.020191e-20 6.555882e-21
4.910552e+00 6.969955e-21 6.634877e-21
4.911217e+00 -3.206120e-20 7.165113e-21
4.911882e+00 1.300082e-20 7.377680e-21
4.912547e+00 -3.640497e-20 6.773306e-21
4.913212e+00 4.017741e-20 6.882845e-21
4.913877e+00 3.171352e-20 7.274143e-21
4.914542e+00 3.796680e-20 7.189539e-21
4.915207e+00 3.070912e-20 7.397223e-21
4.915872e+00 -9.388277e-21 6.696868e-21
4.916537e+00 -3.467699e-21 7.364752e-21
4.917202e+00 2.969324e-20 6.984930e-21
4.917867e+00 -1.197925e-22 7.058241e-21
4.918532e+00 2.961045e-21 6.720508e-21
4.919197e+00 5.485814e-20 7.258050e-21
4.919862e+00 7.804129e-21 7.264432e-21
4.920527e+00 8.054530e-21 6.638370e-21
4.921192e+00 -6.166152e-21 6.846329e-21
4.921857e+00 -4.149079e-21 7.269240e-21
4.922522e+00 1.952276e-20 7.117438e-21
4.923187e+00 3.149140e-20 7.080927e-21
4.923852e+00 4.361153e-20 6.751237e-21
4.924517e+00 3.902764e-20 6.933362e-21
4.925182e+00 7.928943e-20 6.700976e-21
4.925847e+00 4.556684e-20 6.436792e-21
4.926512e+00 4.884671e-20 6.974497e-21
4.927177e+00 2.874106e-20 7.835973e-21
4.927842e+00 -2.908458e-21 7.578109e-21
4.928507e+00 4.680411e-20 6.508926e-21
4.929172e+00 4.047101e-20 6.808963e-21
4.929837e+00 5.727205e-21 7.319682e-21
4.930502e+00 2.247467e-20 6.884996e-21
4.931167e+00 1.162322e-20 7.310712e-21
4.931832e+00 2.795760e-20 7.787789e-21
4.932497e+00 -2.875418e-21 6.878506e-21
4.933162e+00 3.911017e-20 7.498444e-21
4.933827e+00 4.613393e-20 6.681383e-21
4.934492e+00 2.870311e-20 8.614722e-21
4.935157e+00 6.122262e-21 7.126518e-21
4.935822e+00 1.904890e-20 7.224135e-21
4.936487e+00 -2.941094e-20 6.792896e-21
4.937152e+00 3.556424e-20 7.248888e-21
4.937817e+00 1.985502e-20 7.074731e-21
4.938482e+00 1.079580e-20 6.518043e-21
4.939147e+00 1.757739e-20 6.875791e-21
4.939812e+00 -1.906536e-20 6.855207e-21
4.940477e+00 3.807438e-20 7.339543e-21
4.941142e+00 3.647781e-20 7.068120e-21
4.941807e+00 4.969787e-20 7.378746e-21
4.942472e+00 -4.179515e-20 7.520609e-21
4.943137e+00 1.965393e-20 6.895195e-21
4.943802e+00 1.898422e-20 8.318755e-21
4.944467e+00 2.423406e-20 7.570497e-21
4.945132e+00 1.736675e-20 7.074271e-21
4.945797e+00 3.912306e-20 8.775724e-21
4.946462e+00 4.941741e-20 7.280306e-21
4.947127e+00 5.527000e-20 7.338358e-21
4.947792e+00 3.575035e-20 7.284923e-21
4.948457e+00 1.573632e-20 7.308332e-21
4.949122e+00 -1.174576e-20 6.744224e-21
4.949787e+00 2.743472e-20 7.655476e-21
4.950452e+00 2.301265e-20 8.005359e-21
4.951117e+00 1.285162e-20 6.992093e-21
4.951782e+00 1.319017e-20 7.112964e-21
4.952447e+00 3.026489e-21 7.538060e-21
4.953112e+00 4.887782e-20 7.455728e-21
4.953777e+00 4.797208e-20 7.101955e-21
4.954442e+00 -3.655572e-20 7.267658e-21
4.955107e+00 1.684180e-20 7.888682e-21
4.955772e+00 2.876463e-20 7.234148e-21
4.956437e+00 4.823923e-20 7.423476e-21
4.957102e+00 2.287122e-20 6.650050e-21
4.957767e+00 9.386078e-21 6.602090e-21
4.958432e+00 -4.752007e-20 9.978419e-21
4.959097e+00 3.825089e-20 7.472626e-21
4.959762e+00 3.084256e-20 6.722319e-21
4.960427e+00 9.561484e-21 7.013248e-21
4.961092e+00 -3.087128e-20 6.725288e-21
4.961757e+00 6.370251e-21 7.699124e-21
4.962422e+00 2.753380e-20 6.769052e-21
4.963087e+00 -2.143630e-20 6.967734e-21
4.963752e+00 -9.561413e-21 7.196777e-21
4.964417e+00 2.134018e-20 7.159150e-21
4.965082e+00 5.769977e-20 7.598532e-21
4.965747e+00 5.884357e-20 7.288403e-21
4.966412e+00 3.313861e-20 7.244782e-21
4.967077e+00 6.822381e-20 7.205341e-21
4.967742e+00 2.040262e-20 7.805511e-21
4.968407e+00 4.972163e-20 7.212059e-21
4.969072e+00 5.461412e-20 7.164550e-21
4.969737e+00 4.694878e-20 6.751867e-21
4.970402e+00 8.713145e-21 6.857985e-21
4.971067e+00 6.442748e-20 6.825875e-21
4.971732e+00 3.936744e-20 6.531303e-21
4.972397e+00 4.585919e-20 7.530047e-21
4.973062e+00 5.118472e-20 6.841945e-21
4.973727e+00 4.791797e-21 1.503193e-20
4.974392e+00 -3.852109e-20 9.953430e-21
4.975057e+00 7.263721e-21 3.163450e-20
4.975722e+00 3.927274e-20 8.147515e-21
4.976387e+00 1.138692e-19 7.357274e-21
4.977052e+00 1.035414e-19 1.281507e-20
4.977717e+00 2.043172e-20 7.406834e-21
4.978382e+00 4.217068e-20 6.352401e-21
4.979047e+00 -5.749152e-21 9.064970e-21
4.979712e+00 2.861344e-20 7.395362e-21
4.980377e+00 5.096574e-21 6.697275e-21
4.981042e+00 5.557558e-20 6.879960e-21
4.981707e+00 4.038843e-20 7.141622e-21
4.982372e+00 2.149987e-20 6.622621e-21
4.983037e+00 -7.971533e-21 7.121312e-21
4.983702e+00 5.219837e-20 6.819485e-21
4.984367e+00 3.920344e-20 7.241191e-21
4.985032e+00 4.906721e-20 7.044638e-21
4.985697e+00 7.434264e-20 7.344232e-21
4.986362e+00 7.330104e-20 6.969701e-21
4.987027e+00 2.976613e-20 7.161719e-21
4.987692e+00 1.275732e-20 7.360834e-21
4.988357e+00 -2.651769e-20 6.841977e-21
4.989022e+00 -1.485355e-20 7.354821e-21
4.989687e+00 -4.246846e-21 6.513205e-21
4.990352e+00 1.933583e-20 6.542092e-21
4.991017e+00 1.644063e-20 6.658808e-21
4.991682e+00 8.960096e-20 6.885604e-21
4.992347e+00 -2.123573e-20 7.274947e-21
4.993012e+00 1.122506e-20 6.706695e-21
4.993677e+00 -2.421761e-20 7.554491e-21
4.994342e+00 -4.228362e-20 7.316168e-21
4.995007e+00 -1.988416e-20 7.492487e-21
4.995672e+00 -3.235212e-20 6.993526e-21
4.996337e+00 1.271566e-20 7.667148e-21
4.997002e+00 4.654466e-20 8.860169e-21
4.997667e+00 8.053276e-20 7.080265e-21
4.998332e+00 5.576643e-20 7.838301e-21
4.998997e+00 3.667041e-20 7.270160e-21
4.999662e+00 4.730908e-21 7.388469e-21
5.000327e+00 2.559765e-20 7.299512e-21
5.000992e+00 -3.170185e-20 8.182878e-21
5.001657e+00 2.910239e-21 7.237294e-21
5.002322e+00 1.854868e-20 7.813552e-21
5.002987e+00 1.971153e-20 8.041318e-21
5.003652e+00 -7.667925e-21 7.619274e-21
5.004317e+00 -1.002364e-20 7.216022e-21
5.004982e+00 -7.243714e-21 7.287052e-21
5.005647e+00 -4.263478e-21 7.726988e-21
5.006312e+00 4.001459e-20 7.432232e-21
5.006977e+00 -3.311890e-20 6.966412e-21
5.007642e+00 -1.515004e-20 6.792671e-21
5.008307e+00 2.025724e-20 7.364611e-21
5.008972e+00 5.414499e-20 7.696455e-21
5.009637e+00 8.925618e-20 7.260226e-21
5.010302e+00 5.272000e-20 7.879306e-21
5.010967e+00 3.300805e-20 6.977047e-21
5.011632e+00 6.873060e-21 7.174333e-21
5.012297e+00 4.555025e-20 7.315397e-21
5.012962e+00 -3.843572e-20 6.916632e-21
5.013627e+00 8.197145e-21 6.529390e-21
5.014292e+00 5.423379e-20 7.218357e-21
5.014957e+00 1.313920e-19 7.421226e-21
5.015622e+00 5.844062e-20 6.764454e-21
5.016287e+00 5.458269e-20 6.478969e-21
5.016952e+00 4.824331e-20 6.572894e-21
5.017617e+00 4.929591e-20 7.119553e-21
5.018282e+00 9.439539e-20 7.618722e-21
5.018947e+00 5.883348e-20 7.387394e-21
5.019612e+00 -6.328195e-21 6.952281e-21
5.020277e+00 -3.953562e-20 7.018137e-21
5.020942e+00 5.241229e-20 6.842424e-21
5.021607e+00 6.159964e-21 6.818995e-21
5.022272e+00 1.390089e-20 8.207324e-21
5.022937e+00 2.303349e-20 7.085611e-21
5.023602e+00 5.831234e-21 7.016011e-21
5.024267e+00 4.288691e-20 6.839893e-21
5.024932e+00 1.564143e-20 6.338678e-21
5.025597e+00 4.001291e-20 6.869143e-21
5.026262e+00 2.297298e-20 7.389072e-21
5.026927e+00 2.440074e-20 6.679180e-21
5.027592e+00 2.024063e-21 6.535911e-21
5.028257e+00 9.055901e-20 6.377916e-21
5.028922e+00 1.604423e-19 7.342257e-21
5.029587e+00 9.710396e-20 6.738322e-21
5.030252e+00 6.480670e-20 7.552718e-21
5.030917e+00 -6.080490e-21 7.034722e-21
5.031582e+00 7.738739e-21 7.509337e-21
5.032247e+00 3.466034e-20 7.217663e-21
5.032912e+00 7.436140e-20 6.808799e-21
5.033577e+00 1.955696e-20 7.097204e-21
5.034242e+00 2.622261e-21 6.807145e-21
5.034907e+00 -5.193377e-21 7.327789e-21
5.035572e+00 4.006746e-20 6.631784e-21
5.036237e+00 5.539180e-20 6.342309e-21
5.036902e+00 3.081622e-21 7.406443e-21
5.037567e+00 -4.465010e-21 7.843229e-21
5.038232e+00 -3.425159e-21 6.512253e-21
5.038897e+00 1.676892e-20 6.675585e-21
5.039562e+00 -8.942632e-21 7.401320e-21
5.040227e+00 7.628928e-21 7.266485e-21
5.040892e+00 -1.554865e-20 6.535766e-21
5.041557e+00 -2.431863e-21 6.712239e-21
5.042222e+00 4.998452e-20 6.468713e-21
5.042887e+00 1.995043e-20 6.465048e-21
5.043552e+00 -3.342433e-20 6.684982e-21
5.044217e+00 3.107110e-20 7.320060e-21
5.044882e+00 6.395171e-20 7.037355e-21
5.045547e+00 -3.164962e-20 7.294519e-21
5.046212e+00 3.528375e-20 6.958582e-21
5.046877e+00 7.680741e-20 7.909822e-21
5.047542e+00 1.955428e-20 7.319606e-21
5.048207e+00 3.304062e-20 7.181566e-21
5.048872e+00 -1.835413e-20 7.394005e-21
5.049537e+00 6.742308e-20 6.971796e-21
5.050202e+00 3.168437e-20 7.183988e-21
5.050867e+00 8.359896e-20 8.331357e-21
5.051532e+00 3.945197e-20 7.815652e-21
5.052197e+00 4.606136e-20 6.826856e-21
5.052862e+00 -4.429253e-21 7.209160e-21
5.053527e+00 6.891730e-20 7.300455e-21
5.054192e+00 2.948797e-20 7.721055e-21
5.054857e+00 9.117241e-20 7.298471e-21
5.055522e+00 1.188303e-20 6.858839e-21
5.056187e+00 3.966577e-20 7.460283e-21
5.056852e+00 6.925391e-20 7.629728e-21
5.057517e+00 8.026074e-20 7.566165e-21
5.058182e+00 7.648146e-20 6.986686e-21
5.058847e+00 6.541179e-20 8.141704e-21
5.059512e+00 3.850269e-20 6.980145e-21
5.060177e+00 3.260004e-21 6.713979e-21
5.060842e+00 -1.257469e-20 7.443930e-21
5.061507e+00 1.693616e-20 7.587574e-21
5.062172e+00 5.192441e-20 7.640845e-21
5.062837e+00 7.678974e-21 2.151201e-20
5.063502e+00 5.750054e-20 1.067895e-20
5.064167e+00 -4.980239e-21 1.461690e-20
5.064832e+00 2.346322e-20 7.551023e-21
5.065497e+00 6.515316e-20 7.095942e-21
5.066162e+00 4.004877e-20 7.178302e-21
5.066827e+00 1.295849e-20 7.009327e-21
5.067492e+00 2.527121e-20 7.100102e-21
5.068157e+00 2.166531e-20 6.768834e-21
5.068822e+00 4.785183e-20 7.982723e-21
5.069487e+00 -6.751677e-22 7.302813e-21
5.070152e+00 4.797354e-20 7.422458e-21
5.070817e+00 1.934626e-20 7.769115e-21
5.071482e+00 5.637266e-20 7.980578e-21
5.072147e+00 7.815397e-20 8.693995e-21
5.072812e+00 4.291122e-20 7.414700e-21
5.073477e+00 4.996894e-20 7.326247e-21
5.074142e+00 1.301795e-19 7.571504e-21
5.074807e+00 8.824047e-20 8.053175e-21
5.075472e+00 4.165329e-20 8.365097e-21
5.076137e+00 1.120671e-20 7.257623e-21
5.076802e+00 4.918897e-20 7.462928e-21
5.077467e+00 6.336470e-20 7.037046e-21
5.078132e+00 8.721448e-21 9.302446e-21
5.078797e+00 -2.495009e-20 7.910353e-21
5.079462e+00 -3.086585e-21 7.008745e-21
5.080127e+00 7.018112e-20 7.905071e-21
5.080792e+00 2.656223e-20 6.906058e-21
5.081457e+00 -5.997821e-22 6.661730e-21
5.082122e+00 6.946881e-20 6.974996e-21
5.082787e+00 4.996327e-20 6.561288e-21
5.083452e+00 6.422054e-20 7.133159e-21
5.084117e+00 -6.303907e-21 8.298580e-21
5.084782e+00 -4.519374e-20 9.766495e-21
5.085447e+00 1.877155e-20 7.216532e-21
5.086112e+00 -9.285922e-21 7.106183e-21
5.086777e+00 4.591644e-20 7.248916e-21
5.087442e+00 9.404809e-20 7.300955e-21
5.088107e+00 1.955992e-20 7.561831e-21
5.088772e+00 -2.498775e-20 7.578708e-21
5.089437e+00 -2.917780e-20 7.217990e-21
5.090102e+00 6.832249e-20 6.604525e-21
5.090767e+00 9.506844e-20 7.318897e-21
5.091432e+00 2.915698e-20 7.644086e-21
5.092097e+00 2.337668e-20 7.071014e-21
5.092762e+00 3.798595e-20 6.660563e-21
5.093427e+00 8.227958e-20 6.872083e-21
5.094092e+00 3.489394e-20 7.292130e-21
5.094757e+00 3.404968e-20 7.381081e-21
5.095422e+00 5.609363e-20 8.194681e-21
5.096087e+00 3.192795e-20 7.240585e-21
5.096752e+00 8.287902e-21 6.875464e-21
5.097417e+00 -3.857037e-20 6.936027e-21
5.098082e+00 -1.171739e-20 7.379840e-21
5.098747e+00 -9.487756e-21 7.502755e-21
5.099412e+00 1.863843e-20 7.939536e-21
5.100077e+00 4.752811e-20 8.323273e-21
5.100742e+00 5.248960e-20 7.517372e-21
5.101407e+00 2.765318e-20 6.990199e-21
5.102072e+00 -1.579111e-20 7.357163e-21
5.102737e+00 3.231780e-22 7.344042e-21
5.103402e+00 2.241087e-20 7.665854e-21
5.104067e+00 4.563320e-20 6.805605e-21
5.104732e+00 4.615774e-20 7.156667e-21
5.105397e+00 3.804909e-20 6.836306e-21
5.106062e+00 5.839271e-20 7.403186e-21
5.106727e+00 5.384433e-20 8.279022e-21
5.107392e+00 8.942955e-20 8.230178e-21
5.108057e+00 4.776525e-20 6.983387e-21
5.108722e+00 8.201721e-21 7.400137e-21
5.109387e+00 1.581737e-20 7.350078e-21
5.110052e+00 5.428505e-20 7.684228e-21
5.110717e+00 4.991707e-20 7.165215e-21
5.111382e+00 1.934279e-20 6.767920e-21
5.112047e+00 2.465812e-20 7.379045e-21
5.112712e+00 5.562160e-20 7.014205e-21
5.113377e+00 8.655345e-21 3.217668e-20
5.114042e+00 8.074970e-20 5.277341e-20
5.114707e+00 2.865936e-20 7.674240e-21
5.115372e+00 -1.145035e-20 6.727118e-21
5.116037e+00 1.810895e-20 7.647230e-21
5.116702e+00 -1.809168e-20 7.211617e-21
5.117367e+00 -1.238604e-21 7.054836e-21
5.118032e+00 4.964744e-20 1.073950e-20
5.118697e+00 7.723727e-20 9.434301e-21
5.119362e+00 8.103304e-20 6.456732e-20
5.120027e+00 -2.056751e-20 1.104122e-20
5.120692e+00 2.096246e-20 7.156450e-21
5.121357e+00 -1.795529e-20 6.879457e-21
5.122022e+00 -1.820855e-20 8.672076e-21
5.122687e+00 -2.269557e-20 1.028140e-20
5.123352e+00 1.281620e-21 7.323352e-21
5.124017e+00 3.064473e-20 7.383643e-21
5.124682e+00 -1.902775e-20 7.001363e-21
5.125347e+00 3.844663e-20 7.302244e-21
5.126012e+00 9.552168e-20 8.479541e-21
5.126677e+00 6.750877e-20 7.507293e-21
5.127342e+00 4.961533e-21 7.130665e-21
5.128007e+00 4.479180e-20 7.400871e-21
5.128672e+00 1.253192e-20 8.348639e-21
5.129337e+00 2.272864e-20 7.675909e-21
5.130002e+00 -1.530668e-20 6.992917e-21
5.130667e+00 -5.281178e-20 7.060674e-21
5.131332e+00 -5.921134e-20 8.130037e-21
5.131997e+00 3.491110e-20 7.505572e-21
5.132662e+00 2.691942e-20 7.581557e-21
5.133327e+00 -2.225641e-20 7.384589e-21
5.133992e+00 -2.043010e-20 7.654757e-21
5.134657e+00 -1.610194e-20 7.402752e-21
5.135322e+00 2.014273e-20 8.261369e-21
5.135987e+00 -4.874880e-21 7.880787e-21
5.136652e+00 -1.837640e-20 7.902311e-21
5.137317e+00 3.360511e-21 7.650315e-21
5.137982e+00 3.456248e-20 1.103408e-20
5.138647e+00 2.857244e-20 7.406091e-21
5.139312e+00 7.519049e-20 7.841015e-21
5.139977e+00 8.232605e-20 7.182998e-21
5.140642e+00 -3.337006e-21 7.684540e-21
5.141307e+00 -1.502285e-21 7.553805e-21
5.141972e+00 -2.588716e-20 7.605202e-21
5.142637e+00 1.514742e-20 8.514077e-21
5.143302e+00 -2.890429e-20 8.372510e-21
5.143967e+00 3.438571e-20 7.473265e-21
5.144632e+00 6.224319e-21 7.237735e-21
5.145297e+00 2.278428e-20 7.567348e-21
5.145962e+00 -2.555990e-20 7.248602e-21
5.146627e+00 7.088669e-20 8.028819e-21
5.147292e+00 -9.893971e-21 7.357255e-21
5.147957e+00 7.079535e-20 7.492906e-21
5.148622e+00 9.984654e-20 7.761076e-21
5.149287e+00 3.142577e-20 7.561857e-21
5.149952e+00 5.701128e-20 7.238023e-21
5.150617e+00 4.887873e-20 7.653299e-21
5.151282e+00 8.940836e-20 7.767413e-21
5.151947e+00 -5.144106e-21 7.938868e-21
5.152612e+00 -4.761761e-20 8.143704e-21
5.153277e+00 2.142579e-20 7.460344e-21
5.153942e+00 4.750467e-20 7.541296e-21
5.154607e+00 6.292416e-20 7.473521e-21
5.155272e+00 7.761709e-20 7.653292e-21
5.155937e+00 1.239174e-19 8.086721e-21
5.156602e+00 5.909727e-20 7.733991e-21
5.157267e+00 -7.044724e-21 7.748363e-21
5.157932e+00 6.540533e-20 7.819923e-21
5.158597e+00 -2.231116e-20 8.047623e-21
5.159262e+00 3.627962e-20 7.481890e-21
5.159927e+00 5.465742e-20 7.925914e-21
5.160592e+00 4.258414e-21 7.385010e-21
5.161257e+00 -3.621453e-20 7.872191e-21
5.161922e+00 -2.532534e-20 7.060817e-21
5.162587e+00 3.853773e-20 7.578171e-21
5.163252e+00 9.606338e-20 8.087587e-21
5.163917e+00 5.482441e-20 7.872999e-21
5.164582e+00 4.254590e-20 7.236980e-21
5.165247e+00 2.620125e-20 7.575508e-21
5.165912e+00 1.581990e-20 7.489178e-21
5.166577e+00 5.100486e-22 7.902273e-21
5.167242e+00 -1.976367e-20 7.303045e-21
5.167907e+00 1.347109e-20 7.517523e-21
5.168572e+00 -2.351630e-20 7.688539e-21
5.169237e+00 2.045376e-22 8.404801e-21
5.169902e+00 7.240816e-20 8.153634e-21
5.170567e+00 3.561539e-20 7.798146e-21
5.171232e+00 3.262640e-20 8.229793e-21
5.171897e+00 1.808921e-21 8.465005e-21
5.172562e+00 -2.048480e-20 7.673073e-21
5.173227e+00 -7.767377e-22 7.517953e-21
5.173892e+00 1.265707e-20 7.418369e-21
5.174557e+00 -1.889497e-20 7.732279e-21
5.175222e+00 -1.466211e-21 7.620982e-21
5.175887e+00 3.047176e-20 7.612137e-21
5.176552e+00 5.698157e-20 8.416916e-21
5.177217e+00 7.254551e-20 8.505183e-21
5.177882e+00 4.099453e-20 8.777311e-21
5.178547e+00 -4.833960e-20 8.440851e-21
5.179212e+00 4.515155e-21 7.615350e-21
5.179877e+00 -7.372425e-21 7.732948e-21
5.180542e+00 1.057162e-19 7.436476e-21
5.181207e+00 8.377899e-20 7.313423e-21
5.181872e+00 3.838663e-20 7.527376e-21
5.182537e+00 4.843796e-21 7.954771e-21
5.183202e+00 8.195155e-21 8.485891e-21
5.183867e+00 2.993855e-20 1.592594e-20
5.184532e+00 3.654393e-20 1.533844e-20
5.185197e+00 3.678657e-21 1.992548e-20
5.185862e+00 -5.627910e-20 7.682807e-21
5.186527e+00 -2.157813e-20 7.842283e-21
5.187192e+00 -1.262728e-20 8.403268e-21
5.187857e+00 2.319463e-20 9.694415e-21
5.188522e+00 2.415237e-20 8.512127e-21
5.189187e+00 3.319537e-20 8.675517e-21
5.189852e+00 -1.047582e-20 7.971297e-21
5.190517e+00 -3.008702e-20 7.911694e-21
5.191182e+00 4.608554e-20 8.335521e-21
5.191847e+00 1.206695e-20 7.989675e-21
5.192512e+00 -1.918461e-20 8.298619e-21
5.193177e+00 -2.159506e-21 7.727815e-21
5.193842e+00 5.814160e-20 7.666687e-21
5.194507e+00 7.200111e-20 8.760010e-21
5.195172e+00 8.070877e-20 9.086484e-21
5.195837e+00 1.593474e-21 7.927930e-21
5.196502e+00 -7.382445e-21 7.106382e-21
5.197167e+00 3.644337e-20 7.248984e-21
5.197832e+00 8.224575e-20 7.034082e-21
5.198497e+00 3.747991e-20 7.278441e-21
5.199162e+00 -3.379940e-21 8.040414e-21
5.199827e+00 6.286022e-20 7.819955e-21
5.200492e+00 5.728016e-20 9.618026e-21
5.201157e+00 5.581926e-20 1.538277e-20
5.201822e+00 4.896497e-20 7.674237e-21
5.202487e+00 -1.953136e-20 7.795734e-21
5.203152e+00 -5.396398e-21 7.724202e-21
5.203817e+00 5.514918e-20 7.694001e-21
5.204482e+00 3.915296e-20 7.830505e-21
5.205147e+00 5.983815e-20 7.265828e-21
5.205812e+00 3.500408e-20 7.524349e-21
5.206477e+00 6.791281e-21 8.851466e-21
5.207142e+00 -3.800907e-21 6.959261e-21
5.207807e+00 6.327160e-21 8.144110e-21
5.208472e+00 6.134459e-20 8.128930e-21
5.209137e+00 3.571661e-20 7.287727e-21
5.209802e+00 1.346278e-20 7.576951e-21
5.210467e+00 -3.104250e-22 7.472696e-21
5.211132e+00 1.146918e-20 7.164499e-21
5.211797e+00 2.186950e-20 7.778099e-21
5.212462e+00 8.088644e-20 2.470463e-20
5.213127e+00 8.907168e-20 7.618717e-21
5.213792e+00 2.934754e-20 7.417709e-21
5.214457e+00 3.356095e-20 7.309909e-21
5.215122e+00 2.251382e-20 7.788691e-21
5.215787e+00 2.762213e-20 7.616122e-21
5.216452e+00 3.148702e-20 7.693506e-21
5.217117e+00 2.099070e-20 7.339017e-21
5.217782e+00 5.130852e-20 8.170660e-21
5.218447e+00 5.326978e-20 8.747824e-21
5.219112e+00 4.378914e-20 7.149214e-21
5.219777e+00 9.801300e-20 7.338457e-21
5.220442e+00 8.151792e-20 7.798503e-21
5.221107e+00 1.263613e-20 7.572944e-21
5.221772e+00 4.856058e-20 7.919404e-21
5.222437e+00 6.836283e-20 7.955763e-21
5.223102e+00 8.778068e-20 7.292311e-21
5.223767e+00 8.492621e-20 7.917938e-21
5.224432e+00 -1.776233e-20 7.881058e-21
5.225097e+00 -8.724109e-21 7.204909e-21
5.225762e+00 -1.250423e-20 7.626868e-21
5.226427e+00 -3.968949e-20 7.686266e-21
5.227092e+00 2.811445e-20 8.130123e-21
5.227757e+00 1.933028e-20 7.876890e-21
5.228422e+00 -2.729599e-20 8.457585e-21
5.229087e+00 5.706748e-20 7.686605e-21
5.229752e+00 -2.731773e-21 7.697983e-21
5.230417e+00 3.273539e-20 8.400820e-21
5.231082e+00 4.817017e-20 7.909376e-21
5.231747e+00 3.350156e-20 9.140438e-21
5.232412e+00 2.212912e-20 8.906581e-21
5.233077e+00 4.089559e-20 8.545722e-21
5.233742e+00 -4.964930e-21 8.564350e-21
5.234407e+00 3.038129e-20 8.064276e-21
5.235072e+00 9.780253e-21 7.602859e-21
5.235737e+00 2.606434e-20 7.825943e-21
5.236402e+00 6.777870e-20 8.104137e-21
5.237067e+00 1.016249e-19 8.337698e-21
5.237732e+00 1.159889e-20 1.009861e-20
5.238397e+00 2.475855e-20 8.462439e-21
5.239062e+00 1.422069e-20 7.584631e-21
5.239727e+00 2.183025e-20 7.197654e-21
5.240392e+00 -2.159810e-20 7.902604e-21
5.241057e+00 -2.042268e-20 9.425563e-21
5.241722e+00 2.935371e-20 8.922858e-21
5.242387e+00 8.646215e-20 7.756133e-21
5.243052e+00 1.487623e-19 8.606350e-21
5.243717e+00 8.204062e-20 8.393780e-21
5.244382e+00 1.379724e-19 7.273713e-21
5.245047e+00 8.404910e-20 7.717579e-21
5.245712e+00 8.269450e-20 8.136936e-21
5.246377e+00 2.230005e-20 8.358076e-21
5.247042e+00 1.099445e-20 7.583108e-21
5.247707e+00 5.812785e-20 8.087970e-21
5.248372e+00 3.836250e-20 8.521995e-21
5.249037e+00 4.918751e-20 7.849599e-21
5.249702e+00 5.153282e-20 8.754829e-21
5.250367e+00 4.604024e-20 8.315197e-21
5.251032e+00 7.041547e-20 1.002349e-20
5.251697e+00 6.444961e-20 1.406734e-20
5.252362e+00 3.091078e-20 7.736086e-21
5.253027e+00 4.342080e-20 1.116633e-20
5.253692e+00 -5.266971e-21 8.487458e-21
5.254357e+00 2.081512e-20 8.212669e-21
5.255022e+00 6.355787e-20 9.687972e-21
5.255687e+00 1.072525e-19 8.001962e-21
5.256352e+00 4.981239e-20 8.107682e-21
5.257017e+00 1.186552e-20 7.934789e-21
5.257682e+00 1.808642e-20 8.234903e-21
5.258347e+00 8.981057e-20 8.100053e-21
5.259012e+00 9.956088e-21 9.127310e-21
5.259677e+00 -2.335030e-21 8.007595e-21
5.260342e+00 2.476619e-20 8.347390e-21
5.261007e+00 2.969654e-20 7.853146e-21
5.261672e+00 1.866319e-20 7.986038e-21
5.262337e+00 5.863364e-21 9.662127e-21
5.263002e+00 1.630917e-20 2.594983e-20
5.263667e+00 3.861266e-20 1.157643e-20
5.264332e+00 4.340485e-20 1.729177e-20
5.264997e+00 -3.961474e-20 8.654093e-21
5.265662e+00 -1.709226e-21 8.942336e-21
5.266327e+00 2.630877e-20 7.862261e-21
5.266992e+00 9.393909e-22 8.461004e-21
5.267657e+00 4.717031e-20 9.611419e-21
5.268322e+00 -4.389625e-21 8.551619e-21
5.268987e+00 7.661233e-20 8.199742e-21
5.269652e+00 2.892177e-20 1.293073e-20
5.270317e+00 nan nan
