# Wavelength(um) Flux(erg/s/cm2/A) Flux_Err
2.870332e+00 -6.198462e-20 1.459967e-20
2.870997e+00 -7.904027e-20 1.032409e-20
2.871662e+00 1.329625e-20 9.997839e-21
2.872327e+00 1.196381e-20 1.199270e-20
2.872992e+00 2.987165e-20 1.087924e-20
2.873657e+00 -7.403971e-21 1.095257e-20
2.874322e+00 -2.688902e-20 1.026781e-20
2.874987e+00 -2.670728e-20 1.024250e-20
2.875652e+00 -4.420197e-20 1.076329e-20
2.876317e+00 -1.174982e-19 1.018530e-20
2.876982e+00 -1.191902e-20 1.243260e-20
2.877647e+00 1.792458e-20 1.046528e-20
2.878312e+00 2.473430e-20 1.011828e-20
2.878977e+00 1.661584e-21 1.020453e-20
2.879642e+00 3.640944e-20 1.029275e-20
2.880307e+00 5.368883e-20 4.609218e-20
2.880972e+00 1.199182e-19 3.646117e-20
2.881637e+00 9.768918e-20 9.906816e-21
2.882302e+00 5.249429e-20 9.645965e-21
2.882967e+00 8.546038e-20 9.056706e-21
2.883632e+00 6.929367e-20 8.891153e-21
2.884297e+00 4.397772e-20 1.012347e-20
2.884962e+00 -8.830883e-21 9.806462e-21
2.885627e+00 -3.868285e-20 1.031965e-20
2.886292e+00 -1.211546e-20 1.187729e-20
2.886957e+00 -8.993133e-20 2.066709e-20
2.887622e+00 -7.196978e-20 1.834311e-20
2.888287e+00 -1.283389e-20 1.694079e-20
2.888952e+00 -4.033855e-20 1.167996e-20
2.889617e+00 -4.964065e-20 9.860705e-21
2.890282e+00 -1.552675e-20 1.378809e-20
2.890947e+00 -3.013833e-20 3.121203e-20
2.891612e+00 1.706943e-20 1.752713e-20
2.892277e+00 -9.242920e-21 9.666444e-21
2.892942e+00 -3.229684e-20 9.423550e-21
2.893607e+00 9.273116e-21 9.185498e-21
2.894272e+00 5.051509e-20 8.569003e-21
2.894937e+00 6.389207e-20 9.126138e-21
2.895602e+00 6.112397e-20 9.576081e-21
2.896267e+00 6.242854e-20 9.623588e-21
2.896932e+00 5.569445e-20 9.269231e-21
2.897597e+00 2.699638e-20 9.703393e-21
2.898262e+00 2.762009e-21 8.539218e-21
2.898927e+00 5.180732e-21 8.865636e-21
2.899592e+00 1.061742e-20 9.229292e-21
2.900257e+00 2.166595e-20 8.618984e-21
2.900922e+00 -4.449626e-20 8.998213e-21
2.901587e+00 4.076633e-21 8.122797e-21
2.902252e+00 4.893828e-20 9.583645e-21
2.902917e+00 1.301217e-20 8.721805e-21
2.903582e+00 3.023654e-20 8.738242e-21
2.904247e+00 4.910703e-20 8.451087e-21
2.904912e+00 8.551040e-20 8.582946e-21
2.905577e+00 4.553431e-21 8.682102e-21
2.906242e+00 -3.067823e-20 9.077435e-21
2.906907e+00 -1.995219e-20 8.387280e-21
2.907572e+00 4.582396e-21 8.452750e-21
2.908237e+00 1.050346e-20 8.841583e-21
2.908902e+00 -2.758884e-21 9.015206e-21
2.909567e+00 2.020267e-20 8.638822e-21
2.910232e+00 5.324655e-20 8.684932e-21
2.910897e+00 -2.159629e-20 8.296438e-21
2.911562e+00 -1.910662e-21 8.293924e-21
2.912227e+00 6.610925e-20 8.754730e-21
2.912892e+00 4.615627e-21 8.625961e-21
2.913557e+00 1.609915e-20 8.210383e-21
2.914222e+00 4.855745e-20 8.166975e-21
2.914887e+00 3.458967e-20 8.437271e-21
2.915552e+00 4.278898e-20 8.848761e-21
2.916217e+00 1.235927e-19 8.390891e-21
2.916882e+00 1.537422e-19 8.297380e-21
2.917547e+00 6.862988e-20 8.656087e-21
2.918212e+00 7.878624e-20 8.159855e-21
2.918877e+00 2.173968e-20 8.113080e-21
2.919542e+00 2.739770e-20 7.907302e-21
2.920207e+00 4.033750e-20 7.952254e-21
2.920872e+00 9.097115e-20 7.892536e-21
2.921537e+00 5.497044e-20 7.934198e-21
2.922202e+00 3.407052e-20 7.722466e-21
2.922867e+00 6.120061e-20 8.178578e-21
2.923532e+00 2.689931e-20 8.271276e-21
2.924197e+00 8.253965e-20 8.022946e-21
2.924862e+00 6.222070e-20 7.988895e-21
2.925527e+00 4.678631e-21 8.221830e-21
2.926192e+00 5.915134e-21 8.116875e-21
2.926857e+00 4.328430e-20 7.989159e-21
2.927522e+00 7.659732e-20 8.013521e-21
2.928187e+00 1.642206e-20 7.472152e-21
2.928852e+00 -3.406860e-20 7.399624e-21
2.929517e+00 -4.838075e-20 7.830027e-21
2.930182e+00 -2.634544e-20 7.886597e-21
2.930847e+00 5.368906e-20 2.109817e-20
2.931512e+00 4.467727e-20 7.536692e-21
2.932177e+00 2.902392e-20 7.608060e-21
2.932842e+00 -3.124391e-21 3.147009e-20
2.933507e+00 -5.300698e-20 1.831359e-20
2.934172e+00 4.918793e-20 7.425643e-21
2.934837e+00 9.365140e-20 8.221130e-21
2.935502e+00 5.322698e-20 7.499268e-21
2.936167e+00 1.251665e-20 7.759939e-21
2.936832e+00 3.144239e-20 8.150942e-21
2.937497e+00 2.676190e-20 7.365396e-21
2.938162e+00 1.027874e-20 7.597066e-21
2.938827e+00 -7.397277e-22 7.635747e-21
2.939492e+00 2.491290e-20 7.495484e-21
2.940157e+00 -5.908072e-20 7.834782e-21
2.940822e+00 -1.808769e-21 7.764491e-21
2.941487e+00 1.466909e-20 8.280666e-21
2.942152e+00 3.211774e-20 8.925297e-21
2.942817e+00 5.563629e-22 7.528718e-21
2.943482e+00 -3.653128e-20 7.494945e-21
2.944147e+00 -3.212710e-20 7.557088e-21
2.944812e+00 -1.319637e-20 7.862050e-21
2.945477e+00 5.615362e-20 6.947484e-21
2.946142e+00 1.179655e-21 7.096911e-21
2.946807e+00 -8.248691e-20 6.816234e-21
2.947472e+00 -3.494966e-20 7.099643e-21
2.948137e+00 -1.043370e-20 7.399094e-21
2.948802e+00 2.104091e-20 6.920315e-21
2.949467e+00 6.041694e-20 7.529743e-21
2.950132e+00 3.152620e-20 7.278875e-21
2.950797e+00 -9.724360e-21 7.358785e-21
2.951462e+00 -3.250417e-20 7.732332e-21
2.952127e+00 -1.050960e-20 7.599214e-21
2.952792e+00 9.077789e-20 7.369118e-21
2.953457e+00 4.596374e-20 7.067293e-21
2.954122e+00 2.219457e-21 7.573098e-21
2.954787e+00 5.532906e-20 1.519184e-20
2.955452e+00 9.634052e-20 1.832415e-20
2.956117e+00 2.279149e-20 7.975465e-21
2.956782e+00 7.263341e-21 7.690321e-21
2.957447e+00 -3.738979e-20 1.241878e-20
2.958112e+00 -2.113988e-22 7.897083e-21
2.958777e+00 5.965821e-20 7.753989e-21
2.959442e+00 1.094785e-19 7.995727e-21
2.960107e+00 6.353973e-20 7.707970e-21
2.960772e+00 4.490119e-20 7.178800e-21
2.961437e+00 1.536436e-21 6.926209e-21
2.962102e+00 2.403919e-20 7.443159e-21
2.962767e+00 -2.520650e-20 3.669981e-20
2.963432e+00 1.861328e-20 7.320852e-20
2.964097e+00 1.287851e-20 6.468689e-20
2.964762e+00 -2.065359e-20 7.551993e-21
2.965427e+00 -1.397884e-20 7.044263e-21
2.966092e+00 4.481418e-20 1.026194e-20
2.966757e+00 -3.251531e-20 1.002773e-20
2.967422e+00 5.323824e-21 1.573951e-20
2.968087e+00 7.591799e-20 8.738608e-21
2.968752e+00 -2.182813e-20 6.896674e-21
2.969417e+00 -2.327931e-20 7.251633e-21
2.970082e+00 -1.617508e-20 7.690400e-21
2.970747e+00 -7.911129e-21 7.278775e-21
2.971412e+00 5.319077e-20 6.956516e-21
2.972077e+00 1.296383e-20 7.288847e-21
2.972742e+00 3.061984e-20 6.645698e-21
2.973407e+00 1.119229e-20 6.918705e-21
2.974072e+00 -3.756843e-21 6.538399e-21
2.974737e+00 -3.994900e-20 7.012309e-21
2.975402e+00 -2.277038e-20 6.749547e-21
2.976067e+00 3.727725e-20 7.038168e-21
2.976732e+00 -6.004020e-21 6.777800e-21
2.977397e+00 -1.126226e-22 7.062921e-21
2.978062e+00 -2.080043e-20 7.032268e-21
2.978727e+00 2.777495e-20 6.820832e-21
2.979392e+00 -1.808255e-20 6.928894e-21
2.980057e+00 -1.613850e-20 6.530469e-21
2.980722e+00 -6.658373e-21 6.875884e-21
2.981387e+00 3.685566e-20 6.821874e-21
2.982052e+00 -2.506357e-20 7.246482e-21
2.982717e+00 -2.199411e-20 6.852006e-21
2.983382e+00 -5.006005e-20 6.871229e-21
2.984047e+00 -2.029424e-20 6.776941e-21
2.984712e+00 -2.584121e-20 7.026215e-21
2.985377e+00 1.755104e-20 6.844550e-21
2.986042e+00 -1.462585e-20 6.350997e-21
2.986707e+00 2.036522e-20 6.545869e-21
2.987372e+00 -7.843734e-21 7.283365e-21
2.988037e+00 4.841963e-21 6.968876e-21
2.988702e+00 1.903799e-20 8.207296e-21
2.989367e+00 1.271190e-20 9.731489e-21
2.990032e+00 -2.490851e-20 1.521025e-20
2.990697e+00 3.884552e-20 2.477636e-20
2.991362e+00 1.195301e-20 1.739289e-20
2.992027e+00 -4.462915e-20 1.314980e-20
2.992692e+00 -2.547586e-20 9.230390e-21
2.993357e+00 1.951156e-20 7.984945e-21
2.994022e+00 5.788443e-20 7.584400e-21
2.994687e+00 -1.581602e-20 7.112429e-21
2.995352e+00 -1.478592e-20 7.581442e-21
2.996017e+00 -4.164172e-20 6.965382e-21
2.996682e+00 -6.391840e-20 7.149029e-21
2.997347e+00 -7.978793e-21 6.930152e-21
2.998012e+00 -1.841675e-21 7.001663e-21
2.998677e+00 -1.382120e-20 6.697724e-21
2.999342e+00 -3.649296e-20 6.420521e-21
3.000007e+00 -1.145229e-20 6.922664e-21
3.000672e+00 3.067564e-20 7.017640e-21
3.001337e+00 -2.414800e-20 6.812076e-21
3.002002e+00 -3.438976e-20 7.361872e-21
3.002667e+00 -2.355643e-20 6.960300e-21
3.003332e+00 3.509416e-20 3.178282e-20
3.003997e+00 -6.857610e-20 2.006599e-20
3.004662e+00 -2.089706e-20 6.130320e-21
3.005327e+00 -3.979039e-20 6.217156e-21
3.005992e+00 4.375061e-21 7.305122e-21
3.006657e+00 5.943805e-21 6.508735e-21
3.007322e+00 4.061691e-20 6.636209e-21
3.007987e+00 -5.319518e-22 6.947488e-21
3.008652e+00 -9.947136e-21 6.897459e-21
3.009317e+00 -3.793188e-20 6.532259e-21
3.009982e+00 -1.114394e-20 6.866289e-21
3.010647e+00 5.374160e-20 6.703603e-21
3.011312e+00 9.942667e-21 6.892160e-21
3.011977e+00 -7.128144e-20 6.876469e-21
3.012642e+00 -3.204257e-20 6.755766e-21
3.013307e+00 -4.523567e-20 6.625810e-21
3.013972e+00 -6.005651e-20 6.462661e-21
3.014637e+00 -3.768178e-20 6.280692e-21
3.015302e+00 1.872768e-20 7.672954e-21
3.015967e+00 2.191299e-20 6.721950e-21
3.016632e+00 5.319456e-21 6.802135e-21
3.017297e+00 -3.629556e-21 6.422274e-21
3.017962e+00 -2.499267e-20 6.275791e-21
3.018627e+00 4.472205e-21 6.252407e-21
3.019292e+00 -1.756245e-20 6.633689e-21
3.019957e+00 -2.634142e-20 6.133624e-21
3.020622e+00 5.235468e-20 6.562059e-21
3.021287e+00 1.321899e-20 6.289376e-21
3.021952e+00 2.187176e-20 6.841280e-21
3.022617e+00 -1.000735e-20 7.171477e-21
3.023282e+00 1.456364e-20 7.143428e-21
3.023947e+00 9.771327e-21 6.458250e-21
3.024612e+00 1.390134e-20 6.840742e-21
3.025277e+00 2.077557e-20 6.859781e-21
3.025942e+00 1.919795e-20 6.473875e-21
3.026607e+00 3.321199e-20 6.397265e-21
3.027272e+00 3.461723e-20 6.614871e-21
3.027937e+00 1.802328e-20 6.516587e-21
3.028602e+00 5.700854e-20 6.296305e-21
3.029267e+00 7.203253e-20 6.604722e-21
3.029932e+00 5.394905e-20 6.386620e-21
3.030597e+00 8.887540e-21 6.697353e-21
3.031262e+00 7.283696e-20 6.601641e-21
3.031927e+00 5.446950e-20 6.458251e-21
3.032592e+00 3.035284e-20 6.816289e-21
3.033257e+00 4.007059e-20 6.648097e-21
3.033922e+00 7.655662e-20 6.185230e-21
3.034587e+00 3.638462e-20 6.267415e-21
3.035252e+00 4.346790e-20 6.632952e-21
3.035917e+00 2.885561e-20 6.451253e-21
3.036582e+00 1.121327e-20 6.557515e-21
3.037247e+00 -9.496835e-21 6.445283e-21
3.037912e+00 3.139790e-22 6.124069e-21
3.038577e+00 1.730091e-20 6.276860e-21
3.039242e+00 -1.886053e-20 6.652825e-21
3.039907e+00 -3.893335e-21 6.795242e-21
3.040572e+00 -1.373271e-20 6.474331e-21
3.041237e+00 -2.982762e-20 6.234867e-21
3.041902e+00 -2.467393e-20 6.582949e-21
3.042567e+00 -2.636555e-20 7.036980e-21
3.043232e+00 4.385982e-20 6.843327e-21
3.043897e+00 1.634043e-20 6.322109e-21
3.044562e+00 -9.619305e-22 6.346024e-21
3.045227e+00 -5.361085e-20 1.041751e-20
3.045892e+00 -2.451857e-20 6.810252e-20
3.046557e+00 3.243385e-20 5.034239e-20
3.047222e+00 1.616830e-20 1.070309e-20
3.047887e+00 -3.183001e-20 6.340745e-21
3.048552e+00 8.247476e-21 7.040304e-21
3.049217e+00 1.559044e-20 6.318647e-21
3.049882e+00 5.811677e-20 6.322629e-21
3.050547e+00 3.397485e-20 6.260326e-21
3.051212e+00 1.959962e-20 6.418810e-21
3.051877e+00 7.918796e-20 6.322180e-21
3.052542e+00 4.913229e-20 6.164891e-21
3.053207e+00 3.874684e-21 5.987648e-21
3.053872e+00 4.693912e-20 7.031386e-21
3.054537e+00 3.513644e-20 5.988367e-21
3.055202e+00 1.019203e-20 6.020624e-21
3.055867e+00 1.910916e-21 6.726392e-21
3.056532e+00 -1.154980e-20 6.168610e-21
3.057197e+00 3.217654e-20 6.393473e-21
3.057862e+00 4.266104e-20 6.236109e-21
3.058527e+00 2.966230e-20 6.155091e-21
3.059192e+00 1.439931e-21 6.443652e-21
3.059857e+00 -1.493129e-20 6.425882e-21
3.060522e+00 -2.286378e-20 5.813098e-21
3.061187e+00 -2.109357e-21 5.746780e-21
3.061852e+00 1.130501e-20 5.884010e-21
3.062517e+00 1.132004e-20 6.638137e-21
3.063182e+00 7.038024e-21 7.445181e-21
3.063847e+00 4.091663e-20 6.006387e-21
3.064512e+00 7.290281e-21 6.308322e-21
3.065177e+00 1.995350e-20 6.493995e-21
3.065842e+00 2.300063e-21 6.300264e-21
3.066507e+00 4.117180e-20 6.399451e-21
3.067172e+00 2.291021e-20 6.526582e-21
3.067837e+00 3.035466e-20 6.399228e-21
3.068502e+00 -5.720007e-21 6.151039e-21
3.069167e+00 -6.692504e-21 6.428805e-21
3.069832e+00 -1.637205e-20 6.799763e-21
3.070497e+00 3.480722e-20 6.261819e-21
3.071162e+00 2.304179e-20 5.853055e-21
3.071827e+00 -7.873137e-21 6.262184e-21
3.072492e+00 -1.645584e-21 6.464066e-21
3.073157e+00 -4.066334e-20 6.655585e-21
3.073822e+00 -1.100922e-20 6.064742e-21
3.074487e+00 3.936091e-20 6.249441e-21
3.075152e+00 8.133835e-20 6.034292e-21
3.075817e+00 1.329058e-20 6.024683e-21
3.076482e+00 2.098640e-20 6.219445e-21
3.077147e+00 4.616731e-20 5.877328e-21
3.077812e+00 -3.370934e-21 6.125891e-21
3.078477e+00 9.867048e-21 6.178850e-21
3.079142e+00 1.328179e-21 6.166785e-21
3.079807e+00 -4.096108e-20 6.152030e-21
3.080472e+00 -2.294576e-20 6.151148e-21
3.081137e+00 2.939734e-21 5.896084e-21
3.081802e+00 -1.283766e-20 6.136052e-21
3.082467e+00 3.922087e-20 6.276637e-21
3.083132e+00 -2.114807e-20 6.562461e-21
3.083797e+00 4.901736e-21 5.891130e-21
3.084462e+00 4.233028e-21 6.343509e-21
3.085127e+00 1.668428e-20 6.051901e-21
3.085792e+00 -2.766645e-21 5.915154e-21
3.086457e+00 -6.915258e-20 5.856519e-21
3.087122e+00 -2.482922e-20 6.178910e-21
3.087787e+00 8.949915e-22 5.686717e-21
3.088452e+00 1.392332e-20 6.489131e-21
3.089117e+00 -1.694336e-20 6.056998e-21
3.089782e+00 -3.900237e-20 5.981576e-21
3.090447e+00 -5.732680e-20 5.806172e-21
3.091112e+00 -2.015745e-20 5.817907e-21
3.091777e+00 -1.990437e-20 5.818154e-21
3.092442e+00 -1.853743e-20 6.187621e-21
3.093107e+00 -4.932442e-20 5.564348e-21
3.093772e+00 -2.481201e-20 5.455961e-21
3.094437e+00 7.043577e-21 6.314678e-21
3.095102e+00 -3.745582e-21 6.991679e-21
3.095767e+00 3.170619e-20 7.469883e-21
3.096432e+00 4.443469e-20 6.180178e-21
3.097097e+00 -7.740385e-21 6.594946e-21
3.097762e+00 3.564089e-20 5.956870e-21
3.098427e+00 2.746898e-20 5.935417e-21
3.099092e+00 3.021912e-20 5.881876e-21
3.099757e+00 4.330287e-21 5.990649e-21
3.100422e+00 -4.654534e-20 5.658802e-21
3.101087e+00 -1.527688e-20 5.630041e-21
3.101752e+00 1.542476e-20 5.877898e-21
3.102417e+00 -2.346739e-20 6.273912e-21
3.103082e+00 -7.480158e-21 5.704342e-21
3.103747e+00 -2.905775e-20 5.905726e-21
3.104412e+00 2.431530e-20 5.759173e-21
3.105077e+00 5.055100e-20 6.007941e-21
3.105742e+00 1.638627e-20 6.142156e-21
3.106407e+00 -2.314114e-20 6.117160e-21
3.107072e+00 3.574831e-22 5.787220e-21
3.107737e+00 1.136769e-20 6.298469e-21
3.108402e+00 2.393338e-20 6.307539e-21
3.109067e+00 -5.839309e-21 5.994504e-21
3.109732e+00 -1.844513e-21 5.717045e-21
3.110397e+00 -8.791786e-22 6.102390e-21
3.111062e+00 2.701038e-20 9.657663e-21
3.111727e+00 -7.346041e-21 1.031368e-20
3.112392e+00 -1.838607e-20 5.821674e-21
3.113057e+00 -7.590147e-21 6.165455e-21
3.113722e+00 1.803264e-20 5.748325e-21
3.114387e+00 6.117127e-20 6.037940e-21
3.115052e+00 3.460370e-20 5.934607e-21
3.115717e+00 8.256717e-21 5.783875e-21
3.116382e+00 2.975455e-20 6.333085e-21
3.117047e+00 1.355687e-20 5.986980e-21
3.117712e+00 6.562152e-20 6.056758e-21
3.118377e+00 5.045493e-20 5.805300e-21
3.119042e+00 2.058350e-20 5.561513e-21
3.119707e+00 3.516451e-20 5.500770e-21
3.120372e+00 -9.814489e-22 5.551860e-21
3.121037e+00 -2.788493e-20 5.899874e-21
3.121702e+00 -6.486031e-21 6.150193e-21
3.122367e+00 -2.478611e-20 5.830642e-21
3.123032e+00 -1.467517e-20 5.509650e-21
3.123697e+00 3.716916e-20 5.772745e-21
3.124362e+00 8.746696e-21 5.831362e-21
3.125027e+00 1.837286e-20 6.015615e-21
3.125692e+00 1.882663e-20 9.830182e-21
3.126357e+00 4.190184e-20 8.560118e-21
3.127022e+00 3.040338e-20 1.149936e-20
3.127687e+00 -3.216161e-20 6.188049e-21
3.128352e+00 -3.559511e-20 5.961976e-21
3.129017e+00 1.288838e-20 6.217411e-21
3.129682e+00 -8.359718e-21 5.972960e-21
3.130347e+00 -8.997431e-21 6.157730e-21
3.131012e+00 -1.625487e-20 5.659049e-21
3.131677e+00 3.579784e-20 5.945160e-21
3.132342e+00 -1.173258e-20 6.234417e-21
3.133007e+00 1.160758e-20 5.756933e-21
3.133672e+00 -4.390605e-20 6.316199e-21
3.134337e+00 -6.931591e-20 6.631375e-21
3.135002e+00 -4.753893e-21 5.783925e-21
3.135667e+00 1.500875e-20 5.811211e-21
3.136332e+00 9.595490e-21 5.667765e-21
3.136997e+00 8.156944e-21 5.664948e-21
3.137662e+00 -2.432032e-20 5.370608e-21
3.138327e+00 2.717925e-20 7.520341e-21
3.138992e+00 3.503550e-20 5.850518e-21
3.139657e+00 2.976782e-20 5.895035e-21
3.140322e+00 5.104901e-21 5.713236e-21
3.140987e+00 9.387713e-20 5.711969e-21
3.141652e+00 1.521157e-20 5.651167e-21
3.142317e+00 9.863354e-21 6.329772e-21
3.142982e+00 2.337582e-20 6.210420e-21
3.143647e+00 2.338998e-20 5.830492e-21
3.144312e+00 -5.050666e-20 5.680979e-21
3.144977e+00 -1.168466e-20 5.660857e-21
3.145642e+00 3.648159e-20 6.196471e-21
3.146307e+00 6.174627e-20 5.848228e-21
3.146972e+00 4.854323e-20 5.991006e-21
3.147637e+00 -7.131391e-20 5.670751e-21
3.148302e+00 -3.248837e-20 5.880339e-21
3.148967e+00 3.540978e-20 6.096398e-21
3.149632e+00 3.634168e-20 6.027107e-21
3.150297e+00 -2.780106e-20 5.578640e-21
3.150962e+00 -3.138776e-20 5.802893e-21
3.151627e+00 -1.710724e-20 5.520588e-21
3.152292e+00 -3.932628e-21 5.750290e-21
3.152957e+00 -1.607815e-21 6.073401e-21
3.153622e+00 -1.795135e-20 5.590004e-21
3.154287e+00 -3.887532e-20 5.746268e-21
3.154952e+00 -1.947620e-20 5.413745e-21
3.155617e+00 -1.452872e-21 5.485477e-21
3.156282e+00 -5.932731e-21 5.442169e-21
3.156947e+00 2.203118e-20 5.684946e-21
3.157612e+00 4.442739e-20 5.952166e-21
3.158277e+00 3.794227e-20 5.960097e-21
3.158942e+00 5.146791e-20 6.038757e-21
3.159607e+00 5.972315e-20 5.628330e-21
3.160272e+00 2.539080e-20 5.633207e-21
3.160937e+00 4.213652e-21 5.551572e-21
3.161602e+00 5.525141e-21 5.566660e-21
3.162267e+00 -4.929565e-21 5.505387e-21
3.162932e+00 1.447783e-20 5.455615e-21
3.163597e+00 2.953622e-20 5.447898e-21
3.164262e+00 2.464116e-20 5.790303e-21
3.164927e+00 1.020589e-20 5.465036e-21
3.165592e+00 1.910525e-20 5.501383e-21
3.166257e+00 2.052606e-20 5.295462e-21
3.166922e+00 -2.828980e-21 5.466633e-21
3.167587e+00 2.397886e-20 5.477160e-21
3.168252e+00 -3.592886e-21 5.023338e-21
3.168917e+00 -3.837281e-20 5.427167e-21
3.169582e+00 -2.484080e-20 5.597696e-21
3.170247e+00 -1.596425e-21 5.167942e-21
3.170912e+00 3.458883e-20 5.612854e-21
3.171577e+00 3.185813e-20 1.303230e-20
3.172242e+00 3.419016e-20 5.253781e-21
3.172907e+00 4.140939e-20 5.450978e-21
3.173572e+00 7.175198e-21 5.136110e-21
3.174237e+00 -3.053379e-20 5.096749e-21
3.174902e+00 -1.417191e-20 5.489177e-21
3.175567e+00 -1.385718e-20 5.388037e-21
3.176232e+00 -3.839407e-21 5.288821e-21
3.176897e+00 -5.905751e-21 5.213569e-21
3.177562e+00 -3.480892e-20 9.832924e-21
3.178227e+00 2.830790e-20 5.615156e-21
3.178892e+00 6.948371e-20 5.293629e-21
3.179557e+00 3.533046e-20 5.098710e-21
3.180222e+00 2.490436e-20 5.577962e-21
3.180887e+00 3.798022e-20 5.791646e-21
3.181552e+00 4.433333e-20 7.511222e-21
3.182217e+00 2.239316e-20 5.646629e-21
3.182882e+00 -1.742604e-21 5.298906e-21
3.183547e+00 -1.816364e-20 5.320896e-21
3.184212e+00 -2.107933e-20 5.303876e-21
3.184877e+00 -2.835829e-20 5.644784e-21
3.185542e+00 -5.992598e-21 5.460107e-21
3.186207e+00 -1.750299e-20 5.193085e-21
3.186872e+00 -4.157753e-20 5.902932e-21
3.187537e+00 -2.832653e-20 5.496291e-21
3.188202e+00 2.240423e-20 5.659143e-21
3.188867e+00 2.510092e-20 5.269505e-21
3.189532e+00 3.687471e-21 5.163886e-21
3.190197e+00 1.895562e-20 5.484840e-21
3.190862e+00 1.366204e-20 6.562676e-21
3.191527e+00 -1.838181e-20 5.392901e-21
3.192192e+00 5.232966e-21 5.425211e-21
3.192857e+00 -1.751808e-21 5.138135e-21
3.193522e+00 -2.157512e-20 5.377411e-21
3.194187e+00 -1.955128e-20 5.626693e-21
3.194852e+00 2.924197e-20 5.347643e-21
3.195517e+00 2.310420e-20 5.505100e-21
3.196182e+00 2.193768e-20 5.700004e-21
3.196847e+00 3.884300e-20 5.306322e-21
3.197512e+00 5.277937e-20 5.274272e-21
3.198177e+00 3.338092e-21 5.468701e-21
3.198842e+00 1.657015e-20 5.248217e-21
3.199507e+00 -1.511453e-21 5.428605e-21
3.200172e+00 -2.082874e-20 5.164804e-21
3.200837e+00 -1.102563e-21 5.040986e-21
3.201502e+00 1.328940e-20 5.366629e-21
3.202167e+00 1.075442e-20 5.312712e-21
3.202832e+00 -2.445565e-21 5.422325e-21
3.203497e+00 1.379942e-21 5.408856e-21
3.204162e+00 -2.194200e-20 5.324164e-21
3.204827e+00 -7.960486e-21 5.302510e-21
3.205492e+00 -7.022914e-21 5.495774e-21
3.206157e+00 4.454705e-20 5.785511e-21
3.206822e+00 2.295569e-20 5.472449e-21
3.207487e+00 -5.360805e-20 5.466099e-21
3.208152e+00 -6.114997e-20 5.421879e-21
3.208817e+00 -2.287708e-20 5.341715e-21
3.209482e+00 -6.424304e-21 5.317467e-21
3.210147e+00 -2.457471e-20 5.251337e-21
3.210812e+00 -4.424370e-21 5.454747e-21
3.211477e+00 -9.555372e-21 5.210324e-21
3.212142e+00 -2.510830e-21 5.130785e-21
3.212807e+00 -1.559826e-20 7.339177e-21
3.213472e+00 3.842220e-20 8.503678e-21
3.214137e+00 2.563891e-20 5.274117e-21
3.214802e+00 -3.837455e-20 5.221248e-21
3.215467e+00 -4.601600e-20 5.356942e-21
3.216132e+00 1.977672e-20 6.540118e-21
3.216797e+00 8.316431e-21 2.771216e-20
3.217462e+00 1.280257e-20 1.582183e-20
3.218127e+00 -1.679121e-22 7.534716e-21
3.218792e+00 3.844080e-20 5.677485e-21
3.219457e+00 4.001041e-20 5.266061e-21
3.220122e+00 3.508038e-20 5.490258e-21
3.220787e+00 5.453776e-20 5.298980e-21
3.221452e+00 1.011904e-20 5.572851e-21
3.222117e+00 1.530238e-20 5.263969e-21
3.222782e+00 -1.997935e-20 5.157249e-21
3.223447e+00 -5.134205e-20 5.087800e-21
3.224112e+00 -2.794117e-20 5.441032e-21
3.224777e+00 -2.293930e-22 5.446919e-21
3.225442e+00 3.374999e-23 5.489288e-21
3.226107e+00 2.758153e-22 5.207105e-21
3.226772e+00 9.544356e-21 5.163179e-21
3.227437e+00 5.635455e-21 5.537821e-21
3.228102e+00 -4.550624e-21 5.200840e-21
3.228767e+00 4.905317e-20 5.269570e-21
3.229432e+00 5.860981e-20 5.245865e-21
3.230097e+00 8.278372e-21 5.294152e-21
3.230762e+00 2.002039e-20 5.205043e-21
3.231427e+00 -1.876890e-20 5.266378e-21
3.232092e+00 1.707284e-21 5.317407e-21
3.232757e+00 -2.612748e-20 5.404449e-21
3.233422e+00 1.665330e-21 5.474949e-21
3.234087e+00 1.497759e-20 5.189425e-21
3.234752e+00 1.773335e-20 5.243636e-21
3.235417e+00 4.450991e-21 5.116063e-21
3.236082e+00 -3.562468e-20 5.297271e-21
3.236747e+00 -1.155658e-20 5.529314e-21
3.237412e+00 3.899124e-20 5.454575e-21
3.238077e+00 4.517978e-20 8.447082e-21
3.238742e+00 4.062743e-20 5.853091e-21
3.239407e+00 6.028545e-20 8.156791e-21
3.240072e+00 2.221728e-21 5.497827e-21
3.240737e+00 2.569155e-20 5.395768e-21
3.241402e+00 5.884403e-20 5.030731e-21
3.242067e+00 2.204922e-21 5.302833e-21
3.242732e+00 -3.291812e-20 5.206923e-21
3.243397e+00 6.934095e-20 5.689205e-21
3.244062e+00 4.304620e-20 5.451639e-21
3.244727e+00 3.638824e-20 5.079384e-21
3.245392e+00 -4.166541e-20 5.311237e-21
3.246057e+00 9.620257e-21 4.995370e-21
3.246722e+00 -6.955841e-21 4.990096e-21
3.247387e+00 2.954100e-20 5.733109e-21
3.248052e+00 4.963568e-20 5.675046e-21
3.248717e+00 1.977867e-20 5.361810e-21
3.249382e+00 -7.865200e-21 5.228900e-21
3.250047e+00 2.951044e-20 5.598277e-21
3.250712e+00 1.408222e-20 5.315118e-21
3.251377e+00 8.648567e-21 5.184281e-21
3.252042e+00 2.697193e-20 5.635578e-21
3.252707e+00 -1.121918e-20 2.149889e-20
3.253372e+00 -8.965949e-22 5.782597e-20
3.254037e+00 5.583731e-20 6.370781e-20
3.254702e+00 7.753570e-20 1.999286e-20
3.255367e+00 -4.255602e-21 5.358517e-21
3.256032e+00 -1.789230e-20 5.515447e-21
3.256697e+00 4.548624e-20 5.532336e-21
3.257362e+00 1.316931e-20 1.159797e-20
3.258027e+00 3.690833e-20 4.313294e-20
3.258692e+00 4.727341e-21 5.040360e-21
3.259357e+00 -3.576735e-21 5.224984e-21
3.260022e+00 -3.233555e-21 5.550723e-21
3.260687e+00 -9.119988e-21 1.120572e-20
3.261352e+00 2.806914e-21 5.419892e-21
3.262017e+00 -3.772538e-21 5.425770e-21
3.262682e+00 7.947196e-21 5.406608e-21
3.263347e+00 3.912945e-20 5.468622e-21
3.264012e+00 2.400413e-20 5.346930e-21
3.264677e+00 -2.442796e-20 5.435708e-21
3.265342e+00 2.780203e-20 5.226983e-21
3.266007e+00 2.884245e-20 5.519593e-21
3.266672e+00 2.814432e-20 5.533929e-21
3.267337e+00 3.083606e-20 5.696393e-21
3.268002e+00 -6.361721e-21 5.252595e-21
3.268667e+00 -1.856171e-20 4.951263e-21
3.269332e+00 2.760321e-20 5.185125e-21
3.269997e+00 2.017299e-20 7.431328e-21
3.270662e+00 -6.429144e-21 5.288043e-21
3.271327e+00 4.525760e-20 5.691663e-21
3.271992e+00 5.758916e-20 5.782408e-21
3.272657e+00 8.817404e-21 5.312843e-21
3.273322e+00 -1.065100e-22 5.063855e-21
3.273987e+00 2.493068e-20 5.044168e-21
3.274652e+00 2.177504e-20 5.086134e-21
3.275317e+00 -4.291618e-20 5.583452e-21
3.275982e+00 -1.734836e-20 5.438617e-21
3.276647e+00 -2.281985e-20 5.341987e-21
3.277312e+00 -3.429553e-20 5.216073e-21
3.277977e+00 -1.241003e-20 5.246155e-21
3.278642e+00 -1.058112e-20 5.109666e-21
3.279307e+00 2.604758e-21 5.235909e-21
3.279972e+00 3.117854e-20 5.246595e-21
3.280637e+00 9.275571e-21 5.129438e-21
3.281302e+00 -7.881828e-21 5.417574e-21
3.281967e+00 -6.080136e-21 2.332308e-20
3.282632e+00 -9.323033e-21 4.648097e-20
3.283297e+00 -3.243692e-21 5.466664e-21
3.283962e+00 3.704127e-20 6.629748e-21
3.284627e+00 1.207147e-20 5.564969e-21
3.285292e+00 -7.480863e-21 5.299697e-21
3.285957e+00 1.891001e-20 4.941021e-21
3.286622e+00 3.366834e-20 4.904656e-21
3.287287e+00 1.825918e-20 5.650328e-21
3.287952e+00 4.259024e-20 7.351960e-21
3.288617e+00 1.511535e-20 8.691345e-21
3.289282e+00 4.892492e-21 5.622701e-21
3.289947e+00 -3.594107e-20 5.428381e-21
3.290612e+00 -1.015344e-20 5.501980e-21
3.291277e+00 -2.552298e-21 5.332248e-21
3.291942e+00 -4.232119e-20 5.264086e-21
3.292607e+00 -8.372964e-22 5.439292e-21
3.293272e+00 8.954007e-21 5.141160e-21
3.293937e+00 -1.425173e-21 5.391578e-21
3.294602e+00 1.881307e-20 5.246645e-21
3.295267e+00 1.139757e-20 5.094870e-21
3.295932e+00 -1.162243e-20 4.961993e-21
3.296597e+00 5.256297e-20 5.168156e-21
3.297262e+00 1.569425e-20 4.950593e-21
3.297927e+00 6.238377e-20 7.204788e-21
3.298592e+00 2.824658e-20 1.415351e-20
3.299257e+00 3.013199e-20 1.084169e-20
3.299922e+00 -2.656107e-20 5.982068e-21
3.300587e+00 -2.606782e-21 4.843399e-21
3.301252e+00 -9.003230e-21 4.986860e-21
3.301917e+00 1.920796e-20 4.863316e-21
3.302582e+00 8.865911e-22 5.095354e-21
3.303247e+00 -4.129924e-20 4.815112e-21
3.303912e+00 3.939655e-20 4.900597e-21
3.304577e+00 -1.046413e-20 4.913058e-21
3.305242e+00 -2.381135e-20 4.936020e-21
3.305907e+00 -9.386744e-21 5.279661e-21
3.306572e+00 -1.146149e-20 5.012514e-21
3.307237e+00 -2.225801e-20 4.782349e-21
3.307902e+00 -1.924507e-20 5.320009e-21
3.308567e+00 1.237048e-20 4.831367e-21
3.309232e+00 -2.641175e-20 4.834946e-21
3.309897e+00 -1.305685e-20 5.054524e-21
3.310562e+00 1.197198e-20 4.969001e-21
3.311227e+00 1.793166e-20 5.006220e-21
3.311892e+00 4.031236e-20 5.015207e-21
3.312557e+00 2.591349e-20 4.920680e-21
3.313222e+00 4.252829e-21 5.150459e-21
3.313887e+00 4.384745e-20 5.091501e-21
3.314552e+00 3.065748e-20 5.049010e-21
3.315217e+00 -1.233614e-21 4.849804e-21
3.315882e+00 -2.512160e-20 5.041231e-21
3.316547e+00 -1.648249e-21 5.449780e-21
3.317212e+00 -1.825196e-20 4.973516e-21
3.317877e+00 7.792822e-21 5.138859e-21
3.318542e+00 1.032156e-20 6.011193e-21
3.319207e+00 -1.068582e-20 5.640113e-21
3.319872e+00 4.027127e-21 5.855836e-21
3.320537e+00 -1.870350e-20 5.029215e-21
3.321202e+00 -3.406828e-20 5.153988e-21
3.321867e+00 -3.356146e-20 5.081105e-21
3.322532e+00 -2.517904e-20 5.132412e-21
3.323197e+00 -2.774441e-20 5.269170e-21
3.323862e+00 -9.959768e-22 5.049169e-21
3.324527e+00 -1.281969e-20 4.984129e-21
3.325192e+00 4.269257e-21 5.508515e-21
3.325857e+00 4.665633e-21 5.056635e-21
3.326522e+00 -9.483366e-21 5.031571e-21
3.327187e+00 -5.073308e-21 5.517906e-21
3.327852e+00 6.704252e-21 5.091121e-21
3.328517e+00 -7.803663e-21 5.450215e-21
3.329182e+00 1.893066e-20 4.817944e-21
3.329847e+00 3.166592e-20 4.894932e-21
3.330512e+00 2.993495e-20 4.859921e-21
3.331177e+00 7.218207e-21 4.807767e-21
3.331842e+00 -1.782428e-20 4.950386e-21
3.332507e+00 7.145297e-21 4.687898e-21
3.333172e+00 -3.069404e-20 5.454209e-21
3.333837e+00 1.047100e-20 5.490217e-21
3.334502e+00 9.377303e-21 5.424040e-21
3.335167e+00 2.123668e-20 4.471464e-21
3.335832e+00 -8.547231e-21 4.775487e-21
3.336497e+00 -1.042262e-20 4.854061e-21
3.337162e+00 -1.567718e-20 4.999040e-21
3.337827e+00 -7.463022e-21 4.937544e-21
3.338492e+00 1.855717e-21 4.976861e-21
3.339157e+00 9.117922e-23 4.854538e-21
3.339822e+00 -9.307106e-21 4.809304e-21
3.340487e+00 1.299565e-20 4.672752e-21
3.341152e+00 -3.600497e-20 4.591173e-21
3.341817e+00 -4.459152e-20 4.485303e-21
3.342482e+00 -2.138354e-20 4.912273e-21
3.343147e+00 -2.180396e-20 4.787578e-21
3.343812e+00 -2.493256e-20 4.649196e-21
3.344477e+00 -2.678226e-20 4.660859e-21
3.345142e+00 2.022540e-20 4.915221e-21
3.345807e+00 2.865721e-20 4.794537e-21
3.346472e+00 1.007975e-20 4.777926e-21
3.347137e+00 -2.451006e-21 5.132101e-21
3.347802e+00 1.412363e-20 4.603306e-21
3.348467e+00 3.961446e-21 5.070296e-21
3.349132e+00 3.140280e-20 4.909012e-21
3.349797e+00 -8.011958e-22 5.033814e-21
3.350462e+00 1.156804e-20 5.036821e-21
3.351127e+00 1.970786e-20 5.431825e-21
3.351792e+00 7.864432e-21 4.714041e-21
3.352457e+00 2.454989e-20 4.758744e-21
3.353122e+00 8.688065e-21 5.090141e-21
3.353787e+00 -3.268766e-20 4.564930e-21
3.354452e+00 -2.892909e-20 4.561009e-21
3.355117e+00 1.472229e-20 4.455305e-21
3.355782e+00 -1.158340e-21 5.312849e-21
3.356447e+00 2.993053e-20 6.439276e-21
3.357112e+00 2.009673e-20 4.589326e-21
3.357777e+00 1.109464e-20 4.941675e-21
3.358442e+00 2.573323e-21 4.673724e-21
3.359107e+00 -3.700035e-20 6.175077e-21
3.359772e+00 -8.348019e-21 5.066917e-21
3.360437e+00 -1.023640e-20 5.340279e-21
3.361102e+00 1.285722e-20 4.956886e-21
3.361767e+00 3.975537e-20 4.773204e-21
3.362432e+00 5.469329e-22 4.802687e-21
3.363097e+00 -4.537265e-21 5.124170e-21
3.363762e+00 6.193812e-21 5.115735e-21
3.364427e+00 -4.245367e-20 4.735238e-21
3.365092e+00 -5.623244e-21 4.789949e-21
3.365757e+00 -1.672172e-20 4.825823e-21
3.366422e+00 6.234060e-21 5.853633e-21
3.367087e+00 -2.541571e-20 5.397888e-21
3.367752e+00 -1.224562e-20 4.817992e-21
3.368417e+00 2.778350e-20 4.968386e-21
3.369082e+00 -3.129507e-21 5.075280e-21
3.369747e+00 3.151046e-20 4.838193e-21
3.370412e+00 2.959256e-20 4.865743e-21
3.371077e+00 4.000015e-20 5.297201e-21
3.371742e+00 4.163565e-20 5.218453e-21
3.372407e+00 2.100184e-20 4.803799e-21
3.373072e+00 2.469599e-20 5.012335e-21
3.373737e+00 -7.359829e-21 4.999936e-21
3.374402e+00 -1.158193e-20 4.747905e-21
3.375067e+00 2.655062e-20 4.662327e-21
3.375732e+00 -2.855210e-20 4.330915e-21
3.376397e+00 -1.318642e-20 4.768690e-21
3.377062e+00 -1.606100e-20 4.472971e-21
3.377727e+00 -8.909889e-21 4.459884e-21
3.378392e+00 1.463388e-20 5.953190e-21
3.379057e+00 2.167924e-20 7.050058e-21
3.379722e+00 1.683307e-20 8.178710e-21
3.380387e+00 -3.695231e-21 8.084884e-21
3.381052e+00 1.048494e-20 6.636170e-21
3.381717e+00 7.023880e-20 4.883915e-21
3.382382e+00 1.058420e-20 4.804244e-21
3.383047e+00 5.157241e-22 4.737739e-21
3.383712e+00 -1.096769e-20 4.657733e-21
3.384377e+00 1.493513e-20 5.371133e-21
3.385042e+00 3.248103e-21 4.866790e-21
3.385707e+00 -3.050391e-20 5.129192e-21
3.386372e+00 -1.309911e-20 4.735553e-21
3.387037e+00 3.412489e-20 4.834695e-21
3.387702e+00 1.098856e-20 4.689100e-21
3.388367e+00 2.190619e-21 4.830431e-21
3.389032e+00 -1.776645e-20 4.790982e-21
3.389697e+00 -3.234598e-20 4.849629e-21
3.390362e+00 3.064936e-20 5.002306e-21
3.391027e+00 4.987066e-20 5.291066e-21
3.391692e+00 -2.533586e-20 4.676024e-21
3.392357e+00 -3.328036e-20 4.828008e-21
3.393022e+00 -8.597982e-21 4.616374e-21
3.393687e+00 3.191677e-21 4.784188e-21
3.394352e+00 2.214337e-20 4.964723e-21
3.395017e+00 -1.188504e-20 4.767463e-21
3.395682e+00 8.224713e-22 4.451821e-21
3.396347e+00 1.521729e-21 1.229632e-20
3.397012e+00 -1.291898e-20 2.922155e-20
3.397677e+00 -1.567642e-20 6.530505e-21
3.398342e+00 2.144459e-20 1.222404e-20
3.399007e+00 1.411382e-20 5.100684e-21
3.399672e+00 1.214860e-20 4.532402e-21
3.400337e+00 3.990524e-21 4.979365e-21
3.401002e+00 -2.099528e-20 4.703773e-21
3.401667e+00 -4.762830e-21 4.254610e-21
3.402332e+00 -3.672042e-21 4.777833e-21
3.402997e+00 4.930988e-21 4.584895e-21
3.403662e+00 -4.454409e-21 4.771151e-21
3.404327e+00 1.552609e-20 4.962065e-21
3.404992e+00 5.304137e-20 4.815604e-21
3.405657e+00 3.143544e-20 4.783315e-21
3.406322e+00 2.201418e-20 4.647002e-21
3.406987e+00 3.395330e-20 4.939884e-21
3.407652e+00 -2.002004e-21 4.618733e-21
3.408317e+00 -2.151539e-20 4.684050e-21
3.408982e+00 1.743977e-20 4.640140e-21
3.409647e+00 2.381385e-21 4.057716e-20
3.410312e+00 2.415373e-20 5.961936e-20
3.410977e+00 -1.755150e-20 4.322872e-20
3.411642e+00 -2.073060e-20 4.517497e-21
3.412307e+00 1.367449e-20 4.544062e-21
3.412972e+00 -3.038765e-21 4.444300e-21
3.413637e+00 -9.478371e-21 4.507444e-21
3.414302e+00 -2.365351e-20 4.592588e-21
3.414967e+00 1.717284e-20 4.723591e-21
3.415632e+00 2.237227e-20 4.620424e-21
3.416297e+00 -1.723516e-21 4.534745e-21
3.416962e+00 -3.089904e-20 4.652845e-21
3.417627e+00 -9.139072e-21 4.712431e-21
3.418292e+00 6.677990e-21 4.763536e-21
3.418957e+00 4.478559e-20 4.701414e-21
3.419622e+00 -3.819891e-20 4.676204e-21
3.420287e+00 -6.418998e-21 4.817134e-21
3.420952e+00 -6.383966e-21 4.698094e-21
3.421617e+00 8.615191e-21 5.069023e-21
3.422282e+00 8.797289e-22 4.643966e-21
3.422947e+00 -6.303398e-21 4.480410e-21
3.423612e+00 1.334865e-20 4.718938e-21
3.424277e+00 2.637728e-20 4.689690e-21
3.424942e+00 2.638326e-20 4.858167e-21
3.425607e+00 7.844000e-21 4.478852e-21
3.426272e+00 -3.574946e-20 4.848302e-21
3.426937e+00 -5.915182e-21 4.718470e-21
3.427602e+00 -4.977514e-21 4.663209e-21
3.428267e+00 1.308301e-21 4.438275e-21
3.428932e+00 -1.220867e-20 4.524710e-21
3.429597e+00 -1.644267e-20 4.732937e-21
3.430262e+00 -5.768368e-21 4.682390e-21
3.430927e+00 1.189211e-20 4.680878e-21
3.431592e+00 1.681066e-20 4.828082e-21
3.432257e+00 -9.213638e-22 4.633915e-21
3.432922e+00 2.361031e-20 4.522775e-21
3.433587e+00 -3.665474e-21 4.649114e-21
3.434252e+00 3.044447e-20 4.570274e-21
3.434917e+00 2.545078e-20 4.708785e-21
3.435582e+00 1.206271e-20 4.892524e-21
3.436247e+00 -1.644602e-20 4.380041e-21
3.436912e+00 -1.878341e-20 4.544150e-21
3.437577e+00 -3.672346e-21 4.612094e-21
3.438242e+00 -1.821089e-20 4.646749e-21
3.438907e+00 -2.108740e-20 4.934918e-21
3.439572e+00 -4.681710e-20 4.807119e-21
3.440237e+00 -9.618608e-21 4.716566e-21
3.440902e+00 -1.777315e-20 4.387338e-21
3.441567e+00 -2.328680e-20 4.704388e-21
3.442232e+00 1.067152e-20 4.843734e-21
3.442897e+00 -1.531102e-20 4.685599e-21
3.443562e+00 9.497232e-21 4.756106e-21
3.444227e+00 -3.202796e-20 4.679833e-21
3.444892e+00 1.982876e-20 4.566825e-21
3.445557e+00 1.693780e-20 4.623886e-21
3.446222e+00 -1.169915e-20 4.344947e-21
3.446887e+00 -6.119602e-21 4.830291e-21
3.447552e+00 6.064250e-21 4.699636e-21
3.448217e+00 7.638715e-21 4.797489e-21
3.448882e+00 -6.224744e-22 4.542127e-21
3.449547e+00 1.409097e-20 4.346239e-21
3.450212e+00 -1.822074e-20 4.533511e-21
3.450877e+00 -1.331937e-20 4.529734e-21
3.451542e+00 2.001801e-20 4.974841e-21
3.452207e+00 4.651100e-21 4.537601e-21
3.452872e+00 -4.531551e-22 4.436962e-21
3.453537e+00 3.343846e-20 4.521460e-21
3.454202e+00 -1.810015e-21 4.295491e-21
3.454867e+00 -1.249396e-20 4.355357e-21
3.455532e+00 5.536743e-21 4.496179e-21
3.456197e+00 1.146719e-20 4.226579e-21
3.456862e+00 -1.493499e-20 4.527890e-21
3.457527e+00 -4.776274e-21 4.580591e-21
3.458192e+00 9.611551e-21 4.518172e-21
3.458857e+00 5.943581e-20 4.843609e-21
3.459522e+00 3.496590e-20 4.728055e-21
3.460187e+00 3.258276e-20 5.050254e-21
3.460852e+00 -8.746928e-21 4.526561e-21
3.461517e+00 5.898478e-21 4.701565e-21
3.462182e+00 4.091052e-20 4.399784e-21
3.462847e+00 3.807341e-21 4.392292e-21
3.463512e+00 -4.505439e-21 4.543132e-21
3.464177e+00 3.462640e-20 4.415397e-21
3.464842e+00 2.094555e-20 4.584790e-21
3.465507e+00 -1.527870e-20 4.449144e-21
3.466172e+00 7.155692e-22 4.316957e-21
3.466837e+00 1.638177e-21 4.606620e-21
3.467502e+00 -1.170548e-20 4.469439e-21
3.468167e+00 1.646995e-21 4.464711e-21
3.468832e+00 2.065895e-20 4.420926e-21
3.469497e+00 2.860326e-20 4.588229e-21
3.470162e+00 -7.447060e-22 4.463936e-21
3.470827e+00 -1.153717e-20 4.411155e-21
3.471492e+00 5.152861e-21 4.625427e-21
3.472157e+00 2.997065e-20 4.323187e-21
3.472822e+00 3.355909e-20 4.354074e-21
3.473487e+00 7.827825e-21 4.344386e-21
3.474152e+00 -9.738145e-21 4.511390e-21
3.474817e+00 2.687078e-20 4.560381e-21
3.475482e+00 8.460918e-22 4.247591e-21
3.476147e+00 6.870763e-21 4.388988e-21
3.476812e+00 -1.773360e-20 4.537616e-21
3.477477e+00 2.027906e-20 4.397273e-21
3.478142e+00 9.653749e-21 4.091289e-21
3.478807e+00 1.483979e-20 5.062022e-21
3.479472e+00 -3.930760e-21 5.944969e-21
3.480137e+00 -1.915538e-20 5.582474e-21
3.480802e+00 -2.153005e-20 2.568645e-20
3.481467e+00 3.991412e-21 1.490200e-20
3.482132e+00 2.345693e-20 4.735248e-21
3.482797e+00 7.849211e-21 4.187981e-21
3.483462e+00 -6.229071e-21 4.289869e-21
3.484127e+00 1.725800e-20 4.443869e-21
3.484792e+00 5.000670e-21 4.711917e-21
3.485457e+00 1.903457e-20 4.450262e-21
3.486122e+00 2.428091e-20 4.453769e-21
3.486787e+00 1.323709e-20 4.536552e-21
3.487452e+00 3.739599e-21 4.293501e-21
3.488117e+00 -5.463640e-21 4.461548e-21
3.488782e+00 9.645398e-22 4.279900e-21
3.489447e+00 2.585473e-20 4.409186e-21
3.490112e+00 6.403277e-21 4.649348e-21
3.490777e+00 -1.381108e-20 4.395857e-21
3.491442e+00 -9.236675e-21 4.526928e-21
3.492107e+00 9.687513e-21 4.381311e-21
3.492772e+00 1.447122e-20 4.575238e-21
3.493437e+00 -2.662028e-20 4.243638e-21
3.494102e+00 -8.508881e-21 4.588927e-21
3.494767e+00 -2.070899e-20 4.355056e-21
3.495432e+00 5.635693e-21 4.462328e-21
3.496097e+00 1.372546e-20 4.238664e-21
3.496762e+00 -1.934109e-20 4.230655e-21
3.497427e+00 -8.398609e-21 4.294957e-21
3.498092e+00 -1.052943e-20 4.576254e-21
3.498757e+00 -1.853262e-21 4.631720e-21
3.499422e+00 -1.052706e-20 4.628510e-21
3.500087e+00 8.242070e-21 4.539736e-21
3.500752e+00 7.946912e-21 4.607573e-21
3.501417e+00 2.722919e-20 4.170105e-21
3.502082e+00 1.076403e-20 4.424518e-21
3.502747e+00 3.038488e-20 4.588629e-21
3.503412e+00 1.908141e-20 4.486014e-21
3.504077e+00 4.929868e-20 4.371784e-21
3.504742e+00 4.442440e-20 4.310546e-21
3.505407e+00 8.718472e-21 4.203874e-21
3.506072e+00 1.579608e-20 4.354916e-21
3.506737e+00 4.001082e-20 4.161401e-21
3.507402e+00 4.937225e-21 4.340189e-21
3.508067e+00 -1.737965e-20 4.792525e-21
3.508732e+00 -3.426575e-20 4.712695e-21
3.509397e+00 1.671463e-21 4.130875e-21
3.510062e+00 -4.817271e-21 4.092314e-21
3.510727e+00 2.391152e-20 4.165489e-21
3.511392e+00 2.326043e-21 4.498916e-21
3.512057e+00 2.418104e-20 4.755199e-21
3.512722e+00 5.579169e-20 4.426605e-21
3.513387e+00 1.633700e-20 4.431634e-21
3.514052e+00 -3.202180e-20 4.285978e-21
3.514717e+00 -9.614012e-21 4.198288e-21
3.515382e+00 4.088584e-21 4.606239e-21
3.516047e+00 -9.304070e-21 4.328277e-21
3.516712e+00 2.044562e-20 4.336478e-21
3.517377e+00 1.889028e-20 4.339209e-21
3.518042e+00 8.123781e-21 4.609062e-21
3.518707e+00 1.582114e-20 4.566884e-21
3.519372e+00 8.712003e-21 4.526973e-21
3.520037e+00 6.493671e-21 5.522747e-21
3.520702e+00 -1.672561e-20 4.425708e-21
3.521367e+00 1.158993e-20 4.611553e-21
3.522032e+00 -1.329256e-21 4.416594e-21
3.522697e+00 1.961301e-20 4.474074e-21
3.523362e+00 -5.247486e-22 4.605162e-21
3.524027e+00 -3.019822e-21 4.430129e-21
3.524692e+00 3.415073e-20 4.504423e-21
3.525357e+00 1.493411e-20 4.383522e-21
3.526022e+00 -2.756369e-21 4.384749e-21
3.526687e+00 -2.902032e-21 4.443639e-21
3.527352e+00 -1.360104e-21 4.569120e-21
3.528017e+00 3.663572e-21 4.443500e-21
3.528682e+00 -1.270591e-20 4.333785e-21
3.529347e+00 3.941960e-20 4.448605e-21
3.530012e+00 2.250443e-20 4.512476e-21
3.530677e+00 2.197173e-21 4.400052e-21
3.531342e+00 4.944887e-21 4.455337e-21
3.532007e+00 -3.754604e-20 4.413878e-21
3.532672e+00 6.628858e-21 4.376384e-21
3.533337e+00 2.578730e-20 4.273666e-21
3.534002e+00 -1.175397e-20 4.666616e-21
3.534667e+00 -3.802698e-20 4.387615e-21
3.535332e+00 -1.277776e-20 4.137161e-21
3.535997e+00 -8.010498e-21 4.255024e-21
3.536662e+00 -1.113756e-20 4.283424e-21
3.537327e+00 -1.705142e-20 4.542291e-21
3.537992e+00 -3.367142e-21 4.192130e-21
3.538657e+00 7.573125e-21 4.284972e-21
3.539322e+00 1.159561e-20 4.419063e-21
3.539987e+00 1.854097e-20 4.367956e-21
3.540652e+00 7.206123e-21 4.583589e-21
3.541317e+00 2.037590e-21 4.714897e-21
3.541982e+00 -4.459000e-21 4.299277e-21
3.542647e+00 -2.136307e-20 4.409217e-21
3.543312e+00 -2.297755e-20 4.754207e-21
3.543977e+00 1.633213e-20 4.605276e-21
3.544642e+00 3.686484e-20 4.616439e-21
3.545307e+00 2.616784e-20 4.224475e-21
3.545972e+00 -8.530897e-21 4.343991e-21
3.546637e+00 3.407475e-20 6.961500e-21
3.547302e+00 -9.306365e-21 6.865777e-21
3.547967e+00 -3.404222e-20 6.407376e-21
3.548632e+00 -2.126533e-20 5.290486e-21
3.549297e+00 6.957026e-21 5.119400e-21
3.549962e+00 1.126476e-20 4.270615e-21
3.550627e+00 2.929842e-21 4.420433e-21
3.551292e+00 2.732088e-20 4.978189e-21
3.551957e+00 3.358108e-20 4.434445e-21
3.552622e+00 2.766204e-21 4.495329e-21
3.553287e+00 6.819834e-21 4.379260e-21
3.553952e+00 -7.103877e-22 4.296160e-21
3.554617e+00 7.921641e-21 4.377809e-21
3.555282e+00 3.973196e-20 4.044228e-21
3.555947e+00 7.713740e-20 3.466433e-20
3.556612e+00 4.737531e-20 2.592606e-20
3.557277e+00 -2.250518e-21 3.314248e-20
3.557942e+00 1.323824e-20 2.243065e-20
3.558607e+00 2.371800e-20 4.369048e-21
3.559272e+00 2.508751e-20 4.157557e-21
3.559937e+00 3.273975e-20 4.285544e-21
3.560602e+00 1.777629e-20 4.628320e-21
3.561267e+00 -1.555313e-20 4.685448e-21
3.561932e+00 1.019942e-20 4.321497e-21
3.562597e+00 -4.038743e-21 5.435147e-21
3.563262e+00 1.690172e-20 5.732350e-21
3.563927e+00 -1.931818e-20 6.479472e-21
3.564592e+00 -3.876186e-20 4.492762e-21
3.565257e+00 -1.690088e-21 4.161672e-21
3.565922e+00 1.767366e-20 4.589035e-21
3.566587e+00 3.051539e-20 4.438223e-21
3.567252e+00 1.175417e-20 4.225450e-21
3.567917e+00 1.614471e-21 4.420030e-21
3.568582e+00 -6.300544e-21 4.310261e-21
3.569247e+00 -1.462883e-20 4.167010e-21
3.569912e+00 2.825081e-20 4.439956e-21
3.570577e+00 2.305688e-21 4.302328e-21
3.571242e+00 -4.625538e-20 4.516785e-21
3.571907e+00 1.307935e-20 4.267854e-21
3.572572e+00 2.630704e-20 4.275959e-21
3.573237e+00 1.697182e-20 4.174180e-21
3.573902e+00 3.117005e-20 4.447384e-21
3.574567e+00 3.959463e-20 4.527233e-21
3.575232e+00 3.174367e-21 4.404679e-21
3.575897e+00 1.679464e-20 4.572743e-21
3.576562e+00 2.445710e-20 4.097639e-21
3.577227e+00 -9.123567e-21 4.653519e-21
3.577892e+00 2.087115e-20 4.282419e-21
3.578557e+00 1.347056e-20 4.501671e-21
3.579222e+00 1.203604e-20 4.529679e-21
3.579887e+00 -9.972922e-22 4.445297e-21
3.580552e+00 2.113296e-20 4.281975e-21
3.581217e+00 1.756847e-20 4.529294e-21
3.581882e+00 3.476785e-20 4.852407e-21
3.582547e+00 7.710871e-21 4.543351e-21
3.583212e+00 -5.769394e-21 4.238817e-21
3.583877e+00 1.299029e-21 4.637682e-21
3.584542e+00 1.360445e-20 4.267165e-21
3.585207e+00 4.046253e-20 4.444003e-21
3.585872e+00 3.701519e-20 4.264915e-21
3.586537e+00 -6.987828e-21 4.125561e-21
3.587202e+00 3.403915e-20 4.276914e-21
3.587867e+00 1.618365e-20 4.200351e-21
3.588532e+00 7.657353e-21 4.084985e-21
3.589197e+00 1.892665e-20 4.218043e-21
3.589862e+00 9.344794e-21 3.997794e-21
3.590527e+00 1.799005e-20 4.083570e-21
3.591192e+00 6.160784e-21 4.269384e-21
3.591857e+00 2.043532e-20 4.029391e-21
3.592522e+00 3.517410e-20 4.155851e-21
3.593187e+00 3.735454e-20 4.072682e-21
3.593852e+00 5.584860e-20 4.217749e-21
3.594517e+00 1.665059e-20 4.418480e-21
3.595182e+00 1.770373e-20 4.159072e-21
3.595847e+00 9.164798e-21 4.706129e-21
3.596512e+00 -1.086322e-20 4.178493e-21
3.597177e+00 -1.713160e-20 4.251583e-21
3.597842e+00 -4.132002e-20 4.439345e-21
3.598507e+00 1.743171e-20 4.810701e-21
3.599172e+00 -8.840515e-21 4.536141e-21
3.599837e+00 -5.549818e-21 4.610253e-21
3.600502e+00 2.551848e-21 4.374640e-21
3.601167e+00 3.117684e-20 4.111084e-21
3.601832e+00 4.092025e-21 4.157509e-21
3.602497e+00 2.756715e-20 4.106703e-21
3.603162e+00 7.874612e-21 4.450043e-21
3.603827e+00 -1.228045e-20 4.341338e-21
3.604492e+00 1.291556e-20 4.397656e-21
3.605157e+00 1.086131e-20 4.318760e-21
3.605822e+00 3.003801e-20 4.426862e-21
3.606487e+00 1.284057e-20 4.326271e-21
3.607152e+00 -4.637149e-21 4.455652e-21
3.607817e+00 3.009454e-20 4.128328e-21
3.608482e+00 2.067285e-20 4.483371e-21
3.609147e+00 7.725280e-21 4.390342e-21
3.609812e+00 4.622774e-21 4.261580e-21
3.610477e+00 -1.462648e-20 4.496970e-21
3.611142e+00 6.738306e-21 4.260158e-21
3.611807e+00 2.948476e-20 4.516456e-21
3.612472e+00 -8.087524e-22 4.360457e-21
3.613137e+00 7.939159e-22 4.359331e-21
3.613802e+00 1.377114e-20 4.299449e-21
3.614467e+00 -8.718155e-21 4.064883e-21
3.615132e+00 1.142766e-20 3.965994e-21
3.615797e+00 2.058076e-20 4.092909e-21
3.616462e+00 2.311116e-20 4.245614e-21
3.617127e+00 3.871346e-20 4.360820e-21
3.617792e+00 -5.149018e-21 4.284126e-21
3.618457e+00 2.012481e-20 4.514270e-21
3.619122e+00 2.147367e-20 4.365962e-21
3.619787e+00 3.900104e-20 4.540294e-21
3.620452e+00 2.853956e-20 4.103926e-21
3.621117e+00 1.321834e-20 4.378308e-21
3.621782e+00 1.088128e-20 4.182607e-21
3.622447e+00 2.043349e-20 4.425850e-21
3.623112e+00 6.244738e-21 4.541257e-21
3.623777e+00 -3.884565e-21 4.068038e-21
3.624442e+00 1.453079e-20 4.136641e-21
3.625107e+00 2.803120e-20 4.487807e-21
3.625772e+00 -1.161330e-20 4.083274e-21
3.626437e+00 1.610987e-20 4.145206e-21
3.627102e+00 -1.002976e-20 4.187264e-21
3.627767e+00 -2.346440e-20 4.410263e-21
3.628432e+00 1.464952e-20 4.318619e-21
3.629097e+00 4.242228e-20 4.333543e-21
3.629762e+00 -1.872916e-21 4.464988e-21
3.630427e+00 -1.321578e-20 4.785633e-21
3.631092e+00 1.917581e-20 4.388195e-21
3.631757e+00 2.389147e-20 4.479187e-21
3.632422e+00 2.230643e-20 4.330969e-21
3.633087e+00 1.875842e-20 4.454015e-21
3.633752e+00 2.721482e-21 4.325137e-21
3.634417e+00 1.241242e-20 4.545065e-21
3.635082e+00 3.526424e-20 4.106009e-21
3.635747e+00 1.139248e-20 4.203141e-21
3.636412e+00 5.151289e-20 4.312756e-21
3.637077e+00 3.619530e-20 4.288994e-21
3.637742e+00 2.376697e-21 4.878447e-21
3.638407e+00 7.744884e-21 5.225384e-21
3.639072e+00 -3.569097e-20 4.174267e-21
3.639737e+00 -8.782635e-21 4.318046e-21
3.640402e+00 -4.497305e-21 1.096371e-20
3.641067e+00 1.872179e-20 1.205536e-20
3.641732e+00 5.162571e-20 1.276237e-20
3.642397e+00 1.074538e-20 4.406868e-21
3.643062e+00 2.520765e-21 4.324344e-21
3.643727e+00 -2.129498e-21 4.369322e-21
3.644392e+00 1.034859e-20 4.413643e-21
3.645057e+00 1.366803e-20 4.260064e-21
3.645722e+00 4.418148e-21 4.316875e-21
3.646387e+00 1.094577e-21 4.271667e-21
3.647052e+00 7.874170e-21 4.459418e-21
3.647717e+00 4.135580e-20 4.229123e-21
3.648382e+00 1.644411e-20 4.322545e-21
3.649047e+00 2.229237e-21 4.354089e-21
3.649712e+00 -8.961928e-21 4.224542e-21
3.650377e+00 1.228202e-21 4.101224e-21
3.651042e+00 -1.690692e-20 4.172345e-21
3.651707e+00 -2.239519e-20 3.897829e-21
3.652372e+00 -2.525401e-20 4.435637e-21
3.653037e+00 2.211220e-20 4.118513e-21
3.653702e+00 -1.317008e-20 3.988622e-21
3.654367e+00 3.275585e-21 4.233764e-21
3.655032e+00 -1.213077e-20 4.723407e-21
3.655697e+00 7.537845e-21 4.372416e-21
3.656362e+00 -2.184262e-20 4.543564e-21
3.657027e+00 -2.168423e-20 4.248346e-21
3.657692e+00 1.497260e-20 4.315964e-21
3.658357e+00 -5.271981e-21 4.222386e-21
3.659022e+00 -5.978387e-21 4.217214e-21
3.659687e+00 1.356064e-20 4.312591e-21
3.660352e+00 1.742538e-20 4.563505e-21
3.661017e+00 -1.425957e-20 4.464037e-21
3.661682e+00 -3.129986e-21 4.330796e-21
3.662347e+00 -2.041221e-20 4.607234e-21
3.663012e+00 -3.672587e-20 4.889936e-21
3.663677e+00 5.921689e-21 4.237505e-21
3.664342e+00 6.570415e-21 4.746167e-21
3.665007e+00 -1.167471e-20 4.625565e-21
3.665672e+00 -1.947238e-20 4.355013e-21
3.666337e+00 -5.880838e-21 4.438354e-21
3.667002e+00 -5.281535e-21 4.123828e-21
3.667667e+00 1.612741e-20 4.298460e-21
3.668332e+00 1.439160e-20 4.170873e-21
3.668997e+00 7.700284e-21 4.064553e-21
3.669662e+00 2.494992e-20 4.598888e-21
3.670327e+00 -6.598906e-21 4.312079e-21
3.670992e+00 2.431365e-20 4.746339e-21
3.671657e+00 2.014390e-20 4.456833e-21
3.672322e+00 -1.721173e-20 4.113198e-21
3.672987e+00 8.678557e-21 4.509187e-21
3.673652e+00 1.731619e-20 4.199402e-21
3.674317e+00 -1.120072e-20 4.312459e-21
3.674982e+00 3.527579e-22 3.988186e-21
3.675647e+00 2.814391e-20 4.129203e-21
3.676312e+00 1.278527e-20 4.193005e-21
3.676977e+00 3.480946e-20 4.301978e-21
3.677642e+00 5.381768e-21 4.110915e-21
3.678307e+00 4.388497e-22 4.185037e-21
3.678972e+00 -1.223673e-20 4.302424e-21
3.679637e+00 -2.518752e-20 4.211884e-21
3.680302e+00 6.313842e-21 4.182331e-21
3.680967e+00 -2.841762e-21 4.197209e-21
3.681632e+00 1.730207e-20 4.300076e-21
3.682297e+00 8.854419e-21 4.113418e-21
3.682962e+00 -7.146966e-21 4.095928e-21
3.683627e+00 -6.047432e-21 4.276729e-21
3.684292e+00 -7.264881e-21 4.118564e-21
3.684957e+00 -2.088539e-21 4.129830e-21
3.685622e+00 1.381315e-20 3.992059e-21
3.686287e+00 1.563229e-21 4.060533e-21
3.686952e+00 -3.789653e-22 4.081740e-21
3.687617e+00 3.866084e-21 4.572200e-21
3.688282e+00 5.767496e-20 4.420096e-21
3.688947e+00 1.262361e-20 4.358792e-21
3.689612e+00 -3.520166e-20 4.506924e-21
3.690277e+00 1.801386e-20 4.417193e-21
3.690942e+00 1.640534e-20 4.275828e-21
3.691607e+00 8.998896e-22 4.422837e-21
3.692272e+00 -5.698728e-21 4.148913e-21
3.692937e+00 4.702857e-21 4.267618e-21
3.693602e+00 -1.330294e-21 5.101538e-21
3.694267e+00 1.220683e-21 4.355595e-21
3.694932e+00 4.353812e-20 5.702708e-21
3.695597e+00 3.230626e-20 6.315888e-21
3.696262e+00 2.934935e-20 5.864362e-21
3.696927e+00 1.349758e-21 4.426276e-21
3.697592e+00 9.654224e-21 3.963565e-21
3.698257e+00 3.133176e-20 4.417280e-21
3.698922e+00 1.068520e-20 4.110036e-21
3.699587e+00 -2.052102e-21 4.462049e-21
3.700252e+00 2.321354e-20 4.224651e-21
3.700917e+00 2.663211e-20 4.390022e-21
3.701582e+00 1.036350e-20 4.984677e-21
3.702247e+00 -2.715104e-21 5.445494e-21
3.702912e+00 -4.298363e-20 4.831575e-21
3.703577e+00 -3.097483e-20 4.202700e-21
3.704242e+00 -2.339005e-20 4.099170e-21
3.704907e+00 -1.096474e-20 4.351220e-21
3.705572e+00 -1.169455e-20 3.867186e-21
3.706237e+00 1.952894e-20 4.046651e-21
3.706902e+00 3.491133e-20 4.146749e-21
3.707567e+00 -1.966099e-20 4.026579e-21
3.708232e+00 -1.698362e-20 4.179506e-21
3.708897e+00 -3.322382e-20 4.218523e-21
3.709562e+00 6.356402e-21 3.891279e-21
3.710227e+00 1.854310e-20 3.938677e-21
3.710892e+00 2.181981e-21 4.034150e-21
3.711557e+00 1.749629e-21 4.049405e-21
3.712222e+00 -1.000129e-20 4.091311e-21
3.712887e+00 -1.787416e-20 4.426198e-21
3.713552e+00 2.883206e-20 4.231742e-21
3.714217e+00 9.115960e-21 4.170595e-21
3.714882e+00 1.189237e-20 4.335775e-21
3.715547e+00 -3.025156e-20 4.056853e-21
3.716212e+00 1.451089e-20 4.438649e-21
3.716877e+00 1.606093e-20 3.992053e-21
3.717542e+00 1.786121e-20 3.926846e-21
3.718207e+00 -1.546183e-21 3.937290e-21
3.718872e+00 -1.583306e-20 4.106304e-21
3.719537e+00 1.393142e-20 4.189299e-21
3.720202e+00 1.348004e-20 4.114048e-21
3.720867e+00 1.786223e-20 4.125161e-21
3.721532e+00 -1.200820e-20 4.315452e-21
3.722197e+00 2.619022e-22 4.123994e-21
3.722862e+00 2.375332e-20 4.456744e-21
3.723527e+00 -9.770521e-21 3.977255e-21
3.724192e+00 4.122573e-21 4.200124e-21
3.724857e+00 -1.775824e-20 4.287776e-21
3.725522e+00 9.528317e-21 3.804324e-21
3.726187e+00 3.160771e-20 4.018740e-21
3.726852e+00 -1.762743e-20 4.057461e-21
3.727517e+00 -1.819708e-20 4.866175e-21
3.728182e+00 1.790930e-21 6.698417e-21
3.728847e+00 5.730359e-21 4.145041e-21
3.729512e+00 1.837485e-21 4.067082e-21
3.730177e+00 3.758749e-20 4.114873e-21
3.730842e+00 1.923377e-20 4.128489e-21
3.731507e+00 2.028188e-20 4.235133e-21
3.732172e+00 3.555850e-20 4.265577e-21
3.732837e+00 2.869025e-20 6.066986e-21
3.733502e+00 1.327994e-20 4.961742e-21
3.734167e+00 1.495633e-20 4.201530e-21
3.734832e+00 2.202026e-20 4.369217e-21
3.735497e+00 6.023534e-22 4.111802e-21
3.736162e+00 4.728446e-21 4.157590e-21
3.736827e+00 -8.466714e-21 3.967868e-21
3.737492e+00 -8.396005e-21 3.946757e-21
3.738157e+00 3.606165e-21 4.205945e-21
3.738822e+00 -1.791160e-21 3.938898e-21
3.739487e+00 -3.403551e-21 4.170455e-21
3.740152e+00 -4.642518e-21 3.945956e-21
3.740817e+00 -1.175676e-22 4.026333e-21
3.741482e+00 -3.172803e-21 3.977797e-21
3.742147e+00 -8.219825e-21 4.155219e-21
3.742812e+00 1.018307e-20 4.279538e-21
3.743477e+00 -4.771807e-20 4.046308e-21
3.744142e+00 -1.593413e-20 4.227669e-21
3.744807e+00 -5.527291e-21 4.165781e-21
3.745472e+00 -5.731201e-21 3.926849e-21
3.746137e+00 1.745152e-21 4.654207e-21
3.746802e+00 3.043239e-20 4.593586e-21
3.747467e+00 2.230411e-20 4.169979e-21
3.748132e+00 -4.695863e-21 4.139644e-21
3.748797e+00 1.007392e-20 4.425441e-21
3.749462e+00 1.613082e-20 3.868461e-21
3.750127e+00 -8.725315e-21 4.068200e-21
3.750792e+00 -5.838880e-21 3.997635e-21
3.751457e+00 -1.044237e-20 4.127523e-21
3.752122e+00 2.089396e-22 4.144860e-21
3.752787e+00 -3.319780e-20 3.797955e-21
3.753452e+00 -5.622965e-22 3.856207e-21
3.754117e+00 4.324577e-21 4.185799e-21
3.754782e+00 3.960614e-22 3.960511e-21
3.755447e+00 1.080694e-21 3.997548e-21
3.756112e+00 -3.052230e-21 4.236600e-21
3.756777e+00 4.573844e-21 4.189133e-21
3.757442e+00 2.197715e-20 3.992054e-21
3.758107e+00 -1.942513e-20 4.387695e-21
3.758772e+00 -1.290790e-20 4.239704e-21
3.759437e+00 2.598990e-20 3.925206e-21
3.760102e+00 5.275849e-21 4.201329e-21
3.760767e+00 -1.144816e-20 4.399139e-21
3.761432e+00 9.702300e-21 4.150803e-21
3.762097e+00 2.374233e-21 4.190666e-21
3.762762e+00 -5.197874e-21 4.005514e-21
3.763427e+00 -3.920354e-20 4.168701e-21
3.764092e+00 6.836099e-21 4.163494e-21
3.764757e+00 -2.035867e-20 4.219757e-21
3.765422e+00 1.162825e-20 4.072278e-21
3.766087e+00 -3.027487e-20 4.311119e-21
3.766752e+00 -7.505294e-21 4.148760e-21
3.767417e+00 2.844328e-20 4.223068e-21
3.768082e+00 -3.165087e-21 4.151722e-21
3.768747e+00 1.770114e-20 4.284528e-21
3.769412e+00 1.105467e-20 4.103157e-21
3.770077e+00 4.213858e-20 4.281154e-21
3.770742e+00 1.867802e-20 4.161868e-21
3.771407e+00 -1.479651e-20 3.908777e-21
3.772072e+00 -9.155249e-21 4.193186e-21
3.772737e+00 3.157128e-20 4.370243e-21
3.773402e+00 -4.028376e-21 4.637895e-21
3.774067e+00 -4.047503e-20 4.191720e-21
3.774732e+00 -1.859103e-20 4.284717e-21
3.775397e+00 -2.414366e-20 4.365446e-21
3.776062e+00 -1.555374e-20 4.014144e-21
3.776727e+00 4.822356e-21 4.301528e-21
3.777392e+00 9.869154e-21 4.132144e-21
3.778057e+00 1.293352e-20 4.162568e-21
3.778722e+00 -7.575337e-21 4.359568e-21
3.779387e+00 -1.261802e-21 4.322896e-21
3.780052e+00 -2.950204e-20 4.712614e-21
3.780717e+00 1.866259e-20 4.471820e-21
3.781382e+00 2.802539e-20 4.163109e-21
3.782047e+00 2.145454e-20 4.036530e-21
3.782712e+00 3.410952e-20 4.038903e-21
3.783377e+00 4.441097e-20 4.101700e-21
3.784042e+00 1.851326e-20 4.209972e-21
3.784707e+00 2.227079e-20 4.454544e-21
3.785372e+00 2.355360e-21 4.247149e-21
3.786037e+00 4.559679e-21 4.252688e-21
3.786702e+00 5.718196e-21 4.144086e-21
3.787367e+00 2.354922e-20 4.127234e-21
3.788032e+00 3.098799e-20 4.551251e-21
3.788697e+00 1.179367e-20 4.349751e-21
3.789362e+00 2.524756e-20 4.501599e-21
3.790027e+00 1.532730e-20 4.437801e-21
3.790692e+00 1.978278e-20 4.191803e-21
3.791357e+00 2.937228e-20 4.163703e-21
3.792022e+00 -6.087901e-21 4.310360e-21
3.792687e+00 -4.756376e-21 4.346973e-21
3.793352e+00 2.038696e-20 4.174568e-21
3.794017e+00 1.358139e-20 4.111958e-21
3.794682e+00 3.419178e-20 4.218718e-21
3.795347e+00 2.124534e-20 4.561591e-21
3.796012e+00 -5.017618e-21 4.224228e-21
3.796677e+00 6.811102e-21 4.513771e-21
3.797342e+00 1.422866e-20 4.216915e-21
3.798007e+00 4.597633e-20 4.369515e-21
3.798672e+00 4.542366e-20 4.300578e-21
3.799337e+00 2.810765e-20 4.430383e-21
3.800002e+00 4.559056e-20 4.195001e-21
3.800667e+00 1.016540e-20 4.300668e-21
3.801332e+00 4.684738e-21 4.316772e-21
3.801997e+00 2.842176e-20 4.429135e-21
3.802662e+00 -1.050103e-22 4.222152e-21
3.803327e+00 2.590901e-20 4.330210e-21
3.803992e+00 -1.421961e-20 4.134241e-21
3.804657e+00 1.505413e-20 4.198760e-21
3.805322e+00 -2.973325e-20 4.312787e-21
3.805987e+00 3.490737e-21 4.524916e-21
3.806652e+00 2.219086e-20 4.287900e-21
3.807317e+00 4.765907e-20 4.413818e-21
3.807982e+00 4.460770e-20 4.254599e-21
3.808647e+00 1.338906e-20 4.746955e-21
3.809312e+00 -6.949250e-21 4.335730e-21
3.809977e+00 4.095501e-20 5.350209e-21
3.810642e+00 4.958013e-20 5.647483e-21
3.811307e+00 1.804862e-20 4.850909e-21
3.811972e+00 3.126340e-20 4.304239e-21
3.812637e+00 2.189279e-20 4.447403e-21
3.813302e+00 3.887024e-20 4.112840e-21
3.813967e+00 1.297753e-20 4.168236e-21
3.814632e+00 4.221605e-20 4.180585e-21
3.815297e+00 3.306381e-20 3.944607e-21
3.815962e+00 1.960096e-20 4.390934e-21
3.816627e+00 2.436589e-20 4.159220e-21
3.817292e+00 1.557898e-20 4.290289e-21
3.817957e+00 -2.058952e-21 4.345067e-21
3.818622e+00 1.532912e-20 4.330025e-21
3.819287e+00 5.178168e-22 4.088158e-21
3.819952e+00 1.979647e-20 4.196932e-21
3.820617e+00 8.313772e-21 4.336486e-21
3.821282e+00 4.030305e-20 4.102593e-21
3.821947e+00 -2.971005e-21 4.858904e-21
3.822612e+00 1.654893e-20 4.524676e-21
3.823277e+00 1.564782e-20 4.352008e-21
3.823942e+00 5.174941e-21 4.279101e-21
3.824607e+00 -3.240231e-20 5.241438e-21
3.825272e+00 -2.752204e-20 5.635205e-21
3.825937e+00 4.718262e-21 4.548847e-21
3.826602e+00 1.465566e-21 4.560691e-21
3.827267e+00 8.983752e-21 4.284412e-21
3.827932e+00 -1.750571e-20 4.096262e-21
3.828597e+00 -6.311461e-22 4.042910e-21
3.829262e+00 -3.639406e-20 4.125090e-21
3.829927e+00 -5.978301e-20 4.311715e-21
3.830592e+00 -1.118430e-20 3.990796e-21
3.831257e+00 1.949288e-20 4.725022e-21
3.831922e+00 -2.925332e-21 4.078930e-21
3.832587e+00 -4.694606e-21 4.123693e-21
3.833252e+00 -3.223350e-20 4.234896e-21
3.833917e+00 3.371358e-20 4.153895e-21
3.834582e+00 -8.862122e-22 4.146518e-21
3.835247e+00 8.147747e-21 4.318657e-21
3.835912e+00 1.381694e-20 4.066940e-21
3.836577e+00 -9.830565e-21 4.202115e-21
3.837242e+00 -3.350457e-21 4.474185e-21
3.837907e+00 -2.027282e-20 4.173221e-21
3.838572e+00 -3.042833e-20 4.906574e-21
3.839237e+00 -1.087165e-20 4.223823e-21
3.839902e+00 -3.758782e-22 4.188666e-21
3.840567e+00 -1.271387e-20 4.042127e-21
3.841232e+00 -1.117829e-20 3.750840e-21
3.841897e+00 3.512520e-21 3.973252e-21
3.842562e+00 -1.834708e-20 4.005440e-21
3.843227e+00 7.425333e-21 4.272973e-21
3.843892e+00 -4.175569e-21 4.063730e-21
3.844557e+00 1.583812e-21 4.265299e-21
3.845222e+00 6.021887e-21 4.621354e-21
3.845887e+00 -7.342564e-21 4.265074e-21
3.846552e+00 -3.679992e-20 7.284328e-21
3.847217e+00 -1.579868e-21 7.009981e-21
3.847882e+00 -1.668580e-20 8.038163e-21
3.848547e+00 -2.613221e-20 4.063908e-21
3.849212e+00 -3.489649e-23 4.052634e-21
3.849877e+00 -2.094496e-21 3.879646e-21
3.850542e+00 6.804487e-21 4.062610e-21
3.851207e+00 -1.906762e-21 4.190400e-21
3.851872e+00 -1.937566e-21 3.989497e-21
3.852537e+00 -1.726361e-20 3.938952e-21
3.853202e+00 -6.591865e-21 4.066094e-21
3.853867e+00 2.768095e-20 3.894949e-21
3.854532e+00 -1.106277e-20 4.196685e-21
3.855197e+00 3.231916e-20 4.028954e-21
3.855862e+00 2.733821e-20 3.952147e-21
3.856527e+00 3.276740e-20 4.074494e-21
3.857192e+00 2.139878e-20 3.913144e-21
3.857857e+00 4.273760e-20 4.090094e-21
3.858522e+00 -5.436056e-21 4.007423e-21
3.859187e+00 2.457775e-20 4.332787e-21
3.859852e+00 7.118426e-21 4.012107e-21
3.860517e+00 -2.958497e-20 3.935182e-21
3.861182e+00 -2.670836e-20 4.070546e-21
3.861847e+00 -1.381430e-20 4.312782e-21
3.862512e+00 2.216307e-21 4.039136e-21
3.863177e+00 -1.166022e-20 4.243894e-21
3.863842e+00 -4.546969e-21 4.081526e-21
3.864507e+00 1.442614e-20 4.243732e-21
3.865172e+00 1.368822e-20 4.209542e-21
3.865837e+00 3.372901e-22 3.997111e-21
3.866502e+00 2.915495e-20 4.077601e-21
3.867167e+00 2.350015e-20 4.338655e-21
3.867832e+00 -8.544196e-21 4.292246e-21
3.868497e+00 -1.288392e-20 4.047577e-21
3.869162e+00 -1.287441e-20 1.103881e-20
3.869827e+00 2.043321e-20 1.799288e-20
3.870492e+00 1.130542e-20 9.953899e-21
3.871157e+00 -8.022802e-22 4.488724e-21
3.871822e+00 1.532632e-20 5.094338e-21
3.872487e+00 1.222780e-20 4.076191e-21
3.873152e+00 1.842984e-20 4.081849e-21
3.873817e+00 1.905303e-20 4.252522e-21
3.874482e+00 2.552871e-20 4.050242e-21
3.875147e+00 -1.160880e-20 4.348707e-21
3.875812e+00 -7.750902e-21 4.202100e-21
3.876477e+00 3.985874e-21 4.211262e-21
3.877142e+00 7.674995e-21 4.183235e-21
3.877807e+00 2.488319e-20 4.077973e-21
3.878472e+00 2.301922e-20 3.762423e-21
3.879137e+00 1.690766e-20 4.040031e-21
3.879802e+00 2.690425e-20 4.289533e-21
3.880467e+00 1.802146e-20 4.395508e-21
3.881132e+00 1.744797e-20 4.514849e-21
3.881797e+00 5.086068e-20 4.192475e-21
3.882462e+00 2.325486e-20 4.179215e-21
3.883127e+00 4.728648e-20 4.128126e-21
3.883792e+00 4.430413e-22 3.894043e-21
3.884457e+00 4.143134e-20 3.912563e-21
3.885122e+00 4.787235e-20 3.907882e-21
3.885787e+00 2.078807e-20 4.192317e-21
3.886452e+00 2.405317e-20 4.375566e-21
3.887117e+00 3.151141e-20 4.650660e-21
3.887782e+00 5.347031e-20 4.904879e-21
3.888447e+00 3.194396e-20 4.429982e-21
3.889112e+00 2.035985e-20 4.159637e-21
3.889777e+00 5.465898e-20 3.885829e-21
3.890442e+00 3.586261e-20 3.991232e-21
3.891107e+00 1.439542e-20 4.188931e-21
3.891772e+00 1.235245e-21 4.272398e-21
3.892437e+00 1.522588e-20 4.124484e-21
3.893102e+00 1.680460e-20 4.196313e-21
3.893767e+00 -9.218828e-22 4.103340e-21
3.894432e+00 2.837604e-20 4.117433e-21
3.895097e+00 1.541811e-20 4.179300e-21
3.895762e+00 1.978736e-20 4.480400e-21
3.896427e+00 -8.093088e-22 4.465106e-21
3.897092e+00 -1.585958e-20 5.200085e-21
3.897757e+00 4.787117e-21 3.932542e-21
3.898422e+00 1.340984e-20 4.110543e-21
3.899087e+00 1.261536e-20 4.456673e-21
3.899752e+00 3.850980e-20 4.999973e-21
3.900417e+00 6.595324e-20 4.366925e-21
3.901082e+00 4.641024e-21 3.953675e-21
3.901747e+00 1.050460e-21 4.207316e-21
3.902412e+00 1.548295e-20 4.036723e-21
3.903077e+00 3.954543e-20 3.985311e-21
3.903742e+00 1.498079e-20 4.298263e-21
3.904407e+00 2.445462e-20 4.256653e-21
3.905072e+00 2.360495e-20 4.423601e-21
3.905737e+00 3.896756e-20 3.910632e-21
3.906402e+00 5.543148e-20 4.071891e-21
3.907067e+00 3.882324e-20 4.172376e-21
3.907732e+00 9.462373e-21 4.308873e-21
3.908397e+00 1.205571e-20 5.091623e-21
3.909062e+00 6.225837e-21 6.919291e-21
3.909727e+00 4.458012e-20 1.004308e-20
3.910392e+00 4.377779e-20 3.391557e-20
3.911057e+00 4.000841e-20 1.869029e-20
3.911722e+00 7.894878e-21 5.530122e-21
3.912387e+00 1.902427e-21 4.652417e-21
3.913052e+00 4.102209e-20 4.254781e-21
3.913717e+00 2.964291e-20 4.207737e-21
3.914382e+00 2.934523e-20 4.245057e-21
3.915047e+00 1.062216e-20 3.849390e-21
3.915712e+00 1.250558e-20 3.965216e-21
3.916377e+00 -9.281146e-21 3.922735e-21
3.917042e+00 -1.569256e-20 4.309851e-21
3.917707e+00 -5.605488e-21 4.379986e-21
3.918372e+00 1.914751e-20 4.167971e-21
3.919037e+00 5.542501e-20 4.100025e-21
3.919702e+00 4.158482e-20 4.112010e-21
3.920367e+00 2.276932e-20 4.151749e-21
3.921032e+00 1.463293e-20 4.653817e-21
3.921697e+00 3.253321e-20 4.142389e-21
3.922362e+00 3.936841e-20 9.119709e-21
3.923027e+00 7.628973e-20 1.584682e-20
3.923692e+00 8.705086e-20 1.472099e-20
3.924357e+00 6.542491e-20 9.996716e-21
3.925022e+00 6.982634e-20 5.532846e-21
3.925687e+00 8.622463e-20 3.912653e-21
3.926352e+00 6.124807e-20 4.092500e-21
3.927017e+00 1.021439e-19 4.032629e-21
3.927682e+00 8.255046e-20 4.001236e-21
3.928347e+00 5.050956e-20 4.022124e-21
3.929012e+00 3.769992e-20 4.278319e-21
3.929677e+00 5.251204e-20 4.027132e-21
3.930342e+00 7.692232e-20 4.033431e-21
3.931007e+00 9.225349e-20 4.215817e-21
3.931672e+00 8.017024e-20 4.021039e-21
3.932337e+00 5.940008e-20 4.116247e-21
3.933002e+00 6.204702e-20 4.078484e-21
3.933667e+00 4.903570e-20 4.213326e-21
3.934332e+00 2.138786e-20 4.299650e-21
3.934997e+00 1.990373e-20 4.236039e-21
3.935662e+00 1.752498e-20 3.899143e-21
3.936327e+00 1.806634e-21 3.940359e-21
3.936992e+00 -1.598953e-20 4.301207e-21
3.937657e+00 1.187072e-20 4.012835e-21
3.938322e+00 -1.283790e-20 3.977023e-21
3.938987e+00 -1.890079e-20 3.892896e-21
3.939652e+00 -7.311426e-21 3.821393e-21
3.940317e+00 4.557308e-21 4.133745e-21
3.940982e+00 -1.839630e-20 4.107695e-21
3.941647e+00 -1.883675e-20 3.894134e-21
3.942312e+00 -6.775023e-21 3.938386e-21
3.942977e+00 -2.192118e-20 3.883688e-21
3.943642e+00 5.708464e-21 4.045043e-21
3.944307e+00 -1.844978e-21 4.063575e-21
3.944972e+00 -1.378220e-20 4.470618e-21
3.945637e+00 5.411672e-21 4.173474e-21
3.946302e+00 3.757000e-20 4.188521e-21
3.946967e+00 8.409071e-21 4.076769e-21
3.947632e+00 5.215757e-21 4.425618e-21
3.948297e+00 1.746997e-20 3.900936e-21
3.948962e+00 -1.637099e-21 4.037436e-21
3.949627e+00 -1.233086e-20 4.179233e-21
3.950292e+00 -2.465889e-20 3.858487e-21
3.950957e+00 -2.513179e-20 4.047350e-21
3.951622e+00 -3.529000e-20 4.032244e-21
3.952287e+00 -2.876620e-20 4.163675e-21
3.952952e+00 -1.379766e-20 5.293243e-21
3.953617e+00 4.483570e-21 4.099215e-21
3.954282e+00 3.041112e-20 4.276193e-21
3.954947e+00 2.631262e-20 3.879288e-21
3.955612e+00 -7.404743e-21 3.924562e-21
3.956277e+00 -1.091389e-20 4.110069e-21
3.956942e+00 2.333585e-20 3.865481e-21
3.957607e+00 1.216198e-20 4.072122e-21
3.958272e+00 3.784586e-20 5.491009e-21
3.958937e+00 -3.498150e-22 4.030929e-21
3.959602e+00 8.308621e-21 3.938537e-21
3.960267e+00 5.355344e-21 4.008227e-21
3.960932e+00 -3.925743e-20 3.928736e-21
3.961597e+00 -6.965793e-21 3.904039e-21
3.962262e+00 -2.962382e-20 3.819436e-21
3.962927e+00 -1.300728e-20 3.991049e-21
3.963592e+00 -2.869030e-20 3.694896e-21
3.964257e+00 -1.474395e-20 3.839594e-21
3.964922e+00 1.447612e-20 3.857902e-21
3.965587e+00 4.393818e-21 3.877549e-21
3.966252e+00 -1.439828e-20 4.179263e-21
3.966917e+00 -3.331492e-21 4.220678e-21
3.967582e+00 1.354101e-21 3.895068e-21
3.968247e+00 -2.246686e-21 3.874526e-21
3.968912e+00 8.636774e-21 3.912324e-21
3.969577e+00 1.151692e-20 4.004691e-21
3.970242e+00 4.532788e-20 4.102710e-21
3.970907e+00 1.390313e-20 3.691574e-21
3.971572e+00 -1.350567e-20 3.859113e-21
3.972237e+00 -1.234157e-20 3.851771e-21
3.972902e+00 2.101818e-20 3.931859e-21
3.973567e+00 4.881789e-20 3.722132e-21
3.974232e+00 3.352708e-21 3.722838e-21
3.974897e+00 -1.150538e-20 3.841522e-21
3.975562e+00 1.984815e-20 4.027443e-21
3.976227e+00 1.487098e-20 4.338131e-21
3.976892e+00 2.012670e-20 3.677122e-21
3.977557e+00 -5.456968e-21 4.362702e-21
3.978222e+00 2.769788e-20 4.121225e-21
3.978887e+00 2.603388e-20 4.556529e-21
3.979552e+00 7.933426e-21 4.174076e-21
3.980217e+00 8.524132e-21 4.403519e-21
3.980882e+00 3.248612e-20 4.035923e-21
3.981547e+00 2.363008e-20 3.900615e-21
3.982212e+00 -1.446167e-20 3.986092e-21
3.982877e+00 -9.620732e-21 3.876776e-21
3.983542e+00 6.268779e-21 3.840242e-21
3.984207e+00 -4.073363e-21 3.998910e-21
3.984872e+00 -1.589243e-20 3.785021e-21
3.985537e+00 -1.893043e-20 3.943630e-21
3.986202e+00 -2.440570e-20 4.210032e-21
3.986867e+00 1.413704e-20 4.277626e-21
3.987532e+00 -3.569454e-21 3.961179e-21
3.988197e+00 1.474823e-20 4.070771e-21
3.988862e+00 -6.809966e-21 3.974302e-21
3.989527e+00 1.276947e-20 4.084069e-21
3.990192e+00 -7.982704e-21 4.112501e-21
3.990857e+00 -2.408525e-20 3.870908e-21
3.991522e+00 -2.136721e-20 3.843406e-21
3.992187e+00 -2.304033e-20 4.038777e-21
3.992852e+00 4.538545e-21 4.299879e-21
3.993517e+00 2.471962e-21 4.160080e-21
3.994182e+00 -1.892005e-20 4.116305e-21
3.994847e+00 -1.486906e-20 3.881218e-21
3.995512e+00 -5.638477e-22 4.110379e-21
3.996177e+00 -1.341754e-20 4.202686e-21
3.996842e+00 -2.052500e-21 4.176423e-21
3.997507e+00 -5.382781e-21 4.413318e-21
3.998172e+00 -2.094665e-20 4.052979e-21
3.998837e+00 -2.963728e-20 4.046046e-21
3.999502e+00 -6.370288e-21 4.412980e-21
4.000167e+00 -8.533270e-21 4.901175e-21
4.000832e+00 -1.564488e-20 5.137076e-21
4.001497e+00 -6.603549e-21 4.281308e-21
4.002162e+00 3.135734e-21 4.644712e-21
4.002827e+00 3.435549e-20 5.365049e-21
4.003492e+00 2.753707e-21 5.863176e-21
4.004157e+00 -4.919160e-22 5.615386e-21
4.004822e+00 5.943222e-21 5.771691e-21
4.005487e+00 -3.834338e-22 5.625298e-21
4.006152e+00 -6.165254e-22 6.637063e-21
4.006817e+00 nan nan
4.007482e+00 nan nan
4.008147e+00 nan nan
4.008812e+00 nan nan
4.009477e+00 nan nan
4.010142e+00 nan nan
4.010807e+00 nan nan
4.011472e+00 nan nan
4.012137e+00 nan nan
4.012802e+00 nan nan
4.013467e+00 nan nan
4.014132e+00 nan nan
4.014797e+00 nan nan
4.015462e+00 nan nan
4.016127e+00 nan nan
4.016792e+00 nan nan
4.017457e+00 nan nan
4.018122e+00 nan nan
4.018787e+00 nan nan
4.019452e+00 nan nan
4.020117e+00 nan nan
4.020782e+00 nan nan
4.021447e+00 nan nan
4.022112e+00 nan nan
4.022777e+00 nan nan
4.023442e+00 nan nan
4.024107e+00 nan nan
4.024772e+00 nan nan
4.025437e+00 nan nan
4.026102e+00 nan nan
4.026767e+00 nan nan
4.027432e+00 nan nan
4.028097e+00 nan nan
4.028762e+00 nan nan
4.029427e+00 nan nan
4.030092e+00 nan nan
4.030757e+00 nan nan
4.031422e+00 nan nan
4.032087e+00 nan nan
4.032752e+00 nan nan
4.033417e+00 nan nan
4.034082e+00 nan nan
4.034747e+00 nan nan
4.035412e+00 nan nan
4.036077e+00 nan nan
4.036742e+00 nan nan
4.037407e+00 nan nan
4.038072e+00 nan nan
4.038737e+00 nan nan
4.039402e+00 nan nan
4.040067e+00 nan nan
4.040732e+00 nan nan
4.041397e+00 nan nan
4.042062e+00 nan nan
4.042727e+00 nan nan
4.043392e+00 nan nan
4.044057e+00 nan nan
4.044722e+00 nan nan
4.045387e+00 nan nan
4.046052e+00 nan nan
4.046717e+00 nan nan
4.047382e+00 nan nan
4.048047e+00 nan nan
4.048712e+00 nan nan
4.049377e+00 nan nan
4.050042e+00 nan nan
4.050707e+00 nan nan
4.051372e+00 nan nan
4.052037e+00 nan nan
4.052702e+00 nan nan
4.053367e+00 nan nan
4.054032e+00 nan nan
4.054697e+00 nan nan
4.055362e+00 nan nan
4.056027e+00 nan nan
4.056692e+00 nan nan
4.057357e+00 nan nan
4.058022e+00 nan nan
4.058687e+00 nan nan
4.059352e+00 nan nan
4.060017e+00 nan nan
4.060682e+00 nan nan
4.061347e+00 nan nan
4.062012e+00 nan nan
4.062677e+00 nan nan
4.063342e+00 nan nan
4.064007e+00 nan nan
4.064672e+00 nan nan
4.065337e+00 nan nan
4.066002e+00 nan nan
4.066667e+00 nan nan
4.067332e+00 nan nan
4.067997e+00 nan nan
4.068662e+00 nan nan
4.069327e+00 nan nan
4.069992e+00 nan nan
4.070657e+00 nan nan
4.071322e+00 nan nan
4.071987e+00 nan nan
4.072652e+00 nan nan
4.073317e+00 nan nan
4.073982e+00 nan nan
4.074647e+00 nan nan
4.075312e+00 nan nan
4.075977e+00 nan nan
4.076642e+00 nan nan
4.077307e+00 nan nan
4.077972e+00 nan nan
4.078637e+00 nan nan
4.079302e+00 nan nan
4.079967e+00 nan nan
4.080632e+00 nan nan
4.081297e+00 nan nan
4.081962e+00 nan nan
4.082627e+00 nan nan
4.083292e+00 nan nan
4.083957e+00 nan nan
4.084622e+00 nan nan
4.085287e+00 nan nan
4.085952e+00 nan nan
4.086617e+00 nan nan
4.087282e+00 nan nan
4.087947e+00 nan nan
4.088612e+00 nan nan
4.089277e+00 nan nan
4.089942e+00 nan nan
4.090607e+00 nan nan
4.091272e+00 nan nan
4.091937e+00 nan nan
4.092602e+00 nan nan
4.093267e+00 nan nan
4.093932e+00 nan nan
4.094597e+00 nan nan
4.095262e+00 nan nan
4.095927e+00 nan nan
4.096592e+00 nan nan
4.097257e+00 nan nan
4.097922e+00 nan nan
4.098587e+00 nan nan
4.099252e+00 nan nan
4.099917e+00 nan nan
4.100582e+00 nan nan
4.101247e+00 nan nan
4.101912e+00 nan nan
4.102577e+00 nan nan
4.103242e+00 nan nan
4.103907e+00 nan nan
4.104572e+00 nan nan
4.105237e+00 nan nan
4.105902e+00 nan nan
4.106567e+00 nan nan
4.107232e+00 nan nan
4.107897e+00 nan nan
4.108562e+00 nan nan
4.109227e+00 nan nan
4.109892e+00 nan nan
4.110557e+00 nan nan
4.111222e+00 nan nan
4.111887e+00 nan nan
4.112552e+00 nan nan
4.113217e+00 nan nan
4.113882e+00 nan nan
4.114547e+00 -3.828214e-20 1.933409e-20
4.115212e+00 -7.375968e-20 1.549607e-20
4.115877e+00 -2.011195e-20 1.593901e-20
4.116542e+00 -7.822437e-21 1.481008e-20
4.117207e+00 -3.715971e-20 1.466415e-20
4.117872e+00 -3.237116e-20 1.150785e-20
4.118537e+00 -6.197917e-21 1.343162e-20
4.119202e+00 -1.487706e-20 1.158524e-20
4.119867e+00 -2.849618e-20 1.094243e-20
4.120532e+00 -1.401154e-20 9.543571e-21
4.121197e+00 6.060577e-20 1.086701e-20
4.121862e+00 -1.064741e-20 9.060785e-21
4.122527e+00 -2.137379e-20 7.967776e-21
4.123192e+00 2.450651e-20 7.490695e-21
4.123857e+00 2.154372e-20 7.924052e-21
4.124522e+00 -5.776447e-22 7.527930e-21
4.125187e+00 3.477405e-21 8.382565e-21
4.125852e+00 -1.555280e-20 7.722684e-21
4.126517e+00 -1.736047e-20 7.240865e-21
4.127182e+00 -3.848210e-20 7.173380e-21
4.127847e+00 -1.718607e-20 7.211314e-21
4.128512e+00 -1.956574e-20 7.230791e-21
4.129177e+00 -6.583967e-22 7.499427e-21
4.129842e+00 5.478690e-21 7.869378e-21
4.130507e+00 1.823175e-20 7.240120e-21
4.131172e+00 -1.715688e-20 6.475950e-21
4.131837e+00 -3.074261e-20 6.569387e-21
4.132502e+00 -3.210903e-20 7.648074e-21
4.133167e+00 4.157308e-20 7.390361e-21
4.133832e+00 1.346198e-20 7.599092e-21
4.134497e+00 1.764203e-20 6.903757e-21
4.135162e+00 3.682242e-20 7.130245e-21
4.135827e+00 1.705402e-21 7.152726e-21
4.136492e+00 -4.322123e-20 7.287634e-21
4.137157e+00 -5.961278e-21 6.879016e-21
4.137822e+00 2.847771e-20 7.042623e-21
4.138487e+00 1.663389e-20 1.269103e-20
4.139152e+00 2.761084e-20 1.579392e-20
4.139817e+00 1.644294e-20 1.323296e-20
4.140482e+00 -2.724607e-21 1.181060e-20
4.141147e+00 1.911870e-20 8.278258e-21
4.141812e+00 -1.407881e-20 6.425134e-21
4.142477e+00 6.444865e-21 6.995696e-21
4.143142e+00 8.076024e-21 7.380643e-21
4.143807e+00 -1.597472e-20 7.198353e-21
4.144472e+00 -2.040591e-20 7.230945e-21
4.145137e+00 2.146079e-20 7.537387e-21
4.145802e+00 -7.371269e-21 8.884152e-21
4.146467e+00 7.140472e-20 9.583539e-21
4.147132e+00 1.280240e-19 2.839179e-20
4.147797e+00 5.924903e-20 2.164746e-20
4.148462e+00 8.368039e-20 2.646628e-20
4.149127e+00 2.266994e-20 7.104167e-21
4.149792e+00 2.560450e-20 7.417577e-21
4.150457e+00 2.706071e-20 7.519273e-21
4.151122e+00 4.657739e-20 8.836398e-21
4.151787e+00 4.267884e-20 7.896507e-21
4.152452e+00 -3.749971e-21 7.564798e-21
4.153117e+00 -2.712218e-20 7.008026e-21
4.153782e+00 -8.874567e-21 6.965746e-21
4.154447e+00 1.024313e-21 8.087166e-21
4.155112e+00 2.065163e-20 8.677906e-21
4.155777e+00 -2.945724e-20 7.164680e-21
4.156442e+00 -6.994723e-20 4.317155e-20
4.157107e+00 -1.494549e-20 1.846204e-20
4.157772e+00 -1.671721e-20 8.036785e-21
4.158437e+00 -6.147814e-21 6.883409e-21
4.159102e+00 -1.073122e-21 6.769669e-21
4.159767e+00 8.599959e-21 6.748857e-21
4.160432e+00 9.188648e-21 6.727067e-21
4.161097e+00 -2.648229e-21 7.295744e-21
4.161762e+00 7.604194e-23 6.584539e-21
4.162427e+00 -1.281555e-20 7.163538e-21
4.163092e+00 2.527979e-20 6.965434e-21
4.163757e+00 5.645796e-21 7.013554e-21
4.164422e+00 -2.030776e-21 6.708479e-21
4.165087e+00 -1.320178e-20 7.721841e-21
4.165752e+00 -1.455980e-20 6.747813e-21
4.166417e+00 -1.909323e-20 6.454381e-21
4.167082e+00 -3.413373e-20 6.360873e-21
4.167747e+00 6.264608e-21 7.054136e-21
4.168412e+00 -4.274762e-21 7.862408e-21
4.169077e+00 2.256739e-21 7.522962e-21
4.169742e+00 2.512699e-20 7.072547e-21
4.170407e+00 -2.784590e-21 7.011028e-21
4.171072e+00 2.894939e-20 7.166261e-21
4.171737e+00 3.265913e-20 7.499811e-21
4.172402e+00 6.004360e-21 7.170376e-21
4.173067e+00 2.734804e-20 7.408341e-21
4.173732e+00 -1.268949e-21 6.776971e-21
4.174397e+00 3.546473e-20 7.540485e-21
4.175062e+00 -3.253944e-20 7.232936e-21
4.175727e+00 -1.923059e-20 6.712571e-21
4.176392e+00 -1.482334e-20 7.258441e-21
4.177057e+00 2.197415e-20 7.691939e-21
4.177722e+00 3.153615e-21 7.337921e-21
4.178387e+00 1.880843e-20 7.614729e-21
4.179052e+00 1.241025e-20 8.981141e-21
4.179717e+00 8.494055e-21 9.317009e-21
4.180382e+00 -3.333282e-20 9.580872e-21
4.181047e+00 -6.931759e-21 7.863761e-21
4.181712e+00 2.484474e-20 8.219314e-21
4.182377e+00 -2.316259e-20 7.330487e-21
4.183042e+00 -1.173195e-20 1.153230e-20
4.183707e+00 -9.578956e-21 6.509619e-21
4.184372e+00 1.002005e-20 1.033269e-20
4.185037e+00 -2.626021e-20 1.246018e-20
4.185702e+00 2.149068e-21 1.216757e-20
4.186367e+00 -1.519096e-20 1.267996e-20
4.187032e+00 -1.204739e-20 6.269558e-21
4.187697e+00 2.495408e-20 5.659487e-21
4.188362e+00 8.842194e-21 5.964860e-21
4.189027e+00 -2.557261e-20 5.317042e-21
4.189692e+00 5.554848e-21 5.434364e-21
4.190357e+00 7.061309e-21 5.492947e-21
4.191022e+00 -2.070818e-22 5.448269e-21
4.191687e+00 7.270450e-21 5.504624e-21
4.192352e+00 -5.178845e-21 5.591236e-21
4.193017e+00 -2.695539e-21 5.797554e-21
4.193682e+00 1.169451e-20 5.870885e-21
4.194347e+00 7.762350e-21 6.015193e-21
4.195012e+00 1.512137e-20 6.058565e-21
4.195677e+00 1.165449e-21 5.479482e-21
4.196342e+00 4.460643e-20 5.881698e-21
4.197007e+00 4.767868e-20 6.256415e-21
4.197672e+00 4.460675e-20 5.685157e-21
4.198337e+00 4.336163e-20 5.885185e-21
4.199002e+00 4.142546e-20 5.567636e-21
4.199667e+00 3.301704e-21 6.091366e-21
4.200332e+00 3.084815e-20 5.842025e-21
4.200997e+00 -5.204340e-21 6.073969e-21
4.201662e+00 -1.605638e-20 5.976727e-21
4.202327e+00 2.127878e-20 8.017202e-21
4.202992e+00 -2.272311e-21 5.943636e-21
4.203657e+00 3.697048e-20 6.585735e-21
4.204322e+00 -1.528968e-20 8.073605e-21
4.204987e+00 2.054544e-20 7.090819e-21
4.205652e+00 1.907738e-20 5.920778e-21
4.206317e+00 7.524827e-20 5.748737e-21
4.206982e+00 1.422128e-20 5.810769e-21
4.207647e+00 -7.010592e-21 5.536551e-21
4.208312e+00 1.508385e-20 5.780939e-21
4.208977e+00 2.950954e-20 5.783923e-21
4.209642e+00 -1.752682e-20 5.568812e-21
4.210307e+00 -4.214521e-20 5.505551e-21
4.210972e+00 -2.806831e-20 6.868454e-21
4.211637e+00 -2.630051e-20 6.250251e-21
4.212302e+00 1.197915e-20 5.833285e-21
4.212967e+00 -4.985934e-21 6.514223e-21
4.213632e+00 -1.595736e-21 6.709558e-21
4.214297e+00 -1.211515e-20 7.131627e-21
4.214962e+00 1.648571e-20 6.278450e-21
4.215627e+00 3.638073e-20 6.245600e-21
4.216292e+00 -1.784339e-20 5.706398e-21
4.216957e+00 -3.771181e-21 6.156326e-21
4.217622e+00 2.492872e-20 5.667184e-21
4.218287e+00 1.187080e-20 6.506525e-21
4.218952e+00 -1.611513e-20 6.015137e-21
4.219617e+00 -1.435624e-20 6.509028e-21
4.220282e+00 -5.803904e-20 5.658806e-21
4.220947e+00 -4.567369e-20 5.732146e-21
4.221612e+00 -2.910953e-20 6.245049e-21
4.222277e+00 -2.458507e-20 5.482823e-21
4.222942e+00 -2.649374e-21 6.502346e-21
4.223607e+00 3.143474e-20 6.042386e-21
4.224272e+00 1.857185e-20 6.077613e-21
4.224937e+00 -7.811075e-21 5.730814e-21
4.225602e+00 5.823881e-20 5.444720e-21
4.226267e+00 2.380556e-20 5.744256e-21
4.226932e+00 1.129112e-20 5.668740e-21
4.227597e+00 4.092529e-21 5.771033e-21
4.228262e+00 -2.234753e-20 5.320017e-21
4.228927e+00 -2.777782e-20 6.210689e-21
4.229592e+00 -5.443916e-20 7.665768e-21
4.230257e+00 1.575729e-20 6.067281e-21
4.230922e+00 3.230978e-20 6.350275e-21
4.231587e+00 3.161159e-20 5.561004e-21
4.232252e+00 1.192182e-20 6.502205e-21
4.232917e+00 8.099299e-21 6.309575e-21
4.233582e+00 1.043036e-20 5.828037e-21
4.234247e+00 -2.110654e-20 5.528768e-21
4.234912e+00 -1.766298e-20 5.762472e-21
4.235577e+00 -2.533598e-20 7.283325e-21
4.236242e+00 -2.506865e-20 5.803526e-21
4.236907e+00 -2.341448e-21 5.829505e-21
4.237572e+00 2.723306e-20 5.640326e-21
4.238237e+00 8.472235e-21 5.830239e-21
4.238902e+00 9.430896e-21 5.454856e-21
4.239567e+00 2.607037e-20 6.143315e-21
4.240232e+00 -6.024528e-21 7.002989e-21
4.240897e+00 1.231543e-20 5.556045e-21
4.241562e+00 1.160537e-20 5.340663e-21
4.242227e+00 -7.071477e-21 5.454566e-21
4.242892e+00 1.049254e-20 5.980604e-21
4.243557e+00 5.198220e-20 5.490893e-21
4.244222e+00 2.807513e-20 1.005918e-20
4.244887e+00 4.117823e-20 1.172155e-20
4.245552e+00 1.764182e-20 6.446463e-21
4.246217e+00 -1.823853e-21 6.283597e-21
4.246882e+00 -1.194218e-22 5.593533e-21
4.247547e+00 5.369095e-22 5.850912e-21
4.248212e+00 -2.251871e-20 6.656768e-21
4.248877e+00 -1.685037e-20 5.649413e-21
4.249542e+00 -4.090656e-20 5.568930e-21
4.250207e+00 -2.763354e-20 5.750036e-21
4.250872e+00 3.569280e-21 6.340888e-21
4.251537e+00 1.198344e-20 5.845507e-21
4.252202e+00 1.149239e-21 5.900586e-21
4.252867e+00 -6.499017e-21 5.975236e-21
4.253532e+00 -9.411061e-21 5.541729e-21
4.254197e+00 -3.104877e-20 5.728423e-21
4.254862e+00 -1.062129e-20 5.636506e-21
4.255527e+00 -1.595243e-20 5.673327e-21
4.256192e+00 3.822132e-21 6.430888e-21
4.256857e+00 2.331829e-20 6.285380e-21
4.257522e+00 5.999387e-21 6.041154e-21
4.258187e+00 2.334577e-20 5.827485e-21
4.258852e+00 3.785202e-20 6.150315e-21
4.259517e+00 -5.996636e-21 5.797220e-21
4.260182e+00 -8.669656e-21 5.599795e-21
4.260847e+00 -2.442344e-21 6.243973e-21
4.261512e+00 -2.021255e-20 5.583562e-21
4.262177e+00 4.455563e-20 6.713891e-21
4.262842e+00 1.992680e-20 5.547286e-21
4.263507e+00 8.794293e-21 5.384248e-21
4.264172e+00 -7.359469e-21 6.767073e-21
4.264837e+00 2.081697e-20 7.406951e-21
4.265502e+00 -1.141506e-20 6.366951e-21
4.266167e+00 -2.608819e-20 5.865488e-21
4.266832e+00 1.123856e-20 5.763339e-21
4.267497e+00 3.351987e-21 5.806015e-21
4.268162e+00 -4.346949e-21 5.755047e-21
4.268827e+00 -1.352800e-20 5.515098e-21
4.269492e+00 -5.173679e-21 5.691939e-21
4.270157e+00 -3.140615e-21 6.416334e-21
4.270822e+00 -3.653773e-21 5.823670e-21
4.271487e+00 -4.912182e-21 6.997615e-21
4.272152e+00 -2.346480e-20 5.963874e-21
4.272817e+00 3.775002e-20 6.181079e-21
4.273482e+00 1.536506e-20 6.255464e-21
4.274147e+00 -2.561124e-21 6.154861e-21
4.274812e+00 -4.099928e-21 5.667741e-21
4.275477e+00 9.333503e-21 5.399816e-21
4.276142e+00 1.365582e-20 5.736300e-21
4.276807e+00 3.815757e-20 5.380389e-21
4.277472e+00 -7.182166e-22 5.434191e-21
4.278137e+00 -3.036978e-20 5.652487e-21
4.278802e+00 -4.735157e-21 5.313901e-21
4.279467e+00 -2.836860e-20 5.709500e-21
4.280132e+00 1.174823e-20 5.580735e-21
4.280797e+00 4.214442e-20 5.807565e-21
4.281462e+00 -5.853572e-21 5.718713e-21
4.282127e+00 2.488484e-20 5.524923e-21
4.282792e+00 1.210976e-20 5.838134e-21
4.283457e+00 3.920042e-20 6.049680e-21
4.284122e+00 4.764913e-20 5.690091e-21
4.284787e+00 3.097274e-20 5.729078e-21
4.285452e+00 4.947217e-20 6.005122e-21
4.286117e+00 2.093817e-20 6.104177e-21
4.286782e+00 1.431505e-20 5.609283e-21
4.287447e+00 -1.225843e-20 5.927633e-21
4.288112e+00 2.419132e-20 5.834814e-21
4.288777e+00 5.855928e-21 5.653017e-21
4.289442e+00 -3.334353e-20 5.685925e-21
4.290107e+00 -2.146488e-21 5.655038e-21
4.290772e+00 5.890442e-20 5.541367e-21
4.291437e+00 2.222117e-20 5.831037e-21
4.292102e+00 1.349546e-20 5.864111e-21
4.292767e+00 -2.270688e-21 5.717911e-21
4.293432e+00 2.653226e-20 5.609258e-21
4.294097e+00 -1.409219e-20 5.966896e-21
4.294762e+00 4.202413e-20 5.650662e-21
4.295427e+00 2.024956e-20 6.186073e-21
4.296092e+00 2.904659e-20 6.507328e-21
4.296757e+00 -2.874459e-20 6.049507e-21
4.297422e+00 -1.422681e-20 5.815611e-21
4.298087e+00 1.291483e-20 5.810680e-21
4.298752e+00 6.106992e-20 5.566439e-21
4.299417e+00 6.262974e-20 5.591866e-21
4.300082e+00 1.978894e-20 6.106880e-21
4.300747e+00 -1.487424e-20 6.453515e-21
4.301412e+00 -9.784805e-21 8.452491e-21
4.302077e+00 3.751544e-20 6.322751e-21
4.302742e+00 1.235893e-20 6.014337e-21
4.303407e+00 2.219029e-21 5.354580e-21
4.304072e+00 -1.927740e-20 5.514025e-21
4.304737e+00 1.264948e-20 5.577748e-21
4.305402e+00 -3.845515e-20 6.020970e-21
4.306067e+00 2.489898e-21 5.936874e-21
4.306732e+00 2.074044e-20 6.092793e-21
4.307397e+00 -1.003454e-21 5.930099e-21
4.308062e+00 2.694641e-20 5.776456e-21
4.308727e+00 -6.455648e-21 5.644313e-21
4.309392e+00 -4.800478e-20 5.361802e-21
4.310057e+00 -1.142164e-20 5.281969e-21
4.310722e+00 -1.991382e-21 6.254440e-21
4.311387e+00 2.868107e-20 5.657878e-21
4.312052e+00 -2.667201e-20 6.033277e-21
4.312717e+00 -4.790003e-21 6.883142e-21
4.313382e+00 -9.005971e-21 5.825512e-21
4.314047e+00 3.652253e-20 6.124646e-21
4.314712e+00 1.470808e-20 6.066222e-21
4.315377e+00 -1.723697e-20 5.588494e-21
4.316042e+00 2.965467e-21 5.942758e-21
4.316707e+00 -3.160716e-20 5.474924e-21
4.317372e+00 -2.033006e-20 6.869540e-21
4.318037e+00 4.189916e-21 6.669433e-21
4.318702e+00 -2.993040e-20 5.524378e-21
4.319367e+00 1.034671e-21 5.653643e-21
4.320032e+00 2.668128e-20 6.198385e-21
4.320697e+00 3.051585e-20 5.897004e-21
4.321362e+00 1.546092e-20 5.371523e-21
4.322027e+00 2.696712e-20 5.478824e-21
4.322692e+00 -6.924338e-21 5.245878e-21
4.323357e+00 -3.611735e-20 5.471264e-21
4.324022e+00 1.889016e-21 5.640128e-21
4.324687e+00 3.891079e-20 5.575716e-21
4.325352e+00 5.643886e-20 7.438578e-21
4.326017e+00 1.724794e-20 5.615375e-21
4.326682e+00 3.257399e-20 5.730665e-21
4.327347e+00 1.248122e-20 5.732722e-21
4.328012e+00 6.355427e-21 5.525187e-21
4.328677e+00 -6.125250e-21 6.142101e-21
4.329342e+00 -5.418835e-20 6.071896e-21
4.330007e+00 -7.176529e-20 5.832024e-21
4.330672e+00 -7.322008e-20 5.949591e-21
4.331337e+00 -6.455999e-20 6.350461e-21
4.332002e+00 -7.808322e-20 5.985848e-21
4.332667e+00 -2.588795e-20 5.618682e-21
4.333332e+00 1.265677e-20 5.441289e-21
4.333997e+00 1.496090e-20 5.270705e-21
4.334662e+00 2.073574e-20 5.553080e-21
4.335327e+00 3.341631e-20 5.846552e-21
4.335992e+00 4.736820e-20 6.685277e-21
4.336657e+00 2.512349e-20 6.001323e-21
4.337322e+00 1.647449e-20 6.569303e-21
4.337987e+00 1.889233e-20 5.432516e-21
4.338652e+00 1.813530e-20 5.602831e-21
4.339317e+00 2.941234e-20 6.918559e-21
4.339982e+00 1.943501e-20 6.287830e-21
4.340647e+00 5.197245e-20 5.685654e-21
4.341312e+00 3.500273e-20 6.870047e-21
4.341977e+00 2.874679e-20 6.387319e-21
4.342642e+00 2.506659e-20 6.085640e-21
4.343307e+00 6.085646e-20 5.797727e-21
4.343972e+00 3.449258e-20 6.505597e-21
4.344637e+00 3.576453e-20 6.807519e-21
4.345302e+00 3.198084e-20 6.914815e-21
4.345967e+00 -2.332661e-20 6.580470e-21
4.346632e+00 6.085056e-21 5.716882e-21
4.347297e+00 -2.686374e-20 5.806903e-21
4.347962e+00 -5.122296e-21 5.973108e-21
4.348627e+00 3.323870e-20 6.017725e-21
4.349292e+00 2.926455e-21 5.756042e-21
4.349957e+00 1.115296e-20 5.889879e-21
4.350622e+00 -3.070706e-21 5.897290e-21
4.351287e+00 2.682006e-20 7.077927e-21
4.351952e+00 4.425830e-21 5.783011e-21
4.352617e+00 1.494378e-20 5.923438e-21
4.353282e+00 -7.194257e-22 5.976883e-21
4.353947e+00 5.799819e-20 5.754896e-21
4.354612e+00 1.824672e-20 5.693742e-21
4.355277e+00 7.244899e-20 1.145655e-20
4.355942e+00 4.063383e-20 8.303897e-21
4.356607e+00 4.874575e-20 1.078384e-20
4.357272e+00 2.071230e-20 8.560471e-21
4.357937e+00 -3.003165e-20 5.883772e-21
4.358602e+00 -1.795569e-20 5.668914e-21
4.359267e+00 4.249606e-20 5.953693e-21
4.359932e+00 4.696294e-20 6.189746e-21
4.360597e+00 4.063174e-20 6.027180e-21
4.361262e+00 7.477873e-21 6.254393e-21
4.361927e+00 5.775328e-21 6.188907e-21
4.362592e+00 3.704760e-20 6.198169e-21
4.363257e+00 5.400286e-20 5.888717e-21
4.363922e+00 4.005715e-20 5.688674e-21
4.364587e+00 1.101935e-20 6.062560e-21
4.365252e+00 1.886325e-20 5.882345e-21
4.365917e+00 -5.541852e-20 5.655349e-21
4.366582e+00 -5.918615e-20 6.054012e-21
4.367247e+00 -6.110423e-20 6.107219e-21
4.367912e+00 3.271357e-20 5.729983e-21
4.368577e+00 1.100030e-20 5.774743e-21
4.369242e+00 -1.487580e-20 5.941514e-21
4.369907e+00 -2.750284e-20 5.909362e-21
4.370572e+00 -1.714739e-20 5.962596e-21
4.371237e+00 5.566844e-21 6.348645e-21
4.371902e+00 1.749220e-20 5.943454e-21
4.372567e+00 3.779488e-20 5.812591e-21
4.373232e+00 2.773652e-21 5.773778e-21
4.373897e+00 6.274953e-22 5.710997e-21
4.374562e+00 -2.520293e-20 6.206524e-21
4.375227e+00 -1.225617e-21 5.455046e-21
4.375892e+00 -2.570660e-20 5.881611e-21
4.376557e+00 1.846175e-20 5.900524e-21
4.377222e+00 7.940717e-21 6.427604e-21
4.377887e+00 -2.394961e-20 5.976541e-21
4.378552e+00 -4.517950e-21 5.649243e-21
4.379217e+00 -6.227954e-21 6.064634e-21
4.379882e+00 5.997486e-21 5.914051e-21
4.380547e+00 -2.048252e-22 5.964654e-21
4.381212e+00 -1.779100e-20 5.949203e-21
4.381877e+00 -1.543881e-21 6.121212e-21
4.382542e+00 1.521648e-20 6.008878e-21
4.383207e+00 2.791166e-21 6.535452e-21
4.383872e+00 -1.398589e-21 6.076452e-21
4.384537e+00 1.937381e-22 7.071346e-21
4.385202e+00 4.235405e-21 5.734841e-21
4.385867e+00 1.976071e-20 6.328954e-21
4.386532e+00 1.950312e-20 6.971172e-21
4.387197e+00 7.071760e-21 6.309546e-21
4.387862e+00 5.637806e-20 6.221301e-21
4.388527e+00 5.076731e-20 5.958494e-21
4.389192e+00 7.348596e-20 6.545903e-21
4.389857e+00 4.007051e-20 7.184056e-21
4.390522e+00 6.249563e-20 6.384691e-21
4.391187e+00 2.691959e-20 6.260689e-21
4.391852e+00 6.339039e-21 6.057505e-21
4.392517e+00 1.249706e-21 5.804650e-21
4.393182e+00 6.251025e-21 6.151307e-21
4.393847e+00 2.100743e-20 6.225287e-21
4.394512e+00 -1.063686e-20 6.025319e-21
4.395177e+00 1.198629e-20 6.753024e-21
4.395842e+00 1.991728e-20 5.960794e-21
4.396507e+00 3.310609e-21 6.113719e-21
4.397172e+00 -1.281912e-20 6.298696e-21
4.397837e+00 -1.767384e-20 6.209320e-21
4.398502e+00 -3.230754e-20 5.940927e-21
4.399167e+00 7.613985e-23 5.913656e-21
4.399832e+00 5.906379e-21 6.423728e-21
4.400497e+00 4.528121e-21 6.505386e-21
4.401162e+00 1.006084e-20 6.036397e-21
4.401827e+00 1.253542e-20 6.917236e-21
4.402492e+00 2.684108e-21 6.000246e-21
4.403157e+00 5.204804e-21 6.563562e-21
4.403822e+00 3.417888e-20 6.890273e-21
4.404487e+00 5.003249e-20 8.243664e-21
4.405152e+00 1.263450e-20 6.275705e-21
4.405817e+00 -4.378882e-21 6.230647e-21
4.406482e+00 -3.985399e-20 5.957416e-21
4.407147e+00 -2.112360e-20 7.672778e-21
4.407812e+00 -1.965414e-20 6.089158e-21
4.408477e+00 -2.423911e-20 6.479364e-21
4.409142e+00 6.625650e-20 6.144075e-21
4.409807e+00 5.186117e-20 6.138115e-21
4.410472e+00 2.175026e-20 5.915599e-21
4.411137e+00 2.710153e-20 5.967813e-21
4.411802e+00 3.958629e-20 6.325433e-21
4.412467e+00 -4.668313e-21 6.025685e-21
4.413132e+00 4.123704e-20 6.214912e-21
4.413797e+00 -5.328565e-20 6.064148e-21
4.414462e+00 1.222289e-20 6.202015e-21
4.415127e+00 2.585926e-20 6.512037e-21
4.415792e+00 7.493767e-21 6.093850e-21
4.416457e+00 2.847774e-20 6.430273e-21
4.417122e+00 1.858562e-20 6.192928e-21
4.417787e+00 -4.741701e-20 5.621751e-21
4.418452e+00 -2.386296e-20 5.921426e-21
4.419117e+00 -1.722847e-20 5.849271e-21
4.419782e+00 -2.518582e-21 5.838152e-21
4.420447e+00 1.252875e-20 5.807929e-21
4.421112e+00 4.509714e-20 5.837017e-21
4.421777e+00 8.007615e-20 6.141856e-21
4.422442e+00 7.926215e-21 6.018123e-21
4.423107e+00 5.097025e-20 6.339044e-21
4.423772e+00 2.226829e-20 6.026933e-21
4.424437e+00 2.934138e-21 6.007482e-21
4.425102e+00 -3.545882e-20 6.330713e-21
4.425767e+00 -2.074693e-22 6.058282e-21
4.426432e+00 2.286579e-20 6.404386e-21
4.427097e+00 -3.081452e-20 6.058117e-21
4.427762e+00 -1.782353e-20 6.242959e-21
4.428427e+00 -2.163782e-20 6.283740e-21
4.429092e+00 1.606543e-21 7.263672e-21
4.429757e+00 -8.788905e-21 6.673238e-21
4.430422e+00 4.890772e-20 7.305693e-21
4.431087e+00 4.762417e-20 6.241193e-21
4.431752e+00 1.674498e-20 6.631611e-21
4.432417e+00 8.729531e-21 5.715484e-21
4.433082e+00 2.136301e-20 6.354328e-21
4.433747e+00 7.240360e-20 9.280020e-21
4.434412e+00 5.212461e-20 1.157594e-20
4.435077e+00 -1.357663e-20 1.304053e-20
4.435742e+00 -3.080572e-20 1.598156e-20
4.436407e+00 3.834530e-20 8.663047e-21
4.437072e+00 3.630850e-21 6.762771e-21
4.437737e+00 1.074072e-20 6.397325e-21
4.438402e+00 4.661301e-21 5.943855e-21
4.439067e+00 -4.618685e-21 6.210391e-21
4.439732e+00 -1.811508e-20 5.923216e-21
4.440397e+00 -1.767996e-20 6.348040e-21
4.441062e+00 -2.658077e-20 6.751492e-21
4.441727e+00 3.659065e-21 6.742665e-21
4.442392e+00 -6.124523e-21 5.900139e-21
4.443057e+00 -1.685329e-21 5.937152e-21
4.443722e+00 -9.056221e-21 6.491562e-21
4.444387e+00 1.936755e-20 6.076882e-21
4.445052e+00 1.390566e-20 5.723681e-21
4.445717e+00 8.486858e-21 5.960852e-21
4.446382e+00 -3.622865e-21 6.843280e-21
4.447047e+00 3.508511e-21 6.228736e-21
4.447712e+00 1.167090e-20 5.884417e-21
4.448377e+00 4.930959e-20 6.304078e-21
4.449042e+00 2.614536e-20 5.977691e-21
4.449707e+00 1.109595e-20 6.394004e-21
4.450372e+00 -6.112166e-21 6.334022e-21
4.451037e+00 -1.334762e-20 5.993107e-21
4.451702e+00 -4.659465e-20 6.885388e-21
4.452367e+00 2.317503e-20 5.976812e-21
4.453032e+00 2.870352e-20 6.499369e-21
4.453697e+00 3.319500e-20 6.583953e-21
4.454362e+00 1.709504e-20 6.174976e-21
4.455027e+00 -2.657314e-21 6.185178e-21
4.455692e+00 6.882731e-20 6.269291e-21
4.456357e+00 3.985572e-20 5.914960e-21
4.457022e+00 6.308286e-20 5.747793e-21
4.457687e+00 -7.665402e-21 6.175804e-21
4.458352e+00 1.112022e-20 6.164961e-21
4.459017e+00 -1.185642e-20 6.810224e-21
4.459682e+00 2.660311e-20 6.189385e-21
4.460347e+00 -2.596390e-20 6.678806e-21
4.461012e+00 5.268310e-21 6.351425e-21
4.461677e+00 -8.375258e-21 6.357162e-21
4.462342e+00 -1.152773e-20 6.412009e-21
4.463007e+00 -1.558271e-20 5.869350e-21
4.463672e+00 -2.004773e-20 5.752150e-21
4.464337e+00 9.493718e-21 5.910789e-21
4.465002e+00 1.942707e-20 5.984042e-21
4.465667e+00 3.012482e-21 6.310167e-21
4.466332e+00 3.669130e-20 5.937569e-21
4.466997e+00 3.517830e-20 6.490958e-21
4.467662e+00 2.349090e-20 6.262876e-21
4.468327e+00 1.672675e-20 6.046751e-21
4.468992e+00 3.354835e-20 6.110971e-21
4.469657e+00 -8.707615e-21 7.827183e-21
4.470322e+00 5.199245e-21 6.767948e-21
4.470987e+00 -4.056687e-21 6.204331e-21
4.471652e+00 -2.601442e-20 7.255096e-21
4.472317e+00 -2.522918e-20 5.758910e-21
4.472982e+00 -1.490779e-20 6.546127e-21
4.473647e+00 -3.502755e-20 6.157660e-21
4.474312e+00 -2.640927e-20 7.475557e-21
4.474977e+00 -2.128395e-20 6.627589e-21
4.475642e+00 3.378985e-21 6.339603e-21
4.476307e+00 -9.087707e-21 6.818640e-21
4.476972e+00 3.311440e-21 6.071042e-21
4.477637e+00 1.941138e-20 7.362300e-21
4.478302e+00 -4.653891e-21 6.367041e-21
4.478967e+00 -4.745573e-20 6.886788e-21
4.479632e+00 4.380715e-22 6.099854e-21
4.480297e+00 -4.202671e-20 5.886606e-21
4.480962e+00 -7.845453e-21 6.307757e-21
4.481627e+00 -1.686996e-20 6.003135e-21
4.482292e+00 -1.647306e-20 5.847909e-21
4.482957e+00 -8.915385e-21 6.663341e-21
4.483622e+00 3.370916e-20 6.139541e-21
4.484287e+00 -4.836440e-22 6.572430e-21
4.484952e+00 -1.551401e-20 6.079704e-21
4.485617e+00 2.040016e-20 6.096644e-21
4.486282e+00 1.242749e-20 6.204011e-21
4.486947e+00 3.015798e-21 5.979266e-21
4.487612e+00 5.694454e-21 7.003310e-21
4.488277e+00 -2.722123e-20 6.263933e-21
4.488942e+00 -2.805082e-20 5.840791e-21
4.489607e+00 1.894050e-20 6.806662e-21
4.490272e+00 -1.912219e-20 5.899606e-21
4.490937e+00 -3.058727e-20 6.052704e-21
4.491602e+00 2.634676e-20 6.380523e-21
4.492267e+00 4.361369e-20 5.862299e-21
4.492932e+00 5.314057e-20 6.101687e-21
4.493597e+00 -1.818694e-21 6.078856e-21
4.494262e+00 1.856092e-20 6.305724e-21
4.494927e+00 -1.006023e-20 6.267795e-21
4.495592e+00 -4.171299e-20 6.305341e-21
4.496257e+00 -3.252934e-20 5.845256e-21
4.496922e+00 -1.670588e-20 5.789340e-21
4.497587e+00 3.736630e-20 6.379317e-21
4.498252e+00 5.390152e-21 7.462134e-21
4.498917e+00 3.815650e-20 6.379934e-21
4.499582e+00 2.172370e-20 6.980476e-21
4.500247e+00 7.225575e-21 6.393785e-21
4.500912e+00 -2.656481e-21 5.844262e-21
4.501577e+00 -1.135602e-20 6.299873e-21
4.502242e+00 8.348566e-21 6.894346e-21
4.502907e+00 4.290213e-21 6.250698e-21
4.503572e+00 2.863515e-20 7.009776e-21
4.504237e+00 4.222838e-20 6.207175e-21
4.504902e+00 3.235359e-20 6.454082e-21
4.505567e+00 8.455410e-21 6.650653e-21
4.506232e+00 2.636163e-21 6.319461e-21
4.506897e+00 -5.175654e-22 6.112240e-21
4.507562e+00 1.822565e-20 6.275323e-21
4.508227e+00 8.396144e-21 8.043235e-21
4.508892e+00 -2.874267e-20 6.181244e-21
4.509557e+00 1.681252e-20 6.572728e-21
4.510222e+00 1.094201e-20 6.345601e-21
4.510887e+00 6.846799e-21 6.286487e-21
4.511552e+00 4.981837e-20 6.251125e-21
4.512217e+00 1.358322e-20 6.890300e-21
4.512882e+00 -3.401640e-21 6.239271e-21
4.513547e+00 1.176046e-20 6.214751e-21
4.514212e+00 -6.354337e-21 6.250033e-21
4.514877e+00 5.332894e-20 6.197440e-21
4.515542e+00 4.928435e-21 6.320572e-21
4.516207e+00 2.635734e-20 6.658037e-21
4.516872e+00 4.828998e-20 7.070402e-21
4.517537e+00 6.817746e-20 7.847474e-21
4.518202e+00 5.570723e-20 6.420790e-21
4.518867e+00 6.347397e-20 6.325475e-21
4.519532e+00 5.260407e-20 7.158281e-21
4.520197e+00 8.403576e-21 7.246923e-21
4.520862e+00 2.414381e-20 6.410095e-21
4.521527e+00 4.261356e-21 6.045230e-21
4.522192e+00 -2.948596e-20 6.756419e-21
4.522857e+00 5.928006e-21 6.821512e-21
4.523522e+00 3.403296e-20 6.285846e-21
4.524187e+00 5.371319e-21 6.975441e-21
4.524852e+00 -1.824855e-20 6.170101e-21
4.525517e+00 -2.880532e-20 7.700083e-21
4.526182e+00 9.372548e-20 6.992438e-21
4.526847e+00 7.410319e-20 6.202635e-21
4.527512e+00 3.728949e-20 6.406658e-21
4.528177e+00 6.474889e-20 6.157800e-21
4.528842e+00 -3.319108e-20 6.007785e-21
4.529507e+00 -5.773183e-21 7.368698e-21
4.530172e+00 2.015577e-20 6.122439e-21
4.530837e+00 2.412661e-20 6.583856e-21
4.531502e+00 6.778533e-21 6.807537e-21
4.532167e+00 -2.259252e-21 6.090945e-21
4.532832e+00 4.844756e-20 6.374714e-21
4.533497e+00 6.947050e-20 6.049282e-21
4.534162e+00 6.895070e-20 5.942624e-21
4.534827e+00 -4.190526e-21 6.242903e-21
4.535492e+00 8.280331e-21 6.412424e-21
4.536157e+00 5.014326e-21 6.754498e-21
4.536822e+00 4.209689e-20 7.731688e-21
4.537487e+00 4.105716e-21 6.653620e-21
4.538152e+00 1.075966e-20 6.083293e-21
4.538817e+00 2.569794e-20 6.133144e-21
4.539482e+00 8.971771e-21 6.457737e-21
4.540147e+00 4.010055e-20 6.389165e-21
4.540812e+00 3.856544e-20 6.223237e-21
4.541477e+00 -1.562296e-20 6.546032e-21
4.542142e+00 2.087367e-20 6.838757e-21
4.542807e+00 2.899969e-20 6.335396e-21
4.543472e+00 3.956111e-20 6.571460e-21
4.544137e+00 4.988305e-21 6.222570e-21
4.544802e+00 -2.006786e-20 6.918092e-21
4.545467e+00 -1.492270e-21 6.321047e-21
4.546132e+00 3.304800e-20 6.767496e-21
4.546797e+00 -1.438607e-21 9.284101e-21
4.547462e+00 1.301506e-20 8.815912e-21
4.548127e+00 -6.341132e-21 9.169271e-21
4.548792e+00 -3.186904e-20 6.229865e-21
4.549457e+00 -2.972080e-20 8.243168e-21
4.550122e+00 -8.967758e-21 5.996295e-21
4.550787e+00 2.249669e-20 6.497047e-21
4.551452e+00 1.410018e-20 6.756025e-21
4.552117e+00 2.271386e-22 6.104412e-21
4.552782e+00 -1.325241e-21 6.098615e-21
4.553447e+00 3.734480e-20 6.196213e-21
4.554112e+00 -2.123471e-20 8.016758e-21
4.554777e+00 -2.620467e-20 7.071773e-21
4.555442e+00 -5.791133e-20 6.560471e-21
4.556107e+00 -5.167166e-20 7.054601e-21
4.556772e+00 8.363129e-21 6.313625e-21
4.557437e+00 -5.499050e-21 6.264074e-21
4.558102e+00 3.913783e-21 6.418826e-21
4.558767e+00 5.584767e-21 6.640051e-21
4.559432e+00 -2.157820e-20 6.493575e-21
4.560097e+00 9.144976e-21 6.110429e-21
4.560762e+00 -3.971557e-20 6.257625e-21
4.561427e+00 -4.463942e-20 6.615707e-21
4.562092e+00 -3.703087e-20 6.284552e-21
4.562757e+00 -1.653575e-21 6.035497e-21
4.563422e+00 -1.566091e-20 7.042047e-21
4.564087e+00 1.509108e-20 6.447230e-21
4.564752e+00 -8.213814e-21 7.259822e-21
4.565417e+00 5.586172e-21 6.524047e-21
4.566082e+00 -1.229420e-20 6.982535e-21
4.566747e+00 -1.785252e-20 6.652036e-21
4.567412e+00 -6.567059e-21 6.777608e-21
4.568077e+00 -2.438853e-20 6.479920e-21
4.568742e+00 -5.598560e-20 7.040411e-21
4.569407e+00 1.566708e-20 6.460972e-21
4.570072e+00 8.173858e-21 6.163099e-21
4.570737e+00 9.640761e-21 6.496235e-21
4.571402e+00 4.041616e-21 6.290750e-21
4.572067e+00 -3.566081e-20 6.034383e-21
4.572732e+00 -2.070948e-20 5.959888e-21
4.573397e+00 -3.443551e-20 6.207051e-21
4.574062e+00 2.729075e-21 5.884122e-21
4.574727e+00 1.694420e-20 6.245594e-21
4.575392e+00 8.321953e-21 6.049429e-21
4.576057e+00 3.065592e-20 5.961421e-21
4.576722e+00 -2.756001e-22 6.074938e-21
4.577387e+00 -3.838242e-21 6.670197e-21
4.578052e+00 -1.962334e-20 6.558386e-21
4.578717e+00 -3.843626e-21 6.465819e-21
4.579382e+00 -1.156407e-20 6.034213e-21
4.580047e+00 1.922472e-20 6.116475e-21
4.580712e+00 6.312828e-21 6.872032e-21
4.581377e+00 1.330041e-20 6.951760e-21
4.582042e+00 9.385170e-21 6.267823e-21
4.582707e+00 1.321683e-20 6.573501e-21
4.583372e+00 -3.851926e-20 6.361712e-21
4.584037e+00 -4.486164e-20 6.300913e-21
4.584702e+00 -5.136401e-20 6.397443e-21
4.585367e+00 1.217769e-20 6.808674e-21
4.586032e+00 7.211154e-21 6.344265e-21
4.586697e+00 -5.792568e-21 6.072854e-21
4.587362e+00 3.495213e-21 1.021553e-20
4.588027e+00 8.878472e-21 1.385371e-20
4.588692e+00 3.449734e-20 1.604033e-20
4.589357e+00 4.266297e-20 1.475112e-20
4.590022e+00 2.124311e-20 6.287010e-21
4.590687e+00 -5.911321e-20 5.841263e-21
4.591352e+00 3.800706e-20 6.267004e-21
4.592017e+00 3.875820e-20 6.706556e-21
4.592682e+00 5.866847e-20 6.610932e-21
4.593347e+00 2.768253e-20 6.439350e-21
4.594012e+00 1.173989e-20 6.277435e-21
4.594677e+00 1.959282e-20 6.395417e-21
4.595342e+00 -2.978940e-20 6.282655e-21
4.596007e+00 -2.432636e-21 6.482392e-21
4.596672e+00 5.204489e-20 6.722735e-21
4.597337e+00 4.105157e-20 6.414344e-21
4.598002e+00 1.316841e-20 6.535915e-21
4.598667e+00 4.151978e-21 6.526926e-21
4.599332e+00 1.956828e-20 6.548340e-21
4.599997e+00 1.114584e-20 6.592490e-21
4.600662e+00 2.843589e-20 7.160421e-21
4.601327e+00 -1.379206e-20 6.396578e-21
4.601992e+00 -1.634319e-20 7.970030e-21
4.602657e+00 -1.795273e-20 6.841574e-21
4.603322e+00 -4.670495e-21 7.984257e-21
4.603987e+00 2.237405e-21 7.098838e-21
4.604652e+00 2.056252e-20 6.392272e-21
4.605317e+00 3.195224e-20 6.813322e-21
4.605982e+00 6.567626e-20 6.832094e-21
4.606647e+00 1.794947e-20 8.860963e-21
4.607312e+00 1.006246e-20 7.112956e-21
4.607977e+00 2.281662e-21 6.936720e-21
4.608642e+00 -5.512634e-21 6.890212e-21
4.609307e+00 6.086237e-20 6.574962e-21
4.609972e+00 2.569868e-20 6.481726e-21
4.610637e+00 4.160771e-21 6.214946e-21
4.611302e+00 -1.386840e-20 6.359235e-21
4.611967e+00 -4.435324e-20 6.342228e-21
4.612632e+00 -5.457934e-21 6.428685e-21
4.613297e+00 7.012128e-20 6.713342e-21
4.613962e+00 3.383728e-20 6.408796e-21
4.614627e+00 3.990720e-20 6.597271e-21
4.615292e+00 6.854697e-20 6.627726e-21
4.615957e+00 -2.458053e-20 6.732746e-21
4.616622e+00 7.107417e-21 6.766327e-21
4.617287e+00 1.138258e-20 6.213053e-21
4.617952e+00 9.370250e-21 6.344086e-21
4.618617e+00 1.550510e-20 6.906139e-21
4.619282e+00 3.164992e-20 6.863268e-21
4.619947e+00 6.249708e-20 7.562802e-21
4.620612e+00 3.120926e-20 6.715059e-21
4.621277e+00 2.006227e-20 6.586059e-21
4.621942e+00 4.579925e-21 8.156468e-21
4.622607e+00 1.498249e-20 7.138945e-21
4.623272e+00 3.242489e-20 6.748836e-21
4.623937e+00 2.434008e-20 6.548050e-21
4.624602e+00 -3.302427e-21 7.272034e-21
4.625267e+00 1.253080e-20 6.751696e-21
4.625932e+00 -8.714420e-21 6.156197e-21
4.626597e+00 5.783437e-21 6.265548e-21
4.627262e+00 1.740760e-21 7.019841e-21
4.627927e+00 -5.253814e-21 6.690882e-21
4.628592e+00 -2.735946e-21 6.438960e-21
4.629257e+00 -2.221088e-20 6.578771e-21
4.629922e+00 -7.240540e-20 7.216549e-21
4.630587e+00 1.412947e-20 6.631640e-21
4.631252e+00 7.301482e-20 6.147106e-21
4.631917e+00 6.389082e-20 6.589164e-21
4.632582e+00 3.156381e-20 6.336697e-21
4.633247e+00 8.390133e-20 6.819810e-21
4.633912e+00 3.997421e-20 6.760432e-21
4.634577e+00 -7.313829e-21 6.709390e-21
4.635242e+00 -3.157180e-20 6.770354e-21
4.635907e+00 6.227959e-22 6.382593e-21
4.636572e+00 4.601560e-20 6.850198e-21
4.637237e+00 1.470876e-20 6.673649e-21
4.637902e+00 2.119856e-20 8.290710e-21
4.638567e+00 1.539823e-20 7.872547e-21
4.639232e+00 2.876902e-20 6.392497e-21
4.639897e+00 1.613423e-21 6.536554e-21
4.640562e+00 -6.070204e-21 8.369273e-21
4.641227e+00 4.399020e-20 6.541189e-21
4.641892e+00 3.132650e-20 6.393894e-21
4.642557e+00 -2.027831e-20 6.672786e-21
4.643222e+00 4.146560e-21 6.714784e-21
4.643887e+00 1.455804e-20 6.670114e-21
4.644552e+00 3.615808e-20 6.736848e-21
4.645217e+00 2.615434e-20 6.444591e-21
4.645882e+00 1.745303e-20 6.660274e-21
4.646547e+00 5.256192e-20 6.682371e-21
4.647212e+00 1.818578e-20 6.231746e-21
4.647877e+00 -2.714890e-20 6.099069e-21
4.648542e+00 -3.191164e-20 6.466476e-21
4.649207e+00 1.090969e-20 6.835954e-21
4.649872e+00 -6.880503e-21 6.890485e-21
4.650537e+00 1.432642e-20 6.464664e-21
4.651202e+00 -9.859208e-21 6.694153e-21
4.651867e+00 3.733603e-21 6.831847e-21
4.652532e+00 4.900318e-20 8.175504e-21
4.653197e+00 1.356868e-20 6.461510e-21
4.653862e+00 -1.364497e-20 6.439686e-21
4.654527e+00 3.480304e-20 7.272378e-21
4.655192e+00 2.232223e-20 6.911079e-21
4.655857e+00 4.577388e-20 7.202075e-21
4.656522e+00 2.625094e-20 6.796760e-21
4.657187e+00 -2.367274e-20 6.788454e-21
4.657852e+00 -1.882270e-20 6.409147e-21
4.658517e+00 -4.899535e-20 7.942465e-21
4.659182e+00 1.285643e-20 7.680034e-21
4.659847e+00 -1.475137e-20 6.723774e-21
4.660512e+00 -4.745095e-20 6.663788e-21
4.661177e+00 1.065604e-20 6.203432e-21
4.661842e+00 -9.893880e-21 6.503869e-21
4.662507e+00 5.728085e-21 6.653416e-21
4.663172e+00 1.852763e-20 6.408881e-21
4.663837e+00 3.121279e-20 6.433302e-21
4.664502e+00 2.554319e-20 6.498448e-21
4.665167e+00 -2.115023e-20 6.589853e-21
4.665832e+00 -4.576594e-20 6.876495e-21
4.666497e+00 -9.837180e-21 6.195379e-21
4.667162e+00 4.532681e-20 7.470283e-21
4.667827e+00 4.289056e-20 6.654827e-21
4.668492e+00 2.118740e-20 6.588623e-21
4.669157e+00 2.418700e-20 7.627064e-21
4.669822e+00 -9.777385e-21 6.416392e-21
4.670487e+00 3.260874e-20 6.395791e-21
4.671152e+00 3.670351e-20 1.130174e-20
4.671817e+00 1.841058e-20 8.696791e-21
4.672482e+00 2.470985e-20 8.813465e-21
4.673147e+00 -8.204047e-21 7.747015e-21
4.673812e+00 7.262639e-21 8.646435e-21
4.674477e+00 3.617925e-20 9.133047e-21
4.675142e+00 2.962410e-20 6.717236e-21
4.675807e+00 -2.429476e-20 6.731250e-21
4.676472e+00 -7.725739e-21 6.755554e-21
4.677137e+00 3.565015e-20 6.438803e-21
4.677802e+00 3.911471e-20 6.140004e-21
4.678467e+00 1.969489e-21 6.464943e-21
4.679132e+00 1.172618e-20 7.200951e-21
4.679797e+00 2.957379e-21 7.101600e-21
4.680462e+00 -1.504297e-20 6.502488e-21
4.681127e+00 4.750160e-21 7.406236e-21
4.681792e+00 -2.063662e-21 7.510834e-21
4.682457e+00 -3.081701e-21 6.885380e-21
4.683122e+00 -3.975481e-20 6.383580e-21
4.683787e+00 -9.043598e-21 6.525520e-21
4.684452e+00 -3.954713e-21 6.708087e-21
4.685117e+00 -1.593354e-20 7.084567e-21
4.685782e+00 -2.027428e-20 6.617092e-21
4.686447e+00 -1.489997e-20 6.588504e-21
4.687112e+00 3.174627e-22 6.817492e-21
4.687777e+00 3.091294e-21 6.812599e-21
4.688442e+00 -3.770573e-20 6.397205e-21
4.689107e+00 1.598107e-20 6.779332e-21
4.689772e+00 1.711099e-20 7.758056e-21
4.690437e+00 -2.687777e-20 6.602950e-21
4.691102e+00 3.833956e-20 6.930151e-21
4.691767e+00 3.889243e-20 6.391766e-21
4.692432e+00 5.129906e-21 6.559169e-21
4.693097e+00 3.054183e-20 6.596866e-21
4.693762e+00 2.049467e-20 6.376675e-21
4.694427e+00 2.239581e-20 6.528403e-21
4.695092e+00 8.284058e-21 7.443140e-21
4.695757e+00 -2.556260e-20 6.272971e-21
4.696422e+00 -2.158845e-20 7.342422e-21
4.697087e+00 -1.602590e-20 6.687452e-21
4.697752e+00 -1.201823e-20 6.529676e-21
4.698417e+00 -5.793130e-20 7.230090e-21
4.699082e+00 -3.129978e-20 7.776560e-21
4.699747e+00 -1.747608e-20 6.860105e-21
4.700412e+00 1.547831e-21 6.952024e-21
4.701077e+00 -4.935109e-20 7.349561e-21
4.701742e+00 1.091217e-20 8.687517e-21
4.702407e+00 7.339981e-20 6.903451e-21
4.703072e+00 3.792633e-20 6.841027e-21
4.703737e+00 -1.499282e-21 6.687573e-21
4.704402e+00 -9.680271e-21 6.564931e-21
4.705067e+00 -3.793243e-20 6.747391e-21
4.705732e+00 -6.535078e-21 6.664871e-21
4.706397e+00 1.639115e-20 1.009678e-20
4.707062e+00 5.901554e-20 6.560660e-21
4.707727e+00 9.379418e-21 7.463932e-21
4.708392e+00 9.938404e-21 7.722276e-21
4.709057e+00 -8.929688e-21 1.294420e-20
4.709722e+00 2.727261e-20 9.100527e-21
4.710387e+00 8.958649e-21 6.572412e-21
4.711052e+00 5.394413e-20 6.608052e-21
4.711717e+00 3.586256e-20 6.824818e-21
4.712382e+00 2.381810e-20 7.222484e-21
4.713047e+00 1.916121e-21 6.745318e-21
4.713712e+00 4.478486e-20 8.782527e-21
4.714377e+00 8.914922e-21 6.723096e-21
4.715042e+00 -4.339150e-20 6.249055e-21
4.715707e+00 1.510606e-20 6.330126e-21
4.716372e+00 5.688692e-20 6.215498e-21
4.717037e+00 1.476628e-20 6.197475e-21
4.717702e+00 7.101829e-21 6.271332e-21
4.718367e+00 -3.028247e-21 8.483954e-21
4.719032e+00 -4.604852e-21 6.981468e-21
4.719697e+00 3.615902e-20 6.428542e-21
4.720362e+00 -7.551362e-22 6.760274e-21
4.721027e+00 -6.544008e-21 6.694251e-21
4.721692e+00 -4.203070e-20 6.303802e-21
4.722357e+00 3.988510e-20 7.277427e-21
4.723022e+00 6.024887e-20 7.415698e-21
4.723687e+00 1.384848e-20 6.637055e-21
4.724352e+00 5.523262e-21 6.296293e-21
4.725017e+00 1.041999e-20 6.111806e-21
4.725682e+00 7.557799e-21 6.316767e-21
4.726347e+00 1.464396e-21 6.529849e-21
4.727012e+00 1.881361e-20 6.372537e-21
4.727677e+00 1.841643e-20 6.803967e-21
4.728342e+00 4.666925e-20 6.916887e-21
4.729007e+00 3.344698e-20 6.841544e-21
4.729672e+00 4.693899e-21 6.458651e-21
4.730337e+00 4.972158e-20 6.408510e-21
4.731002e+00 1.671280e-20 6.457508e-21
4.731667e+00 1.699318e-20 6.506697e-21
4.732332e+00 -1.071548e-20 6.595916e-21
4.732997e+00 -4.476379e-20 6.533024e-21
4.733662e+00 -7.864349e-21 6.383211e-21
4.734327e+00 -4.810944e-21 6.196753e-21
4.734992e+00 1.260205e-20 6.412855e-21
4.735657e+00 3.388211e-20 6.544143e-21
4.736322e+00 3.490117e-20 6.643415e-21
4.736987e+00 8.389648e-21 6.418251e-21
4.737652e+00 5.027372e-20 6.708305e-21
4.738317e+00 3.024882e-20 6.535649e-21
4.738982e+00 2.942004e-20 6.371448e-21
4.739647e+00 3.903351e-20 6.756315e-21
4.740312e+00 -1.778239e-21 6.414972e-21
4.740977e+00 -2.173405e-21 6.628934e-21
4.741642e+00 -8.886219e-21 6.855230e-21
4.742307e+00 6.892713e-21 6.955451e-21
4.742972e+00 2.687610e-20 6.447868e-21
4.743637e+00 4.999918e-20 6.267232e-21
4.744302e+00 2.074640e-20 6.660650e-21
4.744967e+00 7.250143e-21 7.856936e-21
4.745632e+00 2.403828e-20 6.242440e-21
4.746297e+00 1.192660e-21 6.453873e-21
4.746962e+00 -1.073522e-20 6.369721e-21
4.747627e+00 -1.750164e-20 6.576349e-21
4.748292e+00 -3.536222e-20 7.523109e-21
4.748957e+00 -2.695324e-20 6.327830e-21
4.749622e+00 4.466091e-20 6.898919e-21
4.750287e+00 1.348403e-20 6.770813e-21
4.750952e+00 -1.557940e-20 6.668194e-21
4.751617e+00 5.315999e-21 6.531535e-21
4.752282e+00 -1.708979e-20 6.725090e-21
4.752947e+00 1.413762e-20 6.557736e-21
4.753612e+00 -1.716451e-20 7.028868e-21
4.754277e+00 -8.047711e-20 6.305427e-21
4.754942e+00 2.504977e-20 1.005636e-20
4.755607e+00 3.798472e-20 1.724012e-20
4.756272e+00 5.654890e-20 1.378749e-20
4.756937e+00 -3.151769e-20 7.301477e-21
4.757602e+00 6.329388e-20 7.270713e-21
4.758267e+00 3.891015e-20 8.282252e-21
4.758932e+00 -2.582402e-21 6.568222e-21
4.759597e+00 1.967996e-20 7.259846e-21
4.760262e+00 -1.757557e-20 6.819399e-21
4.760927e+00 -3.547770e-20 7.046703e-21
4.761592e+00 -3.549176e-21 6.499511e-21
4.762257e+00 -1.062552e-20 7.069445e-21
4.762922e+00 -1.337955e-20 6.742094e-21
4.763587e+00 -2.984182e-20 6.908246e-21
4.764252e+00 -3.329584e-20 7.700364e-21
4.764917e+00 3.362667e-20 7.078115e-21
4.765582e+00 1.943067e-20 8.297689e-21
4.766247e+00 2.944521e-20 8.645990e-21
4.766912e+00 1.086753e-21 7.119361e-21
4.767577e+00 2.474149e-20 6.835799e-21
4.768242e+00 2.360661e-20 6.967703e-21
4.768907e+00 9.486681e-21 6.964559e-21
4.769572e+00 2.469178e-20 6.714348e-21
4.770237e+00 3.071986e-20 6.672012e-21
4.770902e+00 1.757654e-20 6.459448e-21
4.771567e+00 -1.531398e-20 6.719196e-21
4.772232e+00 -3.307742e-20 6.968439e-21
4.772897e+00 1.099704e-21 6.945044e-21
4.773562e+00 1.589381e-20 6.936242e-21
4.774227e+00 -4.918371e-21 6.735645e-21
4.774892e+00 -4.526446e-20 6.713013e-21
4.775557e+00 -7.926487e-21 6.686299e-21
4.776222e+00 -1.925475e-21 7.179669e-21
4.776887e+00 -4.171532e-20 6.801068e-21
4.777552e+00 -8.381202e-21 6.971875e-21
4.778217e+00 2.462528e-20 7.145212e-21
4.778882e+00 -3.072473e-20 6.856789e-21
4.779547e+00 -2.493537e-20 6.757920e-21
4.780212e+00 6.833195e-21 6.842983e-21
4.780877e+00 7.142999e-21 7.424514e-21
4.781542e+00 1.876809e-20 7.087880e-21
4.782207e+00 4.417610e-20 7.404750e-21
4.782872e+00 2.722922e-20 7.173760e-21
4.783537e+00 8.098092e-20 7.400128e-21
4.784202e+00 2.480108e-20 7.282958e-21
4.784867e+00 6.179762e-20 9.897003e-21
4.785532e+00 5.342561e-21 1.202940e-20
4.786197e+00 4.630674e-21 7.685845e-21
4.786862e+00 -5.810315e-21 9.033345e-21
4.787527e+00 1.856750e-21 8.382154e-21
4.788192e+00 -2.880552e-20 6.300535e-21
4.788857e+00 -2.559791e-20 6.736419e-21
4.789522e+00 2.315975e-20 7.280554e-21
4.790187e+00 -3.450171e-20 7.297600e-21
4.790852e+00 -6.297756e-20 6.853198e-21
4.791517e+00 -1.423983e-20 7.597052e-21
4.792182e+00 -3.130078e-20 7.070855e-21
4.792847e+00 -3.291323e-20 6.627586e-21
4.793512e+00 -5.636433e-20 7.598458e-21
4.794177e+00 -3.920639e-20 7.308984e-21
4.794842e+00 -7.553794e-21 6.542423e-21
4.795507e+00 -8.860819e-21 6.793680e-21
4.796172e+00 1.774953e-21 7.112465e-21
4.796837e+00 1.737781e-21 6.920735e-21
4.797502e+00 3.696831e-21 7.796314e-21
4.798167e+00 -3.046279e-20 6.524094e-21
4.798832e+00 1.819102e-20 6.990401e-21
4.799497e+00 1.206098e-20 7.295864e-21
4.800162e+00 3.160580e-20 7.121730e-21
4.800827e+00 3.682161e-20 7.167219e-21
4.801492e+00 5.283216e-20 7.528764e-21
4.802157e+00 9.249479e-21 6.743724e-21
4.802822e+00 3.178696e-20 6.842635e-21
4.803487e+00 1.159277e-20 6.600349e-21
4.804152e+00 -1.214904e-20 7.028870e-21
4.804817e+00 -4.606600e-21 6.654988e-21
4.805482e+00 8.545733e-22 6.785802e-21
4.806147e+00 2.375629e-20 6.734947e-21
4.806812e+00 -1.763126e-20 7.011947e-21
4.807477e+00 -7.403527e-21 6.951878e-21
4.808142e+00 -1.762982e-21 6.918092e-21
4.808807e+00 -5.706788e-21 7.615964e-21
4.809472e+00 -2.110410e-20 7.110800e-21
4.810137e+00 3.925712e-21 7.973318e-21
4.810802e+00 2.921815e-22 6.731881e-21
4.811467e+00 3.145887e-20 7.795108e-21
4.812132e+00 -2.255523e-20 6.946851e-21
4.812797e+00 -2.487817e-20 6.847956e-21
4.813462e+00 -2.358446e-20 6.993073e-21
4.814127e+00 -2.408882e-20 6.846577e-21
4.814792e+00 -4.224487e-20 6.515064e-21
4.815457e+00 -5.855695e-20 6.910536e-21
4.816122e+00 5.077661e-20 7.095427e-21
4.816787e+00 -1.798322e-20 7.426112e-21
4.817452e+00 -3.347268e-20 7.879023e-21
4.818117e+00 2.521063e-20 7.963168e-21
4.818782e+00 6.824344e-22 6.843900e-21
4.819447e+00 -2.309231e-21 6.745986e-21
4.820112e+00 2.165874e-20 7.049117e-21
4.820777e+00 -2.463879e-20 9.110623e-21
4.821442e+00 1.782554e-20 6.562914e-21
4.822107e+00 9.187759e-21 6.533535e-21
4.822772e+00 1.922946e-20 6.513537e-21
4.823437e+00 2.369344e-20 6.894320e-21
4.824102e+00 -3.981122e-20 6.538950e-21
4.824767e+00 -6.049335e-20 6.722897e-21
4.825432e+00 -1.686390e-20 6.908324e-21
4.826097e+00 -4.374672e-20 7.060248e-21
4.826762e+00 1.080118e-20 7.245456e-21
4.827427e+00 1.120099e-20 6.592253e-21
4.828092e+00 -2.069359e-20 6.903131e-21
4.828757e+00 -1.520485e-20 6.487454e-21
4.829422e+00 -1.051727e-20 6.693030e-21
4.830087e+00 -3.132225e-20 6.692551e-21
4.830752e+00 -3.271564e-20 6.773466e-21
4.831417e+00 5.366794e-21 7.930384e-21
4.832082e+00 3.217083e-20 7.421916e-21
4.832747e+00 -1.143208e-20 7.273575e-21
4.833412e+00 -2.612772e-20 6.950647e-21
4.834077e+00 -2.990906e-20 6.627324e-21
4.834742e+00 2.456297e-20 6.702732e-21
4.835407e+00 -1.037024e-20 6.869725e-21
4.836072e+00 -4.957189e-20 7.257803e-21
4.836737e+00 -2.504228e-20 7.138669e-21
4.837402e+00 -4.010252e-21 7.248748e-21
4.838067e+00 3.811974e-20 7.107846e-21
4.838732e+00 5.334938e-20 7.013298e-21
4.839397e+00 3.205269e-20 7.271520e-21
4.840062e+00 3.281201e-20 8.962356e-21
4.840727e+00 4.993948e-20 9.665359e-21
4.841392e+00 3.959605e-20 1.152416e-20
4.842057e+00 4.474449e-21 6.634209e-21
4.842722e+00 8.347583e-21 6.680880e-21
4.843387e+00 -1.045634e-20 7.184668e-21
4.844052e+00 1.258035e-20 6.691321e-21
4.844717e+00 9.605864e-21 7.513456e-21
4.845382e+00 2.172323e-20 6.893241e-21
4.846047e+00 -1.487645e-20 6.853917e-21
4.846712e+00 -2.926538e-20 7.123933e-21
4.847377e+00 9.415529e-21 7.074539e-21
4.848042e+00 3.053092e-20 6.829746e-21
4.848707e+00 4.359317e-20 7.365986e-21
4.849372e+00 5.265334e-20 7.196385e-21
4.850037e+00 -1.304371e-20 6.614397e-21
4.850702e+00 -1.754393e-20 7.638466e-21
4.851367e+00 2.568478e-20 7.056247e-21
4.852032e+00 7.212072e-20 6.867265e-21
4.852697e+00 -2.116781e-20 7.048663e-21
4.853362e+00 -1.744062e-20 7.258208e-21
4.854027e+00 -6.720173e-21 7.481494e-21
4.854692e+00 -1.069822e-20 7.407989e-21
4.855357e+00 8.202608e-21 6.761416e-21
4.856022e+00 -1.631537e-20 6.909075e-21
4.856687e+00 2.872459e-20 7.124120e-21
4.857352e+00 1.885205e-20 7.025095e-21
4.858017e+00 3.831477e-20 7.830359e-21
4.858682e+00 -1.380450e-21 7.035303e-21
4.859347e+00 -5.346876e-21 6.955736e-21
4.860012e+00 -2.365820e-20 6.627888e-21
4.860677e+00 6.351343e-20 6.868569e-21
4.861342e+00 -5.825250e-20 7.040162e-21
4.862007e+00 -7.032772e-20 7.672045e-21
4.862672e+00 -2.758482e-20 7.141632e-21
4.863337e+00 -1.617221e-20 7.501907e-21
4.864002e+00 1.779576e-21 6.430668e-21
4.864667e+00 -4.071631e-20 6.718403e-21
4.865332e+00 -4.947599e-20 7.344708e-21
4.865997e+00 -6.258029e-21 7.230358e-21
4.866662e+00 -2.223244e-20 7.335124e-21
4.867327e+00 1.323972e-21 7.311566e-21
4.867992e+00 -9.394571e-21 6.925256e-21
4.868657e+00 -3.392558e-20 7.110597e-21
4.869322e+00 -3.735139e-20 7.679127e-21
4.869987e+00 -3.228204e-20 6.897840e-21
4.870652e+00 6.216609e-21 7.115455e-21
4.871317e+00 2.884398e-20 7.187222e-21
4.871982e+00 2.598879e-21 7.568292e-21
4.872647e+00 2.172781e-20 7.323800e-21
4.873312e+00 -2.599138e-20 6.855100e-21
4.873977e+00 1.089695e-20 7.328171e-21
4.874642e+00 4.339151e-20 7.197906e-21
4.875307e+00 4.937378e-20 7.192870e-21
4.875972e+00 -2.084084e-21 7.236794e-21
4.876637e+00 2.732946e-20 7.134512e-21
4.877302e+00 1.646761e-20 8.280038e-21
4.877967e+00 -2.166875e-20 7.325252e-21
4.878632e+00 7.461627e-21 7.765208e-21
4.879297e+00 -7.602525e-22 7.605211e-21
4.879962e+00 -7.749595e-20 1.042265e-20
4.880627e+00 -3.924262e-20 7.505029e-21
4.881292e+00 9.475771e-21 7.127099e-21
4.881957e+00 -8.917520e-21 6.963566e-21
4.882622e+00 7.397502e-21 8.215161e-21
4.883287e+00 2.491034e-20 7.901366e-21
4.883952e+00 4.742316e-20 7.634586e-21
4.884617e+00 1.818381e-20 8.112515e-21
4.885282e+00 1.536472e-21 8.006182e-21
4.885947e+00 -7.003769e-20 7.450414e-21
4.886612e+00 -5.485640e-20 7.461696e-21
4.887277e+00 -3.981417e-21 7.606489e-21
4.887942e+00 2.799710e-20 7.411638e-21
4.888607e+00 2.650182e-20 7.478671e-21
4.889272e+00 2.910503e-21 7.024953e-21
4.889937e+00 -1.287128e-20 6.902627e-21
4.890602e+00 -2.579181e-20 7.004581e-21
4.891267e+00 2.562729e-20 7.173935e-21
4.891932e+00 6.065943e-21 8.496423e-21
4.892597e+00 2.764498e-21 7.549606e-21
4.893262e+00 4.321818e-20 7.105642e-21
4.893927e+00 5.860582e-20 7.341303e-21
4.894592e+00 3.179169e-20 7.395729e-21
4.895257e+00 -3.886057e-20 7.975922e-21
4.895922e+00 -3.507672e-21 7.422539e-21
4.896587e+00 2.921491e-21 7.872774e-21
4.897252e+00 4.821909e-21 8.304173e-21
4.897917e+00 1.425151e-20 1.874131e-20
4.898582e+00 3.262825e-20 1.474263e-20
4.899247e+00 3.487096e-20 1.302239e-20
4.899912e+00 3.605751e-20 1.392910e-20
4.900577e+00 6.014411e-21 1.065713e-20
4.901242e+00 -3.635059e-20 7.651952e-21
4.901907e+00 3.353771e-20 7.734683e-21
4.902572e+00 3.415736e-20 7.310168e-21
4.903237e+00 5.186465e-20 7.301179e-21
4.903902e+00 -1.000733e-20 7.395991e-21
4.904567e+00 -3.612110e-20 7.125547e-21
4.905232e+00 -2.622421e-20 7.399365e-21
4.905897e+00 -2.643986e-20 7.403031e-21
4.906562e+00 -2.812597e-20 7.575215e-21
4.907227e+00 -2.829786e-20 7.439303e-21
4.907892e+00 -4.415452e-20 7.468656e-21
4.908557e+00 -1.432446e-20 7.137169e-21
4.909222e+00 -1.039138e-20 7.225123e-21
4.909887e+00 -1.641529e-20 8.029357e-21
4.910552e+00 -1.686657e-20 6.991881e-21
4.911217e+00 -4.393060e-20 7.284601e-21
4.911882e+00 4.683726e-20 9.013212e-21
4.912547e+00 1.304881e-20 1.054910e-20
4.913212e+00 8.629513e-21 8.064556e-21
4.913877e+00 2.480231e-20 7.147723e-21
4.914542e+00 -1.031272e-20 7.872976e-21
4.915207e+00 1.825809e-20 6.688321e-21
4.915872e+00 3.110070e-20 7.230298e-21
4.916537e+00 1.625925e-20 7.422961e-21
4.917202e+00 -7.459085e-21 7.394701e-21
4.917867e+00 -2.880041e-20 7.717594e-21
4.918532e+00 -3.578371e-20 7.488760e-21
4.919197e+00 -3.339030e-20 7.672320e-21
4.919862e+00 -4.598224e-20 7.186549e-21
4.920527e+00 2.228374e-21 7.237910e-21
4.921192e+00 1.282487e-20 7.482151e-21
4.921857e+00 2.373488e-20 7.159070e-21
4.922522e+00 -4.015734e-21 7.454007e-21
4.923187e+00 -1.570124e-20 7.619573e-21
4.923852e+00 -2.964620e-20 8.748538e-21
4.924517e+00 -3.440057e-20 8.190732e-21
4.925182e+00 -5.438005e-20 8.202540e-21
4.925847e+00 -1.202517e-21 7.905366e-21
4.926512e+00 -8.807716e-21 7.275666e-21
4.927177e+00 3.542306e-21 7.580263e-21
4.927842e+00 2.362411e-20 7.462783e-21
4.928507e+00 -4.635515e-20 7.471999e-21
4.929172e+00 -4.407599e-20 7.437623e-21
4.929837e+00 8.400206e-21 7.095663e-21
4.930502e+00 -7.234800e-21 7.645426e-21
4.931167e+00 -9.471955e-22 7.501935e-21
4.931832e+00 -3.387031e-20 7.544023e-21
4.932497e+00 -7.717825e-21 7.617955e-21
4.933162e+00 2.986382e-20 7.493207e-21
4.933827e+00 -9.244298e-21 8.815708e-21
4.934492e+00 2.202949e-20 7.482979e-21
4.935157e+00 6.243527e-21 7.610358e-21
4.935822e+00 1.449481e-20 7.619367e-21
4.936487e+00 2.855246e-21 7.822148e-21
4.937152e+00 5.013843e-21 7.508335e-21
4.937817e+00 3.255196e-20 7.776855e-21
4.938482e+00 3.217720e-20 7.494993e-21
4.939147e+00 1.581021e-20 7.003076e-21
4.939812e+00 -1.725294e-20 7.392937e-21
4.940477e+00 8.818071e-21 7.844245e-21
4.941142e+00 4.179780e-20 7.375141e-21
4.941807e+00 -1.774195e-20 7.398028e-21
4.942472e+00 2.424363e-20 8.480117e-21
4.943137e+00 3.803340e-20 6.748536e-21
4.943802e+00 -2.785736e-20 7.572629e-21
4.944467e+00 -1.850461e-20 7.221996e-21
4.945132e+00 2.035067e-20 7.538987e-21
4.945797e+00 6.691482e-20 7.368674e-21
4.946462e+00 7.780273e-20 7.696041e-21
4.947127e+00 7.933968e-20 8.120640e-21
4.947792e+00 9.784169e-21 7.706329e-21
4.948457e+00 -5.918525e-20 7.543811e-21
4.949122e+00 -6.336464e-20 7.075903e-21
4.949787e+00 -5.153422e-20 7.453080e-21
4.950452e+00 -1.049663e-20 7.598559e-21
4.951117e+00 -9.018782e-21 7.508504e-21
4.951782e+00 1.359700e-20 8.235062e-21
4.952447e+00 1.525449e-20 7.634179e-21
4.953112e+00 1.123639e-20 7.491257e-21
4.953777e+00 -3.895123e-20 7.201588e-21
4.954442e+00 -3.454466e-20 7.632910e-21
4.955107e+00 1.524681e-20 8.081136e-21
4.955772e+00 4.568661e-20 8.224592e-21
4.956437e+00 -4.397563e-20 8.023996e-21
4.957102e+00 -2.242643e-20 7.786407e-21
4.957767e+00 6.547879e-21 7.763779e-21
4.958432e+00 -5.943867e-21 7.823749e-21
4.959097e+00 -3.500975e-20 9.164326e-21
4.959762e+00 -3.501367e-21 8.057282e-21
4.960427e+00 -2.382559e-20 7.443327e-21
4.961092e+00 -2.637995e-20 8.823803e-21
4.961757e+00 -2.576145e-20 4.653113e-20
4.962422e+00 5.587937e-21 9.402652e-20
4.963087e+00 2.032940e-20 7.496927e-21
4.963752e+00 -3.535459e-20 7.357444e-21
4.964417e+00 -2.702316e-20 8.326404e-21
4.965082e+00 -3.201305e-20 7.720038e-21
4.965747e+00 8.943309e-21 7.570223e-21
4.966412e+00 5.552311e-21 7.297961e-21
4.967077e+00 -2.600216e-20 7.434850e-21
4.967742e+00 -3.725707e-20 8.841642e-21
4.968407e+00 -4.091326e-20 8.130893e-21
4.969072e+00 -3.247721e-20 8.761834e-21
4.969737e+00 4.347592e-20 7.886325e-21
4.970402e+00 4.612117e-20 7.778388e-21
4.971067e+00 4.662875e-20 7.324438e-21
4.971732e+00 6.014136e-20 7.214817e-21
4.972397e+00 6.010993e-20 8.231896e-21
4.973062e+00 -1.526475e-20 7.632009e-21
4.973727e+00 3.191393e-20 7.253425e-21
4.974392e+00 4.289941e-20 7.060918e-21
4.975057e+00 3.509429e-21 6.931927e-21
4.975722e+00 -3.410980e-21 7.152607e-21
4.976387e+00 -2.155734e-20 7.659092e-21
4.977052e+00 -1.922489e-20 7.302506e-21
4.977717e+00 3.290448e-20 7.699277e-21
4.978382e+00 -5.421255e-21 7.855325e-21
4.979047e+00 -6.221914e-20 7.642717e-21
4.979712e+00 -5.095749e-20 8.168809e-21
4.980377e+00 4.635063e-20 8.022986e-21
4.981042e+00 4.562922e-21 9.093721e-21
4.981707e+00 -2.964642e-20 8.220913e-21
4.982372e+00 1.487644e-20 8.773256e-21
4.983037e+00 -4.115079e-20 9.086951e-21
4.983702e+00 2.340089e-20 9.861847e-21
4.984367e+00 2.167546e-20 7.689677e-21
4.985032e+00 -3.707601e-20 7.862930e-21
4.985697e+00 -3.571824e-20 7.239800e-21
4.986362e+00 1.844151e-20 8.010580e-21
4.987027e+00 -3.429608e-20 7.562492e-21
4.987692e+00 -4.047953e-20 7.939512e-21
4.988357e+00 -3.378838e-21 6.809505e-21
4.989022e+00 2.781288e-21 6.958625e-21
4.989687e+00 -2.386732e-20 6.828220e-21
4.990352e+00 7.016259e-21 7.546442e-21
4.991017e+00 3.911616e-20 7.377253e-21
4.991682e+00 1.254296e-20 6.948680e-21
4.992347e+00 -2.095413e-20 7.200024e-21
4.993012e+00 2.801457e-20 1.054442e-20
4.993677e+00 -5.444101e-21 7.319337e-21
4.994342e+00 2.748313e-20 8.092293e-21
4.995007e+00 -1.656935e-22 7.266724e-21
4.995672e+00 -1.450345e-20 7.071199e-21
4.996337e+00 2.352346e-20 6.997470e-21
4.997002e+00 2.149998e-20 7.871110e-21
4.997667e+00 -3.145394e-20 7.043137e-21
4.998332e+00 -1.106641e-20 6.923736e-21
4.998997e+00 1.728427e-20 7.534626e-21
4.999662e+00 3.364856e-21 7.250882e-21
5.000327e+00 -8.660503e-21 7.283700e-21
5.000992e+00 1.983808e-20 6.884361e-21
5.001657e+00 -4.200465e-20 7.847154e-21
5.002322e+00 1.764105e-21 9.280171e-21
5.002987e+00 -5.223126e-20 8.433961e-21
5.003652e+00 -5.477739e-20 7.806770e-21
5.004317e+00 -1.644167e-21 7.583749e-21
5.004982e+00 1.943823e-20 7.637827e-21
5.005647e+00 1.189299e-20 7.526402e-21
5.006312e+00 -1.631538e-21 7.238931e-21
5.006977e+00 -2.654047e-20 8.848820e-21
5.007642e+00 -3.084307e-20 8.655442e-21
5.008307e+00 -2.906703e-20 7.440376e-21
5.008972e+00 -3.466587e-20 9.130159e-21
5.009637e+00 -1.296794e-20 7.214798e-21
5.010302e+00 -5.315471e-21 1.118746e-20
5.010967e+00 -1.596755e-20 7.598579e-21
5.011632e+00 -4.267672e-20 7.413707e-21
5.012297e+00 1.615315e-20 7.367733e-21
5.012962e+00 1.636771e-20 7.119630e-21
5.013627e+00 -1.296572e-20 6.972753e-21
5.014292e+00 1.636138e-21 7.173054e-21
5.014957e+00 -3.477570e-20 7.078578e-21
5.015622e+00 -8.360415e-21 7.799808e-21
5.016287e+00 -4.014040e-21 7.774550e-21
5.016952e+00 -3.042296e-20 7.338815e-21
5.017617e+00 -1.606926e-20 7.541750e-21
5.018282e+00 4.203414e-21 6.717856e-21
5.018947e+00 8.762243e-21 7.079348e-21
5.019612e+00 4.005540e-22 7.183606e-21
5.020277e+00 2.055296e-21 7.403729e-21
5.020942e+00 1.275597e-20 7.249131e-21
5.021607e+00 4.022877e-20 7.683795e-21
5.022272e+00 4.443299e-20 6.854368e-21
5.022937e+00 -2.009209e-21 6.949461e-21
5.023602e+00 -4.732187e-21 7.384339e-21
5.024267e+00 -7.404590e-21 6.827238e-21
5.024932e+00 5.663117e-20 6.878416e-21
5.025597e+00 -3.597211e-20 1.024880e-20
5.026262e+00 -5.886334e-21 8.820209e-21
5.026927e+00 -3.336608e-20 7.290382e-21
5.027592e+00 -2.660592e-20 7.489676e-21
5.028257e+00 2.605504e-20 7.109463e-21
5.028922e+00 4.241504e-20 6.859696e-21
5.029587e+00 -4.541502e-20 6.852326e-21
5.030252e+00 -6.496971e-20 6.969471e-21
5.030917e+00 -2.046136e-20 6.861971e-21
5.031582e+00 7.790849e-21 6.866862e-21
5.032247e+00 1.500386e-20 7.223377e-21
5.032912e+00 -1.926979e-20 6.871037e-21
5.033577e+00 -3.102681e-20 7.040625e-21
5.034242e+00 -6.799848e-20 8.460863e-21
5.034907e+00 -5.056022e-21 7.893384e-21
5.035572e+00 -1.228551e-20 7.078472e-21
5.036237e+00 -1.103739e-21 6.770662e-21
5.036902e+00 -2.966538e-20 7.105761e-21
5.037567e+00 -2.412157e-20 7.232073e-21
5.038232e+00 -3.391160e-20 7.523704e-21
5.038897e+00 4.648643e-21 7.022340e-21
5.039562e+00 1.526565e-20 7.017807e-21
5.040227e+00 7.023798e-21 7.006677e-21
5.040892e+00 5.191364e-20 8.158640e-21
5.041557e+00 2.310670e-20 7.072006e-21
5.042222e+00 -1.951258e-21 7.382636e-21
5.042887e+00 -3.827277e-20 6.976444e-21
5.043552e+00 2.682890e-20 7.248051e-21
5.044217e+00 -2.194479e-20 7.085571e-21
5.044882e+00 -3.880056e-20 8.040489e-21
5.045547e+00 -8.630682e-21 7.251875e-21
5.046212e+00 3.345465e-20 7.121893e-21
5.046877e+00 2.037878e-20 7.181768e-21
5.047542e+00 -1.562523e-20 6.978043e-21
5.048207e+00 1.879416e-20 7.588113e-21
5.048872e+00 -1.922024e-20 7.177746e-21
5.049537e+00 -4.274486e-20 7.072930e-21
5.050202e+00 -1.179709e-20 7.202781e-21
5.050867e+00 1.585541e-20 7.278224e-21
5.051532e+00 8.091857e-20 7.695822e-21
5.052197e+00 2.688939e-20 7.381710e-21
5.052862e+00 4.063753e-20 7.721326e-21
5.053527e+00 3.416155e-20 7.367775e-21
5.054192e+00 8.416294e-21 7.601689e-21
5.054857e+00 3.060494e-20 7.312789e-21
5.055522e+00 3.966430e-20 8.124496e-21
5.056187e+00 2.305326e-20 7.571195e-21
5.056852e+00 -1.000318e-21 7.537338e-21
5.057517e+00 -2.066081e-20 7.649672e-21
5.058182e+00 -2.154814e-20 7.700182e-21
5.058847e+00 1.746307e-20 7.397605e-21
5.059512e+00 2.311380e-20 7.088506e-21
5.060177e+00 2.015910e-20 7.322332e-21
5.060842e+00 1.746440e-20 7.539104e-21
5.061507e+00 6.400806e-21 7.759864e-21
5.062172e+00 2.348210e-20 6.952492e-21
5.062837e+00 4.042793e-20 7.587570e-21
5.063502e+00 -2.499734e-20 7.282563e-21
5.064167e+00 -5.333609e-20 7.196770e-21
5.064832e+00 -1.787686e-20 7.535701e-21
5.065497e+00 2.445198e-20 1.014723e-20
5.066162e+00 -8.314702e-21 7.760765e-21
5.066827e+00 2.671416e-20 7.142879e-21
5.067492e+00 1.544798e-20 7.297124e-21
5.068157e+00 2.199748e-20 7.366130e-21
5.068822e+00 -1.591270e-20 7.160010e-21
5.069487e+00 -8.895770e-20 7.652301e-21
5.070152e+00 -5.175597e-20 7.024457e-21
5.070817e+00 -4.830967e-20 6.906517e-21
5.071482e+00 -1.505125e-20 6.880349e-21
5.072147e+00 -9.622527e-21 7.015467e-21
5.072812e+00 7.814660e-22 7.374669e-21
5.073477e+00 3.778345e-21 1.071183e-20
5.074142e+00 -1.111752e-20 8.905916e-21
5.074807e+00 -2.813178e-20 7.129726e-21
5.075472e+00 -4.864999e-20 7.055773e-21
5.076137e+00 -3.294898e-20 7.088792e-21
5.076802e+00 -6.130520e-20 7.462639e-21
5.077467e+00 -5.399437e-20 7.133516e-21
5.078132e+00 -4.149127e-20 7.517049e-21
5.078797e+00 -1.049948e-20 7.458082e-21
5.079462e+00 -2.581350e-20 7.295702e-21
5.080127e+00 -4.946280e-20 7.491922e-21
5.080792e+00 3.635664e-21 7.791934e-21
5.081457e+00 4.480699e-20 7.215669e-21
5.082122e+00 2.866107e-20 7.238036e-21
5.082787e+00 -2.087187e-20 9.119764e-21
5.083452e+00 -2.516041e-20 7.254625e-21
5.084117e+00 -1.024799e-20 7.444847e-21
5.084782e+00 -3.406266e-20 7.251485e-21
5.085447e+00 3.695659e-20 7.951580e-21
5.086112e+00 1.018444e-20 7.151880e-21
5.086777e+00 2.310181e-20 8.010231e-21
5.087442e+00 -1.354604e-20 7.727553e-21
5.088107e+00 1.683965e-20 7.620391e-21
5.088772e+00 -8.079601e-21 8.152923e-21
5.089437e+00 -3.825473e-20 7.178210e-21
5.090102e+00 -3.272168e-20 7.790859e-21
5.090767e+00 1.643552e-20 7.521992e-21
5.091432e+00 -4.982688e-20 7.867909e-21
5.092097e+00 -2.209014e-20 8.824513e-21
5.092762e+00 3.058904e-20 8.067148e-21
5.093427e+00 8.035154e-21 7.329063e-21
5.094092e+00 -1.752816e-20 7.479452e-21
5.094757e+00 -4.008022e-22 1.936494e-20
5.095422e+00 -4.590924e-22 1.236742e-20
5.096087e+00 -2.531201e-21 7.469657e-21
5.096752e+00 4.786941e-20 7.738320e-21
5.097417e+00 5.423964e-20 7.440714e-21
5.098082e+00 -1.056528e-20 7.573866e-21
5.098747e+00 -1.087339e-20 7.627440e-21
5.099412e+00 3.503124e-21 7.726635e-21
5.100077e+00 1.139874e-20 7.549367e-21
5.100742e+00 -2.495785e-20 7.482777e-21
5.101407e+00 3.373579e-20 7.346317e-21
5.102072e+00 -6.763376e-21 8.512555e-21
5.102737e+00 -3.923069e-20 8.091261e-21
5.103402e+00 -3.642428e-20 7.762113e-21
5.104067e+00 -1.389023e-20 7.977874e-21
5.104732e+00 -1.266880e-20 7.463904e-21
5.105397e+00 -1.097728e-20 7.342854e-21
5.106062e+00 -1.217852e-20 7.755929e-21
5.106727e+00 -2.229359e-20 8.933499e-21
5.107392e+00 1.545149e-20 7.680136e-21
5.108057e+00 -2.338044e-21 7.528375e-21
5.108722e+00 5.371627e-20 7.786905e-21
5.109387e+00 6.134972e-20 7.576129e-21
5.110052e+00 -1.370808e-20 7.651496e-21
5.110717e+00 4.899940e-20 8.246893e-21
5.111382e+00 1.711510e-20 7.132282e-21
5.112047e+00 6.631288e-20 8.930615e-21
5.112712e+00 6.142519e-20 7.560810e-21
5.113377e+00 5.984281e-20 1.754744e-20
5.114042e+00 2.554156e-20 7.029304e-21
5.114707e+00 1.512758e-21 7.089324e-21
5.115372e+00 -5.327355e-21 9.314605e-21
5.116037e+00 5.776306e-20 7.401622e-21
5.116702e+00 6.525592e-20 7.493257e-21
5.117367e+00 4.161770e-20 7.551777e-21
5.118032e+00 1.423105e-20 7.777042e-21
5.118697e+00 5.402653e-21 8.813456e-21
5.119362e+00 5.771179e-20 9.053536e-21
5.120027e+00 1.167266e-20 7.880284e-21
5.120692e+00 1.779103e-20 7.703098e-21
5.121357e+00 1.909460e-21 7.990477e-21
5.122022e+00 3.224577e-20 7.363463e-21
5.122687e+00 -3.085981e-20 7.632296e-21
5.123352e+00 1.428543e-20 7.467289e-21
5.124017e+00 1.721138e-20 7.333242e-21
5.124682e+00 3.732601e-20 6.822983e-21
5.125347e+00 -3.262791e-20 7.538189e-21
5.126012e+00 -2.572372e-20 7.100849e-21
5.126677e+00 -1.935867e-20 7.700322e-21
5.127342e+00 -2.159792e-20 7.557065e-21
5.128007e+00 -6.447507e-22 7.160585e-21
5.128672e+00 3.809977e-20 7.740572e-21
5.129337e+00 1.102136e-20 7.321567e-21
5.130002e+00 1.304684e-20 7.498859e-21
5.130667e+00 1.818434e-20 7.191780e-21
5.131332e+00 1.490374e-20 8.226209e-21
5.131997e+00 -8.202681e-21 7.226227e-21
5.132662e+00 -1.498167e-20 7.412112e-21
5.133327e+00 -3.079999e-20 7.884327e-21
5.133992e+00 3.768226e-21 7.829632e-21
5.134657e+00 -2.119445e-20 8.038411e-21
5.135322e+00 5.479888e-20 1.166504e-20
5.135987e+00 4.108651e-20 8.399154e-21
5.136652e+00 1.366383e-20 7.975450e-21
5.137317e+00 3.741793e-20 7.634444e-21
5.137982e+00 7.444116e-20 7.541057e-21
5.138647e+00 1.778267e-20 7.581512e-21
5.139312e+00 4.661672e-20 8.382195e-21
5.139977e+00 -5.387831e-21 8.113275e-21
5.140642e+00 7.690072e-20 7.657257e-21
5.141307e+00 5.259305e-20 2.249727e-20
5.141972e+00 5.651676e-20 4.412601e-20
5.142637e+00 3.921823e-20 2.299356e-20
5.143302e+00 5.228450e-20 8.253810e-21
5.143967e+00 7.142097e-20 8.015717e-21
5.144632e+00 2.174213e-20 7.476556e-21
5.145297e+00 7.903779e-20 7.631202e-21
5.145962e+00 9.484960e-20 8.133055e-21
5.146627e+00 1.233766e-20 8.262860e-21
5.147292e+00 -1.695227e-20 7.915340e-21
5.147957e+00 1.163713e-20 8.057506e-21
5.148622e+00 1.093850e-20 8.147096e-21
5.149287e+00 3.046862e-20 7.718967e-21
5.149952e+00 3.046702e-20 7.653575e-21
5.150617e+00 2.766718e-20 7.962264e-21
5.151282e+00 6.414635e-20 8.090925e-21
5.151947e+00 7.659832e-20 8.147869e-21
5.152612e+00 6.811910e-20 1.045739e-20
5.153277e+00 6.388193e-20 7.903932e-21
5.153942e+00 6.866948e-20 7.495312e-21
5.154607e+00 4.929981e-20 7.478692e-21
5.155272e+00 1.383240e-20 8.445485e-21
5.155937e+00 6.775688e-22 7.775945e-21
5.156602e+00 1.869943e-20 7.901810e-21
5.157267e+00 1.526663e-20 7.850734e-21
5.157932e+00 -3.335378e-20 8.678733e-21
5.158597e+00 2.526388e-20 8.001395e-21
5.159262e+00 3.080560e-20 8.002270e-21
5.159927e+00 2.033058e-20 7.546466e-21
5.160592e+00 4.435218e-20 8.440110e-21
5.161257e+00 2.248158e-20 7.820816e-21
5.161922e+00 6.045020e-20 8.335635e-21
5.162587e+00 -1.261024e-20 8.097510e-21
5.163252e+00 1.399364e-20 8.609490e-21
5.163917e+00 1.441462e-20 8.368678e-21
5.164582e+00 3.881565e-20 8.524373e-21
5.165247e+00 -1.670954e-21 8.352318e-21
5.165912e+00 2.409217e-21 7.690891e-21
5.166577e+00 -3.312953e-20 9.786763e-21
5.167242e+00 -7.387079e-20 8.015305e-21
5.167907e+00 -5.887249e-22 7.575500e-21
5.168572e+00 3.786224e-20 8.151898e-21
5.169237e+00 6.663786e-21 7.874130e-21
5.169902e+00 1.297310e-20 8.073122e-21
5.170567e+00 9.998686e-22 8.307771e-21
5.171232e+00 -3.204564e-20 7.885615e-21
5.171897e+00 1.281582e-20 8.037699e-21
5.172562e+00 3.855221e-20 8.862516e-21
5.173227e+00 -2.471176e-20 8.135418e-21
5.173892e+00 -2.067554e-20 7.830726e-21
5.174557e+00 -4.528792e-20 7.563657e-21
5.175222e+00 -4.593005e-20 8.033268e-21
5.175887e+00 -1.106500e-20 8.773807e-21
5.176552e+00 5.304912e-20 8.389927e-21
5.177217e+00 6.941334e-20 8.742941e-21
5.177882e+00 2.330015e-20 1.073695e-20
5.178547e+00 3.263739e-20 1.014609e-20
5.179212e+00 3.093008e-20 9.959923e-21
5.179877e+00 3.923060e-20 1.004477e-20
5.180542e+00 4.450655e-20 8.074553e-21
5.181207e+00 -2.124676e-20 8.388603e-21
5.181872e+00 -2.597701e-20 8.332611e-21
5.182537e+00 -5.471967e-20 7.767763e-21
5.183202e+00 -1.036714e-21 7.922608e-21
5.183867e+00 -1.350023e-20 7.427480e-21
5.184532e+00 1.371749e-20 7.764182e-21
5.185197e+00 2.961325e-20 9.212670e-21
5.185862e+00 2.016087e-21 7.459524e-21
5.186527e+00 1.888086e-20 8.283721e-21
5.187192e+00 1.001525e-20 8.487843e-21
5.187857e+00 9.240253e-21 8.660557e-21
5.188522e+00 -5.240688e-20 8.187791e-21
5.189187e+00 1.444521e-20 8.728590e-21
5.189852e+00 1.316133e-20 8.009376e-21
5.190517e+00 1.235757e-20 8.279909e-21
5.191182e+00 2.732768e-20 8.743161e-21
5.191847e+00 5.317823e-20 8.322356e-21
5.192512e+00 3.129584e-20 8.264936e-21
5.193177e+00 -4.023892e-21 8.346123e-21
5.193842e+00 -3.480770e-20 8.131560e-21
5.194507e+00 -3.059514e-20 7.486953e-21
5.195172e+00 -2.787772e-20 7.911215e-21
5.195837e+00 -2.810537e-20 7.361764e-21
5.196502e+00 -3.868042e-21 7.730641e-21
5.197167e+00 -3.725690e-20 8.169725e-21
5.197832e+00 -1.981561e-20 9.619298e-21
5.198497e+00 2.596154e-20 7.696685e-21
5.199162e+00 2.251672e-20 7.784341e-21
5.199827e+00 5.309081e-20 7.405259e-21
5.200492e+00 4.064439e-20 9.233034e-21
5.201157e+00 3.479872e-20 7.683523e-21
5.201822e+00 1.051184e-20 8.015908e-21
5.202487e+00 -5.023404e-20 8.420998e-21
5.203152e+00 -3.596672e-20 7.711958e-21
5.203817e+00 -6.425972e-21 8.110975e-21
5.204482e+00 2.270472e-20 7.353722e-21
5.205147e+00 -4.684371e-21 7.581478e-21
5.205812e+00 2.328056e-20 7.239558e-21
5.206477e+00 2.531167e-20 7.970775e-21
5.207142e+00 -1.308935e-20 9.815864e-21
5.207807e+00 4.526938e-21 7.856387e-21
5.208472e+00 -1.257581e-20 7.824314e-21
5.209137e+00 1.490537e-20 8.013272e-21
5.209802e+00 -4.483128e-20 7.634103e-21
5.210467e+00 5.390201e-21 7.514361e-21
5.211132e+00 8.331233e-20 8.212110e-21
5.211797e+00 2.671665e-20 9.121477e-21
5.212462e+00 -5.195445e-20 1.329563e-20
5.213127e+00 -1.914623e-20 9.455646e-21
5.213792e+00 -4.937255e-20 1.194725e-20
5.214457e+00 4.717296e-20 7.596625e-21
5.215122e+00 1.188851e-20 8.035887e-21
5.215787e+00 2.752293e-20 7.881177e-21
5.216452e+00 2.877258e-21 8.024842e-21
5.217117e+00 -7.144965e-21 8.077462e-21
5.217782e+00 -2.974193e-20 8.437886e-21
5.218447e+00 -7.349789e-21 8.512954e-21
5.219112e+00 -1.250217e-20 7.780081e-21
5.219777e+00 -5.673901e-20 8.463687e-21
5.220442e+00 9.978173e-21 8.150373e-21
5.221107e+00 6.987148e-20 9.318485e-21
5.221772e+00 -4.410237e-21 8.978475e-21
5.222437e+00 5.680972e-21 7.537081e-21
5.223102e+00 1.888209e-21 7.830962e-21
5.223767e+00 2.345659e-20 8.315227e-21
5.224432e+00 -3.582383e-21 8.289102e-21
5.225097e+00 1.227271e-20 8.037629e-21
5.225762e+00 1.423700e-20 8.718856e-21
5.226427e+00 -2.571540e-23 8.393994e-21
5.227092e+00 1.379973e-20 8.727897e-21
5.227757e+00 1.389924e-20 7.577206e-21
5.228422e+00 -3.579283e-20 8.950787e-21
5.229087e+00 -4.209630e-20 8.219228e-21
5.229752e+00 3.284143e-20 9.807195e-21
5.230417e+00 -5.230289e-20 8.909380e-21
5.231082e+00 -4.891797e-21 8.679586e-21
5.231747e+00 3.032598e-20 8.230509e-21
5.232412e+00 5.270939e-20 8.264235e-21
5.233077e+00 6.625915e-21 7.908876e-21
5.233742e+00 1.173557e-21 7.812357e-21
5.234407e+00 4.324957e-20 8.383292e-21
5.235072e+00 1.859635e-21 8.202454e-21
5.235737e+00 -4.142441e-20 8.634538e-21
5.236402e+00 -9.812737e-21 7.743217e-21
5.237067e+00 -5.224752e-20 9.283894e-21
5.237732e+00 -4.656864e-20 1.058002e-20
5.238397e+00 8.977523e-21 8.554007e-21
5.239062e+00 -1.687764e-20 7.567851e-21
5.239727e+00 -8.363493e-20 7.870553e-21
5.240392e+00 -3.228913e-20 8.766729e-21
5.241057e+00 -4.823925e-20 8.072904e-21
5.241722e+00 -1.705568e-20 8.229512e-21
5.242387e+00 1.007851e-20 8.255782e-21
5.243052e+00 -3.638242e-20 8.561424e-21
5.243717e+00 3.259965e-21 8.466415e-21
5.244382e+00 1.049321e-20 1.267486e-20
5.245047e+00 6.158241e-20 8.405685e-21
5.245712e+00 4.055287e-20 1.011947e-20
5.246377e+00 -3.083289e-20 7.689523e-21
5.247042e+00 -2.122782e-20 7.450416e-21
5.247707e+00 4.451007e-20 7.574055e-21
5.248372e+00 3.668155e-20 8.130813e-21
5.249037e+00 4.078790e-20 8.053944e-21
5.249702e+00 1.099762e-20 7.746994e-21
5.250367e+00 -1.959775e-20 8.464525e-21
5.251032e+00 -4.835504e-20 2.448813e-20
5.251697e+00 -5.545300e-20 2.781540e-20
5.252362e+00 -1.490576e-20 1.340994e-20
5.253027e+00 3.060771e-20 1.775202e-20
5.253692e+00 9.753452e-21 8.201982e-21
5.254357e+00 -1.823788e-21 9.062708e-21
5.255022e+00 1.053458e-20 8.541782e-21
5.255687e+00 -1.218156e-20 7.770991e-21
5.256352e+00 3.179562e-20 8.335163e-21
5.257017e+00 3.447088e-20 7.859548e-21
5.257682e+00 -6.780094e-21 7.500039e-21
5.258347e+00 3.605895e-20 7.836778e-21
5.259012e+00 7.146683e-20 9.995192e-21
5.259677e+00 5.563000e-20 8.105684e-21
5.260342e+00 4.479531e-20 8.052727e-21
5.261007e+00 3.792440e-20 8.450212e-21
5.261672e+00 5.865043e-21 9.020539e-21
5.262337e+00 4.871932e-20 1.346059e-20
5.263002e+00 1.693700e-20 9.572137e-21
5.263667e+00 4.805221e-20 1.348749e-20
5.264332e+00 3.358361e-20 8.604093e-21
5.264997e+00 1.423560e-20 7.806826e-21
5.265662e+00 3.943587e-20 8.277509e-21
5.266327e+00 1.692806e-22 9.063122e-21
5.266992e+00 -3.621374e-20 8.635608e-21
5.267657e+00 -7.345122e-21 7.900438e-21
5.268322e+00 -4.793378e-20 8.041931e-21
5.268987e+00 -3.459712e-20 9.007736e-21
5.269652e+00 -7.890375e-20 2.243636e-20
5.270317e+00 nan nan
