# Wavelength(um) Flux(erg/s/cm2/A) Flux_Err
2.870332e+00 -4.718931e-20 1.075377e-20
2.870997e+00 -1.305526e-20 7.381433e-21
2.871662e+00 5.905049e-20 6.842357e-21
2.872327e+00 2.593884e-20 7.193670e-21
2.872992e+00 4.024992e-20 7.406054e-21
2.873657e+00 3.013785e-20 7.277290e-21
2.874322e+00 2.309435e-21 7.638134e-21
2.874987e+00 -4.486636e-21 7.380063e-21
2.875652e+00 2.448733e-21 6.774633e-21
2.876317e+00 -2.139798e-20 6.815099e-21
2.876982e+00 -2.500296e-20 6.756073e-21
2.877647e+00 -5.090590e-20 7.416686e-21
2.878312e+00 -4.051145e-21 7.048569e-21
2.878977e+00 1.197778e-20 6.414909e-21
2.879642e+00 1.501325e-20 6.865557e-21
2.880307e+00 3.998960e-20 1.019384e-20
2.880972e+00 3.355906e-20 8.746346e-21
2.881637e+00 7.475373e-21 2.757634e-20
2.882302e+00 -1.740832e-20 2.448285e-20
2.882967e+00 3.619954e-20 6.746620e-21
2.883632e+00 -1.807660e-20 6.395534e-21
2.884297e+00 -1.236037e-20 6.494473e-21
2.884962e+00 2.738125e-20 6.646312e-21
2.885627e+00 -7.323708e-21 7.019027e-21
2.886292e+00 2.313749e-20 6.749789e-21
2.886957e+00 4.022715e-20 6.745306e-21
2.887622e+00 -1.745443e-20 6.612858e-21
2.888287e+00 -4.334237e-21 6.915341e-21
2.888952e+00 -1.599859e-21 6.240962e-21
2.889617e+00 -1.455982e-21 6.949709e-21
2.890282e+00 -1.062680e-20 6.491075e-21
2.890947e+00 1.233189e-20 7.025033e-21
2.891612e+00 6.973097e-21 6.964133e-21
2.892277e+00 -2.161668e-20 6.805756e-21
2.892942e+00 -1.602465e-20 7.199663e-21
2.893607e+00 2.322729e-20 7.300130e-21
2.894272e+00 1.958564e-20 6.809447e-21
2.894937e+00 3.532688e-20 7.373712e-21
2.895602e+00 7.227195e-21 6.946698e-21
2.896267e+00 1.135977e-20 1.121278e-20
2.896932e+00 -2.431439e-22 6.598195e-21
2.897597e+00 1.307842e-20 6.244056e-21
2.898262e+00 1.546954e-20 6.760786e-21
2.898927e+00 -3.987105e-21 6.779832e-21
2.899592e+00 -4.711110e-20 6.397305e-21
2.900257e+00 -7.981098e-21 6.532020e-21
2.900922e+00 1.795141e-20 6.519471e-21
2.901587e+00 7.050764e-21 6.435834e-21
2.902252e+00 -7.130915e-21 5.690329e-21
2.902917e+00 -1.937945e-20 6.173331e-21
2.903582e+00 -1.605809e-20 6.371983e-21
2.904247e+00 2.863621e-20 6.081005e-21
2.904912e+00 1.280645e-20 5.787849e-21
2.905577e+00 -9.997438e-22 5.850438e-21
2.906242e+00 8.203648e-23 6.224773e-21
2.906907e+00 1.392554e-20 6.035221e-21
2.907572e+00 4.887521e-20 5.954820e-21
2.908237e+00 4.971679e-20 5.931792e-21
2.908902e+00 1.576088e-20 6.260151e-21
2.909567e+00 -1.321610e-21 6.003715e-21
2.910232e+00 2.192056e-20 6.132516e-21
2.910897e+00 3.807045e-20 6.353623e-21
2.911562e+00 1.291846e-20 6.180037e-21
2.912227e+00 2.556584e-20 6.458092e-21
2.912892e+00 1.271348e-20 5.969884e-21
2.913557e+00 9.472502e-21 6.123402e-21
2.914222e+00 -1.255806e-20 5.961392e-21
2.914887e+00 -5.833201e-20 1.041647e-20
2.915552e+00 -1.811780e-21 8.152630e-21
2.916217e+00 2.990496e-20 5.506789e-21
2.916882e+00 2.071112e-20 7.814285e-21
2.917547e+00 2.775740e-20 5.579434e-21
2.918212e+00 -1.444138e-20 6.482357e-21
2.918877e+00 -1.814688e-20 6.046488e-21
2.919542e+00 -2.960892e-20 5.924881e-21
2.920207e+00 8.417296e-22 6.024224e-21
2.920872e+00 2.650737e-21 5.432531e-21
2.921537e+00 4.059479e-20 5.767183e-21
2.922202e+00 3.149262e-20 6.128913e-21
2.922867e+00 3.425065e-20 5.953709e-21
2.923532e+00 3.480021e-20 6.046380e-21
2.924197e+00 1.251084e-20 5.640143e-21
2.924862e+00 -3.382999e-20 5.616445e-21
2.925527e+00 -3.170090e-21 6.015180e-21
2.926192e+00 -1.480345e-20 6.105989e-21
2.926857e+00 3.598582e-20 5.703834e-21
2.927522e+00 3.023889e-21 6.159437e-21
2.928187e+00 -6.566716e-20 5.421881e-21
2.928852e+00 6.098951e-20 5.459829e-21
2.929517e+00 -6.885257e-20 6.016032e-21
2.930182e+00 3.098404e-20 6.051963e-21
2.930847e+00 5.000206e-20 5.683435e-21
2.931512e+00 3.024607e-20 5.753925e-21
2.932177e+00 6.228495e-20 5.723807e-21
2.932842e+00 6.378656e-20 4.827309e-20
2.933507e+00 -7.399573e-20 2.652780e-20
2.934172e+00 -1.836525e-20 5.676485e-21
2.934837e+00 3.591820e-20 5.730601e-21
2.935502e+00 -6.611264e-21 5.898970e-21
2.936167e+00 3.768376e-21 4.944408e-21
2.936832e+00 6.163123e-21 5.892755e-21
2.937497e+00 1.524407e-20 5.883363e-21
2.938162e+00 1.292263e-20 5.821095e-21
2.938827e+00 1.401809e-20 6.542312e-21
2.939492e+00 -1.563073e-21 5.723443e-21
2.940157e+00 -4.022396e-20 5.418781e-21
2.940822e+00 -2.786898e-20 5.434514e-21
2.941487e+00 -4.459504e-20 5.355923e-21
2.942152e+00 -3.595503e-21 4.980193e-21
2.942817e+00 -1.312304e-21 5.075510e-21
2.943482e+00 -6.763532e-21 6.015128e-21
2.944147e+00 -2.095568e-20 5.205942e-21
2.944812e+00 -2.599886e-20 5.142635e-21
2.945477e+00 -1.278880e-20 5.382691e-21
2.946142e+00 1.408848e-21 5.279593e-21
2.946807e+00 -6.455367e-21 5.129762e-21
2.947472e+00 3.223848e-21 5.166117e-21
2.948137e+00 1.049175e-21 5.434192e-21
2.948802e+00 1.907248e-20 5.499541e-21
2.949467e+00 2.362084e-21 5.649525e-21
2.950132e+00 -7.928551e-21 5.211631e-21
2.950797e+00 -1.417934e-20 5.008448e-21
2.951462e+00 -3.273339e-20 5.284319e-21
2.952127e+00 1.597494e-20 5.745812e-21
2.952792e+00 2.597974e-20 5.273105e-21
2.953457e+00 3.506906e-21 5.166532e-21
2.954122e+00 6.854670e-21 5.279882e-21
2.954787e+00 2.042473e-20 5.328970e-21
2.955452e+00 1.743325e-20 5.433078e-21
2.956117e+00 1.427363e-20 5.504776e-21
2.956782e+00 7.660977e-21 5.412760e-21
2.957447e+00 2.464716e-21 5.568284e-21
2.958112e+00 1.578777e-21 5.046318e-21
2.958777e+00 -1.680476e-23 5.040325e-21
2.959442e+00 3.591004e-20 4.964570e-21
2.960107e+00 2.230791e-20 5.499945e-21
2.960772e+00 -2.807993e-20 4.956823e-21
2.961437e+00 -1.368583e-20 5.080909e-21
2.962102e+00 7.458786e-22 5.046828e-21
2.962767e+00 -1.262425e-20 5.465338e-21
2.963432e+00 -6.553068e-20 4.634824e-21
2.964097e+00 -2.293426e-20 4.970854e-21
2.964762e+00 -8.443298e-21 5.114804e-21
2.965427e+00 -1.168822e-20 4.903621e-21
2.966092e+00 5.924538e-20 1.458117e-20
2.966757e+00 1.987499e-20 1.649435e-20
2.967422e+00 7.329591e-20 2.202395e-20
2.968087e+00 7.599535e-20 9.479740e-21
2.968752e+00 6.231605e-21 5.342231e-21
2.969417e+00 -3.007869e-20 5.298786e-21
2.970082e+00 -1.186572e-20 5.137940e-21
2.970747e+00 1.101976e-21 5.069908e-21
2.971412e+00 1.256791e-20 5.003250e-21
2.972077e+00 -1.433862e-20 4.650947e-21
2.972742e+00 2.388295e-20 4.773779e-21
2.973407e+00 2.937046e-20 4.650199e-21
2.974072e+00 -4.843688e-21 4.689092e-21
2.974737e+00 -1.783755e-20 4.931445e-21
2.975402e+00 2.497748e-20 4.834771e-21
2.976067e+00 4.668199e-20 4.986783e-21
2.976732e+00 1.817230e-20 4.898684e-21
2.977397e+00 2.011258e-20 5.013608e-21
2.978062e+00 1.925285e-21 4.564851e-21
2.978727e+00 2.916765e-20 5.636761e-21
2.979392e+00 8.089947e-21 4.696425e-21
2.980057e+00 1.599531e-22 4.449214e-21
2.980722e+00 1.227124e-20 6.000998e-21
2.981387e+00 -1.065119e-20 6.136359e-21
2.982052e+00 -1.783205e-20 6.325676e-21
2.982717e+00 1.655141e-20 5.268291e-21
2.983382e+00 -2.474446e-22 5.003830e-21
2.984047e+00 -5.829959e-22 5.099125e-21
2.984712e+00 -1.101378e-20 4.763587e-21
2.985377e+00 1.189343e-20 4.664541e-21
2.986042e+00 2.397389e-20 4.752510e-21
2.986707e+00 -7.332976e-21 5.303399e-21
2.987372e+00 1.011072e-20 5.370612e-21
2.988037e+00 -4.211108e-21 5.103327e-21
2.988702e+00 2.217918e-20 5.144933e-21
2.989367e+00 3.529293e-21 6.901683e-21
2.990032e+00 1.970947e-20 1.526660e-20
2.990697e+00 2.234995e-20 2.516753e-20
2.991362e+00 2.352632e-20 5.202389e-21
2.992027e+00 2.328229e-20 5.690525e-21
2.992692e+00 2.579182e-20 6.003351e-21
2.993357e+00 1.927543e-20 5.128348e-21
2.994022e+00 -5.499922e-21 5.338942e-21
2.994687e+00 -2.895135e-21 5.173482e-21
2.995352e+00 6.877282e-21 4.985406e-21
2.996017e+00 -4.142870e-20 4.967773e-21
2.996682e+00 -3.267946e-20 4.976805e-21
2.997347e+00 8.464347e-21 4.724910e-21
2.998012e+00 1.447295e-20 4.497573e-21
2.998677e+00 4.941046e-21 4.932187e-21
2.999342e+00 -4.826009e-21 4.822501e-21
3.000007e+00 -1.227858e-20 4.642177e-21
3.000672e+00 1.459171e-20 4.374997e-21
3.001337e+00 1.140017e-20 4.463507e-21
3.002002e+00 1.965973e-20 4.820034e-21
3.002667e+00 -1.376656e-20 4.970427e-21
3.003332e+00 1.506954e-20 4.367233e-21
3.003997e+00 6.544463e-21 4.725294e-21
3.004662e+00 4.209064e-20 4.553497e-21
3.005327e+00 -1.268979e-21 4.505096e-21
3.005992e+00 -1.918324e-20 4.701606e-21
3.006657e+00 1.013756e-21 4.719922e-21
3.007322e+00 -1.712706e-20 6.390361e-21
3.007987e+00 3.332105e-20 4.756316e-21
3.008652e+00 2.744867e-20 4.531098e-21
3.009317e+00 3.495671e-22 4.877507e-21
3.009982e+00 8.159019e-21 4.709364e-21
3.010647e+00 1.600415e-20 4.560223e-21
3.011312e+00 -3.182064e-20 4.535444e-21
3.011977e+00 5.580682e-21 4.931505e-21
3.012642e+00 1.028370e-20 5.131235e-21
3.013307e+00 1.644884e-20 4.697298e-21
3.013972e+00 -4.014479e-20 4.541565e-21
3.014637e+00 -4.474677e-21 4.449328e-21
3.015302e+00 -1.841038e-20 4.826242e-21
3.015967e+00 -1.175901e-20 4.406612e-21
3.016632e+00 -1.682639e-20 5.033174e-21
3.017297e+00 -2.455138e-20 4.511968e-21
3.017962e+00 9.261375e-21 4.901751e-21
3.018627e+00 -7.229256e-21 4.602557e-21
3.019292e+00 -8.483747e-21 4.534913e-21
3.019957e+00 -2.400804e-20 4.758462e-21
3.020622e+00 -1.167465e-20 4.961235e-21
3.021287e+00 -4.039584e-20 4.846048e-21
3.021952e+00 -4.029017e-20 4.954413e-21
3.022617e+00 2.285935e-20 6.066453e-21
3.023282e+00 1.220258e-20 4.672550e-21
3.023947e+00 1.373650e-20 4.678053e-21
3.024612e+00 1.984282e-20 4.704525e-21
3.025277e+00 3.528079e-20 4.872429e-21
3.025942e+00 2.313545e-20 4.909796e-21
3.026607e+00 1.064057e-20 4.381688e-21
3.027272e+00 1.871153e-20 5.028484e-21
3.027937e+00 3.868786e-20 1.008340e-20
3.028602e+00 1.784774e-21 4.702125e-21
3.029267e+00 2.736372e-20 4.693336e-21
3.029932e+00 4.439177e-20 4.411534e-21
3.030597e+00 -9.492627e-21 4.733227e-21
3.031262e+00 3.847589e-20 5.063562e-21
3.031927e+00 1.475078e-20 4.602059e-21
3.032592e+00 4.490285e-21 4.326856e-21
3.033257e+00 2.489821e-21 4.876735e-21
3.033922e+00 -2.167711e-20 4.617988e-21
3.034587e+00 2.668702e-20 4.512240e-21
3.035252e+00 4.228060e-20 4.650119e-21
3.035917e+00 9.733269e-21 3.981620e-21
3.036582e+00 -1.593909e-20 4.148115e-21
3.037247e+00 -5.572644e-21 4.601819e-21
3.037912e+00 -2.088934e-21 4.259187e-21
3.038577e+00 1.046110e-20 4.905194e-21
3.039242e+00 5.023991e-21 4.954589e-21
3.039907e+00 -1.727200e-20 4.680613e-21
3.040572e+00 -2.726597e-20 4.410146e-21
3.041237e+00 -1.158984e-20 4.384401e-21
3.041902e+00 -7.228697e-21 1.917818e-20
3.042567e+00 -1.314827e-20 7.482838e-20
3.043232e+00 4.156538e-20 1.828267e-20
3.043897e+00 3.116271e-20 7.355698e-20
3.044562e+00 3.146349e-20 5.177951e-21
3.045227e+00 4.183808e-21 4.562576e-21
3.045892e+00 -2.313274e-21 4.712800e-21
3.046557e+00 1.642785e-20 5.775171e-20
3.047222e+00 1.760713e-20 1.092636e-20
3.047887e+00 2.299057e-20 4.883833e-21
3.048552e+00 1.171160e-20 5.304371e-21
3.049217e+00 -1.235890e-21 4.564841e-21
3.049882e+00 1.797993e-21 4.359718e-21
3.050547e+00 1.759956e-20 4.441652e-21
3.051212e+00 2.013289e-20 5.058870e-21
3.051877e+00 3.250649e-20 4.542818e-21
3.052542e+00 6.804902e-21 4.320335e-21
3.053207e+00 -1.160319e-21 4.540461e-21
3.053872e+00 2.094929e-20 4.353839e-21
3.054537e+00 2.668397e-20 4.356169e-21
3.055202e+00 2.163955e-20 3.924753e-21
3.055867e+00 1.134627e-20 4.412186e-21
3.056532e+00 -6.870853e-21 4.332453e-21
3.057197e+00 -1.769180e-20 4.581259e-21
3.057862e+00 5.410751e-20 4.585831e-21
3.058527e+00 2.269778e-20 4.456062e-21
3.059192e+00 -1.211557e-20 4.428494e-21
3.059857e+00 -1.527789e-20 4.026422e-21
3.060522e+00 7.455758e-21 4.330790e-21
3.061187e+00 7.240462e-21 4.499755e-21
3.061852e+00 2.252701e-20 4.477581e-21
3.062517e+00 -6.850858e-21 4.304386e-21
3.063182e+00 -2.685403e-21 4.518065e-21
3.063847e+00 -8.088773e-21 4.260664e-21
3.064512e+00 -4.876366e-21 5.195538e-21
3.065177e+00 2.625505e-20 4.515376e-21
3.065842e+00 -1.512446e-20 4.218214e-21
3.066507e+00 -2.016694e-20 4.148075e-21
3.067172e+00 3.261060e-20 4.262371e-21
3.067837e+00 1.569494e-20 4.324893e-21
3.068502e+00 -1.359767e-20 4.166882e-21
3.069167e+00 -1.571597e-20 4.341800e-21
3.069832e+00 1.167002e-20 4.199184e-21
3.070497e+00 -9.836256e-21 4.050131e-21
3.071162e+00 1.484583e-20 3.939859e-21
3.071827e+00 4.025843e-21 4.079025e-21
3.072492e+00 8.606336e-21 3.982573e-21
3.073157e+00 -3.349516e-20 4.595968e-21
3.073822e+00 -2.386551e-20 4.076643e-21
3.074487e+00 8.989289e-21 4.162899e-21
3.075152e+00 2.047504e-20 4.317782e-21
3.075817e+00 -1.373925e-20 4.326123e-21
3.076482e+00 -2.517281e-20 4.287358e-21
3.077147e+00 1.779327e-20 4.037589e-21
3.077812e+00 5.082318e-21 4.277899e-21
3.078477e+00 -7.457480e-21 3.964648e-21
3.079142e+00 -1.633101e-20 4.367206e-21
3.079807e+00 -2.400878e-20 4.453632e-21
3.080472e+00 -4.034170e-20 4.123695e-21
3.081137e+00 -2.241165e-20 3.793056e-21
3.081802e+00 3.400414e-21 4.100893e-21
3.082467e+00 -2.330022e-21 4.165556e-21
3.083132e+00 -1.089337e-20 4.199247e-21
3.083797e+00 -2.738875e-21 4.491422e-21
3.084462e+00 -8.543539e-21 4.381563e-21
3.085127e+00 -1.792915e-21 4.187768e-21
3.085792e+00 1.088394e-20 4.237382e-21
3.086457e+00 -1.820200e-20 4.106159e-21
3.087122e+00 -4.145405e-21 4.226752e-21
3.087787e+00 1.889992e-20 4.081525e-21
3.088452e+00 2.315796e-20 4.539405e-21
3.089117e+00 1.142186e-20 4.693545e-21
3.089782e+00 8.045211e-21 5.066978e-21
3.090447e+00 -5.528607e-21 4.440489e-21
3.091112e+00 -1.433982e-20 4.341737e-21
3.091777e+00 -2.648441e-20 4.416917e-21
3.092442e+00 3.589767e-21 4.603138e-21
3.093107e+00 -2.673074e-21 4.244894e-21
3.093772e+00 1.103608e-20 4.095880e-21
3.094437e+00 1.429639e-20 4.095672e-21
3.095102e+00 8.828471e-21 4.153111e-21
3.095767e+00 1.459921e-20 4.240021e-21
3.096432e+00 1.873626e-20 4.203528e-21
3.097097e+00 1.314018e-21 4.213748e-21
3.097762e+00 -1.308352e-20 4.132911e-21
3.098427e+00 1.160061e-20 3.923307e-21
3.099092e+00 -1.113044e-20 3.902739e-21
3.099757e+00 2.694538e-20 4.144982e-21
3.100422e+00 -1.885993e-20 4.121097e-21
3.101087e+00 2.613218e-20 3.841985e-21
3.101752e+00 1.946704e-20 4.265456e-21
3.102417e+00 3.530039e-20 4.635400e-21
3.103082e+00 4.510935e-20 4.242950e-21
3.103747e+00 -5.442188e-21 4.049403e-21
3.104412e+00 -2.798355e-20 4.401309e-21
3.105077e+00 -2.394652e-20 4.138568e-21
3.105742e+00 2.321057e-20 3.993888e-21
3.106407e+00 4.436420e-21 4.279218e-21
3.107072e+00 4.031817e-20 4.289064e-21
3.107737e+00 1.972106e-21 4.262226e-21
3.108402e+00 -2.880809e-20 4.017608e-21
3.109067e+00 -2.601101e-20 4.118419e-21
3.109732e+00 -3.338180e-20 3.642897e-21
3.110397e+00 2.885326e-21 4.045207e-21
3.111062e+00 1.325753e-20 4.031566e-21
3.111727e+00 2.248563e-20 4.178792e-21
3.112392e+00 8.217485e-22 3.923717e-21
3.113057e+00 -8.652024e-21 4.086916e-21
3.113722e+00 8.779880e-21 4.014310e-21
3.114387e+00 1.282985e-20 4.164384e-21
3.115052e+00 1.158260e-20 4.127594e-21
3.115717e+00 -5.450394e-21 4.093823e-21
3.116382e+00 -6.791476e-21 3.982991e-21
3.117047e+00 -1.238492e-20 4.086984e-21
3.117712e+00 2.356152e-20 3.990890e-21
3.118377e+00 2.787368e-21 3.983665e-21
3.119042e+00 -5.459623e-21 3.837456e-21
3.119707e+00 -3.471620e-21 3.998353e-21
3.120372e+00 -6.097688e-21 3.887932e-21
3.121037e+00 2.126092e-21 4.343838e-21
3.121702e+00 -2.306127e-21 4.006794e-21
3.122367e+00 -1.049845e-21 3.834162e-21
3.123032e+00 -4.672962e-21 3.990847e-21
3.123697e+00 3.295853e-20 4.331263e-21
3.124362e+00 1.320223e-21 4.070971e-21
3.125027e+00 3.262363e-20 4.234505e-21
3.125692e+00 2.817023e-20 4.228809e-21
3.126357e+00 1.868924e-20 4.244913e-21
3.127022e+00 7.588822e-21 4.081354e-21
3.127687e+00 -3.822049e-21 4.245642e-21
3.128352e+00 -1.598951e-20 3.973774e-21
3.129017e+00 -1.751714e-21 4.274667e-21
3.129682e+00 1.985851e-20 4.149323e-21
3.130347e+00 5.439225e-20 3.992368e-21
3.131012e+00 4.315555e-20 4.003109e-21
3.131677e+00 2.089323e-20 4.011761e-21
3.132342e+00 5.469137e-21 4.213349e-21
3.133007e+00 8.179548e-21 4.427411e-21
3.133672e+00 1.089936e-20 4.491475e-21
3.134337e+00 2.777520e-20 5.944728e-21
3.135002e+00 3.097462e-20 4.495842e-21
3.135667e+00 6.823121e-21 4.301765e-21
3.136332e+00 1.203823e-20 4.183020e-21
3.136997e+00 1.719266e-20 4.869493e-21
3.137662e+00 -6.459879e-21 4.908014e-21
3.138327e+00 1.502975e-20 4.303996e-21
3.138992e+00 3.898711e-20 3.922331e-21
3.139657e+00 2.899727e-20 4.171154e-21
3.140322e+00 6.724899e-21 4.247682e-21
3.140987e+00 -3.878595e-21 1.443880e-20
3.141652e+00 2.916331e-20 1.928468e-20
3.142317e+00 3.187540e-20 7.033000e-21
3.142982e+00 4.157445e-20 4.344380e-21
3.143647e+00 2.746632e-20 4.392587e-21
3.144312e+00 1.685926e-20 4.321272e-21
3.144977e+00 2.081587e-21 4.151907e-21
3.145642e+00 1.838621e-20 4.020523e-21
3.146307e+00 1.675324e-20 4.049217e-21
3.146972e+00 9.317670e-21 3.604789e-21
3.147637e+00 9.981894e-21 4.441265e-21
3.148302e+00 9.916582e-21 5.376090e-21
3.148967e+00 1.943747e-20 5.279339e-21
3.149632e+00 1.467255e-20 4.986354e-21
3.150297e+00 -1.115023e-20 3.979221e-21
3.150962e+00 -1.884307e-20 3.782244e-21
3.151627e+00 -1.897672e-20 4.329907e-21
3.152292e+00 -5.535398e-21 4.386121e-21
3.152957e+00 -8.432891e-21 4.276019e-21
3.153622e+00 -2.006728e-20 4.306104e-21
3.154287e+00 -1.476695e-20 3.909281e-21
3.154952e+00 4.486076e-22 3.810680e-21
3.155617e+00 -2.351922e-20 4.003081e-21
3.156282e+00 -7.374164e-21 3.927766e-21
3.156947e+00 1.932312e-20 4.142248e-21
3.157612e+00 3.795537e-20 3.965369e-21
3.158277e+00 -2.077795e-21 4.206560e-21
3.158942e+00 2.720686e-20 3.986911e-21
3.159607e+00 3.100010e-20 3.950138e-21
3.160272e+00 1.746653e-20 3.976327e-21
3.160937e+00 1.007330e-20 3.900286e-21
3.161602e+00 -2.305606e-20 3.964292e-21
3.162267e+00 2.625952e-20 5.314811e-21
3.162932e+00 2.093480e-20 6.169900e-21
3.163597e+00 1.579687e-20 7.145798e-21
3.164262e+00 -4.500403e-21 5.167098e-21
3.164927e+00 2.039496e-21 3.883517e-21
3.165592e+00 3.251537e-20 3.893618e-21
3.166257e+00 2.821669e-20 3.671473e-21
3.166922e+00 5.378174e-21 4.251562e-21
3.167587e+00 4.644370e-21 3.861971e-21
3.168252e+00 -2.905245e-21 4.015712e-21
3.168917e+00 1.985566e-21 3.992068e-21
3.169582e+00 2.296909e-20 4.048187e-21
3.170247e+00 4.907726e-23 4.184144e-21
3.170912e+00 2.631619e-21 3.913846e-21
3.171577e+00 3.836650e-20 3.681438e-21
3.172242e+00 3.566402e-20 3.635846e-21
3.172907e+00 4.740359e-20 3.780316e-21
3.173572e+00 1.560783e-20 3.948720e-21
3.174237e+00 -9.214928e-21 4.224971e-21
3.174902e+00 1.967569e-20 4.044274e-21
3.175567e+00 1.218857e-20 3.743971e-21
3.176232e+00 7.470151e-21 3.855489e-21
3.176897e+00 2.268513e-20 3.583823e-21
3.177562e+00 -5.121656e-21 3.749727e-21
3.178227e+00 3.224468e-20 5.112926e-21
3.178892e+00 -2.757650e-21 3.619575e-21
3.179557e+00 -6.338495e-21 3.686847e-21
3.180222e+00 8.915415e-21 3.852656e-21
3.180887e+00 7.231145e-20 1.236065e-20
3.181552e+00 6.060585e-20 9.611042e-21
3.182217e+00 2.265740e-20 1.301771e-20
3.182882e+00 -1.749560e-21 8.542090e-21
3.183547e+00 2.516869e-20 3.357735e-21
3.184212e+00 2.254395e-20 3.663620e-21
3.184877e+00 -2.510489e-21 4.754405e-21
3.185542e+00 3.939568e-21 4.418569e-21
3.186207e+00 -1.384817e-20 3.511409e-21
3.186872e+00 2.390934e-21 3.575207e-21
3.187537e+00 -2.461593e-20 3.605338e-21
3.188202e+00 -1.201208e-21 3.567274e-21
3.188867e+00 4.910225e-21 3.750609e-21
3.189532e+00 2.785300e-21 3.483216e-21
3.190197e+00 -1.176476e-20 3.688608e-21
3.190862e+00 -2.125408e-20 3.781803e-21
3.191527e+00 1.116257e-20 3.855497e-21
3.192192e+00 -2.600191e-21 3.853225e-21
3.192857e+00 1.018228e-20 3.919093e-21
3.193522e+00 1.826601e-20 3.803910e-21
3.194187e+00 3.409274e-22 4.218900e-21
3.194852e+00 -7.951555e-22 3.974523e-21
3.195517e+00 2.623811e-20 3.790541e-21
3.196182e+00 3.705100e-21 3.829692e-21
3.196847e+00 1.986477e-21 4.144732e-21
3.197512e+00 1.567429e-20 4.075155e-21
3.198177e+00 2.231846e-20 3.898683e-21
3.198842e+00 1.184774e-20 3.864913e-21
3.199507e+00 9.407781e-21 3.829653e-21
3.200172e+00 2.788650e-20 3.763396e-21
3.200837e+00 -1.063451e-20 3.705364e-21
3.201502e+00 -1.094772e-20 3.630997e-21
3.202167e+00 8.932293e-21 4.709223e-21
3.202832e+00 4.017799e-21 4.172620e-21
3.203497e+00 6.021366e-21 3.771896e-21
3.204162e+00 1.979077e-20 3.887988e-21
3.204827e+00 -3.754246e-21 4.014865e-21
3.205492e+00 1.397645e-20 3.996240e-21
3.206157e+00 -5.596313e-22 3.832622e-21
3.206822e+00 4.526639e-20 3.490510e-21
3.207487e+00 -1.527973e-21 3.731549e-21
3.208152e+00 -1.923148e-20 3.965057e-21
3.208817e+00 -2.006361e-20 3.802051e-21
3.209482e+00 8.332925e-22 3.956015e-21
3.210147e+00 1.242059e-20 3.623991e-21
3.210812e+00 1.367119e-20 3.830222e-21
3.211477e+00 2.132628e-20 3.507085e-21
3.212142e+00 3.247146e-20 3.637488e-21
3.212807e+00 9.290571e-21 9.649949e-21
3.213472e+00 -7.101506e-21 1.699662e-20
3.214137e+00 -1.689916e-20 3.855735e-21
3.214802e+00 1.116234e-20 3.697775e-21
3.215467e+00 1.182205e-20 3.744232e-21
3.216132e+00 1.460467e-20 5.845760e-21
3.216797e+00 1.225462e-20 1.049593e-20
3.217462e+00 2.918023e-20 1.016576e-20
3.218127e+00 2.532878e-20 6.703739e-21
3.218792e+00 1.057739e-20 3.693866e-21
3.219457e+00 3.940310e-21 3.836724e-21
3.220122e+00 -1.934801e-20 4.163752e-21
3.220787e+00 1.091340e-21 3.612961e-21
3.221452e+00 -8.427850e-21 3.696389e-21
3.222117e+00 -7.497322e-21 3.478278e-21
3.222782e+00 2.510750e-20 3.746945e-21
3.223447e+00 -4.314171e-22 4.031641e-21
3.224112e+00 1.032916e-20 6.889347e-21
3.224777e+00 1.899388e-20 3.680562e-21
3.225442e+00 1.239146e-20 3.732229e-21
3.226107e+00 4.461898e-21 3.781291e-21
3.226772e+00 1.611530e-20 3.620648e-21
3.227437e+00 6.800737e-21 3.536144e-21
3.228102e+00 1.537861e-20 3.759756e-21
3.228767e+00 3.358432e-20 3.614595e-21
3.229432e+00 1.684126e-20 3.648611e-21
3.230097e+00 1.772445e-20 3.534936e-21
3.230762e+00 1.635818e-20 3.506391e-21
3.231427e+00 2.383901e-20 4.067802e-21
3.232092e+00 1.367415e-20 3.836557e-21
3.232757e+00 6.075499e-21 3.599431e-21
3.233422e+00 1.735114e-21 3.712422e-21
3.234087e+00 1.342158e-20 3.687122e-21
3.234752e+00 -6.548287e-22 3.651984e-21
3.235417e+00 -8.541468e-21 3.864008e-21
3.236082e+00 1.331689e-20 4.015856e-21
3.236747e+00 1.686644e-20 4.357762e-21
3.237412e+00 -1.678512e-20 4.016636e-21
3.238077e+00 9.479122e-21 3.944944e-21
3.238742e+00 2.753459e-20 3.622920e-21
3.239407e+00 2.264942e-20 3.751497e-21
3.240072e+00 2.128503e-21 3.933005e-21
3.240737e+00 -5.558805e-21 4.030632e-21
3.241402e+00 8.292151e-21 3.748412e-21
3.242067e+00 1.997388e-20 3.733164e-21
3.242732e+00 9.810108e-21 3.829004e-21
3.243397e+00 1.577461e-20 3.836690e-21
3.244062e+00 7.888014e-21 3.725898e-21
3.244727e+00 4.476139e-21 3.651471e-21
3.245392e+00 1.017376e-20 3.712103e-21
3.246057e+00 3.512374e-20 3.464396e-21
3.246722e+00 1.887562e-21 3.657859e-21
3.247387e+00 -1.868162e-20 3.771212e-21
3.248052e+00 -1.417685e-20 3.520281e-21
3.248717e+00 1.115837e-20 3.776004e-21
3.249382e+00 1.589569e-20 3.795619e-21
3.250047e+00 3.305099e-21 4.114447e-21
3.250712e+00 3.997975e-21 3.808998e-21
3.251377e+00 -7.803154e-21 3.495415e-21
3.252042e+00 -1.022180e-21 3.594746e-21
3.252707e+00 5.831778e-21 3.523427e-21
3.253372e+00 9.095625e-21 3.600071e-21
3.254037e+00 1.044448e-20 3.763395e-21
3.254702e+00 1.971262e-20 3.530878e-21
3.255367e+00 1.318139e-20 3.648353e-21
3.256032e+00 1.344610e-20 3.661381e-21
3.256697e+00 9.094720e-21 3.507509e-21
3.257362e+00 1.223307e-20 3.506850e-21
3.258027e+00 1.430473e-20 3.628334e-21
3.258692e+00 1.295888e-20 3.586384e-21
3.259357e+00 1.181619e-21 3.298175e-21
3.260022e+00 -7.965244e-21 3.728020e-21
3.260687e+00 -1.255292e-20 3.533295e-21
3.261352e+00 -1.543239e-20 4.389979e-21
3.262017e+00 -2.306298e-21 3.483818e-21
3.262682e+00 -1.536826e-20 3.679507e-21
3.263347e+00 -1.279532e-22 3.872312e-21
3.264012e+00 1.663527e-20 3.577759e-21
3.264677e+00 1.230426e-20 3.370736e-21
3.265342e+00 1.480961e-20 3.683819e-21
3.266007e+00 6.732212e-23 3.715639e-21
3.266672e+00 -5.037504e-21 3.715635e-21
3.267337e+00 1.393458e-20 3.713692e-21
3.268002e+00 1.808901e-20 3.834524e-21
3.268667e+00 -1.359188e-20 5.019720e-21
3.269332e+00 -3.139669e-21 3.994802e-21
3.269997e+00 2.732008e-20 3.570692e-21
3.270662e+00 6.996088e-21 3.840190e-21
3.271327e+00 4.888699e-21 3.785894e-21
3.271992e+00 9.688984e-21 3.749990e-21
3.272657e+00 -9.284198e-21 5.584267e-21
3.273322e+00 2.751128e-20 8.991016e-21
3.273987e+00 2.002980e-20 8.585512e-21
3.274652e+00 -2.934310e-22 8.468390e-21
3.275317e+00 2.144264e-20 6.770738e-21
3.275982e+00 3.714848e-21 4.946941e-21
3.276647e+00 1.707716e-20 4.655614e-21
3.277312e+00 1.146938e-20 4.044409e-21
3.277977e+00 2.291499e-21 4.297444e-21
3.278642e+00 1.340434e-20 3.985996e-21
3.279307e+00 1.793846e-20 3.729142e-21
3.279972e+00 2.303973e-20 3.866515e-21
3.280637e+00 1.311694e-20 3.764048e-21
3.281302e+00 4.708329e-21 3.597784e-21
3.281967e+00 2.093002e-20 3.572254e-21
3.282632e+00 3.360507e-21 3.688336e-21
3.283297e+00 7.206640e-21 3.484144e-21
3.283962e+00 1.273043e-20 3.794008e-21
3.284627e+00 1.025661e-20 3.433785e-21
3.285292e+00 1.799745e-20 3.869792e-21
3.285957e+00 1.893183e-20 3.707821e-21
3.286622e+00 6.110238e-21 3.464069e-21
3.287287e+00 8.723906e-21 3.576486e-21
3.287952e+00 2.337428e-20 3.873006e-21
3.288617e+00 3.539703e-20 3.642439e-21
3.289282e+00 2.731501e-20 4.005120e-21
3.289947e+00 1.649739e-20 4.411849e-21
3.290612e+00 3.159529e-20 4.908020e-21
3.291277e+00 4.182456e-21 3.879468e-21
3.291942e+00 -6.322213e-21 3.526526e-21
3.292607e+00 -8.806803e-21 3.658312e-21
3.293272e+00 1.708237e-20 3.654352e-21
3.293937e+00 1.858153e-20 3.955139e-21
3.294602e+00 7.050868e-21 3.886931e-21
3.295267e+00 2.584584e-20 3.656325e-21
3.295932e+00 1.256593e-20 3.449361e-21
3.296597e+00 1.488102e-20 3.628229e-21
3.297262e+00 1.676532e-20 3.399490e-21
3.297927e+00 4.975696e-21 3.721824e-21
3.298592e+00 -2.574197e-21 3.555230e-21
3.299257e+00 2.210198e-20 3.688960e-21
3.299922e+00 1.255891e-20 3.476962e-21
3.300587e+00 1.580588e-20 3.561940e-21
3.301252e+00 1.841026e-20 3.702988e-21
3.301917e+00 8.217511e-22 3.375161e-21
3.302582e+00 2.242581e-21 3.394020e-21
3.303247e+00 -2.669306e-21 3.659921e-21
3.303912e+00 3.288440e-20 3.835883e-21
3.304577e+00 1.389369e-20 3.468986e-21
3.305242e+00 4.398348e-21 3.531022e-21
3.305907e+00 -4.336796e-21 3.419099e-21
3.306572e+00 1.413104e-20 3.693622e-21
3.307237e+00 -4.619104e-21 3.614165e-21
3.307902e+00 -8.016016e-21 3.653021e-21
3.308567e+00 1.299384e-20 3.551184e-21
3.309232e+00 -1.182501e-20 3.638593e-21
3.309897e+00 9.558869e-21 3.706977e-21
3.310562e+00 1.379865e-20 3.524443e-21
3.311227e+00 5.092454e-20 3.490121e-21
3.311892e+00 2.043983e-20 3.402431e-21
3.312557e+00 1.926593e-20 3.782564e-21
3.313222e+00 2.019320e-20 4.084583e-21
3.313887e+00 3.247597e-20 4.063779e-21
3.314552e+00 5.782499e-21 3.717646e-21
3.315217e+00 2.517714e-21 3.816972e-21
3.315882e+00 1.198687e-20 3.482249e-21
3.316547e+00 -3.801964e-21 3.622023e-21
3.317212e+00 2.273862e-20 3.714813e-21
3.317877e+00 1.772983e-20 3.502380e-21
3.318542e+00 1.310751e-20 4.136645e-21
3.319207e+00 2.624680e-22 7.248870e-21
3.319872e+00 3.672782e-20 7.781889e-21
3.320537e+00 7.300165e-20 8.081822e-21
3.321202e+00 1.023791e-21 9.122337e-21
3.321867e+00 -1.458501e-20 1.383661e-20
3.322532e+00 1.421207e-20 1.394575e-20
3.323197e+00 -3.673383e-21 1.631991e-20
3.323862e+00 -1.460983e-20 3.712448e-21
3.324527e+00 1.691956e-20 3.482041e-21
3.325192e+00 -8.773508e-21 3.642872e-21
3.325857e+00 -1.945381e-20 1.304651e-20
3.326522e+00 -1.669886e-20 8.218158e-21
3.327187e+00 -7.523785e-21 4.108884e-21
3.327852e+00 1.007609e-20 4.132727e-21
3.328517e+00 -2.750387e-20 4.975831e-21
3.329182e+00 -2.114036e-21 3.934750e-21
3.329847e+00 5.031059e-21 3.419871e-21
3.330512e+00 -2.481189e-22 3.933887e-21
3.331177e+00 2.091249e-20 3.804551e-21
3.331842e+00 -2.506468e-20 3.368983e-21
3.332507e+00 -4.488113e-21 3.284168e-21
3.333172e+00 1.438840e-20 3.590273e-21
3.333837e+00 9.751148e-21 3.542025e-21
3.334502e+00 2.430331e-20 3.309833e-21
3.335167e+00 -1.360595e-21 3.190698e-21
3.335832e+00 -1.374239e-20 3.354825e-21
3.336497e+00 5.119280e-21 3.339508e-21
3.337162e+00 -3.180602e-21 3.514482e-21
3.337827e+00 -2.924323e-20 4.126604e-21
3.338492e+00 -1.679278e-21 3.706816e-21
3.339157e+00 1.084124e-20 3.565281e-21
3.339822e+00 1.309106e-20 3.171163e-21
3.340487e+00 7.856139e-21 3.457661e-21
3.341152e+00 1.446410e-20 3.217233e-21
3.341817e+00 -2.990826e-21 3.414196e-21
3.342482e+00 5.759593e-21 3.559831e-21
3.343147e+00 -4.011512e-21 3.489412e-21
3.343812e+00 -6.733465e-21 3.004287e-21
3.344477e+00 -1.890405e-21 3.451340e-21
3.345142e+00 -1.666156e-20 3.422184e-21
3.345807e+00 5.425981e-21 4.109407e-21
3.346472e+00 8.257357e-21 3.298455e-21
3.347137e+00 7.890285e-21 3.394387e-21
3.347802e+00 1.451636e-20 3.291653e-21
3.348467e+00 2.181467e-20 3.099890e-21
3.349132e+00 -1.485631e-21 3.456128e-21
3.349797e+00 7.785557e-21 3.427673e-21
3.350462e+00 1.835035e-20 3.252946e-21
3.351127e+00 1.186945e-20 3.743603e-21
3.351792e+00 1.527909e-20 3.967849e-21
3.352457e+00 2.769048e-20 3.396098e-21
3.353122e+00 1.708925e-20 3.272843e-21
3.353787e+00 8.768021e-21 5.390425e-21
3.354452e+00 7.118144e-21 4.961308e-21
3.355117e+00 4.533433e-20 5.149749e-21
3.355782e+00 6.296697e-21 3.680584e-21
3.356447e+00 2.326430e-20 3.901988e-21
3.357112e+00 2.146381e-20 3.682958e-21
3.357777e+00 7.331754e-21 3.442990e-21
3.358442e+00 1.143851e-20 3.699194e-21
3.359107e+00 2.111630e-22 6.279921e-21
3.359772e+00 8.917898e-21 3.370230e-21
3.360437e+00 1.242996e-21 3.547664e-21
3.361102e+00 9.511301e-21 3.600438e-21
3.361767e+00 -1.200947e-20 3.485007e-21
3.362432e+00 -1.626114e-20 3.638457e-21
3.363097e+00 3.562447e-20 3.608207e-21
3.363762e+00 2.701923e-20 3.280492e-21
3.364427e+00 7.389123e-21 3.665412e-21
3.365092e+00 1.222895e-20 3.284029e-21
3.365757e+00 2.920487e-21 3.650805e-21
3.366422e+00 1.925889e-20 5.861620e-21
3.367087e+00 -1.553105e-20 4.717006e-21
3.367752e+00 -4.227099e-20 3.953184e-21
3.368417e+00 3.102824e-21 3.744201e-21
3.369082e+00 1.754010e-21 3.621998e-21
3.369747e+00 2.125970e-20 3.565071e-21
3.370412e+00 1.889221e-20 3.407384e-21
3.371077e+00 -6.757720e-21 3.650362e-21
3.371742e+00 2.270799e-20 3.172138e-21
3.372407e+00 1.914582e-20 3.266401e-21
3.373072e+00 1.058623e-20 3.348110e-21
3.373737e+00 7.685281e-21 3.711196e-21
3.374402e+00 7.696012e-21 3.206083e-21
3.375067e+00 1.294955e-20 3.413489e-21
3.375732e+00 1.130373e-20 3.132643e-21
3.376397e+00 2.240832e-20 3.366400e-21
3.377062e+00 2.525108e-20 3.438143e-21
3.377727e+00 7.678313e-21 3.925107e-21
3.378392e+00 2.428919e-20 4.247814e-21
3.379057e+00 7.934135e-21 8.289223e-21
3.379722e+00 1.334811e-20 1.133528e-20
3.380387e+00 -1.465875e-21 1.169552e-20
3.381052e+00 -7.968718e-21 8.693080e-21
3.381717e+00 -1.282767e-20 3.456983e-21
3.382382e+00 6.234077e-21 3.207035e-21
3.383047e+00 7.817601e-21 3.416923e-21
3.383712e+00 -1.217961e-20 3.294212e-21
3.384377e+00 -3.152386e-21 3.768925e-21
3.385042e+00 -8.991504e-21 3.379867e-21
3.385707e+00 6.550893e-21 3.491983e-21
3.386372e+00 -3.857759e-21 3.687606e-21
3.387037e+00 6.941252e-21 3.556450e-21
3.387702e+00 -1.686031e-21 3.548110e-21
3.388367e+00 -6.918951e-22 3.444568e-21
3.389032e+00 -1.702273e-20 3.569380e-21
3.389697e+00 1.422043e-23 3.373076e-21
3.390362e+00 -3.847327e-21 3.719564e-21
3.391027e+00 1.356926e-20 3.385633e-21
3.391692e+00 6.234804e-21 3.436536e-21
3.392357e+00 -2.705172e-21 3.628482e-21
3.393022e+00 2.861014e-21 3.344270e-21
3.393687e+00 3.785339e-20 3.528408e-21
3.394352e+00 5.395313e-20 3.483629e-21
3.395017e+00 2.128950e-20 3.553233e-21
3.395682e+00 2.165731e-20 3.434062e-21
3.396347e+00 2.002974e-20 3.436796e-21
3.397012e+00 3.566448e-21 3.754873e-21
3.397677e+00 5.609295e-21 3.450146e-21
3.398342e+00 -6.776850e-21 3.661120e-21
3.399007e+00 1.737454e-20 3.296894e-21
3.399672e+00 1.006385e-20 3.347662e-21
3.400337e+00 1.149377e-21 3.260233e-21
3.401002e+00 1.043823e-20 3.213024e-21
3.401667e+00 -6.092246e-21 3.045354e-21
3.402332e+00 9.255927e-21 3.384194e-21
3.402997e+00 1.881212e-21 3.350235e-21
3.403662e+00 5.990985e-21 3.347621e-21
3.404327e+00 2.474481e-20 3.461152e-21
3.404992e+00 1.587129e-20 3.777592e-20
3.405657e+00 -3.365926e-21 2.228208e-20
3.406322e+00 2.389973e-20 3.769302e-21
3.406987e+00 3.648090e-20 3.260670e-21
3.407652e+00 -2.271844e-22 3.180730e-21
3.408317e+00 -9.666202e-21 3.402664e-21
3.408982e+00 -2.707514e-21 3.333325e-21
3.409647e+00 2.428839e-20 3.111063e-21
3.410312e+00 2.519355e-20 3.248241e-21
3.410977e+00 -6.253311e-21 3.363462e-21
3.411642e+00 4.235747e-21 3.183503e-21
3.412307e+00 -3.876881e-21 3.124406e-21
3.412972e+00 -6.013932e-21 3.098735e-21
3.413637e+00 -1.418505e-20 3.773316e-21
3.414302e+00 -2.215799e-20 3.413573e-21
3.414967e+00 -1.021252e-20 4.532928e-21
3.415632e+00 -4.111025e-22 3.167745e-21
3.416297e+00 1.402078e-20 3.186412e-21
3.416962e+00 -6.667575e-21 2.890577e-21
3.417627e+00 -2.806010e-20 3.180679e-21
3.418292e+00 -8.192173e-21 3.396640e-21
3.418957e+00 4.131610e-21 3.435105e-21
3.419622e+00 -8.771765e-22 3.136777e-21
3.420287e+00 1.158293e-20 3.317370e-21
3.420952e+00 1.795556e-20 3.492994e-21
3.421617e+00 -1.834173e-20 3.160016e-21
3.422282e+00 -1.137603e-21 3.030113e-21
3.422947e+00 6.956647e-21 3.370507e-21
3.423612e+00 -3.378711e-21 3.425843e-21
3.424277e+00 -1.002619e-20 3.297370e-21
3.424942e+00 -1.720370e-20 3.359125e-21
3.425607e+00 1.068238e-21 3.041231e-21
3.426272e+00 2.003383e-20 3.493291e-21
3.426937e+00 1.820038e-20 3.328488e-21
3.427602e+00 2.365556e-20 3.442033e-21
3.428267e+00 9.360025e-21 3.149255e-21
3.428932e+00 1.737014e-20 3.432432e-21
3.429597e+00 -3.132433e-21 3.091288e-21
3.430262e+00 -6.391325e-21 3.316156e-21
3.430927e+00 1.424037e-20 3.210167e-21
3.431592e+00 1.116642e-20 3.178440e-21
3.432257e+00 1.440955e-20 3.090111e-21
3.432922e+00 -1.379215e-20 3.289984e-21
3.433587e+00 1.254543e-20 3.422496e-21
3.434252e+00 1.390903e-20 3.176848e-21
3.434917e+00 -1.740367e-20 3.441403e-21
3.435582e+00 -1.669024e-20 3.532393e-21
3.436247e+00 -9.755088e-21 3.329563e-21
3.436912e+00 6.546448e-21 3.298235e-21
3.437577e+00 8.169085e-21 3.393124e-21
3.438242e+00 -1.254391e-20 3.316713e-21
3.438907e+00 -9.193114e-21 3.226228e-21
3.439572e+00 1.767322e-21 3.510796e-21
3.440237e+00 -5.160515e-21 3.418390e-21
3.440902e+00 -1.299539e-20 3.134878e-21
3.441567e+00 -1.756176e-20 3.796201e-21
3.442232e+00 -4.279635e-22 3.328082e-21
3.442897e+00 2.474178e-21 3.220725e-21
3.443562e+00 -6.244935e-21 3.323180e-21
3.444227e+00 -7.136833e-21 3.307463e-21
3.444892e+00 -1.110316e-20 2.951913e-21
3.445557e+00 -1.876408e-20 3.272740e-21
3.446222e+00 -7.190744e-21 3.357001e-21
3.446887e+00 -9.861610e-21 3.315071e-21
3.447552e+00 6.396165e-22 3.162299e-21
3.448217e+00 2.148050e-21 3.165177e-21
3.448882e+00 -2.324038e-21 3.146500e-21
3.449547e+00 1.173476e-21 2.959989e-21
3.450212e+00 5.636706e-21 3.236564e-21
3.450877e+00 -5.085807e-21 3.156880e-21
3.451542e+00 -1.217862e-20 1.029771e-20
3.452207e+00 6.010354e-21 6.366595e-21
3.452872e+00 -7.689282e-21 8.135384e-21
3.453537e+00 1.367265e-21 3.026577e-21
3.454202e+00 -4.424228e-21 2.962191e-21
3.454867e+00 -1.844444e-20 2.921871e-21
3.455532e+00 4.204160e-22 3.301632e-21
3.456197e+00 1.112670e-21 3.281926e-21
3.456862e+00 -5.093535e-21 2.979640e-21
3.457527e+00 -6.096052e-21 2.937679e-21
3.458192e+00 -1.067089e-20 3.200201e-21
3.458857e+00 -1.667348e-20 3.102617e-21
3.459522e+00 4.187868e-21 3.430230e-21
3.460187e+00 2.522927e-20 2.995676e-21
3.460852e+00 1.475980e-20 2.953906e-21
3.461517e+00 -8.023848e-21 3.601317e-21
3.462182e+00 -1.167422e-20 3.035010e-21
3.462847e+00 1.358831e-21 3.068442e-21
3.463512e+00 -2.179802e-20 2.938148e-21
3.464177e+00 -9.682108e-21 3.174803e-21
3.464842e+00 -1.459992e-21 3.275062e-21
3.465507e+00 -3.832462e-21 3.243587e-21
3.466172e+00 -2.434812e-20 3.273509e-21
3.466837e+00 8.636809e-21 3.256070e-21
3.467502e+00 9.440295e-21 2.987830e-21
3.468167e+00 1.845930e-20 3.307205e-21
3.468832e+00 1.284212e-20 3.337341e-21
3.469497e+00 -9.149474e-22 3.033115e-21
3.470162e+00 5.844757e-21 3.308224e-21
3.470827e+00 1.471187e-20 3.115528e-21
3.471492e+00 6.960471e-21 3.110897e-21
3.472157e+00 1.217332e-20 3.020170e-21
3.472822e+00 -2.391190e-21 2.939601e-21
3.473487e+00 -4.388595e-21 3.067501e-21
3.474152e+00 1.450886e-20 2.947892e-21
3.474817e+00 -9.888242e-21 3.386937e-21
3.475482e+00 -7.549604e-21 3.309077e-21
3.476147e+00 9.808640e-21 3.625822e-21
3.476812e+00 2.777239e-21 3.583989e-21
3.477477e+00 1.202278e-20 3.376372e-21
3.478142e+00 6.527394e-21 3.264598e-21
3.478807e+00 1.082654e-21 3.446107e-21
3.479472e+00 9.205176e-22 3.147661e-21
3.480137e+00 -1.348959e-20 3.212729e-21
3.480802e+00 1.167710e-20 3.334895e-21
3.481467e+00 8.775334e-21 3.337967e-21
3.482132e+00 5.307950e-21 3.297698e-21
3.482797e+00 7.792821e-21 3.026035e-21
3.483462e+00 1.854062e-20 2.928062e-21
3.484127e+00 8.113519e-21 3.500983e-21
3.484792e+00 -1.231795e-22 3.478647e-21
3.485457e+00 -3.652213e-21 3.080573e-21
3.486122e+00 1.587175e-21 3.231302e-21
3.486787e+00 1.262517e-21 3.648769e-21
3.487452e+00 -2.027148e-23 3.298740e-21
3.488117e+00 4.353918e-21 3.277351e-21
3.488782e+00 -1.372842e-20 3.382993e-21
3.489447e+00 3.248984e-21 4.469905e-21
3.490112e+00 -6.268380e-21 3.000913e-21
3.490777e+00 4.709160e-21 6.092415e-21
3.491442e+00 1.614327e-20 9.117813e-21
3.492107e+00 1.665443e-20 9.273764e-21
3.492772e+00 -6.109221e-21 3.096772e-21
3.493437e+00 -1.187515e-20 2.888885e-21
3.494102e+00 2.943020e-22 3.115291e-21
3.494767e+00 1.865377e-21 3.133714e-21
3.495432e+00 8.129373e-21 3.305225e-21
3.496097e+00 -2.153119e-21 3.177299e-21
3.496762e+00 -1.107838e-20 3.102457e-21
3.497427e+00 -7.607775e-21 2.933652e-21
3.498092e+00 -8.151186e-21 3.037135e-21
3.498757e+00 -7.861499e-21 2.910075e-21
3.499422e+00 9.619685e-22 3.015282e-21
3.500087e+00 5.899837e-21 2.960120e-21
3.500752e+00 -2.139699e-22 3.020356e-21
3.501417e+00 -5.115581e-21 3.171643e-21
3.502082e+00 -5.743490e-21 2.935599e-21
3.502747e+00 8.801083e-21 3.031766e-21
3.503412e+00 -2.410070e-21 2.958138e-21
3.504077e+00 9.505958e-21 2.998897e-21
3.504742e+00 -4.472785e-21 3.263062e-21
3.505407e+00 -7.776673e-21 3.188777e-21
3.506072e+00 1.244334e-20 3.106831e-21
3.506737e+00 1.394208e-20 3.062898e-21
3.507402e+00 8.885997e-22 3.275727e-21
3.508067e+00 -7.106298e-21 3.334909e-21
3.508732e+00 -3.854350e-21 3.106388e-21
3.509397e+00 4.435658e-22 3.090610e-21
3.510062e+00 7.977520e-21 3.453027e-21
3.510727e+00 1.836171e-20 3.064698e-21
3.511392e+00 1.351257e-20 3.052129e-21
3.512057e+00 1.555782e-20 3.250610e-21
3.512722e+00 1.347383e-20 2.963962e-21
3.513387e+00 1.430334e-20 3.011996e-21
3.514052e+00 9.610812e-21 3.157352e-21
3.514717e+00 1.589043e-20 3.241556e-21
3.515382e+00 8.217731e-22 3.154691e-21
3.516047e+00 2.145795e-21 3.456848e-21
3.516712e+00 7.234591e-21 3.307034e-21
3.517377e+00 2.438588e-20 3.126124e-21
3.518042e+00 5.777469e-21 3.194378e-21
3.518707e+00 1.099525e-20 3.107040e-21
3.519372e+00 8.327196e-21 3.995871e-21
3.520037e+00 2.935565e-20 9.007854e-21
3.520702e+00 3.077872e-20 3.247323e-21
3.521367e+00 8.956841e-21 3.420146e-21
3.522032e+00 1.088061e-20 3.095769e-21
3.522697e+00 1.100868e-20 3.217607e-21
3.523362e+00 2.079220e-20 3.114579e-21
3.524027e+00 1.352998e-20 3.069367e-21
3.524692e+00 1.762507e-20 3.156480e-21
3.525357e+00 3.152718e-20 3.087134e-21
3.526022e+00 3.526735e-20 2.958774e-21
3.526687e+00 1.737799e-20 3.222170e-21
3.527352e+00 2.239844e-20 3.143234e-21
3.528017e+00 1.132322e-20 3.181986e-21
3.528682e+00 -4.548946e-21 3.366602e-21
3.529347e+00 1.798271e-20 3.096564e-21
3.530012e+00 7.120795e-21 3.154738e-21
3.530677e+00 4.269688e-21 2.883034e-21
3.531342e+00 -3.104116e-21 2.931311e-21
3.532007e+00 2.161025e-21 2.991293e-21
3.532672e+00 1.352155e-20 2.985292e-21
3.533337e+00 4.664356e-20 3.880473e-20
3.534002e+00 2.363960e-20 8.524642e-21
3.534667e+00 1.387622e-20 2.923761e-21
3.535332e+00 5.880167e-21 2.889989e-21
3.535997e+00 2.809366e-22 3.075809e-21
3.536662e+00 2.071551e-21 2.904574e-21
3.537327e+00 1.386170e-20 3.051294e-21
3.537992e+00 1.563365e-21 2.946929e-21
3.538657e+00 -1.823460e-20 2.982290e-21
3.539322e+00 1.172393e-20 3.265536e-21
3.539987e+00 1.853756e-20 3.292202e-21
3.540652e+00 1.538347e-20 4.032406e-21
3.541317e+00 -1.751668e-21 3.569356e-21
3.541982e+00 -3.010145e-21 3.414320e-21
3.542647e+00 -2.386438e-20 3.100431e-21
3.543312e+00 -1.300271e-20 3.019995e-21
3.543977e+00 2.650038e-21 3.069399e-21
3.544642e+00 -6.835554e-21 3.202940e-21
3.545307e+00 2.993623e-22 2.924432e-21
3.545972e+00 -7.991556e-21 3.355631e-21
3.546637e+00 6.309851e-22 3.444213e-21
3.547302e+00 -2.267566e-21 3.052064e-21
3.547967e+00 -3.705899e-21 3.030483e-21
3.548632e+00 5.047759e-21 3.033511e-21
3.549297e+00 6.505529e-21 3.383261e-21
3.549962e+00 -3.973805e-21 3.078869e-21
3.550627e+00 1.166173e-20 2.966650e-21
3.551292e+00 5.526085e-21 3.272940e-21
3.551957e+00 1.328293e-20 3.194878e-21
3.552622e+00 8.988997e-21 3.105583e-21
3.553287e+00 -2.537749e-21 3.324656e-21
3.553952e+00 -9.752071e-22 2.871806e-21
3.554617e+00 -1.153297e-20 3.144949e-21
3.555282e+00 2.521940e-20 3.013106e-21
3.555947e+00 4.252848e-20 3.040147e-21
3.556612e+00 1.415770e-20 3.092039e-21
3.557277e+00 1.055565e-21 3.215276e-21
3.557942e+00 -2.361528e-21 3.402930e-21
3.558607e+00 1.670931e-20 3.235271e-21
3.559272e+00 1.401519e-20 3.330872e-21
3.559937e+00 3.945766e-21 3.095742e-21
3.560602e+00 -8.393694e-21 3.277399e-21
3.561267e+00 1.404623e-20 3.143463e-21
3.561932e+00 2.084983e-20 2.932800e-21
3.562597e+00 1.054337e-20 3.333922e-21
3.563262e+00 2.142300e-20 3.141412e-21
3.563927e+00 -1.198620e-20 4.382923e-21
3.564592e+00 -2.756755e-20 3.264534e-21
3.565257e+00 4.933763e-21 2.945259e-21
3.565922e+00 1.703140e-20 3.160889e-21
3.566587e+00 1.673045e-20 3.144396e-21
3.567252e+00 -2.297538e-21 3.090543e-21
3.567917e+00 1.154881e-22 3.022148e-21
3.568582e+00 1.701468e-20 3.382925e-21
3.569247e+00 2.795509e-20 2.913617e-21
3.569912e+00 2.921675e-20 2.932669e-21
3.570577e+00 9.386023e-21 2.979348e-21
3.571242e+00 -1.802136e-21 2.951937e-21
3.571907e+00 4.447912e-21 3.434774e-21
3.572572e+00 1.400067e-20 2.983110e-21
3.573237e+00 1.635146e-20 3.284685e-21
3.573902e+00 1.861071e-20 3.280963e-21
3.574567e+00 8.116725e-21 3.153368e-21
3.575232e+00 -8.954248e-21 3.054734e-21
3.575897e+00 6.831902e-21 3.297436e-21
3.576562e+00 7.909949e-21 2.816418e-21
3.577227e+00 5.287448e-21 3.016484e-21
3.577892e+00 1.986305e-20 2.828894e-21
3.578557e+00 3.093006e-20 3.171776e-21
3.579222e+00 9.658423e-21 3.058611e-21
3.579887e+00 -1.915232e-22 2.908723e-21
3.580552e+00 -1.442469e-20 3.024634e-21
3.581217e+00 -4.625832e-21 2.934332e-21
3.581882e+00 -1.745669e-20 3.004315e-21
3.582547e+00 -1.271680e-20 3.126789e-21
3.583212e+00 6.088250e-21 3.057010e-21
3.583877e+00 1.355982e-20 3.060446e-21
3.584542e+00 2.948673e-20 3.510828e-21
3.585207e+00 1.753565e-20 3.343866e-21
3.585872e+00 1.593698e-20 5.412432e-21
3.586537e+00 8.161609e-22 4.099857e-21
3.587202e+00 2.664305e-20 3.105181e-21
3.587867e+00 2.145911e-20 2.884055e-21
3.588532e+00 1.252154e-20 2.927892e-21
3.589197e+00 1.964088e-21 2.779962e-21
3.589862e+00 2.886489e-21 2.966824e-21
3.590527e+00 7.567541e-21 2.843467e-21
3.591192e+00 4.977400e-21 3.195226e-21
3.591857e+00 7.221312e-21 3.097389e-21
3.592522e+00 6.294757e-21 3.129582e-21
3.593187e+00 2.201954e-20 3.173214e-21
3.593852e+00 1.623452e-20 2.936987e-21
3.594517e+00 -8.485361e-21 2.914842e-21
3.595182e+00 6.148229e-21 2.986059e-21
3.595847e+00 1.385322e-20 3.186561e-21
3.596512e+00 -2.491280e-21 2.818041e-21
3.597177e+00 2.676276e-20 3.192662e-21
3.597842e+00 2.567532e-21 3.413046e-21
3.598507e+00 1.519321e-20 3.992706e-21
3.599172e+00 2.679271e-20 3.563544e-21
3.599837e+00 -5.758376e-21 4.697605e-21
3.600502e+00 6.097716e-21 3.891529e-21
3.601167e+00 -1.979364e-21 3.086139e-21
3.601832e+00 -1.894618e-20 3.292561e-21
3.602497e+00 7.528399e-21 3.543172e-21
3.603162e+00 6.614551e-21 4.668744e-21
3.603827e+00 -1.865760e-20 3.167781e-21
3.604492e+00 1.103433e-20 3.323253e-21
3.605157e+00 8.631469e-21 3.287662e-21
3.605822e+00 8.412122e-21 3.101142e-21
3.606487e+00 -1.737403e-21 3.522937e-21
3.607152e+00 2.035633e-20 3.527246e-21
3.607817e+00 -1.039021e-20 3.827771e-21
3.608482e+00 1.781354e-20 3.677104e-21
3.609147e+00 4.117817e-20 3.597559e-21
3.609812e+00 2.971887e-20 4.140413e-21
3.610477e+00 3.806038e-21 3.587891e-21
3.611142e+00 -1.251986e-21 3.046879e-21
3.611807e+00 1.283462e-20 3.093921e-21
3.612472e+00 3.949782e-21 2.935323e-21
3.613137e+00 4.138288e-21 2.905146e-21
3.613802e+00 2.065774e-21 3.258804e-21
3.614467e+00 -3.214315e-21 2.920764e-21
3.615132e+00 1.171012e-20 2.752386e-21
3.615797e+00 -5.533540e-21 2.857580e-21
3.616462e+00 6.923586e-21 3.101715e-21
3.617127e+00 1.642942e-20 3.173895e-21
3.617792e+00 9.787112e-21 3.044870e-21
3.618457e+00 5.049485e-21 3.054754e-21
3.619122e+00 -1.285021e-20 3.682685e-21
3.619787e+00 9.367274e-21 4.414024e-21
3.620452e+00 -6.059703e-21 4.023220e-21
3.621117e+00 5.463066e-21 3.910017e-21
3.621782e+00 1.012684e-20 2.910308e-21
3.622447e+00 2.990165e-21 2.902959e-21
3.623112e+00 4.468935e-21 2.931413e-21
3.623777e+00 1.454874e-20 2.945582e-21
3.624442e+00 -1.038996e-21 2.782279e-21
3.625107e+00 9.394906e-21 3.136851e-21
3.625772e+00 -5.893777e-21 2.813110e-21
3.626437e+00 2.977410e-21 2.744742e-21
3.627102e+00 1.213206e-20 2.819917e-21
3.627767e+00 1.869060e-21 2.951028e-21
3.628432e+00 5.969091e-21 2.586216e-21
3.629097e+00 1.590225e-20 2.876982e-21
3.629762e+00 9.960864e-21 2.809567e-21
3.630427e+00 -2.923354e-21 2.851715e-21
3.631092e+00 -2.001283e-20 3.044213e-21
3.631757e+00 8.339896e-21 3.301975e-21
3.632422e+00 2.462052e-20 3.053515e-21
3.633087e+00 1.787300e-20 3.248763e-21
3.633752e+00 2.453133e-20 2.872786e-21
3.634417e+00 4.158298e-20 3.019031e-21
3.635082e+00 4.989887e-21 2.880088e-21
3.635747e+00 -1.119334e-21 2.827510e-21
3.636412e+00 4.475021e-21 2.865501e-21
3.637077e+00 1.548517e-20 3.060508e-21
3.637742e+00 5.741334e-21 3.147124e-21
3.638407e+00 5.385603e-21 3.014029e-21
3.639072e+00 1.140556e-21 2.778288e-21
3.639737e+00 -1.553381e-20 2.975863e-21
3.640402e+00 1.016506e-20 3.121647e-21
3.641067e+00 5.462777e-21 3.278682e-21
3.641732e+00 3.297379e-20 3.584698e-21
3.642397e+00 2.165063e-22 3.165299e-21
3.643062e+00 -6.845595e-21 3.093183e-21
3.643727e+00 4.987073e-21 3.034686e-21
3.644392e+00 -1.712473e-20 3.195516e-21
3.645057e+00 2.294321e-20 3.238412e-21
3.645722e+00 5.357880e-21 3.063476e-21
3.646387e+00 -1.229099e-20 3.158692e-21
3.647052e+00 -4.167650e-21 3.036498e-21
3.647717e+00 1.478060e-21 3.094938e-21
3.648382e+00 1.690833e-21 3.132411e-21
3.649047e+00 1.738691e-20 3.261772e-21
3.649712e+00 4.928488e-20 3.209353e-21
3.650377e+00 -4.103083e-21 3.204542e-21
3.651042e+00 -2.874822e-21 3.224199e-21
3.651707e+00 -7.329276e-21 3.142473e-21
3.652372e+00 -2.114695e-20 3.132637e-21
3.653037e+00 1.293156e-20 3.059204e-21
3.653702e+00 1.294338e-20 3.103392e-21
3.654367e+00 1.123891e-21 3.005064e-21
3.655032e+00 -1.013899e-20 3.078150e-21
3.655697e+00 7.626452e-21 2.957883e-21
3.656362e+00 -2.621234e-20 2.898777e-21
3.657027e+00 -2.381496e-20 2.969718e-21
3.657692e+00 -2.434902e-20 2.762334e-21
3.658357e+00 -2.708011e-20 6.668447e-21
3.659022e+00 -3.442654e-20 3.048871e-21
3.659687e+00 -7.805939e-21 2.852205e-21
3.660352e+00 -1.863971e-21 2.817795e-21
3.661017e+00 7.112165e-21 2.936769e-21
3.661682e+00 -1.744815e-20 3.149558e-21
3.662347e+00 -3.176559e-23 3.129205e-21
3.663012e+00 -2.244178e-21 2.912873e-21
3.663677e+00 -3.094198e-21 2.957756e-21
3.664342e+00 -1.021078e-21 2.698405e-21
3.665007e+00 1.270021e-20 2.946438e-21
3.665672e+00 2.150785e-20 2.912366e-21
3.666337e+00 9.774995e-21 3.010688e-21
3.667002e+00 5.983441e-21 2.944594e-21
3.667667e+00 1.422023e-20 3.066440e-21
3.668332e+00 1.149358e-20 2.930018e-21
3.668997e+00 1.341610e-20 3.049890e-21
3.669662e+00 -4.606995e-21 3.019992e-21
3.670327e+00 7.721738e-21 3.091577e-21
3.670992e+00 -1.039381e-20 3.807343e-21
3.671657e+00 -1.197940e-20 3.089258e-21
3.672322e+00 9.058101e-21 2.913784e-21
3.672987e+00 1.572649e-20 2.811453e-21
3.673652e+00 2.493161e-20 3.121306e-21
3.674317e+00 2.814207e-21 3.028500e-21
3.674982e+00 -1.099105e-20 2.906385e-21
3.675647e+00 9.028286e-21 2.944975e-21
3.676312e+00 7.682454e-21 2.769902e-21
3.676977e+00 3.430163e-21 2.924182e-21
3.677642e+00 -2.426207e-21 2.836398e-21
3.678307e+00 -5.635508e-21 3.009857e-21
3.678972e+00 6.710404e-21 2.962930e-21
3.679637e+00 6.466655e-22 2.919137e-21
3.680302e+00 -5.530954e-22 2.925873e-21
3.680967e+00 8.782057e-21 2.854773e-21
3.681632e+00 -4.438253e-21 2.843298e-21
3.682297e+00 6.204113e-21 3.176002e-21
3.682962e+00 1.968904e-22 3.317497e-21
3.683627e+00 -2.154358e-21 2.927846e-21
3.684292e+00 -7.412989e-21 3.155942e-21
3.684957e+00 5.932835e-21 2.801635e-21
3.685622e+00 5.615625e-21 2.984473e-21
3.686287e+00 2.794972e-21 2.988855e-21
3.686952e+00 -7.984853e-21 2.861902e-21
3.687617e+00 -8.892463e-21 3.291827e-21
3.688282e+00 1.144209e-20 2.869986e-21
3.688947e+00 1.151906e-20 3.087118e-21
3.689612e+00 7.849591e-21 2.988439e-21
3.690277e+00 1.852781e-20 3.129669e-21
3.690942e+00 3.222274e-20 2.983495e-21
3.691607e+00 1.897723e-20 2.834121e-21
3.692272e+00 1.301126e-20 3.049650e-21
3.692937e+00 9.313939e-21 2.935723e-21
3.693602e+00 1.386517e-20 6.887442e-21
3.694267e+00 -5.463396e-21 4.124846e-21
3.694932e+00 3.020666e-20 3.192933e-20
3.695597e+00 1.352507e-20 1.524875e-20
3.696262e+00 -1.620757e-21 6.700025e-21
3.696927e+00 1.508105e-20 3.105862e-21
3.697592e+00 1.449480e-20 2.823679e-21
3.698257e+00 -1.666521e-21 2.993604e-21
3.698922e+00 -8.471303e-21 3.183753e-21
3.699587e+00 8.882867e-22 3.234741e-21
3.700252e+00 -5.057056e-21 3.307777e-21
3.700917e+00 -2.393529e-22 3.050603e-21
3.701582e+00 -9.923027e-21 3.122340e-21
3.702247e+00 -3.153306e-21 3.242363e-21
3.702912e+00 -9.357374e-21 3.168897e-21
3.703577e+00 2.721729e-21 2.985125e-21
3.704242e+00 3.308742e-21 2.950515e-21
3.704907e+00 3.402456e-21 3.001420e-21
3.705572e+00 8.206417e-21 3.017349e-21
3.706237e+00 1.691071e-20 2.878037e-21
3.706902e+00 1.482135e-20 2.908046e-21
3.707567e+00 -4.440479e-21 3.191549e-21
3.708232e+00 -9.705455e-22 3.305487e-21
3.708897e+00 -1.322928e-20 3.055384e-21
3.709562e+00 3.029012e-22 2.883021e-21
3.710227e+00 1.160040e-20 2.862108e-21
3.710892e+00 -1.803862e-21 2.819770e-21
3.711557e+00 4.574034e-21 2.843828e-21
3.712222e+00 5.453313e-21 2.959054e-21
3.712887e+00 -1.508073e-20 2.754003e-21
3.713552e+00 -2.741020e-21 2.899187e-21
3.714217e+00 5.705032e-21 3.050651e-21
3.714882e+00 1.749265e-20 2.955002e-21
3.715547e+00 1.173891e-20 2.878685e-21
3.716212e+00 1.791660e-20 2.971660e-21
3.716877e+00 1.123429e-20 2.955321e-21
3.717542e+00 1.566568e-20 2.924797e-21
3.718207e+00 2.906792e-20 4.178108e-20
3.718872e+00 1.885337e-20 8.083179e-21
3.719537e+00 1.774062e-20 3.779273e-21
3.720202e+00 2.297767e-20 2.948145e-21
3.720867e+00 1.183166e-20 2.874952e-21
3.721532e+00 1.491634e-20 3.026969e-21
3.722197e+00 1.405530e-20 3.078862e-21
3.722862e+00 1.749917e-20 3.203949e-21
3.723527e+00 1.852134e-20 2.745343e-21
3.724192e+00 1.404517e-20 2.934282e-21
3.724857e+00 1.915977e-20 3.047489e-21
3.725522e+00 1.348606e-20 3.016082e-21
3.726187e+00 3.957645e-21 3.079990e-21
3.726852e+00 1.046341e-20 2.963302e-21
3.727517e+00 3.976242e-21 3.083819e-21
3.728182e+00 -1.169440e-20 3.908322e-21
3.728847e+00 7.441051e-22 2.930288e-21
3.729512e+00 2.269023e-21 2.898091e-21
3.730177e+00 2.014168e-20 2.851156e-21
3.730842e+00 1.316967e-20 2.814403e-21
3.731507e+00 -4.711243e-21 2.926589e-21
3.732172e+00 2.049967e-20 3.016050e-21
3.732837e+00 5.252114e-21 2.879831e-21
3.733502e+00 1.691154e-20 2.911671e-21
3.734167e+00 -2.525185e-21 3.065758e-21
3.734832e+00 4.680967e-21 3.101762e-21
3.735497e+00 -3.988136e-21 3.004200e-21
3.736162e+00 2.017652e-20 3.165292e-21
3.736827e+00 1.573500e-20 2.961284e-21
3.737492e+00 -1.566031e-20 2.959687e-21
3.738157e+00 -2.676161e-20 3.111179e-21
3.738822e+00 -6.427291e-21 2.937210e-21
3.739487e+00 -2.983125e-20 3.154663e-21
3.740152e+00 -2.090075e-20 3.773476e-21
3.740817e+00 3.046795e-21 3.763717e-21
3.741482e+00 1.328891e-20 4.004757e-21
3.742147e+00 1.230573e-20 3.299141e-21
3.742812e+00 -1.669896e-21 2.757714e-21
3.743477e+00 -5.272755e-21 2.823922e-21
3.744142e+00 -2.047815e-21 2.806211e-21
3.744807e+00 -1.160829e-20 2.792294e-21
3.745472e+00 -2.296231e-21 2.921910e-21
3.746137e+00 -2.028321e-21 3.641724e-21
3.746802e+00 9.474338e-22 5.002060e-21
3.747467e+00 1.459945e-20 6.523819e-21
3.748132e+00 -9.053458e-21 5.717529e-21
3.748797e+00 6.047949e-21 8.772094e-21
3.749462e+00 1.035468e-20 3.366576e-21
3.750127e+00 -4.718371e-21 3.028180e-21
3.750792e+00 -2.169062e-21 2.957178e-21
3.751457e+00 5.785012e-21 3.116938e-21
3.752122e+00 1.011339e-20 2.922883e-21
3.752787e+00 6.141018e-21 2.828928e-21
3.753452e+00 1.617057e-20 2.670496e-21
3.754117e+00 1.779809e-20 2.940139e-21
3.754782e+00 6.984786e-21 2.884661e-21
3.755447e+00 1.547402e-21 2.958653e-21
3.756112e+00 6.159719e-21 2.850243e-21
3.756777e+00 -3.472161e-21 2.764879e-21
3.757442e+00 1.589866e-20 2.653766e-21
3.758107e+00 3.195088e-21 2.925466e-21
3.758772e+00 -2.956823e-21 2.815186e-21
3.759437e+00 -1.013553e-20 2.728018e-21
3.760102e+00 8.966383e-21 2.962565e-21
3.760767e+00 1.651183e-20 3.121844e-21
3.761432e+00 1.490885e-20 2.808047e-21
3.762097e+00 4.042938e-21 2.775666e-21
3.762762e+00 5.256263e-21 2.770845e-21
3.763427e+00 9.627645e-21 2.700774e-21
3.764092e+00 -3.549120e-21 2.761786e-21
3.764757e+00 -1.152794e-20 2.759492e-21
3.765422e+00 -2.716178e-21 2.742062e-21
3.766087e+00 -1.918786e-20 2.877921e-21
3.766752e+00 -1.407403e-23 3.653619e-21
3.767417e+00 -9.359090e-21 2.759995e-21
3.768082e+00 -4.594828e-21 2.866835e-21
3.768747e+00 -4.638706e-21 2.746497e-21
3.769412e+00 -2.935129e-20 2.866999e-21
3.770077e+00 3.075354e-20 2.833325e-21
3.770742e+00 -2.982187e-20 2.930844e-21
3.771407e+00 -1.746700e-21 2.624968e-21
3.772072e+00 -1.804793e-20 3.067677e-21
3.772737e+00 1.046309e-20 4.545686e-21
3.773402e+00 -2.427394e-21 5.295587e-21
3.774067e+00 -1.928643e-20 2.865893e-21
3.774732e+00 -3.382788e-21 2.797896e-21
3.775397e+00 -2.112181e-20 2.658482e-21
3.776062e+00 9.256016e-22 2.597134e-21
3.776727e+00 -8.088902e-21 3.902256e-21
3.777392e+00 6.411026e-21 3.021267e-21
3.778057e+00 1.404972e-20 4.281170e-21
3.778722e+00 -8.223430e-21 3.020669e-21
3.779387e+00 -6.257407e-22 3.053749e-21
3.780052e+00 -1.453216e-21 2.943419e-21
3.780717e+00 -4.826829e-21 2.895648e-21
3.781382e+00 1.058194e-20 2.751103e-21
3.782047e+00 1.774990e-20 2.664312e-21
3.782712e+00 -9.054040e-21 2.926103e-21
3.783377e+00 1.028409e-20 2.635683e-21
3.784042e+00 1.327193e-20 2.684806e-21
3.784707e+00 2.039970e-20 3.234044e-21
3.785372e+00 1.395652e-20 3.262052e-21
3.786037e+00 3.090987e-21 3.161403e-21
3.786702e+00 -7.901663e-21 2.884866e-21
3.787367e+00 -8.036904e-23 3.005274e-21
3.788032e+00 -2.645833e-21 3.088994e-21
3.788697e+00 1.335830e-20 3.064493e-21
3.789362e+00 -3.073912e-21 2.998946e-21
3.790027e+00 2.485720e-20 3.008065e-21
3.790692e+00 9.288750e-21 3.192380e-21
3.791357e+00 7.029368e-21 2.957030e-21
3.792022e+00 1.946761e-20 3.073756e-21
3.792687e+00 1.700770e-20 3.153984e-21
3.793352e+00 3.287455e-20 2.904181e-21
3.794017e+00 1.981234e-20 2.995122e-21
3.794682e+00 3.288496e-21 2.756801e-21
3.795347e+00 8.571759e-21 3.149995e-21
3.796012e+00 -1.232366e-21 3.141267e-21
3.796677e+00 -3.204585e-21 2.936614e-21
3.797342e+00 -8.612093e-22 3.121328e-21
3.798007e+00 1.423297e-20 2.974430e-21
3.798672e+00 2.700299e-21 3.021071e-21
3.799337e+00 1.952409e-21 3.620227e-21
3.800002e+00 -9.731228e-22 3.018122e-21
3.800667e+00 -4.508460e-21 3.127967e-21
3.801332e+00 -3.001932e-21 2.903960e-21
3.801997e+00 2.665037e-21 3.078355e-21
3.802662e+00 -2.656928e-21 3.134502e-21
3.803327e+00 -9.932104e-22 2.950725e-21
3.803992e+00 9.242729e-21 3.152568e-21
3.804657e+00 -7.258750e-22 3.163353e-21
3.805322e+00 1.882206e-21 3.189284e-21
3.805987e+00 -1.204710e-20 3.056345e-21
3.806652e+00 1.069600e-20 3.053691e-21
3.807317e+00 2.209771e-20 3.113369e-21
3.807982e+00 4.174293e-21 2.794869e-21
3.808647e+00 1.203796e-20 3.228800e-21
3.809312e+00 1.201201e-21 2.976082e-21
3.809977e+00 3.410025e-20 2.830232e-21
3.810642e+00 3.755186e-20 3.015797e-21
3.811307e+00 1.950264e-20 2.931219e-21
3.811972e+00 6.950777e-21 3.322075e-21
3.812637e+00 6.783409e-21 3.013697e-21
3.813302e+00 1.448312e-20 3.005418e-21
3.813967e+00 2.302429e-20 2.847804e-21
3.814632e+00 1.504195e-20 3.137676e-21
3.815297e+00 -3.223525e-21 3.370492e-21
3.815962e+00 -8.338719e-21 3.395730e-21
3.816627e+00 1.841668e-20 3.144878e-21
3.817292e+00 1.329094e-20 3.191847e-21
3.817957e+00 1.323509e-20 2.901023e-21
3.818622e+00 -4.082748e-21 3.366689e-21
3.819287e+00 1.067557e-20 2.779215e-21
3.819952e+00 5.916334e-21 2.711291e-21
3.820617e+00 -4.842664e-21 2.850926e-21
3.821282e+00 -3.660234e-21 2.715871e-21
3.821947e+00 -2.499936e-20 3.190074e-21
3.822612e+00 -5.730985e-21 3.179046e-21
3.823277e+00 8.506623e-22 3.027104e-21
3.823942e+00 -3.270856e-21 2.902236e-21
3.824607e+00 6.199169e-21 2.757479e-21
3.825272e+00 -2.640596e-21 2.663628e-21
3.825937e+00 1.368105e-20 3.015048e-21
3.826602e+00 -2.539681e-21 3.091880e-21
3.827267e+00 -1.206180e-20 2.993529e-21
3.827932e+00 -3.224969e-21 2.666060e-21
3.828597e+00 -5.076869e-21 2.816158e-21
3.829262e+00 6.740996e-21 2.946218e-21
3.829927e+00 -1.705757e-20 4.141290e-21
3.830592e+00 -6.031138e-21 2.965065e-21
3.831257e+00 1.483279e-20 2.972274e-21
3.831922e+00 1.973809e-20 2.961788e-21
3.832587e+00 1.169503e-20 3.029215e-21
3.833252e+00 1.144795e-20 2.809457e-21
3.833917e+00 -2.946851e-21 3.190868e-21
3.834582e+00 -1.302935e-21 2.860091e-21
3.835247e+00 -1.887267e-21 2.795474e-21
3.835912e+00 1.290338e-20 2.862760e-21
3.836577e+00 -1.456838e-20 2.907039e-21
3.837242e+00 2.147885e-21 3.523677e-21
3.837907e+00 -1.026301e-20 2.981770e-21
3.838572e+00 -1.036732e-20 3.554396e-21
3.839237e+00 3.734550e-21 3.038829e-21
3.839902e+00 1.599168e-20 3.057088e-21
3.840567e+00 4.549700e-21 3.061099e-21
3.841232e+00 -4.055222e-21 2.909021e-21
3.841897e+00 -4.340274e-21 2.875051e-21
3.842562e+00 1.869515e-21 3.106160e-21
3.843227e+00 -7.089571e-21 3.021673e-21
3.843892e+00 -7.526648e-21 3.090168e-21
3.844557e+00 3.749495e-21 2.872563e-21
3.845222e+00 9.590000e-21 3.076809e-21
3.845887e+00 2.329209e-21 2.935257e-21
3.846552e+00 -8.595646e-21 3.069847e-21
3.847217e+00 8.572623e-21 2.952854e-21
3.847882e+00 5.298881e-21 3.221517e-21
3.848547e+00 7.114262e-21 3.208663e-21
3.849212e+00 -6.852050e-22 3.370978e-21
3.849877e+00 5.859846e-21 2.932617e-21
3.850542e+00 1.140210e-20 2.938219e-21
3.851207e+00 2.034703e-20 3.197281e-21
3.851872e+00 3.090526e-21 3.057297e-21
3.852537e+00 3.121878e-21 2.946386e-21
3.853202e+00 7.074486e-22 2.921959e-21
3.853867e+00 8.299699e-21 2.846041e-21
3.854532e+00 -1.363614e-20 2.882164e-21
3.855197e+00 9.104165e-21 3.004410e-21
3.855862e+00 -4.927308e-22 3.045549e-21
3.856527e+00 3.421193e-21 2.859153e-21
3.857192e+00 1.839407e-20 2.940082e-21
3.857857e+00 1.766591e-20 3.138063e-21
3.858522e+00 3.084192e-20 3.069511e-21
3.859187e+00 3.217861e-20 3.123248e-21
3.859852e+00 7.673358e-21 3.025452e-21
3.860517e+00 -2.779416e-21 2.971789e-21
3.861182e+00 -3.131247e-22 2.807314e-21
3.861847e+00 5.573996e-21 3.118949e-21
3.862512e+00 1.198391e-20 2.731478e-21
3.863177e+00 2.230289e-20 2.791950e-21
3.863842e+00 -6.047136e-21 2.651433e-21
3.864507e+00 1.844732e-21 2.776661e-21
3.865172e+00 -7.475281e-21 2.934474e-21
3.865837e+00 -5.761027e-21 2.782706e-21
3.866502e+00 1.095521e-20 2.849820e-21
3.867167e+00 -1.036610e-20 2.952263e-21
3.867832e+00 -8.245258e-21 2.872075e-21
3.868497e+00 -5.916791e-21 3.166613e-21
3.869162e+00 6.523365e-21 2.908768e-21
3.869827e+00 3.586714e-21 2.783741e-21
3.870492e+00 -8.573443e-22 2.603542e-21
3.871157e+00 -1.542372e-21 2.720426e-21
3.871822e+00 1.701814e-20 2.781722e-21
3.872487e+00 6.313326e-21 2.704731e-21
3.873152e+00 1.052413e-21 2.935248e-21
3.873817e+00 2.312384e-20 2.768353e-21
3.874482e+00 1.851341e-20 2.781797e-21
3.875147e+00 1.897848e-20 2.653250e-21
3.875812e+00 2.015101e-20 2.967674e-21
3.876477e+00 1.793777e-20 3.056523e-21
3.877142e+00 -5.028025e-21 2.787883e-21
3.877807e+00 1.211009e-20 2.829274e-21
3.878472e+00 8.101385e-21 2.884625e-21
3.879137e+00 1.637764e-20 2.715758e-21
3.879802e+00 3.483486e-20 3.019071e-21
3.880467e+00 3.192567e-20 3.196879e-21
3.881132e+00 2.398695e-20 3.406404e-21
3.881797e+00 4.034012e-20 5.883144e-21
3.882462e+00 1.626831e-20 3.269055e-21
3.883127e+00 1.797533e-20 3.246237e-21
3.883792e+00 1.868096e-21 2.880969e-21
3.884457e+00 -2.113437e-20 2.798050e-21
3.885122e+00 -9.016062e-23 2.986962e-21
3.885787e+00 1.335748e-20 3.069408e-21
3.886452e+00 2.686335e-21 2.953644e-21
3.887117e+00 1.359291e-20 2.774091e-21
3.887782e+00 2.418123e-20 3.012278e-21
3.888447e+00 2.695455e-20 3.168957e-21
3.889112e+00 1.563981e-20 2.594268e-21
3.889777e+00 7.947912e-21 3.001953e-21
3.890442e+00 2.748580e-20 3.299635e-21
3.891107e+00 1.062591e-20 3.195315e-21
3.891772e+00 2.516832e-20 3.457562e-21
3.892437e+00 1.529805e-20 3.055134e-21
3.893102e+00 -2.146199e-21 2.980679e-21
3.893767e+00 1.063183e-20 3.010931e-21
3.894432e+00 2.146541e-20 2.821499e-21
3.895097e+00 5.415678e-21 2.865460e-21
3.895762e+00 4.495845e-21 3.002728e-21
3.896427e+00 -2.796139e-21 2.918132e-21
3.897092e+00 7.174558e-21 3.091414e-21
3.897757e+00 -9.476081e-21 3.141606e-21
3.898422e+00 1.178226e-20 3.141679e-21
3.899087e+00 7.142537e-21 2.887860e-21
3.899752e+00 1.086488e-20 2.892147e-21
3.900417e+00 1.821489e-20 3.016708e-21
3.901082e+00 -7.477027e-22 2.979115e-21
3.901747e+00 8.533540e-21 3.128642e-21
3.902412e+00 2.264028e-20 2.797882e-21
3.903077e+00 1.614893e-20 2.967653e-21
3.903742e+00 2.067344e-20 3.195834e-21
3.904407e+00 3.015521e-20 3.501666e-21
3.905072e+00 2.634928e-20 3.378021e-21
3.905737e+00 4.667714e-20 3.007033e-21
3.906402e+00 1.736317e-20 2.851418e-21
3.907067e+00 7.112947e-21 2.910685e-21
3.907732e+00 5.499847e-21 2.874000e-21
3.908397e+00 8.987384e-21 3.152865e-21
3.909062e+00 4.177498e-21 2.942283e-21
3.909727e+00 1.312812e-20 2.938546e-21
3.910392e+00 8.488715e-21 3.049518e-21
3.911057e+00 1.714094e-20 3.011949e-21
3.911722e+00 1.937333e-20 2.986430e-21
3.912387e+00 1.694270e-21 2.873985e-21
3.913052e+00 -3.257149e-21 2.919165e-21
3.913717e+00 -7.643779e-21 3.200941e-21
3.914382e+00 1.621760e-20 2.852146e-21
3.915047e+00 4.473268e-21 2.834657e-21
3.915712e+00 -1.297935e-21 2.823905e-21
3.916377e+00 -6.680983e-21 2.939306e-21
3.917042e+00 -6.921683e-21 2.814661e-21
3.917707e+00 1.997975e-21 2.778413e-21
3.918372e+00 4.952797e-21 2.601530e-21
3.919037e+00 1.776986e-20 2.787960e-21
3.919702e+00 3.806476e-21 2.922283e-21
3.920367e+00 1.697018e-20 2.646414e-21
3.921032e+00 2.054829e-20 2.795753e-21
3.921697e+00 -1.216698e-20 2.860456e-21
3.922362e+00 1.130235e-20 2.779429e-21
3.923027e+00 2.318050e-20 2.582647e-21
3.923692e+00 7.535304e-21 2.917739e-21
3.924357e+00 1.635186e-20 3.119506e-21
3.925022e+00 9.435743e-21 2.891736e-21
3.925687e+00 1.201082e-20 2.606090e-21
3.926352e+00 2.167881e-20 2.595874e-21
3.927017e+00 2.105769e-20 2.793636e-21
3.927682e+00 1.425291e-20 2.812466e-21
3.928347e+00 -1.642454e-21 2.776497e-21
3.929012e+00 1.547482e-20 2.861760e-21
3.929677e+00 2.165502e-20 2.672334e-21
3.930342e+00 6.082614e-23 2.698868e-21
3.931007e+00 1.475043e-20 2.724409e-21
3.931672e+00 1.318307e-20 2.994209e-21
3.932337e+00 4.800289e-21 2.738201e-21
3.933002e+00 4.914125e-21 2.660057e-21
3.933667e+00 -1.095568e-20 2.534664e-21
3.934332e+00 1.917412e-20 4.027384e-21
3.934997e+00 4.740161e-20 1.766460e-20
3.935662e+00 1.502742e-20 2.696210e-21
3.936327e+00 7.669046e-21 2.950726e-21
3.936992e+00 -4.097440e-21 2.942076e-21
3.937657e+00 -1.117192e-20 2.742302e-21
3.938322e+00 1.110427e-20 2.831223e-21
3.938987e+00 6.144650e-21 2.944068e-21
3.939652e+00 -2.773390e-21 2.956044e-21
3.940317e+00 -8.541576e-21 3.088409e-21
3.940982e+00 4.820971e-21 2.912985e-21
3.941647e+00 -8.033715e-21 2.822666e-21
3.942312e+00 7.487831e-21 2.897223e-21
3.942977e+00 1.481544e-21 2.714334e-21
3.943642e+00 -1.477773e-21 2.930825e-21
3.944307e+00 -5.749006e-21 2.636003e-21
3.944972e+00 -1.296124e-20 2.808785e-21
3.945637e+00 -2.874669e-20 2.488422e-21
3.946302e+00 1.173893e-21 2.723266e-21
3.946967e+00 -1.224627e-20 2.952399e-21
3.947632e+00 -1.827811e-20 2.806028e-21
3.948297e+00 1.572762e-21 2.683949e-21
3.948962e+00 -1.066746e-20 2.921566e-21
3.949627e+00 -1.091371e-20 3.387793e-21
3.950292e+00 8.783216e-21 3.861152e-21
3.950957e+00 1.262592e-20 2.812960e-21
3.951622e+00 1.478197e-20 3.070120e-21
3.952287e+00 -9.389469e-21 2.982070e-21
3.952952e+00 2.551330e-20 2.884852e-21
3.953617e+00 6.625459e-21 2.990377e-21
3.954282e+00 -1.314844e-20 2.838666e-21
3.954947e+00 2.549386e-21 2.986660e-21
3.955612e+00 1.442075e-20 2.881375e-21
3.956277e+00 2.663117e-21 3.081646e-21
3.956942e+00 -8.957080e-21 3.031301e-21
3.957607e+00 6.158182e-23 2.956902e-21
3.958272e+00 -2.749373e-22 2.720141e-21
3.958937e+00 2.283404e-20 2.770475e-21
3.959602e+00 1.529328e-20 3.601082e-21
3.960267e+00 -1.346694e-20 2.871357e-21
3.960932e+00 -2.597183e-20 2.927807e-21
3.961597e+00 -5.557365e-21 2.745517e-21
3.962262e+00 -5.754146e-21 2.677863e-21
3.962927e+00 -2.072409e-21 3.013568e-21
3.963592e+00 -2.798341e-20 2.676812e-21
3.964257e+00 9.197206e-21 2.886129e-21
3.964922e+00 7.576006e-21 2.920877e-21
3.965587e+00 4.430285e-21 2.762371e-21
3.966252e+00 1.061970e-20 2.927989e-21
3.966917e+00 -1.692366e-20 2.816122e-21
3.967582e+00 -2.031941e-20 2.511981e-21
3.968247e+00 -5.778307e-21 2.886960e-21
3.968912e+00 -1.427015e-21 2.643413e-21
3.969577e+00 -1.059871e-20 2.712487e-21
3.970242e+00 1.392576e-20 2.746162e-21
3.970907e+00 1.560204e-20 2.861019e-21
3.971572e+00 7.421132e-21 2.615331e-21
3.972237e+00 -2.319607e-21 2.747603e-21
3.972902e+00 2.948757e-21 2.830720e-21
3.973567e+00 1.560247e-20 2.936702e-21
3.974232e+00 6.957562e-21 2.798433e-21
3.974897e+00 -1.640965e-21 2.702849e-21
3.975562e+00 -2.755885e-22 2.812676e-21
3.976227e+00 9.199047e-21 2.789431e-21
3.976892e+00 1.015769e-20 2.565565e-21
3.977557e+00 6.317126e-21 2.901661e-21
3.978222e+00 2.652400e-20 3.119623e-21
3.978887e+00 3.226317e-20 3.865283e-21
3.979552e+00 1.091345e-20 3.494318e-21
3.980217e+00 9.420541e-21 3.977911e-21
3.980882e+00 1.448527e-20 2.828523e-21
3.981547e+00 2.358388e-20 4.347989e-21
3.982212e+00 4.383550e-21 5.631074e-21
3.982877e+00 2.746204e-21 4.012957e-21
3.983542e+00 -9.472077e-21 2.771150e-21
3.984207e+00 1.760931e-20 2.802490e-21
3.984872e+00 1.306224e-20 2.729351e-21
3.985537e+00 1.084878e-20 3.152835e-21
3.986202e+00 -1.078954e-21 3.170792e-21
3.986867e+00 5.891065e-21 3.042327e-21
3.987532e+00 -4.729604e-21 2.765598e-21
3.988197e+00 5.078052e-21 2.591809e-21
3.988862e+00 -2.193350e-21 2.647468e-21
3.989527e+00 1.854440e-20 2.774324e-21
3.990192e+00 2.257403e-20 2.626959e-21
3.990857e+00 2.947836e-21 2.703462e-21
3.991522e+00 1.387443e-20 2.632396e-21
3.992187e+00 7.471694e-21 2.764860e-21
3.992852e+00 2.073439e-20 3.195635e-21
3.993517e+00 -5.149208e-21 2.814197e-21
3.994182e+00 1.139579e-20 2.747235e-21
3.994847e+00 8.895232e-21 2.766971e-21
3.995512e+00 1.147582e-20 2.854015e-21
3.996177e+00 -2.784334e-21 2.919170e-21
3.996842e+00 1.018642e-20 2.800110e-21
3.997507e+00 -2.102453e-21 2.835092e-21
3.998172e+00 -6.206151e-21 2.891218e-21
3.998837e+00 8.993374e-21 2.753601e-21
3.999502e+00 1.487375e-20 2.704130e-21
4.000167e+00 -1.820909e-21 2.958156e-21
4.000832e+00 3.046816e-20 2.930028e-21
4.001497e+00 -1.791139e-21 2.695722e-21
4.002162e+00 -1.821567e-21 2.839359e-21
4.002827e+00 2.149785e-20 2.878251e-21
4.003492e+00 1.976562e-20 2.992176e-21
4.004157e+00 1.893166e-20 3.046472e-21
4.004822e+00 2.136203e-20 3.188229e-21
4.005487e+00 1.516650e-20 3.073576e-21
4.006152e+00 5.151719e-20 3.744221e-21
4.006817e+00 1.342925e-20 3.220929e-21
4.007482e+00 1.680322e-20 3.825828e-21
4.008147e+00 4.789294e-21 4.082781e-21
4.008812e+00 -1.401151e-20 3.487364e-21
4.009477e+00 -1.400983e-20 3.227519e-21
4.010142e+00 1.373856e-20 3.334787e-21
4.010807e+00 nan nan
4.011472e+00 nan nan
4.012137e+00 nan nan
4.012802e+00 nan nan
4.013467e+00 nan nan
4.014132e+00 nan nan
4.014797e+00 nan nan
4.015462e+00 nan nan
4.016127e+00 nan nan
4.016792e+00 nan nan
4.017457e+00 nan nan
4.018122e+00 nan nan
4.018787e+00 nan nan
4.019452e+00 nan nan
4.020117e+00 nan nan
4.020782e+00 nan nan
4.021447e+00 nan nan
4.022112e+00 nan nan
4.022777e+00 nan nan
4.023442e+00 nan nan
4.024107e+00 nan nan
4.024772e+00 nan nan
4.025437e+00 nan nan
4.026102e+00 nan nan
4.026767e+00 nan nan
4.027432e+00 nan nan
4.028097e+00 nan nan
4.028762e+00 nan nan
4.029427e+00 nan nan
4.030092e+00 nan nan
4.030757e+00 nan nan
4.031422e+00 nan nan
4.032087e+00 nan nan
4.032752e+00 nan nan
4.033417e+00 nan nan
4.034082e+00 nan nan
4.034747e+00 nan nan
4.035412e+00 nan nan
4.036077e+00 nan nan
4.036742e+00 nan nan
4.037407e+00 nan nan
4.038072e+00 nan nan
4.038737e+00 nan nan
4.039402e+00 nan nan
4.040067e+00 nan nan
4.040732e+00 nan nan
4.041397e+00 nan nan
4.042062e+00 nan nan
4.042727e+00 nan nan
4.043392e+00 nan nan
4.044057e+00 nan nan
4.044722e+00 nan nan
4.045387e+00 nan nan
4.046052e+00 nan nan
4.046717e+00 nan nan
4.047382e+00 nan nan
4.048047e+00 nan nan
4.048712e+00 nan nan
4.049377e+00 nan nan
4.050042e+00 nan nan
4.050707e+00 nan nan
4.051372e+00 nan nan
4.052037e+00 nan nan
4.052702e+00 nan nan
4.053367e+00 nan nan
4.054032e+00 nan nan
4.054697e+00 nan nan
4.055362e+00 nan nan
4.056027e+00 nan nan
4.056692e+00 nan nan
4.057357e+00 nan nan
4.058022e+00 nan nan
4.058687e+00 nan nan
4.059352e+00 nan nan
4.060017e+00 nan nan
4.060682e+00 nan nan
4.061347e+00 nan nan
4.062012e+00 nan nan
4.062677e+00 nan nan
4.063342e+00 nan nan
4.064007e+00 nan nan
4.064672e+00 nan nan
4.065337e+00 nan nan
4.066002e+00 nan nan
4.066667e+00 nan nan
4.067332e+00 nan nan
4.067997e+00 nan nan
4.068662e+00 nan nan
4.069327e+00 nan nan
4.069992e+00 nan nan
4.070657e+00 nan nan
4.071322e+00 nan nan
4.071987e+00 nan nan
4.072652e+00 nan nan
4.073317e+00 nan nan
4.073982e+00 nan nan
4.074647e+00 nan nan
4.075312e+00 nan nan
4.075977e+00 nan nan
4.076642e+00 nan nan
4.077307e+00 nan nan
4.077972e+00 nan nan
4.078637e+00 nan nan
4.079302e+00 nan nan
4.079967e+00 nan nan
4.080632e+00 nan nan
4.081297e+00 nan nan
4.081962e+00 nan nan
4.082627e+00 nan nan
4.083292e+00 nan nan
4.083957e+00 nan nan
4.084622e+00 nan nan
4.085287e+00 nan nan
4.085952e+00 nan nan
4.086617e+00 nan nan
4.087282e+00 nan nan
4.087947e+00 nan nan
4.088612e+00 nan nan
4.089277e+00 nan nan
4.089942e+00 nan nan
4.090607e+00 nan nan
4.091272e+00 nan nan
4.091937e+00 nan nan
4.092602e+00 nan nan
4.093267e+00 nan nan
4.093932e+00 nan nan
4.094597e+00 nan nan
4.095262e+00 nan nan
4.095927e+00 nan nan
4.096592e+00 nan nan
4.097257e+00 nan nan
4.097922e+00 nan nan
4.098587e+00 nan nan
4.099252e+00 nan nan
4.099917e+00 nan nan
4.100582e+00 nan nan
4.101247e+00 nan nan
4.101912e+00 nan nan
4.102577e+00 nan nan
4.103242e+00 nan nan
4.103907e+00 nan nan
4.104572e+00 nan nan
4.105237e+00 nan nan
4.105902e+00 nan nan
4.106567e+00 nan nan
4.107232e+00 nan nan
4.107897e+00 nan nan
4.108562e+00 nan nan
4.109227e+00 nan nan
4.109892e+00 nan nan
4.110557e+00 nan nan
4.111222e+00 nan nan
4.111887e+00 nan nan
4.112552e+00 nan nan
4.113217e+00 nan nan
4.113882e+00 nan nan
4.114547e+00 nan nan
4.115212e+00 nan nan
4.115877e+00 nan nan
4.116542e+00 nan nan
4.117207e+00 nan nan
4.117872e+00 nan nan
4.118537e+00 nan nan
4.119202e+00 nan nan
4.119867e+00 nan nan
4.120532e+00 nan nan
4.121197e+00 nan nan
4.121862e+00 nan nan
4.122527e+00 nan nan
4.123192e+00 nan nan
4.123857e+00 nan nan
4.124522e+00 nan nan
4.125187e+00 nan nan
4.125852e+00 nan nan
4.126517e+00 nan nan
4.127182e+00 nan nan
4.127847e+00 nan nan
4.128512e+00 5.799013e-21 6.300738e-21
4.129177e+00 -3.354617e-20 5.577710e-21
4.129842e+00 -2.121801e-20 6.702208e-21
4.130507e+00 3.392028e-20 7.937746e-21
4.131172e+00 -6.415713e-21 7.280870e-21
4.131837e+00 -2.778036e-21 5.821946e-21
4.132502e+00 1.036372e-20 5.688215e-21
4.133167e+00 -3.452450e-23 5.309837e-21
4.133832e+00 1.729777e-21 5.126493e-21
4.134497e+00 1.452606e-20 5.584738e-21
4.135162e+00 3.007617e-20 6.153866e-21
4.135827e+00 -5.612315e-21 5.379018e-21
4.136492e+00 1.132819e-20 5.086528e-21
4.137157e+00 7.713725e-21 4.813940e-21
4.137822e+00 1.036264e-20 5.083619e-21
4.138487e+00 2.085602e-20 5.576171e-21
4.139152e+00 -1.668874e-23 6.339193e-21
4.139817e+00 -2.520468e-20 5.210788e-21
4.140482e+00 -1.817046e-21 5.428100e-21
4.141147e+00 3.729339e-21 4.990728e-21
4.141812e+00 3.328394e-20 6.260159e-21
4.142477e+00 1.076051e-20 5.418863e-21
4.143142e+00 1.601239e-20 7.372886e-21
4.143807e+00 -2.146974e-20 4.951588e-21
4.144472e+00 -1.032029e-21 4.973631e-21
4.145137e+00 -2.442540e-20 5.642745e-21
4.145802e+00 7.885270e-21 5.557390e-21
4.146467e+00 2.178506e-20 6.848251e-21
4.147132e+00 2.660214e-21 5.142194e-21
4.147797e+00 -2.202259e-20 4.831100e-21
4.148462e+00 -3.939159e-21 5.667865e-21
4.149127e+00 1.477497e-20 5.576160e-21
4.149792e+00 -3.805189e-20 5.802507e-21
4.150457e+00 -9.496917e-21 5.317003e-21
4.151122e+00 -6.979665e-21 4.705143e-21
4.151787e+00 -1.947578e-20 5.751845e-21
4.152452e+00 -7.797668e-21 5.512620e-21
4.153117e+00 -3.109844e-20 5.000012e-21
4.153782e+00 -1.319041e-20 4.610359e-21
4.154447e+00 7.572488e-21 5.438563e-21
4.155112e+00 -8.663315e-21 5.468778e-21
4.155777e+00 1.110692e-20 5.188325e-21
4.156442e+00 -1.615131e-20 5.122033e-21
4.157107e+00 1.181683e-20 5.092444e-21
4.157772e+00 1.605611e-20 5.094510e-21
4.158437e+00 -6.056752e-21 4.953955e-21
4.159102e+00 1.310281e-21 4.811385e-21
4.159767e+00 6.327794e-21 6.367962e-21
4.160432e+00 1.671342e-20 6.070114e-21
4.161097e+00 -2.532989e-21 1.223838e-20
4.161762e+00 -4.338607e-21 1.154162e-20
4.162427e+00 -3.499880e-21 5.964684e-21
4.163092e+00 2.359513e-20 5.953222e-21
4.163757e+00 6.560019e-21 4.948468e-21
4.164422e+00 1.494298e-20 4.938443e-21
4.165087e+00 1.338377e-20 5.226571e-21
4.165752e+00 -7.898501e-21 5.401045e-21
4.166417e+00 -2.412702e-20 4.713278e-21
4.167082e+00 -1.033391e-20 4.835603e-21
4.167747e+00 1.839251e-20 7.176319e-21
4.168412e+00 1.145321e-20 5.302416e-21
4.169077e+00 -7.654878e-21 5.565641e-21
4.169742e+00 4.274426e-21 4.725532e-21
4.170407e+00 1.999015e-20 5.076121e-21
4.171072e+00 1.209903e-20 6.664461e-21
4.171737e+00 -8.689547e-23 5.142552e-21
4.172402e+00 -1.045602e-20 5.015955e-21
4.173067e+00 -1.867328e-21 5.238047e-21
4.173732e+00 -7.235000e-21 4.847851e-21
4.174397e+00 -2.312309e-20 5.948970e-21
4.175062e+00 6.301878e-21 5.524675e-21
4.175727e+00 1.542328e-21 4.740005e-21
4.176392e+00 -2.962316e-20 5.757480e-21
4.177057e+00 -1.404045e-20 5.110420e-21
4.177722e+00 -2.210472e-21 5.035482e-21
4.178387e+00 8.966464e-21 4.875804e-21
4.179052e+00 1.588830e-20 6.951898e-21
4.179717e+00 1.288391e-20 6.466179e-21
4.180382e+00 -1.474186e-20 7.220136e-21
4.181047e+00 7.781673e-21 5.197719e-21
4.181712e+00 2.043153e-20 5.960413e-21
4.182377e+00 8.934969e-21 5.819934e-21
4.183042e+00 7.815867e-21 5.052755e-21
4.183707e+00 8.115291e-21 4.466593e-21
4.184372e+00 -1.962571e-20 4.512831e-21
4.185037e+00 -2.554421e-20 7.885949e-21
4.185702e+00 2.213294e-20 7.291214e-21
4.186367e+00 -3.895863e-22 1.102195e-20
4.187032e+00 -1.434030e-20 4.818202e-21
4.187697e+00 2.368801e-22 4.083000e-21
4.188362e+00 1.192561e-21 4.104640e-21
4.189027e+00 -3.638817e-21 4.128039e-21
4.189692e+00 4.050611e-21 3.720508e-21
4.190357e+00 5.768550e-21 3.622163e-21
4.191022e+00 -8.686469e-21 3.909567e-21
4.191687e+00 3.664693e-22 3.580462e-21
4.192352e+00 8.338217e-21 4.200229e-21
4.193017e+00 -1.474158e-21 3.756994e-21
4.193682e+00 -3.798609e-21 3.387733e-21
4.194347e+00 -3.789329e-21 3.672072e-21
4.195012e+00 -8.677985e-21 3.798110e-21
4.195677e+00 2.927560e-20 3.664419e-21
4.196342e+00 3.287228e-20 4.148822e-21
4.197007e+00 1.970820e-20 4.633795e-21
4.197672e+00 -1.340107e-20 3.766899e-21
4.198337e+00 -5.678783e-21 3.379295e-21
4.199002e+00 7.381655e-21 3.922416e-21
4.199667e+00 7.453014e-21 4.303768e-21
4.200332e+00 1.303438e-20 4.040199e-21
4.200997e+00 -1.941273e-20 3.994266e-21
4.201662e+00 -2.649042e-21 3.893500e-21
4.202327e+00 6.914937e-21 4.250469e-21
4.202992e+00 8.749555e-21 3.885055e-21
4.203657e+00 3.240039e-20 4.998527e-21
4.204322e+00 6.503608e-22 4.204899e-21
4.204987e+00 1.037823e-20 4.940010e-21
4.205652e+00 -1.732021e-21 4.321742e-21
4.206317e+00 1.476600e-20 3.745124e-21
4.206982e+00 -1.416295e-20 3.995420e-21
4.207647e+00 4.450738e-21 3.912998e-21
4.208312e+00 1.562704e-20 4.162342e-21
4.208977e+00 -1.908245e-20 3.606329e-21
4.209642e+00 -5.504958e-22 4.048138e-21
4.210307e+00 -3.263737e-20 4.670473e-21
4.210972e+00 -1.804156e-20 4.487477e-21
4.211637e+00 2.803784e-21 4.175227e-21
4.212302e+00 -2.743576e-21 3.839103e-21
4.212967e+00 -8.518427e-21 3.958046e-21
4.213632e+00 8.433574e-21 4.116696e-21
4.214297e+00 2.654579e-20 5.879753e-21
4.214962e+00 3.708350e-20 5.097947e-21
4.215627e+00 3.619036e-21 4.191711e-21
4.216292e+00 -3.442509e-21 3.875013e-21
4.216957e+00 4.322298e-21 3.993055e-21
4.217622e+00 1.665468e-20 4.129945e-21
4.218287e+00 1.444961e-20 3.887298e-21
4.218952e+00 -1.380963e-20 4.142396e-21
4.219617e+00 1.735483e-21 4.055213e-21
4.220282e+00 -5.580455e-21 3.805378e-21
4.220947e+00 9.802875e-21 4.240535e-21
4.221612e+00 3.941039e-22 3.790629e-21
4.222277e+00 -1.153590e-20 4.427251e-21
4.222942e+00 1.326489e-20 4.073645e-21
4.223607e+00 -1.400349e-21 3.995529e-21
4.224272e+00 -2.324327e-20 4.064421e-21
4.224937e+00 5.136369e-21 4.511055e-21
4.225602e+00 1.000423e-20 3.882227e-21
4.226267e+00 9.103303e-21 4.463510e-21
4.226932e+00 4.962525e-21 4.465952e-21
4.227597e+00 1.460505e-20 4.657350e-21
4.228262e+00 -5.443859e-23 4.508356e-21
4.228927e+00 2.880921e-21 4.517989e-21
4.229592e+00 -1.602280e-20 4.136235e-21
4.230257e+00 -1.978503e-21 4.206426e-21
4.230922e+00 4.035025e-21 4.190026e-21
4.231587e+00 -1.017260e-20 4.222608e-21
4.232252e+00 3.736533e-21 5.701032e-21
4.232917e+00 -5.926456e-21 4.152529e-21
4.233582e+00 -3.382728e-21 4.043896e-21
4.234247e+00 1.105950e-20 4.227274e-21
4.234912e+00 -4.659124e-21 4.295563e-21
4.235577e+00 -2.726194e-20 5.219322e-21
4.236242e+00 -1.410183e-20 3.993283e-21
4.236907e+00 8.171230e-21 3.974390e-21
4.237572e+00 8.727451e-21 3.557530e-21
4.238237e+00 1.065863e-20 3.641692e-21
4.238902e+00 5.855495e-21 4.045655e-21
4.239567e+00 -4.378901e-21 4.263326e-21
4.240232e+00 2.862380e-21 4.952773e-21
4.240897e+00 4.900894e-21 4.962715e-21
4.241562e+00 4.632698e-21 4.294919e-21
4.242227e+00 6.355203e-21 4.560698e-21
4.242892e+00 -2.010271e-21 4.161775e-21
4.243557e+00 1.571457e-20 3.960547e-21
4.244222e+00 1.408036e-20 4.123261e-21
4.244887e+00 -9.434515e-21 4.140976e-21
4.245552e+00 -2.868476e-20 4.649426e-21
4.246217e+00 -9.313050e-21 6.174516e-21
4.246882e+00 -2.470213e-20 4.152757e-21
4.247547e+00 -1.531843e-20 4.131097e-21
4.248212e+00 5.623218e-21 4.437558e-21
4.248877e+00 -1.350227e-20 4.015478e-21
4.249542e+00 -1.324916e-20 3.880480e-21
4.250207e+00 -9.177655e-22 4.108107e-21
4.250872e+00 -2.058979e-21 3.876922e-21
4.251537e+00 -1.662183e-20 4.024976e-21
4.252202e+00 -6.842518e-21 4.225083e-21
4.252867e+00 -1.699026e-20 4.165701e-21
4.253532e+00 -3.358629e-20 3.726932e-21
4.254197e+00 1.598490e-20 3.958171e-21
4.254862e+00 -6.772912e-21 4.026610e-21
4.255527e+00 -8.151564e-21 3.973949e-21
4.256192e+00 1.589200e-20 4.939304e-21
4.256857e+00 6.615015e-21 5.078093e-21
4.257522e+00 9.719081e-23 4.157867e-21
4.258187e+00 -2.072817e-20 4.357370e-21
4.258852e+00 1.039227e-21 4.336414e-21
4.259517e+00 4.854494e-21 4.574674e-21
4.260182e+00 -1.179050e-21 4.036622e-21
4.260847e+00 1.743129e-20 4.576220e-21
4.261512e+00 1.020862e-20 3.972157e-21
4.262177e+00 1.074529e-21 4.125440e-21
4.262842e+00 -3.787268e-22 4.796898e-21
4.263507e+00 2.897360e-20 4.292687e-21
4.264172e+00 -4.839240e-22 4.069484e-21
4.264837e+00 1.092776e-20 4.463787e-21
4.265502e+00 8.080246e-21 4.016686e-21
4.266167e+00 9.449488e-21 3.985722e-21
4.266832e+00 -9.546648e-21 4.224970e-21
4.267497e+00 9.153482e-21 4.203699e-21
4.268162e+00 8.750607e-21 3.633041e-21
4.268827e+00 -7.789050e-21 3.977610e-21
4.269492e+00 -1.157772e-20 3.721599e-21
4.270157e+00 2.455327e-20 3.853712e-21
4.270822e+00 1.223381e-20 3.941656e-21
4.271487e+00 -3.962072e-22 4.197918e-21
4.272152e+00 9.271552e-21 4.443094e-21
4.272817e+00 6.261307e-21 7.723208e-21
4.273482e+00 2.709226e-20 5.084618e-21
4.274147e+00 8.957775e-21 3.940649e-21
4.274812e+00 2.403437e-20 4.894756e-21
4.275477e+00 1.061596e-20 3.907062e-21
4.276142e+00 9.864662e-21 4.618598e-21
4.276807e+00 3.080824e-20 4.494753e-21
4.277472e+00 1.695983e-20 3.889549e-21
4.278137e+00 -1.455234e-20 4.119219e-21
4.278802e+00 6.388426e-21 4.642295e-21
4.279467e+00 4.243298e-21 4.129278e-21
4.280132e+00 1.234782e-20 3.979347e-21
4.280797e+00 -3.257926e-21 4.205911e-21
4.281462e+00 9.621561e-21 4.090298e-21
4.282127e+00 1.803126e-20 4.024204e-21
4.282792e+00 -3.747499e-21 3.967871e-21
4.283457e+00 9.012725e-21 4.512033e-21
4.284122e+00 1.116719e-21 3.932117e-21
4.284787e+00 1.118839e-20 3.930570e-21
4.285452e+00 7.060789e-21 4.712649e-21
4.286117e+00 7.524649e-21 4.190662e-21
4.286782e+00 -2.327959e-21 3.983893e-21
4.287447e+00 -7.870528e-21 3.929037e-21
4.288112e+00 2.608950e-20 4.053216e-21
4.288777e+00 3.208338e-20 4.189897e-21
4.289442e+00 -4.350717e-21 3.900692e-21
4.290107e+00 -1.705274e-20 3.790322e-21
4.290772e+00 -1.767901e-21 3.980062e-21
4.291437e+00 -2.141372e-20 3.990218e-21
4.292102e+00 1.725874e-21 4.248395e-21
4.292767e+00 1.029710e-20 3.913509e-21
4.293432e+00 -8.561366e-21 3.907736e-21
4.294097e+00 -4.816886e-21 4.230549e-21
4.294762e+00 1.586445e-21 3.725694e-21
4.295427e+00 7.872784e-21 4.153717e-21
4.296092e+00 1.015245e-20 4.159620e-21
4.296757e+00 -3.903835e-22 4.866480e-21
4.297422e+00 -1.692368e-20 4.373472e-21
4.298087e+00 -2.498023e-21 3.973092e-21
4.298752e+00 -5.181334e-21 4.116680e-21
4.299417e+00 -2.193255e-20 3.968418e-21
4.300082e+00 -4.997207e-21 4.658494e-21
4.300747e+00 3.056423e-20 6.381775e-21
4.301412e+00 3.305736e-20 1.083735e-20
4.302077e+00 2.714751e-20 8.671372e-21
4.302742e+00 -2.050247e-20 9.512303e-21
4.303407e+00 -2.704161e-21 3.781988e-21
4.304072e+00 -1.755922e-20 4.013543e-21
4.304737e+00 2.845115e-20 4.280219e-21
4.305402e+00 2.843264e-20 3.989202e-21
4.306067e+00 1.802408e-20 4.569105e-21
4.306732e+00 1.698225e-20 3.996979e-21
4.307397e+00 -1.811817e-20 4.031664e-21
4.308062e+00 2.663690e-20 4.374762e-21
4.308727e+00 3.165234e-20 3.910151e-21
4.309392e+00 4.722612e-21 4.257249e-21
4.310057e+00 1.936611e-20 8.963400e-21
4.310722e+00 1.284081e-20 4.398592e-21
4.311387e+00 1.664606e-20 9.329843e-21
4.312052e+00 3.744334e-21 4.334602e-21
4.312717e+00 4.482398e-21 4.337363e-21
4.313382e+00 3.142751e-21 5.000200e-21
4.314047e+00 1.420715e-20 4.537122e-21
4.314712e+00 -2.486187e-21 4.320236e-21
4.315377e+00 1.084883e-20 5.766114e-20
4.316042e+00 1.504175e-20 5.391709e-21
4.316707e+00 -9.487333e-21 5.490836e-20
4.317372e+00 5.521959e-21 5.758170e-21
4.318037e+00 8.766975e-21 4.432885e-21
4.318702e+00 2.212584e-20 4.079130e-21
4.319367e+00 2.261799e-20 4.208154e-21
4.320032e+00 1.266709e-20 4.680725e-21
4.320697e+00 -1.116447e-20 4.546777e-21
4.321362e+00 -4.975177e-21 4.865802e-21
4.322027e+00 3.214416e-21 4.171736e-21
4.322692e+00 1.027348e-20 4.316056e-21
4.323357e+00 -9.922064e-21 3.797238e-21
4.324022e+00 -1.510042e-21 4.053448e-21
4.324687e+00 2.324850e-20 4.089665e-21
4.325352e+00 8.658250e-21 5.874696e-21
4.326017e+00 1.520722e-20 4.520902e-21
4.326682e+00 3.458963e-20 4.738298e-21
4.327347e+00 8.726196e-21 4.259112e-21
4.328012e+00 2.592725e-20 4.480040e-21
4.328677e+00 4.551951e-20 3.964460e-21
4.329342e+00 -6.219241e-21 4.228844e-21
4.330007e+00 -1.992004e-20 4.501020e-21
4.330672e+00 2.480029e-21 4.521501e-21
4.331337e+00 1.951538e-21 5.104976e-21
4.332002e+00 -1.007258e-20 5.772211e-21
4.332667e+00 -4.979601e-21 6.286258e-21
4.333332e+00 -7.774519e-21 4.231988e-21
4.333997e+00 -4.821364e-21 4.512020e-21
4.334662e+00 -4.750900e-21 4.164765e-21
4.335327e+00 6.974132e-21 4.431171e-21
4.335992e+00 2.536102e-20 5.124339e-21
4.336657e+00 1.997938e-21 4.877701e-21
4.337322e+00 -1.466484e-20 4.427425e-21
4.337987e+00 -1.309377e-20 4.118059e-21
4.338652e+00 -9.775313e-21 4.296121e-21
4.339317e+00 -1.535645e-20 4.289556e-21
4.339982e+00 -4.437705e-21 4.790200e-21
4.340647e+00 1.890000e-20 4.101645e-21
4.341312e+00 2.001557e-20 4.021968e-21
4.341977e+00 -4.962795e-21 4.535641e-21
4.342642e+00 -2.041818e-20 4.195617e-21
4.343307e+00 -2.848976e-21 4.079844e-21
4.343972e+00 -9.719810e-21 4.319242e-21
4.344637e+00 -1.337032e-20 5.494452e-21
4.345302e+00 -1.388815e-20 5.634067e-21
4.345967e+00 1.383491e-20 5.366785e-21
4.346632e+00 1.543198e-20 4.096554e-21
4.347297e+00 -1.086992e-20 4.081158e-21
4.347962e+00 2.088829e-20 4.146463e-21
4.348627e+00 1.645704e-20 4.176200e-21
4.349292e+00 1.007890e-20 5.598385e-21
4.349957e+00 3.028273e-21 5.051714e-21
4.350622e+00 -9.703240e-21 3.987385e-21
4.351287e+00 2.369438e-20 4.137980e-21
4.351952e+00 1.810844e-20 4.053761e-21
4.352617e+00 -2.199430e-21 3.910787e-21
4.353282e+00 8.673533e-21 4.318495e-21
4.353947e+00 3.124683e-20 5.194747e-21
4.354612e+00 -5.044782e-21 4.669998e-21
4.355277e+00 5.825060e-20 5.299358e-21
4.355942e+00 1.850239e-20 4.046092e-21
4.356607e+00 2.393609e-20 3.978370e-21
4.357272e+00 -8.636835e-21 4.167704e-21
4.357937e+00 -4.433659e-21 3.772230e-21
4.358602e+00 1.535884e-20 4.676724e-21
4.359267e+00 1.063576e-20 4.360605e-21
4.359932e+00 5.967048e-22 4.530893e-21
4.360597e+00 -1.291674e-20 4.113420e-21
4.361262e+00 -6.924093e-21 3.964244e-21
4.361927e+00 -1.906180e-21 4.325165e-21
4.362592e+00 -1.063334e-20 4.491899e-21
4.363257e+00 8.947356e-21 4.149602e-21
4.363922e+00 7.289540e-21 3.963157e-21
4.364587e+00 -1.254823e-20 3.923472e-21
4.365252e+00 -2.926609e-22 4.412584e-21
4.365917e+00 -1.742197e-20 4.217069e-21
4.366582e+00 -6.556570e-21 4.874531e-21
4.367247e+00 -7.633803e-21 4.708442e-21
4.367912e+00 5.943666e-21 4.667117e-21
4.368577e+00 3.979238e-21 3.866331e-21
4.369242e+00 1.831585e-20 4.515654e-21
4.369907e+00 -9.631703e-21 3.683690e-21
4.370572e+00 -5.970244e-21 4.372172e-21
4.371237e+00 2.386390e-20 4.259852e-21
4.371902e+00 2.187455e-20 4.114190e-21
4.372567e+00 1.283539e-20 4.696615e-21
4.373232e+00 2.587576e-20 4.735179e-21
4.373897e+00 -5.604632e-21 4.185297e-21
4.374562e+00 -8.191947e-21 4.463588e-21
4.375227e+00 -1.084391e-20 4.096213e-21
4.375892e+00 -1.829475e-21 4.533466e-21
4.376557e+00 -1.856147e-20 3.989163e-21
4.377222e+00 -7.458631e-21 4.094591e-21
4.377887e+00 5.327299e-21 4.181984e-21
4.378552e+00 -5.780814e-21 4.002492e-21
4.379217e+00 -4.427615e-21 4.831692e-21
4.379882e+00 1.344467e-20 4.432003e-21
4.380547e+00 2.880338e-20 4.393314e-21
4.381212e+00 3.295147e-21 4.214367e-21
4.381877e+00 4.101121e-21 4.536907e-21
4.382542e+00 1.906338e-20 4.040070e-21
4.383207e+00 3.048825e-20 5.030272e-21
4.383872e+00 2.211481e-20 4.601841e-21
4.384537e+00 3.599498e-21 4.270334e-21
4.385202e+00 -3.423644e-20 4.293707e-21
4.385867e+00 6.792806e-21 4.141844e-21
4.386532e+00 -1.340460e-20 4.283417e-21
4.387197e+00 -1.347928e-20 4.105914e-21
4.387862e+00 1.923286e-20 4.137602e-21
4.388527e+00 6.476248e-21 4.732670e-21
4.389192e+00 1.628457e-20 4.295055e-21
4.389857e+00 1.315114e-20 6.242164e-21
4.390522e+00 2.316471e-20 4.352147e-21
4.391187e+00 -1.503825e-21 4.459140e-21
4.391852e+00 -2.199199e-20 3.901177e-21
4.392517e+00 -1.371473e-20 4.180322e-21
4.393182e+00 -1.225167e-21 4.068465e-21
4.393847e+00 -4.451399e-21 4.312234e-21
4.394512e+00 2.334239e-20 4.304984e-21
4.395177e+00 9.489519e-21 3.918770e-21
4.395842e+00 -7.958438e-21 4.271826e-21
4.396507e+00 -1.098336e-20 4.328950e-21
4.397172e+00 -8.659495e-21 4.627565e-21
4.397837e+00 2.156387e-20 4.596016e-21
4.398502e+00 -2.013913e-20 4.191124e-21
4.399167e+00 -5.424250e-21 4.201693e-21
4.399832e+00 1.217223e-20 4.510577e-21
4.400497e+00 8.215456e-21 4.203890e-21
4.401162e+00 4.457919e-21 4.034420e-21
4.401827e+00 2.305145e-20 4.297099e-21
4.402492e+00 4.804974e-21 4.718180e-21
4.403157e+00 -1.813280e-20 4.792956e-21
4.403822e+00 -1.501245e-21 6.407077e-21
4.404487e+00 8.480765e-21 5.312685e-21
4.405152e+00 -1.161602e-20 4.419016e-21
4.405817e+00 -7.303879e-21 4.316105e-21
4.406482e+00 -2.705705e-20 4.142316e-21
4.407147e+00 -7.754225e-21 4.270415e-21
4.407812e+00 2.756920e-21 4.033739e-21
4.408477e+00 -2.275636e-20 4.496231e-21
4.409142e+00 -1.450440e-21 4.291487e-21
4.409807e+00 7.011107e-21 4.394427e-21
4.410472e+00 -1.450845e-20 4.519652e-21
4.411137e+00 -1.389985e-20 4.297400e-21
4.411802e+00 1.458361e-20 4.209040e-21
4.412467e+00 -1.100882e-21 4.763786e-21
4.413132e+00 -1.093877e-20 4.288988e-21
4.413797e+00 -5.766147e-21 4.340111e-21
4.414462e+00 -3.369768e-21 4.419414e-21
4.415127e+00 3.869093e-21 4.186560e-21
4.415792e+00 4.443363e-21 4.849793e-21
4.416457e+00 9.412544e-21 5.677855e-21
4.417122e+00 -2.143798e-21 4.494452e-21
4.417787e+00 1.355924e-20 3.952689e-21
4.418452e+00 6.362564e-21 4.343866e-21
4.419117e+00 1.701412e-20 4.203113e-21
4.419782e+00 -1.156359e-20 4.290289e-21
4.420447e+00 2.140223e-22 4.204832e-21
4.421112e+00 4.148110e-21 4.032100e-21
4.421777e+00 4.024410e-21 4.361399e-21
4.422442e+00 -4.409796e-21 4.042379e-21
4.423107e+00 -6.501480e-21 5.067990e-21
4.423772e+00 3.135572e-20 4.028024e-21
4.424437e+00 1.559979e-20 4.260785e-21
4.425102e+00 1.467974e-20 4.864479e-21
4.425767e+00 7.518192e-21 5.243908e-21
4.426432e+00 1.195391e-21 4.512862e-21
4.427097e+00 -1.578201e-20 4.244670e-21
4.427762e+00 -2.419063e-20 4.265211e-21
4.428427e+00 2.471413e-21 4.165490e-21
4.429092e+00 2.004150e-20 4.532375e-21
4.429757e+00 -1.079187e-20 4.510459e-21
4.430422e+00 -2.203881e-20 3.957681e-21
4.431087e+00 8.238579e-21 4.666219e-21
4.431752e+00 3.181655e-21 4.144229e-21
4.432417e+00 -1.339642e-21 4.565589e-21
4.433082e+00 -1.643422e-21 4.662026e-21
4.433747e+00 1.040436e-20 4.225905e-21
4.434412e+00 3.139752e-21 4.278728e-21
4.435077e+00 1.398591e-21 4.205189e-21
4.435742e+00 -5.199278e-20 4.113452e-21
4.436407e+00 -2.696316e-20 4.371392e-21
4.437072e+00 6.264092e-21 5.126271e-21
4.437737e+00 4.848295e-21 3.889803e-21
4.438402e+00 4.841328e-21 4.028802e-21
4.439067e+00 -5.129362e-22 4.308335e-21
4.439732e+00 -3.960097e-20 1.316357e-20
4.440397e+00 -2.058712e-20 5.292132e-21
4.441062e+00 1.836674e-20 1.281825e-20
4.441727e+00 -1.915794e-21 5.457635e-21
4.442392e+00 -8.274861e-21 4.233645e-21
4.443057e+00 -2.628635e-20 4.143983e-21
4.443722e+00 -2.513105e-21 4.590332e-21
4.444387e+00 -7.225506e-21 4.335168e-21
4.445052e+00 -1.611593e-20 4.186470e-21
4.445717e+00 -1.869427e-20 5.329516e-21
4.446382e+00 -2.250880e-20 4.306614e-21
4.447047e+00 -2.043761e-20 4.437930e-21
4.447712e+00 -6.035917e-21 4.247632e-21
4.448377e+00 -7.506531e-21 4.221220e-21
4.449042e+00 -3.130804e-20 4.141315e-21
4.449707e+00 -2.180712e-20 4.366113e-21
4.450372e+00 -2.357310e-20 4.725432e-21
4.451037e+00 -8.212321e-21 4.471713e-21
4.451702e+00 -1.220973e-20 4.402924e-21
4.452367e+00 -2.485994e-21 4.332610e-21
4.453032e+00 -1.395422e-20 4.446324e-21
4.453697e+00 -9.778152e-21 4.313921e-21
4.454362e+00 7.143025e-21 4.607647e-21
4.455027e+00 -2.019360e-22 4.533607e-21
4.455692e+00 -2.027898e-20 4.489472e-21
4.456357e+00 1.029826e-21 4.623114e-21
4.457022e+00 1.222025e-20 4.394984e-21
4.457687e+00 -2.393646e-21 4.063316e-21
4.458352e+00 1.011624e-20 4.163085e-21
4.459017e+00 1.833003e-20 4.498508e-21
4.459682e+00 -8.397580e-21 4.950669e-21
4.460347e+00 7.074235e-21 4.606908e-21
4.461012e+00 2.327518e-20 4.940526e-21
4.461677e+00 7.774260e-21 4.441161e-21
4.462342e+00 7.448412e-21 5.033701e-21
4.463007e+00 -5.334246e-23 4.136011e-21
4.463672e+00 3.254015e-20 4.522262e-21
4.464337e+00 1.192218e-20 4.921264e-21
4.465002e+00 -2.144813e-20 6.472372e-21
4.465667e+00 1.676623e-21 8.106722e-21
4.466332e+00 2.572570e-20 9.233911e-21
4.466997e+00 -9.751944e-21 7.433489e-21
4.467662e+00 1.479283e-20 6.804869e-21
4.468327e+00 1.782060e-20 4.901297e-21
4.468992e+00 2.714220e-20 4.375689e-21
4.469657e+00 -9.615122e-22 4.718677e-21
4.470322e+00 -4.095607e-21 4.391612e-21
4.470987e+00 -8.011090e-21 4.522757e-21
4.471652e+00 -6.665941e-22 4.371905e-21
4.472317e+00 2.193236e-20 4.084326e-21
4.472982e+00 -4.932711e-21 4.802644e-21
4.473647e+00 -1.895307e-20 4.251252e-21
4.474312e+00 -1.229891e-20 4.148166e-21
4.474977e+00 -2.870011e-20 5.737684e-21
4.475642e+00 -2.987594e-20 5.085905e-21
4.476307e+00 1.290379e-20 4.749487e-21
4.476972e+00 -9.472896e-21 4.733556e-21
4.477637e+00 -9.624442e-21 4.560474e-21
4.478302e+00 1.360525e-20 4.320146e-21
4.478967e+00 -3.157917e-20 4.180171e-21
4.479632e+00 -2.481722e-20 5.796573e-21
4.480297e+00 -3.984557e-20 4.443318e-21
4.480962e+00 -3.536417e-20 4.274426e-21
4.481627e+00 -4.402370e-20 4.355992e-21
4.482292e+00 -5.024454e-20 4.303054e-21
4.482957e+00 -2.028950e-21 4.564155e-21
4.483622e+00 -2.588747e-20 4.636219e-21
4.484287e+00 -2.657123e-20 4.774477e-21
4.484952e+00 -1.017820e-20 4.367845e-21
4.485617e+00 -7.218612e-21 4.188025e-21
4.486282e+00 -4.720288e-21 4.516328e-21
4.486947e+00 1.930600e-22 4.468630e-21
4.487612e+00 3.364708e-21 4.460674e-21
4.488277e+00 -1.378587e-20 4.423128e-21
4.488942e+00 -4.007583e-21 4.715091e-21
4.489607e+00 -9.716827e-21 4.758560e-21
4.490272e+00 -2.312402e-20 4.696675e-21
4.490937e+00 7.858587e-21 4.193432e-21
4.491602e+00 2.084009e-20 4.455075e-21
4.492267e+00 -5.244114e-21 5.128295e-21
4.492932e+00 -2.083149e-20 4.294338e-21
4.493597e+00 -1.956368e-21 4.692307e-21
4.494262e+00 9.517913e-22 4.856319e-21
4.494927e+00 -1.870535e-21 5.966662e-21
4.495592e+00 -2.842760e-20 4.168684e-21
4.496257e+00 -2.408075e-22 4.108460e-21
4.496922e+00 1.773239e-20 4.488257e-21
4.497587e+00 4.088933e-20 4.779688e-21
4.498252e+00 -8.831576e-21 5.047661e-21
4.498917e+00 -1.213013e-20 4.847299e-21
4.499582e+00 7.503173e-21 4.698053e-21
4.500247e+00 -6.741415e-21 5.904146e-21
4.500912e+00 -1.650002e-20 4.313505e-21
4.501577e+00 -6.282838e-21 4.801581e-21
4.502242e+00 1.744957e-20 4.861763e-21
4.502907e+00 -3.205037e-21 4.370932e-21
4.503572e+00 4.703621e-21 4.625887e-21
4.504237e+00 3.955936e-20 4.172879e-21
4.504902e+00 7.916703e-21 4.411323e-21
4.505567e+00 -2.904538e-20 4.536270e-21
4.506232e+00 -4.019743e-20 4.247408e-21
4.506897e+00 -3.846412e-20 4.715606e-21
4.507562e+00 -3.803243e-20 4.484110e-21
4.508227e+00 -2.718928e-20 4.282799e-21
4.508892e+00 -4.451922e-20 4.784200e-21
4.509557e+00 -1.614826e-20 4.879256e-21
4.510222e+00 -1.537041e-20 4.336666e-21
4.510887e+00 -1.824914e-20 4.532931e-21
4.511552e+00 -2.323085e-21 4.294022e-21
4.512217e+00 2.506917e-20 4.880453e-21
4.512882e+00 1.296880e-20 5.217405e-21
4.513547e+00 -7.468378e-21 4.575205e-21
4.514212e+00 -1.974719e-20 4.282107e-21
4.514877e+00 -2.419487e-20 4.287547e-21
4.515542e+00 -2.089638e-20 4.613319e-21
4.516207e+00 4.685916e-21 4.355445e-21
4.516872e+00 6.455041e-21 4.477190e-21
4.517537e+00 1.320910e-21 4.173199e-21
4.518202e+00 -2.372408e-20 4.462978e-21
4.518867e+00 8.930682e-21 4.576735e-21
4.519532e+00 2.571344e-20 5.176363e-21
4.520197e+00 -3.787076e-21 4.873775e-21
4.520862e+00 -1.717443e-20 4.624689e-21
4.521527e+00 1.635667e-20 4.752197e-21
4.522192e+00 2.245637e-20 5.555324e-21
4.522857e+00 4.122057e-20 1.056411e-20
4.523522e+00 9.886743e-21 5.667995e-21
4.524187e+00 2.886909e-20 4.909740e-21
4.524852e+00 2.634823e-21 4.341908e-21
4.525517e+00 3.233079e-21 5.976273e-21
4.526182e+00 3.134681e-20 5.047758e-21
4.526847e+00 5.022052e-21 4.444409e-21
4.527512e+00 -1.343085e-20 4.592068e-21
4.528177e+00 1.150806e-20 4.539358e-21
4.528842e+00 -2.252898e-20 4.639417e-21
4.529507e+00 -5.282044e-21 5.358072e-21
4.530172e+00 -7.408270e-21 4.497912e-21
4.530837e+00 4.774984e-21 4.611549e-21
4.531502e+00 1.789407e-20 4.430252e-21
4.532167e+00 1.324970e-20 4.470865e-21
4.532832e+00 2.489533e-20 4.324074e-21
4.533497e+00 5.107823e-20 4.859882e-21
4.534162e+00 4.532896e-20 4.392609e-21
4.534827e+00 2.410105e-20 4.654257e-21
4.535492e+00 -1.853127e-20 4.883514e-21
4.536157e+00 1.012650e-21 4.195753e-21
4.536822e+00 2.674278e-20 4.241496e-21
4.537487e+00 2.139062e-20 4.729148e-21
4.538152e+00 -2.628019e-20 4.318696e-21
4.538817e+00 3.316167e-21 4.294819e-21
4.539482e+00 -7.178910e-21 4.636064e-21
4.540147e+00 -1.438107e-21 4.305228e-21
4.540812e+00 2.209406e-20 4.500499e-21
4.541477e+00 9.708216e-21 4.422795e-21
4.542142e+00 -1.078801e-20 5.655666e-21
4.542807e+00 -3.918641e-20 4.540840e-21
4.543472e+00 -5.028020e-20 4.865016e-21
4.544137e+00 -3.537771e-21 4.302773e-21
4.544802e+00 -2.223261e-21 4.377812e-21
4.545467e+00 -1.633348e-20 4.232816e-21
4.546132e+00 2.270036e-20 3.959951e-21
4.546797e+00 8.826942e-21 5.873249e-21
4.547462e+00 1.933752e-20 4.785339e-21
4.548127e+00 8.857193e-21 4.347528e-21
4.548792e+00 -4.625603e-21 4.553888e-21
4.549457e+00 -1.289694e-20 7.082216e-21
4.550122e+00 1.930007e-21 4.388707e-21
4.550787e+00 2.015017e-20 4.126994e-21
4.551452e+00 -1.617899e-20 4.192900e-21
4.552117e+00 -2.617659e-22 3.971678e-21
4.552782e+00 8.911819e-24 4.240950e-21
4.553447e+00 2.178296e-20 4.454197e-21
4.554112e+00 1.759700e-20 4.283064e-21
4.554777e+00 3.116039e-21 4.335306e-21
4.555442e+00 1.120676e-20 4.122846e-21
4.556107e+00 -1.809086e-20 4.353591e-21
4.556772e+00 7.562689e-21 4.108257e-21
4.557437e+00 1.406371e-20 3.858462e-21
4.558102e+00 -8.377507e-21 4.122030e-21
4.558767e+00 -3.701532e-21 4.381526e-21
4.559432e+00 1.034717e-20 5.286449e-21
4.560097e+00 5.378805e-21 4.376975e-21
4.560762e+00 -1.043073e-20 4.434174e-21
4.561427e+00 5.878314e-21 4.241172e-21
4.562092e+00 -1.675541e-20 4.890347e-21
4.562757e+00 2.024073e-20 5.152780e-21
4.563422e+00 -2.399388e-21 4.721895e-21
4.564087e+00 -1.364290e-20 4.988661e-21
4.564752e+00 1.760961e-20 4.809094e-21
4.565417e+00 3.499310e-20 4.915425e-21
4.566082e+00 2.185758e-20 4.568056e-21
4.566747e+00 4.176787e-21 4.449616e-21
4.567412e+00 -2.396647e-20 4.572553e-21
4.568077e+00 -2.575649e-20 4.488154e-21
4.568742e+00 -2.129927e-20 4.252621e-21
4.569407e+00 4.657381e-21 4.439476e-21
4.570072e+00 -6.428776e-21 4.518920e-21
4.570737e+00 8.434568e-21 4.844396e-21
4.571402e+00 2.296888e-20 4.796365e-21
4.572067e+00 -1.978919e-20 4.224669e-21
4.572732e+00 -2.389380e-20 4.449228e-21
4.573397e+00 -5.726813e-21 4.594874e-21
4.574062e+00 -2.056971e-20 4.739338e-21
4.574727e+00 1.482502e-22 4.507846e-21
4.575392e+00 -1.297103e-20 5.489504e-21
4.576057e+00 -1.572005e-21 4.369797e-21
4.576722e+00 8.813790e-21 4.369114e-21
4.577387e+00 7.751587e-21 4.244823e-21
4.578052e+00 1.575784e-20 4.650712e-21
4.578717e+00 5.975556e-21 4.434063e-21
4.579382e+00 -5.029809e-21 4.287863e-21
4.580047e+00 1.214980e-20 4.232888e-21
4.580712e+00 3.823738e-20 4.538703e-21
4.581377e+00 2.077828e-20 4.467120e-21
4.582042e+00 6.325034e-21 4.452494e-21
4.582707e+00 6.438993e-21 4.811162e-21
4.583372e+00 8.776180e-21 4.309422e-21
4.584037e+00 4.182522e-21 4.364684e-21
4.584702e+00 -3.415614e-20 4.185709e-21
4.585367e+00 -2.061473e-20 4.515803e-21
4.586032e+00 -2.770551e-20 4.202381e-21
4.586697e+00 -8.659134e-21 4.385342e-21
4.587362e+00 -2.459185e-20 4.032626e-21
4.588027e+00 -5.079086e-21 4.367990e-21
4.588692e+00 3.749148e-21 4.355703e-21
4.589357e+00 -3.948734e-21 4.581655e-21
4.590022e+00 -2.450922e-20 4.486024e-21
4.590687e+00 -1.884883e-20 4.442359e-21
4.591352e+00 1.114533e-20 4.950462e-21
4.592017e+00 -2.012782e-20 4.706691e-21
4.592682e+00 -9.348112e-21 4.106402e-21
4.593347e+00 -1.409884e-20 5.497550e-21
4.594012e+00 1.574276e-20 4.513714e-21
4.594677e+00 1.374951e-20 4.254701e-21
4.595342e+00 6.401117e-21 4.385279e-21
4.596007e+00 -4.032713e-20 4.496587e-21
4.596672e+00 2.035231e-21 4.511817e-21
4.597337e+00 2.745002e-20 4.640105e-21
4.598002e+00 1.029693e-20 4.647369e-21
4.598667e+00 2.620442e-20 4.477118e-21
4.599332e+00 -3.340628e-21 4.271378e-21
4.599997e+00 6.185233e-21 4.724332e-21
4.600662e+00 2.505890e-20 4.642833e-21
4.601327e+00 2.233950e-21 4.465717e-21
4.601992e+00 -3.514909e-21 4.731441e-21
4.602657e+00 1.669967e-20 4.533965e-21
4.603322e+00 2.370428e-20 5.928153e-21
4.603987e+00 3.422675e-20 6.169261e-21
4.604652e+00 1.005706e-20 4.484621e-21
4.605317e+00 2.440473e-21 4.716834e-21
4.605982e+00 3.384412e-21 4.520962e-21
4.606647e+00 -1.264505e-21 4.694074e-21
4.607312e+00 2.117359e-20 4.599582e-21
4.607977e+00 1.442463e-20 4.820517e-21
4.608642e+00 4.070649e-20 4.090652e-21
4.609307e+00 1.752640e-20 4.780399e-21
4.609972e+00 3.471842e-20 4.789862e-21
4.610637e+00 1.158542e-21 4.223532e-21
4.611302e+00 4.502377e-20 4.581540e-21
4.611967e+00 8.166548e-21 4.597387e-21
4.612632e+00 1.237831e-20 7.262609e-21
4.613297e+00 1.812722e-21 9.080938e-21
4.613962e+00 6.188729e-21 6.258971e-21
4.614627e+00 9.109766e-21 7.185582e-21
4.615292e+00 -1.436820e-20 4.967750e-21
4.615957e+00 -5.601514e-21 4.577019e-21
4.616622e+00 -3.999150e-20 4.953223e-21
4.617287e+00 -1.914096e-20 4.716051e-21
4.617952e+00 7.745656e-21 5.014838e-21
4.618617e+00 1.940598e-20 4.708733e-21
4.619282e+00 -2.652654e-20 5.681975e-21
4.619947e+00 2.507145e-20 4.788016e-21
4.620612e+00 -1.563298e-20 4.475224e-21
4.621277e+00 1.460682e-20 5.831110e-21
4.621942e+00 2.187800e-20 4.527240e-21
4.622607e+00 1.012793e-20 4.609684e-21
4.623272e+00 8.895473e-21 4.371297e-21
4.623937e+00 2.204377e-21 4.499401e-21
4.624602e+00 1.082531e-20 4.418429e-21
4.625267e+00 -8.556494e-21 4.700074e-21
4.625932e+00 1.073882e-20 4.716705e-21
4.626597e+00 3.347482e-20 4.615367e-21
4.627262e+00 -1.655356e-20 4.802016e-21
4.627927e+00 2.551295e-21 4.966715e-21
4.628592e+00 6.559090e-21 4.956369e-21
4.629257e+00 -1.492095e-20 5.380791e-21
4.629922e+00 -3.336938e-20 6.824020e-21
4.630587e+00 1.527335e-21 4.657591e-21
4.631252e+00 4.241556e-21 4.753442e-21
4.631917e+00 8.278197e-21 4.868328e-21
4.632582e+00 1.798753e-20 4.587431e-21
4.633247e+00 1.207670e-20 4.414526e-21
4.633912e+00 -2.204333e-20 4.471065e-21
4.634577e+00 7.128259e-21 4.532487e-21
4.635242e+00 9.108467e-22 4.573351e-21
4.635907e+00 1.295331e-21 5.028203e-21
4.636572e+00 8.670529e-21 4.779843e-21
4.637237e+00 -8.225427e-21 5.390438e-21
4.637902e+00 2.311010e-20 5.098279e-21
4.638567e+00 5.049195e-21 5.180014e-21
4.639232e+00 4.923969e-21 4.452052e-21
4.639897e+00 2.380304e-20 4.688893e-21
4.640562e+00 -2.243474e-21 4.867053e-21
4.641227e+00 -3.706283e-21 4.810542e-21
4.641892e+00 -5.027317e-21 4.496897e-21
4.642557e+00 1.880182e-21 4.665257e-21
4.643222e+00 -6.876211e-22 7.044404e-21
4.643887e+00 2.253595e-20 9.061199e-21
4.644552e+00 2.053166e-20 6.828437e-21
4.645217e+00 3.814869e-20 8.463367e-21
4.645882e+00 2.991788e-20 5.168705e-21
4.646547e+00 4.962587e-21 4.451462e-21
4.647212e+00 1.336967e-20 5.630667e-21
4.647877e+00 -3.146188e-21 4.396792e-21
4.648542e+00 -3.693549e-21 4.215645e-21
4.649207e+00 1.989118e-21 4.536817e-21
4.649872e+00 6.652347e-21 4.691062e-21
4.650537e+00 9.291503e-21 5.755658e-21
4.651202e+00 -1.397945e-20 4.881315e-21
4.651867e+00 3.711436e-21 1.345968e-20
4.652532e+00 2.413374e-20 2.131387e-20
4.653197e+00 -4.118253e-22 1.484295e-20
4.653862e+00 -1.819538e-21 1.412361e-20
4.654527e+00 2.105231e-21 5.475981e-21
4.655192e+00 3.411775e-20 4.622590e-21
4.655857e+00 3.297466e-20 4.349565e-21
4.656522e+00 1.363012e-20 4.973627e-21
4.657187e+00 2.286883e-20 4.999663e-21
4.657852e+00 9.858542e-21 4.415144e-21
4.658517e+00 -1.554030e-21 5.357534e-21
4.659182e+00 2.716989e-21 4.412450e-21
4.659847e+00 -1.347538e-20 4.560366e-21
4.660512e+00 -1.426739e-20 4.650932e-21
4.661177e+00 -1.051783e-20 4.832212e-21
4.661842e+00 -2.777877e-21 4.498966e-21
4.662507e+00 -2.021939e-21 4.919781e-21
4.663172e+00 5.593452e-21 4.473123e-21
4.663837e+00 3.599545e-21 4.823911e-21
4.664502e+00 -8.523317e-21 4.690175e-21
4.665167e+00 -1.917092e-20 4.384540e-21
4.665832e+00 -1.402945e-20 4.704846e-21
4.666497e+00 1.530026e-20 4.775763e-21
4.667162e+00 1.774965e-20 4.495738e-21
4.667827e+00 1.945861e-20 4.637828e-21
4.668492e+00 1.686376e-20 5.631339e-21
4.669157e+00 3.371040e-20 4.778440e-21
4.669822e+00 1.731847e-20 4.726955e-21
4.670487e+00 5.582625e-21 4.517569e-21
4.671152e+00 -2.298967e-20 4.816543e-21
4.671817e+00 6.740410e-21 4.463143e-21
4.672482e+00 9.820089e-21 4.580027e-21
4.673147e+00 2.826840e-20 4.360376e-21
4.673812e+00 1.967947e-20 4.976648e-21
4.674477e+00 2.337660e-20 5.228740e-21
4.675142e+00 1.021553e-20 4.749074e-21
4.675807e+00 -2.354271e-21 4.863393e-21
4.676472e+00 1.217648e-20 4.516837e-21
4.677137e+00 1.095717e-20 4.132402e-21
4.677802e+00 2.541255e-20 4.469691e-21
4.678467e+00 -1.871345e-20 4.804751e-21
4.679132e+00 6.627503e-21 4.822652e-21
4.679797e+00 2.097736e-20 5.202994e-21
4.680462e+00 1.282831e-20 4.963938e-21
4.681127e+00 2.447700e-20 4.736529e-21
4.681792e+00 2.158810e-20 4.790055e-21
4.682457e+00 -8.294103e-21 4.818512e-21
4.683122e+00 -6.395683e-21 4.768444e-21
4.683787e+00 -1.988764e-20 4.520750e-21
4.684452e+00 -1.373560e-20 5.707650e-21
4.685117e+00 -2.521467e-20 4.739836e-21
4.685782e+00 -1.930626e-20 5.309355e-21
4.686447e+00 1.180398e-20 5.058949e-21
4.687112e+00 7.575277e-21 4.531567e-21
4.687777e+00 -1.673502e-21 4.361792e-21
4.688442e+00 -2.133788e-20 4.340586e-21
4.689107e+00 -1.375437e-20 4.772331e-21
4.689772e+00 -1.670209e-20 5.619940e-21
4.690437e+00 1.866277e-20 4.900219e-21
4.691102e+00 6.604123e-20 4.781096e-21
4.691767e+00 3.586323e-20 4.802496e-21
4.692432e+00 5.299991e-21 5.362093e-21
4.693097e+00 -1.537531e-20 4.426918e-21
4.693762e+00 -1.058013e-20 4.498625e-21
4.694427e+00 -3.378516e-21 4.642914e-21
4.695092e+00 -1.490893e-20 4.650209e-21
4.695757e+00 -3.547605e-21 4.504623e-21
4.696422e+00 -8.350879e-21 6.164585e-21
4.697087e+00 7.971764e-21 4.756784e-21
4.697752e+00 -3.661695e-21 5.232410e-21
4.698417e+00 -1.290167e-20 4.973585e-21
4.699082e+00 1.959122e-20 4.688071e-21
4.699747e+00 -1.610335e-20 4.688222e-21
4.700412e+00 -3.941195e-21 4.475719e-21
4.701077e+00 9.857315e-21 4.976802e-21
4.701742e+00 6.934757e-22 5.945339e-21
4.702407e+00 5.088044e-21 5.001478e-21
4.703072e+00 -3.067337e-21 4.795734e-21
4.703737e+00 2.189890e-21 4.867656e-21
4.704402e+00 -1.335182e-20 4.579838e-21
4.705067e+00 -2.394282e-20 4.715940e-21
4.705732e+00 -2.319536e-20 4.700562e-21
4.706397e+00 -6.449613e-21 6.419026e-21
4.707062e+00 1.165589e-20 6.320387e-21
4.707727e+00 1.235298e-20 5.642752e-21
4.708392e+00 -1.664148e-20 5.247187e-21
4.709057e+00 -8.554124e-21 5.194372e-21
4.709722e+00 4.812735e-21 4.757260e-21
4.710387e+00 -6.556454e-21 5.022872e-21
4.711052e+00 1.199371e-20 4.441479e-21
4.711717e+00 -1.199074e-20 4.980472e-21
4.712382e+00 1.287395e-21 4.775654e-21
4.713047e+00 4.017371e-21 5.076125e-21
4.713712e+00 9.614631e-21 4.764344e-21
4.714377e+00 -1.761428e-21 5.277448e-21
4.715042e+00 -1.089722e-20 4.757882e-21
4.715707e+00 -8.026671e-22 4.438888e-21
4.716372e+00 -2.260671e-20 4.521631e-21
4.717037e+00 -7.024317e-21 4.815400e-21
4.717702e+00 -5.236262e-21 4.785385e-21
4.718367e+00 -1.547560e-20 4.137551e-21
4.719032e+00 -8.004068e-21 4.628578e-21
4.719697e+00 -2.715081e-21 4.560699e-21
4.720362e+00 -5.541683e-21 4.590346e-21
4.721027e+00 -1.819943e-20 4.472555e-21
4.721692e+00 -4.172694e-20 4.622853e-21
4.722357e+00 -6.014623e-22 4.416588e-21
4.723022e+00 -1.843092e-20 4.638860e-21
4.723687e+00 -1.449371e-21 4.789361e-21
4.724352e+00 -2.657094e-20 4.438018e-21
4.725017e+00 -1.463683e-20 4.627358e-21
4.725682e+00 4.123262e-21 4.883985e-21
4.726347e+00 -4.771589e-21 4.346802e-21
4.727012e+00 6.168759e-21 4.336705e-21
4.727677e+00 1.490218e-20 4.752595e-21
4.728342e+00 2.882075e-23 4.491874e-21
4.729007e+00 -6.409166e-21 4.909063e-21
4.729672e+00 2.638824e-20 4.679933e-21
4.730337e+00 2.886647e-20 5.086879e-21
4.731002e+00 -2.069233e-20 4.980101e-21
4.731667e+00 -8.929821e-21 4.491029e-21
4.732332e+00 1.666512e-20 4.573305e-21
4.732997e+00 -3.333924e-21 4.495909e-21
4.733662e+00 -1.464076e-20 5.063755e-21
4.734327e+00 -3.126227e-20 4.636043e-21
4.734992e+00 1.041594e-20 4.913965e-21
4.735657e+00 4.498567e-21 4.747289e-21
4.736322e+00 1.559499e-20 4.342704e-21
4.736987e+00 2.670722e-20 4.614384e-21
4.737652e+00 3.145831e-20 4.487501e-21
4.738317e+00 -1.661190e-21 4.657056e-21
4.738982e+00 -1.590500e-20 5.200658e-21
4.739647e+00 -3.205545e-20 5.025294e-21
4.740312e+00 1.026444e-20 4.977738e-21
4.740977e+00 3.085423e-20 4.738233e-21
4.741642e+00 -9.054179e-21 4.798218e-21
4.742307e+00 -2.423343e-20 4.753355e-21
4.742972e+00 -1.203228e-20 4.769479e-21
4.743637e+00 1.427152e-20 4.496805e-21
4.744302e+00 8.045263e-21 4.559299e-21
4.744967e+00 -2.594071e-20 4.755613e-21
4.745632e+00 2.019151e-21 4.553151e-21
4.746297e+00 -3.177926e-20 4.886069e-21
4.746962e+00 -2.580023e-20 4.597320e-21
4.747627e+00 -9.236760e-21 4.869552e-21
4.748292e+00 -2.814698e-21 4.300642e-21
4.748957e+00 -2.847263e-20 4.705429e-21
4.749622e+00 -1.259351e-20 5.156340e-21
4.750287e+00 1.434006e-20 4.750951e-21
4.750952e+00 2.233821e-21 4.327597e-21
4.751617e+00 1.323103e-20 4.388940e-21
4.752282e+00 5.965884e-21 4.983211e-21
4.752947e+00 -4.318732e-21 4.983392e-21
4.753612e+00 -1.398427e-20 4.937997e-21
4.754277e+00 -5.215987e-21 6.166771e-21
4.754942e+00 1.532023e-21 8.091092e-21
4.755607e+00 2.181893e-20 8.787750e-21
4.756272e+00 -1.104707e-20 5.245763e-21
4.756937e+00 -3.787356e-21 4.668763e-21
4.757602e+00 -4.226290e-21 4.732990e-21
4.758267e+00 9.382710e-21 4.968610e-21
4.758932e+00 2.248020e-20 4.786596e-21
4.759597e+00 3.144495e-20 5.148762e-21
4.760262e+00 3.197425e-20 4.789661e-21
4.760927e+00 4.403417e-20 4.669252e-21
4.761592e+00 3.584248e-20 4.988178e-21
4.762257e+00 1.048915e-21 4.851897e-21
4.762922e+00 1.861423e-23 5.001198e-21
4.763587e+00 2.657982e-20 4.759929e-21
4.764252e+00 5.744566e-21 4.723043e-21
4.764917e+00 -5.824083e-21 5.359797e-21
4.765582e+00 1.190092e-20 4.716047e-21
4.766247e+00 -2.419458e-21 4.711114e-21
4.766912e+00 -2.331724e-20 4.783868e-21
4.767577e+00 -1.581710e-21 4.883015e-21
4.768242e+00 2.058917e-20 7.924615e-21
4.768907e+00 1.729736e-20 5.946338e-21
4.769572e+00 8.654670e-21 5.349685e-21
4.770237e+00 -6.627959e-21 5.329275e-21
4.770902e+00 9.458000e-21 4.802896e-21
4.771567e+00 -1.762580e-20 5.920706e-21
4.772232e+00 -2.502139e-20 4.977750e-21
4.772897e+00 -1.462277e-20 4.535104e-21
4.773562e+00 -7.459757e-21 4.924609e-21
4.774227e+00 5.933544e-21 4.973111e-21
4.774892e+00 -5.749533e-21 4.694623e-21
4.775557e+00 -3.205267e-20 4.605978e-21
4.776222e+00 -3.001888e-20 4.857121e-21
4.776887e+00 -2.835781e-20 4.778529e-21
4.777552e+00 -6.389459e-21 4.553382e-21
4.778217e+00 -8.709488e-21 5.100789e-21
4.778882e+00 -4.573316e-21 5.177850e-21
4.779547e+00 2.555297e-21 5.208994e-21
4.780212e+00 5.940792e-21 4.678500e-21
4.780877e+00 2.122663e-20 4.839442e-21
4.781542e+00 1.707405e-20 5.706724e-21
4.782207e+00 1.140903e-20 5.104367e-21
4.782872e+00 3.087642e-20 4.675582e-21
4.783537e+00 5.672092e-20 5.185529e-21
4.784202e+00 5.039329e-20 5.415451e-21
4.784867e+00 -1.021853e-20 4.914694e-21
4.785532e+00 1.746015e-21 4.849029e-21
4.786197e+00 2.455794e-21 4.600176e-21
4.786862e+00 -2.622108e-20 4.661976e-21
4.787527e+00 -3.022640e-20 4.589333e-21
4.788192e+00 9.234904e-21 4.648157e-21
4.788857e+00 8.876555e-21 4.831600e-21
4.789522e+00 2.324748e-20 4.954804e-21
4.790187e+00 8.085930e-21 5.369468e-21
4.790852e+00 4.187610e-21 5.251043e-21
4.791517e+00 7.045526e-21 5.627256e-21
4.792182e+00 3.622535e-21 5.008645e-21
4.792847e+00 8.213033e-21 4.620904e-21
4.793512e+00 1.090337e-20 4.752319e-21
4.794177e+00 -1.561039e-20 5.097000e-21
4.794842e+00 -2.841308e-20 4.855388e-21
4.795507e+00 -1.132941e-20 5.345373e-21
4.796172e+00 -1.223578e-20 5.361505e-21
4.796837e+00 -8.749173e-21 5.443992e-21
4.797502e+00 -9.740183e-21 6.172879e-21
4.798167e+00 -2.231099e-20 4.869610e-21
4.798832e+00 -3.044134e-20 4.770124e-21
4.799497e+00 6.989085e-21 4.991547e-21
4.800162e+00 -1.805870e-20 5.052550e-21
4.800827e+00 -3.815487e-21 5.101871e-21
4.801492e+00 1.744119e-20 5.116560e-21
4.802157e+00 -1.082582e-20 5.057098e-21
4.802822e+00 -9.081745e-22 5.139163e-21
4.803487e+00 2.047722e-20 5.093472e-21
4.804152e+00 -3.799014e-20 5.568529e-21
4.804817e+00 -1.086709e-21 5.993535e-21
4.805482e+00 2.200588e-21 4.839892e-21
4.806147e+00 7.514656e-21 5.184667e-21
4.806812e+00 1.965595e-20 5.095475e-21
4.807477e+00 -2.991153e-21 5.031363e-21
4.808142e+00 -1.044591e-20 5.740193e-21
4.808807e+00 4.225786e-22 5.026997e-21
4.809472e+00 1.471304e-20 5.346513e-21
4.810137e+00 -1.049384e-20 6.510555e-21
4.810802e+00 1.239823e-20 4.767382e-21
4.811467e+00 3.672903e-20 5.832046e-21
4.812132e+00 -1.303696e-20 4.994377e-21
4.812797e+00 5.488432e-21 4.819214e-21
4.813462e+00 -8.676452e-21 5.129423e-21
4.814127e+00 -1.777135e-20 4.792165e-21
4.814792e+00 4.911961e-22 6.156147e-21
4.815457e+00 -9.880144e-21 6.400315e-21
4.816122e+00 1.919094e-21 5.054121e-21
4.816787e+00 -1.212109e-20 4.917851e-21
4.817452e+00 -4.003699e-20 5.845705e-21
4.818117e+00 -1.203867e-20 6.036321e-21
4.818782e+00 6.963063e-21 5.528143e-21
4.819447e+00 1.358104e-20 4.977952e-21
4.820112e+00 6.602629e-21 5.615511e-21
4.820777e+00 2.344363e-21 5.319157e-21
4.821442e+00 -8.537638e-21 4.971187e-21
4.822107e+00 8.814051e-21 4.904284e-21
4.822772e+00 1.452457e-20 4.498121e-21
4.823437e+00 3.411270e-20 4.940277e-21
4.824102e+00 3.693726e-20 5.118612e-21
4.824767e+00 -3.812025e-21 4.608227e-21
4.825432e+00 -2.958164e-20 4.820180e-21
4.826097e+00 1.641569e-21 4.945334e-21
4.826762e+00 2.310099e-20 6.229955e-21
4.827427e+00 2.825354e-20 5.084006e-21
4.828092e+00 3.830863e-21 5.891719e-21
4.828757e+00 9.270479e-21 4.963194e-21
4.829422e+00 -2.049143e-20 5.128461e-21
4.830087e+00 -4.949803e-21 5.403756e-21
4.830752e+00 -3.613164e-20 4.617357e-21
4.831417e+00 -1.765649e-20 5.047085e-21
4.832082e+00 3.610152e-21 5.374622e-21
4.832747e+00 5.988037e-21 5.193633e-21
4.833412e+00 2.123375e-20 5.368688e-21
4.834077e+00 9.250939e-21 4.651043e-21
4.834742e+00 -1.507327e-21 5.083844e-21
4.835407e+00 6.686852e-21 4.767272e-21
4.836072e+00 -1.929468e-20 5.050129e-21
4.836737e+00 -1.235600e-20 5.303094e-21
4.837402e+00 -9.865805e-21 5.435695e-21
4.838067e+00 -3.268871e-21 4.758476e-21
4.838732e+00 -7.638290e-21 4.907565e-21
4.839397e+00 -3.414004e-20 5.528793e-21
4.840062e+00 2.027628e-21 5.350414e-21
4.840727e+00 -4.555420e-21 5.116450e-21
4.841392e+00 -4.177737e-21 5.172951e-21
4.842057e+00 -2.995107e-21 4.717060e-21
4.842722e+00 -4.264304e-21 4.845197e-21
4.843387e+00 -9.152185e-21 4.903324e-21
4.844052e+00 -6.712180e-21 5.265684e-21
4.844717e+00 -1.026329e-20 4.903738e-21
4.845382e+00 -5.269900e-21 5.379864e-21
4.846047e+00 1.563181e-20 6.775512e-21
4.846712e+00 1.387832e-20 4.477236e-21
4.847377e+00 1.466180e-20 4.648538e-21
4.848042e+00 2.672985e-21 5.198676e-21
4.848707e+00 2.430358e-20 5.300001e-21
4.849372e+00 -9.305236e-21 5.097218e-21
4.850037e+00 1.382895e-20 4.645056e-21
4.850702e+00 -1.266179e-20 5.159521e-21
4.851367e+00 -3.031752e-21 5.126244e-21
4.852032e+00 -7.128412e-22 4.592619e-21
4.852697e+00 -1.978168e-21 4.620583e-21
4.853362e+00 -2.197434e-20 4.908910e-21
4.854027e+00 6.709941e-21 4.736949e-21
4.854692e+00 5.065544e-22 4.916397e-21
4.855357e+00 -2.141834e-20 5.054672e-21
4.856022e+00 -4.553815e-20 4.926200e-21
4.856687e+00 -3.672958e-21 5.176604e-21
4.857352e+00 2.449357e-20 4.647278e-21
4.858017e+00 -2.279521e-22 4.705948e-21
4.858682e+00 -1.586662e-20 5.082006e-21
4.859347e+00 -5.147347e-21 5.152492e-21
4.860012e+00 6.959874e-21 4.990338e-21
4.860677e+00 1.453186e-20 4.925889e-21
4.861342e+00 -5.348695e-22 4.749352e-21
4.862007e+00 -4.886394e-21 5.140889e-21
4.862672e+00 1.321103e-20 4.833196e-21
4.863337e+00 2.379872e-20 5.635198e-21
4.864002e+00 1.572473e-20 4.911022e-21
4.864667e+00 2.232685e-20 4.722240e-21
4.865332e+00 5.426979e-21 4.958261e-21
4.865997e+00 -3.800681e-20 5.121303e-21
4.866662e+00 -1.210743e-20 5.249451e-21
4.867327e+00 2.511825e-22 4.862174e-21
4.867992e+00 5.359310e-22 4.860810e-21
4.868657e+00 -1.965506e-20 5.318916e-21
4.869322e+00 1.135056e-20 5.371522e-21
4.869987e+00 -9.167762e-21 4.725684e-21
4.870652e+00 -3.542035e-20 4.831873e-21
4.871317e+00 3.167962e-20 5.663805e-21
4.871982e+00 -1.999712e-20 5.987495e-21
4.872647e+00 4.110079e-21 5.039725e-21
4.873312e+00 8.320945e-21 5.216289e-21
4.873977e+00 1.801982e-21 4.938499e-21
4.874642e+00 1.646712e-20 4.755424e-21
4.875307e+00 -2.929427e-21 5.534618e-21
4.875972e+00 -1.860581e-20 6.290809e-21
4.876637e+00 3.584221e-20 5.293997e-21
4.877302e+00 5.240985e-20 5.472574e-21
4.877967e+00 3.567298e-20 5.831433e-21
4.878632e+00 1.296544e-20 5.768721e-21
4.879297e+00 -3.116881e-21 6.010647e-21
4.879962e+00 -3.702620e-20 6.494611e-21
4.880627e+00 2.608092e-20 5.152969e-21
4.881292e+00 5.376509e-21 4.776766e-21
4.881957e+00 1.252544e-20 5.072146e-21
4.882622e+00 -1.045750e-20 5.367038e-21
4.883287e+00 -2.682025e-20 5.309284e-21
4.883952e+00 -1.157758e-20 5.209137e-21
4.884617e+00 -1.959398e-20 4.832502e-21
4.885282e+00 -2.039025e-20 5.190376e-21
4.885947e+00 -2.206574e-20 5.125910e-21
4.886612e+00 -3.340051e-20 5.170037e-21
4.887277e+00 -2.977181e-21 4.933022e-21
4.887942e+00 1.082088e-21 5.390914e-21
4.888607e+00 1.754644e-20 5.136707e-21
4.889272e+00 -1.559810e-20 4.935923e-21
4.889937e+00 -2.072416e-21 5.321346e-21
4.890602e+00 -6.181018e-21 5.151740e-21
4.891267e+00 1.889138e-20 5.127368e-21
4.891932e+00 -1.068483e-20 5.191473e-21
4.892597e+00 -1.494206e-20 5.194554e-21
4.893262e+00 -6.027436e-21 4.937769e-21
4.893927e+00 1.982499e-20 4.957456e-21
4.894592e+00 -1.702185e-20 5.404112e-21
4.895257e+00 -3.354685e-20 6.295419e-21
4.895922e+00 -8.624692e-21 5.208987e-21
4.896587e+00 1.851618e-20 5.465179e-21
4.897252e+00 5.966677e-21 5.840980e-21
4.897917e+00 8.787454e-21 4.893997e-21
4.898582e+00 3.435898e-20 5.474135e-21
4.899247e+00 6.236460e-21 4.800868e-21
4.899912e+00 -2.928024e-21 4.891140e-21
4.900577e+00 1.925905e-21 5.166135e-21
4.901242e+00 1.698006e-20 5.583632e-21
4.901907e+00 2.190838e-20 5.339647e-21
4.902572e+00 -1.184812e-20 5.042174e-21
4.903237e+00 1.759531e-20 4.943152e-21
4.903902e+00 7.429760e-22 4.910323e-21
4.904567e+00 -1.963163e-20 5.082721e-21
4.905232e+00 -4.623991e-20 5.647111e-21
4.905897e+00 -3.902031e-20 5.208142e-21
4.906562e+00 -6.725623e-21 4.697828e-21
4.907227e+00 1.547457e-20 4.450294e-21
4.907892e+00 -4.192057e-20 5.311525e-21
4.908557e+00 -3.252953e-20 4.924742e-21
4.909222e+00 -2.796819e-20 5.049401e-21
4.909887e+00 -1.592297e-20 4.909811e-21
4.910552e+00 -1.330730e-20 5.176886e-21
4.911217e+00 1.088493e-20 5.623703e-21
4.911882e+00 2.445352e-20 1.046164e-20
4.912547e+00 2.604164e-20 9.747033e-21
4.913212e+00 3.159283e-20 6.408889e-21
4.913877e+00 3.707380e-21 5.420924e-21
4.914542e+00 3.947059e-21 5.281606e-21
4.915207e+00 8.899468e-21 5.076158e-21
4.915872e+00 -7.044684e-23 5.176439e-21
4.916537e+00 -1.148930e-21 6.083588e-21
4.917202e+00 1.079187e-20 5.400812e-21
4.917867e+00 -3.017472e-20 5.449428e-21
4.918532e+00 -1.386475e-20 4.753093e-21
4.919197e+00 5.994956e-22 4.710389e-21
4.919862e+00 9.249643e-21 5.050698e-21
4.920527e+00 -8.537564e-21 5.589729e-21
4.921192e+00 1.420561e-20 6.355931e-21
4.921857e+00 -6.251594e-22 6.043180e-21
4.922522e+00 4.482938e-20 6.068039e-21
4.923187e+00 3.466805e-20 6.758851e-21
4.923852e+00 1.323697e-20 7.035056e-21
4.924517e+00 1.106452e-20 6.078562e-21
4.925182e+00 -2.850676e-20 6.118971e-21
4.925847e+00 2.920151e-21 5.657335e-21
4.926512e+00 3.175473e-20 5.237308e-21
4.927177e+00 6.315089e-20 4.937734e-21
4.927842e+00 -1.527520e-20 4.974373e-21
4.928507e+00 -2.035461e-20 5.198061e-21
4.929172e+00 -2.359358e-21 4.965367e-21
4.929837e+00 1.029558e-20 5.878350e-21
4.930502e+00 6.792259e-21 5.200848e-21
4.931167e+00 1.962760e-20 5.320114e-21
4.931832e+00 1.153466e-20 5.261856e-21
4.932497e+00 -8.479734e-22 5.371212e-21
4.933162e+00 -1.015982e-20 5.096527e-21
4.933827e+00 -2.383850e-20 5.312920e-21
4.934492e+00 -2.061208e-20 5.470111e-21
4.935157e+00 -1.587849e-20 7.653334e-21
4.935822e+00 1.059343e-20 6.758296e-21
4.936487e+00 -1.083497e-20 5.313985e-21
4.937152e+00 -1.317329e-21 6.021865e-21
4.937817e+00 1.627865e-20 5.444884e-21
4.938482e+00 3.527190e-20 5.283101e-21
4.939147e+00 1.191801e-21 5.124511e-21
4.939812e+00 -2.781395e-21 5.461533e-21
4.940477e+00 5.008404e-20 5.165802e-21
4.941142e+00 4.988299e-20 5.924827e-21
4.941807e+00 1.661449e-20 6.066500e-21
4.942472e+00 1.030457e-20 5.131734e-21
4.943137e+00 2.597225e-20 5.462999e-21
4.943802e+00 -1.084933e-21 5.302776e-21
4.944467e+00 2.456253e-20 5.156594e-21
4.945132e+00 -4.303362e-21 5.404990e-21
4.945797e+00 1.237589e-20 5.034231e-21
4.946462e+00 1.726658e-20 5.195111e-21
4.947127e+00 -1.385611e-20 5.131339e-21
4.947792e+00 -1.123958e-21 5.063792e-21
4.948457e+00 2.627474e-20 6.005763e-21
4.949122e+00 3.799436e-21 7.354108e-21
4.949787e+00 2.469920e-20 6.971343e-21
4.950452e+00 4.786041e-20 6.536208e-21
4.951117e+00 -1.892949e-20 6.196862e-21
4.951782e+00 2.594526e-21 5.184701e-21
4.952447e+00 1.787136e-21 5.268567e-21
4.953112e+00 6.067475e-21 5.007917e-21
4.953777e+00 8.295637e-21 4.950605e-21
4.954442e+00 -1.307334e-20 5.490566e-21
4.955107e+00 2.197024e-20 5.070709e-21
4.955772e+00 1.007866e-20 5.377387e-21
4.956437e+00 3.685524e-21 4.970853e-21
4.957102e+00 1.480151e-20 6.029240e-21
4.957767e+00 8.011251e-21 4.942169e-21
4.958432e+00 2.768239e-20 5.484118e-21
4.959097e+00 1.512202e-20 5.722727e-21
4.959762e+00 2.838950e-20 6.273392e-21
4.960427e+00 8.421240e-21 5.597579e-21
4.961092e+00 -2.464628e-20 5.749510e-21
4.961757e+00 -1.433700e-20 5.756494e-21
4.962422e+00 -1.619738e-20 5.174299e-21
4.963087e+00 -3.894139e-20 4.924874e-21
4.963752e+00 1.165820e-20 5.016471e-21
4.964417e+00 5.445907e-21 5.132607e-21
4.965082e+00 -2.332393e-20 5.600881e-21
4.965747e+00 -1.234882e-20 5.831658e-21
4.966412e+00 -2.874988e-20 5.146406e-21
4.967077e+00 -3.922542e-20 5.429767e-21
4.967742e+00 -2.135593e-20 4.825791e-21
4.968407e+00 -1.132455e-20 5.048422e-21
4.969072e+00 3.663133e-21 4.537490e-21
4.969737e+00 1.693302e-22 5.385908e-21
4.970402e+00 -5.404750e-21 5.213404e-21
4.971067e+00 -2.301444e-20 4.720225e-21
4.971732e+00 7.894085e-21 5.109855e-21
4.972397e+00 9.592807e-21 5.287644e-21
4.973062e+00 -4.939888e-21 5.583539e-21
4.973727e+00 -2.650706e-20 5.781080e-21
4.974392e+00 -8.187527e-21 5.033104e-21
4.975057e+00 -6.204868e-21 5.248818e-21
4.975722e+00 2.600959e-20 4.880000e-21
4.976387e+00 -1.138981e-20 5.001249e-21
4.977052e+00 8.438722e-21 5.440869e-21
4.977717e+00 -4.500084e-21 5.278530e-21
4.978382e+00 1.201900e-20 5.408468e-21
4.979047e+00 1.371779e-20 4.993597e-21
4.979712e+00 2.399416e-20 5.156272e-21
4.980377e+00 1.574772e-20 5.137803e-21
4.981042e+00 2.562366e-20 5.077651e-21
4.981707e+00 -1.683296e-21 5.216385e-21
4.982372e+00 -2.147390e-21 5.325358e-21
4.983037e+00 7.558951e-21 5.105523e-21
4.983702e+00 1.524795e-21 4.702531e-21
4.984367e+00 1.618140e-20 5.026086e-21
4.985032e+00 7.599370e-21 5.304973e-21
4.985697e+00 2.466942e-20 5.123759e-21
4.986362e+00 1.547944e-20 5.055062e-21
4.987027e+00 -4.801578e-21 5.500952e-21
4.987692e+00 1.009788e-20 5.210131e-21
4.988357e+00 1.965597e-22 5.842138e-21
4.989022e+00 1.558934e-20 4.932406e-21
4.989687e+00 3.188460e-20 4.873410e-21
4.990352e+00 -2.517153e-21 5.467889e-21
4.991017e+00 1.687019e-20 5.779275e-21
4.991682e+00 1.819224e-20 5.307289e-21
4.992347e+00 4.470289e-20 4.936936e-21
4.993012e+00 1.848206e-20 5.303811e-21
4.993677e+00 9.636633e-21 5.692703e-21
4.994342e+00 1.163666e-20 5.696156e-21
4.995007e+00 -2.314459e-20 5.073886e-21
4.995672e+00 -1.685063e-20 4.646685e-21
4.996337e+00 -1.604088e-20 4.770824e-21
4.997002e+00 -1.095217e-20 4.656452e-21
4.997667e+00 1.116282e-20 5.197802e-21
4.998332e+00 -2.017002e-20 5.074852e-21
4.998997e+00 6.390303e-21 5.302473e-21
4.999662e+00 2.553377e-20 5.480620e-21
5.000327e+00 1.040318e-20 5.213908e-21
5.000992e+00 2.689657e-20 7.171163e-21
5.001657e+00 -4.480314e-21 5.845693e-21
5.002322e+00 1.754117e-20 5.242444e-21
5.002987e+00 2.839313e-20 5.609791e-21
5.003652e+00 -2.484331e-20 5.582324e-21
5.004317e+00 -4.375055e-21 5.357565e-21
5.004982e+00 1.443573e-20 5.373925e-21
5.005647e+00 5.482126e-21 6.836104e-21
5.006312e+00 1.036985e-20 4.964570e-21
5.006977e+00 2.412620e-20 5.399059e-21
5.007642e+00 8.325402e-21 5.242378e-21
5.008307e+00 9.254094e-21 5.394118e-21
5.008972e+00 -6.939604e-21 9.658924e-21
5.009637e+00 -4.694871e-20 5.184492e-21
5.010302e+00 -3.442576e-21 1.028464e-20
5.010967e+00 -7.795638e-21 5.027013e-21
5.011632e+00 -1.124268e-21 5.090795e-21
5.012297e+00 1.745797e-20 5.057923e-21
5.012962e+00 -2.265651e-21 5.050844e-21
5.013627e+00 9.750793e-21 5.403892e-21
5.014292e+00 2.358530e-20 5.251247e-21
5.014957e+00 -9.565538e-21 5.301810e-21
5.015622e+00 -4.607657e-21 5.312681e-21
5.016287e+00 -3.963538e-21 4.856720e-21
5.016952e+00 -1.264881e-20 5.126981e-21
5.017617e+00 2.700536e-20 5.577106e-21
5.018282e+00 3.990492e-20 5.462990e-21
5.018947e+00 2.876216e-20 5.593520e-21
5.019612e+00 4.067946e-20 5.923117e-21
5.020277e+00 -9.179136e-21 5.187955e-21
5.020942e+00 2.267523e-21 5.739462e-21
5.021607e+00 2.657507e-20 5.294895e-21
5.022272e+00 -4.120228e-21 5.078382e-21
5.022937e+00 8.200859e-21 4.779671e-21
5.023602e+00 1.657594e-21 5.470659e-21
5.024267e+00 2.914976e-20 5.020514e-21
5.024932e+00 -4.316445e-21 5.157076e-21
5.025597e+00 7.097992e-21 5.192368e-21
5.026262e+00 2.014248e-21 5.030883e-21
5.026927e+00 5.551580e-21 4.963946e-21
5.027592e+00 5.803931e-21 5.142434e-21
5.028257e+00 1.260526e-21 4.592831e-21
5.028922e+00 3.348969e-20 5.259739e-21
5.029587e+00 1.279157e-20 5.736819e-21
5.030252e+00 4.240732e-21 4.711584e-21
5.030917e+00 -3.242355e-21 4.964191e-21
5.031582e+00 -4.438546e-21 6.849044e-21
5.032247e+00 3.423862e-21 5.232794e-21
5.032912e+00 5.454363e-20 4.950241e-21
5.033577e+00 2.893717e-20 4.787463e-21
5.034242e+00 -3.783861e-21 5.347209e-21
5.034907e+00 -9.761742e-21 5.250016e-21
5.035572e+00 -1.272480e-20 4.973740e-21
5.036237e+00 2.593361e-21 4.850020e-21
5.036902e+00 1.758119e-20 6.291576e-21
5.037567e+00 -1.923198e-20 5.390369e-21
5.038232e+00 -1.805239e-20 5.868777e-21
5.038897e+00 -1.071889e-20 5.047681e-21
5.039562e+00 7.244329e-21 4.774284e-21
5.040227e+00 1.101442e-20 5.015458e-21
5.040892e+00 1.093158e-20 4.967607e-21
5.041557e+00 -8.761501e-21 4.972107e-21
5.042222e+00 2.711383e-20 5.171205e-21
5.042887e+00 -3.521731e-22 4.840107e-21
5.043552e+00 -4.598862e-21 5.235120e-21
5.044217e+00 -1.461663e-20 5.286090e-21
5.044882e+00 8.887173e-21 5.726894e-21
5.045547e+00 -2.404080e-21 5.693612e-21
5.046212e+00 2.270388e-20 5.540649e-21
5.046877e+00 3.287730e-20 5.400950e-21
5.047542e+00 2.114922e-20 5.724693e-21
5.048207e+00 3.219092e-20 5.394109e-21
5.048872e+00 1.332593e-20 5.047230e-21
5.049537e+00 -8.201283e-22 4.855151e-21
5.050202e+00 1.338738e-20 8.313749e-21
5.050867e+00 1.742743e-21 5.139566e-21
5.051532e+00 -1.100658e-20 9.415882e-21
5.052197e+00 -1.343649e-20 7.847297e-21
5.052862e+00 -9.401793e-21 4.839952e-21
5.053527e+00 1.031595e-20 4.925428e-21
5.054192e+00 2.810190e-21 4.945335e-21
5.054857e+00 3.660427e-22 5.732819e-21
5.055522e+00 3.612707e-21 5.918509e-21
5.056187e+00 -9.892963e-21 5.248320e-21
5.056852e+00 -1.862225e-20 5.332989e-21
5.057517e+00 2.281043e-20 5.121004e-21
5.058182e+00 -1.854044e-20 5.946139e-21
5.058847e+00 9.897587e-21 4.900739e-21
5.059512e+00 9.366858e-22 4.837270e-21
5.060177e+00 3.381884e-21 4.819993e-21
5.060842e+00 5.393456e-21 5.319383e-21
5.061507e+00 1.707392e-20 5.175736e-21
5.062172e+00 3.415256e-20 5.842110e-21
5.062837e+00 2.445601e-20 6.087139e-21
5.063502e+00 2.163158e-21 5.339342e-21
5.064167e+00 -2.756760e-20 5.048074e-21
5.064832e+00 -1.455908e-20 5.182635e-21
5.065497e+00 -2.536526e-20 5.382815e-21
5.066162e+00 8.825733e-21 5.505745e-21
5.066827e+00 2.286993e-20 5.330239e-21
5.067492e+00 1.941372e-20 5.642768e-21
5.068157e+00 3.636315e-21 4.995014e-21
5.068822e+00 -2.156362e-20 4.707672e-21
5.069487e+00 1.118652e-20 5.006257e-21
5.070152e+00 -1.694153e-20 4.806928e-21
5.070817e+00 -4.848758e-21 5.286107e-21
5.071482e+00 -4.663703e-21 5.424421e-21
5.072147e+00 -5.065399e-21 4.726929e-21
5.072812e+00 5.208745e-21 4.768729e-21
5.073477e+00 1.604804e-20 4.821470e-21
5.074142e+00 5.083496e-20 5.736310e-21
5.074807e+00 1.819390e-20 5.839560e-21
5.075472e+00 2.523751e-21 5.573961e-21
5.076137e+00 4.012278e-21 5.419278e-21
5.076802e+00 -1.250111e-20 5.431453e-21
5.077467e+00 7.014308e-21 5.138338e-21
5.078132e+00 3.611314e-21 5.205247e-21
5.078797e+00 -1.906062e-21 5.575721e-21
5.079462e+00 4.840466e-21 6.215989e-21
5.080127e+00 -1.466497e-20 6.292472e-21
5.080792e+00 -1.893726e-20 5.366033e-21
5.081457e+00 2.104880e-20 4.916248e-21
5.082122e+00 2.841029e-20 5.127753e-21
5.082787e+00 1.043554e-21 4.613551e-21
5.083452e+00 -2.756290e-20 4.813076e-21
5.084117e+00 -7.585065e-22 4.919439e-21
5.084782e+00 -2.323726e-20 5.263113e-21
5.085447e+00 2.632049e-20 5.172542e-21
5.086112e+00 3.665436e-20 5.214808e-21
5.086777e+00 3.408896e-20 5.715602e-21
5.087442e+00 1.152921e-20 5.306124e-21
5.088107e+00 1.806635e-20 6.451700e-21
5.088772e+00 -3.377035e-21 5.576776e-21
5.089437e+00 -7.611458e-21 5.785681e-21
5.090102e+00 3.711378e-21 5.047744e-21
5.090767e+00 -2.974576e-21 5.244136e-21
5.091432e+00 -1.501795e-20 7.228052e-21
5.092097e+00 -1.765642e-20 5.079313e-21
5.092762e+00 1.836290e-20 4.783835e-21
5.093427e+00 2.776048e-20 5.075108e-21
5.094092e+00 1.312995e-20 5.207138e-21
5.094757e+00 -1.048321e-20 5.304871e-21
5.095422e+00 -1.489632e-21 5.520083e-21
5.096087e+00 -8.765660e-21 5.185489e-21
5.096752e+00 8.408244e-21 5.925998e-21
5.097417e+00 -6.131891e-21 5.329590e-21
5.098082e+00 -1.633043e-20 5.335992e-21
5.098747e+00 3.376636e-20 5.158692e-21
5.099412e+00 3.990575e-20 6.564055e-21
5.100077e+00 2.700233e-20 8.526877e-21
5.100742e+00 3.454393e-21 6.174102e-21
5.101407e+00 1.559568e-20 5.211781e-21
5.102072e+00 6.630570e-22 8.475891e-21
5.102737e+00 -4.768118e-20 6.126369e-21
5.103402e+00 -3.346843e-20 6.544251e-21
5.104067e+00 5.470424e-21 5.379882e-21
5.104732e+00 -6.818873e-21 5.504019e-21
5.105397e+00 -1.687762e-20 5.923574e-21
5.106062e+00 5.561862e-21 5.287718e-21
5.106727e+00 1.385646e-20 5.672887e-21
5.107392e+00 3.807200e-22 5.316167e-21
5.108057e+00 -2.263918e-21 4.950816e-21
5.108722e+00 -4.523250e-22 5.784250e-21
5.109387e+00 2.125742e-20 5.617184e-21
5.110052e+00 7.007004e-21 4.977990e-21
5.110717e+00 1.300985e-22 5.425086e-21
5.111382e+00 1.729466e-20 5.630650e-21
5.112047e+00 4.542072e-20 6.115762e-21
5.112712e+00 2.226284e-20 4.775777e-21
5.113377e+00 1.537291e-20 5.151925e-21
5.114042e+00 3.602725e-20 4.894341e-21
5.114707e+00 2.992562e-20 5.091498e-21
5.115372e+00 1.658515e-21 5.052470e-21
5.116037e+00 1.610554e-21 6.308042e-21
5.116702e+00 1.623857e-20 5.617627e-21
5.117367e+00 7.176040e-21 5.069609e-21
5.118032e+00 1.556554e-20 4.735103e-21
5.118697e+00 4.147668e-20 5.224551e-21
5.119362e+00 5.422198e-20 5.398392e-21
5.120027e+00 9.825146e-21 4.917127e-21
5.120692e+00 5.503855e-21 5.105645e-21
5.121357e+00 4.046731e-23 5.056418e-21
5.122022e+00 -9.495129e-21 5.218519e-21
5.122687e+00 -6.856326e-21 5.203034e-21
5.123352e+00 9.214050e-21 5.630414e-21
5.124017e+00 1.834658e-20 5.321369e-21
5.124682e+00 4.234526e-20 5.192663e-21
5.125347e+00 -1.312334e-20 5.161973e-21
5.126012e+00 -1.005954e-20 5.704585e-21
5.126677e+00 1.304650e-20 5.365984e-21
5.127342e+00 -1.299488e-20 5.698990e-21
5.128007e+00 -2.197409e-20 5.351308e-21
5.128672e+00 -4.689975e-20 5.416276e-21
5.129337e+00 -3.307254e-20 5.371996e-21
5.130002e+00 7.572720e-21 5.670246e-21
5.130667e+00 -7.313162e-22 5.253427e-21
5.131332e+00 -1.362611e-21 4.996941e-21
5.131997e+00 2.362296e-22 5.272350e-21
5.132662e+00 6.530311e-21 5.696352e-21
5.133327e+00 2.210866e-20 5.342806e-21
5.133992e+00 4.553273e-20 6.999138e-21
5.134657e+00 -5.776463e-20 6.661621e-21
5.135322e+00 4.874805e-21 7.001047e-21
5.135987e+00 4.231077e-20 5.496117e-21
5.136652e+00 -3.348155e-21 5.510681e-21
5.137317e+00 -3.406371e-20 5.068590e-21
5.137982e+00 1.280973e-20 5.468215e-21
5.138647e+00 -5.777697e-21 6.121825e-21
5.139312e+00 -1.592575e-20 5.428157e-21
5.139977e+00 -5.570789e-21 4.928808e-21
5.140642e+00 1.322438e-20 5.522103e-21
5.141307e+00 2.168203e-20 5.096405e-21
5.141972e+00 -1.595483e-21 5.422038e-21
5.142637e+00 -3.106520e-21 5.510759e-21
5.143302e+00 1.416037e-20 7.317308e-21
5.143967e+00 6.543931e-21 9.171284e-21
5.144632e+00 2.463919e-20 9.050174e-21
5.145297e+00 4.349896e-20 6.511220e-21
5.145962e+00 3.769318e-21 6.101395e-21
5.146627e+00 2.380551e-21 5.698351e-21
5.147292e+00 -5.960434e-21 5.782465e-21
5.147957e+00 -6.995005e-22 5.919423e-21
5.148622e+00 -3.368479e-21 5.916900e-21
5.149287e+00 1.304528e-20 5.172645e-21
5.149952e+00 1.212878e-20 5.328433e-21
5.150617e+00 1.301419e-21 5.646082e-21
5.151282e+00 2.414850e-20 6.223560e-21
5.151947e+00 3.066491e-20 5.545378e-21
5.152612e+00 8.810903e-21 9.640231e-21
5.153277e+00 -6.122324e-22 5.712078e-21
5.153942e+00 7.401003e-21 5.228156e-21
5.154607e+00 1.425187e-20 1.012013e-20
5.155272e+00 2.634346e-20 6.398232e-21
5.155937e+00 1.734884e-20 5.658886e-21
5.156602e+00 -4.637836e-20 5.350299e-21
5.157267e+00 -5.972751e-21 5.920246e-21
5.157932e+00 1.032838e-20 5.551025e-21
5.158597e+00 6.497488e-21 5.552921e-21
5.159262e+00 3.320671e-20 5.508699e-21
5.159927e+00 2.205638e-20 5.536307e-21
5.160592e+00 3.653832e-20 5.909350e-21
5.161257e+00 -6.444814e-23 5.731391e-21
5.161922e+00 1.130570e-20 7.063581e-21
5.162587e+00 -1.036996e-21 5.545439e-21
5.163252e+00 5.187318e-20 5.568919e-21
5.163917e+00 5.745699e-20 5.800487e-21
5.164582e+00 3.905994e-20 5.562005e-21
5.165247e+00 1.313839e-20 5.453470e-21
5.165912e+00 2.259308e-20 1.204250e-20
5.166577e+00 1.233897e-20 6.009593e-21
5.167242e+00 3.796625e-20 1.896260e-20
5.167907e+00 4.058058e-20 5.764226e-21
5.168572e+00 2.248489e-20 5.605892e-21
5.169237e+00 -2.115712e-20 5.662080e-21
5.169902e+00 -1.998402e-20 5.216316e-21
5.170567e+00 6.056352e-21 6.673416e-21
5.171232e+00 -2.900953e-20 5.748443e-21
5.171897e+00 -1.426076e-20 5.578556e-21
5.172562e+00 -2.330647e-20 5.571128e-21
5.173227e+00 3.630256e-21 5.817797e-21
5.173892e+00 -3.540149e-22 7.112797e-21
5.174557e+00 -3.190764e-20 5.911917e-21
5.175222e+00 -4.008631e-20 6.690207e-21
5.175887e+00 -9.099419e-21 6.705783e-21
5.176552e+00 1.165017e-20 5.603767e-21
5.177217e+00 -1.134279e-20 5.363792e-21
5.177882e+00 -2.466492e-20 5.304329e-21
5.178547e+00 -4.715692e-20 5.900499e-21
5.179212e+00 2.726490e-21 6.475654e-21
5.179877e+00 2.328751e-21 5.666800e-21
5.180542e+00 2.894570e-20 5.653228e-21
5.181207e+00 1.615954e-20 5.889904e-21
5.181872e+00 -3.861375e-20 5.675563e-21
5.182537e+00 -5.951504e-20 5.580166e-21
5.183202e+00 -3.071015e-20 5.962712e-21
5.183867e+00 -2.168792e-20 5.485094e-21
5.184532e+00 1.471844e-20 5.134317e-21
5.185197e+00 1.437936e-20 5.504509e-21
5.185862e+00 1.276538e-20 5.336894e-21
5.186527e+00 2.093362e-20 6.589876e-21
5.187192e+00 3.735619e-21 5.614430e-21
5.187857e+00 3.254820e-20 5.439677e-21
5.188522e+00 5.213114e-21 5.706595e-21
5.189187e+00 -9.439640e-21 5.747264e-21
5.189852e+00 -1.948693e-20 5.270059e-21
5.190517e+00 3.098699e-21 5.154198e-21
5.191182e+00 1.365520e-20 6.034359e-21
5.191847e+00 2.726340e-20 5.500140e-21
5.192512e+00 5.545456e-21 6.001685e-21
5.193177e+00 -3.111116e-20 5.660975e-21
5.193842e+00 -7.384922e-21 5.600769e-21
5.194507e+00 1.414758e-20 5.697875e-21
5.195172e+00 -3.392033e-21 6.406270e-21
5.195837e+00 -9.228510e-21 5.589101e-21
5.196502e+00 1.610963e-20 5.432941e-21
5.197167e+00 -1.363574e-20 5.693921e-21
5.197832e+00 -1.885352e-20 5.867088e-21
5.198497e+00 -1.537506e-20 6.089161e-21
5.199162e+00 -3.763775e-20 6.015508e-21
5.199827e+00 1.326454e-20 5.826935e-21
5.200492e+00 1.459873e-20 5.589719e-21
5.201157e+00 1.963408e-20 6.113931e-21
5.201822e+00 -4.600766e-22 5.326005e-21
5.202487e+00 -1.732968e-20 5.423769e-21
5.203152e+00 -2.693770e-20 5.742666e-21
5.203817e+00 1.453039e-23 5.684109e-21
5.204482e+00 -2.385836e-20 6.004901e-21
5.205147e+00 -2.128209e-20 5.542290e-21
5.205812e+00 1.589824e-20 6.252021e-21
5.206477e+00 -1.062580e-21 5.760241e-21
5.207142e+00 -5.723951e-21 5.585389e-21
5.207807e+00 -2.315609e-20 5.500215e-21
5.208472e+00 -2.029117e-20 5.665584e-21
5.209137e+00 1.565591e-20 5.978468e-21
5.209802e+00 2.058789e-20 4.934959e-21
5.210467e+00 9.023822e-21 5.981632e-21
5.211132e+00 -1.813142e-20 7.472159e-21
5.211797e+00 1.945368e-20 1.449608e-20
5.212462e+00 2.732608e-20 1.641465e-20
5.213127e+00 -9.891106e-22 6.730999e-21
5.213792e+00 3.918485e-21 1.250309e-20
5.214457e+00 -3.888172e-20 5.466681e-21
5.215122e+00 -2.326242e-20 5.764869e-21
5.215787e+00 -1.504228e-20 6.076735e-21
5.216452e+00 2.730848e-20 5.894744e-21
5.217117e+00 1.545350e-20 6.477234e-21
5.217782e+00 1.846173e-20 6.711127e-21
5.218447e+00 2.005292e-20 6.483925e-21
5.219112e+00 3.015467e-20 6.258791e-21
5.219777e+00 -1.346173e-20 5.952324e-21
5.220442e+00 -1.480963e-20 6.578682e-21
5.221107e+00 1.041227e-20 6.611154e-21
5.221772e+00 5.224353e-21 6.055340e-21
5.222437e+00 1.504577e-20 5.482241e-21
5.223102e+00 -2.706391e-20 5.702431e-21
5.223767e+00 -2.811896e-20 5.569231e-21
5.224432e+00 8.569660e-21 5.985967e-21
5.225097e+00 2.020560e-20 5.914851e-21
5.225762e+00 2.255864e-21 6.002141e-21
5.226427e+00 2.304300e-20 5.685519e-21
5.227092e+00 3.279703e-20 6.015086e-21
5.227757e+00 -2.902050e-21 5.899246e-21
5.228422e+00 3.498093e-21 6.041408e-21
5.229087e+00 -1.068153e-20 5.503568e-21
5.229752e+00 2.826738e-20 5.492715e-21
5.230417e+00 3.948386e-20 6.803032e-21
5.231082e+00 2.878256e-20 6.186683e-21
5.231747e+00 3.419995e-20 5.595794e-21
5.232412e+00 3.328665e-20 5.357457e-21
5.233077e+00 -2.078074e-21 5.577915e-21
5.233742e+00 -1.742615e-20 5.877955e-21
5.234407e+00 4.019947e-20 5.879120e-21
5.235072e+00 -7.184121e-21 6.037881e-21
5.235737e+00 -6.065915e-21 5.966448e-21
5.236402e+00 -1.052666e-20 5.300415e-21
5.237067e+00 -2.635117e-20 6.020701e-21
5.237732e+00 -3.217661e-20 5.518133e-21
5.238397e+00 -2.577025e-20 5.668236e-21
5.239062e+00 2.776148e-20 5.740709e-21
5.239727e+00 -1.877797e-20 5.478335e-21
5.240392e+00 3.491076e-20 7.700987e-21
5.241057e+00 4.455218e-20 6.070075e-21
5.241722e+00 4.146283e-20 5.681866e-21
5.242387e+00 2.928816e-20 5.440204e-21
5.243052e+00 -7.196684e-21 6.375188e-21
5.243717e+00 1.102759e-20 5.538164e-21
5.244382e+00 4.107252e-20 6.486286e-21
5.245047e+00 2.226112e-20 5.424934e-21
5.245712e+00 2.016967e-20 5.166433e-21
5.246377e+00 -8.347153e-21 5.947534e-21
5.247042e+00 2.543143e-21 5.770424e-21
5.247707e+00 -1.050628e-20 6.129956e-21
5.248372e+00 -2.044803e-20 6.154531e-21
5.249037e+00 -3.093019e-20 5.501912e-21
5.249702e+00 -5.294257e-21 6.284410e-21
5.250367e+00 -2.325941e-20 6.043735e-21
5.251032e+00 -1.588417e-21 6.892572e-21
5.251697e+00 9.843325e-21 6.722840e-21
5.252362e+00 1.729489e-20 5.986229e-21
5.253027e+00 1.990085e-20 5.866044e-21
5.253692e+00 -1.345532e-20 6.032624e-21
5.254357e+00 -1.742787e-20 7.035130e-21
5.255022e+00 -1.938912e-21 5.629593e-21
5.255687e+00 -1.944191e-20 5.690756e-21
5.256352e+00 -6.643816e-21 5.933804e-21
5.257017e+00 -4.398373e-21 5.586492e-21
5.257682e+00 2.041422e-21 6.125020e-21
5.258347e+00 1.537615e-20 6.292529e-21
5.259012e+00 2.619880e-20 5.800495e-21
5.259677e+00 6.415444e-20 6.072144e-21
5.260342e+00 3.817222e-20 6.359897e-21
5.261007e+00 2.201212e-20 5.602501e-21
5.261672e+00 2.720385e-20 6.388692e-21
5.262337e+00 2.608889e-20 6.206171e-21
5.263002e+00 2.301846e-20 6.627215e-21
5.263667e+00 9.697102e-21 5.850919e-21
5.264332e+00 1.907970e-20 5.580459e-21
5.264997e+00 -7.079075e-21 5.692057e-21
5.265662e+00 5.206587e-21 6.670479e-21
5.266327e+00 6.603554e-22 5.922213e-21
5.266992e+00 3.171925e-20 6.047621e-21
5.267657e+00 5.031641e-21 5.758835e-21
5.268322e+00 -1.285854e-20 6.171722e-21
5.268987e+00 -2.307615e-20 5.607371e-21
5.269652e+00 1.970427e-20 8.063696e-21
5.270317e+00 nan nan
