# Wavelength(um) Flux(erg/s/cm2/A) Flux_Err
2.870332e+00 -9.025045e-20 1.477344e-20
2.870997e+00 -9.600786e-20 1.107328e-20
2.871662e+00 -7.084936e-20 1.058081e-20
2.872327e+00 -8.938793e-21 1.019697e-20
2.872992e+00 -2.176580e-20 1.034998e-20
2.873657e+00 -4.065349e-21 1.003035e-20
2.874322e+00 -4.833258e-20 9.136319e-21
2.874987e+00 1.132709e-19 9.599900e-21
2.875652e+00 6.619713e-20 1.194825e-20
2.876317e+00 7.260667e-20 1.180379e-20
2.876982e+00 1.319511e-19 1.017426e-20
2.877647e+00 -2.789429e-20 1.045918e-20
2.878312e+00 -3.691157e-20 5.271508e-20
2.878977e+00 4.873810e-20 3.406335e-20
2.879642e+00 8.055044e-21 6.404261e-20
2.880307e+00 -4.248361e-20 3.662988e-20
2.880972e+00 -5.525233e-20 1.038989e-20
2.881637e+00 -9.679584e-20 1.078911e-20
2.882302e+00 -8.267480e-20 9.817536e-21
2.882967e+00 -3.514749e-20 8.804827e-21
2.883632e+00 9.810798e-21 9.771324e-21
2.884297e+00 -9.427731e-20 1.042188e-20
2.884962e+00 -2.922753e-20 9.571106e-21
2.885627e+00 -6.035338e-20 9.597422e-21
2.886292e+00 -6.014424e-20 1.004932e-20
2.886957e+00 1.086080e-19 9.692858e-21
2.887622e+00 -5.219944e-20 1.030954e-20
2.888287e+00 -1.493447e-19 1.006166e-20
2.888952e+00 6.545424e-20 9.719110e-21
2.889617e+00 -1.311450e-20 8.707415e-21
2.890282e+00 1.560290e-19 9.300539e-21
2.890947e+00 6.940721e-20 9.641745e-21
2.891612e+00 2.770181e-20 1.003501e-20
2.892277e+00 -1.387737e-20 1.316412e-20
2.892942e+00 -1.832397e-19 1.022490e-20
2.893607e+00 -4.684981e-20 9.524371e-21
2.894272e+00 9.448702e-20 1.023010e-20
2.894937e+00 1.324517e-19 1.014185e-20
2.895602e+00 5.108478e-20 9.597123e-21
2.896267e+00 1.927507e-19 1.150481e-20
2.896932e+00 1.329599e-19 9.556608e-21
2.897597e+00 1.622595e-19 8.831671e-21
2.898262e+00 6.522123e-20 8.770827e-21
2.898927e+00 1.026299e-20 8.417913e-21
2.899592e+00 -7.037820e-21 9.207177e-21
2.900257e+00 -5.910512e-20 9.663992e-21
2.900922e+00 4.156766e-20 9.511121e-21
2.901587e+00 6.295052e-20 9.340042e-21
2.902252e+00 1.290979e-19 8.867141e-21
2.902917e+00 7.099701e-20 9.101324e-21
2.903582e+00 7.978183e-20 8.614649e-21
2.904247e+00 -5.898318e-20 8.888537e-21
2.904912e+00 -7.664382e-20 9.159336e-21
2.905577e+00 5.395554e-20 8.190211e-21
2.906242e+00 7.413508e-20 1.049392e-20
2.906907e+00 3.071777e-20 9.440191e-21
2.907572e+00 2.908679e-20 1.010718e-20
2.908237e+00 -4.917096e-20 8.599067e-21
2.908902e+00 3.180197e-20 9.791127e-21
2.909567e+00 9.513479e-20 8.559133e-21
2.910232e+00 3.209228e-20 8.583335e-21
2.910897e+00 9.522725e-21 8.806430e-21
2.911562e+00 3.243429e-20 8.027362e-21
2.912227e+00 -4.105035e-20 9.045491e-21
2.912892e+00 -8.383457e-20 8.511063e-21
2.913557e+00 -7.993651e-20 7.827346e-21
2.914222e+00 -1.061850e-19 9.467762e-21
2.914887e+00 -1.581185e-19 8.244133e-21
2.915552e+00 -8.683118e-20 8.904861e-21
2.916217e+00 -8.613446e-20 8.071789e-21
2.916882e+00 -1.443734e-20 8.713056e-21
2.917547e+00 -1.050542e-20 9.196295e-21
2.918212e+00 -1.230452e-20 8.638254e-21
2.918877e+00 4.290122e-20 8.648723e-21
2.919542e+00 4.330774e-20 8.304016e-21
2.920207e+00 -2.007729e-20 8.782866e-21
2.920872e+00 1.180877e-19 1.039760e-20
2.921537e+00 9.221941e-20 1.015487e-20
2.922202e+00 5.841592e-20 8.776542e-21
2.922867e+00 1.566560e-20 8.120676e-21
2.923532e+00 4.561376e-20 8.459431e-21
2.924197e+00 1.055166e-19 1.013246e-20
2.924862e+00 8.886376e-20 8.109129e-21
2.925527e+00 1.153734e-19 7.277297e-21
2.926192e+00 4.081361e-20 7.522876e-21
2.926857e+00 7.906577e-20 7.775661e-21
2.927522e+00 1.028843e-19 7.832278e-21
2.928187e+00 5.351115e-20 8.849192e-21
2.928852e+00 1.694106e-20 8.012251e-21
2.929517e+00 7.871394e-21 8.089174e-21
2.930182e+00 -8.210884e-21 9.021299e-21
2.930847e+00 2.656363e-20 7.788184e-21
2.931512e+00 1.489176e-20 7.693264e-21
2.932177e+00 4.981241e-20 7.640809e-21
2.932842e+00 6.336469e-20 7.172549e-21
2.933507e+00 1.303475e-19 7.702624e-21
2.934172e+00 6.313825e-21 7.613361e-21
2.934837e+00 -9.998840e-20 7.935002e-21
2.935502e+00 -6.092136e-21 8.543416e-21
2.936167e+00 4.995278e-20 7.661964e-21
2.936832e+00 4.503184e-20 7.487799e-21
2.937497e+00 1.202446e-20 7.216158e-21
2.938162e+00 9.722353e-20 7.770671e-21
2.938827e+00 1.018594e-20 8.518479e-21
2.939492e+00 1.592091e-20 7.864540e-21
2.940157e+00 5.894462e-20 8.550975e-21
2.940822e+00 3.041512e-20 9.283896e-21
2.941487e+00 -6.835303e-21 8.023000e-21
2.942152e+00 5.617609e-20 7.255975e-21
2.942817e+00 4.356759e-20 8.078768e-21
2.943482e+00 -4.578094e-20 6.849780e-21
2.944147e+00 8.540859e-20 7.902283e-21
2.944812e+00 1.355287e-20 9.026389e-21
2.945477e+00 -4.288652e-23 7.888081e-21
2.946142e+00 -4.302866e-20 8.119476e-21
2.946807e+00 1.108574e-20 7.938026e-21
2.947472e+00 -6.935173e-20 7.144058e-21
2.948137e+00 -9.300616e-20 7.502387e-21
2.948802e+00 3.177075e-21 7.708220e-21
2.949467e+00 4.976481e-20 8.064697e-21
2.950132e+00 1.808774e-20 7.211146e-21
2.950797e+00 -3.237240e-20 7.506813e-21
2.951462e+00 8.209911e-20 7.990292e-21
2.952127e+00 2.826435e-20 8.092040e-21
2.952792e+00 4.126457e-21 7.739608e-21
2.953457e+00 2.023892e-20 1.032225e-20
2.954122e+00 4.422299e-20 7.697573e-21
2.954787e+00 2.056475e-20 8.900579e-21
2.955452e+00 -9.800700e-20 7.794686e-21
2.956117e+00 -6.604936e-20 8.899141e-21
2.956782e+00 -1.936860e-21 8.248472e-21
2.957447e+00 -7.962031e-22 7.486956e-21
2.958112e+00 3.413116e-20 9.166814e-21
2.958777e+00 -2.294110e-20 6.617252e-21
2.959442e+00 -2.947275e-20 6.850951e-21
2.960107e+00 2.116136e-20 7.543076e-21
2.960772e+00 1.738483e-20 7.477449e-21
2.961437e+00 4.601323e-20 7.905135e-21
2.962102e+00 4.279762e-20 7.868685e-21
2.962767e+00 9.176517e-20 7.305266e-21
2.963432e+00 7.013648e-20 7.426002e-21
2.964097e+00 7.329922e-20 7.839774e-21
2.964762e+00 8.175768e-20 6.553217e-21
2.965427e+00 7.591053e-20 7.226796e-21
2.966092e+00 1.187239e-20 6.637638e-21
2.966757e+00 2.211924e-20 7.015164e-21
2.967422e+00 1.849766e-21 6.770128e-21
2.968087e+00 1.189758e-20 7.284242e-21
2.968752e+00 3.356339e-20 6.927077e-21
2.969417e+00 1.079696e-19 7.317074e-21
2.970082e+00 5.997051e-20 7.284539e-21
2.970747e+00 9.219968e-21 7.010699e-21
2.971412e+00 3.047809e-20 7.369969e-21
2.972077e+00 -1.136957e-20 7.459056e-21
2.972742e+00 1.709124e-20 7.421133e-21
2.973407e+00 -1.080817e-21 7.443437e-21
2.974072e+00 5.845014e-21 6.978911e-21
2.974737e+00 9.863755e-21 7.293675e-21
2.975402e+00 3.802969e-20 6.834045e-21
2.976067e+00 4.050484e-20 7.012895e-21
2.976732e+00 3.631239e-20 6.899966e-21
2.977397e+00 7.867424e-21 7.193941e-21
2.978062e+00 6.263995e-20 7.019158e-21
2.978727e+00 4.652435e-20 7.191267e-21
2.979392e+00 4.604673e-20 7.518777e-21
2.980057e+00 5.483542e-20 7.313405e-21
2.980722e+00 1.551703e-20 6.780807e-21
2.981387e+00 5.357488e-20 7.461487e-21
2.982052e+00 7.775465e-20 8.126869e-21
2.982717e+00 1.172107e-19 7.066510e-21
2.983382e+00 -1.577462e-20 7.122519e-21
2.984047e+00 -3.554387e-20 7.673855e-21
2.984712e+00 -7.343449e-20 6.700191e-21
2.985377e+00 3.461025e-20 8.801346e-21
2.986042e+00 4.934231e-20 7.543768e-21
2.986707e+00 5.704384e-20 7.012506e-21
2.987372e+00 1.057133e-19 6.502425e-21
2.988037e+00 5.159304e-20 7.064725e-21
2.988702e+00 3.184535e-20 6.790413e-21
2.989367e+00 7.718694e-20 6.060309e-21
2.990032e+00 7.745131e-20 6.867395e-21
2.990697e+00 6.996294e-20 7.103520e-21
2.991362e+00 8.850874e-20 6.246896e-21
2.992027e+00 -1.072485e-20 6.230050e-21
2.992692e+00 -7.166306e-20 7.305193e-21
2.993357e+00 2.243642e-20 7.271695e-21
2.994022e+00 1.137576e-21 7.075729e-21
2.994687e+00 2.760805e-20 6.606283e-21
2.995352e+00 -8.337385e-20 6.622507e-21
2.996017e+00 -1.862179e-20 6.733038e-21
2.996682e+00 -7.215095e-20 6.335453e-21
2.997347e+00 -4.885744e-20 6.177237e-21
2.998012e+00 6.085324e-20 6.600198e-21
2.998677e+00 4.964522e-20 6.551865e-21
2.999342e+00 5.943105e-20 6.740032e-21
3.000007e+00 1.997807e-20 7.175491e-21
3.000672e+00 -7.313817e-21 6.265383e-21
3.001337e+00 1.345254e-20 6.447869e-21
3.002002e+00 -4.315136e-20 6.282152e-21
3.002667e+00 -8.290804e-20 7.379231e-21
3.003332e+00 -3.724459e-20 7.149239e-21
3.003997e+00 -3.758483e-20 7.165515e-21
3.004662e+00 -3.751686e-20 6.718134e-21
3.005327e+00 -1.314855e-20 6.940221e-21
3.005992e+00 -2.820931e-20 7.141379e-21
3.006657e+00 2.964134e-20 6.210476e-21
3.007322e+00 -2.143060e-20 6.551490e-21
3.007987e+00 1.562152e-20 6.645344e-21
3.008652e+00 1.982985e-20 7.427802e-21
3.009317e+00 3.434560e-20 8.042635e-21
3.009982e+00 2.809535e-20 6.336359e-21
3.010647e+00 4.465951e-20 7.412212e-21
3.011312e+00 -1.659415e-20 6.877399e-21
3.011977e+00 4.202614e-20 7.298597e-21
3.012642e+00 2.178063e-20 7.174093e-21
3.013307e+00 -4.698401e-21 7.193409e-21
3.013972e+00 3.666130e-20 7.293575e-21
3.014637e+00 8.212149e-20 6.793334e-21
3.015302e+00 6.975012e-20 6.616563e-21
3.015967e+00 1.989585e-20 6.634402e-21
3.016632e+00 2.611127e-20 5.943995e-21
3.017297e+00 6.543069e-20 6.601559e-21
3.017962e+00 5.279593e-20 7.012135e-21
3.018627e+00 6.341885e-20 7.485416e-21
3.019292e+00 4.555732e-20 6.877464e-21
3.019957e+00 3.083160e-20 5.988035e-21
3.020622e+00 4.479732e-20 5.863969e-21
3.021287e+00 3.054971e-20 6.715180e-21
3.021952e+00 9.370017e-20 7.868909e-21
3.022617e+00 3.241411e-20 5.844798e-21
3.023282e+00 -1.253695e-19 6.831801e-21
3.023947e+00 -1.189962e-19 6.481239e-21
3.024612e+00 -6.655651e-20 5.774239e-21
3.025277e+00 -5.925476e-20 6.616882e-21
3.025942e+00 -6.950027e-20 7.579502e-21
3.026607e+00 3.887322e-21 6.330931e-21
3.027272e+00 -5.105850e-20 6.381217e-21
3.027937e+00 5.708146e-20 9.058552e-21
3.028602e+00 5.137819e-20 1.034067e-20
3.029267e+00 4.377211e-20 8.190165e-21
3.029932e+00 6.243787e-20 8.351272e-21
3.030597e+00 2.399737e-20 8.306935e-21
3.031262e+00 7.961757e-20 7.626657e-21
3.031927e+00 1.190207e-19 6.347929e-21
3.032592e+00 1.595732e-20 8.587128e-21
3.033257e+00 3.785191e-20 7.738691e-21
3.033922e+00 5.922065e-20 6.036564e-21
3.034587e+00 2.216296e-20 6.372861e-21
3.035252e+00 1.978626e-20 5.761027e-21
3.035917e+00 -4.882877e-20 7.034458e-21
3.036582e+00 -1.833251e-20 6.636114e-21
3.037247e+00 -1.796890e-20 7.263833e-21
3.037912e+00 -1.646459e-20 6.637038e-21
3.038577e+00 -5.979646e-21 6.311937e-21
3.039242e+00 -1.322632e-19 6.129705e-21
3.039907e+00 -4.650157e-20 5.997731e-21
3.040572e+00 -4.571543e-22 6.826341e-21
3.041237e+00 2.169587e-20 6.335717e-21
3.041902e+00 3.729000e-20 1.473181e-20
3.042567e+00 -5.136154e-20 1.542812e-19
3.043232e+00 6.819530e-20 5.941035e-21
3.043897e+00 5.701121e-20 5.756961e-21
3.044562e+00 2.094533e-20 6.147847e-21
3.045227e+00 -2.126991e-22 6.512257e-21
3.045892e+00 -2.350303e-20 8.158421e-21
3.046557e+00 4.293374e-21 6.782088e-21
3.047222e+00 1.220180e-20 6.639775e-21
3.047887e+00 1.774895e-20 6.194464e-21
3.048552e+00 7.031493e-20 5.992597e-21
3.049217e+00 -1.172966e-21 5.650318e-21
3.049882e+00 -2.390947e-20 6.249740e-21
3.050547e+00 -5.628805e-20 5.728651e-21
3.051212e+00 2.669506e-20 5.737687e-21
3.051877e+00 5.669242e-20 6.564135e-21
3.052542e+00 1.258780e-20 6.277663e-21
3.053207e+00 2.568074e-20 6.059080e-21
3.053872e+00 3.643634e-20 6.142200e-21
3.054537e+00 2.835438e-20 6.092370e-21
3.055202e+00 7.838441e-20 6.779445e-21
3.055867e+00 1.129347e-20 6.487257e-21
3.056532e+00 -2.277864e-20 6.391065e-21
3.057197e+00 2.728190e-20 6.388303e-21
3.057862e+00 -4.931786e-20 5.725627e-21
3.058527e+00 -3.334866e-20 5.948899e-21
3.059192e+00 -5.800918e-21 6.394492e-21
3.059857e+00 2.353318e-20 6.470283e-21
3.060522e+00 5.831894e-20 6.268691e-21
3.061187e+00 1.519049e-20 6.072731e-21
3.061852e+00 -2.449537e-21 5.968036e-21
3.062517e+00 5.450797e-20 6.542423e-21
3.063182e+00 1.355863e-20 6.336586e-21
3.063847e+00 -2.315374e-20 6.528764e-21
3.064512e+00 -4.145148e-20 6.131914e-21
3.065177e+00 -4.246142e-20 6.271293e-21
3.065842e+00 2.719224e-21 5.890788e-21
3.066507e+00 -3.718431e-20 1.405614e-20
3.067172e+00 2.215927e-20 8.993827e-21
3.067837e+00 1.324155e-20 1.211453e-20
3.068502e+00 -1.772519e-20 9.983119e-21
3.069167e+00 5.371329e-20 6.886823e-21
3.069832e+00 4.574393e-20 5.980343e-21
3.070497e+00 -1.336234e-20 6.560562e-21
3.071162e+00 1.402654e-20 5.950494e-21
3.071827e+00 -2.356462e-20 6.247264e-21
3.072492e+00 4.193283e-20 6.152390e-21
3.073157e+00 9.345690e-20 6.198587e-21
3.073822e+00 -5.332898e-22 5.858452e-21
3.074487e+00 -6.110428e-21 6.225341e-21
3.075152e+00 5.643541e-20 5.567271e-21
3.075817e+00 6.248810e-20 5.924741e-21
3.076482e+00 -3.305245e-20 5.415659e-21
3.077147e+00 -3.799541e-20 5.960039e-21
3.077812e+00 2.970576e-20 5.810944e-21
3.078477e+00 -1.154756e-20 5.676235e-21
3.079142e+00 3.292489e-20 6.146450e-21
3.079807e+00 -2.533288e-20 5.942220e-21
3.080472e+00 5.297032e-20 5.879172e-21
3.081137e+00 8.055235e-20 6.004675e-21
3.081802e+00 5.176779e-20 6.827970e-21
3.082467e+00 6.030070e-21 6.168674e-21
3.083132e+00 4.167707e-20 5.818973e-21
3.083797e+00 3.061997e-20 5.409426e-21
3.084462e+00 2.341251e-20 6.091986e-21
3.085127e+00 3.315802e-22 5.797069e-21
3.085792e+00 4.436731e-20 6.008180e-21
3.086457e+00 -9.450107e-21 5.582905e-21
3.087122e+00 -1.285807e-21 6.394873e-21
3.087787e+00 2.480257e-20 5.986482e-21
3.088452e+00 -5.619548e-20 6.121718e-21
3.089117e+00 -2.912169e-20 5.924493e-21
3.089782e+00 -5.211104e-20 5.652415e-21
3.090447e+00 -2.152199e-22 5.902080e-21
3.091112e+00 -1.931792e-20 6.046840e-21
3.091777e+00 -5.150067e-20 6.230744e-21
3.092442e+00 -7.039870e-20 6.134177e-21
3.093107e+00 -3.852583e-20 6.232449e-21
3.093772e+00 2.316895e-20 5.941310e-21
3.094437e+00 4.122119e-20 5.956711e-21
3.095102e+00 -1.325193e-20 6.084677e-21
3.095767e+00 5.625494e-20 7.486955e-21
3.096432e+00 9.296332e-20 6.924301e-21
3.097097e+00 -6.303482e-21 6.829207e-21
3.097762e+00 9.316469e-20 6.236010e-21
3.098427e+00 1.132887e-19 3.267865e-20
3.099092e+00 6.449212e-20 9.193936e-21
3.099757e+00 9.151535e-20 2.593274e-20
3.100422e+00 3.585402e-20 9.907017e-21
3.101087e+00 5.967049e-20 6.396526e-21
3.101752e+00 3.169681e-20 1.233241e-20
3.102417e+00 9.754053e-20 1.733091e-20
3.103082e+00 4.684101e-20 1.421694e-20
3.103747e+00 2.685802e-20 2.713025e-20
3.104412e+00 8.835318e-21 5.818549e-21
3.105077e+00 2.421656e-20 5.679414e-21
3.105742e+00 6.938869e-21 5.451132e-21
3.106407e+00 1.701504e-20 5.893205e-21
3.107072e+00 4.981700e-20 6.186829e-21
3.107737e+00 -4.156390e-20 5.626546e-21
3.108402e+00 -4.699327e-20 6.461333e-21
3.109067e+00 -5.506198e-22 5.968829e-21
3.109732e+00 5.690319e-20 6.055141e-21
3.110397e+00 -2.962022e-20 5.699330e-21
3.111062e+00 -3.131642e-20 5.958443e-21
3.111727e+00 4.180696e-20 5.978630e-21
3.112392e+00 -2.779813e-20 6.189413e-21
3.113057e+00 4.554933e-21 5.625482e-21
3.113722e+00 -4.255344e-21 6.252076e-21
3.114387e+00 4.107669e-20 5.504677e-21
3.115052e+00 1.997141e-20 5.065159e-21
3.115717e+00 -1.099578e-20 6.357261e-21
3.116382e+00 -2.549889e-20 5.511626e-21
3.117047e+00 1.131463e-20 6.101981e-21
3.117712e+00 7.493705e-20 5.490793e-21
3.118377e+00 1.255349e-20 5.532505e-21
3.119042e+00 4.857544e-20 5.708174e-21
3.119707e+00 3.345489e-20 5.843420e-21
3.120372e+00 5.838913e-20 6.077332e-21
3.121037e+00 3.777970e-20 5.456634e-21
3.121702e+00 1.374960e-20 5.478204e-21
3.122367e+00 6.107246e-20 6.095765e-21
3.123032e+00 1.418874e-20 5.938036e-21
3.123697e+00 -2.258145e-20 5.772901e-21
3.124362e+00 1.370826e-20 5.422488e-21
3.125027e+00 2.332199e-21 6.041801e-21
3.125692e+00 1.141127e-20 5.329402e-21
3.126357e+00 5.319291e-20 5.163914e-21
3.127022e+00 6.276516e-21 5.917515e-21
3.127687e+00 1.511005e-20 5.980838e-21
3.128352e+00 3.505183e-20 5.755725e-21
3.129017e+00 -2.218300e-21 5.536052e-21
3.129682e+00 1.661496e-20 5.899313e-21
3.130347e+00 -8.209438e-21 5.462206e-21
3.131012e+00 3.474007e-21 6.164298e-21
3.131677e+00 -2.558707e-20 8.180755e-21
3.132342e+00 3.170528e-20 8.775182e-21
3.133007e+00 -2.880068e-21 8.032720e-21
3.133672e+00 -4.172018e-20 5.077416e-21
3.134337e+00 -2.849245e-20 5.301614e-21
3.135002e+00 3.898369e-20 5.260649e-21
3.135667e+00 -1.126414e-20 5.333515e-21
3.136332e+00 1.841461e-20 5.896113e-21
3.136997e+00 -1.590565e-20 5.584710e-21
3.137662e+00 -5.266109e-20 5.728110e-21
3.138327e+00 1.983191e-20 5.387733e-21
3.138992e+00 7.385825e-20 5.593470e-21
3.139657e+00 6.792232e-20 5.911130e-21
3.140322e+00 -5.640190e-21 5.912741e-21
3.140987e+00 -7.069543e-21 6.101022e-21
3.141652e+00 2.194630e-21 6.443372e-21
3.142317e+00 2.280818e-20 4.985011e-21
3.142982e+00 3.373135e-21 5.723705e-21
3.143647e+00 -1.154790e-20 5.496328e-21
3.144312e+00 6.682300e-20 5.563265e-21
3.144977e+00 5.620534e-20 5.571825e-21
3.145642e+00 2.222749e-20 5.371422e-21
3.146307e+00 9.378755e-21 5.440563e-21
3.146972e+00 -7.167772e-21 5.408639e-21
3.147637e+00 3.802321e-20 5.009123e-21
3.148302e+00 2.550336e-20 5.713740e-21
3.148967e+00 5.951245e-20 5.804286e-21
3.149632e+00 4.260710e-20 5.919967e-21
3.150297e+00 2.206641e-21 8.592719e-21
3.150962e+00 2.055167e-20 6.574374e-21
3.151627e+00 7.888460e-20 9.940685e-21
3.152292e+00 8.423035e-20 6.513072e-21
3.152957e+00 -1.268669e-20 6.046684e-21
3.153622e+00 4.676436e-20 5.564217e-21
3.154287e+00 3.259999e-20 5.422161e-21
3.154952e+00 7.842985e-21 5.777725e-21
3.155617e+00 2.058626e-20 5.465477e-21
3.156282e+00 -4.692942e-20 5.309839e-21
3.156947e+00 3.829895e-22 5.290860e-21
3.157612e+00 -1.777104e-20 6.100677e-21
3.158277e+00 -2.307760e-21 5.388762e-21
3.158942e+00 -1.264217e-20 5.529538e-21
3.159607e+00 1.964431e-20 5.943235e-21
3.160272e+00 3.560076e-20 5.447683e-21
3.160937e+00 5.617026e-21 5.962084e-21
3.161602e+00 -3.502188e-20 5.499808e-21
3.162267e+00 2.408084e-20 5.981413e-21
3.162932e+00 8.400907e-20 5.407174e-21
3.163597e+00 -2.937834e-20 5.232465e-21
3.164262e+00 3.098500e-20 5.756444e-21
3.164927e+00 2.284548e-21 5.632031e-21
3.165592e+00 -4.754467e-20 5.367373e-21
3.166257e+00 3.404646e-20 5.359581e-21
3.166922e+00 -4.484320e-20 5.309360e-21
3.167587e+00 -8.005580e-21 5.360754e-21
3.168252e+00 -4.708578e-20 5.560614e-21
3.168917e+00 -3.598144e-21 5.258797e-21
3.169582e+00 3.351113e-20 5.144069e-21
3.170247e+00 3.595068e-20 6.021440e-21
3.170912e+00 1.563103e-20 5.104421e-21
3.171577e+00 -8.118185e-20 4.459018e-20
3.172242e+00 -1.280057e-20 1.216271e-20
3.172907e+00 -1.395892e-20 4.854123e-21
3.173572e+00 -1.329061e-20 5.072446e-21
3.174237e+00 4.208227e-20 4.916008e-21
3.174902e+00 6.536164e-20 6.066062e-21
3.175567e+00 9.584119e-20 5.898205e-21
3.176232e+00 -1.028016e-20 5.150988e-21
3.176897e+00 1.626203e-20 4.969866e-21
3.177562e+00 5.457610e-20 5.662914e-21
3.178227e+00 1.315648e-21 5.867354e-21
3.178892e+00 -1.594813e-20 4.734790e-21
3.179557e+00 2.627354e-20 6.855183e-21
3.180222e+00 -9.344299e-21 5.915439e-21
3.180887e+00 4.648876e-21 6.543208e-21
3.181552e+00 1.771064e-20 6.350921e-21
3.182217e+00 2.092722e-20 5.274979e-21
3.182882e+00 -2.940737e-20 5.449895e-21
3.183547e+00 -3.579758e-20 5.740397e-21
3.184212e+00 2.715088e-20 4.911456e-21
3.184877e+00 4.959325e-20 5.250940e-21
3.185542e+00 -3.707801e-20 5.718168e-21
3.186207e+00 1.866623e-21 5.995990e-21
3.186872e+00 -5.884900e-20 5.572000e-21
3.187537e+00 -9.962060e-22 5.167368e-21
3.188202e+00 1.368587e-20 5.361294e-21
3.188867e+00 2.225098e-20 5.565467e-21
3.189532e+00 -2.581539e-20 5.719639e-21
3.190197e+00 -2.663246e-20 5.514867e-21
3.190862e+00 -5.377565e-21 5.508703e-21
3.191527e+00 5.791894e-20 5.475488e-21
3.192192e+00 -1.365569e-20 5.308084e-21
3.192857e+00 1.655933e-20 5.080419e-21
3.193522e+00 -3.944455e-20 5.888257e-21
3.194187e+00 3.647242e-20 5.358055e-21
3.194852e+00 -6.475340e-21 1.010876e-20
3.195517e+00 5.807742e-20 1.115798e-20
3.196182e+00 2.252038e-21 1.348073e-20
3.196847e+00 6.548045e-20 1.114949e-20
3.197512e+00 -4.074568e-21 6.866746e-21
3.198177e+00 9.937961e-21 5.896004e-21
3.198842e+00 1.984596e-20 2.163876e-20
3.199507e+00 6.082154e-20 5.259335e-20
3.200172e+00 2.613377e-20 5.644011e-21
3.200837e+00 -1.903383e-20 5.271381e-21
3.201502e+00 -5.907691e-20 5.120223e-21
3.202167e+00 -6.864968e-20 4.380635e-21
3.202832e+00 -3.940606e-20 4.820142e-21
3.203497e+00 -8.234422e-21 5.677472e-21
3.204162e+00 -2.322284e-20 5.363818e-21
3.204827e+00 -8.008077e-21 5.049845e-21
3.205492e+00 -2.170498e-20 5.135649e-21
3.206157e+00 -4.219562e-20 5.179057e-21
3.206822e+00 -5.560922e-21 4.895960e-21
3.207487e+00 3.961153e-20 5.611314e-21
3.208152e+00 8.006322e-20 4.762461e-21
3.208817e+00 3.005111e-20 5.338526e-21
3.209482e+00 4.695303e-21 5.012485e-21
3.210147e+00 -8.684959e-22 5.485111e-21
3.210812e+00 -3.062430e-20 5.779116e-21
3.211477e+00 1.503799e-20 5.146182e-21
3.212142e+00 1.377858e-20 5.943371e-21
3.212807e+00 4.927191e-20 5.300188e-21
3.213472e+00 8.644462e-21 5.092161e-21
3.214137e+00 -1.818059e-20 4.935480e-21
3.214802e+00 2.366969e-21 5.233202e-21
3.215467e+00 2.209044e-20 5.468122e-21
3.216132e+00 1.841420e-20 5.814358e-21
3.216797e+00 7.351362e-20 6.586052e-21
3.217462e+00 4.565486e-20 6.505316e-21
3.218127e+00 7.498044e-20 5.981486e-21
3.218792e+00 1.722828e-20 6.280467e-21
3.219457e+00 -1.818463e-20 5.391182e-21
3.220122e+00 1.128954e-20 4.797010e-21
3.220787e+00 -7.361419e-21 5.218287e-21
3.221452e+00 -1.289862e-21 5.704857e-21
3.222117e+00 4.186756e-20 5.079018e-21
3.222782e+00 -1.088620e-20 5.127226e-21
3.223447e+00 2.063361e-20 1.217107e-20
3.224112e+00 -4.290214e-20 1.628446e-20
3.224777e+00 -2.657142e-20 5.188947e-21
3.225442e+00 2.365757e-20 5.100448e-21
3.226107e+00 7.444222e-20 5.478394e-21
3.226772e+00 2.206548e-20 4.878970e-21
3.227437e+00 4.136033e-20 4.804165e-21
3.228102e+00 2.236930e-20 5.254567e-21
3.228767e+00 7.710928e-22 4.981768e-21
3.229432e+00 1.487103e-20 5.014953e-21
3.230097e+00 -7.773199e-22 4.584623e-21
3.230762e+00 3.452909e-20 4.965633e-21
3.231427e+00 6.344223e-20 5.085380e-21
3.232092e+00 -2.589290e-20 4.606808e-21
3.232757e+00 -3.506279e-20 5.567287e-21
3.233422e+00 -2.810580e-20 5.127994e-21
3.234087e+00 2.662665e-20 4.997721e-21
3.234752e+00 8.542656e-20 5.249722e-21
3.235417e+00 1.840305e-20 4.902839e-21
3.236082e+00 3.618950e-20 5.083954e-21
3.236747e+00 -1.096093e-20 5.163733e-21
3.237412e+00 -1.465208e-20 4.913056e-21
3.238077e+00 -3.984710e-21 5.221835e-21
3.238742e+00 -3.744632e-22 5.020065e-21
3.239407e+00 -2.517093e-21 4.874093e-21
3.240072e+00 2.343515e-20 5.326974e-21
3.240737e+00 1.257696e-20 5.109083e-21
3.241402e+00 5.599395e-20 5.249356e-21
3.242067e+00 -1.183479e-20 5.196360e-21
3.242732e+00 1.253040e-20 5.239731e-21
3.243397e+00 4.687232e-20 5.521432e-21
3.244062e+00 4.154420e-20 5.414219e-21
3.244727e+00 -1.460832e-20 5.075855e-21
3.245392e+00 -5.425748e-20 5.525659e-21
3.246057e+00 -5.508663e-20 2.198483e-20
3.246722e+00 1.539164e-20 1.326683e-20
3.247387e+00 7.606916e-20 2.348373e-20
3.248052e+00 2.805485e-20 1.320817e-20
3.248717e+00 5.134423e-20 5.564924e-21
3.249382e+00 -1.013565e-20 5.281222e-21
3.250047e+00 9.358519e-22 4.765443e-21
3.250712e+00 3.114728e-20 5.757363e-21
3.251377e+00 3.128400e-20 4.549173e-21
3.252042e+00 -4.917242e-20 5.551743e-21
3.252707e+00 -6.535820e-20 5.204862e-21
3.253372e+00 -5.327536e-20 5.731224e-21
3.254037e+00 8.269778e-20 4.875313e-21
3.254702e+00 2.822100e-20 4.730141e-21
3.255367e+00 -8.546584e-20 5.369269e-21
3.256032e+00 -7.182167e-20 5.258131e-21
3.256697e+00 -4.669062e-20 5.757574e-21
3.257362e+00 -3.021167e-20 5.264499e-21
3.258027e+00 1.419137e-20 5.241189e-21
3.258692e+00 1.565784e-20 5.286324e-21
3.259357e+00 1.939093e-20 5.026473e-21
3.260022e+00 2.049017e-20 4.806786e-21
3.260687e+00 4.881993e-20 1.214264e-20
3.261352e+00 3.520883e-21 7.626178e-21
3.262017e+00 2.845629e-20 5.276016e-21
3.262682e+00 5.346198e-20 5.007595e-21
3.263347e+00 2.843171e-20 4.704373e-21
3.264012e+00 3.816550e-20 5.387176e-21
3.264677e+00 7.744850e-20 4.889281e-21
3.265342e+00 -4.375375e-21 4.937495e-21
3.266007e+00 -1.170935e-20 5.330875e-21
3.266672e+00 -1.757978e-20 5.310301e-21
3.267337e+00 -1.437707e-20 5.078852e-21
3.268002e+00 1.677220e-20 5.183216e-21
3.268667e+00 1.782571e-20 5.213830e-21
3.269332e+00 3.988468e-20 5.075710e-21
3.269997e+00 6.358042e-20 5.118771e-21
3.270662e+00 -5.001715e-20 5.283085e-21
3.271327e+00 -1.260994e-20 4.988649e-21
3.271992e+00 2.892321e-20 5.111322e-21
3.272657e+00 4.864011e-20 5.497672e-21
3.273322e+00 1.008450e-19 5.343923e-21
3.273987e+00 6.100190e-20 4.968011e-21
3.274652e+00 6.496918e-20 5.005997e-21
3.275317e+00 9.423409e-20 5.788745e-21
3.275982e+00 2.999965e-20 5.661213e-21
3.276647e+00 6.540244e-20 6.035747e-21
3.277312e+00 4.973518e-20 4.947309e-21
3.277977e+00 1.703680e-20 5.597954e-21
3.278642e+00 3.542174e-20 5.209766e-21
3.279307e+00 1.740473e-20 5.254742e-21
3.279972e+00 2.616418e-20 5.710845e-21
3.280637e+00 6.610932e-20 5.416865e-21
3.281302e+00 5.870721e-20 4.895614e-21
3.281967e+00 -3.131579e-20 4.734142e-21
3.282632e+00 -1.602303e-20 5.636085e-21
3.283297e+00 5.498495e-21 5.186429e-21
3.283962e+00 5.327660e-20 5.296634e-21
3.284627e+00 -8.299525e-21 5.450621e-21
3.285292e+00 1.266898e-20 5.370974e-21
3.285957e+00 1.946736e-20 5.210202e-21
3.286622e+00 4.127045e-20 5.497731e-21
3.287287e+00 -4.614980e-20 4.844524e-21
3.287952e+00 2.637178e-20 4.927947e-21
3.288617e+00 -2.319451e-20 5.590111e-21
3.289282e+00 8.588749e-21 5.124160e-21
3.289947e+00 -1.040830e-20 5.060844e-21
3.290612e+00 7.524906e-21 5.697227e-21
3.291277e+00 2.588494e-20 5.174276e-21
3.291942e+00 2.772763e-20 4.974273e-21
3.292607e+00 1.051734e-20 4.827998e-21
3.293272e+00 -3.840910e-23 5.047633e-21
3.293937e+00 1.938982e-21 5.004670e-21
3.294602e+00 1.197749e-20 6.082537e-21
3.295267e+00 1.732488e-20 4.976745e-21
3.295932e+00 -3.939800e-21 5.208361e-21
3.296597e+00 8.669653e-21 4.904990e-21
3.297262e+00 -4.767964e-20 4.863868e-21
3.297927e+00 -2.102129e-20 4.950945e-21
3.298592e+00 -1.227742e-20 5.390254e-21
3.299257e+00 2.935585e-20 4.666798e-21
3.299922e+00 5.082603e-21 5.715797e-21
3.300587e+00 3.218973e-20 7.064965e-21
3.301252e+00 1.470833e-20 5.587774e-21
3.301917e+00 2.507382e-20 5.636816e-21
3.302582e+00 4.448283e-20 4.976924e-21
3.303247e+00 1.179469e-20 5.247493e-21
3.303912e+00 8.936958e-21 5.295940e-21
3.304577e+00 -1.567502e-20 4.987636e-21
3.305242e+00 2.364292e-20 5.281337e-21
3.305907e+00 -2.010901e-20 5.084222e-21
3.306572e+00 2.179686e-20 5.162511e-21
3.307237e+00 4.654859e-20 5.677550e-21
3.307902e+00 9.802663e-20 5.761114e-21
3.308567e+00 -5.113322e-21 4.930536e-21
3.309232e+00 1.528663e-23 5.220027e-21
3.309897e+00 2.106962e-21 4.743341e-21
3.310562e+00 -6.739574e-21 4.631341e-21
3.311227e+00 1.545732e-20 4.807259e-21
3.311892e+00 1.565032e-20 4.634707e-21
3.312557e+00 2.043190e-20 5.311809e-21
3.313222e+00 1.961476e-20 5.268568e-21
3.313887e+00 -2.503404e-20 5.257979e-21
3.314552e+00 -2.877217e-20 4.826670e-21
3.315217e+00 5.094744e-20 5.007279e-21
3.315882e+00 -1.184774e-20 5.638940e-21
3.316547e+00 1.540977e-20 5.196000e-21
3.317212e+00 -2.793689e-20 5.174548e-21
3.317877e+00 -2.737320e-20 5.778472e-21
3.318542e+00 -8.868413e-21 5.202463e-21
3.319207e+00 -2.627273e-20 5.313185e-21
3.319872e+00 -1.295183e-20 5.676892e-21
3.320537e+00 6.198466e-20 5.141922e-21
3.321202e+00 2.249513e-20 6.509578e-21
3.321867e+00 8.154217e-21 5.356129e-21
3.322532e+00 -8.001093e-21 5.090347e-21
3.323197e+00 4.379994e-20 5.154079e-21
3.323862e+00 4.031399e-21 4.639531e-21
3.324527e+00 4.050582e-21 4.822089e-21
3.325192e+00 4.698766e-20 4.801194e-21
3.325857e+00 7.861116e-20 5.075885e-21
3.326522e+00 5.195337e-20 5.297308e-21
3.327187e+00 4.929923e-20 5.443560e-21
3.327852e+00 -2.061784e-20 5.938926e-21
3.328517e+00 -3.616391e-20 5.383699e-21
3.329182e+00 -4.103639e-21 4.949199e-21
3.329847e+00 -1.002665e-20 5.218681e-21
3.330512e+00 -6.000825e-21 5.595157e-21
3.331177e+00 -1.810077e-20 5.098245e-21
3.331842e+00 1.507779e-20 5.440956e-21
3.332507e+00 -2.189512e-21 4.836011e-21
3.333172e+00 -2.933177e-20 5.109918e-21
3.333837e+00 -3.358078e-20 5.308653e-21
3.334502e+00 1.836698e-20 4.891522e-21
3.335167e+00 1.059141e-20 4.311791e-21
3.335832e+00 3.986038e-20 4.819073e-21
3.336497e+00 6.045263e-20 4.892069e-21
3.337162e+00 3.614529e-20 4.943072e-21
3.337827e+00 7.153153e-21 4.732285e-21
3.338492e+00 -2.750063e-20 5.227691e-21
3.339157e+00 6.721117e-20 5.194955e-21
3.339822e+00 4.806386e-20 5.329914e-21
3.340487e+00 7.381061e-20 4.236642e-21
3.341152e+00 -4.590616e-21 4.817905e-21
3.341817e+00 3.130201e-20 5.092017e-21
3.342482e+00 4.036984e-20 5.012239e-21
3.343147e+00 -2.542985e-20 5.300651e-21
3.343812e+00 -1.801023e-20 5.466479e-21
3.344477e+00 -2.018124e-20 4.971417e-21
3.345142e+00 9.682469e-21 4.547536e-21
3.345807e+00 2.700110e-20 4.899859e-21
3.346472e+00 -2.099097e-20 5.551034e-21
3.347137e+00 -1.924640e-21 5.033712e-21
3.347802e+00 -4.829727e-21 4.616039e-21
3.348467e+00 -1.511998e-20 5.830474e-21
3.349132e+00 3.336727e-20 5.094303e-21
3.349797e+00 2.071334e-20 5.057428e-21
3.350462e+00 -4.963382e-20 4.855624e-21
3.351127e+00 3.357408e-20 4.506077e-21
3.351792e+00 2.337796e-21 4.425518e-21
3.352457e+00 1.883650e-20 4.235280e-21
3.353122e+00 -1.732177e-20 5.262861e-21
3.353787e+00 -1.702643e-20 4.483719e-21
3.354452e+00 4.499744e-20 4.755117e-21
3.355117e+00 4.423294e-20 5.229783e-21
3.355782e+00 3.326424e-20 5.343886e-21
3.356447e+00 3.379028e-20 4.468226e-21
3.357112e+00 -8.306505e-21 4.845151e-21
3.357777e+00 2.567131e-20 4.858250e-21
3.358442e+00 -1.096111e-21 5.039597e-21
3.359107e+00 -6.656870e-20 4.916126e-21
3.359772e+00 -1.483857e-20 5.093820e-21
3.360437e+00 3.117331e-20 4.795382e-21
3.361102e+00 8.151845e-21 4.575583e-21
3.361767e+00 -1.081109e-20 4.563078e-21
3.362432e+00 -1.357340e-20 5.149138e-21
3.363097e+00 1.785967e-21 5.079312e-21
3.363762e+00 9.118687e-21 4.763873e-21
3.364427e+00 2.275842e-20 4.918988e-21
3.365092e+00 -2.641681e-20 4.700213e-21
3.365757e+00 5.930037e-21 5.292005e-21
3.366422e+00 4.049262e-20 4.672411e-21
3.367087e+00 -7.436309e-21 4.872073e-21
3.367752e+00 3.898068e-20 4.175353e-21
3.368417e+00 5.756110e-20 4.637731e-21
3.369082e+00 2.787544e-21 4.377849e-21
3.369747e+00 4.500231e-20 4.407547e-21
3.370412e+00 3.278083e-20 4.450156e-21
3.371077e+00 2.232864e-20 4.470630e-21
3.371742e+00 4.776795e-20 5.203976e-21
3.372407e+00 1.616338e-20 4.812474e-21
3.373072e+00 1.304179e-20 4.892245e-21
3.373737e+00 -2.124193e-20 4.709279e-21
3.374402e+00 4.268247e-20 4.442193e-21
3.375067e+00 7.162867e-20 5.112169e-21
3.375732e+00 2.631093e-20 4.701788e-21
3.376397e+00 5.312030e-20 4.874801e-21
3.377062e+00 -5.565957e-20 4.401319e-21
3.377727e+00 1.824659e-20 5.213412e-21
3.378392e+00 4.924777e-20 7.521902e-21
3.379057e+00 9.607956e-21 5.363288e-21
3.379722e+00 -1.384226e-20 4.788496e-21
3.380387e+00 -7.774774e-21 4.773265e-21
3.381052e+00 -1.602885e-21 4.785988e-21
3.381717e+00 -6.800997e-21 4.674784e-21
3.382382e+00 3.486631e-20 5.253489e-21
3.383047e+00 -1.931099e-20 5.058223e-21
3.383712e+00 2.923290e-20 4.851338e-21
3.384377e+00 -1.645982e-20 4.878652e-21
3.385042e+00 -2.890729e-20 4.654522e-21
3.385707e+00 4.586178e-20 5.102417e-21
3.386372e+00 -5.614084e-21 5.125422e-21
3.387037e+00 2.172757e-20 4.879080e-21
3.387702e+00 -3.141787e-20 4.498677e-21
3.388367e+00 1.776639e-20 4.878042e-21
3.389032e+00 1.128641e-20 5.146305e-21
3.389697e+00 2.794530e-20 5.047620e-21
3.390362e+00 9.351007e-22 4.768561e-21
3.391027e+00 -4.190598e-21 4.487363e-21
3.391692e+00 1.679478e-20 4.801782e-21
3.392357e+00 9.215627e-21 4.708093e-21
3.393022e+00 -1.470822e-20 4.488580e-21
3.393687e+00 2.314003e-20 4.611046e-21
3.394352e+00 4.145982e-20 4.635175e-21
3.395017e+00 -1.933898e-20 4.268353e-21
3.395682e+00 -9.009951e-20 4.672513e-21
3.396347e+00 1.799245e-20 4.604997e-21
3.397012e+00 6.473619e-20 4.705794e-21
3.397677e+00 1.572890e-19 4.882235e-21
3.398342e+00 9.623541e-20 5.781591e-21
3.399007e+00 6.148660e-20 4.376310e-21
3.399672e+00 1.891912e-20 4.787963e-21
3.400337e+00 7.651847e-20 5.231242e-21
3.401002e+00 2.742981e-20 4.819294e-21
3.401667e+00 1.978137e-20 4.463811e-21
3.402332e+00 8.392647e-21 4.567364e-21
3.402997e+00 6.135325e-20 4.274676e-21
3.403662e+00 5.349377e-20 4.713043e-21
3.404327e+00 5.975854e-20 4.580543e-21
3.404992e+00 6.402918e-20 5.012923e-21
3.405657e+00 2.062688e-20 5.997908e-21
3.406322e+00 2.963900e-20 4.467888e-21
3.406987e+00 2.994254e-20 4.607278e-21
3.407652e+00 4.985311e-20 4.425398e-21
3.408317e+00 3.165843e-20 4.619211e-21
3.408982e+00 4.629821e-21 4.726535e-21
3.409647e+00 5.208742e-20 4.690015e-21
3.410312e+00 -4.028099e-20 4.236905e-21
3.410977e+00 2.426616e-20 4.275569e-21
3.411642e+00 2.365504e-20 5.075540e-21
3.412307e+00 1.723738e-20 4.270000e-21
3.412972e+00 -3.296180e-21 4.476983e-21
3.413637e+00 1.702735e-21 4.730837e-21
3.414302e+00 -1.809418e-20 4.566335e-21
3.414967e+00 1.020286e-19 2.792017e-20
3.415632e+00 3.669611e-20 1.140245e-20
3.416297e+00 -3.903026e-20 2.220945e-20
3.416962e+00 3.027014e-20 1.153048e-20
3.417627e+00 -4.028558e-21 4.519375e-21
3.418292e+00 2.191225e-20 5.599194e-21
3.418957e+00 4.508051e-20 4.025043e-21
3.419622e+00 4.670736e-21 4.951014e-21
3.420287e+00 7.035522e-20 4.709776e-21
3.420952e+00 5.047469e-20 4.723488e-21
3.421617e+00 2.946830e-21 4.385740e-21
3.422282e+00 -2.104663e-20 4.870334e-21
3.422947e+00 3.415834e-20 5.075625e-21
3.423612e+00 6.142329e-21 4.612437e-21
3.424277e+00 -3.985736e-21 4.227685e-21
3.424942e+00 -9.480133e-21 4.954992e-21
3.425607e+00 2.528716e-20 4.455806e-21
3.426272e+00 4.458315e-21 4.556198e-21
3.426937e+00 -2.849128e-20 4.321944e-21
3.427602e+00 1.075214e-20 7.382291e-21
3.428267e+00 -2.325314e-20 4.691083e-21
3.428932e+00 -2.947171e-20 4.613902e-21
3.429597e+00 -4.960068e-21 4.383854e-21
3.430262e+00 -1.608990e-20 5.083890e-21
3.430927e+00 8.670136e-21 5.047888e-21
3.431592e+00 2.106937e-20 4.782701e-21
3.432257e+00 1.194410e-20 4.421656e-21
3.432922e+00 1.562306e-20 4.871325e-21
3.433587e+00 2.603452e-20 4.458967e-21
3.434252e+00 -4.543557e-20 4.742386e-21
3.434917e+00 3.505823e-21 5.083414e-21
3.435582e+00 -2.149593e-20 4.799246e-21
3.436247e+00 -2.878714e-20 4.474823e-21
3.436912e+00 -2.789898e-20 4.929106e-21
3.437577e+00 -9.114524e-21 4.671059e-21
3.438242e+00 -2.763300e-20 4.700132e-21
3.438907e+00 -3.426442e-21 4.409304e-21
3.439572e+00 3.259257e-21 4.458237e-21
3.440237e+00 4.949904e-21 4.354172e-21
3.440902e+00 1.771200e-20 4.296438e-21
3.441567e+00 -5.445568e-21 4.909895e-21
3.442232e+00 6.046088e-20 4.452223e-21
3.442897e+00 -8.579440e-21 4.281194e-21
3.443562e+00 1.030329e-20 4.280023e-21
3.444227e+00 4.879541e-20 4.013083e-21
3.444892e+00 3.778750e-20 4.452396e-21
3.445557e+00 -2.969981e-21 4.491662e-21
3.446222e+00 2.880163e-21 4.283202e-21
3.446887e+00 -1.031190e-20 4.720481e-21
3.447552e+00 -4.799444e-22 4.703299e-21
3.448217e+00 1.534523e-20 4.445294e-21
3.448882e+00 1.996714e-20 4.548826e-21
3.449547e+00 4.668418e-20 4.740672e-21
3.450212e+00 6.085187e-20 5.116187e-21
3.450877e+00 -2.334014e-20 4.652106e-21
3.451542e+00 1.983811e-21 4.657394e-21
3.452207e+00 -1.428362e-20 4.416929e-21
3.452872e+00 2.768285e-20 4.241899e-21
3.453537e+00 3.665400e-21 4.144377e-21
3.454202e+00 1.091016e-20 4.725197e-21
3.454867e+00 4.155702e-20 4.811986e-21
3.455532e+00 3.316252e-20 4.376510e-21
3.456197e+00 1.175329e-20 4.763196e-21
3.456862e+00 -3.753439e-20 4.359372e-21
3.457527e+00 2.324493e-20 4.236093e-21
3.458192e+00 3.466087e-20 4.809911e-21
3.458857e+00 3.109668e-20 4.875635e-21
3.459522e+00 3.644648e-20 5.018079e-21
3.460187e+00 9.092359e-20 4.704399e-21
3.460852e+00 3.003505e-20 4.732819e-21
3.461517e+00 -2.435050e-20 4.684138e-21
3.462182e+00 -1.671922e-20 4.647375e-21
3.462847e+00 3.810904e-21 4.060662e-21
3.463512e+00 8.054117e-20 4.205528e-21
3.464177e+00 3.650379e-20 4.596741e-21
3.464842e+00 1.538223e-21 3.997971e-21
3.465507e+00 5.123142e-20 4.540873e-21
3.466172e+00 5.477482e-20 5.742324e-21
3.466837e+00 1.625330e-20 5.514845e-21
3.467502e+00 7.548556e-20 6.187987e-21
3.468167e+00 6.442735e-20 4.556614e-21
3.468832e+00 3.841737e-20 4.431116e-21
3.469497e+00 -6.603147e-21 4.516321e-21
3.470162e+00 -8.791142e-21 4.567352e-21
3.470827e+00 1.732572e-20 4.110035e-21
3.471492e+00 1.690227e-20 4.770266e-21
3.472157e+00 -1.475683e-20 4.897013e-21
3.472822e+00 7.946397e-21 4.137837e-21
3.473487e+00 -7.365282e-21 4.027110e-21
3.474152e+00 1.857272e-20 4.629079e-21
3.474817e+00 5.757933e-20 4.518154e-21
3.475482e+00 3.079856e-20 4.322825e-21
3.476147e+00 2.665436e-21 3.674031e-21
3.476812e+00 6.282930e-20 4.491111e-21
3.477477e+00 4.095269e-20 4.546704e-21
3.478142e+00 8.067688e-21 4.259195e-21
3.478807e+00 1.169438e-20 4.759414e-21
3.479472e+00 -2.707075e-20 4.445435e-21
3.480137e+00 2.864946e-20 4.353779e-21
3.480802e+00 7.237067e-21 4.904056e-21
3.481467e+00 -3.837762e-20 4.845691e-21
3.482132e+00 1.416313e-20 4.786429e-21
3.482797e+00 -1.457685e-20 4.641919e-21
3.483462e+00 -7.609742e-21 5.195931e-21
3.484127e+00 4.592558e-20 5.176476e-21
3.484792e+00 1.688038e-20 4.695305e-21
3.485457e+00 -3.600846e-20 4.406187e-21
3.486122e+00 2.987429e-20 4.479367e-21
3.486787e+00 8.250243e-20 4.244479e-21
3.487452e+00 3.448148e-20 4.264227e-21
3.488117e+00 3.589379e-20 4.874230e-21
3.488782e+00 -1.202086e-20 4.474366e-21
3.489447e+00 5.591563e-21 4.601550e-21
3.490112e+00 -1.673850e-20 4.808159e-21
3.490777e+00 -2.180594e-20 4.319338e-21
3.491442e+00 4.272207e-20 4.679127e-21
3.492107e+00 4.566245e-21 4.427999e-21
3.492772e+00 3.639342e-20 4.321895e-21
3.493437e+00 1.436925e-20 4.731341e-21
3.494102e+00 4.489042e-20 4.525220e-21
3.494767e+00 1.965035e-20 4.839874e-21
3.495432e+00 2.698918e-20 4.335431e-21
3.496097e+00 1.191128e-20 4.712477e-21
3.496762e+00 5.872883e-20 4.419090e-21
3.497427e+00 2.411635e-20 4.620098e-21
3.498092e+00 1.927033e-20 4.490985e-21
3.498757e+00 4.108518e-20 4.660610e-21
3.499422e+00 3.073698e-20 4.559442e-21
3.500087e+00 2.940684e-20 4.440201e-21
3.500752e+00 2.110237e-21 4.399616e-21
3.501417e+00 -2.780387e-20 4.482254e-21
3.502082e+00 6.082673e-20 4.241523e-21
3.502747e+00 -4.897366e-20 4.349704e-21
3.503412e+00 2.933789e-20 4.523357e-21
3.504077e+00 1.088960e-20 4.443968e-21
3.504742e+00 -3.064566e-20 4.599673e-21
3.505407e+00 2.268743e-20 4.300026e-21
3.506072e+00 -1.069053e-20 3.984481e-21
3.506737e+00 -2.925493e-20 4.310356e-21
3.507402e+00 3.077124e-20 4.960373e-21
3.508067e+00 2.419717e-20 4.266337e-21
3.508732e+00 1.814833e-20 4.302164e-21
3.509397e+00 -6.385130e-20 4.166685e-21
3.510062e+00 5.045812e-20 4.713749e-21
3.510727e+00 1.281199e-20 4.340022e-21
3.511392e+00 4.014010e-20 4.406843e-21
3.512057e+00 1.458716e-20 4.711405e-21
3.512722e+00 -6.343313e-21 4.929313e-21
3.513387e+00 8.788403e-21 4.910469e-21
3.514052e+00 2.055459e-20 4.535480e-21
3.514717e+00 8.397858e-20 4.318918e-21
3.515382e+00 8.102298e-20 4.422184e-21
3.516047e+00 5.730210e-20 4.447346e-21
3.516712e+00 4.214933e-20 4.591407e-21
3.517377e+00 4.423599e-20 4.590143e-21
3.518042e+00 1.051975e-20 4.995940e-21
3.518707e+00 2.404294e-20 4.601590e-21
3.519372e+00 -4.443631e-23 4.173368e-21
3.520037e+00 1.778510e-20 4.178538e-21
3.520702e+00 3.066446e-20 4.781844e-21
3.521367e+00 7.677072e-21 4.298399e-21
3.522032e+00 -5.432207e-21 6.428800e-21
3.522697e+00 -8.241539e-21 5.834012e-21
3.523362e+00 1.967065e-20 6.529319e-21
3.524027e+00 4.959015e-20 5.667260e-21
3.524692e+00 1.162697e-20 4.208822e-21
3.525357e+00 7.239153e-20 4.341158e-21
3.526022e+00 6.919875e-20 4.599987e-21
3.526687e+00 -1.568098e-21 4.703309e-21
3.527352e+00 -5.378513e-20 4.166967e-21
3.528017e+00 4.809480e-20 4.160458e-21
3.528682e+00 9.494380e-21 4.493180e-21
3.529347e+00 7.531903e-21 4.475105e-21
3.530012e+00 4.669628e-20 4.057442e-21
3.530677e+00 -1.158105e-20 4.597631e-21
3.531342e+00 8.542953e-21 4.847344e-21
3.532007e+00 -1.879334e-20 4.536328e-21
3.532672e+00 -4.933865e-20 4.519563e-21
3.533337e+00 -1.591231e-20 4.257241e-21
3.534002e+00 -2.311196e-20 4.697775e-21
3.534667e+00 -3.511375e-20 4.805337e-21
3.535332e+00 2.772468e-20 4.539203e-21
3.535997e+00 3.656229e-20 4.222904e-21
3.536662e+00 1.521883e-20 4.575261e-21
3.537327e+00 -3.427494e-20 4.160668e-21
3.537992e+00 -6.954844e-20 4.358938e-21
3.538657e+00 -2.412739e-20 4.461557e-21
3.539322e+00 1.471263e-20 4.133985e-21
3.539987e+00 3.976813e-20 4.010503e-21
3.540652e+00 4.882056e-20 4.508264e-21
3.541317e+00 3.077243e-20 4.650410e-21
3.541982e+00 -1.199889e-21 4.571152e-21
3.542647e+00 4.098473e-20 4.969216e-21
3.543312e+00 -4.852663e-20 4.357299e-21
3.543977e+00 7.232112e-20 4.987902e-21
3.544642e+00 2.238829e-20 4.219669e-21
3.545307e+00 -2.040249e-20 4.146457e-21
3.545972e+00 -4.264979e-21 4.879072e-21
3.546637e+00 -1.131529e-20 4.306491e-21
3.547302e+00 -9.047256e-21 3.936489e-21
3.547967e+00 2.177326e-20 4.038606e-21
3.548632e+00 1.075815e-20 4.144013e-21
3.549297e+00 1.205007e-20 4.208297e-21
3.549962e+00 -1.633145e-20 4.503115e-21
3.550627e+00 -5.589874e-21 5.768965e-21
3.551292e+00 3.772073e-20 5.733920e-21
3.551957e+00 3.512196e-20 4.192242e-21
3.552622e+00 5.721666e-20 4.365889e-21
3.553287e+00 4.336243e-20 4.564061e-21
3.553952e+00 4.733428e-20 4.803765e-21
3.554617e+00 -8.256495e-22 4.263068e-21
3.555282e+00 5.205696e-20 4.123026e-21
3.555947e+00 4.655550e-20 4.546953e-21
3.556612e+00 4.580700e-20 4.525140e-21
3.557277e+00 -1.262895e-20 4.553401e-21
3.557942e+00 1.400963e-20 4.275473e-21
3.558607e+00 2.844181e-20 4.104392e-21
3.559272e+00 1.192392e-20 4.958449e-21
3.559937e+00 1.319755e-19 4.910583e-21
3.560602e+00 -5.448112e-20 4.449990e-21
3.561267e+00 -2.006537e-20 4.384586e-21
3.561932e+00 4.819813e-20 4.624900e-21
3.562597e+00 3.153055e-20 4.418294e-21
3.563262e+00 3.117787e-20 4.501283e-21
3.563927e+00 5.646006e-20 4.526651e-21
3.564592e+00 -2.249624e-20 4.224895e-21
3.565257e+00 -3.286995e-20 4.310926e-21
3.565922e+00 -2.096321e-20 4.253168e-21
3.566587e+00 -2.733095e-20 4.603188e-21
3.567252e+00 3.632213e-20 4.242155e-21
3.567917e+00 -1.483209e-20 4.524509e-21
3.568582e+00 -1.393495e-21 4.954546e-21
3.569247e+00 5.415139e-20 5.028425e-21
3.569912e+00 -1.161081e-20 4.803357e-21
3.570577e+00 -2.569324e-20 4.763019e-21
3.571242e+00 -5.185224e-21 4.660264e-21
3.571907e+00 -1.339763e-20 5.021565e-21
3.572572e+00 2.653494e-20 4.920391e-21
3.573237e+00 1.112710e-19 5.025098e-21
3.573902e+00 3.936096e-20 4.524704e-21
3.574567e+00 3.511982e-20 4.649464e-21
3.575232e+00 2.814353e-20 4.618165e-21
3.575897e+00 2.249491e-20 4.251984e-21
3.576562e+00 2.803218e-20 4.257605e-21
3.577227e+00 -2.059387e-21 4.250078e-21
3.577892e+00 5.479578e-22 4.844113e-21
3.578557e+00 5.350362e-20 4.217813e-21
3.579222e+00 5.273828e-20 4.527449e-21
3.579887e+00 7.380427e-20 4.771143e-21
3.580552e+00 4.732393e-21 4.922351e-21
3.581217e+00 1.769800e-20 4.569100e-21
3.581882e+00 2.115486e-21 4.372874e-21
3.582547e+00 -5.775861e-20 4.372290e-21
3.583212e+00 -1.779882e-20 4.467636e-21
3.583877e+00 -6.645359e-21 4.834088e-21
3.584542e+00 -1.048522e-20 5.464688e-21
3.585207e+00 -1.412323e-20 6.256023e-21
3.585872e+00 3.020802e-20 1.365147e-20
3.586537e+00 1.017565e-19 2.243193e-20
3.587202e+00 1.039251e-19 2.075907e-20
3.587867e+00 1.114942e-19 1.910183e-20
3.588532e+00 7.603011e-20 2.558565e-20
3.589197e+00 1.171480e-19 2.657500e-20
3.589862e+00 1.632800e-20 2.246805e-20
3.590527e+00 2.593447e-20 4.389271e-21
3.591192e+00 -8.355732e-21 3.947756e-21
3.591857e+00 2.561999e-20 4.421274e-21
3.592522e+00 4.512080e-20 4.773897e-21
3.593187e+00 2.430225e-20 4.186052e-21
3.593852e+00 1.804510e-20 4.452234e-21
3.594517e+00 2.157375e-20 4.263344e-21
3.595182e+00 -1.072424e-20 4.442063e-21
3.595847e+00 -1.980409e-20 4.286629e-21
3.596512e+00 6.624431e-21 4.613258e-21
3.597177e+00 1.545154e-20 3.962519e-21
3.597842e+00 -1.491392e-20 4.156834e-21
3.598507e+00 -1.382032e-20 4.388048e-21
3.599172e+00 -7.174029e-21 3.930565e-21
3.599837e+00 -3.066781e-20 3.850914e-21
3.600502e+00 5.679924e-20 4.454283e-21
3.601167e+00 6.461338e-20 4.157461e-21
3.601832e+00 9.134974e-20 4.015766e-21
3.602497e+00 7.376598e-20 4.606218e-21
3.603162e+00 3.393933e-20 5.094425e-21
3.603827e+00 5.147809e-20 4.125912e-21
3.604492e+00 4.143423e-20 4.193924e-21
3.605157e+00 3.572693e-20 4.412240e-21
3.605822e+00 1.713552e-20 3.955803e-21
3.606487e+00 2.979826e-20 4.317445e-21
3.607152e+00 3.896879e-20 4.026688e-21
3.607817e+00 3.121603e-20 4.586082e-21
3.608482e+00 1.515765e-20 7.219556e-21
3.609147e+00 3.692022e-20 6.229277e-21
3.609812e+00 3.988567e-20 7.303045e-21
3.610477e+00 1.728949e-20 4.309489e-21
3.611142e+00 1.500063e-20 3.789975e-21
3.611807e+00 -4.247944e-21 4.759632e-21
3.612472e+00 -9.019342e-21 5.088674e-21
3.613137e+00 1.215236e-20 4.583311e-21
3.613802e+00 9.817769e-21 4.643463e-21
3.614467e+00 1.144264e-20 4.597845e-21
3.615132e+00 -5.684166e-21 4.510395e-21
3.615797e+00 -2.924071e-20 4.299437e-21
3.616462e+00 2.925864e-20 4.433461e-21
3.617127e+00 2.523528e-20 4.240823e-21
3.617792e+00 3.709574e-20 4.093297e-21
3.618457e+00 3.833643e-21 4.470369e-21
3.619122e+00 -3.252575e-20 4.419389e-21
3.619787e+00 1.500635e-20 4.372783e-21
3.620452e+00 2.368165e-20 4.665809e-21
3.621117e+00 -5.130605e-21 4.375012e-21
3.621782e+00 -2.335018e-20 4.214534e-21
3.622447e+00 2.379532e-20 4.667399e-21
3.623112e+00 -3.706606e-20 4.238939e-21
3.623777e+00 -3.679998e-21 4.104928e-21
3.624442e+00 4.410133e-20 4.237776e-21
3.625107e+00 5.441100e-20 4.606666e-21
3.625772e+00 1.885450e-20 4.538464e-21
3.626437e+00 1.272047e-20 4.098549e-21
3.627102e+00 1.745382e-20 4.147185e-21
3.627767e+00 4.069454e-20 4.503069e-21
3.628432e+00 1.657153e-20 4.399535e-21
3.629097e+00 1.439327e-20 4.503802e-21
3.629762e+00 5.862843e-20 4.811683e-21
3.630427e+00 1.109344e-20 4.231624e-21
3.631092e+00 8.009791e-20 4.631230e-21
3.631757e+00 2.909361e-20 4.331984e-21
3.632422e+00 -4.052817e-21 4.122345e-21
3.633087e+00 -1.905595e-20 4.143007e-21
3.633752e+00 4.443111e-20 3.967457e-21
3.634417e+00 2.495288e-20 4.453435e-21
3.635082e+00 4.087112e-20 4.491573e-21
3.635747e+00 8.885334e-20 4.306767e-21
3.636412e+00 1.036235e-20 4.343496e-21
3.637077e+00 1.259955e-20 4.493487e-21
3.637742e+00 5.753796e-21 4.425559e-21
3.638407e+00 7.080827e-20 4.527925e-21
3.639072e+00 9.259036e-21 4.308867e-21
3.639737e+00 4.753826e-20 4.219460e-21
3.640402e+00 8.129349e-21 4.419902e-21
3.641067e+00 -4.191685e-20 4.547858e-21
3.641732e+00 7.620889e-21 4.306802e-21
3.642397e+00 4.410137e-20 3.968424e-21
3.643062e+00 4.527781e-20 4.526786e-21
3.643727e+00 -4.658258e-21 4.369783e-21
3.644392e+00 1.423862e-20 4.213075e-21
3.645057e+00 -1.656879e-20 3.991778e-21
3.645722e+00 4.966707e-20 4.674507e-21
3.646387e+00 3.855046e-20 4.134292e-21
3.647052e+00 5.515043e-20 4.333956e-21
3.647717e+00 4.134884e-21 3.811689e-21
3.648382e+00 2.003910e-20 4.283375e-21
3.649047e+00 4.235224e-20 4.551248e-21
3.649712e+00 7.591600e-20 4.170545e-21
3.650377e+00 7.105932e-20 4.067980e-21
3.651042e+00 1.965474e-20 4.288863e-21
3.651707e+00 4.644054e-20 4.218940e-21
3.652372e+00 2.040252e-20 4.264028e-21
3.653037e+00 4.036459e-20 4.367309e-21
3.653702e+00 1.225453e-20 4.619485e-21
3.654367e+00 1.865638e-20 4.822717e-21
3.655032e+00 4.247264e-21 4.656596e-21
3.655697e+00 -4.710910e-20 4.474613e-21
3.656362e+00 2.901246e-20 4.669378e-21
3.657027e+00 1.303783e-20 8.763731e-21
3.657692e+00 -7.378014e-21 6.010549e-20
3.658357e+00 -4.344367e-21 5.017984e-20
3.659022e+00 2.905010e-20 6.040424e-20
3.659687e+00 -3.215920e-20 4.922394e-21
3.660352e+00 -3.687165e-20 4.253987e-21
3.661017e+00 7.608242e-21 4.375113e-21
3.661682e+00 4.020927e-20 4.217314e-21
3.662347e+00 3.181002e-20 4.459296e-21
3.663012e+00 -8.746712e-21 4.189978e-21
3.663677e+00 -1.127622e-20 4.047698e-21
3.664342e+00 2.310537e-20 4.248449e-21
3.665007e+00 2.746035e-20 4.130029e-21
3.665672e+00 -1.286998e-20 4.175125e-21
3.666337e+00 -4.839664e-20 4.591213e-21
3.667002e+00 -6.148937e-20 4.319082e-21
3.667667e+00 -2.232515e-20 4.223819e-21
3.668332e+00 2.875907e-20 5.367781e-21
3.668997e+00 6.871487e-20 4.637476e-21
3.669662e+00 2.873588e-20 4.104411e-21
3.670327e+00 5.960881e-20 3.984437e-21
3.670992e+00 3.529021e-20 4.302167e-21
3.671657e+00 4.301703e-21 4.626899e-21
3.672322e+00 4.004466e-20 4.451638e-21
3.672987e+00 3.102713e-20 4.540659e-21
3.673652e+00 4.079717e-20 4.328799e-21
3.674317e+00 -1.650448e-20 4.640797e-21
3.674982e+00 -3.578921e-20 4.293734e-21
3.675647e+00 5.974578e-21 4.017559e-21
3.676312e+00 1.550901e-20 4.080060e-21
3.676977e+00 6.382755e-21 3.876556e-21
3.677642e+00 -5.102480e-20 4.107382e-21
3.678307e+00 5.832112e-20 4.040907e-21
3.678972e+00 9.178388e-20 3.830322e-21
3.679637e+00 2.226018e-20 3.928161e-21
3.680302e+00 -1.088980e-20 4.086043e-21
3.680967e+00 3.748563e-21 4.199876e-21
3.681632e+00 2.843943e-20 4.785308e-21
3.682297e+00 2.316547e-20 4.397483e-21
3.682962e+00 -8.293264e-21 4.544188e-21
3.683627e+00 4.565781e-20 4.556761e-21
3.684292e+00 4.207938e-20 4.027921e-21
3.684957e+00 2.707660e-20 4.324471e-21
3.685622e+00 1.591518e-20 4.077786e-21
3.686287e+00 -3.266684e-20 4.284967e-21
3.686952e+00 -3.446150e-20 3.785725e-21
3.687617e+00 2.902473e-20 4.072466e-21
3.688282e+00 6.782387e-21 1.806019e-20
3.688947e+00 2.229895e-20 1.283054e-20
3.689612e+00 -3.282556e-21 4.534564e-21
3.690277e+00 1.540123e-21 4.463163e-21
3.690942e+00 2.984883e-20 4.740847e-21
3.691607e+00 4.676183e-20 5.848485e-21
3.692272e+00 5.411248e-20 4.662085e-21
3.692937e+00 4.480356e-20 4.710715e-21
3.693602e+00 1.084623e-20 3.911569e-21
3.694267e+00 3.944432e-20 4.349804e-21
3.694932e+00 1.373209e-20 3.943006e-21
3.695597e+00 -1.492165e-20 4.049547e-21
3.696262e+00 4.361318e-20 4.426913e-21
3.696927e+00 3.148588e-20 4.089916e-21
3.697592e+00 8.425373e-21 4.323755e-21
3.698257e+00 4.683085e-21 4.534033e-21
3.698922e+00 1.705186e-22 4.118911e-21
3.699587e+00 7.974892e-21 3.946306e-21
3.700252e+00 -1.915043e-20 4.330034e-21
3.700917e+00 2.952525e-20 4.122634e-21
3.701582e+00 2.470965e-20 4.479538e-21
3.702247e+00 4.602172e-20 4.378415e-21
3.702912e+00 -1.703643e-20 4.012990e-21
3.703577e+00 -1.153116e-20 4.322300e-21
3.704242e+00 1.653049e-20 4.444190e-21
3.704907e+00 4.433593e-21 4.097928e-21
3.705572e+00 7.451265e-21 3.919976e-21
3.706237e+00 1.194102e-20 4.104443e-21
3.706902e+00 1.815274e-20 4.208447e-21
3.707567e+00 4.107793e-20 4.090512e-21
3.708232e+00 1.608932e-20 4.417171e-21
3.708897e+00 3.309777e-20 3.952845e-21
3.709562e+00 3.876565e-20 4.309783e-21
3.710227e+00 -2.333246e-20 4.212359e-21
3.710892e+00 -1.869074e-20 4.013916e-21
3.711557e+00 2.934431e-20 4.299865e-21
3.712222e+00 7.271479e-20 4.722871e-21
3.712887e+00 8.992271e-20 4.971092e-21
3.713552e+00 3.157611e-20 4.238869e-21
3.714217e+00 -3.150282e-20 4.355507e-21
3.714882e+00 -2.188827e-20 4.062512e-21
3.715547e+00 4.089889e-20 4.202436e-21
3.716212e+00 2.969693e-20 4.023493e-21
3.716877e+00 5.737847e-21 4.331426e-21
3.717542e+00 -4.091945e-20 3.758761e-21
3.718207e+00 -7.054156e-21 3.972007e-21
3.718872e+00 2.319407e-20 4.010731e-21
3.719537e+00 3.908526e-20 3.869992e-21
3.720202e+00 3.552982e-20 4.583235e-21
3.720867e+00 6.716247e-20 4.759762e-21
3.721532e+00 2.538762e-20 4.712137e-21
3.722197e+00 -5.720485e-20 4.230766e-21
3.722862e+00 -2.694864e-20 4.454593e-21
3.723527e+00 -4.730476e-20 5.898846e-21
3.724192e+00 2.088684e-20 5.090928e-21
3.724857e+00 1.890296e-20 5.643254e-21
3.725522e+00 5.372868e-20 4.609139e-21
3.726187e+00 3.692926e-20 4.304986e-21
3.726852e+00 3.681053e-20 3.922980e-21
3.727517e+00 2.283142e-20 4.067152e-21
3.728182e+00 1.115510e-20 4.107031e-21
3.728847e+00 1.566447e-20 4.711574e-21
3.729512e+00 1.628496e-20 3.725270e-21
3.730177e+00 4.084884e-20 4.354822e-21
3.730842e+00 3.352369e-20 3.581151e-21
3.731507e+00 -7.689290e-21 4.060291e-21
3.732172e+00 5.137462e-21 4.271689e-21
3.732837e+00 2.489438e-20 3.920931e-21
3.733502e+00 -2.406488e-20 4.042271e-21
3.734167e+00 1.605893e-21 4.557433e-21
3.734832e+00 3.644960e-20 4.274899e-21
3.735497e+00 -2.474888e-20 4.220252e-21
3.736162e+00 -1.124328e-20 4.025723e-21
3.736827e+00 -1.080467e-21 4.006181e-21
3.737492e+00 4.674856e-20 4.442502e-21
3.738157e+00 -1.189835e-20 4.092255e-21
3.738822e+00 -3.964192e-21 4.552424e-21
3.739487e+00 -1.310850e-20 4.461809e-21
3.740152e+00 -3.944096e-21 3.900655e-21
3.740817e+00 7.052032e-21 4.040255e-21
3.741482e+00 3.522475e-20 3.798609e-21
3.742147e+00 9.560048e-21 4.266617e-21
3.742812e+00 -1.998744e-20 4.157740e-21
3.743477e+00 3.313297e-20 3.983350e-21
3.744142e+00 1.440623e-20 4.074016e-21
3.744807e+00 -1.675732e-20 4.330969e-21
3.745472e+00 8.021457e-21 3.899869e-21
3.746137e+00 4.458545e-20 3.729643e-21
3.746802e+00 2.900216e-20 4.221314e-21
3.747467e+00 4.518546e-20 4.232250e-21
3.748132e+00 4.229352e-20 4.494217e-21
3.748797e+00 4.248516e-20 4.092934e-21
3.749462e+00 3.433268e-20 3.996545e-21
3.750127e+00 4.742992e-20 4.411679e-21
3.750792e+00 2.086531e-20 3.993753e-21
3.751457e+00 8.008168e-20 4.314045e-21
3.752122e+00 5.225043e-20 3.914199e-21
3.752787e+00 2.657286e-21 4.189680e-21
3.753452e+00 1.544779e-20 4.203737e-21
3.754117e+00 5.009558e-20 3.936415e-21
3.754782e+00 2.671763e-20 3.963395e-21
3.755447e+00 5.839124e-21 3.884415e-21
3.756112e+00 8.118006e-20 4.205926e-21
3.756777e+00 9.387334e-20 4.108905e-21
3.757442e+00 3.518628e-20 3.682220e-21
3.758107e+00 1.313476e-20 4.010586e-21
3.758772e+00 4.812491e-20 4.115687e-21
3.759437e+00 3.454887e-20 4.468455e-21
3.760102e+00 1.197007e-20 3.829348e-21
3.760767e+00 3.375401e-20 4.221202e-21
3.761432e+00 1.049523e-20 4.133454e-21
3.762097e+00 -2.883406e-20 4.536395e-21
3.762762e+00 -1.294548e-20 4.447841e-21
3.763427e+00 1.386052e-20 4.680942e-21
3.764092e+00 6.312633e-21 3.756990e-21
3.764757e+00 -1.019815e-20 3.951315e-21
3.765422e+00 3.383994e-20 4.374430e-21
3.766087e+00 4.966146e-20 4.004446e-21
3.766752e+00 1.389093e-20 4.236647e-21
3.767417e+00 3.696576e-20 3.945448e-21
3.768082e+00 2.697182e-20 4.067318e-21
3.768747e+00 3.455191e-20 3.905048e-21
3.769412e+00 5.344798e-20 4.043013e-21
3.770077e+00 3.834082e-20 4.063901e-21
3.770742e+00 2.718889e-21 3.971939e-21
3.771407e+00 -3.227100e-22 3.862322e-21
3.772072e+00 2.014453e-20 4.027414e-21
3.772737e+00 1.839625e-20 3.819332e-21
3.773402e+00 -3.331635e-21 3.802590e-21
3.774067e+00 -2.860368e-20 4.162133e-21
3.774732e+00 -1.719817e-21 5.119156e-21
3.775397e+00 -4.030705e-22 4.738570e-21
3.776062e+00 5.777148e-20 3.884289e-21
3.776727e+00 3.095573e-20 4.115023e-21
3.777392e+00 2.167379e-20 1.538238e-20
3.778057e+00 4.628777e-20 2.774355e-20
3.778722e+00 1.380698e-20 3.849616e-21
3.779387e+00 6.746317e-21 3.596406e-21
3.780052e+00 -1.738361e-20 3.747171e-21
3.780717e+00 1.622264e-20 4.379707e-21
3.781382e+00 1.541097e-20 4.251990e-21
3.782047e+00 1.534209e-20 4.201120e-21
3.782712e+00 4.812178e-20 3.962082e-21
3.783377e+00 1.463834e-21 4.146691e-21
3.784042e+00 -9.450372e-21 4.306860e-21
3.784707e+00 2.271660e-20 4.456800e-21
3.785372e+00 -2.666396e-20 4.369077e-21
3.786037e+00 -9.988683e-21 4.272376e-21
3.786702e+00 3.998503e-20 4.000129e-21
3.787367e+00 5.033266e-20 3.848532e-21
3.788032e+00 6.397726e-20 4.253320e-21
3.788697e+00 6.119346e-20 4.723825e-21
3.789362e+00 1.808835e-20 3.875040e-21
3.790027e+00 1.809125e-20 3.729981e-21
3.790692e+00 6.285921e-20 4.097013e-21
3.791357e+00 -3.396161e-20 4.575563e-21
3.792022e+00 -6.120571e-20 3.762754e-21
3.792687e+00 -6.646094e-20 4.444777e-21
3.793352e+00 -6.180888e-20 4.471490e-21
3.794017e+00 -2.747006e-20 4.013071e-21
3.794682e+00 -9.374249e-21 4.092659e-21
3.795347e+00 7.632105e-21 3.999325e-21
3.796012e+00 2.025281e-20 4.288974e-21
3.796677e+00 4.452736e-20 4.675948e-21
3.797342e+00 1.874872e-20 4.665816e-21
3.798007e+00 1.703457e-21 4.301488e-21
3.798672e+00 2.905732e-21 4.333684e-21
3.799337e+00 4.874918e-20 4.421503e-21
3.800002e+00 3.682853e-21 4.523190e-21
3.800667e+00 7.864829e-21 4.499780e-21
3.801332e+00 -4.250327e-21 4.309523e-21
3.801997e+00 6.248115e-20 3.762823e-21
3.802662e+00 -2.036903e-20 4.021968e-21
3.803327e+00 1.458941e-20 4.568092e-21
3.803992e+00 2.154376e-20 4.621898e-21
3.804657e+00 -1.916510e-21 4.118031e-21
3.805322e+00 9.089658e-21 4.330975e-21
3.805987e+00 1.521086e-21 3.976462e-21
3.806652e+00 2.311404e-20 4.110037e-21
3.807317e+00 2.217806e-20 3.928195e-21
3.807982e+00 4.023011e-20 4.307024e-21
3.808647e+00 5.532919e-20 4.121362e-21
3.809312e+00 3.244266e-20 4.025046e-21
3.809977e+00 1.307126e-21 4.095300e-21
3.810642e+00 9.556347e-22 4.188172e-21
3.811307e+00 3.689643e-20 3.612267e-21
3.811972e+00 4.256171e-20 3.807174e-21
3.812637e+00 5.102780e-20 4.333256e-21
3.813302e+00 2.864716e-20 3.754469e-21
3.813967e+00 7.940082e-21 3.982277e-21
3.814632e+00 4.567991e-20 4.082299e-21
3.815297e+00 3.076174e-20 3.751660e-21
3.815962e+00 3.015477e-22 4.284521e-21
3.816627e+00 3.491536e-20 4.263987e-21
3.817292e+00 9.587502e-21 3.962001e-21
3.817957e+00 -1.133168e-20 3.652717e-21
3.818622e+00 9.370161e-21 4.092164e-21
3.819287e+00 1.167858e-20 3.961940e-21
3.819952e+00 3.633322e-20 3.976814e-21
3.820617e+00 3.133009e-20 4.495010e-21
3.821282e+00 4.571392e-20 4.281109e-21
3.821947e+00 6.648406e-20 4.628112e-21
3.822612e+00 4.699613e-20 4.046073e-21
3.823277e+00 1.536957e-20 4.166941e-21
3.823942e+00 7.485692e-21 3.941015e-21
3.824607e+00 1.936600e-20 3.900165e-21
3.825272e+00 2.247735e-20 4.168339e-21
3.825937e+00 4.303843e-20 3.922640e-21
3.826602e+00 4.794894e-20 4.129387e-21
3.827267e+00 -2.938866e-20 4.044124e-21
3.827932e+00 1.037551e-20 3.981289e-21
3.828597e+00 7.132746e-20 4.165436e-21
3.829262e+00 1.678877e-20 4.539309e-21
3.829927e+00 -2.669480e-20 4.746511e-21
3.830592e+00 3.553433e-20 4.201982e-21
3.831257e+00 3.208169e-20 4.661721e-21
3.831922e+00 -1.309431e-22 4.308460e-21
3.832587e+00 -5.604346e-21 4.070285e-21
3.833252e+00 -1.981939e-20 3.980652e-21
3.833917e+00 -1.338170e-20 4.164601e-21
3.834582e+00 4.946346e-20 3.548833e-21
3.835247e+00 6.881610e-20 3.965629e-21
3.835912e+00 2.746793e-20 4.228339e-21
3.836577e+00 2.759981e-20 4.372772e-21
3.837242e+00 -2.209553e-21 3.870171e-21
3.837907e+00 3.812411e-20 4.183563e-21
3.838572e+00 2.926267e-20 4.068306e-21
3.839237e+00 2.081558e-20 3.908929e-21
3.839902e+00 4.181291e-20 4.233656e-21
3.840567e+00 4.176868e-21 4.498544e-21
3.841232e+00 3.683680e-20 3.715898e-21
3.841897e+00 2.017165e-20 3.951624e-21
3.842562e+00 2.084216e-21 3.913133e-21
3.843227e+00 3.545632e-20 4.080958e-21
3.843892e+00 5.882172e-20 3.865386e-21
3.844557e+00 3.945352e-20 4.094525e-21
3.845222e+00 1.015869e-20 4.080181e-21
3.845887e+00 6.067238e-20 4.797394e-21
3.846552e+00 6.586472e-20 4.715128e-21
3.847217e+00 4.702223e-20 4.008221e-21
3.847882e+00 3.908297e-20 4.073074e-21
3.848547e+00 6.660552e-20 4.078779e-21
3.849212e+00 6.805006e-20 4.182581e-21
3.849877e+00 7.777413e-20 4.810669e-21
3.850542e+00 3.269970e-20 5.742276e-21
3.851207e+00 1.708763e-20 6.734172e-21
3.851872e+00 4.970738e-20 7.091810e-21
3.852537e+00 3.066405e-20 5.389741e-21
3.853202e+00 3.136217e-20 4.152322e-21
3.853867e+00 4.904391e-20 4.145614e-21
3.854532e+00 7.271149e-20 4.098871e-21
3.855197e+00 1.728718e-20 4.288068e-21
3.855862e+00 2.679507e-20 3.864908e-21
3.856527e+00 4.796811e-20 3.799175e-21
3.857192e+00 -3.025725e-21 4.110100e-21
3.857857e+00 3.295530e-20 3.919792e-21
3.858522e+00 7.070433e-20 4.053705e-21
3.859187e+00 4.627595e-20 4.342128e-21
3.859852e+00 -4.721095e-21 3.968499e-21
3.860517e+00 2.194060e-20 4.089481e-21
3.861182e+00 1.805841e-20 3.958251e-21
3.861847e+00 3.552831e-21 4.414483e-21
3.862512e+00 4.176938e-20 4.346232e-21
3.863177e+00 3.430652e-20 4.693131e-21
3.863842e+00 1.500454e-20 4.900667e-21
3.864507e+00 3.879020e-20 3.983026e-21
3.865172e+00 1.603847e-20 3.846650e-21
3.865837e+00 -8.353415e-21 4.308289e-21
3.866502e+00 1.709967e-20 3.741042e-21
3.867167e+00 4.257457e-20 4.116426e-21
3.867832e+00 3.626135e-20 4.110710e-21
3.868497e+00 4.091603e-20 4.207793e-21
3.869162e+00 6.538540e-20 4.265611e-21
3.869827e+00 6.436324e-20 4.374584e-21
3.870492e+00 4.281965e-20 4.371788e-21
3.871157e+00 2.193237e-20 4.033433e-21
3.871822e+00 5.158890e-20 4.253147e-21
3.872487e+00 4.302351e-20 4.040541e-21
3.873152e+00 1.085913e-20 3.742867e-21
3.873817e+00 1.126396e-20 4.082041e-21
3.874482e+00 2.678247e-20 3.805422e-21
3.875147e+00 2.778713e-20 3.966907e-21
3.875812e+00 7.249794e-20 4.448551e-21
3.876477e+00 2.785722e-20 3.768916e-21
3.877142e+00 3.636954e-20 4.684762e-21
3.877807e+00 5.714803e-20 4.307259e-21
3.878472e+00 8.401974e-20 4.406113e-21
3.879137e+00 8.664059e-20 4.625447e-21
3.879802e+00 6.661428e-20 3.981268e-21
3.880467e+00 3.316118e-20 3.957754e-21
3.881132e+00 3.413852e-20 4.140169e-21
3.881797e+00 5.054200e-20 3.959169e-21
3.882462e+00 5.708760e-20 4.228870e-21
3.883127e+00 3.779316e-20 4.464922e-21
3.883792e+00 2.713570e-20 5.147569e-21
3.884457e+00 4.473950e-20 4.137881e-21
3.885122e+00 7.487457e-20 4.029571e-21
3.885787e+00 6.108925e-20 4.565014e-21
3.886452e+00 4.770625e-20 4.309245e-21
3.887117e+00 7.981511e-20 4.191337e-21
3.887782e+00 3.349368e-20 4.347904e-21
3.888447e+00 1.086006e-19 4.111932e-21
3.889112e+00 9.003499e-20 4.949946e-21
3.889777e+00 4.542747e-20 3.863883e-21
3.890442e+00 4.728581e-20 4.358615e-21
3.891107e+00 3.765100e-20 4.390781e-21
3.891772e+00 2.314243e-20 4.309235e-21
3.892437e+00 -3.967088e-21 4.232135e-21
3.893102e+00 7.322327e-20 3.871840e-21
3.893767e+00 6.699909e-20 3.858416e-21
3.894432e+00 1.109065e-19 4.116764e-21
3.895097e+00 1.103194e-19 3.806657e-21
3.895762e+00 8.516897e-20 3.923703e-21
3.896427e+00 5.719215e-20 4.237054e-21
3.897092e+00 4.302582e-20 5.011819e-21
3.897757e+00 3.207636e-20 7.333813e-21
3.898422e+00 7.565503e-20 1.803814e-20
3.899087e+00 5.094816e-20 4.395060e-21
3.899752e+00 7.267129e-20 4.112999e-21
3.900417e+00 5.995255e-20 4.451920e-21
3.901082e+00 3.722285e-20 4.298643e-21
3.901747e+00 1.499840e-20 4.406474e-21
3.902412e+00 4.414950e-20 4.291075e-21
3.903077e+00 1.050417e-19 4.357182e-21
3.903742e+00 9.077345e-20 4.485060e-21
3.904407e+00 8.083635e-20 4.420956e-21
3.905072e+00 6.270141e-20 4.489671e-21
3.905737e+00 7.149456e-20 4.588978e-21
3.906402e+00 7.404924e-20 4.373806e-21
3.907067e+00 8.515729e-20 4.264938e-21
3.907732e+00 7.366851e-20 4.779281e-21
3.908397e+00 6.876161e-20 4.153206e-21
3.909062e+00 6.071971e-20 4.086082e-21
3.909727e+00 5.738632e-20 4.035146e-21
3.910392e+00 6.793775e-20 4.102277e-21
3.911057e+00 8.255947e-20 4.008994e-21
3.911722e+00 1.220734e-19 3.797688e-21
3.912387e+00 1.453903e-19 4.426971e-21
3.913052e+00 6.197983e-20 4.718705e-21
3.913717e+00 6.627018e-20 4.193918e-21
3.914382e+00 8.875081e-20 4.226494e-21
3.915047e+00 9.186813e-20 4.311007e-21
3.915712e+00 1.236846e-19 4.180831e-21
3.916377e+00 1.059410e-19 4.460793e-21
3.917042e+00 1.350833e-19 4.119658e-21
3.917707e+00 1.204849e-19 4.492341e-21
3.918372e+00 5.419461e-20 4.161916e-21
3.919037e+00 2.449392e-20 3.797872e-21
3.919702e+00 3.536105e-20 3.926303e-21
3.920367e+00 2.142997e-20 4.054156e-21
3.921032e+00 1.866105e-20 4.273965e-21
3.921697e+00 3.593401e-20 4.124101e-21
3.922362e+00 6.280078e-20 3.851490e-21
3.923027e+00 6.146040e-20 4.308299e-21
3.923692e+00 6.251201e-20 3.764418e-21
3.924357e+00 5.323227e-20 3.859549e-21
3.925022e+00 6.372242e-20 4.215271e-21
3.925687e+00 8.454213e-20 3.890973e-21
3.926352e+00 8.861505e-20 4.262968e-21
3.927017e+00 5.668663e-20 4.167637e-21
3.927682e+00 4.372568e-20 4.469537e-21
3.928347e+00 8.655406e-20 4.234478e-21
3.929012e+00 7.893059e-20 4.925915e-21
3.929677e+00 6.449257e-20 5.510048e-21
3.930342e+00 3.308365e-20 4.309547e-21
3.931007e+00 4.880358e-20 3.885737e-21
3.931672e+00 8.873561e-20 3.916411e-21
3.932337e+00 5.969066e-20 6.045816e-21
3.933002e+00 7.352678e-20 4.606275e-21
3.933667e+00 3.414016e-20 5.395735e-21
3.934332e+00 3.496529e-20 4.380308e-21
3.934997e+00 1.048214e-19 3.832315e-21
3.935662e+00 9.488768e-20 1.747341e-20
3.936327e+00 7.505103e-20 1.142401e-20
3.936992e+00 4.576660e-20 5.817132e-21
3.937657e+00 6.447539e-20 6.681156e-21
3.938322e+00 6.498564e-20 5.821251e-21
3.938987e+00 4.547290e-20 4.893522e-21
3.939652e+00 3.105555e-20 5.397883e-21
3.940317e+00 2.070578e-20 4.609128e-21
3.940982e+00 2.482524e-20 3.910462e-21
3.941647e+00 -4.104807e-21 3.963984e-21
3.942312e+00 -2.153416e-20 3.917237e-21
3.942977e+00 8.166374e-21 3.906362e-21
3.943642e+00 -2.521817e-21 5.237507e-21
3.944307e+00 1.693475e-21 4.782047e-21
3.944972e+00 -5.440392e-20 5.250727e-21
3.945637e+00 -6.173548e-22 3.943415e-21
3.946302e+00 -6.378315e-22 4.177837e-21
3.946967e+00 4.581628e-20 4.069152e-21
3.947632e+00 5.137893e-20 3.853656e-21
3.948297e+00 -3.714949e-20 4.477697e-21
3.948962e+00 2.027985e-20 4.250251e-21
3.949627e+00 3.043134e-20 4.626142e-21
3.950292e+00 3.110922e-20 3.918397e-21
3.950957e+00 2.525021e-20 3.924525e-21
3.951622e+00 5.820363e-20 4.422792e-21
3.952287e+00 1.673763e-20 3.833686e-21
3.952952e+00 6.273642e-20 3.752531e-21
3.953617e+00 -2.403059e-20 4.077293e-21
3.954282e+00 5.238952e-21 3.854431e-21
3.954947e+00 4.073074e-21 4.036412e-21
3.955612e+00 -4.347558e-21 4.320337e-21
3.956277e+00 -1.871036e-20 4.161014e-21
3.956942e+00 -1.105604e-20 3.822882e-21
3.957607e+00 3.036511e-20 4.106962e-21
3.958272e+00 -4.745457e-21 3.747053e-21
3.958937e+00 -4.846030e-20 4.407029e-21
3.959602e+00 -2.533995e-20 4.836207e-21
3.960267e+00 -2.164240e-20 4.795488e-21
3.960932e+00 5.842354e-21 5.043744e-21
3.961597e+00 -1.161729e-20 4.354454e-21
3.962262e+00 2.704840e-20 4.225210e-21
3.962927e+00 3.897972e-20 4.155994e-21
3.963592e+00 1.628751e-21 4.228498e-21
3.964257e+00 4.986450e-20 4.066552e-21
3.964922e+00 5.538418e-20 4.154588e-21
3.965587e+00 8.807912e-21 3.718917e-21
3.966252e+00 -1.495416e-20 3.938376e-21
3.966917e+00 2.274804e-20 3.838618e-21
3.967582e+00 -1.028748e-20 3.646228e-21
3.968247e+00 -5.481434e-20 3.986628e-21
3.968912e+00 -4.944835e-20 3.978683e-21
3.969577e+00 2.188953e-20 3.656299e-21
3.970242e+00 -1.210965e-20 3.864915e-21
3.970907e+00 1.058975e-20 4.161147e-21
3.971572e+00 4.970395e-21 4.387821e-21
3.972237e+00 1.466205e-20 4.179536e-21
3.972902e+00 -1.534751e-20 4.201256e-21
3.973567e+00 -1.768029e-20 5.918425e-21
3.974232e+00 -5.729678e-21 5.864818e-21
3.974897e+00 -1.103634e-20 1.982996e-20
3.975562e+00 -8.901218e-22 2.596563e-20
3.976227e+00 -4.495254e-20 1.987327e-20
3.976892e+00 2.967540e-20 4.472444e-21
3.977557e+00 9.104171e-21 3.660710e-21
3.978222e+00 1.753711e-20 4.020148e-21
3.978887e+00 -5.152383e-21 3.909753e-21
3.979552e+00 2.946177e-21 3.674986e-21
3.980217e+00 1.654783e-20 3.952355e-21
3.980882e+00 2.924942e-20 3.812351e-21
3.981547e+00 4.783778e-20 3.783695e-21
3.982212e+00 -6.361335e-21 4.019381e-21
3.982877e+00 1.845675e-20 3.786422e-21
3.983542e+00 2.308352e-20 3.641715e-21
3.984207e+00 1.474081e-20 3.721706e-21
3.984872e+00 2.049241e-20 3.931378e-21
3.985537e+00 5.180092e-21 4.345428e-21
3.986202e+00 3.688191e-21 3.898458e-21
3.986867e+00 1.454996e-21 3.917461e-21
3.987532e+00 -1.125161e-22 3.797449e-21
3.988197e+00 2.581710e-21 3.509564e-21
3.988862e+00 8.767726e-21 3.527456e-21
3.989527e+00 9.940624e-21 4.114539e-21
3.990192e+00 1.149450e-20 3.949087e-21
3.990857e+00 -5.705357e-21 3.786632e-21
3.991522e+00 4.334320e-21 8.227761e-21
3.992187e+00 -1.769931e-20 1.037595e-20
3.992852e+00 1.032145e-19 1.290953e-20
3.993517e+00 3.147031e-20 6.056849e-21
3.994182e+00 8.749016e-21 4.113049e-21
3.994847e+00 3.555855e-20 4.043114e-21
3.995512e+00 2.117680e-20 3.765306e-21
3.996177e+00 3.545524e-20 3.813524e-21
3.996842e+00 4.778747e-20 3.991599e-21
3.997507e+00 1.718286e-20 4.625770e-21
3.998172e+00 4.401668e-20 3.781371e-21
3.998837e+00 2.997645e-20 4.692619e-21
3.999502e+00 -3.510836e-21 1.076565e-20
4.000167e+00 5.309275e-20 8.746161e-21
4.000832e+00 1.216934e-19 1.335108e-20
4.001497e+00 4.252665e-20 2.230714e-20
4.002162e+00 4.982019e-21 4.087162e-21
4.002827e+00 2.624329e-20 4.063507e-21
4.003492e+00 4.095945e-20 3.867284e-21
4.004157e+00 1.920625e-20 3.795085e-21
4.004822e+00 1.539204e-20 3.923668e-21
4.005487e+00 7.354307e-21 3.927465e-21
4.006152e+00 5.825972e-21 3.801520e-21
4.006817e+00 2.864508e-20 3.852173e-21
4.007482e+00 7.760003e-21 4.038635e-21
4.008147e+00 -1.642130e-20 3.798388e-21
4.008812e+00 1.178514e-20 4.288332e-21
4.009477e+00 6.455861e-20 3.810465e-21
4.010142e+00 -1.811915e-20 3.835933e-21
4.010807e+00 4.039963e-20 4.136426e-21
4.011472e+00 4.529302e-22 4.336867e-21
4.012137e+00 -1.326186e-20 3.377705e-21
4.012802e+00 2.173937e-20 4.106364e-21
4.013467e+00 3.654150e-20 3.965137e-21
4.014132e+00 -5.058194e-21 3.914729e-21
4.014797e+00 4.979027e-21 3.959959e-21
4.015462e+00 1.888763e-20 3.880684e-21
4.016127e+00 -6.994425e-21 4.069808e-21
4.016792e+00 -2.616357e-21 4.750839e-21
4.017457e+00 -1.574233e-20 3.992091e-21
4.018122e+00 1.650076e-21 4.340498e-21
4.018787e+00 -3.095270e-20 4.630971e-21
4.019452e+00 -2.579377e-20 5.129394e-21
4.020117e+00 4.831641e-20 5.527064e-21
4.020782e+00 8.201992e-20 7.394628e-21
4.021447e+00 5.129308e-20 6.074533e-21
4.022112e+00 3.524978e-21 6.080646e-21
4.022777e+00 6.862920e-20 6.563854e-21
4.023442e+00 4.523645e-20 6.227994e-21
4.024107e+00 2.691321e-20 6.118615e-21
4.024772e+00 5.050389e-20 6.370941e-21
4.025437e+00 4.186484e-20 5.965538e-21
4.026102e+00 1.132922e-20 6.148647e-21
4.026767e+00 -1.682300e-20 5.276386e-21
4.027432e+00 1.098993e-20 6.051209e-21
4.028097e+00 1.050462e-20 6.770240e-21
4.028762e+00 -1.580884e-20 5.569915e-21
4.029427e+00 1.119540e-20 8.193327e-21
4.030092e+00 1.644931e-20 6.249235e-21
4.030757e+00 2.048297e-20 7.272672e-21
4.031422e+00 -5.163426e-21 6.770412e-21
4.032087e+00 -4.465119e-21 7.475868e-21
4.032752e+00 -3.119828e-20 6.441295e-21
4.033417e+00 -3.473708e-20 6.461869e-21
4.034082e+00 9.230991e-21 6.335187e-21
4.034747e+00 3.362951e-20 7.896822e-21
4.035412e+00 -1.606349e-20 6.003375e-21
4.036077e+00 3.058711e-21 6.328741e-21
4.036742e+00 6.985966e-21 7.651493e-21
4.037407e+00 6.409650e-20 1.106857e-20
4.038072e+00 4.419139e-21 7.282565e-21
4.038737e+00 1.803425e-20 1.017287e-20
4.039402e+00 1.572742e-20 8.439145e-21
4.040067e+00 -2.005768e-21 7.189655e-21
4.040732e+00 1.046016e-20 6.702862e-21
4.041397e+00 7.558063e-21 8.514051e-21
4.042062e+00 7.178622e-21 7.994959e-21
4.042727e+00 -5.179395e-20 7.423734e-21
4.043392e+00 5.061233e-20 8.685814e-21
4.044057e+00 -1.918240e-20 9.155756e-21
4.044722e+00 2.336200e-20 9.013662e-21
4.045387e+00 3.530827e-20 7.146328e-21
4.046052e+00 -1.817728e-20 6.558541e-21
4.046717e+00 -4.089609e-20 7.604299e-21
4.047382e+00 1.231836e-20 7.763529e-21
4.048047e+00 4.520417e-20 8.681014e-21
4.048712e+00 -6.949287e-20 1.007842e-20
4.049377e+00 -5.660218e-20 7.227697e-21
4.050042e+00 -5.063995e-20 6.878253e-21
4.050707e+00 -3.895084e-20 6.836228e-21
4.051372e+00 -2.845115e-20 7.225140e-21
4.052037e+00 9.294018e-22 7.750411e-21
4.052702e+00 2.708477e-20 9.862707e-21
4.053367e+00 9.605687e-21 8.148947e-21
4.054032e+00 2.898799e-20 7.185812e-21
4.054697e+00 6.248517e-20 8.685252e-21
4.055362e+00 4.890531e-20 7.441471e-21
4.056027e+00 1.843917e-20 9.040302e-21
4.056692e+00 4.024477e-21 7.344680e-21
4.057357e+00 5.887991e-21 8.568931e-21
4.058022e+00 nan nan
4.058687e+00 nan nan
4.059352e+00 nan nan
4.060017e+00 nan nan
4.060682e+00 nan nan
4.061347e+00 nan nan
4.062012e+00 nan nan
4.062677e+00 nan nan
4.063342e+00 nan nan
4.064007e+00 nan nan
4.064672e+00 nan nan
4.065337e+00 nan nan
4.066002e+00 nan nan
4.066667e+00 nan nan
4.067332e+00 nan nan
4.067997e+00 nan nan
4.068662e+00 nan nan
4.069327e+00 nan nan
4.069992e+00 nan nan
4.070657e+00 nan nan
4.071322e+00 nan nan
4.071987e+00 nan nan
4.072652e+00 nan nan
4.073317e+00 nan nan
4.073982e+00 nan nan
4.074647e+00 nan nan
4.075312e+00 nan nan
4.075977e+00 nan nan
4.076642e+00 nan nan
4.077307e+00 nan nan
4.077972e+00 nan nan
4.078637e+00 nan nan
4.079302e+00 nan nan
4.079967e+00 nan nan
4.080632e+00 nan nan
4.081297e+00 nan nan
4.081962e+00 nan nan
4.082627e+00 nan nan
4.083292e+00 nan nan
4.083957e+00 nan nan
4.084622e+00 nan nan
4.085287e+00 nan nan
4.085952e+00 nan nan
4.086617e+00 nan nan
4.087282e+00 nan nan
4.087947e+00 nan nan
4.088612e+00 nan nan
4.089277e+00 nan nan
4.089942e+00 nan nan
4.090607e+00 nan nan
4.091272e+00 nan nan
4.091937e+00 nan nan
4.092602e+00 nan nan
4.093267e+00 nan nan
4.093932e+00 nan nan
4.094597e+00 nan nan
4.095262e+00 nan nan
4.095927e+00 nan nan
4.096592e+00 nan nan
4.097257e+00 nan nan
4.097922e+00 nan nan
4.098587e+00 nan nan
4.099252e+00 nan nan
4.099917e+00 nan nan
4.100582e+00 nan nan
4.101247e+00 nan nan
4.101912e+00 nan nan
4.102577e+00 nan nan
4.103242e+00 nan nan
4.103907e+00 nan nan
4.104572e+00 nan nan
4.105237e+00 nan nan
4.105902e+00 nan nan
4.106567e+00 nan nan
4.107232e+00 nan nan
4.107897e+00 nan nan
4.108562e+00 nan nan
4.109227e+00 nan nan
4.109892e+00 nan nan
4.110557e+00 nan nan
4.111222e+00 nan nan
4.111887e+00 nan nan
4.112552e+00 nan nan
4.113217e+00 nan nan
4.113882e+00 nan nan
4.114547e+00 nan nan
4.115212e+00 nan nan
4.115877e+00 nan nan
4.116542e+00 nan nan
4.117207e+00 nan nan
4.117872e+00 nan nan
4.118537e+00 nan nan
4.119202e+00 nan nan
4.119867e+00 nan nan
4.120532e+00 nan nan
4.121197e+00 nan nan
4.121862e+00 nan nan
4.122527e+00 nan nan
4.123192e+00 nan nan
4.123857e+00 nan nan
4.124522e+00 nan nan
4.125187e+00 nan nan
4.125852e+00 nan nan
4.126517e+00 nan nan
4.127182e+00 nan nan
4.127847e+00 nan nan
4.128512e+00 nan nan
4.129177e+00 nan nan
4.129842e+00 nan nan
4.130507e+00 nan nan
4.131172e+00 nan nan
4.131837e+00 nan nan
4.132502e+00 nan nan
4.133167e+00 nan nan
4.133832e+00 nan nan
4.134497e+00 nan nan
4.135162e+00 nan nan
4.135827e+00 nan nan
4.136492e+00 nan nan
4.137157e+00 nan nan
4.137822e+00 nan nan
4.138487e+00 nan nan
4.139152e+00 nan nan
4.139817e+00 nan nan
4.140482e+00 nan nan
4.141147e+00 nan nan
4.141812e+00 nan nan
4.142477e+00 nan nan
4.143142e+00 nan nan
4.143807e+00 nan nan
4.144472e+00 nan nan
4.145137e+00 nan nan
4.145802e+00 nan nan
4.146467e+00 nan nan
4.147132e+00 nan nan
4.147797e+00 nan nan
4.148462e+00 nan nan
4.149127e+00 nan nan
4.149792e+00 nan nan
4.150457e+00 nan nan
4.151122e+00 nan nan
4.151787e+00 nan nan
4.152452e+00 nan nan
4.153117e+00 nan nan
4.153782e+00 nan nan
4.154447e+00 nan nan
4.155112e+00 nan nan
4.155777e+00 nan nan
4.156442e+00 nan nan
4.157107e+00 nan nan
4.157772e+00 nan nan
4.158437e+00 nan nan
4.159102e+00 nan nan
4.159767e+00 nan nan
4.160432e+00 nan nan
4.161097e+00 nan nan
4.161762e+00 nan nan
4.162427e+00 nan nan
4.163092e+00 nan nan
4.163757e+00 nan nan
4.164422e+00 nan nan
4.165087e+00 4.114624e-20 1.221248e-20
4.165752e+00 8.588553e-20 1.165978e-20
4.166417e+00 -3.293710e-20 9.702680e-21
4.167082e+00 4.185376e-20 1.128416e-20
4.167747e+00 9.874687e-20 1.235328e-20
4.168412e+00 8.545674e-20 1.172824e-20
4.169077e+00 1.166865e-19 1.084957e-20
4.169742e+00 2.302327e-20 8.743985e-21
4.170407e+00 -4.248440e-20 1.565740e-20
4.171072e+00 5.045742e-20 9.444033e-21
4.171737e+00 1.825419e-20 8.862574e-21
4.172402e+00 4.913147e-20 9.250576e-21
4.173067e+00 3.258325e-20 8.335871e-21
4.173732e+00 9.476597e-20 9.982288e-21
4.174397e+00 9.252632e-20 9.193930e-21
4.175062e+00 1.583239e-20 7.197148e-21
4.175727e+00 5.057719e-20 7.793626e-21
4.176392e+00 -3.091190e-21 7.697863e-21
4.177057e+00 -1.362884e-20 8.770632e-21
4.177722e+00 3.102586e-20 8.945252e-21
4.178387e+00 5.341727e-20 7.159809e-21
4.179052e+00 8.097160e-20 7.627199e-21
4.179717e+00 5.351051e-20 7.346882e-21
4.180382e+00 2.053437e-20 6.813270e-21
4.181047e+00 5.142869e-20 7.164700e-21
4.181712e+00 3.667213e-20 6.721017e-21
4.182377e+00 1.931508e-20 6.927040e-21
4.183042e+00 6.785418e-20 6.957472e-21
4.183707e+00 -2.176820e-20 6.919785e-21
4.184372e+00 5.350516e-21 6.635661e-21
4.185037e+00 7.043541e-21 6.492641e-21
4.185702e+00 -2.024121e-20 5.758779e-21
4.186367e+00 1.217092e-20 5.071053e-21
4.187032e+00 5.308918e-20 4.860134e-21
4.187697e+00 2.958864e-20 4.817579e-21
4.188362e+00 -1.483916e-20 5.004440e-21
4.189027e+00 3.653058e-20 4.992892e-21
4.189692e+00 -4.899075e-21 4.971784e-21
4.190357e+00 6.382742e-21 5.420487e-21
4.191022e+00 -4.659513e-20 5.036786e-21
4.191687e+00 -1.247214e-20 5.420089e-21
4.192352e+00 4.016637e-20 5.700686e-21
4.193017e+00 2.740065e-20 5.310096e-21
4.193682e+00 -1.629387e-20 5.187235e-21
4.194347e+00 -8.713621e-21 4.807599e-21
4.195012e+00 2.834715e-20 4.834790e-21
4.195677e+00 2.663278e-20 4.727265e-21
4.196342e+00 5.155925e-20 4.607030e-21
4.197007e+00 5.505981e-20 5.379069e-21
4.197672e+00 -8.471465e-21 4.714533e-21
4.198337e+00 -2.530764e-20 4.837533e-21
4.199002e+00 1.213841e-20 5.255722e-21
4.199667e+00 2.258188e-20 4.797620e-21
4.200332e+00 8.635762e-20 5.331210e-21
4.200997e+00 4.450002e-20 5.671342e-21
4.201662e+00 2.440108e-20 5.128154e-21
4.202327e+00 6.350859e-20 4.958259e-21
4.202992e+00 5.714346e-20 5.191627e-21
4.203657e+00 2.171176e-20 4.878973e-21
4.204322e+00 6.124233e-21 4.855561e-21
4.204987e+00 -2.031845e-20 5.126955e-21
4.205652e+00 -2.023834e-20 4.793633e-21
4.206317e+00 -1.457562e-20 4.936880e-21
4.206982e+00 -6.659070e-21 5.152817e-21
4.207647e+00 3.221574e-20 5.149256e-21
4.208312e+00 2.074119e-20 4.697613e-21
4.208977e+00 -4.467273e-20 4.777681e-21
4.209642e+00 3.301874e-20 5.107146e-21
4.210307e+00 9.015512e-20 5.159059e-21
4.210972e+00 -5.368823e-21 4.831924e-21
4.211637e+00 -3.344618e-20 4.857395e-21
4.212302e+00 1.164981e-20 5.341986e-21
4.212967e+00 -2.680035e-20 4.948312e-21
4.213632e+00 4.051111e-20 4.789975e-21
4.214297e+00 4.409694e-20 5.446145e-21
4.214962e+00 2.207646e-20 5.310144e-21
4.215627e+00 6.177644e-23 5.196135e-21
4.216292e+00 4.372735e-20 5.253752e-21
4.216957e+00 -5.392083e-20 5.578473e-21
4.217622e+00 3.742546e-20 5.765908e-21
4.218287e+00 3.551460e-20 5.650842e-21
4.218952e+00 7.676279e-21 5.371875e-21
4.219617e+00 2.737641e-20 5.587767e-21
4.220282e+00 7.713169e-20 5.195091e-21
4.220947e+00 3.582831e-20 4.583032e-21
4.221612e+00 6.879687e-20 5.128705e-21
4.222277e+00 2.794505e-20 5.828152e-21
4.222942e+00 -3.673841e-21 5.667132e-21
4.223607e+00 5.507209e-20 6.137473e-21
4.224272e+00 4.029700e-20 8.931723e-21
4.224937e+00 1.296544e-20 5.525703e-21
4.225602e+00 6.177345e-20 5.746653e-21
4.226267e+00 7.181136e-20 5.464285e-21
4.226932e+00 4.809229e-20 5.335752e-21
4.227597e+00 6.523164e-20 4.934207e-21
4.228262e+00 1.898354e-20 5.239039e-21
4.228927e+00 2.070567e-20 6.058645e-21
4.229592e+00 1.661104e-20 4.936628e-21
4.230257e+00 3.342670e-20 5.075343e-21
4.230922e+00 6.596876e-21 5.447406e-21
4.231587e+00 -3.202022e-21 6.401456e-21
4.232252e+00 1.003500e-19 5.792461e-21
4.232917e+00 6.552498e-20 5.792887e-21
4.233582e+00 4.056824e-20 9.507929e-21
4.234247e+00 -7.756960e-20 7.605026e-21
4.234912e+00 -1.084355e-20 5.719004e-21
4.235577e+00 -4.175801e-20 5.614829e-21
4.236242e+00 3.429592e-20 9.936875e-21
4.236907e+00 6.101738e-20 6.175417e-21
4.237572e+00 3.884660e-21 5.759443e-21
4.238237e+00 4.357659e-20 5.990594e-21
4.238902e+00 3.572884e-20 5.801870e-21
4.239567e+00 2.181184e-20 6.260401e-21
4.240232e+00 1.443225e-20 5.577416e-21
4.240897e+00 3.859789e-20 5.573894e-21
4.241562e+00 3.309266e-20 5.391707e-21
4.242227e+00 6.001538e-20 5.928190e-21
4.242892e+00 3.710057e-20 5.418766e-21
4.243557e+00 1.269142e-20 5.478445e-21
4.244222e+00 4.599062e-20 5.933779e-21
4.244887e+00 8.071512e-20 4.978674e-21
4.245552e+00 3.809207e-20 5.464397e-21
4.246217e+00 -2.355816e-20 5.877975e-21
4.246882e+00 -5.878427e-20 7.228935e-21
4.247547e+00 5.801701e-20 7.673084e-21
4.248212e+00 8.994126e-20 5.993277e-21
4.248877e+00 3.801048e-20 5.232791e-21
4.249542e+00 3.719094e-20 5.521642e-21
4.250207e+00 3.398394e-21 6.357260e-21
4.250872e+00 -3.211385e-20 5.663019e-21
4.251537e+00 2.854344e-20 5.364183e-21
4.252202e+00 9.167027e-21 5.608648e-21
4.252867e+00 -3.750501e-21 6.158289e-21
4.253532e+00 2.325696e-21 5.938467e-21
4.254197e+00 5.148596e-20 6.269354e-21
4.254862e+00 2.724527e-20 1.118019e-20
4.255527e+00 7.673904e-21 8.302478e-21
4.256192e+00 -3.599704e-21 1.396872e-20
4.256857e+00 3.128556e-20 1.814932e-20
4.257522e+00 3.045532e-20 1.651701e-20
4.258187e+00 1.738681e-20 9.933079e-21
4.258852e+00 5.086833e-20 5.686297e-21
4.259517e+00 1.937824e-20 5.074410e-21
4.260182e+00 -2.168878e-20 5.022206e-21
4.260847e+00 -4.178515e-21 5.328177e-21
4.261512e+00 -5.985631e-21 5.685461e-21
4.262177e+00 7.119946e-20 6.455027e-21
4.262842e+00 2.478044e-20 5.748856e-21
4.263507e+00 -9.493219e-21 5.581736e-21
4.264172e+00 2.992981e-22 5.839585e-21
4.264837e+00 1.290642e-20 6.216471e-21
4.265502e+00 1.500630e-20 5.367911e-21
4.266167e+00 -5.601236e-22 6.042048e-21
4.266832e+00 -5.707588e-22 5.799533e-21
4.267497e+00 3.254472e-21 5.764308e-21
4.268162e+00 1.972154e-20 5.334023e-21
4.268827e+00 2.878432e-20 4.946684e-21
4.269492e+00 4.105622e-20 7.393292e-21
4.270157e+00 8.297859e-20 9.188380e-21
4.270822e+00 5.317880e-20 7.629668e-21
4.271487e+00 4.518671e-20 7.001149e-21
4.272152e+00 6.056286e-20 5.973904e-21
4.272817e+00 1.068070e-19 5.335916e-21
4.273482e+00 7.924900e-20 5.690080e-21
4.274147e+00 2.669437e-20 5.565091e-21
4.274812e+00 2.656098e-20 5.571786e-21
4.275477e+00 -2.251555e-20 5.739257e-21
4.276142e+00 -1.596622e-21 4.942602e-21
4.276807e+00 3.278789e-20 5.207981e-21
4.277472e+00 1.618812e-20 4.999848e-21
4.278137e+00 1.386207e-20 4.861196e-21
4.278802e+00 6.330381e-20 5.438101e-21
4.279467e+00 4.455100e-20 5.442319e-21
4.280132e+00 5.870102e-21 6.203877e-21
4.280797e+00 8.250401e-20 5.541929e-21
4.281462e+00 4.885149e-20 5.474229e-21
4.282127e+00 5.993028e-20 5.769557e-21
4.282792e+00 5.553460e-20 6.019607e-21
4.283457e+00 3.409082e-20 5.855602e-21
4.284122e+00 -7.715079e-21 7.423470e-21
4.284787e+00 5.220725e-21 5.847370e-21
4.285452e+00 4.785868e-20 7.830827e-21
4.286117e+00 6.366733e-20 5.229506e-21
4.286782e+00 9.960380e-20 5.617268e-21
4.287447e+00 6.502151e-20 5.561614e-21
4.288112e+00 2.401895e-21 5.729193e-21
4.288777e+00 1.836298e-20 5.270440e-21
4.289442e+00 1.565441e-20 5.343007e-21
4.290107e+00 -2.913405e-20 7.037862e-21
4.290772e+00 4.305558e-20 5.977526e-21
4.291437e+00 6.586039e-23 5.027247e-21
4.292102e+00 2.857320e-20 5.385869e-21
4.292767e+00 6.703305e-20 5.760895e-21
4.293432e+00 1.759506e-20 5.917077e-21
4.294097e+00 -1.829521e-20 5.377967e-21
4.294762e+00 -6.680147e-20 5.541375e-21
4.295427e+00 9.424822e-21 5.188361e-21
4.296092e+00 7.048518e-20 5.754234e-21
4.296757e+00 7.048555e-20 5.964649e-21
4.297422e+00 8.755719e-20 6.163906e-21
4.298087e+00 6.985649e-21 5.601472e-21
4.298752e+00 -4.036114e-20 6.362387e-21
4.299417e+00 2.644377e-21 5.637197e-21
4.300082e+00 -5.375370e-20 4.968128e-21
4.300747e+00 -2.137399e-20 5.765725e-21
4.301412e+00 4.387314e-20 6.022593e-21
4.302077e+00 3.858132e-20 5.965413e-21
4.302742e+00 -2.723322e-20 5.869053e-21
4.303407e+00 -4.183230e-20 7.383416e-21
4.304072e+00 1.531675e-20 5.593408e-21
4.304737e+00 6.970201e-20 5.798320e-21
4.305402e+00 -1.089288e-20 5.626559e-21
4.306067e+00 4.402726e-20 5.730438e-21
4.306732e+00 2.344438e-20 5.931804e-21
4.307397e+00 -2.811921e-22 5.917160e-21
4.308062e+00 3.593085e-20 5.551606e-21
4.308727e+00 2.107059e-20 5.898301e-21
4.309392e+00 4.699513e-20 6.176829e-21
4.310057e+00 -2.769176e-20 5.310415e-21
4.310722e+00 -5.260374e-20 5.573533e-21
4.311387e+00 -7.143828e-23 6.065006e-21
4.312052e+00 6.356581e-20 5.295909e-21
4.312717e+00 5.046458e-20 5.664677e-21
4.313382e+00 1.525944e-20 6.029539e-21
4.314047e+00 8.119456e-20 6.510514e-21
4.314712e+00 2.178376e-21 5.324077e-21
4.315377e+00 -3.044445e-20 5.830174e-21
4.316042e+00 -1.625441e-20 5.986635e-21
4.316707e+00 2.477022e-20 5.487034e-21
4.317372e+00 2.676657e-20 5.755396e-21
4.318037e+00 -2.222522e-20 5.809957e-21
4.318702e+00 4.657292e-20 6.356671e-21
4.319367e+00 7.773595e-20 6.036188e-21
4.320032e+00 2.583661e-20 5.352520e-21
4.320697e+00 -7.174049e-22 5.890377e-21
4.321362e+00 4.167426e-20 8.244365e-21
4.322027e+00 -2.052692e-20 6.027579e-21
4.322692e+00 9.179684e-21 6.044999e-21
4.323357e+00 1.865389e-20 5.229521e-21
4.324022e+00 1.875670e-20 5.771772e-21
4.324687e+00 1.464619e-20 5.499362e-21
4.325352e+00 3.958995e-21 5.802501e-21
4.326017e+00 2.439492e-21 5.591408e-21
4.326682e+00 1.438582e-20 7.221524e-21
4.327347e+00 3.415273e-20 6.468125e-21
4.328012e+00 6.431769e-20 4.794975e-21
4.328677e+00 2.556169e-20 8.371976e-21
4.329342e+00 -2.797662e-20 6.035149e-21
4.330007e+00 3.117510e-20 5.224521e-21
4.330672e+00 5.640015e-20 5.414603e-21
4.331337e+00 2.651984e-20 5.610788e-21
4.332002e+00 3.480263e-20 5.508071e-21
4.332667e+00 7.263687e-20 5.413422e-21
4.333332e+00 6.387558e-20 5.301719e-21
4.333997e+00 3.606507e-20 5.464951e-21
4.334662e+00 2.369022e-21 5.741952e-21
4.335327e+00 5.009264e-21 5.760578e-21
4.335992e+00 2.503560e-20 5.674114e-21
4.336657e+00 3.801014e-20 5.156354e-21
4.337322e+00 4.267081e-20 6.003762e-21
4.337987e+00 6.289174e-20 6.035879e-21
4.338652e+00 3.950191e-20 5.458933e-21
4.339317e+00 1.510570e-19 6.196451e-21
4.339982e+00 1.573230e-19 5.375496e-21
4.340647e+00 6.733248e-20 6.272606e-21
4.341312e+00 -3.990724e-20 5.350110e-21
4.341977e+00 -2.106232e-20 5.303494e-21
4.342642e+00 1.157841e-20 5.742717e-21
4.343307e+00 1.139060e-19 5.867186e-21
4.343972e+00 4.609961e-20 5.478197e-21
4.344637e+00 -7.594200e-21 5.562685e-21
4.345302e+00 3.323915e-20 5.598342e-21
4.345967e+00 4.811688e-20 5.466380e-21
4.346632e+00 1.195196e-19 6.986633e-21
4.347297e+00 7.480750e-20 6.099271e-21
4.347962e+00 4.011735e-20 5.858528e-21
4.348627e+00 3.007378e-20 5.927208e-21
4.349292e+00 1.916973e-20 5.527765e-21
4.349957e+00 -1.603091e-20 5.291715e-21
4.350622e+00 1.130289e-20 6.222940e-21
4.351287e+00 -2.387734e-20 5.587841e-21
4.351952e+00 1.318314e-20 6.107948e-21
4.352617e+00 3.676108e-20 6.116682e-21
4.353282e+00 5.732704e-20 7.059408e-21
4.353947e+00 2.357127e-20 6.070804e-21
4.354612e+00 2.983607e-20 5.795513e-21
4.355277e+00 2.298371e-20 6.901997e-21
4.355942e+00 4.536963e-20 6.078024e-21
4.356607e+00 1.700312e-20 6.222093e-21
4.357272e+00 1.940816e-20 5.742577e-21
4.357937e+00 1.848446e-20 6.250760e-21
4.358602e+00 5.848991e-20 5.344416e-21
4.359267e+00 2.897708e-20 5.261976e-21
4.359932e+00 6.708021e-20 5.201616e-21
4.360597e+00 5.649085e-20 5.443342e-21
4.361262e+00 2.142264e-20 5.014662e-21
4.361927e+00 -1.896111e-20 5.654174e-21
4.362592e+00 -1.074962e-20 5.301086e-21
4.363257e+00 2.243492e-20 5.562993e-21
4.363922e+00 2.443284e-20 6.084490e-21
4.364587e+00 2.500794e-20 5.604136e-21
4.365252e+00 7.476044e-20 6.170691e-21
4.365917e+00 2.772585e-20 5.168656e-21
4.366582e+00 4.925525e-20 5.325429e-21
4.367247e+00 2.196702e-20 5.357913e-21
4.367912e+00 3.240836e-20 5.608105e-21
4.368577e+00 1.857526e-20 5.869498e-21
4.369242e+00 1.116204e-20 5.603185e-21
4.369907e+00 3.569954e-20 5.064464e-21
4.370572e+00 5.043619e-20 5.467537e-21
4.371237e+00 1.461775e-20 5.260399e-21
4.371902e+00 5.706463e-20 6.090862e-21
4.372567e+00 4.393296e-20 5.387429e-21
4.373232e+00 6.170006e-20 5.485864e-21
4.373897e+00 -1.112866e-21 5.968280e-21
4.374562e+00 6.794858e-20 6.021569e-21
4.375227e+00 4.161752e-20 5.003775e-21
4.375892e+00 -4.423813e-20 5.461506e-21
4.376557e+00 -5.899916e-20 5.435753e-21
4.377222e+00 -1.846395e-21 5.553667e-21
4.377887e+00 1.086511e-20 5.524637e-21
4.378552e+00 -2.741131e-20 5.182879e-21
4.379217e+00 6.141023e-20 6.615816e-21
4.379882e+00 5.958701e-20 6.579974e-21
4.380547e+00 5.774477e-20 5.986732e-21
4.381212e+00 5.794800e-20 5.391522e-21
4.381877e+00 -7.294890e-21 5.873374e-21
4.382542e+00 -2.308395e-20 6.098231e-21
4.383207e+00 2.952944e-20 5.629130e-21
4.383872e+00 2.650340e-20 5.695231e-21
4.384537e+00 7.556164e-21 5.273157e-21
4.385202e+00 -7.193631e-21 5.165611e-21
4.385867e+00 1.550608e-20 5.908766e-21
4.386532e+00 -1.622160e-20 5.906081e-21
4.387197e+00 4.708913e-20 6.572370e-21
4.387862e+00 7.653771e-20 6.311650e-21
4.388527e+00 4.745834e-20 6.812521e-21
4.389192e+00 1.867165e-20 5.218307e-21
4.389857e+00 1.339558e-20 7.035894e-21
4.390522e+00 1.204756e-20 5.622534e-21
4.391187e+00 2.980076e-20 5.747767e-21
4.391852e+00 4.948455e-20 5.546361e-21
4.392517e+00 -2.023247e-20 5.666529e-21
4.393182e+00 -4.275710e-20 6.246331e-21
4.393847e+00 1.113805e-19 5.704875e-21
4.394512e+00 1.367665e-19 5.555334e-21
4.395177e+00 9.237862e-20 6.065389e-21
4.395842e+00 2.367227e-20 6.271282e-21
4.396507e+00 1.870781e-20 6.391118e-21
4.397172e+00 6.470443e-20 6.216589e-21
4.397837e+00 4.150511e-20 5.554751e-21
4.398502e+00 -4.507408e-20 6.216875e-21
4.399167e+00 -5.810638e-20 5.711296e-21
4.399832e+00 -9.239885e-21 5.325283e-21
4.400497e+00 1.179879e-20 5.608984e-21
4.401162e+00 5.275113e-20 5.406066e-21
4.401827e+00 8.871779e-21 5.504067e-21
4.402492e+00 -6.457349e-21 5.567421e-21
4.403157e+00 5.442840e-20 5.969970e-21
4.403822e+00 3.932192e-20 6.147169e-21
4.404487e+00 7.985764e-20 6.352237e-21
4.405152e+00 5.158921e-20 5.337408e-21
4.405817e+00 5.619936e-20 5.409392e-21
4.406482e+00 8.974883e-21 5.430213e-21
4.407147e+00 -6.285684e-21 6.198964e-21
4.407812e+00 5.521463e-22 6.377712e-21
4.408477e+00 3.124867e-20 5.253501e-21
4.409142e+00 1.531618e-20 5.471936e-21
4.409807e+00 3.091209e-20 5.936545e-21
4.410472e+00 7.599893e-20 5.918698e-21
4.411137e+00 9.961827e-20 6.439528e-21
4.411802e+00 3.800375e-20 6.032775e-21
4.412467e+00 3.189143e-21 6.514474e-21
4.413132e+00 2.094653e-20 8.123845e-21
4.413797e+00 5.502830e-20 6.276998e-21
4.414462e+00 6.704054e-20 6.751241e-21
4.415127e+00 8.020436e-20 5.529332e-21
4.415792e+00 5.849564e-20 5.917325e-21
4.416457e+00 1.005598e-19 6.531254e-21
4.417122e+00 7.496460e-20 5.505802e-21
4.417787e+00 8.879270e-20 6.159521e-21
4.418452e+00 2.026976e-20 6.301381e-21
4.419117e+00 7.409993e-21 5.975470e-21
4.419782e+00 5.249796e-20 6.392982e-21
4.420447e+00 8.734176e-20 5.943032e-21
4.421112e+00 4.142327e-20 5.235394e-21
4.421777e+00 -3.946094e-21 5.939513e-21
4.422442e+00 3.534670e-20 6.004053e-21
4.423107e+00 -9.065154e-22 5.645629e-21
4.423772e+00 1.759508e-20 5.597532e-21
4.424437e+00 1.095911e-19 6.113127e-21
4.425102e+00 3.115237e-20 5.759663e-21
4.425767e+00 -2.225357e-20 6.393722e-21
4.426432e+00 4.131503e-20 6.367950e-21
4.427097e+00 3.341452e-21 5.673139e-21
4.427762e+00 3.530672e-20 5.754298e-21
4.428427e+00 9.524996e-20 6.413015e-21
4.429092e+00 3.899144e-20 7.138731e-21
4.429757e+00 3.139635e-20 6.350452e-21
4.430422e+00 -2.963910e-20 5.575117e-21
4.431087e+00 -4.785176e-21 6.173140e-21
4.431752e+00 4.181754e-20 5.385029e-21
4.432417e+00 4.290304e-20 6.053847e-21
4.433082e+00 1.208205e-19 5.739863e-21
4.433747e+00 1.101731e-19 5.743017e-21
4.434412e+00 9.782356e-20 5.877563e-21
4.435077e+00 1.994354e-20 6.387251e-21
4.435742e+00 3.080532e-20 7.931461e-21
4.436407e+00 4.417019e-20 8.166767e-21
4.437072e+00 -9.608948e-22 6.444016e-21
4.437737e+00 3.034061e-20 7.165966e-21
4.438402e+00 -8.910749e-22 6.028542e-21
4.439067e+00 4.036568e-20 6.132507e-21
4.439732e+00 6.098543e-20 6.110551e-21
4.440397e+00 4.932035e-20 6.056244e-21
4.441062e+00 6.999718e-20 5.813515e-21
4.441727e+00 6.887187e-20 5.771328e-21
4.442392e+00 4.095406e-20 5.718482e-21
4.443057e+00 -4.425836e-20 6.157682e-21
4.443722e+00 4.275971e-20 1.228810e-20
4.444387e+00 -4.982664e-20 3.597589e-20
4.445052e+00 -5.128943e-20 6.083149e-21
4.445717e+00 4.274187e-20 6.071848e-21
4.446382e+00 1.018504e-20 5.862793e-21
4.447047e+00 7.281078e-20 1.227828e-20
4.447712e+00 3.863599e-20 6.550170e-21
4.448377e+00 2.815024e-20 5.965129e-21
4.449042e+00 -1.730429e-20 6.073687e-21
4.449707e+00 -5.628964e-20 9.310469e-21
4.450372e+00 -4.674309e-21 8.154503e-21
4.451037e+00 7.424271e-21 6.650789e-21
4.451702e+00 4.222009e-20 6.833837e-21
4.452367e+00 6.245708e-20 6.385795e-21
4.453032e+00 4.531060e-20 5.817512e-21
4.453697e+00 4.378808e-20 6.200403e-21
4.454362e+00 8.119464e-20 5.932624e-21
4.455027e+00 6.546436e-20 6.879286e-21
4.455692e+00 7.877581e-20 5.910141e-21
4.456357e+00 8.907955e-20 5.371409e-21
4.457022e+00 7.955197e-20 5.778293e-21
4.457687e+00 5.933645e-20 5.844761e-21
4.458352e+00 2.210707e-20 5.581649e-21
4.459017e+00 5.583424e-20 6.608916e-21
4.459682e+00 1.121528e-19 6.058828e-21
4.460347e+00 5.132187e-20 6.002915e-21
4.461012e+00 3.910812e-20 5.617891e-21
4.461677e+00 4.131926e-20 5.810273e-21
4.462342e+00 -8.968539e-21 5.920925e-21
4.463007e+00 8.197585e-20 6.736230e-21
4.463672e+00 3.813509e-20 6.108033e-21
4.464337e+00 2.552001e-20 5.742784e-21
4.465002e+00 -5.235464e-21 5.854440e-21
4.465667e+00 -3.483756e-21 5.746442e-21
4.466332e+00 2.042321e-20 6.171627e-21
4.466997e+00 1.169880e-21 6.163874e-21
4.467662e+00 6.675086e-21 6.130739e-21
4.468327e+00 4.454843e-20 6.408537e-21
4.468992e+00 6.970341e-20 6.013198e-21
4.469657e+00 5.102845e-20 6.222313e-21
4.470322e+00 -8.377177e-21 6.272623e-21
4.470987e+00 -3.073579e-20 5.685628e-21
4.471652e+00 -3.655735e-20 5.905649e-21
4.472317e+00 1.696645e-20 5.743736e-21
4.472982e+00 3.875703e-20 1.412031e-20
4.473647e+00 3.656606e-20 8.410249e-21
4.474312e+00 5.385258e-21 1.277400e-20
4.474977e+00 2.339886e-20 9.515870e-21
4.475642e+00 7.011503e-21 8.805003e-21
4.476307e+00 3.842552e-21 8.635695e-21
4.476972e+00 4.014352e-20 8.338928e-21
4.477637e+00 -1.890879e-20 7.305686e-21
4.478302e+00 3.810836e-20 7.137183e-21
4.478967e+00 1.511167e-20 6.942245e-21
4.479632e+00 -6.486259e-20 6.045599e-21
4.480297e+00 -5.226629e-20 6.089714e-21
4.480962e+00 -1.192342e-20 6.403956e-21
4.481627e+00 -2.122390e-20 7.212663e-21
4.482292e+00 1.406324e-20 1.023414e-20
4.482957e+00 6.849156e-20 6.132016e-21
4.483622e+00 2.865690e-20 6.416120e-21
4.484287e+00 6.347883e-20 6.202622e-21
4.484952e+00 -2.666023e-20 8.323836e-21
4.485617e+00 2.209123e-21 6.463865e-21
4.486282e+00 -1.496401e-20 6.305325e-21
4.486947e+00 9.853905e-21 7.059179e-21
4.487612e+00 -2.350062e-20 5.062970e-21
4.488277e+00 -1.402192e-20 6.433909e-21
4.488942e+00 2.084606e-20 6.775643e-21
4.489607e+00 7.773545e-20 6.435774e-21
4.490272e+00 -1.172092e-20 5.410191e-21
4.490937e+00 3.140346e-21 5.869346e-21
4.491602e+00 5.311791e-20 6.367261e-21
4.492267e+00 5.153744e-20 7.930672e-21
4.492932e+00 -3.182346e-21 6.186332e-21
4.493597e+00 2.822830e-20 5.807615e-21
4.494262e+00 6.249188e-21 6.493161e-21
4.494927e+00 6.102403e-20 6.550861e-21
4.495592e+00 2.632183e-20 7.161918e-21
4.496257e+00 3.365836e-20 6.777547e-21
4.496922e+00 7.895021e-20 6.418842e-21
4.497587e+00 3.810066e-20 6.710439e-21
4.498252e+00 2.790958e-20 7.235565e-21
4.498917e+00 -3.126624e-20 6.822286e-21
4.499582e+00 4.511122e-21 6.475498e-21
4.500247e+00 1.064215e-20 5.637429e-21
4.500912e+00 -2.975270e-20 6.161695e-21
4.501577e+00 1.078925e-20 7.581027e-21
4.502242e+00 7.400439e-21 5.939295e-21
4.502907e+00 5.488400e-20 7.277909e-21
4.503572e+00 8.257541e-20 7.027170e-21
4.504237e+00 3.555207e-20 6.492734e-21
4.504902e+00 3.567592e-20 5.687559e-21
4.505567e+00 4.531833e-20 6.300852e-21
4.506232e+00 -1.634988e-20 5.758778e-21
4.506897e+00 4.763769e-20 6.251761e-21
4.507562e+00 1.104936e-19 6.063008e-21
4.508227e+00 7.187975e-20 5.689365e-21
4.508892e+00 5.148797e-20 6.773625e-21
4.509557e+00 4.502493e-21 6.487581e-21
4.510222e+00 1.285347e-20 5.699087e-21
4.510887e+00 -9.408067e-21 6.056600e-21
4.511552e+00 -3.806875e-21 5.977403e-21
4.512217e+00 -2.380136e-20 5.453208e-21
4.512882e+00 6.739413e-21 5.769521e-21
4.513547e+00 2.113514e-20 5.890719e-21
4.514212e+00 9.312254e-20 6.433184e-21
4.514877e+00 9.986131e-20 6.230657e-21
4.515542e+00 7.022448e-20 7.705158e-21
4.516207e+00 8.488466e-20 6.122521e-21
4.516872e+00 1.027966e-19 6.405696e-21
4.517537e+00 8.552786e-20 6.975281e-21
4.518202e+00 4.919417e-20 6.240529e-21
4.518867e+00 5.090089e-20 5.895616e-21
4.519532e+00 9.930834e-20 6.673012e-21
4.520197e+00 1.548504e-20 6.089466e-21
4.520862e+00 5.931816e-20 5.644027e-21
4.521527e+00 3.022416e-20 6.291292e-21
4.522192e+00 9.203834e-20 5.733352e-21
4.522857e+00 1.150902e-20 6.301452e-21
4.523522e+00 1.166658e-20 5.762622e-21
4.524187e+00 2.422399e-20 6.420530e-21
4.524852e+00 4.063234e-20 6.865303e-21
4.525517e+00 7.715923e-20 6.014381e-21
4.526182e+00 4.972370e-20 5.804472e-21
4.526847e+00 -1.729584e-21 6.007789e-21
4.527512e+00 2.330777e-20 6.790417e-21
4.528177e+00 -3.691420e-20 5.926515e-21
4.528842e+00 9.200902e-21 5.955213e-21
4.529507e+00 -4.050413e-20 5.853395e-21
4.530172e+00 1.418113e-20 5.949401e-21
4.530837e+00 -1.182962e-21 5.890313e-21
4.531502e+00 -3.146953e-21 5.833492e-21
4.532167e+00 4.475773e-20 1.029007e-20
4.532832e+00 -6.876991e-20 6.586701e-21
4.533497e+00 -7.724014e-20 6.793776e-21
4.534162e+00 2.393798e-21 6.005891e-21
4.534827e+00 4.568331e-20 6.240426e-21
4.535492e+00 9.026371e-20 5.866336e-21
4.536157e+00 6.436039e-20 5.791805e-21
4.536822e+00 3.446816e-20 6.589107e-21
4.537487e+00 3.617931e-23 7.208991e-21
4.538152e+00 9.237919e-20 7.041839e-21
4.538817e+00 -3.592414e-20 6.174532e-21
4.539482e+00 3.781359e-20 6.435324e-21
4.540147e+00 7.686713e-20 6.605997e-21
4.540812e+00 -4.118009e-21 6.321727e-21
4.541477e+00 1.945143e-21 6.771344e-21
4.542142e+00 3.601306e-20 9.006454e-21
4.542807e+00 4.270296e-20 8.259023e-21
4.543472e+00 2.227212e-20 1.869338e-20
4.544137e+00 2.775631e-20 7.520948e-21
4.544802e+00 8.911328e-20 6.213634e-21
4.545467e+00 5.827996e-20 6.313945e-21
4.546132e+00 3.574768e-20 5.637934e-21
4.546797e+00 6.957907e-20 5.838952e-21
4.547462e+00 1.101629e-19 5.567893e-21
4.548127e+00 2.285690e-20 6.061609e-21
4.548792e+00 6.040025e-20 6.040730e-21
4.549457e+00 1.534677e-20 6.167861e-21
4.550122e+00 5.110832e-20 6.507279e-21
4.550787e+00 7.312779e-20 6.003877e-21
4.551452e+00 1.039049e-19 7.718183e-21
4.552117e+00 1.056315e-19 6.321840e-21
4.552782e+00 -1.219438e-20 6.767055e-21
4.553447e+00 3.695920e-20 6.215736e-21
4.554112e+00 4.784732e-20 5.767280e-21
4.554777e+00 6.918358e-20 5.972061e-21
4.555442e+00 8.159403e-20 6.622481e-21
4.556107e+00 3.614191e-20 6.071663e-21
4.556772e+00 7.241663e-20 6.887161e-21
4.557437e+00 3.330287e-20 6.672009e-21
4.558102e+00 -1.320093e-21 6.698967e-21
4.558767e+00 9.200841e-21 5.800447e-21
4.559432e+00 -3.396452e-21 6.295453e-21
4.560097e+00 -2.469602e-20 6.828772e-21
4.560762e+00 3.807136e-20 6.625256e-21
4.561427e+00 3.780782e-20 6.510073e-21
4.562092e+00 -1.838539e-21 6.321153e-21
4.562757e+00 -3.510568e-20 5.921132e-21
4.563422e+00 -1.556728e-21 6.420892e-21
4.564087e+00 9.612148e-21 6.167435e-21
4.564752e+00 5.361461e-21 6.848234e-21
4.565417e+00 3.196831e-20 6.758693e-21
4.566082e+00 -1.386244e-20 6.626287e-21
4.566747e+00 -1.239946e-20 6.395042e-21
4.567412e+00 8.401265e-20 7.442781e-21
4.568077e+00 1.300257e-19 6.706054e-21
4.568742e+00 2.936690e-20 7.574366e-21
4.569407e+00 -1.205190e-20 7.077929e-21
4.570072e+00 -4.085199e-20 6.147310e-21
4.570737e+00 -9.039250e-21 6.295095e-21
4.571402e+00 7.059551e-20 7.474451e-21
4.572067e+00 6.567501e-20 6.292049e-21
4.572732e+00 3.056340e-20 5.970409e-21
4.573397e+00 4.287635e-20 6.001027e-21
4.574062e+00 6.659880e-20 7.285517e-21
4.574727e+00 8.557902e-20 6.529908e-20
4.575392e+00 9.029392e-20 6.962268e-20
4.576057e+00 7.133990e-21 7.711982e-21
4.576722e+00 3.081329e-20 7.423219e-21
4.577387e+00 1.091693e-19 7.699090e-21
4.578052e+00 3.766814e-20 5.905762e-21
4.578717e+00 2.598188e-20 6.810468e-21
4.579382e+00 3.424265e-20 7.711352e-21
4.580047e+00 1.123176e-20 9.704420e-21
4.580712e+00 6.028629e-21 6.778169e-21
4.581377e+00 -6.406591e-21 6.199605e-21
4.582042e+00 -5.475326e-20 5.693109e-21
4.582707e+00 1.269425e-20 6.241666e-21
4.583372e+00 4.697559e-20 6.159916e-21
4.584037e+00 6.215406e-20 6.286311e-21
4.584702e+00 4.979079e-20 6.633154e-21
4.585367e+00 5.479387e-21 5.872812e-21
4.586032e+00 2.267422e-20 5.553898e-21
4.586697e+00 5.215333e-20 6.040465e-21
4.587362e+00 -4.155067e-21 6.421758e-21
4.588027e+00 -1.213960e-20 6.041795e-21
4.588692e+00 4.622216e-20 5.857743e-21
4.589357e+00 1.268190e-19 7.171090e-21
4.590022e+00 1.988062e-20 6.658388e-21
4.590687e+00 -6.111743e-20 6.793413e-21
4.591352e+00 -5.476341e-20 6.409044e-21
4.592017e+00 1.851207e-20 6.179012e-21
4.592682e+00 6.914586e-20 5.743925e-21
4.593347e+00 1.088310e-19 6.181752e-21
4.594012e+00 2.206382e-20 5.628727e-21
4.594677e+00 1.559078e-20 5.663293e-21
4.595342e+00 2.117729e-20 6.248358e-21
4.596007e+00 1.990798e-20 5.700937e-21
4.596672e+00 -4.667000e-20 6.091999e-21
4.597337e+00 3.450009e-20 6.614507e-21
4.598002e+00 7.046029e-20 8.289440e-21
4.598667e+00 5.846036e-20 6.633889e-21
4.599332e+00 4.438987e-20 6.059467e-21
4.599997e+00 9.080885e-20 6.265531e-21
4.600662e+00 5.445750e-20 6.123831e-21
4.601327e+00 3.550373e-20 5.516438e-21
4.601992e+00 2.267983e-20 6.220407e-21
4.602657e+00 2.494460e-20 6.538260e-21
4.603322e+00 4.548270e-20 5.915189e-21
4.603987e+00 4.520508e-20 6.397379e-21
4.604652e+00 -4.616726e-20 6.138328e-21
4.605317e+00 -4.231912e-20 6.395815e-21
4.605982e+00 6.595834e-21 5.662915e-21
4.606647e+00 6.819952e-20 6.388922e-21
4.607312e+00 -3.061036e-20 6.220040e-21
4.607977e+00 -2.013269e-20 7.537013e-21
4.608642e+00 -4.335485e-20 7.167047e-21
4.609307e+00 -2.462751e-20 6.092855e-21
4.609972e+00 1.836818e-20 6.209688e-21
4.610637e+00 -7.960192e-21 6.591033e-21
4.611302e+00 -6.285689e-20 6.668872e-21
4.611967e+00 -6.003308e-20 5.925666e-21
4.612632e+00 3.970009e-20 5.900109e-21
4.613297e+00 1.409923e-20 6.327092e-21
4.613962e+00 2.733512e-20 5.762606e-21
4.614627e+00 -2.062631e-20 6.023171e-21
4.615292e+00 5.104827e-20 7.797766e-21
4.615957e+00 1.351306e-19 6.961395e-21
4.616622e+00 6.377101e-20 5.852161e-21
4.617287e+00 3.935646e-20 5.577035e-21
4.617952e+00 -1.139879e-20 6.074084e-21
4.618617e+00 -7.288978e-21 6.300570e-21
4.619282e+00 6.284721e-20 6.267024e-21
4.619947e+00 3.243233e-20 6.345810e-21
4.620612e+00 4.383867e-20 6.221663e-21
4.621277e+00 4.216901e-20 5.669841e-21
4.621942e+00 1.126160e-20 7.207190e-21
4.622607e+00 -2.934070e-20 6.740355e-21
4.623272e+00 1.111813e-20 6.680619e-21
4.623937e+00 1.580878e-20 6.589885e-21
4.624602e+00 9.105192e-21 6.258179e-21
4.625267e+00 4.639128e-20 7.637421e-21
4.625932e+00 -1.274380e-20 6.839567e-21
4.626597e+00 1.340309e-20 6.150037e-21
4.627262e+00 6.018647e-20 5.985820e-21
4.627927e+00 6.782365e-20 6.521255e-21
4.628592e+00 8.044558e-20 6.172118e-21
4.629257e+00 1.193309e-19 6.169993e-21
4.629922e+00 6.091743e-20 5.864165e-21
4.630587e+00 5.993896e-20 6.144786e-21
4.631252e+00 7.954238e-20 6.320763e-21
4.631917e+00 9.344461e-20 7.057921e-21
4.632582e+00 6.559845e-20 5.808830e-21
4.633247e+00 2.744820e-20 1.821522e-20
4.633912e+00 -2.028144e-20 1.061125e-20
4.634577e+00 5.502772e-21 7.039873e-21
4.635242e+00 -1.625737e-20 6.728204e-21
4.635907e+00 3.095803e-20 7.026695e-21
4.636572e+00 1.624654e-20 6.045609e-21
4.637237e+00 3.323255e-21 6.640461e-21
4.637902e+00 7.798281e-20 6.604586e-21
4.638567e+00 7.619682e-20 6.894822e-21
4.639232e+00 4.536360e-20 6.670648e-21
4.639897e+00 1.075808e-19 6.186082e-21
4.640562e+00 5.555444e-20 7.115815e-21
4.641227e+00 3.399753e-20 7.343856e-21
4.641892e+00 3.170201e-20 7.385429e-21
4.642557e+00 -1.470877e-20 7.461855e-21
4.643222e+00 -1.083645e-21 6.461792e-21
4.643887e+00 -6.497618e-20 7.498421e-21
4.644552e+00 -2.581915e-21 6.787007e-21
4.645217e+00 -1.453979e-20 6.732207e-21
4.645882e+00 -3.886697e-20 7.048666e-21
4.646547e+00 -7.947167e-20 6.364640e-21
4.647212e+00 -1.475124e-20 6.028673e-21
4.647877e+00 5.507390e-20 5.901309e-21
4.648542e+00 4.764181e-20 6.354619e-21
4.649207e+00 1.941759e-20 6.674856e-21
4.649872e+00 3.334329e-20 1.007411e-20
4.650537e+00 3.042889e-20 6.361628e-21
4.651202e+00 5.744580e-20 6.167271e-21
4.651867e+00 1.769332e-20 6.706482e-21
4.652532e+00 -2.249550e-20 6.349663e-21
4.653197e+00 1.590202e-20 6.342199e-21
4.653862e+00 2.017222e-20 6.153096e-21
4.654527e+00 1.029297e-20 7.234385e-21
4.655192e+00 -1.542679e-20 5.858135e-21
4.655857e+00 2.244759e-21 5.897830e-21
4.656522e+00 6.016353e-20 6.411156e-21
4.657187e+00 5.255047e-20 7.396031e-21
4.657852e+00 4.280655e-20 6.478131e-21
4.658517e+00 -2.561782e-20 6.920223e-21
4.659182e+00 -7.029534e-20 6.865360e-21
4.659847e+00 3.674659e-20 6.593007e-21
4.660512e+00 3.205013e-20 6.848542e-21
4.661177e+00 1.956853e-20 6.019774e-21
4.661842e+00 -1.752753e-20 6.689195e-21
4.662507e+00 4.172449e-21 6.720798e-21
4.663172e+00 -2.911610e-20 6.219876e-21
4.663837e+00 -1.123742e-20 6.365194e-21
4.664502e+00 1.172915e-20 7.370840e-21
4.665167e+00 5.806953e-20 7.907539e-21
4.665832e+00 -3.729116e-20 6.833817e-21
4.666497e+00 6.394372e-20 5.978364e-21
4.667162e+00 5.870132e-20 6.243981e-21
4.667827e+00 1.215801e-20 6.587457e-21
4.668492e+00 5.141895e-21 6.023577e-21
4.669157e+00 2.520815e-20 5.823407e-21
4.669822e+00 5.518990e-20 6.537058e-21
4.670487e+00 3.661700e-20 5.741486e-21
4.671152e+00 -3.569888e-22 5.384866e-21
4.671817e+00 -1.386773e-20 5.513473e-21
4.672482e+00 -9.675288e-21 6.245214e-21
4.673147e+00 4.206273e-20 6.615843e-21
4.673812e+00 6.176536e-20 5.916153e-21
4.674477e+00 6.883266e-20 6.252012e-21
4.675142e+00 5.253115e-20 6.071279e-21
4.675807e+00 6.640636e-21 6.238434e-21
4.676472e+00 -6.809316e-21 7.563340e-21
4.677137e+00 -2.359149e-20 7.170200e-21
4.677802e+00 9.608963e-20 5.697867e-21
4.678467e+00 5.875422e-20 6.253452e-21
4.679132e+00 8.418183e-20 6.096548e-21
4.679797e+00 5.615361e-20 5.840699e-21
4.680462e+00 -3.355130e-20 7.393460e-21
4.681127e+00 -1.813534e-20 6.302149e-21
4.681792e+00 9.185895e-21 5.968844e-21
4.682457e+00 6.592136e-20 6.259086e-21
4.683122e+00 5.246058e-20 6.402268e-21
4.683787e+00 -2.372320e-20 6.591122e-21
4.684452e+00 2.840539e-20 6.444226e-21
4.685117e+00 -1.008458e-20 5.793613e-21
4.685782e+00 3.611485e-20 6.526345e-21
4.686447e+00 7.912646e-20 6.447281e-21
4.687112e+00 3.389240e-20 5.941884e-21
4.687777e+00 2.229536e-20 6.037090e-21
4.688442e+00 -8.376000e-21 6.473524e-21
4.689107e+00 -2.722437e-20 6.491105e-21
4.689772e+00 3.608760e-20 6.739553e-21
4.690437e+00 3.444248e-20 6.879048e-21
4.691102e+00 6.102221e-20 5.914790e-21
4.691767e+00 6.804495e-20 7.085023e-21
4.692432e+00 3.552727e-20 7.852134e-21
4.693097e+00 5.826156e-20 6.298989e-21
4.693762e+00 5.434891e-20 5.881000e-21
4.694427e+00 2.145368e-20 6.415548e-21
4.695092e+00 3.050168e-20 6.254771e-21
4.695757e+00 5.395461e-20 6.760960e-21
4.696422e+00 8.476646e-20 6.746967e-21
4.697087e+00 1.355896e-19 6.382096e-21
4.697752e+00 8.255844e-20 6.561679e-21
4.698417e+00 5.810908e-20 5.947559e-21
4.699082e+00 3.233839e-20 6.668809e-21
4.699747e+00 4.083414e-20 6.195641e-21
4.700412e+00 5.113691e-21 6.603922e-21
4.701077e+00 -3.038532e-21 7.617816e-21
4.701742e+00 1.025908e-20 6.327956e-21
4.702407e+00 1.187114e-20 6.046002e-21
4.703072e+00 4.343879e-20 6.993750e-21
4.703737e+00 7.537275e-20 7.558882e-21
4.704402e+00 6.056694e-20 6.105768e-21
4.705067e+00 5.440037e-20 7.255207e-21
4.705732e+00 4.759892e-20 7.089206e-21
4.706397e+00 1.065982e-20 6.849700e-21
4.707062e+00 3.579397e-20 7.144199e-21
4.707727e+00 6.453421e-20 6.594224e-21
4.708392e+00 4.487405e-20 6.333984e-21
4.709057e+00 4.604678e-20 5.897260e-21
4.709722e+00 5.257301e-20 7.073828e-21
4.710387e+00 3.881580e-20 6.533887e-21
4.711052e+00 -9.144195e-21 7.119936e-21
4.711717e+00 6.209117e-20 7.064740e-21
4.712382e+00 5.910203e-20 7.218448e-21
4.713047e+00 4.552845e-20 6.766885e-21
4.713712e+00 1.053438e-19 7.024100e-21
4.714377e+00 1.587134e-20 6.353275e-21
4.715042e+00 7.342600e-20 7.199675e-21
4.715707e+00 3.159209e-20 7.182493e-21
4.716372e+00 3.278102e-20 7.521340e-21
4.717037e+00 -4.841371e-20 6.560216e-21
4.717702e+00 8.579045e-21 6.711019e-21
4.718367e+00 3.778392e-20 6.441513e-21
4.719032e+00 1.519570e-20 9.671624e-21
4.719697e+00 1.096615e-21 6.950047e-21
4.720362e+00 -3.617471e-20 7.030275e-21
4.721027e+00 2.285042e-20 6.627952e-21
4.721692e+00 3.682805e-20 6.920745e-21
4.722357e+00 3.415197e-20 6.522778e-21
4.723022e+00 6.371283e-21 6.506286e-21
4.723687e+00 -1.107848e-21 6.867284e-21
4.724352e+00 2.174783e-20 6.913399e-21
4.725017e+00 6.353221e-20 6.806096e-21
4.725682e+00 2.786845e-20 9.619274e-21
4.726347e+00 -4.643321e-20 7.031695e-21
4.727012e+00 -3.449922e-20 6.516541e-21
4.727677e+00 -7.926537e-21 6.059082e-21
4.728342e+00 2.772486e-20 6.336132e-21
4.729007e+00 -9.298930e-21 6.617826e-21
4.729672e+00 -2.099880e-20 7.451585e-21
4.730337e+00 -7.330382e-20 6.300255e-21
4.731002e+00 4.828959e-20 8.143356e-21
4.731667e+00 6.682919e-20 7.658879e-21
4.732332e+00 6.505783e-20 6.480414e-21
4.732997e+00 2.740071e-21 6.482611e-21
4.733662e+00 -5.890507e-20 5.711893e-21
4.734327e+00 -5.144665e-20 6.126114e-21
4.734992e+00 4.643951e-20 5.736952e-21
4.735657e+00 3.484883e-20 7.250575e-21
4.736322e+00 4.405452e-20 7.330566e-21
4.736987e+00 3.548774e-20 7.997356e-21
4.737652e+00 2.000083e-20 7.000478e-21
4.738317e+00 8.403904e-20 5.653194e-21
4.738982e+00 -8.045971e-22 6.167228e-21
4.739647e+00 7.138271e-20 7.046069e-21
4.740312e+00 8.153139e-20 6.312139e-21
4.740977e+00 -1.857177e-20 6.294107e-21
4.741642e+00 -1.329082e-20 6.852376e-21
4.742307e+00 -1.941981e-20 6.286575e-21
4.742972e+00 3.764093e-20 6.251077e-21
4.743637e+00 -2.880993e-20 6.696491e-21
4.744302e+00 7.473594e-20 9.617073e-21
4.744967e+00 9.553860e-20 6.368126e-21
4.745632e+00 8.813690e-20 6.670418e-21
4.746297e+00 4.905639e-20 6.186345e-21
4.746962e+00 6.417116e-20 6.736089e-21
4.747627e+00 -2.564179e-21 6.090433e-21
4.748292e+00 1.678271e-20 6.257936e-21
4.748957e+00 -3.432525e-21 7.579987e-21
4.749622e+00 3.994813e-20 6.322877e-21
4.750287e+00 6.157660e-20 8.359544e-21
4.750952e+00 3.052153e-20 8.893912e-21
4.751617e+00 4.712883e-20 8.466676e-21
4.752282e+00 1.230203e-19 7.354304e-21
4.752947e+00 2.651417e-20 6.369597e-21
4.753612e+00 5.153839e-20 6.612903e-21
4.754277e+00 5.594788e-21 6.436869e-21
4.754942e+00 7.233865e-21 7.017257e-21
4.755607e+00 -3.051035e-20 6.436645e-21
4.756272e+00 1.596477e-20 6.106949e-21
4.756937e+00 9.658822e-20 7.429361e-21
4.757602e+00 8.928433e-20 6.606192e-21
4.758267e+00 1.553667e-19 6.049494e-21
4.758932e+00 3.155848e-20 6.602465e-21
4.759597e+00 2.289859e-20 6.738741e-21
4.760262e+00 2.725470e-20 6.641548e-21
4.760927e+00 4.412670e-20 6.967193e-21
4.761592e+00 1.286440e-19 6.790380e-21
4.762257e+00 9.805268e-20 6.347577e-21
4.762922e+00 -6.545771e-20 6.900427e-21
4.763587e+00 -1.864007e-20 6.335059e-21
4.764252e+00 -1.016466e-20 5.996227e-21
4.764917e+00 3.464489e-20 6.084882e-21
4.765582e+00 4.005264e-20 6.427237e-21
4.766247e+00 3.805191e-20 6.487793e-21
4.766912e+00 1.577344e-20 6.788032e-21
4.767577e+00 -2.598262e-20 6.695509e-21
4.768242e+00 -5.092023e-20 7.551244e-21
4.768907e+00 5.895739e-20 6.681067e-21
4.769572e+00 5.439464e-20 7.137633e-21
4.770237e+00 1.600644e-20 5.996769e-21
4.770902e+00 -5.874174e-20 6.869577e-21
4.771567e+00 -4.299648e-20 7.745595e-21
4.772232e+00 -3.522042e-20 6.474996e-21
4.772897e+00 2.938281e-20 6.386610e-21
4.773562e+00 2.337619e-20 6.506137e-21
4.774227e+00 4.379928e-20 6.882666e-21
4.774892e+00 9.842532e-20 6.713402e-21
4.775557e+00 1.507603e-19 7.754473e-21
4.776222e+00 8.435860e-20 6.924531e-21
4.776887e+00 -7.295989e-21 7.680834e-21
4.777552e+00 -4.554435e-20 6.318817e-21
4.778217e+00 5.802177e-20 6.771761e-21
4.778882e+00 2.197395e-20 6.659927e-21
4.779547e+00 8.126247e-20 6.920123e-21
4.780212e+00 -6.944706e-20 6.296633e-21
4.780877e+00 -3.012362e-20 6.425129e-21
4.781542e+00 4.126318e-21 7.267987e-21
4.782207e+00 3.726696e-21 6.603665e-21
4.782872e+00 2.701212e-20 7.010974e-21
4.783537e+00 1.614319e-20 6.646306e-21
4.784202e+00 1.221939e-19 6.294090e-21
4.784867e+00 5.141915e-20 7.082930e-21
4.785532e+00 5.002903e-20 7.238075e-21
4.786197e+00 -1.577327e-20 7.557987e-21
4.786862e+00 6.892260e-20 7.267604e-21
4.787527e+00 6.028351e-20 7.450381e-21
4.788192e+00 4.752923e-20 6.659102e-21
4.788857e+00 5.388505e-20 6.655428e-21
4.789522e+00 -2.561332e-21 6.498512e-21
4.790187e+00 -3.872783e-20 5.760743e-21
4.790852e+00 -6.876580e-21 6.628513e-21
4.791517e+00 -3.033759e-21 6.130397e-21
4.792182e+00 1.350607e-21 7.380856e-21
4.792847e+00 1.454878e-20 6.147876e-21
4.793512e+00 -1.118815e-20 6.056626e-21
4.794177e+00 4.358597e-20 6.787385e-21
4.794842e+00 1.703155e-20 7.483350e-21
4.795507e+00 2.606678e-20 7.374111e-21
4.796172e+00 6.379800e-20 6.069010e-21
4.796837e+00 8.796866e-20 7.174775e-21
4.797502e+00 2.031035e-20 6.453743e-21
4.798167e+00 -4.317643e-20 7.258769e-21
4.798832e+00 3.886730e-20 7.072290e-21
4.799497e+00 1.184737e-20 7.328770e-21
4.800162e+00 -7.566110e-21 6.266002e-21
4.800827e+00 6.992850e-20 6.748021e-21
4.801492e+00 1.024997e-19 6.268524e-21
4.802157e+00 7.424960e-20 5.563500e-21
4.802822e+00 4.117847e-20 7.082410e-21
4.803487e+00 5.129049e-20 6.970410e-21
4.804152e+00 1.000902e-19 7.531424e-21
4.804817e+00 3.310238e-20 7.046149e-21
4.805482e+00 1.365902e-20 6.832638e-21
4.806147e+00 -5.058737e-21 7.094488e-21
4.806812e+00 -5.599686e-20 7.197766e-21
4.807477e+00 9.893646e-21 7.136111e-21
4.808142e+00 -1.364692e-20 7.211517e-21
4.808807e+00 4.739575e-20 6.815947e-21
4.809472e+00 9.000809e-20 7.140134e-21
4.810137e+00 3.678594e-20 6.803062e-21
4.810802e+00 -3.025154e-21 8.166873e-21
4.811467e+00 -3.174340e-20 9.823605e-21
4.812132e+00 -1.804726e-20 7.397087e-21
4.812797e+00 6.439423e-20 8.333388e-21
4.813462e+00 1.603817e-20 6.634263e-21
4.814127e+00 -2.276811e-20 6.058112e-21
4.814792e+00 7.463117e-20 7.010585e-21
4.815457e+00 7.135079e-20 6.412007e-21
4.816122e+00 2.828420e-20 7.350117e-21
4.816787e+00 3.095684e-20 7.075141e-21
4.817452e+00 -6.766066e-21 7.452153e-21
4.818117e+00 9.755542e-21 6.362055e-21
4.818782e+00 -1.124324e-20 7.100888e-21
4.819447e+00 -1.267812e-20 6.617372e-21
4.820112e+00 -1.710996e-21 6.930025e-21
4.820777e+00 3.632683e-20 7.779524e-21
4.821442e+00 4.290237e-20 6.717658e-21
4.822107e+00 2.822736e-20 7.528632e-21
4.822772e+00 7.771371e-20 7.735010e-21
4.823437e+00 1.769863e-20 6.469691e-21
4.824102e+00 1.383561e-20 7.111847e-21
4.824767e+00 8.502238e-20 7.003897e-21
4.825432e+00 4.220085e-20 6.602925e-21
4.826097e+00 9.915680e-20 9.875499e-21
4.826762e+00 6.837589e-20 7.960456e-21
4.827427e+00 6.389878e-20 8.154208e-21
4.828092e+00 2.314006e-20 1.105118e-20
4.828757e+00 -3.188832e-20 7.341414e-21
4.829422e+00 -2.674520e-20 7.449081e-21
4.830087e+00 -2.356737e-20 7.033666e-21
4.830752e+00 1.011607e-20 7.511221e-21
4.831417e+00 3.961240e-20 6.882437e-21
4.832082e+00 4.237025e-20 6.642549e-21
4.832747e+00 -3.897618e-20 7.100200e-21
4.833412e+00 -2.558046e-20 7.201674e-21
4.834077e+00 -3.144760e-20 9.065832e-21
4.834742e+00 -6.274838e-23 1.187495e-20
4.835407e+00 4.357577e-20 1.173961e-20
4.836072e+00 -1.106767e-20 1.113018e-20
4.836737e+00 -5.957356e-20 7.883845e-21
4.837402e+00 -2.426893e-20 7.357819e-21
4.838067e+00 3.698788e-20 7.474015e-21
4.838732e+00 1.927267e-20 7.243420e-21
4.839397e+00 1.730036e-20 7.289869e-21
4.840062e+00 -1.672468e-20 1.028999e-20
4.840727e+00 -2.497804e-21 7.791088e-21
4.841392e+00 2.958002e-20 8.600603e-21
4.842057e+00 8.642269e-20 7.424223e-21
4.842722e+00 3.356109e-20 7.773161e-21
4.843387e+00 8.367651e-20 7.375102e-21
4.844052e+00 3.671242e-20 6.513631e-21
4.844717e+00 -1.842224e-20 6.673771e-21
4.845382e+00 -7.071021e-21 6.486047e-21
4.846047e+00 5.163386e-20 6.832808e-21
4.846712e+00 9.257632e-20 6.832776e-21
4.847377e+00 -4.616517e-21 6.653347e-21
4.848042e+00 1.443485e-20 6.214891e-21
4.848707e+00 -4.341461e-20 6.724395e-21
4.849372e+00 4.901249e-20 7.330183e-21
4.850037e+00 1.335267e-19 7.003491e-21
4.850702e+00 1.058115e-19 7.216142e-21
4.851367e+00 8.788892e-20 9.351776e-21
4.852032e+00 5.441428e-21 7.859887e-21
4.852697e+00 5.474825e-20 7.003166e-21
4.853362e+00 7.511484e-20 6.856423e-21
4.854027e+00 -2.329221e-20 7.895745e-21
4.854692e+00 -2.417171e-20 6.386352e-21
4.855357e+00 -6.226588e-20 6.806783e-21
4.856022e+00 2.677961e-20 7.766897e-21
4.856687e+00 -1.019738e-20 7.556822e-21
4.857352e+00 -3.443120e-20 8.910391e-21
4.858017e+00 -1.718158e-21 7.492945e-21
4.858682e+00 2.021053e-20 7.226495e-21
4.859347e+00 -2.012083e-21 8.067401e-21
4.860012e+00 7.881604e-22 8.043653e-21
4.860677e+00 5.001873e-20 7.458803e-21
4.861342e+00 3.175507e-21 7.481687e-21
4.862007e+00 6.219598e-21 7.178739e-21
4.862672e+00 5.889841e-20 7.456925e-21
4.863337e+00 1.194572e-20 7.593973e-21
4.864002e+00 3.835692e-20 7.077849e-21
4.864667e+00 5.373991e-20 7.206435e-21
4.865332e+00 -2.321557e-20 7.163712e-21
4.865997e+00 -3.077547e-20 7.725463e-21
4.866662e+00 2.645687e-20 6.789222e-21
4.867327e+00 9.625239e-21 7.462495e-21
4.867992e+00 5.513086e-20 7.134711e-21
4.868657e+00 7.492691e-20 7.510092e-21
4.869322e+00 3.011258e-20 8.201328e-21
4.869987e+00 5.327200e-20 7.644426e-21
4.870652e+00 5.628580e-20 6.698375e-21
4.871317e+00 7.784330e-20 6.940626e-21
4.871982e+00 6.996506e-20 7.004166e-21
4.872647e+00 3.171376e-20 9.824166e-21
4.873312e+00 4.016341e-20 8.238757e-21
4.873977e+00 4.997024e-20 7.868689e-21
4.874642e+00 1.583226e-19 6.430031e-21
4.875307e+00 9.395984e-20 6.801441e-21
4.875972e+00 4.329279e-20 7.080789e-21
4.876637e+00 1.789364e-20 7.251996e-21
4.877302e+00 1.051231e-19 7.215489e-21
4.877967e+00 8.011243e-20 7.251715e-21
4.878632e+00 1.007191e-19 7.810815e-21
4.879297e+00 8.028743e-20 7.155565e-21
4.879962e+00 4.210691e-20 9.188139e-21
4.880627e+00 -1.484338e-20 6.904812e-21
4.881292e+00 4.428566e-20 7.684091e-21
4.881957e+00 8.180217e-20 8.908597e-21
4.882622e+00 8.031362e-20 9.587264e-21
4.883287e+00 2.068459e-20 7.446875e-21
4.883952e+00 1.652095e-20 7.472005e-21
4.884617e+00 4.477680e-20 7.244536e-21
4.885282e+00 6.000435e-20 8.253535e-21
4.885947e+00 5.126326e-20 6.617882e-21
4.886612e+00 3.265412e-20 6.479409e-21
4.887277e+00 1.050387e-19 7.894167e-21
4.887942e+00 6.373411e-20 7.395014e-21
4.888607e+00 5.302613e-20 7.000339e-21
4.889272e+00 8.459136e-20 7.808716e-21
4.889937e+00 1.142755e-19 7.223102e-21
4.890602e+00 4.413560e-20 7.664164e-21
4.891267e+00 3.644500e-20 6.226204e-21
4.891932e+00 4.144288e-20 7.003101e-21
4.892597e+00 -3.549425e-20 7.124373e-21
4.893262e+00 4.972996e-20 7.413514e-21
4.893927e+00 4.392570e-21 7.299772e-21
4.894592e+00 4.928159e-20 7.811587e-21
4.895257e+00 2.915196e-20 7.545298e-21
4.895922e+00 -2.233878e-20 7.450469e-21
4.896587e+00 6.406295e-20 7.028525e-21
4.897252e+00 5.986460e-20 6.705287e-21
4.897917e+00 1.103666e-19 9.695020e-21
4.898582e+00 3.657596e-20 7.293466e-21
4.899247e+00 1.587451e-20 7.105192e-21
4.899912e+00 9.019642e-21 7.109482e-21
4.900577e+00 -3.172260e-20 7.454181e-21
4.901242e+00 -1.811710e-20 6.969855e-21
4.901907e+00 2.118130e-20 6.408012e-21
4.902572e+00 -6.079800e-21 1.131779e-20
4.903237e+00 5.887303e-20 6.741255e-21
4.903902e+00 6.734905e-20 6.769584e-21
4.904567e+00 1.516876e-20 6.621982e-21
4.905232e+00 -4.599298e-20 8.116465e-21
4.905897e+00 -2.188504e-20 7.432830e-21
4.906562e+00 1.770893e-20 8.541175e-21
4.907227e+00 8.775124e-20 6.933960e-21
4.907892e+00 1.293683e-20 7.959946e-21
4.908557e+00 6.829242e-21 6.829425e-21
4.909222e+00 -3.268308e-20 6.704781e-21
4.909887e+00 -4.635178e-20 6.493327e-21
4.910552e+00 -2.024200e-20 6.971074e-21
4.911217e+00 2.932049e-20 6.409798e-21
4.911882e+00 6.158994e-21 6.947825e-21
4.912547e+00 -4.587267e-20 6.776457e-21
4.913212e+00 2.421639e-20 6.798964e-21
4.913877e+00 4.882923e-20 7.281500e-21
4.914542e+00 2.566462e-20 6.887487e-21
4.915207e+00 -3.212035e-20 6.925679e-21
4.915872e+00 1.660660e-20 6.830883e-21
4.916537e+00 -6.542976e-20 7.302200e-21
4.917202e+00 2.674073e-20 7.640294e-21
4.917867e+00 3.496015e-20 7.757877e-21
4.918532e+00 2.535963e-20 1.000502e-20
4.919197e+00 1.051256e-20 9.882988e-21
4.919862e+00 5.961978e-21 6.404769e-21
4.920527e+00 3.335164e-20 6.778272e-21
4.921192e+00 5.014988e-20 7.395448e-21
4.921857e+00 7.686531e-20 6.800650e-21
4.922522e+00 2.924321e-20 6.618188e-21
4.923187e+00 8.557904e-20 6.340751e-21
4.923852e+00 3.474262e-20 6.795792e-21
4.924517e+00 7.147032e-20 7.151820e-21
4.925182e+00 2.660110e-20 7.173907e-21
4.925847e+00 3.743812e-20 7.029510e-21
4.926512e+00 1.147169e-19 6.461933e-21
4.927177e+00 4.620557e-20 6.298877e-21
4.927842e+00 -8.075909e-22 6.908864e-21
4.928507e+00 5.158539e-20 7.000357e-21
4.929172e+00 1.088289e-19 7.440265e-21
4.929837e+00 -8.578527e-21 6.586561e-21
4.930502e+00 1.318041e-19 6.731838e-21
4.931167e+00 7.182141e-20 7.140806e-21
4.931832e+00 4.372562e-20 6.904757e-21
4.932497e+00 1.402519e-20 6.521955e-21
4.933162e+00 3.949622e-20 6.942406e-21
4.933827e+00 -4.702333e-21 7.255443e-21
4.934492e+00 -1.933819e-20 8.802883e-21
4.935157e+00 4.306026e-22 7.849048e-21
4.935822e+00 2.124997e-20 8.524001e-21
4.936487e+00 1.148073e-19 7.544054e-21
4.937152e+00 1.242810e-19 7.942657e-21
4.937817e+00 1.159832e-19 6.537166e-21
4.938482e+00 8.529931e-20 6.905082e-21
4.939147e+00 1.324064e-20 6.813145e-21
4.939812e+00 1.079355e-20 7.458109e-21
4.940477e+00 3.345416e-20 6.841214e-21
4.941142e+00 1.138498e-20 6.805599e-21
4.941807e+00 2.234311e-20 6.693918e-21
4.942472e+00 1.537608e-20 6.376468e-21
4.943137e+00 1.962040e-20 6.723994e-21
4.943802e+00 5.105631e-20 6.747741e-21
4.944467e+00 6.517160e-20 6.888470e-21
4.945132e+00 -4.854916e-21 7.720370e-21
4.945797e+00 -1.836872e-20 7.717658e-21
4.946462e+00 2.686840e-20 7.528245e-21
4.947127e+00 2.909788e-20 6.892824e-21
4.947792e+00 1.441495e-19 6.896137e-21
4.948457e+00 7.751012e-20 6.730739e-21
4.949122e+00 1.848166e-20 6.499141e-21
4.949787e+00 3.672738e-20 7.254526e-21
4.950452e+00 9.336234e-20 7.354813e-21
4.951117e+00 6.844088e-20 6.592165e-21
4.951782e+00 -1.350989e-21 6.947810e-21
4.952447e+00 -7.324304e-20 7.842582e-21
4.953112e+00 2.228594e-20 7.360075e-21
4.953777e+00 2.061929e-20 7.228027e-21
4.954442e+00 -4.075670e-20 6.366665e-21
4.955107e+00 -5.435461e-22 6.603264e-21
4.955772e+00 8.360039e-20 7.824466e-21
4.956437e+00 3.305631e-20 7.615227e-21
4.957102e+00 2.290053e-20 6.858013e-21
4.957767e+00 1.452009e-21 6.758925e-21
4.958432e+00 3.365397e-20 7.737397e-21
4.959097e+00 1.934829e-20 6.578912e-21
4.959762e+00 1.508872e-20 6.357002e-21
4.960427e+00 5.840317e-20 6.361866e-21
4.961092e+00 5.462959e-20 6.759789e-21
4.961757e+00 6.658212e-20 6.980146e-21
4.962422e+00 1.042397e-20 7.409169e-21
4.963087e+00 4.682531e-20 6.886036e-21
4.963752e+00 1.601750e-20 6.960112e-21
4.964417e+00 4.529913e-21 7.743034e-21
4.965082e+00 -2.858923e-20 8.363848e-21
4.965747e+00 -2.220952e-20 7.817584e-21
4.966412e+00 -8.323230e-20 8.162732e-21
4.967077e+00 7.505755e-20 6.563056e-21
4.967742e+00 9.045577e-20 6.074180e-21
4.968407e+00 7.119498e-20 6.572037e-21
4.969072e+00 8.285276e-20 6.903057e-21
4.969737e+00 6.960213e-20 6.312100e-21
4.970402e+00 4.357124e-20 6.676411e-21
4.971067e+00 2.257340e-20 7.062322e-21
4.971732e+00 2.625813e-20 6.493688e-21
4.972397e+00 -2.162362e-20 7.480066e-21
4.973062e+00 -2.511365e-20 6.775367e-21
4.973727e+00 2.330551e-20 6.870415e-21
4.974392e+00 7.548354e-20 6.900402e-21
4.975057e+00 2.272742e-20 2.119240e-20
4.975722e+00 -1.213762e-20 9.453189e-21
4.976387e+00 1.926074e-20 7.317749e-21
4.977052e+00 2.334978e-20 7.022678e-21
4.977717e+00 7.978513e-20 7.722358e-21
4.978382e+00 2.177297e-20 7.308389e-21
4.979047e+00 -4.328094e-20 7.441421e-21
4.979712e+00 -9.069546e-22 6.968537e-21
4.980377e+00 2.065226e-20 7.165606e-21
4.981042e+00 3.626664e-20 7.256041e-21
4.981707e+00 1.197160e-19 6.856228e-21
4.982372e+00 1.414520e-19 7.027225e-21
4.983037e+00 2.652015e-20 7.492018e-21
4.983702e+00 2.897617e-20 6.493672e-21
4.984367e+00 4.016580e-20 6.679210e-21
4.985032e+00 3.558256e-20 6.685687e-21
4.985697e+00 5.955692e-21 6.803117e-21
4.986362e+00 7.574416e-20 7.610550e-21
4.987027e+00 6.825056e-20 6.446216e-21
4.987692e+00 1.623635e-20 8.128596e-21
4.988357e+00 7.308893e-20 7.140063e-21
4.989022e+00 9.200217e-20 8.356990e-21
4.989687e+00 -3.545852e-21 7.282743e-21
4.990352e+00 6.316476e-22 1.218066e-20
4.991017e+00 4.662012e-21 7.017471e-21
4.991682e+00 1.060403e-19 7.142622e-21
4.992347e+00 9.405777e-20 7.930900e-21
4.993012e+00 4.153800e-20 7.642406e-21
4.993677e+00 8.885339e-20 7.324006e-21
4.994342e+00 -1.850150e-20 8.124880e-21
4.995007e+00 -5.572525e-21 6.811092e-21
4.995672e+00 3.978519e-20 6.519542e-21
4.996337e+00 2.209664e-20 6.749590e-21
4.997002e+00 7.707268e-20 7.168049e-21
4.997667e+00 1.658382e-20 7.440217e-21
4.998332e+00 8.600418e-20 9.027025e-21
4.998997e+00 4.222481e-20 2.108170e-20
4.999662e+00 -1.240863e-20 8.293914e-21
5.000327e+00 1.035935e-20 1.168720e-20
5.000992e+00 3.013298e-20 8.232485e-21
5.001657e+00 7.361030e-20 7.298266e-21
5.002322e+00 4.841589e-21 8.043722e-21
5.002987e+00 5.186234e-20 6.944873e-21
5.003652e+00 3.899279e-20 7.140496e-21
5.004317e+00 -5.655960e-21 7.285595e-21
5.004982e+00 -1.073524e-20 7.891350e-21
5.005647e+00 3.916002e-20 7.451828e-21
5.006312e+00 -1.608902e-22 7.576953e-21
5.006977e+00 1.820879e-20 7.301284e-21
5.007642e+00 1.199342e-20 9.046380e-21
5.008307e+00 5.083449e-20 9.157779e-21
5.008972e+00 2.071176e-20 8.069328e-21
5.009637e+00 5.458000e-20 9.923274e-21
5.010302e+00 3.125472e-20 8.354701e-21
5.010967e+00 4.797967e-20 8.119393e-21
5.011632e+00 3.262381e-20 7.507291e-21
5.012297e+00 2.942497e-20 8.420457e-21
5.012962e+00 -4.749708e-20 6.930521e-21
5.013627e+00 2.125698e-20 7.526888e-21
5.014292e+00 1.119267e-20 7.789546e-21
5.014957e+00 4.007945e-20 7.548396e-21
5.015622e+00 9.401457e-20 6.763386e-21
5.016287e+00 4.956190e-20 7.195098e-21
5.016952e+00 2.916390e-20 8.642333e-21
5.017617e+00 3.899121e-20 8.956785e-21
5.018282e+00 -3.921564e-20 8.230426e-21
5.018947e+00 6.520109e-20 7.252430e-21
5.019612e+00 7.568019e-20 7.698014e-21
5.020277e+00 7.262157e-20 7.530690e-21
5.020942e+00 3.158684e-20 7.573079e-21
5.021607e+00 -2.151853e-20 6.879549e-21
5.022272e+00 2.321320e-20 7.180210e-21
5.022937e+00 4.937205e-20 7.287292e-21
5.023602e+00 9.801121e-20 7.541626e-21
5.024267e+00 1.818041e-20 7.537501e-21
5.024932e+00 9.227956e-20 7.463858e-21
5.025597e+00 1.182451e-19 7.236974e-21
5.026262e+00 4.752808e-20 7.673304e-21
5.026927e+00 -6.873454e-21 7.874237e-21
5.027592e+00 -7.262363e-21 8.059872e-21
5.028257e+00 1.145509e-19 7.906627e-21
5.028922e+00 1.388337e-19 7.058703e-21
5.029587e+00 -3.655990e-20 7.253545e-21
5.030252e+00 7.996092e-20 6.338251e-21
5.030917e+00 -2.819282e-20 9.203861e-21
5.031582e+00 2.650269e-20 7.194321e-21
5.032247e+00 -7.341535e-20 7.198923e-21
5.032912e+00 -8.478982e-20 7.000478e-21
5.033577e+00 5.838699e-20 7.285608e-21
5.034242e+00 6.949293e-20 7.636482e-21
5.034907e+00 -2.407597e-20 7.805554e-21
5.035572e+00 6.325898e-21 7.498304e-21
5.036237e+00 1.541357e-20 6.882289e-21
5.036902e+00 -3.925078e-20 7.636288e-21
5.037567e+00 1.642419e-21 6.508494e-21
5.038232e+00 2.178438e-20 6.601065e-21
5.038897e+00 -9.395591e-20 7.505174e-21
5.039562e+00 6.238192e-20 7.308888e-21
5.040227e+00 3.286361e-20 7.644668e-21
5.040892e+00 1.299441e-20 7.004644e-21
5.041557e+00 -5.161349e-20 6.572794e-21
5.042222e+00 1.285551e-20 6.658734e-21
5.042887e+00 9.459429e-20 7.723428e-21
5.043552e+00 3.906215e-20 6.989608e-21
5.044217e+00 1.185669e-20 7.423249e-21
5.044882e+00 4.307079e-20 7.541487e-21
5.045547e+00 -1.927684e-21 6.868074e-21
5.046212e+00 3.535195e-20 7.732178e-21
5.046877e+00 2.575614e-20 6.948706e-21
5.047542e+00 9.916800e-20 8.705465e-21
5.048207e+00 1.130462e-19 9.297222e-21
5.048872e+00 5.675470e-20 8.013802e-21
5.049537e+00 8.744914e-20 6.888308e-21
5.050202e+00 1.010202e-20 7.030603e-21
5.050867e+00 3.582885e-20 1.113751e-20
5.051532e+00 1.260858e-19 9.159314e-21
5.052197e+00 1.289267e-19 7.079132e-21
5.052862e+00 2.461788e-20 7.338564e-21
5.053527e+00 1.454709e-19 6.688393e-21
5.054192e+00 3.605978e-20 7.045435e-21
5.054857e+00 9.159143e-21 6.844042e-21
5.055522e+00 6.062009e-20 7.952619e-21
5.056187e+00 7.460218e-21 6.870344e-21
5.056852e+00 4.644490e-20 8.029971e-21
5.057517e+00 6.030980e-20 6.524322e-21
5.058182e+00 5.557202e-20 6.397835e-21
5.058847e+00 1.059843e-20 7.450076e-21
5.059512e+00 2.227032e-20 7.149161e-21
5.060177e+00 2.190155e-20 7.111212e-21
5.060842e+00 5.077974e-20 6.447736e-21
5.061507e+00 -2.528224e-22 7.250011e-21
5.062172e+00 -3.048747e-21 7.171670e-21
5.062837e+00 9.447957e-20 6.230482e-21
5.063502e+00 8.660330e-20 7.433173e-21
5.064167e+00 9.305303e-20 7.787132e-21
5.064832e+00 5.312679e-21 7.499753e-21
5.065497e+00 8.609237e-20 6.483962e-21
5.066162e+00 2.824210e-20 6.382996e-21
5.066827e+00 -7.359920e-21 6.739733e-21
5.067492e+00 6.760201e-21 6.906434e-21
5.068157e+00 2.024787e-20 6.484799e-21
5.068822e+00 9.606255e-20 6.955627e-21
5.069487e+00 8.927441e-20 7.170756e-21
5.070152e+00 1.661264e-19 7.688112e-21
5.070817e+00 6.866056e-20 7.200528e-21
5.071482e+00 6.386603e-20 7.265308e-21
5.072147e+00 1.198295e-20 6.493449e-21
5.072812e+00 -1.986597e-20 6.788879e-21
5.073477e+00 9.688715e-21 6.892970e-21
5.074142e+00 2.779011e-20 6.402970e-21
5.074807e+00 1.510613e-21 6.954295e-21
5.075472e+00 -5.258999e-21 7.264594e-21
5.076137e+00 1.164709e-19 7.127762e-21
5.076802e+00 1.039395e-19 6.979380e-21
5.077467e+00 5.515591e-20 9.697831e-21
5.078132e+00 -1.546517e-20 7.096249e-21
5.078797e+00 -1.995993e-20 6.857032e-21
5.079462e+00 1.739538e-20 6.045500e-21
5.080127e+00 8.127983e-20 6.496407e-21
5.080792e+00 7.856154e-20 7.499004e-21
5.081457e+00 -5.820933e-22 9.370348e-21
5.082122e+00 -1.274378e-20 7.136472e-21
5.082787e+00 -2.318695e-20 6.746832e-21
5.083452e+00 2.830085e-20 6.540811e-21
5.084117e+00 -4.604016e-20 6.222916e-21
5.084782e+00 -3.605218e-20 6.784410e-21
5.085447e+00 4.615414e-20 6.175741e-21
5.086112e+00 2.700933e-20 6.945409e-21
5.086777e+00 2.898026e-20 7.126010e-21
5.087442e+00 1.170302e-19 6.952350e-21
5.088107e+00 6.465944e-20 7.289872e-21
5.088772e+00 1.051630e-19 6.902375e-21
5.089437e+00 5.368239e-20 7.316277e-21
5.090102e+00 -4.174774e-21 7.280053e-21
5.090767e+00 2.139030e-20 7.311211e-21
5.091432e+00 2.895082e-20 7.158535e-21
5.092097e+00 1.223268e-19 7.168633e-21
5.092762e+00 1.307421e-19 7.313699e-21
5.093427e+00 6.887829e-20 8.053527e-21
5.094092e+00 7.787499e-20 7.499516e-21
5.094757e+00 6.601766e-20 7.123339e-21
5.095422e+00 -2.284443e-20 9.295885e-21
5.096087e+00 -3.725092e-21 7.772014e-21
5.096752e+00 -1.129617e-20 7.640694e-21
5.097417e+00 6.939891e-20 6.426493e-21
5.098082e+00 8.446109e-20 7.120891e-21
5.098747e+00 1.960622e-20 7.303853e-21
5.099412e+00 1.155431e-20 8.010184e-21
5.100077e+00 8.508534e-20 7.118240e-21
5.100742e+00 9.250303e-20 6.907828e-21
5.101407e+00 1.060086e-19 7.748399e-21
5.102072e+00 1.190999e-19 1.225858e-20
5.102737e+00 -2.013970e-20 7.643978e-21
5.103402e+00 4.736108e-20 6.910677e-21
5.104067e+00 2.428588e-20 6.803199e-21
5.104732e+00 6.139802e-20 7.373134e-21
5.105397e+00 6.125545e-20 6.983717e-21
5.106062e+00 8.193564e-20 7.871315e-21
5.106727e+00 6.438472e-20 7.190801e-21
5.107392e+00 3.993312e-20 7.503990e-21
5.108057e+00 3.428869e-20 8.526878e-21
5.108722e+00 9.277216e-20 9.433412e-21
5.109387e+00 1.192098e-19 7.847602e-21
5.110052e+00 8.175751e-20 7.370523e-21
5.110717e+00 4.457667e-20 6.594932e-21
5.111382e+00 -1.364708e-20 7.012306e-21
5.112047e+00 5.253564e-20 7.217373e-21
5.112712e+00 6.546801e-20 7.369127e-21
5.113377e+00 9.197279e-20 7.387378e-21
5.114042e+00 6.748243e-20 7.466919e-21
5.114707e+00 2.785822e-20 1.077498e-20
5.115372e+00 6.108431e-20 7.062141e-21
5.116037e+00 1.174431e-19 7.373435e-21
5.116702e+00 7.210948e-21 7.518530e-21
5.117367e+00 1.370205e-20 7.739939e-21
5.118032e+00 1.120493e-19 7.134025e-21
5.118697e+00 1.140763e-19 6.615283e-21
5.119362e+00 1.093951e-19 9.081834e-21
5.120027e+00 8.989987e-20 7.910506e-21
5.120692e+00 3.608332e-20 7.519481e-21
5.121357e+00 9.242809e-21 7.624561e-21
5.122022e+00 5.351702e-20 8.338408e-21
5.122687e+00 1.052148e-19 6.904278e-21
5.123352e+00 1.866767e-19 7.617384e-21
5.124017e+00 1.046132e-19 7.827215e-21
5.124682e+00 9.133773e-20 7.831326e-21
5.125347e+00 1.508107e-19 7.885806e-21
5.126012e+00 1.089350e-19 7.386846e-21
5.126677e+00 9.833413e-20 7.219688e-21
5.127342e+00 1.402469e-20 7.831533e-21
5.128007e+00 2.362930e-20 7.448803e-21
5.128672e+00 8.673081e-20 7.478929e-21
5.129337e+00 9.628409e-20 7.756301e-21
5.130002e+00 1.174979e-19 7.181907e-21
5.130667e+00 1.269053e-19 7.341959e-21
5.131332e+00 7.658983e-20 7.787749e-21
5.131997e+00 1.025587e-19 7.867262e-21
5.132662e+00 7.984866e-20 7.422117e-21
5.133327e+00 1.196672e-19 8.872716e-21
5.133992e+00 4.437819e-20 7.457445e-21
5.134657e+00 4.957056e-20 8.159322e-21
5.135322e+00 1.059852e-19 8.836965e-21
5.135987e+00 1.754484e-19 7.791741e-21
5.136652e+00 1.166967e-19 7.766388e-21
5.137317e+00 8.238909e-20 7.677944e-21
5.137982e+00 1.468187e-19 7.733725e-21
5.138647e+00 1.002916e-19 7.679300e-21
5.139312e+00 1.301290e-19 9.055301e-21
5.139977e+00 1.417961e-19 1.747351e-20
5.140642e+00 1.302906e-19 1.238628e-20
5.141307e+00 1.475925e-19 2.045345e-20
5.141972e+00 1.543287e-19 7.724644e-21
5.142637e+00 7.533450e-20 7.512840e-21
5.143302e+00 1.338953e-19 7.727241e-21
5.143967e+00 1.008786e-19 7.845784e-21
5.144632e+00 1.002633e-19 7.780754e-21
5.145297e+00 1.118126e-19 7.842678e-21
5.145962e+00 4.850146e-20 7.270828e-21
5.146627e+00 4.839064e-20 7.766146e-21
5.147292e+00 6.537165e-20 9.256507e-21
5.147957e+00 2.677166e-19 7.716361e-21
5.148622e+00 1.619851e-19 7.194182e-21
5.149287e+00 1.086556e-19 7.229122e-21
5.149952e+00 1.491735e-19 7.250808e-21
5.150617e+00 1.150547e-19 7.162941e-21
5.151282e+00 1.159022e-19 7.462708e-21
5.151947e+00 7.356273e-20 7.935750e-21
5.152612e+00 6.665419e-20 7.344167e-21
5.153277e+00 1.967278e-19 7.877632e-21
5.153942e+00 1.632728e-19 8.381723e-21
5.154607e+00 2.104121e-19 8.075664e-21
5.155272e+00 1.886510e-19 7.109391e-21
5.155937e+00 2.570408e-19 8.212764e-21
5.156602e+00 1.294434e-19 7.667541e-21
5.157267e+00 1.436514e-19 7.453528e-21
5.157932e+00 1.897775e-19 7.313009e-21
5.158597e+00 1.938986e-19 7.244231e-21
5.159262e+00 2.748142e-19 7.547725e-21
5.159927e+00 2.326091e-19 8.315946e-21
5.160592e+00 1.422882e-19 7.287911e-21
5.161257e+00 3.625933e-20 7.272748e-21
5.161922e+00 8.399506e-20 8.426732e-21
5.162587e+00 1.654571e-19 7.844992e-21
5.163252e+00 1.494941e-19 7.836285e-21
5.163917e+00 7.999003e-20 7.138962e-21
5.164582e+00 1.254897e-19 7.502456e-21
5.165247e+00 7.229035e-20 7.252525e-21
5.165912e+00 5.247055e-20 7.439916e-21
5.166577e+00 5.132675e-20 8.242801e-21
5.167242e+00 8.261010e-20 8.032068e-21
5.167907e+00 1.411994e-19 1.954341e-20
5.168572e+00 8.370388e-20 3.562410e-20
5.169237e+00 8.308912e-20 8.126156e-21
5.169902e+00 7.994436e-20 7.450681e-21
5.170567e+00 1.223150e-19 8.009901e-21
5.171232e+00 1.840379e-19 9.561900e-21
5.171897e+00 1.155808e-19 7.187309e-21
5.172562e+00 5.715838e-20 7.438386e-21
5.173227e+00 1.215394e-19 7.899952e-21
5.173892e+00 2.692792e-20 7.545029e-21
5.174557e+00 4.373176e-20 7.593018e-21
5.175222e+00 1.098601e-19 7.241816e-21
5.175887e+00 1.246879e-19 7.032287e-21
5.176552e+00 1.407652e-19 7.609935e-21
5.177217e+00 1.550280e-19 8.205361e-21
5.177882e+00 3.776133e-20 7.314332e-21
5.178547e+00 1.136409e-20 7.254955e-21
5.179212e+00 4.617092e-20 8.187264e-21
5.179877e+00 7.778584e-20 7.728965e-21
5.180542e+00 5.479185e-20 7.419185e-21
5.181207e+00 2.302465e-20 7.864257e-21
5.181872e+00 1.085620e-19 6.918589e-21
5.182537e+00 9.928326e-20 7.598518e-21
5.183202e+00 5.573773e-20 8.545123e-21
5.183867e+00 2.316166e-20 9.908294e-21
5.184532e+00 6.001805e-20 1.042819e-20
5.185197e+00 3.749444e-21 7.146177e-21
5.185862e+00 -3.232605e-20 7.447129e-21
5.186527e+00 -1.553804e-20 7.725073e-21
5.187192e+00 3.316346e-20 7.709090e-21
5.187857e+00 4.661406e-20 7.867615e-21
5.188522e+00 2.366068e-20 7.324576e-21
5.189187e+00 -7.105254e-21 7.779639e-21
5.189852e+00 9.737142e-20 7.318466e-21
5.190517e+00 7.380393e-20 7.525458e-21
5.191182e+00 5.222180e-20 8.021591e-21
5.191847e+00 5.063274e-22 7.589133e-21
5.192512e+00 -2.261687e-20 7.658571e-21
5.193177e+00 2.682941e-20 7.404878e-21
5.193842e+00 9.868558e-20 7.391933e-21
5.194507e+00 8.601790e-20 8.948406e-21
5.195172e+00 1.208718e-19 9.026842e-21
5.195837e+00 6.731295e-20 8.481247e-21
5.196502e+00 6.633199e-20 7.281507e-21
5.197167e+00 2.626623e-20 7.364512e-21
5.197832e+00 7.513122e-21 7.178789e-21
5.198497e+00 -1.133824e-20 7.793249e-21
5.199162e+00 1.341785e-20 7.093851e-21
5.199827e+00 3.445647e-20 7.500221e-21
5.200492e+00 4.990105e-20 8.299510e-21
5.201157e+00 1.776640e-20 7.734548e-21
5.201822e+00 8.489861e-20 9.671145e-21
5.202487e+00 1.115948e-19 8.880543e-21
5.203152e+00 1.891295e-20 8.108079e-21
5.203817e+00 2.015429e-20 1.120126e-20
5.204482e+00 1.149219e-19 7.959272e-21
5.205147e+00 1.197944e-19 8.131029e-21
5.205812e+00 -1.522019e-20 7.307796e-21
5.206477e+00 3.105269e-20 8.121713e-21
5.207142e+00 4.790642e-20 7.620816e-21
5.207807e+00 -4.169540e-20 7.370607e-21
5.208472e+00 9.346664e-20 1.011069e-20
5.209137e+00 8.823769e-20 8.434364e-21
5.209802e+00 1.051722e-19 7.983242e-21
5.210467e+00 9.967649e-20 7.982989e-21
5.211132e+00 8.819509e-21 9.897756e-21
5.211797e+00 6.451264e-21 8.105919e-21
5.212462e+00 3.181938e-20 7.758576e-21
5.213127e+00 7.682762e-20 7.919017e-21
5.213792e+00 7.640303e-20 8.782988e-21
5.214457e+00 4.757464e-20 8.088490e-21
5.215122e+00 9.345911e-20 7.728022e-21
5.215787e+00 7.513344e-20 8.366597e-21
5.216452e+00 9.866084e-20 7.606608e-21
5.217117e+00 5.479773e-20 7.735925e-21
5.217782e+00 -8.376356e-23 7.909910e-21
5.218447e+00 6.732589e-20 8.224127e-21
5.219112e+00 1.352034e-19 7.719828e-21
5.219777e+00 9.842998e-20 7.994809e-21
5.220442e+00 2.454371e-20 7.534860e-21
5.221107e+00 -1.602282e-20 8.776115e-21
5.221772e+00 7.709731e-20 8.435003e-21
5.222437e+00 2.762768e-20 8.214379e-21
5.223102e+00 1.282861e-19 7.678184e-21
5.223767e+00 9.471713e-20 7.850306e-21
5.224432e+00 2.643959e-20 8.142947e-21
5.225097e+00 1.033573e-19 8.059397e-21
5.225762e+00 -4.135676e-20 9.278717e-21
5.226427e+00 -1.092216e-20 7.619337e-21
5.227092e+00 3.411333e-20 7.912715e-21
5.227757e+00 4.647500e-20 7.689492e-21
5.228422e+00 2.516158e-20 8.062946e-21
5.229087e+00 1.412964e-20 7.900288e-21
5.229752e+00 7.662601e-21 7.229740e-21
5.230417e+00 8.010561e-20 7.671836e-21
5.231082e+00 4.653327e-20 8.834995e-21
5.231747e+00 4.505664e-20 8.975211e-21
5.232412e+00 3.080374e-20 7.698696e-21
5.233077e+00 5.951201e-20 7.724712e-21
5.233742e+00 -3.112151e-20 8.633726e-21
5.234407e+00 4.169832e-20 7.779293e-21
5.235072e+00 1.925764e-20 7.697782e-21
5.235737e+00 7.380970e-20 7.073693e-21
5.236402e+00 8.632548e-20 6.818070e-21
5.237067e+00 9.351731e-20 6.689898e-21
5.237732e+00 2.773479e-20 7.548575e-21
5.238397e+00 7.004301e-20 8.080643e-21
5.239062e+00 -3.315929e-20 8.104502e-21
5.239727e+00 -3.809652e-20 7.543963e-21
5.240392e+00 8.231936e-20 6.829396e-21
5.241057e+00 6.598453e-20 7.919047e-21
5.241722e+00 1.210899e-20 7.901344e-21
5.242387e+00 1.140179e-21 7.592809e-21
5.243052e+00 2.847218e-20 7.987146e-21
5.243717e+00 4.174538e-20 7.610161e-21
5.244382e+00 4.693713e-20 7.705433e-21
5.245047e+00 1.498170e-20 7.180862e-21
5.245712e+00 7.226233e-20 8.164230e-21
5.246377e+00 7.198651e-20 7.836895e-21
5.247042e+00 4.806991e-20 7.418343e-21
5.247707e+00 3.910224e-20 8.149463e-21
5.248372e+00 5.810379e-21 6.826131e-21
5.249037e+00 -1.034876e-19 7.752483e-21
5.249702e+00 -4.817183e-20 8.974755e-21
5.250367e+00 6.510374e-20 1.396264e-20
5.251032e+00 9.667847e-20 2.097320e-20
5.251697e+00 6.999633e-20 3.272262e-20
5.252362e+00 5.697121e-20 2.932949e-20
5.253027e+00 6.579399e-20 1.392946e-20
5.253692e+00 4.227825e-21 8.676667e-21
5.254357e+00 7.774495e-21 8.910132e-21
5.255022e+00 1.405126e-20 8.190578e-21
5.255687e+00 -8.094970e-20 7.741964e-21
5.256352e+00 7.537926e-21 9.870142e-21
5.257017e+00 9.446361e-21 8.351069e-21
5.257682e+00 7.772561e-20 7.674598e-21
5.258347e+00 1.182612e-19 8.010882e-21
5.259012e+00 1.700650e-20 9.472762e-21
5.259677e+00 -1.390681e-20 8.900521e-21
5.260342e+00 7.063705e-20 7.929653e-21
5.261007e+00 6.185376e-21 8.694785e-21
5.261672e+00 2.031177e-20 8.432914e-21
5.262337e+00 4.652248e-20 8.042799e-21
5.263002e+00 5.283144e-20 8.230137e-21
5.263667e+00 1.709954e-20 7.906758e-21
5.264332e+00 1.592720e-20 8.762309e-21
5.264997e+00 -2.333316e-20 8.526982e-21
5.265662e+00 3.176106e-20 8.463390e-21
5.266327e+00 5.932695e-20 8.828457e-21
5.266992e+00 2.006643e-20 8.674233e-21
5.267657e+00 3.600829e-20 7.863490e-21
5.268322e+00 2.773986e-20 7.732844e-21
5.268987e+00 2.059820e-20 8.853225e-21
5.269652e+00 7.893603e-20 1.474704e-20
5.270317e+00 nan nan
