Wavelength_um Flux_erg_s_cm2_A Err
2.870332385558867827e+00 -3.212432358311571411e-20 4.007630657374223513e-21
2.870997385558439419e+00 -8.044122513675138595e-21 3.214627404503992880e-21
2.871662385558011010e+00 1.330955433129782189e-20 3.059571923374190545e-21
2.872327385557582602e+00 9.085986003487252287e-21 2.990832492743355592e-21
2.872992385557154194e+00 5.836689845174278394e-21 3.293247787032004271e-21
2.873657385556725785e+00 1.464745425945630091e-20 3.034992975548109291e-21
2.874322385556297377e+00 -3.020158153569832786e-21 3.161909791124019936e-21
2.874987385555868968e+00 -9.038797502804039549e-21 3.171014753521304437e-21
2.875652385555440560e+00 7.243303588750187315e-21 2.970105067188042401e-21
2.876317385555012152e+00 1.349488332298729864e-21 2.813217632108961357e-21
2.876982385554583743e+00 1.593932591701990905e-21 3.294812544993693753e-21
2.877647385554155335e+00 3.712923101089256492e-21 3.299890698907680177e-21
2.878312385553726926e+00 2.431736511718871760e-21 3.170458142128890447e-21
2.878977385553298518e+00 -8.268829179310968001e-22 2.800059001762552589e-21
2.879642385552870110e+00 7.973693493891993609e-21 3.266828002011113110e-21
2.880307385552441701e+00 -2.995431000209837336e-21 2.192348815187721514e-20
2.880972385552013293e+00 -1.057557421100442286e-20 8.407935977347578805e-21
2.881637385551584885e+00 3.296968212429049704e-21 2.806459323331887868e-21
2.882302385551156476e+00 1.612281291140624692e-21 3.306372370670394167e-21
2.882967385550728068e+00 -1.235849526279433229e-21 3.204608041956806501e-21
2.883632385550299659e+00 -2.191055857570413177e-20 3.384070706155307982e-21
2.884297385549871251e+00 -6.737086938211303453e-22 2.659896883174913658e-21
2.884962385549442843e+00 5.631990618582603030e-21 2.444744232916428266e-21
2.885627385549014434e+00 1.294338512577171200e-20 3.524914220277051025e-21
2.886292385548586026e+00 1.005245340345587573e-20 2.935847387665363447e-21
2.886957385548157617e+00 5.312388434607784870e-22 2.992662477890801359e-21
2.887622385547729209e+00 7.444775825023680219e-21 2.670459470301275872e-21
2.888287385547300801e+00 -1.763519314755604961e-21 2.577609565554670204e-21
2.888952385546872392e+00 2.461423229767077195e-21 3.278598873684745259e-21
2.889617385546443984e+00 4.443643603549283960e-21 3.111538356920257427e-21
2.890282385546015576e+00 -7.399020911303423942e-21 3.151854933977393798e-21
2.890947385545587167e+00 1.802177667694792527e-20 4.023250997611768199e-21
2.891612385545158759e+00 1.318063907940809445e-21 3.230305837516326290e-21
2.892277385544730350e+00 1.037005057523836812e-21 2.843831044960404158e-21
2.892942385544301942e+00 1.230876769917854676e-20 3.675466721895071755e-21
2.893607385543873534e+00 -5.495682436470837814e-22 2.994478163732601839e-21
2.894272385543445125e+00 2.401116461598700061e-21 2.776031689939904300e-21
2.894937385543016717e+00 -6.599448762311965837e-21 3.200534258941387898e-21
2.895602385542588308e+00 -5.748091486249584108e-21 3.891033185868782647e-21
2.896267385542159900e+00 3.387503958326657778e-21 3.006621668541028906e-21
2.896932385541731492e+00 -9.196539761798790557e-21 2.626055914723975949e-21
2.897597385541303083e+00 -1.526065936017476726e-21 2.995827285259646229e-21
2.898262385540874675e+00 2.606514220012741393e-21 2.836807125022281493e-21
2.898927385540446267e+00 1.828797786266237636e-21 2.261637043202089410e-21
2.899592385540017858e+00 -2.004263015410526127e-20 2.677549752711625065e-21
2.900257385539589450e+00 -1.003167820022179043e-21 2.689865071627838164e-21
2.900922385539161041e+00 2.452322708107448475e-21 2.617124470287978295e-21
2.901587385538732633e+00 2.600611064613503793e-21 2.433652893073785822e-21
2.902252385538304225e+00 -1.134059107269630900e-20 2.431167867840907346e-21
2.902917385537875816e+00 -9.100947453470519093e-21 2.872784858580200581e-21
2.903582385537447408e+00 4.013452309527030069e-21 2.563332775158065278e-21
2.904247385537018999e+00 4.207582673427122315e-21 2.597436916449163437e-21
2.904912385536590591e+00 3.023921183564139623e-21 2.586201759682833936e-21
2.905577385536162183e+00 -4.201305148630956198e-21 2.229876363203504563e-21
2.906242385535733774e+00 -5.731343426142835317e-21 2.600883906472856027e-21
2.906907385535305366e+00 -6.936215530370557748e-22 2.468053904953053832e-21
2.907572385534876958e+00 -6.227538483042944183e-21 2.731994122997187889e-21
2.908237385534448549e+00 2.483582461273726938e-21 2.787782400668276132e-21
2.908902385534020141e+00 -4.452077694981948939e-21 2.490560294362878426e-21
2.909567385533591732e+00 -5.485283419365118756e-21 2.323918572615037667e-21
2.910232385533163324e+00 1.699769115783074326e-21 2.775411497955668216e-21
2.910897385532734916e+00 6.741211298981362673e-21 2.818126453793304522e-21
2.911562385532306507e+00 1.477803135449829028e-20 2.777173543925359399e-21
2.912227385531878099e+00 -5.711042776850416752e-21 2.547011486250452283e-21
2.912892385531449690e+00 5.907397233911384137e-21 2.990422521724294105e-21
2.913557385531021282e+00 1.178511872836868986e-21 2.961650182115457373e-21
2.914222385530592874e+00 4.904295787554517606e-21 2.755566520143355166e-21
2.914887385530164465e+00 1.099509092602365075e-20 2.492676581438618125e-21
2.915552385529736057e+00 2.416234849852508120e-21 2.624100751713653659e-21
2.916217385529307649e+00 1.352385589015109545e-21 3.115104133306649037e-21
2.916882385528879240e+00 4.321969412879564431e-21 5.991265217709920285e-21
2.917547385528450832e+00 6.016062008511158717e-21 2.662681383177369897e-21
2.918212385528022423e+00 2.257121218573301248e-22 2.630581700987466539e-21
2.918877385527594015e+00 -8.333634802749478478e-21 2.214704000120351194e-21
2.919542385527165607e+00 -5.411712034758963472e-21 2.622900444359559105e-21
2.920207385526737198e+00 -2.704071506327670937e-21 2.619168618385919172e-21
2.920872385526308790e+00 5.016895999305581656e-21 2.413809690700633310e-21
2.921537385525880381e+00 -6.329499389996980323e-22 2.539975066734041554e-21
2.922202385525451973e+00 1.592846693827211973e-21 2.758690350523648996e-21
2.922867385525023565e+00 -8.552569089476849882e-21 2.497002840437066882e-21
2.923532385524595156e+00 -5.619815030106736302e-22 2.518369685217319065e-21
2.924197385524166748e+00 -4.930648785645881243e-21 2.508111963398582054e-21
2.924862385523738340e+00 -1.244810976295848709e-20 2.327397822056690889e-21
2.925527385523309931e+00 1.605827906456071847e-21 2.392358601225374252e-21
2.926192385522881523e+00 -4.478547354529304127e-21 2.841083194770771965e-21
2.926857385522453114e+00 -4.621171945381156969e-21 2.673619498906881748e-21
2.927522385522024706e+00 -1.808482908771146562e-21 2.129560283876419433e-21
2.928187385521596298e+00 -3.293871133098526912e-20 1.981073011620076018e-21
2.928852385521167889e+00 1.518443227123125863e-20 2.248055972912651967e-21
2.929517385520739481e+00 -7.948657072677077415e-21 2.269168581052110675e-21
2.930182385520311072e+00 -1.084916329890915329e-20 2.350488606527578953e-21
2.930847385519882664e+00 6.725828374466492899e-21 2.157605384778193214e-21
2.931512385519454256e+00 3.195903475155083409e-20 2.435445237538456956e-21
2.932177385519025847e+00 1.145649333355690762e-20 2.233247751071800434e-21
2.932842385518597439e+00 1.240186311362134928e-21 2.589975211808942412e-21
2.933507385518169031e+00 9.193316060577195637e-21 2.203457061144788090e-21
2.934172385517740622e+00 7.581291098226195785e-21 1.952795631722654707e-21
2.934837385517312214e+00 1.383778700983251359e-20 2.012058974419830041e-21
2.935502385516883805e+00 3.648296941796364153e-21 2.036807806586587670e-21
2.936167385516455397e+00 -2.124828924696806284e-22 2.206810365891906689e-21
2.936832385516026989e+00 -4.308572278594457551e-21 2.325148254776390132e-21
2.937497385515598580e+00 7.759334755473387571e-23 2.331196965782606391e-21
2.938162385515170172e+00 2.457031734606903379e-21 2.645255353974482071e-21
2.938827385514741763e+00 3.452802699542975963e-21 2.286979351221632679e-21
2.939492385514313355e+00 5.932314359810812062e-21 2.338142878382021319e-21
2.940157385513884947e+00 1.812829947892175562e-21 2.243969648175930198e-21
2.940822385513456538e+00 1.118901736143041824e-21 2.067749080051203274e-21
2.941487385513028130e+00 -6.873043119980551839e-21 2.181599777885962074e-21
2.942152385512599722e+00 7.623611401372031103e-22 2.345263787528138637e-21
2.942817385512171313e+00 -1.303348142227598927e-20 2.434664064505908959e-21
2.943482385511742905e+00 -1.494607617206384190e-20 2.581126250170998344e-21
2.944147385511314496e+00 9.865733611253736866e-22 2.259184740662824768e-21
2.944812385510886088e+00 -3.207386710890989969e-21 2.557658093823532933e-21
2.945477385510457680e+00 -8.920677516405864308e-21 2.132600030223800234e-21
2.946142385510029271e+00 -6.815048323562096205e-21 2.079543377310749007e-21
2.946807385509600863e+00 -7.624011182497093441e-21 2.081245169212370622e-21
2.947472385509172454e+00 -7.403883644516120958e-21 2.070948539924271697e-21
2.948137385508744046e+00 9.586919558628875151e-22 1.991199527163508082e-21
2.948802385508315638e+00 3.590230736130220390e-21 2.177423460065516649e-21
2.949467385507887229e+00 -5.551824095256664485e-21 2.506298652890595270e-21
2.950132385507458821e+00 4.710387923949669561e-21 2.183535162742310503e-21
2.950797385507030413e+00 -1.970415491829050444e-21 2.201512216617745563e-21
2.951462385506602004e+00 -1.630316580832045625e-20 3.374040464245536812e-21
2.952127385506173596e+00 -5.807542669866895615e-21 2.241511851587612905e-21
2.952792385505745187e+00 3.146664578722820629e-21 2.078104002773302772e-21
2.953457385505316779e+00 -8.686654373216117149e-21 2.205108691259045207e-21
2.954122385504888371e+00 -4.790793699426085276e-21 2.331814313447144884e-21
2.954787385504459962e+00 9.265994290237820340e-21 2.003342803314309472e-21
2.955452385504031554e+00 4.535934238684808333e-21 2.298195444988186106e-21
2.956117385503603145e+00 7.215684041161377332e-21 2.072132312032397390e-21
2.956782385503174737e+00 -2.288547728412204268e-22 2.272822306551376610e-21
2.957447385502746329e+00 4.784654676580114157e-21 2.058619941068912359e-21
2.958112385502317920e+00 3.321577449042436574e-21 2.060087692770434744e-21
2.958777385501889512e+00 -4.030987548081987914e-21 2.150193258770646176e-21
2.959442385501461104e+00 1.187958781605533967e-21 2.044488569419825129e-21
2.960107385501032695e+00 5.128174847628712607e-21 2.395126126459593928e-21
2.960772385500604287e+00 1.677926506540189406e-21 2.153587188596904876e-21
2.961437385500175878e+00 -5.660955288378982974e-21 2.509729330748978930e-21
2.962102385499747470e+00 -5.714299429187497609e-22 1.877224230725423748e-21
2.962767385499319062e+00 -2.838856106109558941e-21 1.781760807580853848e-21
2.963432385498890653e+00 -1.248937062246387216e-20 2.157376518974121837e-21
2.964097385498462245e+00 -3.780099947856153564e-21 2.058399155696441926e-21
2.964762385498033836e+00 -1.388624308011115873e-21 2.376930714625078186e-21
2.965427385497605428e+00 -3.135253568507113566e-21 2.428342009327946642e-21
2.966092385497177020e+00 -6.828254602077545454e-21 2.298079222453867398e-21
2.966757385496748611e+00 -7.157363068177100889e-21 1.818231446227158552e-21
2.967422385496320203e+00 -8.310419745020746145e-21 2.454525317501648480e-21
2.968087385495891795e+00 -3.818826742077432152e-21 1.988202536487233908e-21
2.968752385495463386e+00 8.956955168891479535e-21 2.650131533021458591e-21
2.969417385495034978e+00 7.805634889598157521e-21 1.684230404137244583e-21
2.970082385494606569e+00 -8.423631136074229473e-21 2.150254190041284720e-21
2.970747385494178161e+00 -5.110485435706231017e-21 2.011799543873204841e-21
2.971412385493749753e+00 -1.083851777113240634e-20 2.010726219115974588e-21
2.972077385493321344e+00 -1.195771199525534071e-20 2.392207497550806823e-21
2.972742385492892936e+00 -4.255296259838156976e-21 2.028128950855052443e-21
2.973407385492464527e+00 6.045452309394793497e-22 2.205467533492897150e-21
2.974072385492036119e+00 -2.971190802300739369e-21 1.895326728064447640e-21
2.974737385491607711e+00 -6.704035910052912933e-21 1.759438664489318602e-21
2.975402385491179302e+00 7.138224045181388647e-21 2.172859130824868294e-21
2.976067385490750894e+00 5.793753009490784385e-21 2.156616964659802108e-21
2.976732385490322486e+00 -1.904277964351081847e-21 2.062861810939365613e-21
2.977397385489894077e+00 3.590586792939637536e-22 2.070503168144433490e-21
2.978062385489465669e+00 4.737255220533101384e-21 2.038749293582232910e-21
2.978727385489037260e+00 -2.207907795661292949e-21 2.397077302342344946e-21
2.979392385488608852e+00 3.815720227084401068e-23 2.083742028958928003e-21
2.980057385488180444e+00 1.930401015246118323e-22 2.528627772392497214e-21
2.980722385487752035e+00 3.490548765895943885e-21 2.468497188108761864e-21
2.981387385487323627e+00 4.077668495327786317e-21 2.394131632144325684e-21
2.982052385486895218e+00 -1.883945047823514752e-21 1.916121897582402715e-21
2.982717385486466810e+00 -1.609245114940672737e-21 2.226449363965423820e-21
2.983382385486038402e+00 -5.567353131339199756e-21 2.029449437985953586e-21
2.984047385485609993e+00 -1.397533349388183884e-21 1.985367841069411322e-21
2.984712385485181585e+00 -1.534517150838368124e-21 1.845367759117902534e-21
2.985377385484753177e+00 -1.795775119082408887e-21 2.255262342543758860e-21
2.986042385484324768e+00 9.676588654362430856e-21 2.061852463322249148e-21
2.986707385483896360e+00 1.974760536633308802e-21 2.068051861341323742e-21
2.987372385483467951e+00 3.764742221612096782e-21 2.423106242964190991e-21
2.988037385483039543e+00 4.965712327923537356e-22 2.093534222474933849e-21
2.988702385482611135e+00 8.376099421758716879e-21 2.250682051823360772e-21
2.989367385482182726e+00 -1.706129508195316687e-21 2.121651578748211287e-21
2.990032385481754318e+00 -2.486124057669991193e-21 1.956892319021063920e-21
2.990697385481325909e+00 3.421942995755499700e-22 1.962720383863617104e-21
2.991362385480897501e+00 -2.873553014467306361e-21 2.115099716442033453e-21
2.992027385480469093e+00 -2.854373992106568630e-21 1.798448016367854640e-21
2.992692385480040684e+00 -2.594989195024419261e-21 2.067294297676735203e-21
2.993357385479612276e+00 -2.957932327583673458e-21 1.719346197611363789e-21
2.994022385479183868e+00 -4.099592842804827854e-21 1.815805487931578247e-21
2.994687385478755459e+00 -4.774465063065243060e-21 2.019574461206475304e-21
2.995352385478327051e+00 -3.830813342693964101e-21 2.250924508785416173e-21
2.996017385477898642e+00 -1.195527136061696605e-20 2.179082844565916088e-21
2.996682385477470234e+00 -8.935763593684966979e-21 1.845208567797358576e-21
2.997347385477041826e+00 -4.609067931179247712e-21 1.668655946713712354e-21
2.998012385476613417e+00 6.629519258405942695e-21 1.880503548642584763e-21
2.998677385476185009e+00 -4.929275850822593563e-21 1.969308224556182114e-21
2.999342385475756600e+00 -6.148602715621844191e-21 2.101164304483905551e-21
3.000007385475328192e+00 -1.166385602171139216e-20 1.901426181458570551e-21
3.000672385474899784e+00 6.595601307818907201e-21 2.049359126750884819e-21
3.001337385474471375e+00 4.948343462339289410e-21 2.122273683202269374e-21
3.002002385474042967e+00 1.251181327144938539e-22 2.064360324314868432e-21
3.002667385473614559e+00 -2.663581342172433124e-21 2.030070866294821494e-21
3.003332385473186150e+00 1.070069283608400178e-21 2.062315330682110680e-21
3.003997385472757742e+00 1.276421811418248274e-21 1.958692154245575785e-21
3.004662385472329333e+00 -4.782255635413438342e-21 1.899245945445781640e-21
3.005327385471900925e+00 8.972747866367253103e-21 2.213348217216286023e-21
3.005992385471472517e+00 1.556329427881498936e-20 2.410027238955503541e-21
3.006657385471044108e+00 -4.144099650441911138e-21 2.241766497967542350e-21
3.007322385470615700e+00 -1.158767618243865157e-20 2.615382369955083487e-21
3.007987385470187292e+00 -6.512479233636595713e-21 2.060282053002847652e-21
3.008652385469758883e+00 1.768141784760611702e-20 5.296784013726776159e-21
3.009317385469330475e+00 1.170556851743298972e-20 3.583521367255316646e-21
3.009982385468902066e+00 -2.514763529842638237e-21 2.276710425117886454e-21
3.010647385468473658e+00 -2.369954716444183396e-21 1.510586563714838762e-21
3.011312385468045250e+00 5.578902808264757193e-21 1.757617398938256792e-21
3.011977385467616841e+00 3.002174516543184579e-21 2.150941876708204283e-21
3.012642385467188433e+00 8.012336579712579586e-22 1.943462829656951497e-21
3.013307385466760024e+00 1.367932452093036797e-21 1.957554916380731640e-21
3.013972385466331616e+00 -9.053123065094935807e-21 1.749466770925423717e-21
3.014637385465903208e+00 6.713179581669252150e-21 1.822167315987038740e-21
3.015302385465474799e+00 5.906311581939186655e-21 1.901142829794645813e-21
3.015967385465046391e+00 3.467281024542080505e-22 1.827501480403462372e-21
3.016632385464617983e+00 -4.401545542945091251e-21 1.790208935348642797e-21
3.017297385464189574e+00 -9.263610307493591594e-22 1.787044455564026803e-21
3.017962385463761166e+00 -1.501937872199679803e-21 2.018433377450229751e-21
3.018627385463332757e+00 2.554147600429682875e-21 2.000748700090993861e-21
3.019292385462904349e+00 8.394764796831535745e-22 2.048277597947775243e-21
3.019957385462475941e+00 -7.680945454191068248e-21 2.455880589224345853e-21
3.020622385462047532e+00 5.199816579006893673e-23 2.423145321040325573e-21
3.021287385461619124e+00 -1.201929760355130839e-20 1.747905828302265761e-21
3.021952385461190715e+00 -1.889818457182111934e-21 2.109390380212712875e-21
3.022617385460762307e+00 -2.350315546152126085e-21 2.070831313697499376e-21
3.023282385460333899e+00 8.950733172605388482e-21 2.332221250010155347e-21
3.023947385459905490e+00 9.955368415103291073e-21 2.210767887927164590e-21
3.024612385459477082e+00 3.975610863734154898e-21 2.121777632503093690e-21
3.025277385459048674e+00 7.616638827400331187e-21 1.627140119979991012e-21
3.025942385458620265e+00 8.083607350837993959e-21 1.690134766929831811e-21
3.026607385458191857e+00 5.644219305950870886e-21 2.356879829922595868e-21
3.027272385457763448e+00 5.018928834432346644e-21 1.837304867436913068e-21
3.027937385457335040e+00 6.040276927556547410e-21 1.923153099733958437e-21
3.028602385456906632e+00 -4.938153934878325064e-21 1.849185373043053873e-21
3.029267385456478223e+00 4.493425675681256520e-21 2.073713133544403077e-21
3.029932385456049815e+00 6.050647020525481118e-21 1.798320507231761011e-21
3.030597385455621406e+00 3.940669006367279638e-21 1.823667265979375958e-21
3.031262385455192998e+00 2.143499161008689849e-21 2.077057260983065051e-21
3.031927385454764590e+00 -1.179408078037417222e-21 1.859771609623665610e-21
3.032592385454336181e+00 -3.429545138230822158e-21 1.783105762454785256e-21
3.033257385453907773e+00 -3.416722958496295375e-21 2.378965662718264966e-21
3.033922385453479365e+00 -4.150407605483586878e-21 1.904904233143358097e-21
3.034587385453050956e+00 6.511940424552693533e-21 1.758306845959737740e-21
3.035252385452622548e+00 4.991190494528086099e-21 1.809525959823048906e-21
3.035917385452194139e+00 -4.851997613115594258e-21 1.952018944118413521e-21
3.036582385451765731e+00 -6.860574624200074932e-21 2.023876435923210646e-21
3.037247385451337323e+00 7.075772086249922969e-21 1.864434675764824024e-21
3.037912385450908914e+00 3.216903577934921405e-21 1.929076616684549774e-21
3.038577385450480506e+00 -2.746409605479168762e-21 1.673235552500879359e-21
3.039242385450052097e+00 -6.302631168123267487e-21 2.340936481384278472e-21
3.039907385449623689e+00 -7.006802545014899016e-21 1.940105581013216874e-21
3.040572385449195281e+00 -1.132781912083077890e-20 1.853155255408860859e-21
3.041237385448766872e+00 4.709632421527700940e-21 2.010290056476724616e-21
3.041902385448338464e+00 -2.234319568408284318e-21 9.873027363736449223e-21
3.042567385447910056e+00 -7.153363099334696347e-22 3.811801652120204991e-20
3.043232385447481647e+00 3.797822859237931981e-23 1.968192226409955864e-21
3.043897385447053239e+00 -5.157330925756099573e-21 1.861709973941843431e-21
3.044562385446624830e+00 -1.031105395031824099e-21 1.770343990235861607e-21
3.045227385446196422e+00 -7.919906434074560496e-21 2.018092793075933097e-21
3.045892385445768014e+00 2.541193134129708631e-21 1.878994262444464298e-21
3.046557385445339605e+00 -3.346598208432187321e-21 1.800202617483750326e-21
3.047222385444911197e+00 -2.947292512143380508e-21 1.838080682278159735e-21
3.047887385444482788e+00 1.035244818025887357e-20 1.967254754883498761e-21
3.048552385444054380e+00 6.941163416378681265e-21 1.920306188634341614e-21
3.049217385443625972e+00 3.637329195629119258e-22 1.663400332922088679e-21
3.049882385443197563e+00 -1.082097551719763249e-21 1.855775513375312520e-21
3.050547385442769155e+00 2.541097764189834138e-21 1.711860539346060034e-21
3.051212385442340747e+00 3.116758640216235192e-21 1.880886683069086419e-21
3.051877385441912338e+00 -1.642163713047974615e-21 2.325252966808593689e-21
3.052542385441483930e+00 4.770630050184789217e-22 2.192472178726800579e-21
3.053207385441055521e+00 -1.021428441280567036e-21 2.028036955661906671e-21
3.053872385440627113e+00 7.995469324749284144e-23 1.911327589974468704e-21
3.054537385440198705e+00 3.096846611967710485e-22 1.965813371075532743e-21
3.055202385439770296e+00 3.466260062091446891e-21 1.602110913194737494e-21
3.055867385439341888e+00 7.835348347978302031e-21 1.980762293943755101e-21
3.056532385438913479e+00 -4.282419616462114062e-21 1.818068248630025185e-21
3.057197385438485071e+00 -4.305787096680002111e-21 1.887661557360463568e-21
3.057862385438056663e+00 4.819659243670244063e-21 1.950049272233724188e-21
3.058527385437628254e+00 1.633720257710747950e-21 1.599929955449180171e-21
3.059192385437199846e+00 1.074984251865915258e-21 1.855483602449236685e-21
3.059857385436771438e+00 6.546524567689464471e-23 2.064857281941092615e-21
3.060522385436343029e+00 2.370778080334980572e-21 1.996442408207914824e-21
3.061187385435914621e+00 1.228775607065795471e-22 1.769029689983267706e-21
3.061852385435486212e+00 3.794411798799897343e-21 1.914781485996183535e-21
3.062517385435057804e+00 4.283434952178862224e-21 1.947368630564675213e-21
3.063182385434629396e+00 1.367661760193776671e-21 1.685947806946592564e-21
3.063847385434200987e+00 -3.569170532191162131e-21 1.572151116429156034e-21
3.064512385433772579e+00 -5.557287525493571786e-21 1.710579587358977442e-21
3.065177385433344170e+00 -5.514236972538990855e-21 1.767505128915979285e-21
3.065842385432915762e+00 -3.685753211646552630e-21 1.887854877778750244e-21
3.066507385432487354e+00 -7.466461382933715556e-21 1.913224239987316416e-21
3.067172385432058945e+00 4.977140217364921389e-21 1.987690978277549970e-21
3.067837385431630537e+00 2.671622229055490820e-21 1.801671020620717756e-21
3.068502385431202129e+00 4.100110947017476740e-21 1.980506961918531628e-21
3.069167385430773720e+00 -1.557724292155899468e-21 1.748477665565097150e-21
3.069832385430345312e+00 2.180243976608642219e-21 2.134624452419144531e-21
3.070497385429916903e+00 -2.906353104714711351e-21 1.885831094495451279e-21
3.071162385429488495e+00 3.915586163223000934e-21 1.770609295472505948e-21
3.071827385429060087e+00 4.185379850718777685e-22 1.635271821515835920e-21
3.072492385428631678e+00 9.528352429845616843e-22 1.833006532976311996e-21
3.073157385428203270e+00 -1.948514406947039671e-21 1.875361807753792644e-21
3.073822385427774861e+00 4.517674232995258865e-21 1.571142514889584876e-21
3.074487385427346453e+00 1.023673542149335027e-20 1.725991630493380312e-21
3.075152385426918045e+00 4.969920057203691275e-21 1.566908021756003019e-21
3.075817385426489636e+00 9.486768370635768865e-22 1.721014390925396878e-21
3.076482385426061228e+00 2.248049553439309219e-22 1.499732308197782921e-21
3.077147385425632820e+00 5.167084683736387312e-21 1.580315017919269868e-21
3.077812385425204411e+00 4.362643021493062967e-22 1.608066323509137699e-21
3.078477385424776003e+00 9.290613566863087278e-21 1.935934944277759086e-21
3.079142385424347594e+00 6.575888178757221398e-21 1.797406430079693110e-21
3.079807385423919186e+00 -6.084482930813516134e-21 1.691864344033384447e-21
3.080472385423490778e+00 -1.069559228618518063e-20 1.661283258843758140e-21
3.081137385423062369e+00 -9.525155642485748387e-21 1.939634017511856551e-21
3.081802385422633961e+00 -2.842080004238932534e-21 1.446869650730869007e-21
3.082467385422205552e+00 9.179061912031156932e-22 1.556642499818831564e-21
3.083132385421777144e+00 1.804002146658726956e-21 1.956599805132472594e-21
3.083797385421348736e+00 -7.714311845681841010e-22 1.493913421687268852e-21
3.084462385420920327e+00 -2.256993174088576680e-21 1.614517939840480483e-21
3.085127385420491919e+00 4.985910670645047296e-21 1.706768729116698022e-21
3.085792385420063511e+00 5.224357568873010998e-21 1.495648771355302022e-21
3.086457385419635102e+00 3.819661743670343678e-21 2.096770894822226674e-21
3.087122385419206694e+00 3.186127740854934945e-21 1.798877593502426891e-21
3.087787385418778285e+00 4.812643413046581820e-21 1.663152322276917094e-21
3.088452385418349877e+00 -6.147452625712332166e-23 1.816408381352172567e-21
3.089117385417921469e+00 -2.740824387471287372e-21 2.203929953488342981e-21
3.089782385417493060e+00 -4.999277473244963524e-22 2.138253381666085042e-21
3.090447385417064652e+00 -7.901520651395512491e-21 1.725493711537489923e-21
3.091112385416636243e+00 -9.113994689197271160e-21 1.467914963898145250e-21
3.091777385416207835e+00 -6.903177639353756086e-21 1.957164916378197926e-21
3.092442385415779427e+00 3.346879288132935255e-22 1.886733279139802199e-21
3.093107385415351018e+00 -2.119434084483452777e-21 2.321047874161494907e-21
3.093772385414922610e+00 5.044011015278482523e-21 4.619431997782374800e-21
3.094437385414494202e+00 8.548659489684366356e-21 1.880235519969491611e-21
3.095102385414065793e+00 -1.414661178924483520e-21 1.725934919651619876e-21
3.095767385413637385e+00 -2.613505850589433511e-21 1.916158733761162693e-21
3.096432385413208976e+00 4.972432904861675027e-23 1.783646819923313682e-21
3.097097385412780568e+00 -4.158835012780313422e-21 1.981469950223340191e-21
3.097762385412352160e+00 -7.039520672545469889e-21 2.074508459634299142e-21
3.098427385411923751e+00 -1.040416627766600134e-21 1.937970519533230774e-21
3.099092385411495343e+00 -6.418038627571467608e-21 1.586068337837940500e-21
3.099757385411066934e+00 2.636180600609193085e-21 1.536558407362874694e-21
3.100422385410638526e+00 4.010089463719543936e-22 1.716748438925545952e-21
3.101087385410210118e+00 4.686967102331607247e-21 1.901827017514453784e-21
3.101752385409781709e+00 9.549376206397658318e-22 2.115480373703981367e-21
3.102417385409353301e+00 2.003808103858989378e-21 1.778112662117877037e-21
3.103082385408924893e+00 9.015627343461500744e-21 1.968879150394910621e-21
3.103747385408496484e+00 3.435530552910076602e-21 2.014530802465459130e-21
3.104412385408068076e+00 2.476061204241421547e-21 1.883447610567572025e-21
3.105077385407639667e+00 9.502544770713278407e-21 1.624001192759706123e-21
3.105742385407211259e+00 6.149284351349303402e-21 2.036682772499427281e-21
3.106407385406782851e+00 4.471214636030321992e-21 2.085157343920260951e-21
3.107072385406354442e+00 2.565763006037048513e-21 1.565655217035966519e-21
3.107737385405926034e+00 6.549438153411372467e-21 1.927754976717320432e-21
3.108402385405497625e+00 8.259038906657100061e-22 1.817085034144279074e-21
3.109067385405069217e+00 -1.350852033068039654e-21 1.927566256553977145e-21
3.109732385404640809e+00 -1.528475438488415050e-20 1.782638105274000459e-21
3.110397385404212400e+00 -3.514998715518136311e-21 1.984709474355915917e-21
3.111062385403783992e+00 -2.876860840966357891e-21 2.003494153211698372e-21
3.111727385403355139e+00 -9.382165373891575670e-22 1.819172748954682100e-21
3.112392385402926731e+00 -2.363216212502930758e-21 1.661949763175941461e-21
3.113057385402498323e+00 -3.169471092666254995e-21 1.982881019309783431e-21
3.113722385402069914e+00 -5.763562425735223375e-21 1.816072001679368978e-21
3.114387385401641506e+00 -6.981992639037558905e-21 1.655240474456974537e-21
3.115052385401213098e+00 5.924257660945179782e-21 1.668075303486515658e-21
3.115717385400784689e+00 -2.209779458856548742e-22 1.768462176138722136e-21
3.116382385400356281e+00 -1.342155331721336894e-22 1.433052277169221463e-21
3.117047385399927872e+00 -5.985457860907879177e-21 1.590232217760899808e-21
3.117712385399499464e+00 1.201166850289013491e-21 1.462446753027452849e-21
3.118377385399071056e+00 4.185101106754733759e-21 1.404892952978923094e-21
3.119042385398642647e+00 1.976346569267623428e-21 1.335476585598985018e-21
3.119707385398214239e+00 -1.354077674178189379e-21 1.353235605908362728e-21
3.120372385397786275e+00 -1.056541109178428124e-21 1.712294916792198648e-21
3.121037385397357866e+00 4.614447159746718004e-22 1.770815170303423052e-21
3.121702385396929458e+00 1.537755021728074028e-20 1.811099043308664375e-21
3.122367385396501049e+00 6.533119841060487548e-21 1.836058524898613063e-21
3.123032385396072641e+00 8.091248240743156199e-21 1.409888897533034824e-21
3.123697385395644233e+00 -2.870799820081303775e-21 1.764966624298916591e-21
3.124362385395215824e+00 5.740765021529929041e-21 1.580022521490456378e-21
3.125027385394787416e+00 2.128225286375069682e-21 1.595005659702813805e-21
3.125692385394359007e+00 3.106812549528637497e-21 1.847357285840236869e-21
3.126357385393930155e+00 2.608984007122491552e-22 1.678456432095507554e-21
3.127022385393501747e+00 -4.649481794503678008e-21 1.570995887322752439e-21
3.127687385393073338e+00 -2.801070787141496804e-21 1.655818058259630902e-21
3.128352385392644930e+00 -2.836646424798859804e-21 1.528742606128516660e-21
3.129017385392216521e+00 -1.140733200950562288e-20 1.689803972871170637e-21
3.129682385391788113e+00 9.230678284038247402e-21 1.623228116780231322e-21
3.130347385391359705e+00 1.418061216312853569e-20 1.613271262223035732e-21
3.131012385390931296e+00 6.883916548390546524e-21 1.547030578553510787e-21
3.131677385390502888e+00 4.900425483203613428e-21 1.581063346326326270e-21
3.132342385390074480e+00 -1.891968019623117229e-21 1.557979348458361562e-21
3.133007385389646071e+00 -6.074329902323014038e-22 1.643427373493857439e-21
3.133672385389217663e+00 4.324499892386800349e-21 1.661493536188924911e-21
3.134337385388789254e+00 -2.581240575340340542e-21 1.944541577605192893e-21
3.135002385388360846e+00 -6.123728954170737987e-21 1.778406376706948311e-21
3.135667385387932438e+00 1.759378460944261800e-21 1.857336734994972714e-21
3.136332385387504029e+00 2.098442631364458714e-21 1.813637121314085727e-21
3.136997385387075621e+00 6.481233188612773269e-22 1.495515352293200657e-21
3.137662385386647212e+00 3.620199075386287875e-21 1.639293078911844685e-21
3.138327385386218804e+00 4.983763343798662655e-21 1.830971700079032529e-21
3.138992385385790396e+00 5.881489743297158998e-21 1.599037546303807195e-21
3.139657385385361987e+00 -9.023446139610961095e-21 1.414933536291841873e-21
3.140322385384933579e+00 -8.130034095882165942e-21 1.619217536806910205e-21
3.140987385384505171e+00 -9.849400567136558959e-21 1.814291561846522992e-21
3.141652385384076762e+00 1.977362224186037779e-21 2.375878465677195040e-21
3.142317385383648354e+00 -7.434692223006684466e-21 1.776363646547654135e-21
3.142982385383219945e+00 -5.955996082080313947e-21 1.682141200447927236e-21
3.143647385382791537e+00 3.823852338184453270e-23 1.499638338789982613e-21
3.144312385382363129e+00 3.921500670265643840e-21 1.439749175185898616e-21
3.144977385381934720e+00 4.403659976731779852e-21 1.349497906610771407e-21
3.145642385381506312e+00 2.498227891414552361e-22 1.375879503084877353e-21
3.146307385381077903e+00 6.320069354700951243e-21 1.515847441182220987e-21
3.146972385380649495e+00 3.195855082260075796e-21 1.596843051946483449e-21
3.147637385380221087e+00 3.518488357150308619e-21 1.630848316268498972e-21
3.148302385379792678e+00 2.782942886063562373e-21 1.938387120859589766e-21
3.148967385379364270e+00 5.226691248990445635e-22 1.392976801062025216e-21
3.149632385378935862e+00 -6.908870615624604747e-22 1.557604236621909217e-21
3.150297385378507453e+00 4.537803064365259887e-21 1.830974519977537440e-21
3.150962385378079045e+00 -2.897289383164903982e-21 1.858368007897737628e-21
3.151627385377650636e+00 4.344957022864662330e-21 1.559644496972124431e-21
3.152292385377222228e+00 2.901565242173124623e-21 1.684157366366877791e-21
3.152957385376793820e+00 6.765239141945347317e-21 1.835756168042975836e-21
3.153622385376365411e+00 -8.176998770041205476e-22 1.773775345611483737e-21
3.154287385375937003e+00 3.544647946105359873e-21 1.831249087759927163e-21
3.154952385375508594e+00 1.604525094067155902e-21 1.642541268023611733e-21
3.155617385375080186e+00 -3.234614951821767327e-21 1.514161677236667149e-21
3.156282385374651778e+00 -3.996997669058618560e-21 1.844201976088488564e-21
3.156947385374223369e+00 -6.950781749219402407e-21 1.625332903782209052e-21
3.157612385373794961e+00 -5.230950551680767814e-21 1.700617773232415343e-21
3.158277385373366553e+00 -8.461123431475374483e-21 2.047374812909134156e-21
3.158942385372938144e+00 2.195700692596193909e-21 1.807955083629663817e-21
3.159607385372509736e+00 2.509413917508178636e-21 1.478235349692222748e-21
3.160272385372081327e+00 6.702281518562470430e-22 1.527291844216647641e-21
3.160937385371652919e+00 -1.793020283768854431e-21 1.620552162463830657e-21
3.161602385371224511e+00 1.661978211643520697e-21 1.535723941434720085e-21
3.162267385370796102e+00 -1.868109607193118602e-21 1.981794540550519708e-21
3.162932385370367694e+00 2.443598536547524130e-21 2.868852231871418226e-21
3.163597385369939285e+00 6.825564597615988374e-21 3.460726676328721695e-21
3.164262385369510877e+00 1.406409721668234903e-21 2.362477746971861450e-21
3.164927385369082469e+00 1.918705447357986272e-21 1.829927075984995104e-21
3.165592385368654060e+00 2.974966305436470081e-21 1.505457897715063510e-21
3.166257385368225652e+00 1.478228653862563748e-21 1.587704317034495598e-21
3.166922385367797244e+00 -7.773914344784779556e-21 2.908312376550799287e-21
3.167587385367368835e+00 3.577263236671242622e-21 1.800492750534103941e-21
3.168252385366940427e+00 -7.982410504319149019e-21 1.492043733697072932e-21
3.168917385366512018e+00 -2.187742497231185075e-21 1.601972657595959475e-21
3.169582385366083610e+00 8.455135455174341234e-21 1.831037425951253878e-21
3.170247385365655202e+00 4.416185210020280329e-21 2.286625133077120933e-21
3.170912385365226793e+00 8.200106895815619606e-21 2.673063327793467941e-21
3.171577385364798385e+00 9.199073881791784632e-21 2.167770649493167204e-21
3.172242385364369976e+00 7.037392797659289962e-21 1.869801475574432317e-21
3.172907385363941568e+00 -1.894230588185081329e-21 1.576068800453294381e-21
3.173572385363513160e+00 -1.331497735115575145e-21 2.084477363967435948e-21
3.174237385363084751e+00 7.059038124974780514e-21 2.035455907354275479e-21
3.174902385362656343e+00 -1.013093082564725594e-22 1.771802237618190023e-21
3.175567385362227935e+00 -4.861018129437720887e-22 1.866458692198241692e-21
3.176232385361799526e+00 6.901674464363531678e-21 1.806365317764476658e-21
3.176897385361371118e+00 -6.121565667831554691e-22 1.393116691443830218e-21
3.177562385360942709e+00 3.421992935150254963e-21 1.845634029468530005e-21
3.178227385360514301e+00 1.018076764782065811e-22 1.949683455419382744e-21
3.178892385360085893e+00 -3.153324836545819804e-21 1.577706209321905949e-21
3.179557385359657484e+00 -3.217436116674889037e-21 1.547963840706716090e-21
3.180222385359229076e+00 -3.247287504424564872e-21 1.783700461275438451e-21
3.180887385358800667e+00 -3.703336695392595202e-23 3.305309738011875774e-21
3.181552385358372259e+00 6.720327833672300900e-21 2.083906260005730920e-21
3.182217385357943851e+00 7.497653498043676668e-22 3.112008832526059512e-21
3.182882385357515442e+00 -8.263373694105462189e-21 1.964131812123289853e-21
3.183547385357087034e+00 1.252372314626866057e-21 1.623812445167832993e-21
3.184212385356658626e+00 6.463486817594022200e-22 1.481122899785167123e-21
3.184877385356230217e+00 -5.947698511618068224e-21 1.641418289066500763e-21
3.185542385355801809e+00 7.116375394673811392e-21 1.664005049886246019e-21
3.186207385355373400e+00 1.123704185650881697e-21 1.737961843343612517e-21
3.186872385354944992e+00 2.117942149315249029e-21 1.583397851734661324e-21
3.187537385354516584e+00 -8.764679991361489158e-21 1.488146539944962873e-21
3.188202385354088175e+00 1.094350372179479655e-21 1.853969084909187635e-21
3.188867385353659767e+00 2.657900387360506425e-21 1.430600049967615272e-21
3.189532385353231358e+00 1.857145416805766707e-21 1.402612621602769952e-21
3.190197385352802950e+00 -2.810743673050301785e-21 1.578987794318708595e-21
3.190862385352374542e+00 -3.108423792647082584e-21 2.084796886743626575e-21
3.191527385351946133e+00 8.520034934824918311e-22 1.562866833859152218e-21
3.192192385351517725e+00 -2.078295263708078958e-21 1.564950335968625075e-21
3.192857385351089317e+00 2.720068141340229853e-21 1.392198943526608993e-21
3.193522385350660908e+00 1.263091594792561609e-21 2.312068124426951322e-21
3.194187385350232500e+00 -4.149574773137556074e-22 1.670803827921053006e-21
3.194852385349804091e+00 3.323842271219100710e-21 2.386398440350628475e-21
3.195517385349375683e+00 7.438917336942893649e-22 1.577943555014089819e-21
3.196182385348947275e+00 -5.930878991462593435e-22 1.462650604368787067e-21
3.196847385348518866e+00 -3.836303485452214596e-22 1.399155155537565555e-21
3.197512385348090458e+00 2.545139014117417072e-21 1.825549596753489340e-21
3.198177385347662049e+00 -1.544067439211355692e-21 1.566865190617621540e-21
3.198842385347233641e+00 -5.525635430609201174e-23 1.630706043719286240e-21
3.199507385346805233e+00 -5.714259278516225646e-21 1.433962351826382267e-21
3.200172385346376824e+00 -1.897987099924725704e-21 1.453649157779124229e-21
3.200837385345948416e+00 9.981251160231196856e-22 1.649007514051422064e-21
3.201502385345520008e+00 -3.099685144124040909e-21 1.656234251813948364e-21
3.202167385345091599e+00 1.998710948713861858e-22 1.431626340550444479e-21
3.202832385344663191e+00 -7.764870337481039151e-22 1.584433768771149968e-21
3.203497385344234782e+00 -6.859461721342641159e-21 1.527018690600482381e-21
3.204162385343806374e+00 -8.456022366934593356e-21 1.461760965849195695e-21
3.204827385343377966e+00 -1.202497076670697270e-21 1.492500197348081850e-21
3.205492385342949557e+00 -9.497304610403928381e-22 1.492919333130315555e-21
3.206157385342521149e+00 6.235618929779138247e-21 1.500746273251912986e-21
3.206822385342092741e+00 -5.075830503823801175e-21 1.692826771406569643e-21
3.207487385341664332e+00 -2.671266957751006940e-21 1.723904040895602229e-21
3.208152385341235924e+00 2.108883228796080722e-22 1.653216622434078385e-21
3.208817385340807515e+00 -4.198460448980070384e-21 1.572695940771529750e-21
3.209482385340379107e+00 -7.397250027078384915e-22 1.547297565003437827e-21
3.210147385339950699e+00 3.217040626754008629e-21 1.610374761837166458e-21
3.210812385339522290e+00 -1.325421602165574534e-21 1.531848267280264798e-21
3.211477385339093882e+00 1.334065120676712697e-21 1.553229070111892165e-21
3.212142385338665473e+00 7.706024970140715915e-21 1.404352688380152032e-21
3.212807385338237065e+00 9.451318312898066999e-21 1.245098595937095501e-21
3.213472385337808657e+00 -5.973143555362022233e-22 1.421385114452728264e-21
3.214137385337380248e+00 -9.294496008688245053e-21 1.689100262378760796e-21
3.214802385336951840e+00 -2.929926164804234316e-22 1.966387507578475078e-21
3.215467385336523432e+00 -1.890885581595599702e-21 1.543992580808706535e-21
3.216132385336095023e+00 5.961483743174400103e-21 1.497077404720876671e-21
3.216797385335666615e+00 8.258249806766136192e-21 1.859132053256462780e-21
3.217462385335238206e+00 5.586694800543612215e-21 1.882109830513363977e-21
3.218127385334809798e+00 1.519307104652458334e-22 1.817947447219254280e-21
3.218792385334381390e+00 -1.923114937687718923e-21 1.628983619799919201e-21
3.219457385333952981e+00 1.593466055479136745e-21 1.467708313145725763e-21
3.220122385333524573e+00 3.708354554953641830e-21 2.019672062491941302e-21
3.220787385333096164e+00 1.561626518307854371e-21 1.580334633457064498e-21
3.221452385332667756e+00 -6.765520507875307400e-21 1.623280045368410237e-21
3.222117385332239348e+00 -2.571643289556061722e-21 1.573563355176749152e-21
3.222782385331810939e+00 7.627543885763398876e-21 1.865500880801054561e-21
3.223447385331382531e+00 -3.306670709457950571e-22 1.700147140331375975e-21
3.224112385330954123e+00 9.364779809260516050e-22 1.237907918950017431e-21
3.224777385330525714e+00 -3.783950786859964223e-22 1.585672252888885837e-21
3.225442385330097306e+00 -1.635157098485317967e-21 1.620752336525075606e-21
3.226107385329668897e+00 -3.512249962276251472e-22 1.547233568631249610e-21
3.226772385329240489e+00 3.129759550361669933e-21 1.430428887851397653e-21
3.227437385328812081e+00 -1.442650757496274009e-21 1.380888895010730938e-21
3.228102385328383672e+00 -2.124744853339975012e-21 1.396164638353952750e-21
3.228767385327955264e+00 7.013939081543833933e-21 1.583425747448718906e-21
3.229432385327526855e+00 -8.546548966330136658e-21 1.304705999596653508e-21
3.230097385327098447e+00 -3.198383766348427919e-21 1.456424442896003772e-21
3.230762385326670039e+00 -2.742335282270840608e-21 1.486999341955020751e-21
3.231427385326241630e+00 5.257390289159160323e-21 1.517183849258738201e-21
3.232092385325813222e+00 3.647966824913045813e-21 1.569157995127926855e-21
3.232757385325384814e+00 1.863542872268625318e-22 1.775784587779575008e-21
3.233422385324956405e+00 -4.957589434306711515e-21 1.465971231697436459e-21
3.234087385324527997e+00 -2.008728121453229634e-21 1.515239007256545633e-21
3.234752385324099588e+00 -1.131528045887025330e-21 1.558108571386072561e-21
3.235417385323671180e+00 -5.868794444193026559e-21 1.350525749381383893e-21
3.236082385323242772e+00 3.530771468848991877e-21 1.448458117357453589e-21
3.236747385322814363e+00 -2.783663070354738068e-22 2.345273128151221639e-21
3.237412385322385955e+00 -2.372534997892593002e-21 2.638958069864617863e-21
3.238077385321957546e+00 1.232128902939641342e-20 2.346337864796388573e-21
3.238742385321529138e+00 6.097531925964335716e-21 1.635269180515707927e-21
3.239407385321100730e+00 4.328149642178201073e-21 1.391525340170302329e-21
3.240072385320672321e+00 -2.825892884245039783e-21 1.814368097855811546e-21
3.240737385320243913e+00 -6.238005051874546789e-21 1.671026633180861062e-21
3.241402385319815505e+00 -5.048003463483343168e-21 1.625577908563388779e-21
3.242067385319387096e+00 -1.636748361117450345e-21 1.575846185269713881e-21
3.242732385318958688e+00 -5.252675981066725312e-22 1.520662692160132367e-21
3.243397385318530279e+00 6.485371139235503576e-21 1.484486785106485257e-21
3.244062385318101871e+00 -4.227280111732119922e-21 1.615028580364076805e-21
3.244727385317673463e+00 2.297891874232538786e-21 1.383359281397729358e-21
3.245392385317245054e+00 7.120326660678793922e-21 1.415882141133755337e-21
3.246057385316816646e+00 5.532499747585087637e-21 1.531348522223847300e-21
3.246722385316388237e+00 -6.856171255279154991e-21 1.281332052459142559e-21
3.247387385315959829e+00 -3.908456369351860180e-21 1.431675403878381113e-21
3.248052385315531421e+00 -6.832530914053804617e-21 1.558129660260200920e-21
3.248717385315103012e+00 9.502381361862486231e-21 1.719258799833297205e-21
3.249382385314674604e+00 -2.054323981785502493e-21 1.646675083197072666e-21
3.250047385314246196e+00 -5.369761873059414214e-21 1.354806964441671091e-21
3.250712385313817787e+00 -1.632578772344593531e-22 1.625004666766668041e-21
3.251377385313389379e+00 2.685076033141382342e-21 1.643705236388976422e-21
3.252042385312960970e+00 3.638709686171894939e-22 1.626294139142581906e-21
3.252707385312532562e+00 -1.117076726842727042e-21 1.556062190302601239e-21
3.253372385312104154e+00 3.821977016333651680e-22 1.746170838490348145e-21
3.254037385311675745e+00 1.353464820306925961e-21 1.468697559448797174e-21
3.254702385311247337e+00 2.156745915028838523e-21 1.470937955653726997e-21
3.255367385310818928e+00 -1.553719004756010681e-21 1.477040648776495713e-21
3.256032385310390520e+00 -1.443444863320585779e-22 1.700022689347650030e-21
3.256697385309962112e+00 -2.093915262506594419e-21 1.668327888003978926e-21
3.257362385309533703e+00 -3.476447979703929422e-21 1.402016009964941439e-21
3.258027385309105295e+00 -1.206350267626205673e-21 1.374513889895899296e-21
3.258692385308676887e+00 -4.097899382570439113e-21 1.483832065694779028e-21
3.259357385308248478e+00 -2.517548339922007020e-21 1.739960941369458246e-21
3.260022385307820070e+00 -4.271659811113044915e-21 1.505654327755429586e-21
3.260687385307391661e+00 1.319312667690984266e-21 1.342345274670869114e-21
3.261352385306963253e+00 6.863298275889043582e-21 1.347605757230029300e-21
3.262017385306534845e+00 -1.486726187414619767e-21 1.524796143718753120e-21
3.262682385306106436e+00 -2.578465148819952650e-21 1.407208745035523059e-21
3.263347385305678028e+00 2.613395771033046274e-21 1.475861130704875556e-21
3.264012385305249619e+00 -1.501686848309250481e-21 1.463112713819217377e-21
3.264677385304821211e+00 9.325171577918239159e-22 1.586027940601097929e-21
3.265342385304392803e+00 5.889311619683938292e-21 1.487818313143452332e-21
3.266007385303964394e+00 -2.349830284154542586e-21 1.328232243325184164e-21
3.266672385303535986e+00 -4.851345719525639196e-21 1.539951749984565611e-21
3.267337385303107578e+00 2.356130709624422338e-22 1.435008636035853987e-21
3.268002385302679169e+00 -2.228630509900157149e-21 1.510116176012312954e-21
3.268667385302250761e+00 -5.633147328009424841e-23 2.058514634026106401e-21
3.269332385301822352e+00 1.734143098589164951e-21 1.524950498526727838e-21
3.269997385301393944e+00 7.406220812894547655e-21 1.659169620121232234e-21
3.270662385300965536e+00 -2.331839296243284207e-22 1.747316073274776220e-21
3.271327385300537127e+00 -3.463016743564017541e-21 1.605378350037733971e-21
3.271992385300108719e+00 -6.368623733756664441e-22 1.674115570389983673e-21
3.272657385299680310e+00 -9.432574535001871067e-23 1.573937506504038059e-21
3.273322385299251902e+00 5.291043704822983970e-21 1.478050015392526646e-21
3.273987385298823494e+00 6.175734619973244597e-21 1.361605902313293826e-21
3.274652385298395085e+00 -4.037880048263389331e-22 1.414113277261285068e-21
3.275317385297966677e+00 3.131069655119754853e-21 1.815456153218957481e-21
3.275982385297538269e+00 -6.598346186270718248e-21 1.753307037717224708e-21
3.276647385297109860e+00 9.448326439384363557e-21 1.690134482448022295e-21
3.277312385296681452e+00 1.232914252932547086e-20 1.519671913947165733e-21
3.277977385296253043e+00 1.120036682543125816e-20 1.842243370833899294e-21
3.278642385295824635e+00 1.179817966813254599e-20 1.693565994994492024e-21
3.279307385295396227e+00 9.287636889133669190e-21 1.577567725406107288e-21
3.279972385294967818e+00 8.956026733919089974e-21 1.905170909588178372e-21
3.280637385294539410e+00 3.046713104971938635e-21 1.457219519878705247e-21
3.281302385294111001e+00 3.219102094838451073e-21 1.471846993495535679e-21
3.281967385293682593e+00 7.728145313421300667e-21 1.512210064343022709e-21
3.282632385293254185e+00 7.635451596477330321e-21 1.551552358051995193e-21
3.283297385292825776e+00 8.262762255228903941e-22 1.732941330299750678e-21
3.283962385292397368e+00 -6.890065199880722652e-22 1.524914268347174208e-21
3.284627385291968960e+00 1.631393558876890831e-21 1.830728967182829891e-21
3.285292385291540551e+00 2.568993841989586185e-21 1.949219107033282491e-21
3.285957385291112143e+00 1.035415509876599598e-21 1.512658543770425967e-21
3.286622385290683734e+00 -1.218477938038250410e-21 1.561877505005210791e-21
3.287287385290255326e+00 -1.436150533132838810e-21 2.131073708539134342e-21
3.287952385289826918e+00 8.811504795273716773e-21 1.759044013050477043e-21
3.288617385289398509e+00 2.095450526263319951e-21 1.542605166928419017e-21
3.289282385288970101e+00 -5.219149947911869598e-22 1.766362479755266178e-21
3.289947385288541692e+00 4.697254136666038560e-22 1.462221629233700260e-21
3.290612385288113284e+00 2.462236551800506916e-21 1.377563458499635403e-21
3.291277385287684876e+00 6.192915641982558615e-21 1.790887413328813875e-21
3.291942385287256467e+00 4.389548868120830858e-21 1.414286192658914823e-21
3.292607385286828059e+00 1.788304599235391017e-21 1.256134484538862992e-21
3.293272385286399651e+00 4.053361356060034180e-21 1.663664540467385578e-21
3.293937385285971242e+00 8.730999727445754878e-22 1.645643081010732568e-21
3.294602385285542834e+00 -1.755931751044602244e-21 1.722964907356746948e-21
3.295267385285114425e+00 4.424181509034918956e-21 1.573285273464844845e-21
3.295932385284686017e+00 -1.709090707890142334e-21 1.604891710963487887e-21
3.296597385284257609e+00 1.972327908830869967e-22 1.716407742337444013e-21
3.297262385283829200e+00 -1.350758842579747535e-21 1.265529811607182982e-21
3.297927385283400792e+00 3.400263833035916420e-21 1.389723913455196707e-21
3.298592385282972383e+00 -3.110457321161374710e-21 1.356700297415385388e-21
3.299257385282543975e+00 -3.528912113040226683e-21 1.541273077053288588e-21
3.299922385282115567e+00 -3.667489372786719992e-21 1.603854210729898427e-21
3.300587385281687158e+00 -3.546435556771803049e-21 1.557581502484303158e-21
3.301252385281258750e+00 -2.600520043339913662e-21 1.359134236169236877e-21
3.301917385280830342e+00 3.241413298486799664e-21 1.484901900686862361e-21
3.302582385280401933e+00 9.933358044697586737e-21 1.350248646714681483e-21
3.303247385279973525e+00 1.021538945947173845e-20 1.706525441458145104e-21
3.303912385279545116e+00 1.267440117501569423e-20 1.348151872659995734e-21
3.304577385279116708e+00 -1.309971068961880842e-22 1.600594367910857027e-21
3.305242385278688300e+00 7.563113805535501022e-21 1.644231423267073086e-21
3.305907385278259891e+00 1.588488113879972085e-21 1.531230360313028718e-21
3.306572385277831483e+00 2.466492222958688967e-21 1.550218378070761283e-21
3.307237385277403074e+00 1.748627653946555571e-21 1.732563834004566798e-21
3.307902385276974666e+00 1.129494241864524371e-21 1.806768205276258462e-21
3.308567385276546258e+00 4.848345831497305622e-21 1.604092969333803767e-21
3.309232385276117849e+00 3.832533347336766513e-21 1.530847898429443389e-21
3.309897385275689441e+00 2.081585074872093582e-21 1.491925557499127491e-21
3.310562385275261033e+00 4.965211855781155062e-22 1.560865405598853617e-21
3.311227385274832624e+00 4.100847746540845697e-21 1.789257835936419338e-21
3.311892385274404216e+00 3.985429857697499701e-21 1.701547310427845381e-21
3.312557385273975807e+00 6.345627501718248306e-21 1.525872593702287418e-21
3.313222385273547399e+00 6.959598490048119003e-21 1.408554990500979164e-21
3.313887385273118991e+00 6.243301421257787770e-21 1.602469272395900887e-21
3.314552385272690582e+00 -8.126936102761295932e-22 1.592333390015630274e-21
3.315217385272262174e+00 7.090081635124192810e-21 1.714832557399699670e-21
3.315882385271833765e+00 2.352325933077553815e-21 1.536754089462279060e-21
3.316547385271405357e+00 -2.295856369329915365e-21 1.535050643469954629e-21
3.317212385270976949e+00 -7.497108849637119073e-21 1.442454938634518244e-21
3.317877385270548540e+00 -2.025314499305733101e-21 1.771461970279801684e-21
3.318542385270120132e+00 -2.487812082101180699e-21 1.879016450923859877e-21
3.319207385269691724e+00 -3.645773888634816336e-21 5.401020094140035471e-21
3.319872385269263315e+00 1.250269153528263672e-20 5.436419116925644004e-21
3.320537385268834907e+00 1.558573344952245790e-20 5.547245010858256367e-21
3.321202385268406498e+00 -3.723600289842035736e-21 1.376447930825685529e-21
3.321867385267978090e+00 -6.326682514684791883e-22 1.673108310353641198e-21
3.322532385267549682e+00 7.163040599764593233e-21 1.486708510339850420e-21
3.323197385267121273e+00 -1.395321281702493402e-22 1.672159428289701552e-21
3.323862385266692865e+00 -4.333514156392878976e-21 1.438171441675851408e-21
3.324527385266264456e+00 -2.385305381883057198e-21 1.627391432944015472e-21
3.325192385265836048e+00 2.630987055589910009e-22 1.363578261251777788e-21
3.325857385265407640e+00 1.069782852943424095e-21 1.692466125889172213e-21
3.326522385264979231e+00 -1.949601911474500666e-21 1.455334727256191420e-21
3.327187385264550823e+00 -5.578656719386053701e-21 1.481623969603747759e-21
3.327852385264122415e+00 -9.368229600515175642e-21 1.451559814979985552e-21
3.328517385263694006e+00 -6.400476578927837988e-21 1.544188418554003972e-21
3.329182385263265598e+00 7.603870769721596849e-22 1.447263325245950033e-21
3.329847385262837189e+00 2.235939072710679654e-22 1.452221233459836778e-21
3.330512385262408781e+00 -2.699480857217747943e-22 1.558757167924696964e-21
3.331177385261980373e+00 -5.112067727210861142e-21 1.261245325219546158e-21
3.331842385261551964e+00 -7.163125434410068340e-21 1.603779972686907932e-21
3.332507385261123556e+00 -4.980471819030713850e-21 1.431286488856854099e-21
3.333172385260695147e+00 -1.882102396415797694e-21 1.468112488952712890e-21
3.333837385260266739e+00 -2.991525672738678676e-21 1.533930354637666555e-21
3.334502385259838331e+00 -1.592609119904639702e-21 1.357912610511533680e-21
3.335167385259409922e+00 -8.858272634372574438e-21 1.378388428492275355e-21
3.335832385258981514e+00 -8.802167904105644943e-21 1.524771906162868679e-21
3.336497385258553106e+00 -5.103388430286642748e-21 1.602825230343987590e-21
3.337162385258124697e+00 -1.475941701354461716e-21 1.489060102275539149e-21
3.337827385257696289e+00 -2.865213038002542075e-21 1.362760156681535602e-21
3.338492385257267880e+00 -3.324307736752861266e-21 1.751722768852407441e-21
3.339157385256839472e+00 -4.184468798175351416e-21 1.424990608294886614e-21
3.339822385256411064e+00 5.430330417893758294e-21 1.474150991284928315e-21
3.340487385255982655e+00 -1.123300963541178836e-21 1.283593035624467270e-21
3.341152385255554247e+00 -8.679391527312696888e-21 1.620110969082505620e-21
3.341817385255125838e+00 -6.126826611807892702e-21 1.240464439028518032e-21
3.342482385254697430e+00 4.236984988269166893e-21 1.349748932447324162e-21
3.343147385254269022e+00 1.335258690904024903e-22 1.628670604379107732e-21
3.343812385253840613e+00 -1.581717401217239564e-21 1.480102754288558190e-21
3.344477385253412205e+00 -7.082691056030212808e-23 1.359994984660810465e-21
3.345142385252983797e+00 -1.193435317711361794e-21 1.454105188292866572e-21
3.345807385252555388e+00 7.255152109377941554e-21 1.771121010768043977e-21
3.346472385252126980e+00 -4.030587110118373786e-21 1.419018833830017320e-21
3.347137385251698571e+00 2.498999967105658017e-21 1.409505596007990288e-21
3.347802385251270163e+00 3.080446836389632978e-21 1.484348471522326818e-21
3.348467385250841755e+00 6.765772074120770460e-21 1.362987805625061513e-21
3.349132385250413346e+00 1.815419725573344730e-21 1.658887751527624065e-21
3.349797385249984938e+00 -1.430837441883085851e-21 1.624082192900831966e-21
3.350462385249556529e+00 2.841676320566808518e-21 1.710079303999246653e-21
3.351127385249128121e+00 2.538141679084485659e-21 1.740161662116944798e-21
3.351792385248699713e+00 -2.515960804333743685e-21 1.566992854640542073e-21
3.352457385248271304e+00 2.326151105672888777e-21 1.461099468206862500e-21
3.353122385247842896e+00 6.193358304475397586e-22 1.330605543509987418e-21
3.353787385247414488e+00 -6.435093682225142140e-22 2.293964204940310924e-21
3.354452385246986079e+00 2.039924088829715179e-21 2.112611071894667729e-21
3.355117385246557671e+00 4.922393393530092099e-22 2.324450261302940053e-21
3.355782385246129262e+00 -1.584756733618140720e-21 1.459968660044702244e-21
3.356447385245700854e+00 5.957000172987102193e-21 1.822602330759239690e-21
3.357112385245272446e+00 7.227074734136127133e-21 1.723547462940203677e-21
3.357777385244844037e+00 8.271060181829038725e-22 1.361710021255737200e-21
3.358442385244415629e+00 -2.918642221515606428e-21 1.343445915748267081e-21
3.359107385243987220e+00 -4.654966218894935986e-22 1.414111901901342081e-21
3.359772385243558812e+00 3.890230948038483029e-21 1.382137207652292989e-21
3.360437385243130404e+00 2.862231322727943450e-21 1.396622553812678343e-21
3.361102385242701995e+00 -2.470787556817736244e-21 1.476864460377133152e-21
3.361767385242273587e+00 -2.871953539585036035e-22 1.340446809865089790e-21
3.362432385241845179e+00 -3.079493081040950766e-21 1.290270394829450637e-21
3.363097385241416770e+00 8.428641442645784439e-21 1.586741319575956420e-21
3.363762385240988362e+00 1.790027433359539313e-21 1.278753528524777691e-21
3.364427385240559953e+00 -1.077180660955494171e-21 1.310006353391046522e-21
3.365092385240131545e+00 3.344132426902262074e-21 1.245886287216172292e-21
3.365757385239703137e+00 -1.734152034278086764e-21 1.438837578639362426e-21
3.366422385239274728e+00 -1.462616710208151069e-21 1.560372229793382300e-21
3.367087385238846320e+00 -4.551665959483461782e-21 1.507606953682823143e-21
3.367752385238417911e+00 -8.149938589780932080e-21 1.677000603236431127e-21
3.368417385237989503e+00 3.122155960156457004e-21 1.466017210853080416e-21
3.369082385237561095e+00 4.277699220335127671e-21 1.184065663317159571e-21
3.369747385237132686e+00 3.137813633949007952e-21 1.507183031706206176e-21
3.370412385236704278e+00 2.774582437706721415e-21 1.466475941077460911e-21
3.371077385236275870e+00 -3.684537926338981972e-22 2.433318429664403992e-21
3.371742385235847461e+00 -3.735331843659081786e-21 1.510726895543882207e-21
3.372407385235419053e+00 4.447993379792766397e-21 1.322042432724337039e-21
3.373072385234990644e+00 3.974019751510828523e-21 1.669126410676756914e-21
3.373737385234562236e+00 9.374405142004412573e-22 6.461654267338590774e-21
3.374402385234133828e+00 5.509974704028225343e-21 1.787502672099026759e-21
3.375067385233705419e+00 3.678125714710044716e-21 1.418169250225834617e-21
3.375732385233277011e+00 3.937066347557813911e-21 1.356217681507047039e-21
3.376397385232848602e+00 -1.001462493516641359e-21 1.485918154409518177e-21
3.377062385232420194e+00 -3.207519925243137238e-21 1.418303387749301359e-21
3.377727385231991786e+00 -3.408227151891475480e-21 1.573512058677041638e-21
3.378392385231563377e+00 4.609177009354914169e-21 1.625523099084416754e-21
3.379057385231134969e+00 1.311414298298018168e-21 1.672965695211256757e-21
3.379722385230706561e+00 -2.454176661535343892e-21 1.353118217562684408e-21
3.380387385230278152e+00 -2.244656084593417557e-21 1.351565820501147573e-21
3.381052385229849744e+00 -4.556326201040337886e-21 1.672911819614847345e-21
3.381717385229421335e+00 -7.333890554144301553e-21 1.501478394972429297e-21
3.382382385228992927e+00 -9.638087152131158966e-21 1.488721866224730188e-21
3.383047385228564519e+00 -7.302531792423984332e-21 1.433154430458742775e-21
3.383712385228136110e+00 -1.968069251097394775e-20 1.564043111692996081e-21
3.384377385227707702e+00 -6.600201150188702844e-21 1.338759897145844500e-21
3.385042385227279294e+00 -9.093397874043045317e-21 1.500548507170780103e-21
3.385707385226850885e+00 -9.185150970209620968e-22 1.355256184536061407e-21
3.386372385226422477e+00 -5.271453758673164472e-21 1.665948800907767213e-21
3.387037385225994068e+00 -3.926008776678440251e-22 1.388180520985488516e-21
3.387702385225565660e+00 -1.191142536743833262e-21 1.312637503061289714e-21
3.388367385225137252e+00 -5.804330608409260350e-22 1.140366141042954986e-21
3.389032385224708843e+00 -3.386854600068349967e-22 1.344784146635588711e-21
3.389697385224280435e+00 -9.829885166134482147e-22 1.077340079610053406e-21
3.390362385223852026e+00 1.617386114449507939e-21 1.302841402990265303e-21
3.391027385223423618e+00 -1.155001631717841329e-21 1.322037434264183612e-21
3.391692385222995210e+00 1.701599312894890684e-21 1.289538164128412580e-21
3.392357385222566801e+00 -9.192409702063406522e-22 1.307721324251997134e-21
3.393022385222138393e+00 -1.609485372969778321e-21 1.360654127810097189e-21
3.393687385221709985e+00 -7.039729988507687269e-21 1.618428616980228203e-21
3.394352385221281576e+00 -2.607316537384603357e-21 1.431688928035043104e-21
3.395017385220853168e+00 -8.944130065646435879e-22 1.312873960397564933e-21
3.395682385220424759e+00 3.566507453906214704e-21 1.549847937240508355e-21
3.396347385219996351e+00 2.130106971175615156e-21 1.381679146322460547e-21
3.397012385219567943e+00 1.675541416595526711e-21 1.457236567375495381e-21
3.397677385219139534e+00 -3.268741899084082335e-21 1.439882116164810704e-21
3.398342385218711126e+00 3.140864926684179387e-21 1.388658490716851708e-21
3.399007385218282717e+00 1.464066347729516549e-21 1.177557875426714235e-21
3.399672385217854309e+00 -5.476539239541690643e-22 1.452844189573339926e-21
3.400337385217425901e+00 2.318426754005848365e-21 1.532814238028588936e-21
3.401002385216997492e+00 2.107705181607420740e-21 1.373914719027668973e-21
3.401667385216569084e+00 2.579132522381239002e-21 1.263773807645402193e-21
3.402332385216140676e+00 3.040569756147532960e-22 1.506601355489614430e-21
3.402997385215712267e+00 3.791691451690623770e-21 1.313213018666042320e-21
3.403662385215283859e+00 5.868651983251973192e-21 3.017869042420891449e-20
3.404327385214855450e+00 4.733296360613028283e-21 1.850171435510691206e-20
3.404992385214427042e+00 2.990114990865401373e-21 1.760262534917890287e-20
3.405657385213998634e+00 -1.254293005003400497e-21 7.297624374422880549e-21
3.406322385213570225e+00 6.187742579351085388e-21 1.523172865649775861e-21
3.406987385213141817e+00 3.891222412343770087e-21 1.344411173109855643e-21
3.407652385212713408e+00 -3.691266924805273906e-21 1.269857434166548677e-21
3.408317385212285000e+00 -4.686879004109520185e-21 1.425279853450002736e-21
3.408982385211856592e+00 -6.028276610381419933e-21 1.274037472518358873e-21
3.409647385211428183e+00 3.035668828192058844e-21 1.195851054261545083e-21
3.410312385210999775e+00 1.931925578880457184e-21 1.387798924432159282e-21
3.410977385210571367e+00 1.283046139036585082e-21 1.354269976874765378e-21
3.411642385210142958e+00 -2.287077395081426306e-21 1.327225209142238700e-21
3.412307385209714550e+00 9.419741402888251653e-22 1.170610440341678392e-21
3.412972385209286141e+00 -1.571718541188369020e-21 1.287574065886640221e-21
3.413637385208857733e+00 -2.155552977459776006e-21 1.045001638669840742e-21
3.414302385208429325e+00 -1.598149670435219397e-21 1.368397923911322865e-21
3.414967385208000916e+00 -1.747691031786323887e-21 1.302424988800693069e-21
3.415632385207572508e+00 -2.115367980022638325e-21 1.384606993217825467e-21
3.416297385207144099e+00 4.393142895850326760e-22 1.230893213544764289e-21
3.416962385206715691e+00 -6.035158213139768037e-21 1.299820551919119388e-21
3.417627385206287283e+00 1.010743853620851821e-21 1.341351065144830182e-21
3.418292385205858874e+00 6.680002161859966899e-21 1.528513853838938830e-21
3.418957385205430466e+00 4.468385231067643520e-21 1.267270824105635666e-21
3.419622385205002058e+00 -6.954453454258116454e-22 1.492751849502334909e-21
3.420287385204573649e+00 -7.429174451982378350e-22 1.368097812387680573e-21
3.420952385204145241e+00 1.442284919006062556e-21 1.473565294877103427e-21
3.421617385203716832e+00 -1.103037038431730608e-21 1.400043307554484312e-21
3.422282385203288424e+00 -2.309734197393978274e-21 1.239489723824479292e-21
3.422947385202860016e+00 7.774209223640842391e-22 1.468265961715213492e-21
3.423612385202431607e+00 -5.003006428368182121e-21 1.463867595794502198e-21
3.424277385202003199e+00 -6.432458026921904841e-21 1.437935516218980995e-21
3.424942385201574790e+00 -2.725095498566294707e-21 1.337866160987251562e-21
3.425607385201146382e+00 4.134086422492210561e-21 1.173511240693505443e-21
3.426272385200717974e+00 9.932918396810121492e-22 1.465364347139630297e-21
3.426937385200289565e+00 -3.315712319106405272e-21 1.618638028665677342e-21
3.427602385199861157e+00 -1.564832330950688046e-21 1.383935952129212569e-21
3.428267385199432749e+00 5.266959667205794898e-22 1.384826192556741886e-21
3.428932385199004340e+00 -2.747511361336220745e-21 1.517135808389222402e-21
3.429597385198575932e+00 3.007385654395297899e-21 1.340426647546477042e-21
3.430262385198147523e+00 1.604544918560949715e-21 1.384669632817160405e-21
3.430927385197719115e+00 -4.256140086589644908e-21 1.585151709176648632e-21
3.431592385197290707e+00 -2.246177025288121094e-21 1.486932156401939796e-21
3.432257385196862298e+00 -2.404534679769237453e-21 1.244555968781771155e-21
3.432922385196433890e+00 -2.874699107837560283e-21 1.224977576588298463e-21
3.433587385196005481e+00 -4.037521508209845732e-21 1.336057161283148063e-21
3.434252385195577073e+00 8.070014333724383118e-22 1.213415878007657458e-21
3.434917385195148665e+00 -6.820807692282728198e-21 1.363774728209256960e-21
3.435582385194720256e+00 -7.581633637315114940e-21 1.331098097201560576e-21
3.436247385194291848e+00 -4.274819144395384631e-21 1.414112437197116212e-21
3.436912385193863440e+00 -4.660073509094400569e-22 1.438113046298519497e-21
3.437577385193435031e+00 7.900601073769391091e-21 1.521196312052346497e-21
3.438242385193006623e+00 -8.482783054177232352e-22 1.466067468808378598e-21
3.438907385192578214e+00 -1.240260182730282359e-21 1.550130874877307765e-21
3.439572385192149806e+00 -5.951988621987614439e-21 1.302847676659419461e-21
3.440237385191721398e+00 -1.645127078922102933e-21 1.298117894809716906e-21
3.440902385191292989e+00 2.476188754657501979e-22 1.340322028727801482e-21
3.441567385190864581e+00 -8.963074928668670734e-22 1.379781034337142414e-21
3.442232385190436172e+00 -5.022378841089885766e-23 1.417036850130283544e-21
3.442897385190007764e+00 -3.485185845920908632e-21 1.333528484180556682e-21
3.443562385189579356e+00 1.550477187504553795e-21 1.580952003514411332e-21
3.444227385189150947e+00 -7.579024177464358642e-22 1.456908106511928717e-21
3.444892385188722539e+00 -4.013531065088319751e-21 1.439605711365082163e-21
3.445557385188294131e+00 -4.960699130082391555e-21 1.343811475815639357e-21
3.446222385187865722e+00 -2.794713792600439689e-21 1.504491506203389875e-21
3.446887385187437314e+00 2.065590918198661548e-21 1.379093146627751132e-21
3.447552385187008905e+00 3.099821390449756881e-21 1.381420148507603391e-21
3.448217385186580497e+00 -5.812713946026434358e-21 1.260476477341700327e-21
3.448882385186152089e+00 -6.853811865978585770e-21 1.278374488892638822e-21
3.449547385185723680e+00 -2.154192598803063977e-23 1.391215420165081750e-21
3.450212385185295272e+00 3.553330222274592333e-21 1.291642752307115569e-21
3.450877385184866863e+00 -3.962837270495851240e-22 1.401091258372100026e-21
3.451542385184438455e+00 -4.572753833773798853e-21 3.940481828894348005e-21
3.452207385184010047e+00 -4.869712617934152274e-21 1.940312581312170119e-21
3.452872385183581638e+00 2.032068323941020229e-21 1.969835690617693618e-21
3.453537385183153230e+00 1.017158320550268006e-21 1.436215470715301313e-21
3.454202385182724822e+00 -5.266774678820772922e-21 1.294475912830909839e-21
3.454867385182296413e+00 2.787909014826221808e-22 1.435468497001956945e-21
3.455532385181868005e+00 1.049976111903408891e-21 1.544246057304519085e-21
3.456197385181439596e+00 5.946411738220729424e-21 1.705378588380305876e-21
3.456862385181011188e+00 -2.267684870466602045e-21 1.515964231335126682e-21
3.457527385180582780e+00 -2.130371881604516082e-21 1.379321241937658982e-21
3.458192385180154371e+00 1.403576979225983839e-21 1.375175842900724607e-21
3.458857385179725963e+00 -1.957933359573670075e-21 1.268810450852801996e-21
3.459522385179297554e+00 -8.512970367248789349e-22 1.509209838437800125e-21
3.460187385178869146e+00 6.533166463999386307e-21 1.254365556159410271e-21
3.460852385178440738e+00 3.296051681684307828e-21 1.172424203518839432e-21
3.461517385178012329e+00 3.485476776116733987e-22 1.260076749697222001e-21
3.462182385177583921e+00 1.183578460567214603e-21 1.438602222935600886e-21
3.462847385177155513e+00 1.917493438556316265e-21 1.222057733409830108e-21
3.463512385176727104e+00 -2.211436458261727268e-21 1.192470283234885823e-21
3.464177385176298696e+00 1.830444327623566334e-21 1.377190490010256724e-21
3.464842385175870287e+00 2.565444432778466604e-21 1.435814530405702999e-21
3.465507385175441879e+00 9.843154230265073529e-22 1.415592637577568376e-21
3.466172385175013471e+00 -6.862941330091318093e-22 1.227269019040342712e-21
3.466837385174585062e+00 -3.405620998484464019e-22 1.272110506280772601e-21
3.467502385174156654e+00 1.568299018592161051e-21 1.247287114159468215e-21
3.468167385173728245e+00 3.895268385343098356e-21 1.324019004724088900e-21
3.468832385173299837e+00 1.452007118967790635e-21 1.290917354484815999e-21
3.469497385172871429e+00 4.996129496349554130e-21 1.407538370433828052e-21
3.470162385172443020e+00 6.378849199462102822e-21 1.296792177827261294e-21
3.470827385172014612e+00 7.743771084573834273e-21 1.426654919098806228e-21
3.471492385171586204e+00 9.477032346812532250e-21 1.328087327694018682e-21
3.472157385171157795e+00 1.004271468261549505e-20 1.491929878296511734e-21
3.472822385170729387e+00 5.874929563669587423e-21 1.403991905650678812e-21
3.473487385170300978e+00 -9.150976525661433479e-22 1.210116395585660933e-21
3.474152385169872570e+00 1.146005455398848358e-21 1.503537222148463529e-21
3.474817385169444162e+00 -9.927150845349201533e-22 1.401263142404602543e-21
3.475482385169015753e+00 4.233938486119735597e-21 1.226536644213353458e-21
3.476147385168587345e+00 6.442456049591499151e-21 1.232757904112912739e-21
3.476812385168158936e+00 -5.249883777837400943e-21 1.248134756324428164e-21
3.477477385167730528e+00 3.104347153476146614e-21 1.668826123321045940e-21
3.478142385167302120e+00 4.876308433228177766e-21 1.391420213720759536e-21
3.478807385166873711e+00 2.734475146441179230e-21 1.223264608303112772e-21
3.479472385166445303e+00 -2.940931342115857113e-21 1.355735236990044844e-21
3.480137385166016895e+00 1.232471873497548488e-21 1.342866230966761635e-21
3.480802385165588486e+00 3.275654275094979823e-21 1.494978914148355957e-21
3.481467385165160078e+00 1.481003170901337907e-22 1.351869152183363543e-21
3.482132385164731669e+00 -3.686549774114613472e-21 1.116824696240857701e-21
3.482797385164303261e+00 1.182781225248994054e-21 1.558808556070611063e-21
3.483462385163874853e+00 3.058119383806271741e-21 1.169882129943729252e-21
3.484127385163446444e+00 -3.065387556711802214e-21 1.569151603782353003e-21
3.484792385163018036e+00 -1.228026401612860091e-20 1.786216984525657268e-21
3.485457385162589627e+00 -2.703408619387697792e-21 1.388810992268787912e-21
3.486122385162161219e+00 -9.652654303659357115e-22 1.442746203101962658e-21
3.486787385161732811e+00 2.562408037027517058e-21 1.527929041603052825e-21
3.487452385161304402e+00 6.117579326975744298e-23 1.214458029253022064e-21
3.488117385160875994e+00 3.803272297655319248e-21 1.670778089989832412e-21
3.488782385160447586e+00 4.504954861108631272e-21 1.555260802355295045e-21
3.489447385160019177e+00 3.604633784647282972e-21 1.524128935308155322e-21
3.490112385159590769e+00 4.149359656585450371e-21 1.225220834572511181e-21
3.490777385159162360e+00 -2.485086813385471666e-22 5.779832503986338119e-21
3.491442385158733952e+00 -3.477240931450694731e-21 6.132329681449566592e-21
3.492107385158305544e+00 -1.236422864708466224e-21 7.261542000660865123e-21
3.492772385157877135e+00 -3.362505592584354095e-22 2.940637754197845307e-21
3.493437385157448727e+00 -1.670114983127601627e-21 1.148078349045963014e-21
3.494102385157020318e+00 2.574279541634451602e-21 1.256613529537858059e-21
3.494767385156591466e+00 5.115214624801332030e-21 1.225067348005532296e-21
3.495432385156163058e+00 9.258211788033428090e-21 1.186486536806432244e-21
3.496097385155734649e+00 3.546872098677289588e-21 1.345556799000200572e-21
3.496762385155306241e+00 -2.750744082373694144e-21 1.355400596615982955e-21
3.497427385154877832e+00 -1.016034499085389707e-21 1.216700002068408028e-21
3.498092385154449424e+00 -5.541350567182839828e-21 1.248369602568488925e-21
3.498757385154021016e+00 -3.485000018464931720e-21 1.362668017927611616e-21
3.499422385153592607e+00 -2.905798007726122745e-22 1.119482265053932942e-21
3.500087385153164199e+00 5.649389506644210615e-22 1.429892727294736033e-21
3.500752385152735791e+00 -1.692143441713017979e-21 1.377472568779753180e-21
3.501417385152307382e+00 -1.666220022324086852e-21 1.320380446495846771e-21
3.502082385151878974e+00 2.646282034933218305e-21 1.341288629022476513e-21
3.502747385151450565e+00 4.553930393022023848e-21 1.654815098285059338e-21
3.503412385151022157e+00 4.045627242156041268e-22 1.344403748038133901e-21
3.504077385150593749e+00 2.102026139418786329e-21 1.314691006480811564e-21
3.504742385150165340e+00 1.646025372547327035e-21 1.407632450343874752e-21
3.505407385149736932e+00 -8.368265741471898800e-22 1.346533888496177947e-21
3.506072385149308523e+00 1.148006412970543360e-20 1.573776718466122829e-21
3.506737385148880115e+00 8.578473344932073979e-21 1.258153350914212023e-21
3.507402385148451707e+00 8.123946114848613306e-22 1.455276525301293670e-21
3.508067385148023298e+00 1.768934046131370103e-21 1.399415211896401781e-21
3.508732385147594890e+00 2.850665403334398608e-21 1.454296791579977869e-21
3.509397385147166482e+00 6.892049099649112690e-21 1.376103247275466628e-21
3.510062385146738073e+00 6.571248073622798121e-22 1.278654836102011245e-21
3.510727385146309665e+00 7.446047563224499404e-21 1.387262263633274087e-21
3.511392385145881256e+00 4.478933077206921401e-21 1.254815946249326509e-21
3.512057385145452848e+00 2.175629018705940849e-21 1.595614198333381918e-21
3.512722385145024440e+00 9.189998571263310061e-21 1.283604883607404125e-21
3.513387385144596031e+00 4.198317702914494210e-21 1.118920979065164937e-21
3.514052385144167623e+00 5.065729952043048230e-21 1.390756305935024563e-21
3.514717385143739214e+00 -3.162188794474528293e-21 1.250394455655605790e-21
3.515382385143310806e+00 -2.296078325596072912e-21 1.357613911355295780e-21
3.516047385142882398e+00 2.549377102164994611e-21 1.322551851583528610e-21
3.516712385142453989e+00 3.173803145313257214e-21 1.411548728992200843e-21
3.517377385142025581e+00 5.176943795701622762e-21 1.333442052559505164e-21
3.518042385141597173e+00 3.559316307553670756e-21 1.555673972701869746e-21
3.518707385141168764e+00 2.063349644499777943e-21 1.533023776313481349e-21
3.519372385140740356e+00 3.551679673711142289e-22 1.396083138815448048e-21
3.520037385140311947e+00 3.592837773904442633e-21 1.517367773532013558e-21
3.520702385139883539e+00 6.124542237606219378e-21 1.250598288921707372e-21
3.521367385139455131e+00 2.415958704165560560e-23 1.148161905441247681e-21
3.522032385139026722e+00 4.082629800467011731e-21 1.420685417481041479e-21
3.522697385138598314e+00 6.962757864966318914e-21 1.261793603736667593e-21
3.523362385138169905e+00 3.939997488830727216e-21 1.246508970593397014e-21
3.524027385137741497e+00 7.970363509629134141e-21 1.381450687925604085e-21
3.524692385137313089e+00 7.413286691222377434e-22 1.658131892689785478e-21
3.525357385136884680e+00 9.503416542099191576e-21 1.399383179334062762e-21
3.526022385136456272e+00 9.596184952152415442e-21 1.299604494834020407e-21
3.526687385136027864e+00 5.659381635598050674e-21 1.401512853966000441e-21
3.527352385135599455e+00 6.407133879203583068e-21 1.304270431183262647e-21
3.528017385135171047e+00 -4.547294225805452272e-21 9.592651585645971523e-22
3.528682385134742638e+00 2.280468229406538183e-21 1.323484374108043336e-21
3.529347385134314230e+00 6.102990815694297528e-21 1.439233276226169316e-21
3.530012385133885822e+00 3.679849240568867887e-21 1.403607173889198895e-21
3.530677385133457413e+00 1.028746180335404231e-21 1.100746834387458931e-21
3.531342385133029005e+00 -3.034605145102558152e-23 1.183755272537497562e-21
3.532007385132600596e+00 6.825490347855851122e-22 1.230742169497422401e-21
3.532672385132172188e+00 3.815221966530724264e-21 1.310115852554947334e-21
3.533337385131743780e+00 7.857510529897376457e-21 1.554637689439213136e-21
3.534002385131315371e+00 9.197668390407093470e-21 1.469687573734751122e-21
3.534667385130886963e+00 3.652668151981883882e-21 1.441263915420493815e-21
3.535332385130458555e+00 -2.889673392329650800e-22 1.253426008752860363e-21
3.535997385130030146e+00 1.541285176919427619e-21 1.210700427963490768e-21
3.536662385129601738e+00 -3.170409922664681711e-21 1.171953988182401855e-21
3.537327385129173329e+00 3.214544883520750853e-21 1.464612906089161613e-21
3.537992385128744921e+00 1.439296989733088037e-21 1.212901999892986356e-21
3.538657385128316513e+00 -2.299135696000811658e-21 1.190480624282493284e-21
3.539322385127888104e+00 1.306895481898169014e-22 1.418792392031576066e-21
3.539987385127459696e+00 5.297945507678819597e-21 1.230895248552322682e-21
3.540652385127031287e+00 5.784751719577207336e-21 1.349273888402934598e-21
3.541317385126602879e+00 -2.246447649595121251e-21 1.110390750092209482e-21
3.541982385126174471e+00 -4.950368661446625687e-22 1.340261779629434456e-21
3.542647385125746062e+00 -5.712099236272059852e-22 1.339790679570384033e-21
3.543312385125317654e+00 5.886555051544717882e-22 1.451802827969300832e-21
3.543977385124889246e+00 3.099206063270082735e-22 1.288131262451250943e-21
3.544642385124460837e+00 1.979419273749898634e-21 1.383335255596031853e-21
3.545307385124032429e+00 5.266116822276280239e-21 1.456134056530536559e-21
3.545972385123604020e+00 3.459707864521573202e-21 1.221314869781977337e-21
3.546637385123175612e+00 3.202871050065431908e-21 1.305606971315050519e-21
3.547302385122747204e+00 6.763589257541275629e-21 1.236403359300218754e-21
3.547967385122318795e+00 1.306735036827467231e-21 1.327623151103161400e-21
3.548632385121890387e+00 -1.148313482903867083e-21 1.308516873287389336e-21
3.549297385121461978e+00 9.705336381053374085e-22 1.370372493654608424e-21
3.549962385121033570e+00 5.283053456378135855e-21 1.205553747379016027e-21
3.550627385120605162e+00 5.725197228268272984e-21 1.442982792566883458e-21
3.551292385120176753e+00 4.179045874621520110e-21 1.486585372803416839e-21
3.551957385119748345e+00 5.199825964079748459e-21 1.292743930392603580e-21
3.552622385119319937e+00 7.376402545841682003e-21 1.492556799257799620e-21
3.553287385118891528e+00 5.881755711444968161e-21 1.328562330256840429e-21
3.553952385118463120e+00 6.556430423819131714e-21 1.567764537164767945e-21
3.554617385118034711e+00 1.306030808168824106e-21 1.462584309419746768e-21
3.555282385117606303e+00 3.375040793828147149e-21 1.301035068858702019e-21
3.555947385117177895e+00 6.779230083967646725e-21 1.400237838039730983e-21
3.556612385116749486e+00 2.218872818699033272e-21 1.244389677736172559e-21
3.557277385116321078e+00 8.549793259756349444e-22 1.373074450225500494e-21
3.557942385115892669e+00 1.959887836361372624e-21 1.533095305380073010e-21
3.558607385115464261e+00 4.877839709250790484e-21 1.324705105874508711e-21
3.559272385115035853e+00 3.630861729599640275e-21 1.269760170194129742e-21
3.559937385114607444e+00 5.297614324608831631e-21 1.337666200769207819e-21
3.560602385114179036e+00 -5.702403815343419495e-21 1.403607905208616883e-21
3.561267385113750628e+00 2.298849456840332459e-23 1.109468735032483934e-21
3.561932385113322219e+00 5.822474110203598030e-21 1.470642927339523889e-21
3.562597385112893811e+00 4.224901521413617785e-21 1.538824248629005268e-21
3.563262385112465402e+00 5.701092165602695207e-22 1.347292677146645818e-21
3.563927385112036994e+00 3.193126478421346628e-21 1.314976982467725143e-21
3.564592385111608586e+00 2.770389506490483826e-21 2.734507462536722820e-21
3.565257385111180177e+00 6.268339731272453300e-22 2.826994230969932931e-21
3.565922385110751769e+00 2.222596004576872639e-22 1.397432388727672063e-21
3.566587385110323360e+00 1.954656127771786720e-21 1.380736387944052700e-21
3.567252385109894952e+00 -3.393860412505823045e-21 1.446315629083298013e-21
3.567917385109466544e+00 -3.748441472689841324e-22 1.153756419614409357e-21
3.568582385109038135e+00 2.958143162195966221e-21 1.270364257830877373e-21
3.569247385108609727e+00 1.037279159208016623e-20 1.435175186116227161e-21
3.569912385108181319e+00 3.066861397354728305e-21 1.205886218797289562e-21
3.570577385107752910e+00 -1.639764530112625105e-21 1.347892448733143084e-21
3.571242385107324502e+00 -3.157224139305753306e-21 1.393049232983825544e-21
3.571907385106896093e+00 5.422390425336155131e-21 1.701929911846033756e-21
3.572572385106467685e+00 4.163643952860523956e-21 1.713448842363300365e-21
3.573237385106039277e+00 1.923069858697119436e-22 1.832441144910622996e-21
3.573902385105610868e+00 1.821217575019443837e-21 1.647994315419463915e-21
3.574567385105182460e+00 6.544452489178353663e-23 1.360247037342733110e-21
3.575232385104754051e+00 3.913897174494474880e-21 1.199550504007110172e-21
3.575897385104325643e+00 -1.569799016648448887e-21 1.187083654869661917e-21
3.576562385103897235e+00 9.391462848621025500e-22 1.515168289544138445e-21
3.577227385103468826e+00 1.944882714729636872e-21 1.510342681151585516e-21
3.577892385103040418e+00 3.374577863697709188e-21 1.174283249551624090e-21
3.578557385102612010e+00 -1.066918927286826666e-21 1.272999813189129372e-21
3.579222385102183601e+00 1.428266604484127173e-21 1.178542655333203701e-21
3.579887385101755193e+00 6.202684116034689205e-22 1.185417142974708051e-21
3.580552385101326784e+00 1.374363477622122901e-21 1.186260673948345233e-21
3.581217385100898376e+00 1.839888368118614531e-21 1.275324000097693887e-21
3.581882385100469968e+00 -3.901517244288014101e-22 1.275901802799222885e-21
3.582547385100041559e+00 -6.578364895608597775e-22 1.324196018185913641e-21
3.583212385099613151e+00 1.843796736794449003e-21 1.225083842033675153e-21
3.583877385099184743e+00 4.358689969445295243e-21 1.243416852459246937e-21
3.584542385098756334e+00 4.988163147972515105e-21 1.111285250414951062e-21
3.585207385098327926e+00 3.487243724311254104e-21 1.207309598627070770e-21
3.585872385097899517e+00 7.043245522547644501e-21 1.310219116953185272e-21
3.586537385097471109e+00 3.695483339246973555e-21 1.099310309220205966e-21
3.587202385097042701e+00 5.193167610032289692e-21 1.235238848192337704e-21
3.587867385096614292e+00 3.435125875833178773e-21 1.059456739696318868e-21
3.588532385096185884e+00 5.891552821318981229e-21 1.146259856880845858e-21
3.589197385095757475e+00 7.331895546225949603e-21 1.182092349110569592e-21
3.589862385095329067e+00 5.635641012037633104e-21 1.184203278620519349e-21
3.590527385094900659e+00 -5.188188032567469820e-22 1.191387165089700284e-21
3.591192385094472250e+00 1.857303643920480240e-21 1.220605075327210101e-21
3.591857385094043842e+00 1.717915896160683890e-21 1.311358313679883822e-21
3.592522385093615434e+00 4.155694982677900224e-21 1.280182219705257115e-21
3.593187385093187025e+00 5.497585776826926265e-22 1.355739325297943100e-21
3.593852385092758617e+00 3.113288430644411378e-21 1.136816578716474725e-21
3.594517385092330208e+00 3.709084150003750092e-21 1.304090601638076647e-21
3.595182385091901800e+00 6.617110615048087251e-21 1.274480349706558538e-21
3.595847385091473392e+00 6.120464542388964078e-21 1.469699784196241339e-21
3.596512385091044983e+00 3.484232918520132641e-21 1.287097267701663682e-21
3.597177385090616575e+00 7.969582524222608008e-21 1.230189787409038890e-21
3.597842385090188166e+00 4.763436573836898480e-21 1.387964895652218845e-21
3.598507385089759758e+00 7.262042972315181491e-21 1.295212485003206438e-21
3.599172385089331350e+00 1.283199604859677712e-20 1.333408732814254014e-21
3.599837385088902941e+00 3.966046819678949734e-21 1.488540300052234335e-21
3.600502385088474533e+00 -1.693712214817534292e-21 1.487426890349922644e-21
3.601167385088046125e+00 6.655595266084172138e-21 1.397490572016543120e-21
3.601832385087617716e+00 -1.685121299704355822e-22 1.507125837977990004e-21
3.602497385087189308e+00 6.205867765298962038e-21 1.510690369903122150e-21
3.603162385086760899e+00 2.973350575187067090e-21 1.326331750172972513e-21
3.603827385086332491e+00 -2.329474589377720652e-21 1.292991556529120615e-21
3.604492385085904083e+00 2.227574075427856340e-21 1.365253677289692667e-21
3.605157385085475674e+00 2.607013735108408575e-21 1.336640243949465649e-21
3.605822385085047266e+00 2.833904657724482493e-22 1.196912838247104188e-21
3.606487385084618857e+00 7.556420157088170473e-21 1.117923254573237861e-21
3.607152385084190449e+00 9.657474122731608033e-21 1.284350289210574873e-21
3.607817385083762041e+00 7.463006211118191176e-21 1.309068497245769796e-21
3.608482385083333632e+00 5.930950041487313221e-21 1.456021268494121503e-21
3.609147385082905224e+00 8.251354358344367394e-21 1.333712101857670551e-21
3.609812385082476816e+00 -4.466405299420843589e-21 1.789156424102332214e-21
3.610477385082048407e+00 2.148675198470270882e-21 1.290975714275486028e-21
3.611142385081619999e+00 6.608758648361963244e-21 1.396069387524103965e-21
3.611807385081191590e+00 1.030690551682508331e-20 1.368345261831921343e-21
3.612472385080763182e+00 9.297366197716870758e-21 1.164151101676893340e-21
3.613137385080334774e+00 6.787181298200050072e-21 1.180201438312994535e-21
3.613802385079906365e+00 4.478139986612811930e-21 1.064157352788359120e-21
3.614467385079477957e+00 2.504435451876829348e-21 1.060297386923995873e-21
3.615132385079049548e+00 9.066550093017511958e-22 1.743671968020615000e-21
3.615797385078621140e+00 4.120331169563434197e-21 1.471099092577398072e-21
3.616462385078192732e+00 7.276351599342320602e-21 1.236656537823997345e-21
3.617127385077764323e+00 7.530053132670345069e-21 1.188104877307673522e-21
3.617792385077335915e+00 7.475637554830010500e-21 1.154793685683148816e-21
3.618457385076907507e+00 2.994519292493551323e-21 1.194555783589937447e-21
3.619122385076479098e+00 1.968421569604875547e-21 1.294093658032703484e-21
3.619787385076050690e+00 5.336134517851517502e-21 1.237515982594365094e-21
3.620452385075622281e+00 7.947130303037434358e-22 1.307509497409516297e-21
3.621117385075193873e+00 4.884997731271509025e-21 1.165636015780870075e-21
3.621782385074765465e+00 9.502403396912512923e-21 1.334547043921635951e-21
3.622447385074337056e+00 7.156217467373992014e-21 1.140487253931409225e-21
3.623112385073908648e+00 6.344950210364075929e-21 1.226284941665286499e-21
3.623777385073480239e+00 4.039222168614363562e-21 1.321218044056270599e-21
3.624442385073051831e+00 3.785780002370031474e-21 1.175141470013905934e-21
3.625107385072623423e+00 1.913799965653919311e-21 1.100983925522181762e-21
3.625772385072195014e+00 7.544815312885253145e-21 1.297886544212811851e-21
3.626437385071766606e+00 8.453302018062312604e-22 1.322388797245409575e-21
3.627102385071338198e+00 9.037784351683451872e-22 1.298388725629270869e-21
3.627767385070909789e+00 5.663090009631952389e-22 1.236338716435025969e-21
3.628432385070481381e+00 1.215246024808392525e-21 1.257319169376953069e-21
3.629097385070052972e+00 7.155267709462069222e-21 1.298855888334740984e-21
3.629762385069624564e+00 4.631109555592200419e-21 1.343119722641652052e-21
3.630427385069196156e+00 7.650232015044669940e-22 1.238117788115052411e-21
3.631092385068767747e+00 1.803533430796140043e-21 1.423147918281302531e-21
3.631757385068339339e+00 7.341524376900658781e-21 1.352829020863385463e-21
3.632422385067910930e+00 1.536692365529928649e-20 1.207863985335521680e-21
3.633087385067482522e+00 1.360501327580426797e-20 1.214052364071107326e-21
3.633752385067054114e+00 1.259400966756069519e-21 1.313302772135436636e-21
3.634417385066625705e+00 7.142488314540971995e-21 1.427270868229302296e-21
3.635082385066197297e+00 2.840541342938518243e-21 1.301283122981928297e-21
3.635747385065768889e+00 1.797077961396947168e-21 1.310234871232330314e-21
3.636412385065340480e+00 1.061226696671948081e-20 1.411280328967124010e-21
3.637077385064912072e+00 2.802967024287881998e-21 1.134387479684745702e-21
3.637742385064483663e+00 -5.137815248440471110e-23 1.018067298627528017e-21
3.638407385064055255e+00 2.215017546223194441e-21 1.199638814027876537e-21
3.639072385063626847e+00 5.888693004886523166e-21 1.324141413594532845e-21
3.639737385063198438e+00 3.239368211952426922e-21 1.264403637022582244e-21
3.640402385062770030e+00 -9.031645861661422730e-22 1.289733602403844100e-21
3.641067385062341621e+00 6.475163239217657008e-21 1.247475216316609516e-21
3.641732385061913213e+00 5.028030864982689267e-21 1.383699757664801400e-21
3.642397385061484805e+00 5.839316367565273026e-21 1.375612096457966551e-21
3.643062385061056396e+00 5.547217595218929962e-21 1.141057411087903641e-21
3.643727385060627988e+00 1.104846175095312524e-21 1.256505682172771456e-21
3.644392385060199580e+00 9.237871849730288560e-22 1.341716295347003719e-21
3.645057385059771171e+00 9.000044031257083615e-21 1.364489828251838787e-21
3.645722385059342763e+00 2.593754949890033778e-21 1.380646907508302462e-21
3.646387385058914354e+00 3.661199277854179240e-21 1.288631350624339129e-21
3.647052385058485946e+00 1.189403216423537661e-21 1.164965341482690456e-21
3.647717385058057538e+00 5.329821505208697099e-21 1.285205108955761468e-21
3.648382385057629129e+00 1.220710138495598143e-21 1.257769051810022145e-21
3.649047385057200721e+00 6.605292638493831875e-21 1.182095075169249886e-21
3.649712385056772312e+00 1.455487701308645550e-20 1.264920422490564068e-21
3.650377385056343904e+00 6.784640307072550132e-21 1.381013713375713935e-21
3.651042385055915496e+00 1.691880464012393652e-21 1.226353830290511721e-21
3.651707385055487087e+00 2.956608828883546272e-21 1.476344934238046143e-21
3.652372385055058679e+00 4.514370732457664463e-21 1.250066982726936987e-21
3.653037385054630271e+00 9.414186774394095853e-21 1.334495985157524965e-21
3.653702385054201862e+00 5.386440185994174460e-21 1.439126130688503936e-21
3.654367385053773454e+00 1.089524063467169504e-20 1.337136661668451927e-21
3.655032385053345045e+00 7.268232564643362700e-21 1.521732553156832936e-21
3.655697385052916637e+00 1.004354922208777795e-20 1.048117397993906243e-21
3.656362385052488229e+00 3.969691980209825294e-21 1.153941086993910758e-21
3.657027385052059820e+00 9.058231499988749722e-21 1.336515388048995581e-21
3.657692385051631412e+00 9.143159623294051133e-21 1.426217946026601250e-21
3.658357385051203003e+00 8.937508563092274975e-21 1.216483763874576750e-21
3.659022385050774595e+00 2.421586702750374408e-21 1.280859751718344677e-21
3.659687385050346187e+00 5.522807429857788833e-21 1.241785076040182018e-21
3.660352385049917778e+00 1.483448957697984398e-21 1.552858201491920278e-21
3.661017385049489370e+00 3.213403231563478918e-21 1.533118395168382334e-21
3.661682385049060962e+00 -4.508782229788038929e-21 1.157202410758280004e-21
3.662347385048632553e+00 3.582614859441393070e-21 1.282627671916517927e-21
3.663012385048204145e+00 1.266513652233891095e-21 1.186879878991946294e-21
3.663677385047775736e+00 3.760777741105471418e-21 1.296355537077679222e-21
3.664342385047347328e+00 5.542208410916233860e-21 1.383041486332476231e-21
3.665007385046918920e+00 2.270762322697054774e-21 1.400726889427548117e-21
3.665672385046490511e+00 8.628015332681793099e-21 1.386160311898735641e-21
3.666337385046062103e+00 7.574387665340834846e-21 1.630143907634671373e-21
3.667002385045633694e+00 1.207429981162916180e-20 1.685580779066622157e-21
3.667667385045205286e+00 1.020039376603068687e-20 1.707154927040461182e-21
3.668332385044776878e+00 1.521287702289173300e-20 1.434046778405255015e-21
3.668997385044348469e+00 5.306853558914756687e-21 1.583721466960201122e-21
3.669662385043920061e+00 4.633767532646915146e-22 1.359231513876472418e-21
3.670327385043491653e+00 8.515839490101666429e-21 1.221151599996036591e-21
3.670992385043063244e+00 7.594745045035890975e-21 1.098924880018271183e-21
3.671657385042634836e+00 2.367293461631325171e-21 1.100040278015816749e-21
3.672322385042206427e+00 3.498033659293579546e-21 1.072135157312768866e-21
3.672987385041778019e+00 3.520821437370738169e-21 1.143442449237567308e-21
3.673652385041349611e+00 3.437498746193452442e-21 1.260404093902666841e-21
3.674317385040921202e+00 7.464058754772515762e-21 1.275741905604103439e-21
3.674982385040492794e+00 1.374971899425175687e-20 1.181686003846943992e-21
3.675647385040064385e+00 1.409911737225096510e-20 1.251066383011736175e-21
3.676312385039635977e+00 1.168173571357542482e-20 1.506500796744754734e-21
3.676977385039207569e+00 9.740145370119824549e-21 1.461753772506953942e-21
3.677642385038779160e+00 8.194907951487883515e-21 1.366077203708285439e-21
3.678307385038350752e+00 8.883301263687498422e-21 1.196946740486084936e-21
3.678972385037922344e+00 5.640626619741579121e-21 1.227157530625921384e-21
3.679637385037493935e+00 8.584361157124380810e-21 1.289573191257432502e-21
3.680302385037065527e+00 4.253360708954152494e-21 1.213294569530663800e-21
3.680967385036637118e+00 1.284087044513386205e-20 1.381425423411155667e-21
3.681632385036208710e+00 4.203619568952303233e-21 1.239660142621425211e-21
3.682297385035780302e+00 1.544401012382785962e-22 1.316720467051120117e-21
3.682962385035351893e+00 2.581125105460277666e-21 1.517067913309209467e-21
3.683627385034923485e+00 6.275591556856729891e-21 1.494767187683079913e-21
3.684292385034495076e+00 -5.953548640818894220e-22 1.409158226785261049e-21
3.684957385034066668e+00 6.979686983279614795e-21 1.181783700247563222e-21
3.685622385033638260e+00 6.488545378692124777e-21 1.413853298372564260e-21
3.686287385033209851e+00 8.647762741815951415e-21 1.228185887067753303e-21
3.686952385032781443e+00 2.341955946290006181e-21 1.291450544418542335e-21
3.687617385032353035e+00 2.458600591622256173e-21 1.219610990111946126e-21
3.688282385031924626e+00 9.615890766337157009e-21 1.344478272327617064e-21
3.688947385031496218e+00 5.999858740061430650e-21 1.422877418276290464e-21
3.689612385031067809e+00 5.705132727587837002e-21 1.223649229372537814e-21
3.690277385030639401e+00 8.987878870268903124e-21 1.306709107100367331e-21
3.690942385030210993e+00 1.504624004523394902e-20 1.375417364401396450e-21
3.691607385029782584e+00 1.212802057766056916e-20 1.233336360531716919e-21
3.692272385029354176e+00 1.057468200337856881e-20 1.328268364918379429e-21
3.692937385028925767e+00 7.234955320727199045e-21 1.374382125301274334e-21
3.693602385028497359e+00 8.023080403681354034e-21 1.268001427624352023e-21
3.694267385028068951e+00 7.350132308519709204e-21 1.460428041506725563e-21
3.694932385027640542e+00 1.206368496742285674e-20 1.258741936358069049e-21
3.695597385027212134e+00 8.939293182895619715e-21 1.329542647499032228e-21
3.696262385026783726e+00 9.870644891861762322e-21 1.260551012811729865e-21
3.696927385026355317e+00 1.622829821016285407e-20 1.235209972632684498e-21
3.697592385025926909e+00 9.052686771724702097e-21 1.190266513773925346e-21
3.698257385025498500e+00 1.381915694782846367e-20 1.407555568404197876e-21
3.698922385025070092e+00 1.342087121073033160e-20 1.246349612720391813e-21
3.699587385024641684e+00 7.173964762767878046e-21 1.382659556302300357e-21
3.700252385024213275e+00 3.469692692872014128e-21 1.275832333062286994e-21
3.700917385023784867e+00 7.658586240807140159e-21 1.466381839385442953e-21
3.701582385023356458e+00 7.347945169668077299e-21 1.359096164168536676e-21
3.702247385022928050e+00 9.594215705746734445e-21 1.285283976191755919e-21
3.702912385022499642e+00 6.917818857460481167e-21 1.298248630401107970e-21
3.703577385022071233e+00 6.135762307806719623e-21 1.474673467194876067e-21
3.704242385021642825e+00 5.530120274689896083e-21 1.248090689142210932e-21
3.704907385021214417e+00 9.142537685329497632e-21 1.391249026242013550e-21
3.705572385020786008e+00 4.223351355465524546e-21 1.237927031713082956e-21
3.706237385020357600e+00 7.203321448877981732e-21 1.107732152898638130e-21
3.706902385019929191e+00 1.464486884100180420e-20 1.340231107704257937e-21
3.707567385019500783e+00 8.845770145672266408e-21 1.486496540105071117e-21
3.708232385019072375e+00 9.523145218857515981e-21 1.395321130235924498e-21
3.708897385018643966e+00 1.010646937581708379e-20 1.118856147474681385e-21
3.709562385018215558e+00 9.744999991714498027e-21 1.319435785149005351e-21
3.710227385017787149e+00 1.464760596353181200e-20 1.358478742322668823e-21
3.710892385017358741e+00 1.064230006347401505e-20 1.290623802925922720e-21
3.711557385016930333e+00 7.666530006703938633e-21 1.291514491403011171e-21
3.712222385016501924e+00 1.278139114571070346e-20 1.281010061917840227e-21
3.712887385016073516e+00 9.131398991631880270e-21 1.138781086891889754e-21
3.713552385015645108e+00 4.606169712334711457e-21 1.189821045225847486e-21
3.714217385015216699e+00 4.123126700523102816e-21 9.572458522424496005e-22
3.714882385014788291e+00 7.842694076858118635e-21 1.222586081771409372e-21
3.715547385014359882e+00 6.172645418244178369e-21 1.330558901539969596e-21
3.716212385013931474e+00 9.967162420823751916e-21 1.238305434703897738e-21
3.716877385013503066e+00 1.279442523744145379e-20 1.323185309807603283e-21
3.717542385013074657e+00 1.837215016843885515e-20 1.255116210627429355e-21
3.718207385012646249e+00 3.411471810290169540e-20 3.139267711310666267e-20
3.718872385012217840e+00 1.621314563986128553e-20 5.920117616799370610e-21
3.719537385011789432e+00 9.905642677053207739e-21 1.539128987963960033e-21
3.720202385011361024e+00 7.813669249522698309e-21 1.275283817127203215e-21
3.720867385010932615e+00 1.076889957059371127e-20 1.437946080779127396e-21
3.721532385010504207e+00 4.830012505535686162e-21 1.252052916270239284e-21
3.722197385010075799e+00 9.571265796456375080e-21 1.235882440090491779e-21
3.722862385009647390e+00 7.048175217100048662e-21 1.426334336709680147e-21
3.723527385009218982e+00 5.152875447710306666e-21 1.120178762703732145e-21
3.724192385008790573e+00 6.263224335638394979e-21 1.262401977772060766e-21
3.724857385008362165e+00 1.411424454317129653e-20 1.390801628735891148e-21
3.725522385007933757e+00 3.546239482885947148e-21 1.331209934709148555e-21
3.726187385007505348e+00 7.091875605684999336e-21 1.361532813920045585e-21
3.726852385007076940e+00 9.866991855155188388e-21 1.391032007866581908e-21
3.727517385006648531e+00 1.405005285686357403e-20 1.356572491871782665e-21
3.728182385006220123e+00 1.134448076256380756e-20 1.349436950350355823e-21
3.728847385005791715e+00 8.467410984705989973e-21 1.312913451787954663e-21
3.729512385005363306e+00 5.092810867067278336e-21 1.366988882073523796e-21
3.730177385004934898e+00 9.020118134551052772e-21 1.129409432036896996e-21
3.730842385004506490e+00 1.334561285890822713e-20 1.480887183266739837e-21
3.731507385004078081e+00 1.062822514027904098e-20 1.388655352853995993e-21
3.732172385003649673e+00 6.283155128769455994e-21 1.417381431390531928e-21
3.732837385003221264e+00 4.149294214512921171e-21 1.423581506099451381e-21
3.733502385002792856e+00 1.770849287988637258e-20 1.277867453501353470e-21
3.734167385002364448e+00 5.276901180663892430e-21 1.384271242518947458e-21
3.734832385001936039e+00 6.709589355382861022e-21 1.501457598360923664e-21
3.735497385001507631e+00 6.636825963219436975e-21 1.230556639495017415e-21
3.736162385001079222e+00 1.245848067167310208e-20 1.488059111146518009e-21
3.736827385000650814e+00 1.284490119011804380e-20 1.144653774942410337e-21
3.737492385000222406e+00 8.202025617190800968e-21 1.428536750346046413e-21
3.738157384999793997e+00 8.675354889891092193e-21 1.191072078884846892e-21
3.738822384999365589e+00 1.436651928436112345e-20 1.113377658103964477e-21
3.739487384998937181e+00 7.392126929296229755e-21 1.367482554465215531e-21
3.740152384998508772e+00 1.130991485536006508e-20 1.539205742341233177e-21
3.740817384998080364e+00 1.807394698094774940e-20 1.213225548502141846e-21
3.741482384997651955e+00 1.229338829866175395e-20 1.170510412017479024e-21
3.742147384997223547e+00 1.437821881332647363e-20 1.137043451619448322e-21
3.742812384996795139e+00 1.120613440287844316e-20 1.306642594561792228e-21
3.743477384996366730e+00 1.502777241972963028e-20 1.190456059062753861e-21
3.744142384995938322e+00 1.278758160672922497e-20 1.250996074652978983e-21
3.744807384995509913e+00 8.624775438592115161e-21 1.320220249748845321e-21
3.745472384995081505e+00 1.587255507013921384e-20 1.451074944002336103e-21
3.746137384994653097e+00 6.302844048229843114e-21 1.975301541386192717e-21
3.746802384994224688e+00 1.054333368552452699e-21 1.862582338900647407e-21
3.747467384993796280e+00 1.942182140281954572e-20 1.805788321973228590e-21
3.748132384993367872e+00 1.301186791991744677e-20 1.498046037050162254e-21
3.748797384992939463e+00 1.296585961903267541e-20 1.361882251007846291e-21
3.749462384992511055e+00 1.177890653825270607e-20 1.349073528717346021e-21
3.750127384992082646e+00 1.068955411976765453e-20 1.458837524569106386e-21
3.750792384991654238e+00 1.162594920603321173e-20 1.303268658215691014e-21
3.751457384991225830e+00 1.663623494373456010e-20 1.444264452114009348e-21
3.752122384990797421e+00 1.655150486975536586e-20 1.258270716845416984e-21
3.752787384990369013e+00 1.795801356159963070e-20 1.515784569038405546e-21
3.753452384989940604e+00 2.588039347738291982e-20 1.270387216762103637e-21
3.754117384989512196e+00 1.854954963689403491e-20 1.418000769229131334e-21
3.754782384989083788e+00 1.539310895616853484e-20 1.222566359695758408e-21
3.755447384988655379e+00 1.816454416794241605e-20 1.247759310268047854e-21
3.756112384988226971e+00 1.235228455724722062e-20 1.074602904906454271e-21
3.756777384987798563e+00 8.558628334182816222e-21 1.365510417943911081e-21
3.757442384987370154e+00 1.497095265995208115e-20 1.045798046558245836e-21
3.758107384986941746e+00 1.940379047386665134e-20 1.347648981380976838e-21
3.758772384986513337e+00 7.779034632870224977e-21 1.360982938336776370e-21
3.759437384986084929e+00 7.135790610060821571e-21 1.153460053395340876e-21
3.760102384985656521e+00 1.552075710839394666e-20 1.272777496963905534e-21
3.760767384985228112e+00 1.373487130636798956e-20 1.195914740453889581e-21
3.761432384984799704e+00 1.021119209222182478e-20 1.215421345989537328e-21
3.762097384984371296e+00 1.416189850470160243e-20 1.297216813515617524e-21
3.762762384983942887e+00 1.390350166453615571e-20 1.201978604891371299e-21
3.763427384983514479e+00 9.471785292401249328e-21 1.213296978414828634e-21
3.764092384983086070e+00 1.180511071535837102e-20 1.205498757140414907e-21
3.764757384982657662e+00 1.556825052710274361e-20 1.213077735041911701e-21
3.765422384982229254e+00 1.443278327737737070e-20 1.527353550649138792e-21
3.766087384981800845e+00 1.276229096063305622e-20 1.512667539831640386e-21
3.766752384981372437e+00 1.170063209875491536e-20 1.356183591738161121e-21
3.767417384980944028e+00 1.414132804685276520e-20 1.128912816239232278e-21
3.768082384980515620e+00 1.800124096462672849e-20 1.179478418871195357e-21
3.768747384980087212e+00 1.054910706909482479e-20 1.219234018654720416e-21
3.769412384979658803e+00 7.940019723354829348e-21 1.301603524489151301e-21
3.770077384979230395e+00 1.106443594577950234e-20 1.366056361996282420e-21
3.770742384978801987e+00 1.381655398557577887e-20 1.114990529592073093e-21
3.771407384978373578e+00 1.302213717915785533e-20 1.224082854328475032e-21
3.772072384977945170e+00 1.217925595002070106e-20 1.302240036583676057e-21
3.772737384977516761e+00 1.588557218819962804e-20 1.318702618186610743e-21
3.773402384977088353e+00 1.599200898920119592e-20 1.332671311723191727e-21
3.774067384976659945e+00 1.055903813836737870e-20 1.343953060199205450e-21
3.774732384976231536e+00 1.522401448867223518e-20 1.297298498528915889e-21
3.775397384975803128e+00 1.282047701683899314e-20 1.236014834017175013e-21
3.776062384975374719e+00 1.418461262599557903e-20 1.352680053513954696e-21
3.776727384974946311e+00 9.045792658431759677e-21 1.313598134503631917e-21
3.777392384974517903e+00 1.484165787877239461e-20 1.375889534308397910e-21
3.778057384974089494e+00 1.633617440893368891e-20 1.551498083825252287e-21
3.778722384973661086e+00 1.330931770216713746e-20 1.288019443560593301e-21
3.779387384973232678e+00 1.758700548646514493e-20 1.457218695790982732e-21
3.780052384972804269e+00 1.741814118441194320e-20 1.427084439387643970e-21
3.780717384972375861e+00 1.975509853097709516e-20 1.308687240930398372e-21
3.781382384971947452e+00 1.367791657334500706e-20 1.320664067994904486e-21
3.782047384971519044e+00 1.075316650299130431e-20 1.173623378813867730e-21
3.782712384971090636e+00 3.611916999891543824e-21 1.227226945039521486e-21
3.783377384970662227e+00 9.233839520832724255e-21 1.184908250094085407e-21
3.784042384970233819e+00 6.985081912437611829e-21 1.529970256860315608e-21
3.784707384969805410e+00 1.474280722762381528e-20 1.600360038496695033e-21
3.785372384969377002e+00 1.531846384854532843e-20 1.508882641581848654e-21
3.786037384968948594e+00 1.680781461069387989e-20 1.464847525576878499e-21
3.786702384968520185e+00 1.089767474272374177e-20 1.315500460826685009e-21
3.787367384968091777e+00 1.822557336051045643e-20 1.400713339355528031e-21
3.788032384967663369e+00 1.466195889659134341e-20 1.286904570704421874e-21
3.788697384967234960e+00 1.714131016396446990e-20 1.375030265944105901e-21
3.789362384966806552e+00 1.672786994202909589e-20 1.507435353754369327e-21
3.790027384966378143e+00 1.846924937159573216e-20 1.444184968044843989e-21
3.790692384965949735e+00 2.020861135521919562e-20 1.434191123779175011e-21
3.791357384965521327e+00 1.489668208363127484e-20 1.597153852990843824e-21
3.792022384965092918e+00 1.663462378069011987e-20 1.434909374792681338e-21
3.792687384964664510e+00 1.646099448975365595e-20 1.384644183970076783e-21
3.793352384964236101e+00 1.397183679667863114e-20 1.155494699455531419e-21
3.794017384963807693e+00 1.367811882069092250e-20 1.199802700379156035e-21
3.794682384963379285e+00 1.308198917532929710e-20 1.311647393797008008e-21
3.795347384962950876e+00 2.082157336504943576e-20 1.321480049557125137e-21
3.796012384962522468e+00 1.835724207856481785e-20 1.553924322086388486e-21
3.796677384962094060e+00 1.669897825236862462e-20 1.297993272665571362e-21
3.797342384961665651e+00 1.171576527423693771e-20 1.389271400521451608e-21
3.798007384961237243e+00 1.422975034545565608e-20 1.455900841631151712e-21
3.798672384960808834e+00 1.744448231155213439e-20 1.333625029706021611e-21
3.799337384960380426e+00 1.915784778404048072e-20 1.465649139293405212e-21
3.800002384959952018e+00 1.437540908402876154e-20 1.281841118359916547e-21
3.800667384959523609e+00 1.192874744911237803e-20 1.161454933134969699e-21
3.801332384959095201e+00 1.445240503496154389e-20 1.445714151249430136e-21
3.801997384958666792e+00 1.264109615679354464e-20 1.305979854261923052e-21
3.802662384958238384e+00 1.549577859022396035e-20 1.265661841718309718e-21
3.803327384957809976e+00 1.513531035592080399e-20 1.328311727827864129e-21
3.803992384957381567e+00 1.474973381082174380e-20 1.300508642717706885e-21
3.804657384956953159e+00 1.708647289861459787e-20 1.462321506252380081e-21
3.805322384956524751e+00 2.301040641447115080e-20 1.456992706562501377e-21
3.805987384956096342e+00 1.508641606283559847e-20 1.232348373966243805e-21
3.806652384955667934e+00 1.345169898289470043e-20 1.176491830902511113e-21
3.807317384955239525e+00 1.150266133356475880e-20 1.328170524357900597e-21
3.807982384954811117e+00 1.711490224117608775e-20 1.498376511710023262e-21
3.808647384954382709e+00 1.868478075462649506e-20 1.408671408566819797e-21
3.809312384953954300e+00 1.828833074986422544e-20 1.235026126862460409e-21
3.809977384953525892e+00 1.422571052721533901e-20 1.205849928945625690e-21
3.810642384953097483e+00 1.755056762315299031e-20 1.128059534372195431e-21
3.811307384952669075e+00 1.529932530405720557e-20 1.150122299202128038e-21
3.811972384952240667e+00 1.749443227984823658e-20 1.331018532446951041e-21
3.812637384951812258e+00 1.879061962206675642e-20 1.185999419775696554e-21
3.813302384951383850e+00 1.860647732919439799e-20 1.126850655325176577e-21
3.813967384950955442e+00 1.806064077267760854e-20 1.196165529216445625e-21
3.814632384950527033e+00 5.701621467269066063e-21 1.206054157336956102e-21
3.815297384950098625e+00 1.366747408685768061e-20 1.197388986657811197e-21
3.815962384949670216e+00 1.367664715659741921e-20 1.263256644318942484e-21
3.816627384949241808e+00 1.268499628244750222e-20 1.321498538965850302e-21
3.817292384948813400e+00 1.335219666509536981e-20 1.366758252690588835e-21
3.817957384948384991e+00 1.699691606964301921e-20 1.260073189252635928e-21
3.818622384947956583e+00 1.842074325252401130e-20 1.187683683779998536e-21
3.819287384947528174e+00 2.273824243429525165e-20 1.233963093102997753e-21
3.819952384947099766e+00 2.292187833731935345e-20 1.202729396194321318e-21
3.820617384946671358e+00 1.763129782027631947e-20 1.373361121200737129e-21
3.821282384946242949e+00 1.606369985406758982e-20 1.313584865551698216e-21
3.821947384945814541e+00 1.569925540042394100e-20 1.325066584876886342e-21
3.822612384945386133e+00 1.611620227798356972e-20 1.460202671738529322e-21
3.823277384944957724e+00 1.776315838827063752e-20 1.258840420649505785e-21
3.823942384944529316e+00 1.548124983144948980e-20 1.178505979075486746e-21
3.824607384944100907e+00 2.141722097385023199e-20 1.217163382405984755e-21
3.825272384943672499e+00 1.680828187193536859e-20 1.430262495502872526e-21
3.825937384943244091e+00 1.414159146230007922e-20 1.370533171323489737e-21
3.826602384942815682e+00 1.826318310432953655e-20 1.357452658662948083e-21
3.827267384942387274e+00 1.156454166969641027e-20 1.323069066291036542e-21
3.827932384941958865e+00 1.446738127232812517e-20 1.140272018021557238e-21
3.828597384941530457e+00 1.185574476663834164e-20 1.269010664460508061e-21
3.829262384941102049e+00 1.965014506334663922e-20 1.451249973006582374e-21
3.829927384940673640e+00 1.456540244163997195e-20 1.208068626748203012e-21
3.830592384940245232e+00 1.795814152488413221e-20 1.548441091786236235e-21
3.831257384939816824e+00 1.647804220171310725e-20 1.445861605011233439e-21
3.831922384939388415e+00 1.608898125217028643e-20 1.452221734264184385e-21
3.832587384938960007e+00 1.637590279249663107e-20 1.464292054608300229e-21
3.833252384938531598e+00 1.417242896746346329e-20 1.290364331234593659e-21
3.833917384938103190e+00 1.101411196066452144e-20 1.430067075463353375e-21
3.834582384937674782e+00 1.988364328435442317e-20 1.481265054805656419e-21
3.835247384937246373e+00 1.772152304491973273e-20 1.206326660102055183e-21
3.835912384936817965e+00 2.167858961197945497e-20 1.502539437636892342e-21
3.836577384936389556e+00 1.860553075128713610e-20 1.263051535648869479e-21
3.837242384935961148e+00 1.828175233810685006e-20 1.372426045178336026e-21
3.837907384935532740e+00 2.047356754180304776e-20 1.207615273090282645e-21
3.838572384935104331e+00 1.327061619904565635e-20 1.276431407866279725e-21
3.839237384934675923e+00 2.162662132075716450e-20 1.629308333856889823e-21
3.839902384934247515e+00 2.045196939362135281e-20 1.513662737886126030e-21
3.840567384933819106e+00 1.923096493140350567e-20 1.329222868522048298e-21
3.841232384933390698e+00 1.770777545939985861e-20 1.466423437561934563e-21
3.841897384932962289e+00 1.805449292769717352e-20 1.467495368881704972e-21
3.842562384932533881e+00 1.658042545331769128e-20 1.268051869161874077e-21
3.843227384932105473e+00 1.533264473064085878e-20 1.348076464780494173e-21
3.843892384931677064e+00 1.841233225927138568e-20 1.836989356015959020e-21
3.844557384931248656e+00 1.681241911421299954e-20 1.544709071316573746e-21
3.845222384930820247e+00 2.593645329117116746e-20 1.225398129962771215e-21
3.845887384930391839e+00 1.440671877004886717e-20 1.377409828552325903e-21
3.846552384929963431e+00 1.933673003978819876e-20 1.168633234348044050e-21
3.847217384929535022e+00 1.832910270438318022e-20 1.363687156415947518e-21
3.847882384929106614e+00 1.723068905091391388e-20 1.442306321742055150e-21
3.848547384928678206e+00 1.767680150111284251e-20 1.700287944532648444e-21
3.849212384928249797e+00 1.649780191887116055e-20 1.195840336730022142e-21
3.849877384927821389e+00 1.107525918907412063e-20 1.198055323230878921e-21
3.850542384927392980e+00 1.305933880884257007e-20 1.077304246167695669e-21
3.851207384926964572e+00 1.626919297793957777e-20 1.230744550381924748e-21
3.851872384926536164e+00 2.689369086992810075e-20 1.270985481438435113e-21
3.852537384926107755e+00 2.298189269458787139e-20 1.189008554480326991e-21
3.853202384925679347e+00 1.477305664785260962e-20 1.243591117699189440e-21
3.853867384925250938e+00 1.990075890576063172e-20 1.385476263975577748e-21
3.854532384924822530e+00 1.525175992122175214e-20 1.347535090941209125e-21
3.855197384924394122e+00 1.875301930149392128e-20 1.325927428174114152e-21
3.855862384923965713e+00 1.590535950700206465e-20 1.195571049310838361e-21
3.856527384923537305e+00 1.429594649286058159e-20 1.308888298492377938e-21
3.857192384923108897e+00 1.766589915333154817e-20 1.289919154300006472e-21
3.857857384922680488e+00 1.947930314347856161e-20 1.454246993077929571e-21
3.858522384922252080e+00 1.918927684622400088e-20 1.428303842511277114e-21
3.859187384921823671e+00 2.075148943628648940e-20 1.232684235258619480e-21
3.859852384921395263e+00 1.915178546322768322e-20 1.358369999959283566e-21
3.860517384920966855e+00 1.540898057311775063e-20 1.269982274434826363e-21
3.861182384920538446e+00 1.451722359458935769e-20 1.212546716532231805e-21
3.861847384920110038e+00 1.833784399687673684e-20 1.448499458093064789e-21
3.862512384919681629e+00 1.739929223023705828e-20 1.542847067503645676e-21
3.863177384919253221e+00 1.720162704511855988e-20 1.415531223662047024e-21
3.863842384918824813e+00 2.414796048433356575e-20 1.395443878529376332e-21
3.864507384918396404e+00 1.674916969428534707e-20 1.162629650363494288e-21
3.865172384917967996e+00 1.755493109094743971e-20 1.313508634820658230e-21
3.865837384917539588e+00 1.146898021315028155e-20 1.413568373874493590e-21
3.866502384917111179e+00 1.160781216121712813e-20 1.380710824911908102e-21
3.867167384916682771e+00 1.678502899145932923e-20 1.507894461881886901e-21
3.867832384916254362e+00 1.863351829966271190e-20 1.579308056214632155e-21
3.868497384915825954e+00 1.838026896684636795e-20 1.328331431000633436e-21
3.869162384915397546e+00 1.926218959195113976e-20 1.202085152945587249e-21
3.869827384914969137e+00 2.238344399927034001e-20 1.273327859364001923e-21
3.870492384914540729e+00 1.393399226256944754e-20 1.197295622205635732e-21
3.871157384914112320e+00 1.389521460924944294e-20 1.119856771673195082e-21
3.871822384913683912e+00 2.036741206549434958e-20 1.257123066663598708e-21
3.872487384913255504e+00 1.887138106084276796e-20 1.380669107664723953e-21
3.873152384912827095e+00 1.443908246605566789e-20 1.348510073983848450e-21
3.873817384912398687e+00 2.015734496414663309e-20 1.261661320413931324e-21
3.874482384911970279e+00 2.274791503884490818e-20 1.150148498224198316e-21
3.875147384911541870e+00 2.091318068186127883e-20 1.391609297125473402e-21
3.875812384911113462e+00 1.555515729612033798e-20 1.526138927093287771e-21
3.876477384910685053e+00 1.936199541256374041e-20 6.829521274487296927e-21
3.877142384910256645e+00 1.245882599622173901e-20 1.321762899442303967e-21
3.877807384909828237e+00 1.620045178712835960e-20 1.253927370004451534e-21
3.878472384909399828e+00 1.781480803356262926e-20 1.462652342153261646e-21
3.879137384908971420e+00 1.542007817278032568e-20 1.425017720308087720e-21
3.879802384908543011e+00 2.091406111776614324e-20 1.488961809484552905e-21
3.880467384908114603e+00 1.685324915039935886e-20 1.408930170862977194e-21
3.881132384907686195e+00 2.485761941848171198e-20 1.604805774635230824e-21
3.881797384907257786e+00 2.048196421690100288e-20 1.354696631528784579e-21
3.882462384906829378e+00 1.792753597780740425e-20 1.381183202882194135e-21
3.883127384906400970e+00 2.091241685498839954e-20 1.504459682095308236e-21
3.883792384905972561e+00 1.282984428757665729e-20 1.462876144822367771e-21
3.884457384905544153e+00 1.383433024230575177e-20 1.461230403094935803e-21
3.885122384905115744e+00 1.614043754197677305e-20 1.592792618639257813e-21
3.885787384904687336e+00 2.163268708304909914e-20 1.499451637004537442e-21
3.886452384904258928e+00 1.650114704555767633e-20 1.350762066854601692e-21
3.887117384903830519e+00 2.071170575207605479e-20 1.410515872402519970e-21
3.887782384903402111e+00 1.915711375294897347e-20 1.583880090358608401e-21
3.888447384902973702e+00 2.047551011845353972e-20 1.466659067615723831e-21
3.889112384902545294e+00 1.924252683708440797e-20 1.391898810480402597e-21
3.889777384902116886e+00 1.594352513682087026e-20 1.504144237867902837e-21
3.890442384901688477e+00 2.602248823741236651e-20 1.799540041915916733e-21
3.891107384901260069e+00 1.803502098104712109e-20 1.463985518529464186e-21
3.891772384900831661e+00 1.884234744369629862e-20 1.713662392749073636e-21
3.892437384900403252e+00 1.151529203798924841e-20 1.423776722966463741e-21
3.893102384899974844e+00 1.121288841961931738e-20 1.611315258623019242e-21
3.893767384899546435e+00 1.353514801500135684e-20 1.470753346038948799e-21
3.894432384899118027e+00 2.486133871822435745e-20 1.183338378946969458e-21
3.895097384898689619e+00 2.236196880586507338e-20 1.467927216679884272e-21
3.895762384898261210e+00 2.785568353240740152e-20 1.492332788394028149e-21
3.896427384897832802e+00 2.039174227773839642e-20 1.459116274290302414e-21
3.897092384897404393e+00 2.121360769219640352e-20 1.537101015032436753e-21
3.897757384896975985e+00 1.719249047509848552e-20 1.388979085134907965e-21
3.898422384896547577e+00 2.263868416470323096e-20 1.422848544660633139e-21
3.899087384896119168e+00 2.079606521335847002e-20 1.656987480359688388e-21
3.899752384895690760e+00 1.318391588705838019e-20 1.404449323073593130e-21
3.900417384895262352e+00 1.614019446164471519e-20 1.301437399816826855e-21
3.901082384894833943e+00 1.321491787867926691e-20 1.307419570832381074e-21
3.901747384894405535e+00 1.388669910216116194e-20 1.388342032173255614e-21
3.902412384893977126e+00 1.761914512029172642e-20 1.347857327166499295e-21
3.903077384893548718e+00 1.336642214083562023e-20 1.433436979943464523e-21
3.903742384893120310e+00 1.529954675453211990e-20 1.556749965324599180e-21
3.904407384892691901e+00 1.453336924227571042e-20 1.470512184449710334e-21
3.905072384892263493e+00 2.373959936363472366e-20 1.327106442495733276e-21
3.905737384891835084e+00 1.868278131776332351e-20 1.242221730017932850e-21
3.906402384891406676e+00 1.473955467394362664e-20 1.261556002654130015e-21
3.907067384890978268e+00 1.552112275446946510e-20 1.430451287220977714e-21
3.907732384890549859e+00 1.362358608143423810e-20 1.436511969985900879e-21
3.908397384890121451e+00 1.543815262082607955e-20 1.236936099985123486e-21
3.909062384889693043e+00 1.766171837383039236e-20 1.238716626574617214e-21
3.909727384889264634e+00 1.121201116041553464e-20 1.326340317193423189e-21
3.910392384888836226e+00 1.532006279858890840e-20 1.417968858722846479e-21
3.911057384888407817e+00 1.946019350785288661e-20 1.433384672810863699e-21
3.911722384887979409e+00 1.565675957336252228e-20 1.220236833956442318e-21
3.912387384887551001e+00 1.843505800120889747e-20 1.338113081521226013e-21
3.913052384887122592e+00 1.845471044881092264e-20 1.221192881229163266e-21
3.913717384886694184e+00 1.535472501891826060e-20 1.257772842615375688e-21
3.914382384886265775e+00 1.405343709166707865e-20 1.234887996364144671e-21
3.915047384885837367e+00 1.078235351632977876e-20 1.433402982039451589e-21
3.915712384885408959e+00 1.029249379262983116e-20 1.222459063796874423e-21
3.916377384884980550e+00 1.233667729903263147e-20 1.336756166966100023e-21
3.917042384884552142e+00 1.543502629707839313e-20 1.236316825893015855e-21
3.917707384884123734e+00 1.922662106080300238e-20 1.341317907514885198e-21
3.918372384883695325e+00 1.821956003403643792e-20 1.169035847826615672e-21
3.919037384883266917e+00 1.378477177080199385e-20 1.117646934279165690e-21
3.919702384882838508e+00 1.694860242097466578e-20 1.245322400305838376e-21
3.920367384882410100e+00 1.431188272662913037e-20 1.447277836627754484e-21
3.921032384881981692e+00 1.921777582506713208e-20 1.450136770789943474e-21
3.921697384881553283e+00 1.596040127163369269e-20 1.540116623012122549e-21
3.922362384881124875e+00 2.119886266432379511e-20 1.326547699447004127e-21
3.923027384880696466e+00 1.934835675717808190e-20 1.312116166497330801e-21
3.923692384880268058e+00 1.515244489819312712e-20 1.415560597366971471e-21
3.924357384879839650e+00 1.714719330244307697e-20 1.325064626294382058e-21
3.925022384879411241e+00 1.559023642196403181e-20 1.361399387518401244e-21
3.925687384878982833e+00 1.429010399678237784e-20 1.204629842053152376e-21
3.926352384878554425e+00 2.031759425019165487e-20 1.391048403492608150e-21
3.927017384878126016e+00 2.613931691447859646e-20 1.193053756534966689e-21
3.927682384877697608e+00 1.760529863302864130e-20 1.255212097146495061e-21
3.928347384877269199e+00 1.689779186737736963e-20 1.225187423914117678e-21
3.929012384876840791e+00 1.957080868479080868e-20 1.470388253123860193e-21
3.929677384876412383e+00 2.316309239411170626e-20 1.484193253569401130e-21
3.930342384875983974e+00 1.680360232717523062e-20 1.419011189112221560e-21
3.931007384875555566e+00 1.547863889725510832e-20 1.350758445008863025e-21
3.931672384875127157e+00 1.525311172515247130e-20 1.113518568728787833e-21
3.932337384874698749e+00 2.157553671010459479e-20 1.395143927593009269e-21
3.933002384874270341e+00 2.201226915802180990e-20 1.479331336848184651e-21
3.933667384873841932e+00 1.479463798509583889e-20 1.287331308585490612e-21
3.934332384873413524e+00 1.171104991702264519e-20 1.536010659572274584e-21
3.934997384872985116e+00 1.077892756913626293e-20 4.191215956288257433e-21
3.935662384872556707e+00 1.018346346964165006e-20 1.410137079200614507e-21
3.936327384872128299e+00 1.989844752091691591e-20 1.580652694789987748e-21
3.936992384871699890e+00 1.740889647947362170e-20 1.442961308403503806e-21
3.937657384871271482e+00 1.708542997344517019e-20 1.237279006443073048e-21
3.938322384870843074e+00 1.968330750269319411e-20 1.532427402963613783e-21
3.938987384870414665e+00 2.044166625353227208e-20 1.408737228667227843e-21
3.939652384869986257e+00 2.646554878400247331e-21 1.523386972033095334e-21
3.940317384869557849e+00 1.088833843591237208e-20 1.475404362080126967e-21
3.940982384869129440e+00 1.865225901687156825e-20 1.367161732894433062e-21
3.941647384868701032e+00 1.778095373527707200e-20 1.334612124600019246e-21
3.942312384868272623e+00 1.792472363557191850e-20 1.385594734459055837e-21
3.942977384867844215e+00 1.880576429285382084e-20 1.493478986726282339e-21
3.943642384867415807e+00 1.956559387601578073e-20 1.285611561156991792e-21
3.944307384866987398e+00 1.527596070211186304e-20 1.457005041865892702e-21
3.944972384866558990e+00 1.487570756515580686e-20 1.233065296877521359e-21
3.945637384866130581e+00 1.674446863505859338e-20 1.224250802532269577e-21
3.946302384865702173e+00 1.381593681313233844e-20 1.164721269534427040e-21
3.946967384865273765e+00 1.670494125384683194e-20 1.303711272055978124e-21
3.947632384864845356e+00 1.635483373606863238e-20 1.135763570961803205e-21
3.948297384864416948e+00 2.068760655006414400e-20 1.444506319729920044e-21
3.948962384863988540e+00 1.612179932220761256e-20 1.524568360170224480e-21
3.949627384863560131e+00 1.174176116180160145e-20 2.067283029791667709e-21
3.950292384863131723e+00 1.050256551623384340e-20 2.881545973584770404e-21
3.950957384862703314e+00 1.128665316871119373e-20 1.324680429748832934e-21
3.951622384862274906e+00 1.449061326169472051e-20 1.402655280014511812e-21
3.952287384861846498e+00 1.989422806917208256e-20 1.188306335087341616e-21
3.952952384861418089e+00 2.097086623592194071e-20 1.134630197646850455e-21
3.953617384860989681e+00 1.701897491999990599e-20 1.225530445626768266e-21
3.954282384860561272e+00 1.624212694654005444e-20 1.425288282585545532e-21
3.954947384860132864e+00 1.811222456112170843e-20 1.391060059484126633e-21
3.955612384859704456e+00 1.815189830724210627e-20 1.182176654637805217e-21
3.956277384859276047e+00 1.820627095104252972e-20 1.213188336688407031e-21
3.956942384858847639e+00 1.561261779075399362e-20 5.695204324983996990e-21
3.957607384858419231e+00 1.777440689970149018e-20 1.976683703637611910e-21
3.958272384857990822e+00 8.866860924835106349e-21 1.289744960157018216e-21
3.958937384857562414e+00 2.009800495363844101e-20 1.370873227501378606e-21
3.959602384857134005e+00 2.015206100156191147e-20 1.230474476901316732e-21
3.960267384856705597e+00 1.382320223361670708e-20 1.298420778877005913e-21
3.960932384856277189e+00 1.117211485123715267e-20 1.212146863142081722e-21
3.961597384855848780e+00 1.567975878535595276e-20 1.222397612797578387e-21
3.962262384855420372e+00 1.857044541441501210e-20 1.203966623616614948e-21
3.962927384854991963e+00 1.564776659741341336e-20 1.304087240720525507e-21
3.963592384854563555e+00 1.752538852496990960e-20 1.252213098004063301e-21
3.964257384854135147e+00 1.878272928488677343e-20 1.285381086102745664e-21
3.964922384853706738e+00 1.404703324696069513e-20 1.212119091058083670e-21
3.965587384853278330e+00 1.476153055603418310e-20 1.136321915085531201e-21
3.966252384852849922e+00 1.459909811581945817e-20 1.010061209781557207e-21
3.966917384852421513e+00 1.064993562298767149e-20 1.225597643344258602e-21
3.967582384851993105e+00 1.547894359529360610e-20 1.249657578033198647e-21
3.968247384851564696e+00 1.392048334785771922e-20 1.172563277136508641e-21
3.968912384851136288e+00 1.853980857218164892e-20 1.098923795093922559e-21
3.969577384850707880e+00 1.244399995304666670e-20 1.145697221638481452e-21
3.970242384850279471e+00 1.050952637899754130e-20 1.283143950218230016e-21
3.970907384849851063e+00 1.428608051898693319e-20 1.114110441768681512e-21
3.971572384849422654e+00 1.935013347440726833e-20 9.745192574363208596e-22
3.972237384848994246e+00 1.329593651083710766e-20 1.091497567898023946e-21
3.972902384848565838e+00 1.344173568445648957e-20 1.285048255882825411e-21
3.973567384848137429e+00 1.622777019148281300e-20 1.246607596555000454e-21
3.974232384847709021e+00 1.294061260795530097e-20 1.327587011969364316e-21
3.974897384847280613e+00 1.374919351035885140e-20 1.435725436829757197e-21
3.975562384846852204e+00 1.605168993157250031e-20 1.203552891599193998e-21
3.976227384846423796e+00 1.463510095454216262e-20 1.186721420530757231e-21
3.976892384845995387e+00 1.458766375830375072e-20 1.340394152510393714e-21
3.977557384845566979e+00 1.277876141808259562e-20 1.261131848123832093e-21
3.978222384845138571e+00 1.393151680662179803e-20 1.283653365297742129e-21
3.978887384844710162e+00 1.667030239700079371e-20 1.131642393535067453e-21
3.979552384844281754e+00 1.573980251313352392e-20 1.093262490372582333e-21
3.980217384843853345e+00 1.340929095564950593e-20 1.264760655454374692e-21
3.980882384843424937e+00 1.207006145790815305e-20 1.445554693352680197e-21
3.981547384842996529e+00 1.946501644020572380e-20 4.464565647604176105e-21
3.982212384842568120e+00 1.673027251596252120e-20 4.094081319344724294e-21
3.982877384842139712e+00 1.631914058821511920e-20 3.679856184843308593e-21
3.983542384841711304e+00 1.531070019167206029e-20 1.136302145239365358e-21
3.984207384841282895e+00 1.528895651830664261e-20 1.351176246817551090e-21
3.984872384840854487e+00 1.563988492425008704e-20 1.500577499342087963e-21
3.985537384840426078e+00 2.524327925556858997e-20 1.596697479145083236e-21
3.986202384839997670e+00 1.827693970503469265e-20 1.539019868088985086e-21
3.986867384839569262e+00 1.296916064945559016e-20 1.402233753918949562e-21
3.987532384839140853e+00 9.432133434535975713e-21 1.327024796276867027e-21
3.988197384838712445e+00 1.486140536937284640e-20 1.471627630254022083e-21
3.988862384838284036e+00 9.166445679048624979e-21 1.132687589119277301e-21
3.989527384837855628e+00 1.192220390987298527e-20 1.130745628011467332e-21
3.990192384837427220e+00 2.100212407832878621e-20 1.088148810532236779e-21
3.990857384836998811e+00 1.873546492361233499e-20 1.090326533503259836e-21
3.991522384836570403e+00 1.612592893340899461e-20 1.486028384923132568e-21
3.992187384836141995e+00 1.965482162646500876e-20 1.210317281175298866e-21
3.992852384835713586e+00 1.436883988849239780e-20 1.037407481251430949e-21
3.993517384835285178e+00 8.190032897469440658e-21 1.282930243664549390e-21
3.994182384834856769e+00 1.406741816133393443e-20 1.260154726621899468e-21
3.994847384834428361e+00 9.279050947430714944e-21 1.201858696459195875e-21
3.995512384833999953e+00 1.014534572927959819e-20 1.389839460911605835e-21
3.996177384833571544e+00 1.423883058769044047e-20 1.198017262542079912e-21
3.996842384833143136e+00 1.566372539989908150e-20 1.243145371440728244e-21
3.997507384832714727e+00 1.240729644085079180e-20 1.148232982323576067e-21
3.998172384832286319e+00 1.428243670543217887e-20 1.508421297109795435e-21
3.998837384831857911e+00 1.795367447381502970e-20 1.206675602337036180e-21
3.999502384831429502e+00 2.049733304415460340e-20 1.321707105313728450e-21
4.000167384831001094e+00 1.503094637287108568e-20 1.428235350817069124e-21
4.000832384830572686e+00 1.989611668091432141e-20 1.421758317129657715e-21
4.001497384830144277e+00 1.955027905492027773e-20 1.392923433092010327e-21
4.002162384829715869e+00 1.508820948462771195e-20 1.298539746547993101e-21
4.002827384829287460e+00 1.253341747579375326e-20 1.313223040609521913e-21
4.003492384828859052e+00 1.914315552334285991e-20 1.478673200358112142e-21
4.004157384828430644e+00 1.362326743965545892e-20 1.241898870530409732e-21
4.004822384828002235e+00 1.566365131109684419e-20 1.345625207300350995e-21
4.005487384827573827e+00 1.553640709017301691e-20 1.189763125247573151e-21
4.006152384827145418e+00 1.503238044930840475e-20 1.879597411551448822e-21
4.006817384826717010e+00 8.771536000677632556e-21 1.242690774954661586e-21
4.007482384826288602e+00 1.182919474310093603e-20 1.320495004444919557e-21
4.008147384825860193e+00 1.510452361581964098e-20 1.326292607380803682e-21
4.008812384825431785e+00 1.212550825619550851e-20 1.190911786466874470e-21
4.009477384825003377e+00 8.097929832143514505e-21 1.087095852499535988e-21
4.010142384824574968e+00 1.575874182061023580e-20 1.532974702584470712e-21
4.010807384824146560e+00 1.710084151456700102e-20 1.304058142227107032e-21
4.011472384823718151e+00 1.731874125548938434e-20 1.288049273633370120e-21
4.012137384823289743e+00 1.434500113079611517e-20 1.467907191454741627e-21
4.012802384822861335e+00 1.636581160420168453e-20 1.288068977729545911e-21
4.013467384822432926e+00 1.172937881584953708e-20 1.455409720170440782e-21
4.014132384822004518e+00 1.100119854161413794e-20 1.375082859229852541e-21
4.014797384821576109e+00 1.335653364677299076e-20 1.506764999285932121e-21
4.015462384821147701e+00 1.423703700525036540e-20 1.246826861363116871e-21
4.016127384820719293e+00 1.247758773706808615e-20 1.418550106782504423e-21
4.016792384820290884e+00 1.486915756961039796e-20 1.738271693348808424e-21
4.017457384819862476e+00 1.611286737687364359e-20 1.763704195727643083e-21
4.018122384819434068e+00 1.722380445439715742e-20 2.041142469494575968e-21
4.018787384819005659e+00 2.835732693105221876e-20 3.132921571452346014e-21
4.019452384818577251e+00 1.858451115305378909e-20 1.424158570238401978e-20
4.020117384818148842e+00 1.117801690893290063e-20 5.720095324881228058e-21
4.020782384817720434e+00 1.655382843010133360e-20 3.102936233441149122e-21
4.021447384817292026e+00 1.554281520112054941e-20 2.744023095740260283e-21
4.022112384816863617e+00 1.650242029767793174e-20 2.942056674165718288e-21
4.022777384816435209e+00 1.623817083608867414e-20 3.247049857898124939e-21
4.023442384816006800e+00 1.993005585114444630e-20 3.282921213215592507e-21
4.024107384815578392e+00 2.328212966105245690e-20 3.619878387227714081e-21
4.024772384815149984e+00 2.404396375242354958e-20 3.934382990840775469e-21
4.025437384814721575e+00 1.743318761370408718e-20 3.706592798518658553e-21
4.026102384814293167e+00 2.229125791035839103e-20 3.694639159885656846e-21
4.026767384813864759e+00 1.416837108120441945e-20 3.604289482371514433e-21
4.027432384813436350e+00 5.189186501300754765e-21 5.266619791021024598e-21
4.028097384813007942e+00 -2.368178205145869905e-20 5.144990697178650782e-21
4.028762384812579533e+00 -1.568623059159623600e-20 4.623686780283094967e-21
4.029427384812151125e+00 -5.406209163874120117e-22 2.535045092649341822e-21
4.030092384811722717e+00 -1.570281951124121165e-20 2.475437497142237676e-21
4.030757384811294308e+00 -1.889224613904870107e-20 3.136497553380371954e-21
4.031422384810865900e+00 -6.518898391976514855e-22 3.110121868125723593e-21
4.032087384810437491e+00 3.606506823913803853e-21 3.558367784453587772e-21
4.032752384810009083e+00 9.610568643125580668e-21 5.579132761032281854e-21
4.033417384809580675e+00 -2.848952739112723302e-21 2.726224176650942693e-21
4.034082384809152266e+00 -9.763051163458373576e-22 3.298396647328417588e-21
4.034747384808723858e+00 -8.662234702066048863e-21 1.879950256011271568e-21
4.035412384808295450e+00 -1.365702305809112441e-20 3.243707976874178851e-21
4.036077384807867041e+00 -8.246660444454251860e-22 3.509185494222569097e-21
4.036742384807438633e+00 -8.985228438795302063e-21 3.810033664325256782e-21
4.037407384807010224e+00 -6.173529911643827800e-21 2.985436896522489501e-21
4.038072384806581816e+00 5.873850919585879004e-21 4.659204766510947750e-21
4.038737384806153408e+00 2.153188336793695650e-21 3.677475575660929447e-21
4.039402384805724999e+00 2.069751253539206709e-21 2.862476035815205369e-21
4.040067384805296591e+00 1.281448181308059933e-21 5.257988938734871456e-21
4.040732384804868182e+00 -3.653554373177644502e-21 2.902151430981388393e-21
4.041397384804439774e+00 -1.160643146869425490e-20 4.682274066362535318e-21
4.042062384804011366e+00 4.470685017954995273e-21 4.678345094498536104e-21
4.042727384803582957e+00 -5.504523044851229220e-21 4.143109308677575468e-21
4.043392384803154549e+00 -3.157594855630198849e-21 2.982484732289718584e-21
4.044057384802726141e+00 -1.505601744183365091e-21 2.926535478466687989e-21
4.044722384802297732e+00 8.830299149292714103e-21 3.611793213141321311e-21
4.045387384801869324e+00 6.075406293256009979e-21 3.936342394115477814e-21
4.046052384801440915e+00 1.272362663886450382e-20 4.898643018798392325e-21
4.046717384801012507e+00 8.304213581655486385e-21 4.279575648160497962e-21
4.047382384800584099e+00 -3.304662130894634249e-21 4.514279998714000885e-21
4.048047384800155690e+00 4.180272823464829585e-22 3.345214514445552683e-21
4.048712384799727282e+00 -7.473132269662574976e-21 3.270476532899439541e-21
4.049377384799298873e+00 -1.410028996504065587e-21 6.039589198295060414e-21
4.050042384798870465e+00 -6.764539688987254158e-21 3.448851826366553812e-21
4.050707384798442057e+00 -1.164873772364021182e-20 2.549029613144768815e-21
4.051372384798013648e+00 -9.832812717766591444e-21 3.314799933685837633e-21
4.052037384797585240e+00 -1.945474171738211128e-20 5.302316979295235382e-21
4.052702384797156832e+00 -6.756116250280465328e-21 2.982977446620612782e-21
4.053367384796728423e+00 -1.475329783892197843e-20 4.789548599831902638e-21
4.054032384796300015e+00 -3.350441225878783873e-21 3.548029767327523912e-21
4.054697384795871606e+00 -1.095867052056564575e-20 4.306840851931620093e-21
4.055362384795443198e+00 -2.165727993024375191e-21 4.268957065994247163e-21
4.056027384795014790e+00 7.915324686604965775e-21 1.906615068184363638e-20
4.056692384794586381e+00 5.110006096905973082e-20 8.386318078819859512e-20
4.057357384794157973e+00 9.958846848587868203e-20 6.347288325482284056e-20
4.058022384793729564e+00 7.404814316310688677e-20 6.256180157515245299e-20
4.058687384793301156e+00 4.187179150748147515e-22 3.287699937031338355e-21
4.059352384792872748e+00 -8.690922717896874274e-21 3.505330718173604431e-21
4.060017384792444339e+00 -4.582310893813653424e-21 3.795918486272982332e-21
4.060682384792015931e+00 5.693716229713326009e-21 6.019613006978540353e-21
4.061347384791587523e+00 -4.754703310914587606e-21 3.022054620142038432e-21
4.062012384791159114e+00 -9.138186277957846156e-21 2.507799302484158499e-21
4.062677384790730706e+00 7.317106626803620221e-22 3.123010577404893527e-21
4.063342384790302297e+00 1.282565706833143865e-20 3.338888264995640649e-21
4.064007384789873889e+00 1.302919263098766731e-20 4.753282508934995843e-21
4.064672384789445481e+00 nan nan
4.065337384789017072e+00 nan nan
4.066002384788588664e+00 nan nan
4.066667384788160255e+00 nan nan
4.067332384787731847e+00 nan nan
4.067997384787303439e+00 nan nan
4.068662384786875030e+00 nan nan
4.069327384786446622e+00 nan nan
4.069992384786018214e+00 nan nan
4.070657384785589805e+00 nan nan
4.071322384785161397e+00 nan nan
4.071987384784732988e+00 nan nan
4.072652384784304580e+00 nan nan
4.073317384783876172e+00 nan nan
4.073982384783447763e+00 nan nan
4.074647384783019355e+00 nan nan
4.075312384782590946e+00 nan nan
4.075977384782162538e+00 nan nan
4.076642384781734130e+00 nan nan
4.077307384781305721e+00 nan nan
4.077972384780877313e+00 nan nan
4.078637384780448905e+00 nan nan
4.079302384780020496e+00 nan nan
4.079967384779592088e+00 nan nan
4.080632384779163679e+00 nan nan
4.081297384778735271e+00 nan nan
4.081962384778306863e+00 nan nan
4.082627384777878454e+00 nan nan
4.083292384777450046e+00 nan nan
4.083957384777021637e+00 nan nan
4.084622384776593229e+00 nan nan
4.085287384776164821e+00 nan nan
4.085952384775736412e+00 nan nan
4.086617384775308004e+00 nan nan
4.087282384774879596e+00 nan nan
4.087947384774451187e+00 nan nan
4.088612384774022779e+00 nan nan
4.089277384773594370e+00 nan nan
4.089942384773165962e+00 nan nan
4.090607384772737554e+00 nan nan
4.091272384772309145e+00 nan nan
4.091937384771880737e+00 nan nan
4.092602384771452328e+00 nan nan
4.093267384771023920e+00 nan nan
4.093932384770595512e+00 nan nan
4.094597384770167103e+00 nan nan
4.095262384769738695e+00 nan nan
4.095927384769310287e+00 nan nan
4.096592384768881878e+00 nan nan
4.097257384768453470e+00 nan nan
4.097922384768025061e+00 nan nan
4.098587384767596653e+00 nan nan
4.099252384767168245e+00 nan nan
4.099917384766739836e+00 nan nan
4.100582384766311428e+00 nan nan
4.101247384765883019e+00 nan nan
4.101912384765454611e+00 nan nan
4.102577384765026203e+00 nan nan
4.103242384764597794e+00 nan nan
4.103907384764169386e+00 nan nan
4.104572384763740978e+00 nan nan
4.105237384763312569e+00 nan nan
4.105902384762884161e+00 nan nan
4.106567384762455752e+00 nan nan
4.107232384762027344e+00 nan nan
4.107897384761598936e+00 nan nan
4.108562384761170527e+00 nan nan
4.109227384760742119e+00 nan nan
4.109892384760313711e+00 nan nan
4.110557384759885302e+00 nan nan
4.111222384759456894e+00 nan nan
4.111887384759028485e+00 nan nan
4.112552384758600077e+00 nan nan
4.113217384758171669e+00 nan nan
4.113882384757743260e+00 nan nan
4.114547384757314852e+00 nan nan
4.115212384756886443e+00 nan nan
4.115877384756458035e+00 nan nan
4.116542384756029627e+00 nan nan
4.117207384755601218e+00 nan nan
4.117872384755172810e+00 nan nan
4.118537384754744402e+00 nan nan
4.119202384754315105e+00 nan nan
4.119867384753886697e+00 nan nan
4.120532384753458288e+00 nan nan
4.121197384753029880e+00 nan nan
4.121862384752601471e+00 -2.319524991823737519e-20 6.195976256671067846e-21
4.122527384752173063e+00 -2.330701217782778356e-20 5.154117934983463106e-21
4.123192384751744655e+00 -1.258536487646680609e-20 5.878347743475846331e-21
4.123857384751316246e+00 7.824687634764140274e-21 5.498447637852153552e-21
4.124522384750887838e+00 9.137826944048098075e-21 8.433449360915202311e-21
4.125187384750459429e+00 -5.690731781181291849e-21 4.462578000133830084e-21
4.125852384750031021e+00 -9.010823732384337440e-21 3.850784575905247966e-21
4.126517384749602613e+00 -2.515332094458821802e-20 7.844366878313130867e-21
4.127182384749174204e+00 1.732059166712854454e-21 5.039610592377327753e-21
4.127847384748745796e+00 -1.302601366443738278e-20 3.879040731034704365e-21
4.128512384748317388e+00 1.698071289962622922e-21 4.666377585416512511e-21
4.129177384747888979e+00 -1.077423355187227836e-20 3.443971030863465580e-21
4.129842384747460571e+00 -1.331796423875928409e-20 5.419215504966148213e-21
4.130507384747032162e+00 2.486784191288282426e-21 4.455925278208976874e-21
4.131172384746603754e+00 8.235733340450568961e-21 7.710847194309883342e-21
4.131837384746175346e+00 8.961643403853684142e-21 4.343295869854151041e-21
4.132502384745746937e+00 1.655971025245174781e-20 4.368041580009162258e-21
4.133167384745318529e+00 1.241969545402834816e-20 3.596821882797016634e-21
4.133832384744890120e+00 1.103785933187163201e-20 3.920251950034837341e-21
4.134497384744461712e+00 1.985387848579694083e-20 5.144439998460240365e-21
4.135162384744033304e+00 2.733326339125552927e-20 5.760077817326336474e-21
4.135827384743604895e+00 4.769686256056557512e-21 3.388068067124150959e-21
4.136492384743176487e+00 1.223442678948204233e-20 3.244556489439939242e-21
4.137157384742748079e+00 5.864641881804726433e-21 3.259644343271933131e-21
4.137822384742319670e+00 1.357862383762122511e-20 3.596246177066996165e-21
4.138487384741891262e+00 5.892147577716080860e-21 3.226343958281037720e-21
4.139152384741462853e+00 1.685160040797498202e-20 3.782022517920879701e-21
4.139817384741034445e+00 3.554088123271184804e-21 3.049790020833208079e-21
4.140482384740606037e+00 1.108966221375853140e-20 2.949111540449743944e-21
4.141147384740177628e+00 7.090686522890926322e-21 2.825335390893005083e-21
4.141812384739749220e+00 1.137297434928961447e-20 4.432432056882871116e-21
4.142477384739320811e+00 4.862196783036936841e-21 3.051586434446411031e-21
4.143142384738892403e+00 1.051696602275864979e-20 4.765743442378947432e-21
4.143807384738463995e+00 3.327779649293624328e-21 2.815628624844391274e-21
4.144472384738035586e+00 2.093199093758271925e-21 2.960796490811363282e-21
4.145137384737607178e+00 -4.083110728947448611e-21 3.611282256517819755e-21
4.145802384737178770e+00 -1.217843476114125233e-21 2.489150355615260252e-21
4.146467384736750361e+00 1.056497635758839277e-20 2.780879175545125195e-21
4.147132384736321953e+00 3.401676274322677275e-21 2.689743156555380029e-21
4.147797384735893544e+00 -6.684386839704331475e-22 2.404840058612627901e-21
4.148462384735465136e+00 -3.755957199499240310e-22 4.272222261177755991e-21
4.149127384735036728e+00 4.302304620545584291e-21 2.979616138454890877e-21
4.149792384734608319e+00 2.381134207487610103e-21 2.840181536099879487e-21
4.150457384734179911e+00 7.483977010426694822e-21 2.855632224261455568e-21
4.151122384733751502e+00 1.295223804224610148e-20 2.925080903530218734e-21
4.151787384733323094e+00 1.153832763317940463e-20 3.136751554036808347e-21
4.152452384732894686e+00 1.058419898390936479e-20 2.869636762055248886e-21
4.153117384732466277e+00 2.218283829165103698e-21 2.677447807448169730e-21
4.153782384732037869e+00 5.704664803571971147e-21 2.534232960886449599e-21
4.154447384731609461e+00 8.776559581255054048e-21 2.945892150684757426e-21
4.155112384731181052e+00 1.528818394219984003e-21 3.292845653294697709e-21
4.155777384730752644e+00 4.155490842736514346e-21 2.776038497389600058e-21
4.156442384730324235e+00 3.959336571162673924e-21 2.350426047865103674e-21
4.157107384729895827e+00 8.502375937842270745e-21 2.499652319861314851e-21
4.157772384729467419e+00 4.892871427053619611e-21 2.701930545244149276e-21
4.158437384729039010e+00 1.339694950225321517e-21 2.280325150291296035e-21
4.159102384728610602e+00 6.523649324805568886e-21 2.264450277039263331e-21
4.159767384728182193e+00 5.020528427031670024e-21 2.253871522794142976e-21
4.160432384727753785e+00 5.734868865474885968e-21 2.605925340339883029e-21
4.161097384727325377e+00 7.411679226113835596e-21 2.702556876536922253e-21
4.161762384726896968e+00 5.846417424712208355e-21 2.685267443470360749e-21
4.162427384726468560e+00 -1.263399071605149472e-21 2.363863025925027549e-21
4.163092384726040152e+00 6.730567614756524629e-21 2.563141004232981823e-21
4.163757384725611743e+00 3.248294157346532079e-21 2.283270691242954970e-21
4.164422384725183335e+00 4.603447473871236821e-21 2.220533443331174389e-21
4.165087384724754926e+00 6.276938214551574775e-21 2.248024675258401212e-21
4.165752384724326518e+00 2.648352595009012364e-21 2.197654816972200357e-21
4.166417384723898110e+00 -1.477026497567632637e-21 2.117839530506925290e-21
4.167082384723469701e+00 5.538799869366991526e-21 2.050571581712475381e-21
4.167747384723041293e+00 5.620895284363955990e-21 2.114291665330044009e-21
4.168412384722612885e+00 2.605428840540180654e-21 2.167032601694785787e-21
4.169077384722184476e+00 9.698490915821081948e-22 2.553148438143894769e-21
4.169742384721756068e+00 5.337630772981321299e-21 2.186534041538591146e-21
4.170407384721327659e+00 8.484931909786821984e-21 2.296564087503437960e-21
4.171072384720899251e+00 8.135974578781298096e-21 3.380313100117985472e-21
4.171737384720470843e+00 4.916325460864280931e-21 2.418866755559412582e-21
4.172402384720042434e+00 2.930549348946915085e-21 2.198969928606287441e-21
4.173067384719614026e+00 3.168231791864580822e-21 2.208902642975008026e-21
4.173732384719185617e+00 7.639554957218393562e-21 2.242983828127988224e-21
4.174397384718757209e+00 3.287301918382816294e-21 2.283255191721462922e-21
4.175062384718328801e+00 4.506865529581297834e-21 2.459663041078184211e-21
4.175727384717900392e+00 2.060986636709579966e-21 2.019000449583821021e-21
4.176392384717471984e+00 -3.739862378497553128e-21 1.824977687976223029e-21
4.177057384717043576e+00 -2.120557605604858763e-21 2.061743970713412436e-21
4.177722384716615167e+00 -5.892253136177171198e-22 2.185929721433616860e-21
4.178387384716186759e+00 2.560001811192139723e-21 2.265806426370148088e-21
4.179052384715758350e+00 6.387326544772829592e-21 2.399728440802789860e-21
4.179717384715329942e+00 3.889892650001553357e-21 2.466768319277341801e-21
4.180382384714901534e+00 1.588337995728133566e-21 2.674734386090441561e-21
4.181047384714473125e+00 4.390924786274181231e-22 2.322186013646702000e-21
4.181712384714044717e+00 4.569474635035512157e-22 2.243813583209635607e-21
4.182377384713616308e+00 9.730802962602643874e-21 2.592489500158786786e-21
4.183042384713187900e+00 1.169847800134413880e-20 2.358470635004545223e-21
4.183707384712759492e+00 5.919233088232311112e-21 1.867036688380844904e-21
4.184372384712331083e+00 1.954884479861104748e-21 2.209754972806284257e-21
4.185037384711902675e+00 2.772458394105812449e-21 2.424927899598511767e-21
4.185702384711474267e+00 7.301886969132675404e-21 1.946585174700334158e-21
4.186367384711045858e+00 8.177501185685907494e-21 1.835505214422514343e-21
4.187032384710617450e+00 1.495712817738556220e-21 1.358058080552491039e-21
4.187697384710189041e+00 -3.272951265053561485e-21 1.450855667653252448e-21
4.188362384709760633e+00 -5.806540933892504915e-21 1.905792300884156726e-21
4.189027384709332225e+00 -4.496858228464470159e-21 1.510757748778599877e-21
4.189692384708903816e+00 -2.891378060066249557e-21 1.758642515653432408e-21
4.190357384708475408e+00 -4.823200287870144108e-23 1.752005780937287100e-21
4.191022384708046999e+00 -2.403305732191030692e-21 1.541681746770322330e-21
4.191687384707618591e+00 -1.166780501696975216e-21 1.573795081647406177e-21
4.192352384707190183e+00 3.123566802043691035e-21 1.670927970728381788e-21
4.193017384706761774e+00 8.747444987625049292e-22 1.362994678935772671e-21
4.193682384706333366e+00 1.516841168068197955e-21 1.377054669879777232e-21
4.194347384705904958e+00 7.875336681601083781e-22 1.257202320352441263e-21
4.195012384705476549e+00 1.663580302223481732e-21 1.574934138886241969e-21
4.195677384705048141e+00 1.167031693609913098e-20 1.433500618945164001e-21
4.196342384704619732e+00 9.616250630296442291e-21 1.605067336107930770e-21
4.197007384704191324e+00 -1.744735238504363292e-21 1.965841912481657806e-21
4.197672384703762916e+00 9.445792200649285730e-21 1.429580618691725065e-21
4.198337384703334507e+00 1.058466369064189734e-20 1.381537297556103568e-21
4.199002384702906099e+00 1.515785809485166056e-20 1.575368035085404309e-21
4.199667384702477690e+00 3.647127438512814939e-21 1.409246312595328088e-21
4.200332384702049282e+00 8.031231070968151896e-21 1.663444075353163805e-21
4.200997384701620874e+00 -4.063466681984928780e-21 1.816455363832206116e-21
4.201662384701192465e+00 7.017961741574871385e-21 1.774745538441405273e-21
4.202327384700764057e+00 8.171788699713476423e-21 2.113225870416204988e-21
4.202992384700335649e+00 1.095342403417552616e-21 1.448324488831197931e-21
4.203657384699907240e+00 8.208704723072083181e-21 1.362227008456378395e-21
4.204322384699478832e+00 -1.214000337640821442e-21 1.948280987554083848e-21
4.204987384699050423e+00 4.515439735327503901e-21 1.852156105114811981e-21
4.205652384698622015e+00 3.201094252812858723e-21 2.236695749723176349e-21
4.206317384698193607e+00 1.709467529231925184e-21 1.643292201168431882e-21
4.206982384697765198e+00 4.864099643776814964e-21 1.569448093886821899e-21
4.207647384697336790e+00 1.839373594759902322e-21 1.542711124713800548e-21
4.208312384696908381e+00 2.283284900804653862e-21 1.437794688174220915e-21
4.208977384696479973e+00 4.577078550662064858e-21 1.860996286969219660e-21
4.209642384696051565e+00 2.923344677951803415e-21 1.755399786855766865e-21
4.210307384695623156e+00 -2.404398860533057795e-22 1.689379864111677417e-21
4.210972384695194748e+00 -1.736111508618248384e-21 1.887307266564649482e-21
4.211637384694766340e+00 5.947412024884147809e-21 1.895069401593486185e-21
4.212302384694337931e+00 -4.552758587278647798e-21 1.683925215165172337e-21
4.212967384693909523e+00 -8.265379110474336076e-22 2.377227810161611634e-21
4.213632384693481114e+00 1.519080977649105621e-21 1.787656204843697465e-21
4.214297384693052706e+00 9.726472848248238312e-21 1.760808124994477906e-21
4.214962384692624298e+00 1.051505447293867809e-20 2.074065128007874119e-21
4.215627384692195889e+00 2.905460150932314444e-21 1.777743242140607798e-21
4.216292384691767481e+00 -1.776146260873990325e-21 2.004853770970751299e-21
4.216957384691339072e+00 6.289582591525153885e-22 1.857291962203740720e-21
4.217622384690910664e+00 -1.656241031216961297e-21 2.180016681921904077e-21
4.218287384690482256e+00 8.832999663804249292e-21 1.755607473823806523e-21
4.218952384690053847e+00 8.329917100928512905e-21 1.673817517943597262e-21
4.219617384689625439e+00 8.530142546776213299e-21 1.634867845502893601e-21
4.220282384689197031e+00 4.138179477463954740e-21 1.431996517451350551e-21
4.220947384688768622e+00 9.409724960777705046e-22 1.586899248130506077e-21
4.221612384688340214e+00 2.621180045082150995e-21 1.342507564459662545e-21
4.222277384687911805e+00 1.249053043966132266e-20 2.338789470035274890e-21
4.222942384687483397e+00 4.332092688469658424e-21 1.605237351261071825e-21
4.223607384687054989e+00 1.136924850928829135e-20 1.583668268303233704e-21
4.224272384686626580e+00 7.057928501400644883e-21 1.548500295917236936e-21
4.224937384686198172e+00 8.579065893387119796e-21 1.679046551272320450e-21
4.225602384685769763e+00 4.023516155081538367e-21 1.792632080507216992e-21
4.226267384685341355e+00 1.109992726009364474e-20 2.145246205638690827e-21
4.226932384684912947e+00 8.099867574504868424e-21 1.944192071112184395e-21
4.227597384684484538e+00 7.837276496824627349e-21 1.572435566452361782e-21
4.228262384684056130e+00 2.795219346046712225e-21 1.846741037139551177e-21
4.228927384683627722e+00 4.042852350504660428e-21 2.252248650357079099e-21
4.229592384683199313e+00 9.305218826986011562e-21 2.010186035057740093e-21
4.230257384682770905e+00 1.473926006264215705e-20 1.616426679888796122e-21
4.230922384682342496e+00 -5.367810194881934984e-23 1.510838527675345010e-21
4.231587384681914088e+00 -5.526282024428947587e-22 1.805082450977435690e-21
4.232252384681485680e+00 3.781533929821685703e-21 1.872853455737014924e-21
4.232917384681057271e+00 4.935524114602112921e-21 1.451400493762731024e-21
4.233582384680628863e+00 9.645351051552734458e-21 1.650143973898591078e-21
4.234247384680200454e+00 1.048075529675577951e-20 1.819759662631120522e-21
4.234912384679772046e+00 7.591948408673318070e-21 1.705802570994532797e-21
4.235577384679343638e+00 3.075687362447038041e-21 1.707024243174552667e-21
4.236242384678915229e+00 -4.656468768210056960e-21 1.500836235943324430e-21
4.236907384678486821e+00 4.319963018474765464e-21 2.008579211833185393e-21
4.237572384678058413e+00 7.889853373205932856e-21 1.576506409896763681e-21
4.238237384677630004e+00 4.768580558155874101e-21 1.656116525497511134e-21
4.238902384677201596e+00 7.511423029141619220e-22 1.607301780973571294e-21
4.239567384676773187e+00 -5.374824739692123696e-22 1.592642392980949409e-21
4.240232384676344779e+00 2.772010327671246944e-21 1.726062234907160042e-21
4.240897384675916371e+00 7.423680156677388975e-21 2.842457952696793476e-21
4.241562384675487962e+00 6.536392306615393642e-21 1.917686383727627568e-21
4.242227384675059554e+00 4.293186551600012555e-21 1.767434041793541571e-21
4.242892384674631145e+00 4.831802753475588907e-21 1.863700423068463853e-21
4.243557384674202737e+00 -1.247819541686184551e-22 1.851344683546813706e-21
4.244222384673774329e+00 6.173520143118140578e-21 1.950325164955525798e-21
4.244887384673345920e+00 5.252357737850112043e-21 1.623474091463178532e-21
4.245552384672917512e+00 3.892013488377083749e-21 1.756246304260035841e-21
4.246217384672489104e+00 3.778540267648967751e-21 1.757836370286594311e-21
4.246882384672060695e+00 4.782573654556302078e-21 1.868072998358296578e-21
4.247547384671632287e+00 6.018223839733098295e-21 2.246554782141685552e-21
4.248212384671203878e+00 9.969903108660673972e-21 1.995994313538228166e-21
4.248877384670775470e+00 1.952046130954107318e-21 1.757893987222481051e-21
4.249542384670347062e+00 -1.444060807954160077e-21 1.539398581756150959e-21
4.250207384669918653e+00 2.587226335091763157e-21 1.680025274645614874e-21
4.250872384669490245e+00 -1.068901530945003887e-21 1.859407648865012749e-21
4.251537384669061836e+00 -1.974850359072785784e-21 1.579107775019344964e-21
4.252202384668633428e+00 -9.924266257110749377e-22 1.506781353303392958e-21
4.252867384668205020e+00 1.693549878265833409e-21 1.618702190685853300e-21
4.253532384667776611e+00 -1.155786091772043517e-21 1.472741795770918207e-21
4.254197384667348203e+00 2.085603254800442193e-21 1.699044350689010368e-21
4.254862384666919795e+00 6.316724864718949430e-21 1.924343038414321543e-21
4.255527384666491386e+00 2.462996709947851563e-21 1.645876740344015416e-21
4.256192384666062978e+00 3.280876285164779144e-21 1.564235457908484887e-21
4.256857384665634569e+00 7.258844659248265086e-21 1.666889578872937943e-21
4.257522384665206161e+00 -6.768283045567686607e-22 1.603472337039261358e-21
4.258187384664777753e+00 1.973818898699845481e-21 1.965561365772832060e-21
4.258852384664349344e+00 4.879972118208949116e-21 1.854676574938992627e-21
4.259517384663920936e+00 2.123468374997039140e-21 1.406216092028064883e-21
4.260182384663492527e+00 9.596935385829674077e-21 1.754075317784984239e-21
4.260847384663064119e+00 1.086177210723065810e-20 1.688701116631510939e-21
4.261512384662635711e+00 3.602380290620854348e-21 1.617784111933238415e-21
4.262177384662207302e+00 1.927996180583408262e-21 1.975936973262751065e-21
4.262842384661778894e+00 1.905296906029536879e-21 6.445426330245684876e-21
4.263507384661350486e+00 1.270612254877902171e-20 4.941353893424150230e-21
4.264172384660922077e+00 2.278831498756809877e-20 6.045627470901924569e-21
4.264837384660493669e+00 9.045619440136786858e-21 1.777869026581272749e-21
4.265502384660065260e+00 9.129712339216824778e-21 1.515343395585360746e-21
4.266167384659636852e+00 -2.394831730466587157e-21 1.560817349507556217e-21
4.266832384659208444e+00 1.510895769388260912e-21 1.630796122546313801e-21
4.267497384658780035e+00 -8.693208462842358877e-21 1.837266499122499946e-21
4.268162384658351627e+00 4.095356257661684193e-21 1.753707802353232042e-21
4.268827384657923218e+00 2.106584703340939060e-21 1.563159841537069627e-21
4.269492384657494810e+00 7.735286228611595754e-21 1.749751241167575226e-21
4.270157384657066402e+00 5.164957857196975900e-21 1.593826570224887361e-21
4.270822384656637993e+00 4.026442035648995442e-21 1.577491380456603855e-21
4.271487384656209585e+00 2.033929626704949779e-21 1.892986432673509033e-21
4.272152384655781177e+00 7.418564311207458520e-22 2.306645342306490436e-21
4.272817384655352768e+00 -5.532718832314239227e-22 2.083657895041959558e-21
4.273482384654924360e+00 2.768597867173753054e-21 2.262222383740986995e-21
4.274147384654495951e+00 6.295182717220375849e-21 2.029216540823043475e-21
4.274812384654067543e+00 -2.445218338836230321e-22 1.793757916351774128e-21
4.275477384653639135e+00 5.032321706942919762e-21 1.691531519254789553e-21
4.276142384653210726e+00 1.442738103267855386e-20 2.002557223378645474e-21
4.276807384652782318e+00 1.211067685882347934e-20 2.447495322588384525e-21
4.277472384652353909e+00 6.992081416042747664e-21 1.840808576913017942e-21
4.278137384651925501e+00 6.005373090797151273e-21 1.947200181240301947e-21
4.278802384651497093e+00 -3.736136108290392624e-21 2.727246202329628685e-21
4.279467384651068684e+00 2.963523163088602140e-21 2.617761402011019956e-21
4.280132384650640276e+00 1.352363448342574566e-20 2.204824629999708478e-20
4.280797384650211868e+00 5.329292473224973528e-21 2.464707086742700063e-21
4.281462384649783459e+00 1.305848083995784795e-21 1.822574601988175449e-20
4.282127384649355051e+00 1.809117402683545673e-20 1.441998519577630528e-20
4.282792384648926642e+00 5.341721676713356362e-21 2.105245838053485418e-21
4.283457384648498234e+00 7.557553883629610131e-21 2.013614954857762125e-21
4.284122384648069826e+00 5.092030943983214171e-21 1.585055133154205097e-21
4.284787384647641417e+00 4.394059158436485699e-21 1.857999470394077672e-21
4.285452384647213009e+00 -1.062592368180867748e-21 1.742785049292996836e-21
4.286117384646784600e+00 4.179842048196195740e-21 1.633417301910778920e-21
4.286782384646356192e+00 6.793391196514263468e-21 1.634096873797109709e-21
4.287447384645927784e+00 -5.966956863168954206e-22 1.800234260617551584e-21
4.288112384645499375e+00 4.452576831908393390e-21 1.634237420700655916e-21
4.288777384645070967e+00 4.898520461406881169e-21 1.976155653137234414e-21
4.289442384644642559e+00 1.965275075243815414e-21 1.794113694306769535e-21
4.290107384644214150e+00 1.481477179936373554e-21 1.885529618315610614e-21
4.290772384643785742e+00 5.127786859234173518e-21 1.613008292670314763e-21
4.291437384643357333e+00 -1.556477901420136103e-22 1.560985401401522002e-21
4.292102384642928925e+00 8.308256350402181918e-21 1.911162612177681851e-21
4.292767384642500517e+00 2.262165346176858104e-21 1.696746251155905677e-21
4.293432384642072108e+00 -1.608745716828938704e-21 1.764603770026340734e-21
4.294097384641643700e+00 3.517085187787381058e-21 1.937009308698773793e-21
4.294762384641215291e+00 -5.393397058527389457e-22 1.631516840737329667e-21
4.295427384640786883e+00 8.882205411510284950e-21 1.784490721556360169e-21
4.296092384640358475e+00 9.010745569726694460e-21 1.766493251934435753e-21
4.296757384639930066e+00 -2.222641453903435462e-21 2.169245696870964277e-21
4.297422384639501658e+00 -6.261942323732014894e-21 1.960509539698832060e-21
4.298087384639073250e+00 -4.626937761897241795e-21 1.570355639863183842e-21
4.298752384638644841e+00 -4.593403290052058448e-22 1.889257567849818155e-21
4.299417384638216433e+00 -7.081557952316679321e-22 1.889428392143499930e-21
4.300082384637788024e+00 8.017531455778519244e-21 2.687601664144348911e-21
4.300747384637359616e+00 2.932313862111867276e-21 1.881115676968924693e-21
4.301412384636931208e+00 7.859370001887907676e-21 2.753197611348615926e-21
4.302077384636502799e+00 6.711723112543066770e-21 2.083582258958402176e-21
4.302742384636074391e+00 -4.278181595589556748e-22 2.429871339654452144e-21
4.303407384635645982e+00 -7.150043663406849354e-21 1.538835306075896703e-21
4.304072384635217574e+00 -5.903228355833641137e-21 1.439130014757227941e-21
4.304737384634789166e+00 7.226711834909004585e-21 1.527921413435617176e-21
4.305402384634360757e+00 7.062591578631549786e-21 1.928572553291216825e-21
4.306067384633932349e+00 3.161703026510448352e-21 2.230347085423373265e-21
4.306732384633503941e+00 1.161898145656929158e-20 1.921234541293221117e-21
4.307397384633075532e+00 3.448323442626126901e-21 2.295486473215938573e-21
4.308062384632647124e+00 6.475340119717004424e-21 2.530223095078772570e-21
4.308727384632218715e+00 7.830781377912159756e-21 2.136834135030107434e-21
4.309392384631790307e+00 4.786331174782876649e-21 1.663364911583897034e-21
4.310057384631361899e+00 1.051938621796785794e-20 4.278768135560785397e-21
4.310722384630933490e+00 9.145102236083198500e-22 1.990264505428459095e-21
4.311387384630505082e+00 8.822806086964586883e-21 4.581852443831312994e-21
4.312052384630076673e+00 2.868731016422239128e-21 1.750044370474906297e-21
4.312717384629648265e+00 2.923698274807262705e-21 2.082083625827661727e-21
4.313382384629219857e+00 2.725836293729892309e-21 2.001477670686143958e-21
4.314047384628791448e+00 -1.108009019223023048e-21 1.983752471152219975e-21
4.314712384628363040e+00 -1.682623673110491644e-21 1.645729194845200189e-21
4.315377384627934632e+00 1.508518299212804567e-22 1.955686227043778775e-21
4.316042384627506223e+00 5.557553029463877198e-21 1.614816416565043804e-21
4.316707384627077815e+00 -2.826132921957660214e-22 1.844166104733976621e-21
4.317372384626649406e+00 6.523260549528087732e-21 1.803306298595615467e-21
4.318037384626220998e+00 3.216278116480690925e-21 2.159752965360469718e-21
4.318702384625792590e+00 5.459176217547040855e-21 1.864895980946592645e-21
4.319367384625364181e+00 3.020456793805112056e-21 1.550376646798656434e-21
4.320032384624935773e+00 -1.461936003645812828e-21 1.558766270696021838e-21
4.320697384624507364e+00 3.146829898032737615e-21 2.106269372430581209e-21
4.321362384624078956e+00 6.007631647521118122e-21 1.841234058269671534e-21
4.322027384623650548e+00 2.305806543829172695e-21 1.407372350657304357e-21
4.322692384623222139e+00 -1.799603914721510453e-21 1.648125753287541680e-21
4.323357384622793731e+00 -5.564720458137928839e-21 1.720589420542068897e-21
4.324022384622365323e+00 -2.888330861918141259e-21 1.729334590524781891e-21
4.324687384621936914e+00 1.198948407522916988e-21 1.605131034161960998e-21
4.325352384621508506e+00 1.976736722798494753e-21 1.554297004685550660e-21
4.326017384621080097e+00 1.045322815733776755e-21 1.805764935693183651e-21
4.326682384620651689e+00 4.801857035542582891e-21 2.012449239442640274e-21
4.327347384620223281e+00 2.117567372383765328e-21 2.001787909810515536e-21
4.328012384619794872e+00 4.327757742912783938e-21 1.754699214385307341e-21
4.328677384619366464e+00 7.442646540378932204e-21 2.028769948351237340e-21
4.329342384618938055e+00 -2.023780494260795769e-21 1.918257333896498223e-21
4.330007384618509647e+00 -2.474342892496173776e-22 1.929621844615090044e-21
4.330672384618081239e+00 3.703497167974077530e-21 1.543035650996245249e-21
4.331337384617652830e+00 6.796983867991621313e-21 1.583136761022665323e-21
4.332002384617224422e+00 5.569647164051907088e-21 1.620051470618340299e-21
4.332667384616796014e+00 2.425812677050409719e-21 2.924645472148120719e-21
4.333332384616367605e+00 3.336574524631771839e-21 1.895071732124164385e-21
4.333997384615939197e+00 -2.702129990222809955e-21 1.802957425092482798e-21
4.334662384615510788e+00 -3.626820132702455841e-21 1.760489980929781328e-21
4.335327384615082380e+00 -1.916732412301202929e-21 2.066620687554738207e-21
4.335992384614653972e+00 1.148428848838848912e-21 1.570830044340652459e-21
4.336657384614225563e+00 3.517211871181082500e-21 1.567005843307701882e-21
4.337322384613797155e+00 -4.006047254164948522e-21 1.593487116552139100e-21
4.337987384613368746e+00 8.282469310381187368e-22 2.054536385713686221e-21
4.338652384612940338e+00 -1.132461005802471179e-21 1.910854476408073237e-21
4.339317384612511930e+00 -1.682116509018673694e-21 1.767986739465520093e-21
4.339982384612083521e+00 8.691601528257463461e-22 2.093821579166824355e-21
4.340647384611655113e+00 6.558145094734307652e-21 1.744582215453531151e-21
4.341312384611226705e+00 4.643100529133255048e-21 1.698951867273414003e-21
4.341977384610798296e+00 4.421989182478095115e-21 2.112665782999090079e-21
4.342642384610369888e+00 -1.114853917006632741e-22 2.151541047640993132e-21
4.343307384609941479e+00 -1.190054783565260835e-21 1.612356696367671211e-21
4.343972384609513071e+00 4.353128327362737706e-22 1.675473901388073714e-21
4.344637384609084663e+00 2.891878312934468635e-21 1.787326178427603996e-21
4.345302384608656254e+00 9.683276469787888117e-22 1.692218843967834366e-21
4.345967384608227846e+00 6.503911187781224750e-21 1.601730014505811464e-21
4.346632384607799438e+00 4.463973668096519598e-21 1.741071437869220015e-21
4.347297384607371029e+00 1.301852336194080713e-20 1.791934186706080031e-21
4.347962384606942621e+00 1.462220584674440786e-20 2.043980188794359922e-21
4.348627384606514212e+00 1.113853506471169006e-20 1.539362340858123489e-21
4.349292384606085804e+00 4.316253400824371890e-21 2.795907609007078758e-21
4.349957384605657396e+00 1.875499722327358068e-20 1.933170544446816481e-21
4.350622384605228987e+00 8.566175272230879443e-21 1.555041136355680110e-21
4.351287384604800579e+00 5.439659607843628685e-21 1.408840799992142427e-21
4.351952384604372170e+00 -1.954525316976351275e-22 1.849490798382787458e-21
4.352617384603943762e+00 -3.485005497423719900e-21 1.967071548854396358e-21
4.353282384603515354e+00 5.969095212894208131e-21 1.815757167007494360e-21
4.353947384603086945e+00 6.147295412303350002e-21 2.354787517601919677e-21
4.354612384602658537e+00 -1.246262706330316508e-20 2.235860003335793792e-21
4.355277384602230129e+00 -6.335378354640300040e-21 1.936331175803919496e-21
4.355942384601801720e+00 -1.028319295239384770e-20 1.557683763982762068e-21
4.356607384601373312e+00 9.184645117537092469e-22 1.783112147361672120e-21
4.357272384600944903e+00 5.625292648692555945e-21 2.007601569262755530e-21
4.357937384600516495e+00 3.306436127085765901e-21 1.745907240342565306e-21
4.358602384600088087e+00 6.583679071503751916e-21 2.347143410974693909e-21
4.359267384599659678e+00 7.115423096227207786e-21 1.830960587556433441e-21
4.359932384599231270e+00 5.415972591835743081e-21 1.792465101131985029e-21
4.360597384598802861e+00 -1.476777802524317630e-21 1.493853608213747101e-21
4.361262384598374453e+00 5.336459862557752328e-22 1.432459151921365510e-21
4.361927384597946045e+00 8.654785659197955011e-23 1.610756716251243442e-21
4.362592384597517636e+00 1.465969037074765066e-21 1.979971027736817123e-21
4.363257384597089228e+00 4.497766467339020502e-22 1.668983664487643995e-21
4.363922384596660820e+00 -6.003400758200051454e-22 1.721865553351017405e-21
4.364587384596232411e+00 -4.613362920614620531e-21 1.754564703630038137e-21
4.365252384595804003e+00 1.271034847724674068e-21 1.603809284037074570e-21
4.365917384595375594e+00 5.381570279489379899e-21 1.688640231162183527e-21
4.366582384594947186e+00 2.935868410480939565e-21 2.007111471412558421e-21
4.367247384594518778e+00 -2.292954951159622743e-21 2.042889229482243802e-21
4.367912384594090369e+00 8.829278805070662779e-21 2.160307911573021775e-21
4.368577384593661961e+00 -6.915124343982452114e-21 1.520361768585374186e-21
4.369242384593233552e+00 8.353286285972312074e-22 1.812660880547924890e-21
4.369907384592805144e+00 -1.115758851711377149e-21 1.657339213154610579e-21
4.370572384592376736e+00 -4.439403553583150109e-21 1.686278627372872281e-21
4.371237384591948327e+00 4.770464187994020497e-21 2.861226278643490410e-21
4.371902384591519919e+00 1.495245326011876096e-20 1.755361284723760324e-21
4.372567384591091511e+00 1.248412116534250630e-20 2.000642564726668200e-21
4.373232384590663102e+00 7.361304741670868182e-21 1.812765234346509376e-21
4.373897384590234694e+00 2.059607833677914389e-21 1.897689519438214867e-21
4.374562384589806285e+00 2.966040753377761415e-22 1.930452498056996755e-21
4.375227384589377877e+00 8.102823173314452143e-22 1.629363371247040525e-21
4.375892384588949469e+00 -1.874752230634192832e-21 1.609269919022517651e-21
4.376557384588521060e+00 -5.331983391954825328e-21 1.452977875632147367e-21
4.377222384588092652e+00 8.388246072463110072e-21 1.619326399207112890e-21
4.377887384587664243e+00 5.019683844637218518e-21 1.752401993839422453e-21
4.378552384587235835e+00 4.564612881408617861e-21 1.642879341380157230e-21
4.379217384586807427e+00 2.189322555858351806e-21 1.770141556017086290e-21
4.379882384586379018e+00 -1.481979266942130533e-21 1.745553802499344451e-21
4.380547384585950610e+00 4.637840643849698834e-21 1.668136263866409064e-21
4.381212384585522202e+00 1.520856219496151082e-21 1.708665803511936332e-21
4.381877384585093793e+00 2.637460057978376566e-21 1.807323777175316624e-21
4.382542384584665385e+00 6.740133683610697716e-21 1.699825761544269370e-21
4.383207384584236976e+00 8.946264412610245287e-21 2.048911438246109833e-21
4.383872384583808568e+00 1.131249749835556627e-20 1.518133916466587504e-21
4.384537384583380160e+00 1.765136187980981839e-21 1.537667144660484224e-21
4.385202384582951751e+00 -1.325173161271571625e-21 1.657614002316590886e-21
4.385867384582523343e+00 -2.747531933889979554e-21 1.760253220070464140e-21
4.386532384582094934e+00 -3.011575411673494100e-21 1.683616824204238138e-21
4.387197384581666526e+00 -4.308260404874278189e-21 1.801102237464542541e-21
4.387862384581238118e+00 -1.921138617172526753e-21 1.899116408898024967e-21
4.388527384580809709e+00 5.367394365633075209e-22 1.839318563193267055e-21
4.389192384580381301e+00 1.058514903346149470e-20 1.829610607919246835e-21
4.389857384579952893e+00 3.768996870371568973e-21 1.734424729079145673e-21
4.390522384579524484e+00 6.252297661519400457e-21 1.950486645276403520e-21
4.391187384579096076e+00 3.649700475638802029e-21 1.783316849218260558e-21
4.391852384578667667e+00 -4.968075301018502728e-21 1.786640389548587636e-21
4.392517384578239259e+00 -5.953152439399730222e-22 1.806998905582197264e-21
4.393182384577810851e+00 9.301555290641984718e-21 1.778221187069008402e-21
4.393847384577382442e+00 5.713279394706641216e-21 1.651804933991396704e-21
4.394512384576954034e+00 -1.512902457536902724e-21 1.626859159541080778e-21
4.395177384576525625e+00 2.432686910293764111e-21 1.823994316464131805e-21
4.395842384576097217e+00 2.976475504961857300e-21 1.809103494642727150e-21
4.396507384575668809e+00 5.227962862220329603e-21 1.671801777470542590e-21
4.397172384575240400e+00 3.783911959069370520e-21 1.484315255475648965e-21
4.397837384574811992e+00 8.372228270941035318e-21 1.485759851193157619e-21
4.398502384574383584e+00 6.608613882065138920e-21 1.707887432272183709e-21
4.399167384573955175e+00 -3.765991483677684284e-21 1.503059742788365889e-21
4.399832384573526767e+00 -6.624829784009394827e-22 2.899823559456388036e-21
4.400497384573098358e+00 2.304209146306554179e-21 1.832361963383990051e-21
4.401162384572669950e+00 7.975757963783133364e-21 1.733880554173993402e-21
4.401827384572241542e+00 5.089746721668001740e-21 1.646973928625829929e-21
4.402492384571813133e+00 1.596555527478896481e-21 1.750877652943477420e-21
4.403157384571384725e+00 4.007317221431418998e-21 1.830527800802912049e-21
4.403822384570956316e+00 4.428993571930697746e-21 1.603897539379602905e-21
4.404487384570527908e+00 -4.154689066964233329e-21 2.070253792831013115e-21
4.405152384570099500e+00 5.595926105565996431e-21 1.886892137206543646e-21
4.405817384569671091e+00 1.269565976496192448e-21 1.735661227499013405e-21
4.406482384569242683e+00 6.507862681575074924e-21 1.703916275875505142e-21
4.407147384568814275e+00 8.764065217234704796e-21 1.905458183740328631e-21
4.407812384568385866e+00 1.183850913915008107e-20 1.754461526260788917e-21
4.408477384567957458e+00 1.569042429723248826e-21 1.798729146959540934e-21
4.409142384567529049e+00 5.177514109966005676e-22 1.810538835721255878e-21
4.409807384567100641e+00 3.747273873521516718e-21 1.542509991934097185e-21
4.410472384566672233e+00 1.977348860363202020e-21 1.746327839824810912e-21
4.411137384566243824e+00 -3.420187536442768431e-21 1.891056638366926381e-21
4.411802384565815416e+00 7.406005611221092767e-21 2.065128874423502544e-21
4.412467384565387007e+00 -1.246959774509424345e-21 1.795676174643504832e-21
4.413132384564958599e+00 -5.895009239841719311e-21 1.745164861803187420e-21
4.413797384564530191e+00 -4.543425810962120884e-21 2.267297669941210552e-21
4.414462384564101782e+00 8.358885527683501783e-21 1.715540647428528930e-21
4.415127384563673374e+00 1.719255973820322447e-21 1.856058940057793379e-21
4.415792384563244966e+00 1.229249963927461099e-21 1.864695653511716990e-21
4.416457384562816557e+00 4.036306209595022251e-21 2.535417123746502461e-21
4.417122384562388149e+00 2.100162756892851867e-21 1.887482201885391949e-21
4.417787384561959740e+00 1.008824489283479653e-20 1.945181173206496769e-21
4.418452384561531332e+00 9.078918419368182825e-21 1.779875769692570503e-21
4.419117384561102924e+00 7.472266689310920862e-21 1.714012104278243999e-21
4.419782384560674515e+00 1.515062841294580113e-20 1.650416711752437155e-21
4.420447384560246107e+00 9.968006040187427619e-21 1.652587706955768846e-21
4.421112384559817698e+00 6.541063368804546609e-22 1.936924061527526028e-21
4.421777384559389290e+00 6.506733854375459356e-22 1.975943183885928336e-21
4.422442384558960882e+00 6.902549579710807454e-21 1.780657867033750200e-21
4.423107384558532473e+00 -3.123619104325823189e-21 1.516347954099900801e-21
4.423772384558104065e+00 -9.326374855335655445e-21 1.747490894580173328e-21
4.424437384557675657e+00 -4.940679222497610318e-21 1.846886380412614666e-21
4.425102384557247248e+00 4.899037039389559400e-21 1.945312944047923842e-21
4.425767384556818840e+00 -1.655858710723589571e-21 2.680159834845473597e-21
4.426432384556390431e+00 -2.402851303498888745e-21 1.625787686590262071e-21
4.427097384555962023e+00 2.481874370384207423e-21 1.900580639663543641e-21
4.427762384555533615e+00 -1.147320508819767914e-21 1.686789662294527035e-21
4.428427384555105206e+00 9.076732458297185216e-22 1.803054699614355283e-21
4.429092384554676798e+00 6.926332426273775356e-21 1.878141763781651859e-21
4.429757384554248389e+00 2.388232095692434028e-21 1.854019340866946826e-21
4.430422384553819981e+00 -1.728856044295531294e-20 1.989323343344932358e-21
4.431087384553391573e+00 5.283721595319839808e-21 3.102204107490036542e-21
4.431752384552963164e+00 6.236634328540179235e-21 1.792076242781766277e-21
4.432417384552534756e+00 9.342522172296574339e-21 2.082845863013883274e-21
4.433082384552106348e+00 3.440646515818722985e-21 1.724723068941912021e-21
4.433747384551677939e+00 4.141644215571843802e-21 2.007737433110868253e-21
4.434412384551249531e+00 1.038445236119641500e-20 2.303128402592253904e-21
4.435077384550821122e+00 7.871114472916075856e-21 1.945727284907844775e-21
4.435742384550392714e+00 4.595718398459783366e-22 1.790308666154411915e-21
4.436407384549964306e+00 -3.340958087648797576e-21 1.972498077752130438e-21
4.437072384549535897e+00 8.081474730555386932e-21 1.746778523643776259e-21
4.437737384549107489e+00 6.635487157318384500e-21 1.764502476817439809e-21
4.438402384548679080e+00 1.323645653460739154e-20 2.438049766656353442e-21
4.439067384548250672e+00 8.029786125772109858e-21 1.756772213389961445e-21
4.439732384547822264e+00 -5.421773411728696882e-22 1.782334230733479302e-21
4.440397384547393855e+00 4.072544358621871555e-21 2.185379051443024185e-20
4.441062384546965447e+00 2.567256532739437298e-21 1.296238939427916790e-20
4.441727384546537039e+00 -8.132898429762364755e-22 4.506448252297989884e-21
4.442392384546108630e+00 5.606904346093074711e-21 1.914310252286679756e-21
4.443057384545680222e+00 3.846624196146637441e-21 1.795966897299376451e-21
4.443722384545251813e+00 4.157362809065542546e-21 1.839733124813349096e-21
4.444387384544823405e+00 4.209836049885692381e-21 1.879715377092504032e-21
4.445052384544394997e+00 3.206822863693962700e-21 1.960583335305124250e-21
4.445717384543966588e+00 1.968870635073984194e-21 2.930782540419969310e-21
4.446382384543538180e+00 -3.148452328826311917e-21 1.998708563251170408e-21
4.447047384543109771e+00 2.166263854062812690e-21 1.962935014488920428e-21
4.447712384542681363e+00 -1.744282074503485621e-21 2.505989047328689402e-21
4.448377384542252955e+00 -5.796730926692943963e-22 1.868317303832367819e-21
4.449042384541824546e+00 5.280680020376077343e-21 1.658040539944895354e-21
4.449707384541396138e+00 3.585734782281143464e-21 1.987541481398261284e-21
4.450372384540967730e+00 -1.736359994949515022e-21 1.694416789806440141e-21
4.451037384540539321e+00 2.674140284886549387e-21 1.629480192200832057e-21
4.451702384540110913e+00 -8.788483014111882427e-21 1.700437882928420654e-21
4.452367384539682504e+00 -6.084743082683052859e-21 1.687077997899486537e-21
4.453032384539254096e+00 -3.532524448320138254e-21 2.000450229380506210e-21
4.453697384538825688e+00 -4.427858400579312700e-21 1.716548784946809755e-21
4.454362384538397279e+00 -1.744048111967943057e-21 1.841945716216839136e-21
4.455027384537968871e+00 -1.499240641658465238e-21 1.754330962257271208e-21
4.455692384537540462e+00 2.606724101766647923e-21 1.822668112494206359e-21
4.456357384537112054e+00 6.436512260738713121e-22 3.065750066483760079e-21
4.457022384536683646e+00 6.074059882739838198e-22 1.969213424826371585e-21
4.457687384536255237e+00 -2.298620365385579612e-21 1.886037468332667605e-21
4.458352384535826829e+00 4.166850379718286024e-21 1.793522237461388953e-21
4.459017384535398421e+00 7.431536934981262338e-21 1.980166682850024340e-21
4.459682384534970012e+00 3.845148166065125773e-21 1.814424758326795703e-21
4.460347384534541604e+00 -4.400395258185326525e-21 1.820302769127440370e-21
4.461012384534113195e+00 4.558436731865811819e-21 1.820611694704326087e-21
4.461677384533684787e+00 1.413703160951801538e-21 1.752387037702472252e-21
4.462342384533256379e+00 4.063025129691316111e-21 1.876872340744989432e-21
4.463007384532827970e+00 3.858878060312347212e-21 1.791276389908921704e-21
4.463672384532399562e+00 3.816001084384815547e-21 1.993171423798743128e-21
4.464337384531971153e+00 7.061094453614974370e-21 1.991540121542810304e-21
4.465002384531542745e+00 7.525225640903716407e-21 1.750325983522425626e-21
4.465667384531114337e+00 3.076125237611937276e-21 2.224977113331487310e-21
4.466332384530685928e+00 1.135342394310333596e-20 2.599119790048999548e-21
4.466997384530257520e+00 8.196086321588079215e-21 1.826744731266930670e-21
4.467662384529829112e+00 -2.194189621298232767e-21 1.907424535519990087e-21
4.468327384529400703e+00 9.984914002188584292e-22 1.886533765422763461e-21
4.468992384528972295e+00 2.104972603008926690e-21 1.779994452682124785e-21
4.469657384528543886e+00 1.313321976405812860e-20 1.858880266673090475e-21
4.470322384528115478e+00 7.627789231510853905e-21 1.823075288736859825e-21
4.470987384527687070e+00 5.000348737695574118e-21 1.842611128356024263e-21
4.471652384527258661e+00 8.931233457372402915e-21 1.997549120972163611e-21
4.472317384526830253e+00 7.599993885314826043e-21 1.853240007750136952e-21
4.472982384526401844e+00 3.530257205917765886e-21 1.963800543706893400e-21
4.473647384525973436e+00 2.373720429289523922e-21 1.824171896700889544e-21
4.474312384525545028e+00 9.984677868324421918e-22 1.708782847980808378e-21
4.474977384525116619e+00 -7.628074768769299833e-21 1.961648393567218721e-21
4.475642384524688211e+00 -3.038550906309319917e-21 1.965209019759634047e-21
4.476307384524259803e+00 4.924726867097792138e-21 1.797342281253551626e-21
4.476972384523831394e+00 3.876552211782065752e-21 1.663844322899931047e-21
4.477637384523402986e+00 8.153949720148437882e-22 1.824605002960851777e-21
4.478302384522974577e+00 2.164933522648659543e-21 2.296239247521114214e-21
4.478967384522546169e+00 2.875851724088492685e-21 1.894844262728900892e-21
4.479632384522117761e+00 -1.950263187024874516e-21 2.900819309844523986e-21
4.480297384521689352e+00 -2.765267773462394186e-21 1.812243195275473829e-21
4.480962384521260944e+00 -6.800974844275473519e-21 1.758044429662516265e-21
4.481627384520832535e+00 1.907733830494761311e-21 2.049288220050239875e-21
4.482292384520404127e+00 1.868517605091477082e-21 1.813774850026356713e-21
4.482957384519975719e+00 5.602425302750841817e-21 1.951332826660958861e-21
4.483622384519547310e+00 1.715958058513856972e-21 1.742508740519142264e-21
4.484287384519118902e+00 -4.751559889594930982e-22 1.974460950938414639e-21
4.484952384518690494e+00 -1.099528720385028984e-21 2.069368293839388689e-21
4.485617384518262085e+00 8.398369179125856979e-21 1.989617685213207910e-21
4.486282384517833677e+00 1.350560106000584449e-20 2.030192146741312395e-21
4.486947384517405268e+00 3.163345439499348231e-21 2.158250544217224668e-21
4.487612384516976860e+00 1.757117583055668353e-21 1.892785708948767629e-21
4.488277384516548452e+00 -5.966426866242258047e-21 1.805226080530527718e-21
4.488942384516120043e+00 6.479304658267792824e-22 1.641924516063418929e-21
4.489607384515691635e+00 2.275715618112352267e-21 2.014988214502757871e-21
4.490272384515263226e+00 4.886803540720898173e-21 2.384343366300616130e-21
4.490937384514834818e+00 1.037026712288173612e-20 2.204038470488903764e-21
4.491602384514406410e+00 1.096028523965886691e-20 2.237206756459284779e-21
4.492267384513978001e+00 7.703619963247899328e-22 2.695283529793290410e-21
4.492932384513549593e+00 7.378345656722465718e-21 1.986073498085048898e-21
4.493597384513121185e+00 5.171397036907306771e-21 2.125286296536691624e-21
4.494262384512692776e+00 3.181856540721630525e-21 1.932653339404242849e-21
4.494927384512264368e+00 5.592139857214003127e-21 2.421587730731433965e-21
4.495592384511835959e+00 7.799674513955915945e-21 1.753504032788619045e-21
4.496257384511407551e+00 1.763708240378525766e-22 2.201286328331155424e-21
4.496922384510979143e+00 1.508298653457333853e-21 2.179350755266311555e-21
4.497587384510550734e+00 2.864129291180351613e-21 2.447703853921047903e-21
4.498252384510122326e+00 -2.245283438453876673e-21 1.732290508131681114e-21
4.498917384509693917e+00 3.190377980838171545e-21 1.849117777375890361e-21
4.499582384509265509e+00 5.003664181436776436e-21 1.651358490880536080e-21
4.500247384508837101e+00 4.894016887334706987e-21 1.886595103946172949e-21
4.500912384508408692e+00 8.196124854093223868e-21 1.637295518970180701e-21
4.501577384507980284e+00 -6.787393776791722920e-22 2.040259459082171201e-21
4.502242384507551876e+00 3.287956240808195931e-21 2.579401209056075853e-21
4.502907384507123467e+00 9.825817506333586041e-22 1.949126978198306225e-21
4.503572384506695059e+00 5.878309653505527054e-21 1.858073571520228974e-21
4.504237384506266650e+00 6.894163326719059791e-21 1.694574119100199117e-21
4.504902384505838242e+00 9.558878269414842349e-21 1.699075900471028190e-21
4.505567384505409834e+00 6.864369356960573595e-22 1.900334393511801465e-21
4.506232384504981425e+00 2.576913069035640142e-21 1.588821722133805090e-21
4.506897384504553017e+00 -1.847075874451339104e-22 1.708366001522736067e-21
4.507562384504124608e+00 1.220628048531085835e-21 1.718184516087345648e-21
4.508227384503696200e+00 7.315243051984033495e-21 2.217366555189705657e-21
4.508892384503267792e+00 1.097064971381274204e-20 1.979476589218901386e-21
4.509557384502839383e+00 8.567868976631369883e-21 1.919946252233991815e-21
4.510222384502410975e+00 8.048072662562523009e-21 1.629326040874951538e-21
4.510887384501982567e+00 8.870870964315286313e-21 1.800857822037131493e-21
4.511552384501554158e+00 -1.525302862549332684e-21 1.645511928245039572e-21
4.512217384501125750e+00 -6.175270088547954475e-22 1.833460747938289591e-21
4.512882384500697341e+00 -2.540078453094851951e-21 1.755203878880437750e-21
4.513547384500268933e+00 -8.515938179814438042e-21 2.040038071968057095e-21
4.514212384499840525e+00 7.631531019530120691e-21 1.977986148059718134e-21
4.514877384499412116e+00 2.749099751111321553e-21 1.888425862939518187e-21
4.515542384498983708e+00 -3.036737600049573103e-21 2.032673241254013769e-21
4.516207384498555300e+00 5.835607318588132947e-21 1.993188469854642756e-21
4.516872384498126891e+00 3.883980952981835671e-21 1.753245722647747577e-21
4.517537384497698483e+00 6.536747159112120113e-21 2.100928356941946204e-21
4.518202384497270074e+00 -7.405397954013511129e-21 1.853410341299044641e-21
4.518867384496841666e+00 2.225173158355382267e-21 1.676357535931533598e-21
4.519532384496413258e+00 6.563387050938096082e-21 2.172635483064367692e-21
4.520197384495984849e+00 1.266524575280890287e-20 1.776571844800420833e-21
4.520862384495556441e+00 7.550280804243400510e-21 1.985772678786120890e-21
4.521527384495128032e+00 1.423731233055014280e-20 1.876988829457601948e-21
4.522192384494699624e+00 5.652649133910747923e-21 1.856178065410605404e-21
4.522857384494271216e+00 1.020802066338408600e-20 2.031799249653622454e-21
4.523522384493842807e+00 6.512805416435637629e-21 1.803728929105055475e-21
4.524187384493414399e+00 3.538530107126611152e-21 1.851561464635659827e-21
4.524852384492985991e+00 1.796648744556814166e-22 1.672635613400081532e-21
4.525517384492557582e+00 3.286012604533850153e-21 2.010629130810011476e-21
4.526182384492129174e+00 8.270689027233645423e-21 2.104626998855247073e-21
4.526847384491700765e+00 3.330687076537355313e-21 1.989856564169685952e-21
4.527512384491272357e+00 -7.660416003566742616e-22 1.752980324250735795e-21
4.528177384490843949e+00 7.522453641003760784e-21 1.749023331106983889e-21
4.528842384490415540e+00 3.330369279694192184e-21 2.111277993013634874e-21
4.529507384489987132e+00 8.366649155252686560e-21 2.385008637594066294e-21
4.530172384489558723e+00 4.654767572399704121e-21 1.865158860618905491e-21
4.530837384489130315e+00 3.688776201854733738e-21 2.087775434100100655e-21
4.531502384488701907e+00 8.752110299013714126e-21 1.862432787128840108e-21
4.532167384488273498e+00 1.023210484658986173e-20 1.828498789943357517e-21
4.532832384487845090e+00 5.916539478096000567e-21 1.714306306521707564e-21
4.533497384487416682e+00 1.303867525794089435e-20 1.808036764030668603e-21
4.534162384486988273e+00 1.274050786794556426e-20 1.874307774786798014e-21
4.534827384486559865e+00 4.762690035999792491e-21 1.704751065303164059e-21
4.535492384486131456e+00 4.087019162429583637e-21 1.865158806826503641e-21
4.536157384485703048e+00 1.827504036520913836e-21 1.818666290163778458e-21
4.536822384485274640e+00 1.074302896209907168e-20 1.902858426818153357e-21
4.537487384484846231e+00 1.273557659014968142e-20 1.939598514962269387e-21
4.538152384484417823e+00 9.450088929751870896e-21 1.925799415439742879e-21
4.538817384483989414e+00 6.527706145847359943e-21 1.892822265192535882e-21
4.539482384483561006e+00 -1.270073718179726179e-21 1.838218604957382453e-21
4.540147384483132598e+00 1.135395741526909129e-20 1.815577207966672889e-21
4.540812384482704189e+00 1.004761790190327975e-20 1.984662300533610908e-21
4.541477384482275781e+00 4.680001433180356384e-21 1.875142735800669172e-21
4.542142384481847373e+00 -3.037411969447892954e-22 1.944249061934741715e-21
4.542807384481418964e+00 -4.799587734461519827e-21 1.540650309063051194e-21
4.543472384480990556e+00 -2.266522476987025113e-21 1.761515835423944905e-21
4.544137384480562147e+00 6.384663265218031847e-22 1.613558379159030326e-21
4.544802384480133739e+00 9.997478642725631749e-22 1.733684996897121947e-21
4.545467384479705331e+00 1.274707942022715300e-20 1.724413787211082435e-21
4.546132384479276922e+00 1.776924435035902630e-20 1.871894586329947653e-21
4.546797384478848514e+00 1.134981397892001654e-21 2.091882000015945432e-21
4.547462384478420105e+00 9.094748658587850023e-21 1.369638750111935127e-21
4.548127384477991697e+00 2.433602388242248733e-21 1.816249713526036796e-21
4.548792384477563289e+00 4.222462523377809345e-21 1.663688715200057022e-21
4.549457384477134880e+00 2.988541279276639079e-21 2.049501391999129785e-21
4.550122384476706472e+00 2.370898121342021958e-22 2.150791424454772089e-21
4.550787384476278064e+00 8.607573420736170242e-21 1.772477299807497233e-21
4.551452384475849655e+00 8.343207267558673548e-21 1.914412721593484470e-21
4.552117384475421247e+00 1.333953772028432572e-20 1.824597542764862868e-21
4.552782384474992838e+00 1.321102900587076007e-20 1.658699126556020006e-21
4.553447384474564430e+00 6.897886276305352395e-21 1.847545786654015654e-21
4.554112384474136022e+00 9.063789463031205404e-21 1.700492540267449689e-21
4.554777384473707613e+00 9.063542982437575917e-21 1.678481625711412382e-21
4.555442384473279205e+00 9.433898511534365716e-21 1.469944250665875929e-21
4.556107384472850796e+00 4.477125785134548649e-21 1.818436766744760456e-21
4.556772384472422388e+00 6.118083561628500083e-21 1.601981673200767869e-21
4.557437384471993980e+00 1.911344096782762655e-22 1.690889970210729065e-21
4.558102384471565571e+00 4.229805876905438805e-21 1.797873107281270329e-21
4.558767384471137163e+00 3.150471359028562307e-21 1.857931007058043464e-21
4.559432384470708755e+00 9.593131162133818194e-21 2.201600678119008607e-21
4.560097384470280346e+00 4.648343489166632706e-21 2.082050161696518271e-21
4.560762384469851938e+00 -1.286089848676411163e-21 1.650813332220466183e-21
4.561427384469423529e+00 2.437046323749709438e-21 1.589423559410800304e-21
4.562092384468995121e+00 5.969303694224771259e-21 2.151680341672613468e-21
4.562757384468566713e+00 3.465127145698760055e-21 2.262940574610202235e-21
4.563422384468138304e+00 -3.918916088245914921e-21 1.879682338170011983e-21
4.564087384467709896e+00 1.704043126546066690e-21 1.952018272511620080e-21
4.564752384467281487e+00 4.955514520486308291e-21 1.730402926758228393e-21
4.565417384466853079e+00 -1.814934595623141783e-21 2.005667198128663383e-21
4.566082384466424671e+00 4.251716230969259298e-21 1.762268320272038149e-21
4.566747384465996262e+00 1.222918495199094766e-21 1.633670350930361808e-21
4.567412384465567854e+00 6.882942024037901830e-22 1.950717975981337195e-21
4.568077384465139446e+00 7.189065250959148339e-21 1.788798569871505459e-21
4.568742384464711037e+00 1.427576822879680842e-20 1.638067166529461020e-21
4.569407384464282629e+00 5.406832369228087504e-21 1.756421863058628328e-21
4.570072384463854220e+00 1.342968970171898869e-20 1.779546838738684886e-21
4.570737384463425812e+00 7.945810100905831079e-21 1.735382279121594865e-21
4.571402384462997404e+00 7.561549142562556437e-21 2.628387828100313350e-21
4.572067384462568995e+00 9.693745415707606546e-21 3.153650231533684615e-21
4.572732384462140587e+00 1.295757022989363345e-20 1.845471549798004433e-21
4.573397384461712178e+00 8.129116470022886819e-21 2.066338688159306308e-21
4.574062384461283770e+00 8.870919549443666689e-21 1.673129211522378126e-21
4.574727384460855362e+00 1.174481871107824160e-20 1.899582362248401300e-21
4.575392384460426953e+00 8.951900640673335423e-21 1.803196759151823493e-21
4.576057384459998545e+00 3.949700428969926593e-21 1.926062770934535395e-21
4.576722384459570137e+00 9.440266604552446924e-21 1.672643137441112088e-21
4.577387384459141728e+00 9.876981456515988048e-21 1.668640377236919714e-21
4.578052384458713320e+00 1.245432979040915766e-20 1.705815185298536076e-21
4.578717384458284911e+00 6.854249690196006308e-21 1.932302181412060048e-21
4.579382384457856503e+00 5.584949607511508516e-21 1.891594002580772339e-21
4.580047384457428095e+00 5.562759805079864822e-21 1.886876205708523628e-21
4.580712384456999686e+00 9.080791974078073973e-21 1.985144477833713613e-21
4.581377384456571278e+00 8.899812586379211668e-21 1.944936944379812449e-21
4.582042384456142869e+00 1.491502233312626118e-20 2.050505434607676343e-21
4.582707384455714461e+00 1.001745819826043466e-20 2.028497184596532562e-21
4.583372384455286053e+00 7.762888517416992548e-21 1.919652346516207630e-21
4.584037384454857644e+00 3.646860986327171755e-21 2.007200983695882126e-21
4.584702384454429236e+00 -2.156543628120704888e-21 1.990558231484711355e-21
4.585367384454000828e+00 2.014301793821424179e-21 1.802091100176899367e-21
4.586032384453572419e+00 3.342121355070674613e-21 1.814445699022719402e-21
4.586697384453144011e+00 -3.145081830449293501e-21 2.103183131765314781e-21
4.587362384452715602e+00 1.077900354711900649e-20 1.882446545362792955e-21
4.588027384452287194e+00 7.520499357853552191e-21 1.968611449830331120e-21
4.588692384451858786e+00 5.593706614538186047e-21 1.884464248429871205e-21
4.589357384451430377e+00 1.906702349384896037e-23 1.982945330457254803e-21
4.590022384451001969e+00 4.290189867450174246e-21 1.988568292445205898e-21
4.590687384450573560e+00 5.308271403061258515e-21 2.269987791026251709e-21
4.591352384450145152e+00 6.395817401160850063e-21 1.623675436629924709e-21
4.592017384449716744e+00 5.706634352669946675e-21 1.879844166789991867e-21
4.592682384449288335e+00 7.966322954940706514e-21 1.892753891432972285e-21
4.593347384448859927e+00 3.685334318096298142e-21 1.836672752427183422e-21
4.594012384448431519e+00 6.314832350813529061e-21 2.128992644792785439e-21
4.594677384448003110e+00 1.824694220461694792e-20 1.914678475349312420e-21
4.595342384447574702e+00 1.637011705609820178e-20 1.992632621579733977e-21
4.596007384447146293e+00 1.152508129441683536e-20 2.085892813809621593e-21
4.596672384446717885e+00 8.315493298305377114e-21 2.047406151624694689e-21
4.597337384446289477e+00 5.958824574328729819e-21 2.428003554752998541e-21
4.598002384445861068e+00 8.004008050707566563e-21 1.975111344101897098e-21
4.598667384445432660e+00 1.058176060595205575e-20 2.365314520900391951e-21
4.599332384445004251e+00 4.021360651209225543e-21 2.106224859135691899e-21
4.599997384444575843e+00 7.744304812534537559e-21 2.058808115574729022e-21
4.600662384444147435e+00 3.406991086827663916e-21 2.121430390590749342e-21
4.601327384443719026e+00 3.324743306260245975e-21 2.287531161276862426e-21
4.601992384443290618e+00 7.698506712853702636e-21 1.729995427099548207e-21
4.602657384442862210e+00 9.260225597433252933e-21 1.822759611759179845e-21
4.603322384442433801e+00 7.621862569768561855e-21 2.311169790008015252e-21
4.603987384442005393e+00 5.522719031880138193e-21 2.138649989188912002e-21
4.604652384441576984e+00 1.151031915747327440e-20 2.445475605266257863e-21
4.605317384441148576e+00 7.109177711085801779e-21 2.125852283815407303e-21
4.605982384440720168e+00 7.202709161083434187e-21 1.941050395566537277e-21
4.606647384440291759e+00 1.750140877608918886e-21 1.752770725340605271e-21
4.607312384439863351e+00 4.126456313185796197e-21 1.894058024738575636e-21
4.607977384439434942e+00 3.202570352703561360e-21 2.158597909526367399e-21
4.608642384439006534e+00 8.931148943929765360e-21 2.008493835599817327e-21
4.609307384438578126e+00 9.500143005819802163e-21 1.952612452510263292e-21
4.609972384438149717e+00 1.186445582694314402e-20 2.121006518816076257e-21
4.610637384437721309e+00 7.464112352734973609e-21 1.908055390518639759e-21
4.611302384437292901e+00 1.061376330228777397e-20 1.987179427720966203e-21
4.611967384436864492e+00 1.162705710764511721e-20 1.857713012867273435e-21
4.612632384436436084e+00 7.809662527596166014e-21 3.659182810420703884e-21
4.613297384436007675e+00 1.652691836032642049e-20 5.721109947492496193e-21
4.613962384435579267e+00 1.175240951635448456e-20 5.560096427268083576e-21
4.614627384435150859e+00 1.652871318119248208e-20 6.733090356551195347e-21
4.615292384434722450e+00 6.857590632674783729e-21 1.852266062759991725e-21
4.615957384434294042e+00 9.409680699134658430e-21 1.749501857016730770e-21
4.616622384433865633e+00 6.293556666819699712e-21 1.941413002417156899e-21
4.617287384433437225e+00 -2.621059942098749543e-21 2.336950276020139896e-21
4.617952384433008817e+00 6.438027343581903079e-21 2.004394235923137587e-21
4.618617384432580408e+00 7.623352098848313778e-21 2.263133133714129968e-21
4.619282384432152000e+00 1.541191252075065401e-21 2.148004071328973935e-21
4.619947384431723592e+00 4.387131766663350812e-21 1.634501814761224301e-21
4.620612384431295183e+00 1.834414662254658437e-21 1.856003164248460744e-21
4.621277384430866775e+00 -1.943934569552932039e-21 5.054094359985444118e-21
4.621942384430438366e+00 9.753705772410972671e-21 1.845506450081390810e-21
4.622607384430009958e+00 3.381613971495264686e-23 2.964884694150769404e-21
4.623272384429581550e+00 2.403649837161905464e-21 2.144863895278674358e-21
4.623937384429153141e+00 2.791686996996523207e-21 1.956284352835313523e-21
4.624602384428724733e+00 8.107221527788172365e-21 1.896386234879341631e-21
4.625267384428296324e+00 -1.601877394102870785e-21 1.859648956646682359e-21
4.625932384427867916e+00 4.165094461026390168e-21 2.032029917169830947e-21
4.626597384427439508e+00 4.354245970357717468e-21 1.852009680980927734e-21
4.627262384427011099e+00 5.002737752814366116e-22 2.193724789003753711e-21
4.627927384426582691e+00 5.761658433340146317e-21 1.969747460236697357e-21
4.628592384426154283e+00 -4.692361314787864608e-21 3.198450986930441945e-21
4.629257384425725874e+00 -1.928481918212186715e-21 2.236109348150122492e-21
4.629922384425297466e+00 6.698762220158915781e-21 1.941081839544041919e-21
4.630587384424869057e+00 1.367143487954816793e-20 2.003554241970811391e-21
4.631252384424440649e+00 7.390712555970795968e-21 1.685998217887551140e-21
4.631917384424012241e+00 6.173178496209263342e-21 1.818273124370874436e-21
4.632582384423583832e+00 -2.875903397240436092e-22 1.939608094707990873e-21
4.633247384423155424e+00 -7.062263668330157986e-22 2.087762068390520103e-21
4.633912384422727015e+00 1.888123231101436143e-21 2.122037302606872750e-21
4.634577384422298607e+00 3.230208348408703726e-21 2.453050911124163393e-21
4.635242384421870199e+00 7.130742755997015264e-22 2.049135078080152345e-21
4.635907384421441790e+00 8.533953518843989157e-21 2.433466110112827050e-21
4.636572384421013382e+00 2.100926788894749178e-21 2.070184791505881651e-21
4.637237384420584974e+00 1.201189673189372158e-21 2.295974470038805641e-21
4.637902384420156565e+00 3.352994322592846109e-21 1.815370124351862732e-21
4.638567384419728157e+00 6.092983632249488120e-21 1.893745583206456641e-21
4.639232384419299748e+00 7.389524244608928152e-21 2.058948923495729796e-21
4.639897384418871340e+00 1.176098439941529118e-20 2.041505083466605558e-21
4.640562384418442932e+00 1.792663057679840629e-20 2.427508470668425148e-21
4.641227384418014523e+00 8.459595320420209292e-21 1.765141293961506642e-21
4.641892384417586115e+00 6.794907657047672341e-21 1.696344280965986161e-21
4.642557384417157706e+00 -1.285961444062981273e-20 2.256411396220612160e-21
4.643222384416729298e+00 9.134854424837618444e-21 7.318781068482543184e-21
4.643887384416300890e+00 1.518790226133027723e-20 1.179841117667299491e-20
4.644552384415872481e+00 1.274406625001630222e-20 1.410282833346286405e-20
4.645217384415444073e+00 9.793472460146993831e-21 1.041027487537106229e-20
4.645882384415015665e+00 1.046072165081129331e-20 1.897428424022866982e-21
4.646547384414587256e+00 1.632138339856706607e-21 1.789700770880904790e-21
4.647212384414158848e+00 4.602680575988647424e-21 2.354880091825277301e-21
4.647877384413730439e+00 -3.466315737620579348e-21 1.821278269997419650e-21
4.648542384413302031e+00 6.381454038113954584e-21 2.030303124449086592e-21
4.649207384412873623e+00 8.883158740569763356e-21 2.204570444054742592e-21
4.649872384412445214e+00 4.057780300729737364e-21 2.206990950757306892e-21
4.650537384412016806e+00 4.275025962213509704e-21 1.895233436892727867e-21
4.651202384411588397e+00 7.457296565028398726e-21 2.035518648023811072e-21
4.651867384411159989e+00 1.250467348239397960e-20 6.180306136573693375e-21
4.652532384410731581e+00 6.320057152309165610e-21 8.610728609909628360e-21
4.653197384410303172e+00 1.047051260756103505e-20 7.128741528033158541e-21
4.653862384409874764e+00 2.900250803896981653e-21 7.921573447531803799e-21
4.654527384409446356e+00 9.023476337449513463e-21 2.055438678289312253e-21
4.655192384409017947e+00 -2.326365357589474261e-21 2.356378670726772106e-21
4.655857384408589539e+00 -8.905805482588165333e-22 1.915304826652569742e-21
4.656522384408161130e+00 2.849208228968149468e-21 2.214994378838752003e-21
4.657187384407732722e+00 1.010947020120180389e-20 1.843674115277414408e-21
4.657852384407304314e+00 5.594530138866514388e-21 2.076557733150112351e-21
4.658517384406875905e+00 2.066123591371433083e-22 1.886373165018243737e-21
4.659182384406447497e+00 6.362206238182282895e-21 2.303531098913099462e-21
4.659847384406019088e+00 8.177068126223531302e-21 2.095241336267235944e-21
4.660512384405590680e+00 9.357142369574007076e-21 1.860415232479456283e-21
4.661177384405162272e+00 7.347691253458188342e-21 2.023073283314673317e-21
4.661842384404733863e+00 4.870897135585081868e-21 2.223603207295877821e-21
4.662507384404305455e+00 1.438891963476622089e-21 2.019733375608789532e-21
4.663172384403877047e+00 3.447230641378527355e-21 1.774479889289680187e-21
4.663837384403448638e+00 2.206264361794053685e-21 1.737547239305495587e-21
4.664502384403020230e+00 9.513563512150772142e-21 2.023517672750498954e-21
4.665167384402591821e+00 4.279449559341449255e-21 2.223829324914397823e-21
4.665832384402163413e+00 1.159183756873902787e-20 2.281359737173579865e-21
4.666497384401735005e+00 5.290211999546088879e-21 1.686837764491376826e-21
4.667162384401306596e+00 7.185371099028604323e-21 1.909034177169390171e-21
4.667827384400878188e+00 1.036140173045265370e-20 1.810860152670819367e-21
4.668492384400449779e+00 1.284460194095861339e-20 2.306522843494214933e-21
4.669157384400021371e+00 1.401248888010654866e-20 2.542422815392899152e-21
4.669822384399592963e+00 1.257366755428133663e-20 2.114042419936630246e-21
4.670487384399164554e+00 1.326649693104327710e-21 1.875238031353319040e-21
4.671152384398736146e+00 6.771811299175926417e-21 1.885070274407935503e-21
4.671817384398307738e+00 1.059135168642852571e-20 2.150897852810997736e-21
4.672482384397879329e+00 4.295897180412702724e-21 1.859735657754309458e-21
4.673147384397450921e+00 6.168058179740152275e-21 1.804252561563995668e-21
4.673812384397022512e+00 3.427980052337603712e-21 2.250824926214995410e-21
4.674477384396594104e+00 4.087439098194705245e-21 2.275804425929937612e-21
4.675142384396165696e+00 5.348497497156650254e-21 2.079467994997319150e-21
4.675807384395737287e+00 9.886102341222254615e-21 2.034065728109711550e-21
4.676472384395308879e+00 3.446214830812062665e-21 1.837369033480957028e-21
4.677137384394880470e+00 5.279951490950514676e-21 1.932206751046694402e-21
4.677802384394452062e+00 7.652554874109337587e-21 2.527431240172854321e-21
4.678467384394023654e+00 3.903642708688127559e-21 1.860153626418550862e-21
4.679132384393595245e+00 1.356689129924131915e-20 2.224609426556769706e-21
4.679797384393166837e+00 1.143246349345542932e-20 2.708134824713120032e-21
4.680462384392738429e+00 7.138105816147643988e-21 1.987623525126030201e-21
4.681127384392310020e+00 2.115284082007681119e-20 2.467883972771059638e-21
4.681792384391881612e+00 4.032035645675369801e-21 1.870343163030478803e-21
4.682457384391453203e+00 -7.427970899584713400e-23 2.154108150806805961e-21
4.683122384391024795e+00 3.598270310114262616e-21 2.117003869068706351e-21
4.683787384390596387e+00 3.326740611886173063e-21 1.952967069779363658e-21
4.684452384390167978e+00 6.621723365680875706e-21 2.093637144445105878e-21
4.685117384389739570e+00 -1.979200560695006325e-22 1.982760889628551651e-21
4.685782384389311161e+00 6.653987407472036177e-21 1.956075565481054843e-21
4.686447384388882753e+00 1.127098370858556284e-20 1.915485946662569860e-21
4.687112384388454345e+00 1.227711055707481925e-20 2.045398224358502521e-21
4.687777384388025936e+00 1.518246714411950416e-20 1.895811449874190320e-21
4.688442384387597528e+00 6.765285581446922477e-21 1.827330633009414748e-21
4.689107384387169120e+00 6.973081332166582738e-21 2.295992928052548056e-21
4.689772384386740711e+00 2.632538133095155676e-23 2.256353086510561830e-21
4.690437384386312303e+00 8.565079248911658188e-21 2.006700384391002475e-21
4.691102384385883894e+00 1.694791974728045114e-20 1.907432390628486981e-21
4.691767384385455486e+00 1.261824028349219722e-20 1.858141615503938549e-21
4.692432384385027078e+00 9.968115896258878907e-21 2.286198924222142700e-21
4.693097384384598669e+00 -1.400120432461639462e-22 2.333827050365783639e-21
4.693762384384170261e+00 5.162381096987280301e-21 2.174002556096861988e-21
4.694427384383741853e+00 5.943486348328638102e-21 2.275943658860578464e-21
4.695092384383313444e+00 9.695200419625479901e-21 2.238801303187597866e-21
4.695757384382885036e+00 1.347974928366974006e-20 1.968016402853042670e-21
4.696422384382456627e+00 1.420865553103658544e-20 2.160963994701702442e-21
4.697087384382028219e+00 8.316796274947846394e-21 2.201353924328206662e-21
4.697752384381599811e+00 1.155152499773269572e-20 2.815722594219176555e-21
4.698417384381171402e+00 4.032249071459499843e-21 2.205675140132155486e-21
4.699082384380742994e+00 5.564611200304685384e-21 2.144536648455783272e-21
4.699747384380314585e+00 1.947859776046199616e-21 2.289224496519094421e-21
4.700412384379886177e+00 8.553223369788537453e-21 2.355218233390505610e-21
4.701077384379457769e+00 1.288597550788934240e-20 2.196655123074460997e-21
4.701742384379029360e+00 9.579978882419689418e-21 2.675757686144361427e-21
4.702407384378600952e+00 7.450509393752195925e-21 2.574559813422583036e-21
4.703072384378172544e+00 5.252397353337938799e-21 2.168046263569192714e-21
4.703737384377744135e+00 6.944012857966984596e-23 1.987280186128592061e-21
4.704402384377315727e+00 -3.008110239066491017e-21 2.361015526094899496e-21
4.705067384376887318e+00 7.494355540922653663e-21 2.275748565503420524e-21
4.705732384376458910e+00 -4.244602709160956965e-21 2.119023921726204682e-21
4.706397384376030502e+00 1.239699038907279219e-20 4.917835893209769891e-21
4.707062384375602093e+00 -1.817798844450381391e-21 1.909256325067614458e-21
4.707727384375173685e+00 4.883780413156509869e-21 4.043517260601569801e-21
4.708392384374745276e+00 5.200334659067386541e-21 1.939745102129313248e-21
4.709057384374316868e+00 4.081444353134551265e-21 2.176264663277542031e-21
4.709722384373888460e+00 3.536353526459861376e-21 1.715401131071208686e-21
4.710387384373460051e+00 9.117543254725089940e-21 2.319630739893803555e-21
4.711052384373031643e+00 5.821855998940340417e-21 2.018115936240399653e-21
4.711717384372603235e+00 3.580087398912938615e-21 2.354356390045707545e-21
4.712382384372174826e+00 4.437170099103053241e-21 2.097439551882228002e-21
4.713047384371746418e+00 1.259172523226615386e-20 2.319420367606497889e-21
4.713712384371318009e+00 9.394876084844608345e-21 1.767120235900398545e-21
4.714377384370889601e+00 5.032668071329705893e-21 1.895347906709867590e-21
4.715042384370461193e+00 7.092674083147926425e-21 2.016905589131027359e-21
4.715707384370032784e+00 1.207028919198891716e-20 2.010237718628725169e-21
4.716372384369604376e+00 1.313752423384778222e-20 2.083421600442423586e-21
4.717037384369175967e+00 4.184724208136527056e-21 1.919418328009237112e-21
4.717702384368747559e+00 2.381931952739459345e-21 1.747648567376183571e-21
4.718367384368319151e+00 1.095613281749973333e-20 1.926527807562736628e-21
4.719032384367890742e+00 5.673876072801924293e-22 1.779726712854182516e-21
4.719697384367462334e+00 1.029837435136159655e-20 1.762736013238452387e-21
4.720362384367033926e+00 1.149276738982055705e-20 1.883114142826778802e-21
4.721027384366605517e+00 3.733414735342314630e-21 1.977731535922364564e-21
4.721692384366177109e+00 6.940968268911672924e-21 1.817383674666802520e-21
4.722357384365748700e+00 1.225666491558547047e-20 1.870093465786054600e-21
4.723022384365320292e+00 1.221997642353180843e-20 1.923849942334281143e-21
4.723687384364891884e+00 5.822845810186837735e-21 2.118476062412025495e-21
4.724352384364463475e+00 1.408632742996987643e-22 2.085308968467790878e-21
4.725017384364035067e+00 4.130966193269121649e-21 2.091207838709393699e-21
4.725682384363606658e+00 -1.318456763876940546e-21 2.081901244097747255e-21
4.726347384363178250e+00 4.865405970118574448e-21 2.435759833270959618e-21
4.727012384362749842e+00 4.920208555861994320e-21 1.946423149450257083e-21
4.727677384362321433e+00 1.556439176977929798e-20 2.848111647367034246e-21
4.728342384361893025e+00 1.177618848819321680e-20 1.952552835190979247e-21
4.729007384361464617e+00 -1.751858442255266375e-21 1.807192366598482622e-21
4.729672384361036208e+00 5.284770599041552440e-21 2.101192202420985264e-21
4.730337384360607800e+00 1.458325057855943753e-20 2.029232421167747270e-21
4.731002384360179391e+00 8.757749552572190119e-21 2.363546552051655589e-21
4.731667384359750983e+00 4.644941940783476609e-21 1.974091545244246238e-21
4.732332384359322575e+00 9.369524999743111118e-21 1.980524722289634525e-21
4.732997384358894166e+00 2.324145744625525371e-21 2.090150698542748522e-21
4.733662384358465758e+00 -2.927930254789898981e-21 2.276359644989303496e-21
4.734327384358037349e+00 4.175294378056392176e-21 2.288100232614118098e-21
4.734992384357608941e+00 1.906194666312038628e-20 2.058944007713747533e-21
4.735657384357180533e+00 7.481072827875804099e-21 2.364219846584419338e-21
4.736322384356752124e+00 5.904238980359063312e-21 1.800285774552703895e-21
4.736987384356323716e+00 8.222927948780520028e-21 1.810816944873577943e-21
4.737652384355895308e+00 6.883985281877692234e-21 2.317376091426734676e-21
4.738317384355466899e+00 5.008633947614694733e-21 2.181708052661273298e-21
4.738982384355038491e+00 3.839928923523862313e-21 1.910059574508786148e-21
4.739647384354610082e+00 2.222555045327825244e-21 2.069324196598310504e-21
4.740312384354181674e+00 -2.542903043879246267e-22 1.944227428368655846e-21
4.740977384353753266e+00 4.504790722913638497e-21 1.709242271971381862e-21
4.741642384353324857e+00 1.189908589684628265e-21 1.783918373022539036e-21
4.742307384352896449e+00 -5.062825528881111085e-21 2.202308849115429086e-21
4.742972384352468040e+00 -2.724785383704211859e-21 1.674211465584666193e-21
4.743637384352039632e+00 8.202442137750327001e-21 1.845872594746860790e-21
4.744302384351611224e+00 2.649309160690100187e-21 1.941657822052831844e-21
4.744967384351182815e+00 8.627864610461437143e-21 1.791711354255111681e-21
4.745632384350754407e+00 5.262486034200468506e-21 2.068151129899485641e-21
4.746297384350325999e+00 -7.311157245493502135e-21 1.949634947560410119e-21
4.746962384349897590e+00 4.824661645119406692e-21 1.874434187983428948e-21
4.747627384349469182e+00 -8.139458557550032853e-22 1.864875541231733602e-21
4.748292384349040773e+00 3.378492509271191736e-21 2.005654292405320285e-21
4.748957384348612365e+00 7.760570944839623757e-21 1.950950759213031232e-21
4.749622384348183957e+00 1.151826494743518324e-20 1.815676620713711044e-21
4.750287384347755548e+00 3.899811018855476656e-21 2.078038822911980456e-21
4.750952384347327140e+00 1.147833234402202968e-20 2.116505281680043091e-21
4.751617384346898731e+00 6.772126394522502891e-21 1.748259755446092352e-21
4.752282384346470323e+00 1.926394091320992830e-21 1.930210917808155111e-21
4.752947384346041915e+00 1.614533393132875354e-22 2.000451591959814834e-21
4.753612384345613506e+00 5.536165098286565308e-21 1.916885985901433157e-21
4.754277384345185098e+00 1.071571950112846041e-20 2.096184587212309612e-21
4.754942384344756690e+00 8.342391950634917330e-21 2.067336233534793236e-21
4.755607384344328281e+00 7.036667513904220755e-21 2.055333918914876438e-21
4.756272384343899873e+00 7.639921157702203387e-21 2.152330641689261905e-21
4.756937384343471464e+00 1.205729882005878515e-21 1.915159454691132160e-21
4.757602384343043056e+00 -2.959750435107980594e-22 2.475282220232522409e-21
4.758267384342614648e+00 7.823286011913252422e-21 1.905701546264167501e-21
4.758932384342186239e+00 1.307781636299005751e-20 2.113250120748136167e-21
4.759597384341757831e+00 1.271338834809725151e-20 2.263682617883581426e-21
4.760262384341329422e+00 -1.586321935531260371e-21 1.844013792643695640e-21
4.760927384340901014e+00 4.590851202284690085e-21 1.921836963511689853e-21
4.761592384340472606e+00 9.421092160700767684e-21 1.864071440558313879e-21
4.762257384340044197e+00 3.331696412522076472e-21 2.191495907498612815e-21
4.762922384339615789e+00 4.546072026471430815e-21 2.766347246476737150e-21
4.763587384339187381e+00 -1.489284123439956591e-21 2.302954155538788309e-21
4.764252384338758972e+00 4.279376380403776068e-21 2.103470013759866680e-21
4.764917384338330564e+00 3.699733878259994181e-21 3.405798668540950016e-21
4.765582384337902155e+00 7.199141684209270224e-21 2.339440208128509772e-21
4.766247384337473747e+00 3.112291902457436720e-21 2.261847723597365492e-21
4.766912384337045339e+00 3.994339263875274994e-21 2.267806335095122873e-21
4.767577384336616930e+00 2.648298892318243465e-21 2.174373859883440797e-21
4.768242384336188522e+00 8.564334078035878443e-21 3.534101360837994347e-21
4.768907384335760113e+00 3.776031055050665171e-21 2.563027410074910138e-21
4.769572384335331705e+00 -4.216669787909182542e-21 2.123365599830913986e-21
4.770237384334903297e+00 2.145460127190301760e-21 2.206372894585719957e-21
4.770902384334474888e+00 2.291525404607791786e-21 1.979800512021720287e-21
4.771567384334046480e+00 9.284333985907170414e-22 2.592905790615204119e-21
4.772232384333618072e+00 -1.365035605324283090e-21 2.204810715054169148e-21
4.772897384333189663e+00 2.132445680558514747e-21 2.011505004033102157e-21
4.773562384332761255e+00 -8.822335331611830792e-22 2.079421564883167396e-21
4.774227384332332846e+00 2.564211379721173256e-21 1.961789985408936863e-21
4.774892384331904438e+00 7.219733427768172032e-21 2.248473659058862084e-21
4.775557384331476030e+00 1.247689648677328369e-20 1.834063496743753467e-21
4.776222384331047621e+00 1.184353426703997907e-20 1.912550925411266952e-21
4.776887384330619213e+00 1.304705957643774862e-20 1.815684633518098835e-21
4.777552384330190804e+00 1.476007428050049112e-20 2.312360781393021909e-21
4.778217384329762396e+00 3.346158756920503979e-21 2.338653817259979164e-21
4.778882384329333988e+00 1.033891208583879081e-20 2.069233223533552269e-21
4.779547384328905579e+00 1.234750306560998127e-20 1.914861199072553803e-21
4.780212384328477171e+00 5.048327245946927873e-21 2.386976951920195152e-21
4.780877384328048763e+00 5.782351271804506874e-21 2.125097934397009822e-21
4.781542384327620354e+00 4.904529438596046117e-21 1.976680323524174826e-21
4.782207384327191946e+00 5.273019916978268253e-21 1.959035929620331314e-21
4.782872384326763537e+00 -3.003257356468753226e-21 2.060450105791904049e-21
4.783537384326335129e+00 -4.513114151459070095e-21 2.461859034255719063e-21
4.784202384325906721e+00 6.606103922562417272e-21 2.620095532970625876e-21
4.784867384325478312e+00 5.736000931832707768e-22 1.750206456477137823e-21
4.785532384325049904e+00 9.544835442238263389e-21 1.939436380642156202e-21
4.786197384324621495e+00 1.003450577205225289e-20 2.005462244642436493e-21
4.786862384324193087e+00 -2.433321096797898954e-21 2.017191386807768416e-21
4.787527384323764679e+00 1.759414120170483191e-21 2.041699226731350079e-21
4.788192384323336270e+00 4.527143116948310669e-21 2.307782408441095131e-21
4.788857384322907862e+00 4.446258254339656999e-21 2.219700777732624136e-21
4.789522384322479454e+00 2.211511871680735425e-20 2.296610667370422659e-21
4.790187384322051045e+00 3.722593224537110723e-21 2.308098811830842538e-21
4.790852384321622637e+00 2.095954628349393396e-20 2.493294503952701183e-21
4.791517384321194228e+00 9.902236513168451123e-21 2.297800605536653125e-21
4.792182384320765820e+00 1.098477369142841651e-20 2.711131350276703260e-21
4.792847384320337412e+00 2.473438340909856466e-20 2.422263469613753850e-21
4.793512384319909003e+00 8.083359639646120087e-21 3.008319458580411787e-21
4.794177384319480595e+00 -3.410986575555130307e-22 2.230619236143565841e-21
4.794842384319052186e+00 3.883506715540462219e-21 1.943761041194878765e-21
4.795507384318623778e+00 9.294767588386407243e-21 2.223830238190448169e-21
4.796172384318195370e+00 4.561516224815303044e-21 2.155524298863134660e-21
4.796837384317766961e+00 2.054327101253391297e-22 2.002230029122960481e-21
4.797502384317338553e+00 9.077508635481287306e-21 1.734945118868295456e-21
4.798167384316910145e+00 8.387805120153096552e-21 1.998641332823571169e-21
4.798832384316481736e+00 1.301344010591289894e-20 2.146817722438877909e-21
4.799497384316053328e+00 -6.875937067415005696e-21 2.120577288669955169e-21
4.800162384315624919e+00 -7.792421235072870162e-21 2.172535733888798526e-21
4.800827384315196511e+00 -1.632225298551327498e-21 2.408772001222264448e-21
4.801492384314768103e+00 -7.918821483049856562e-21 2.056373388531317674e-21
4.802157384314339694e+00 -3.580317698698696764e-21 1.911456273365881924e-21
4.802822384313911286e+00 -3.479141661722910437e-21 2.731169141740359591e-21
4.803487384313482877e+00 1.236850252647466099e-20 2.029014264411413858e-21
4.804152384313054469e+00 4.369120670138545973e-21 3.014263202327388890e-21
4.804817384312626061e+00 -7.237719373031591304e-21 2.451140220871576764e-21
4.805482384312197652e+00 -2.224020101101501643e-21 1.946452489983836855e-21
4.806147384311769244e+00 9.340306925232563159e-22 2.566137966847995537e-21
4.806812384311340836e+00 1.381775133396691111e-21 2.280246403071492189e-21
4.807477384310912427e+00 4.796230146663523159e-21 2.186204904962157052e-21
4.808142384310484019e+00 -7.395776657486069581e-22 2.134079915944504163e-21
4.808807384310055610e+00 7.466750516650198712e-22 2.328633103476720271e-21
4.809472384309627202e+00 4.225562320485692195e-21 2.314675344697603274e-21
4.810137384309198794e+00 3.996120107700705549e-21 2.038174899056028135e-21
4.810802384308770385e+00 1.191874062339361826e-20 2.344957434151809441e-21
4.811467384308341977e+00 1.319348464400917503e-20 2.234268243364190800e-21
4.812132384307913568e+00 6.147220839212098289e-21 2.240111621885559092e-21
4.812797384307485160e+00 8.057373702838006723e-21 1.910635519389585120e-21
4.813462384307056752e+00 4.848619502420583303e-21 2.125615574490804413e-21
4.814127384306628343e+00 2.356316386492605707e-21 2.094664341770183835e-21
4.814792384306199935e+00 7.943335481961471851e-21 3.503056597513437319e-21
4.815457384305771527e+00 1.046822394964138027e-20 3.420746348916433929e-21
4.816122384305343118e+00 6.451344121493281217e-21 2.443446435576341144e-21
4.816787384304914710e+00 3.434513503172808842e-21 1.959096675787192116e-21
4.817452384304486301e+00 1.475624082021456925e-21 2.130341551910680757e-21
4.818117384304057893e+00 6.700387774344272129e-21 1.881611947304789812e-21
4.818782384303629485e+00 8.888318794696301513e-21 2.245762689683330976e-21
4.819447384303201076e+00 -9.617621285352887406e-22 2.111429034779974173e-21
4.820112384302772668e+00 8.938234131117411618e-21 2.321742004120477351e-21
4.820777384302344259e+00 9.404238335901476449e-21 2.453465518190246190e-21
4.821442384301915851e+00 1.606139732625131913e-21 1.829333578667166905e-21
4.822107384301487443e+00 9.649764663606166785e-21 2.280909608573011091e-21
4.822772384301059034e+00 1.369552829880393126e-20 2.011269804601893677e-21
4.823437384300630626e+00 1.536070611746103192e-20 2.176813927561491207e-21
4.824102384300202218e+00 9.974096046898491402e-21 2.310262369099868301e-21
4.824767384299773809e+00 -1.258968908016274379e-21 1.717171200492297838e-21
4.825432384299345401e+00 9.172626812512427274e-22 1.945281542468224678e-21
4.826097384298916992e+00 1.133998641457803683e-20 2.293628769829716739e-21
4.826762384298488584e+00 1.544982359731357315e-20 2.273278340239546149e-21
4.827427384298060176e+00 8.015972184405643816e-21 2.428296152162608346e-21
4.828092384297631767e+00 5.058560294987336413e-21 2.097065058644814616e-21
4.828757384297203359e+00 7.616737150413305966e-21 2.464442047157236046e-21
4.829422384296774950e+00 8.804861996157950360e-21 2.133780965991851496e-21
4.830087384296346542e+00 1.301817446268410125e-20 2.290202120381960511e-21
4.830752384295918134e+00 5.200608807311164552e-21 2.195008096110905567e-21
4.831417384295489725e+00 1.392761436516828583e-20 2.178791147245016266e-21
4.832082384295061317e+00 1.393004375174199935e-20 2.121449842585963851e-21
4.832747384294632909e+00 1.105125767155449840e-20 2.412417652130134825e-21
4.833412384294204500e+00 3.241606827162048560e-21 2.171811101991135082e-21
4.834077384293776092e+00 -3.667018631599730090e-21 2.062066122250017816e-21
4.834742384293347683e+00 -9.719523084404122619e-23 2.331857640482606541e-21
4.835407384292919275e+00 3.850860646063584716e-21 2.433584748307397937e-21
4.836072384292490867e+00 5.303698352280104496e-21 1.975073063412763363e-21
4.836737384292062458e+00 8.746467401995264856e-21 3.396895477297658647e-21
4.837402384291634050e+00 5.959609115611018416e-21 2.444981955849754243e-21
4.838067384291205641e+00 6.753700926100874773e-21 1.781261462219364861e-21
4.838732384290777233e+00 2.053554817101944043e-22 2.311378702120974114e-21
4.839397384290348825e+00 -3.221611165983415253e-21 2.246106489134117179e-21
4.840062384289920416e+00 8.058941161251549749e-21 2.288405521935136630e-21
4.840727384289492008e+00 4.303864344144471665e-22 2.419634128463948930e-21
4.841392384289063600e+00 8.781298423908829487e-21 2.026823090802883959e-21
4.842057384288635191e+00 8.354568412514970121e-21 2.054309359129080016e-21
4.842722384288206783e+00 6.884196718952014491e-21 1.976056896985010518e-21
4.843387384287778374e+00 6.421717795427635250e-21 2.137082761700327654e-21
4.844052384287349966e+00 1.053635140233937109e-20 1.701156385937724213e-21
4.844717384286921558e+00 6.567813477455217870e-21 1.943270126861720537e-21
4.845382384286493149e+00 2.001122203259812790e-21 2.021183020934277994e-21
4.846047384286064741e+00 5.973946061138988359e-22 2.902363739211833732e-21
4.846712384285636332e+00 2.202892959816322819e-21 2.359204085819226795e-21
4.847377384285207924e+00 4.949454853335058086e-21 2.158704150028212314e-21
4.848042384284779516e+00 6.761309763854073540e-21 2.308308016940697143e-21
4.848707384284351107e+00 -5.141931958934256413e-21 2.495372315776465542e-21
4.849372384283922699e+00 -2.936903453500991274e-21 2.309779509489692098e-21
4.850037384283494291e+00 9.044103882458930085e-22 2.163448162779717257e-21
4.850702384283065882e+00 6.295129711032025599e-21 2.095959249296487933e-21
4.851367384282637474e+00 1.235668936595525313e-20 1.963233051431426341e-21
4.852032384282209065e+00 -3.189002858964887011e-21 2.177298623013006697e-21
4.852697384281780657e+00 1.785711949175765251e-21 1.895046600098947543e-21
4.853362384281352249e+00 -2.842929858744374195e-21 1.929997116674911461e-21
4.854027384280923840e+00 4.737287958599865696e-21 2.194663161285229363e-21
4.854692384280495432e+00 7.604138607105447819e-22 2.252813422346095326e-21
4.855357384280067023e+00 -4.991401088652511458e-21 2.008003964845019545e-21
4.856022384279638615e+00 -4.770746243431198233e-21 2.123820404938476076e-21
4.856687384279210207e+00 3.640735802555331886e-21 2.102203145338035017e-21
4.857352384278781798e+00 4.113680786851162170e-21 2.198575213345326373e-21
4.858017384278353390e+00 -1.238723992885023066e-20 2.055642492273339517e-21
4.858682384277924982e+00 -3.498651913379137474e-21 2.276772014158930280e-21
4.859347384277496573e+00 1.803722500025207925e-21 2.305756892328197855e-21
4.860012384277068165e+00 5.904632594489530107e-21 2.113320645322910597e-21
4.860677384276639756e+00 1.670698045319363617e-21 2.012471224728587207e-21
4.861342384276211348e+00 9.167338742464966147e-21 1.986795554730034205e-21
4.862007384275782940e+00 7.606281803364503077e-21 2.098936644913835727e-21
4.862672384275354531e+00 5.515920857899061301e-21 2.217647419390159880e-21
4.863337384274926123e+00 5.862046287154288999e-21 2.102949102478786470e-21
4.864002384274497715e+00 6.021038873150523750e-21 2.081699774633099572e-21
4.864667384274069306e+00 5.602651907063060756e-21 1.969054260717918491e-21
4.865332384273640898e+00 4.300294432548295555e-21 2.011530008981003042e-21
4.865997384273212489e+00 2.850508965408068890e-21 2.007909419649421787e-21
4.866662384272784081e+00 5.735123937329670963e-21 3.016596898239796110e-21
4.867327384272355673e+00 1.451074547355431041e-20 2.228307280248731329e-21
4.867992384271927264e+00 8.738828417844396111e-21 2.243931918711783315e-21
4.868657384271498856e+00 2.132542746665648092e-21 1.945332990443332679e-21
4.869322384271070447e+00 1.219570505410497281e-20 2.145714918800067705e-21
4.869987384270642039e+00 1.329306278281790328e-20 2.121535987895159572e-21
4.870652384270213631e+00 1.575116824546784995e-20 1.947463094909392354e-21
4.871317384269785222e+00 1.778497213759172524e-20 2.773896579540909417e-21
4.871982384269356814e+00 6.880568926333728199e-21 3.050880458176405246e-21
4.872647384268928406e+00 7.895901602444299634e-21 2.105404228440471420e-21
4.873312384268499997e+00 1.100600492349573787e-20 2.089139853019280916e-21
4.873977384268071589e+00 6.034618661078338954e-21 1.992836831705625669e-21
4.874642384267643180e+00 7.894547809869523636e-21 2.403403570846458051e-21
4.875307384267214772e+00 1.123427169440105407e-20 2.065485344401039167e-21
4.875972384266786364e+00 9.709561361688199449e-21 2.221233820068403553e-21
4.876637384266357955e+00 1.136354632228392400e-20 2.286571180908713095e-21
4.877302384265929547e+00 1.237697964034542187e-20 2.451391689305710682e-21
4.877967384265501138e+00 1.229418916638338766e-20 2.090777718952865856e-21
4.878632384265072730e+00 8.100386426232279375e-21 2.172826544570636624e-21
4.879297384264644322e+00 6.186278745412961016e-21 2.339852986032974539e-21
4.879962384264215913e+00 -1.547502551544038300e-21 2.197364671591828451e-21
4.880627384263787505e+00 8.328792829300589856e-21 2.167971997332747545e-21
4.881292384263359097e+00 6.490415417072837017e-21 2.279860471336772310e-21
4.881957384262930688e+00 -3.054408404034719688e-21 2.898202700218448000e-21
4.882622384262502280e+00 7.235711834421062528e-21 2.817153478700445606e-21
4.883287384262073871e+00 2.517186645728253900e-21 2.224618001085787408e-21
4.883952384261645463e+00 -9.893595492729826878e-22 2.415317075162748351e-21
4.884617384261217055e+00 8.446625233762388357e-21 1.934649149669666470e-21
4.885282384260788646e+00 -3.822287101388566664e-21 2.418129490387207636e-21
4.885947384260360238e+00 -6.758962275115893098e-22 3.279760962917668658e-21
4.886612384259931829e+00 4.376464379899662466e-21 1.879003964348689077e-21
4.887277384259503421e+00 5.908243444051232114e-21 2.098767261259727879e-21
4.887942384259075013e+00 1.459277318078746054e-20 2.294779455953846864e-21
4.888607384258646604e+00 7.773787603543902728e-21 2.214979630245097140e-21
4.889272384258218196e+00 8.054154187147264688e-23 2.265164097633555517e-21
4.889937384257789788e+00 6.837633326457247140e-21 2.515461833543038325e-21
4.890602384257361379e+00 1.817624043592738533e-20 2.366427075484592714e-21
4.891267384256932971e+00 4.631851445067953357e-21 2.341462950526467481e-21
4.891932384256504562e+00 1.009996835602209275e-20 2.097835489922243644e-21
4.892597384256076154e+00 8.594932235278303224e-21 1.931006164953635821e-21
4.893262384255647746e+00 1.802424758863787470e-22 2.067259495214052205e-21
4.893927384255219337e+00 -7.362040066305371032e-22 1.824925762077925016e-21
4.894592384254790929e+00 -3.574723833460183422e-21 1.824497188427134877e-21
4.895257384254362520e+00 3.758343505067682371e-22 2.365369017939445981e-21
4.895922384253934112e+00 4.522003509743156341e-21 2.319317981354875468e-21
4.896587384253505704e+00 1.098088721105030693e-20 1.977475035611735259e-21
4.897252384253077295e+00 1.185649335349363159e-20 1.964450065078089152e-21
4.897917384252648887e+00 1.488582706164156064e-21 1.997260677380189688e-21
4.898582384252220479e+00 1.437654425354377088e-20 2.385706477833382239e-21
4.899247384251792070e+00 1.055425108827717761e-20 2.278956030105706387e-21
4.899912384251363662e+00 4.380973710356508250e-21 2.433536263269384241e-21
4.900577384250935253e+00 5.283028662587566060e-21 2.192658806338386139e-21
4.901242384250506845e+00 8.976682172350384237e-21 2.145665431383557450e-21
4.901907384250078437e+00 6.658579966340094946e-21 2.089312275580340626e-21
4.902572384249650028e+00 7.689651268700298975e-21 2.266663175437976007e-21
4.903237384249221620e+00 1.464620986712644538e-20 2.258278306949462429e-21
4.903902384248793211e+00 4.413061562637102698e-21 2.043610159286622945e-21
4.904567384248364803e+00 5.893021753263341167e-21 2.076855130111776981e-21
4.905232384247936395e+00 6.070171788848372707e-21 2.387199308618500674e-21
4.905897384247507986e+00 4.763069651525456343e-21 2.550662200425681865e-21
4.906562384247079578e+00 8.575528188254736394e-21 2.423797140951274240e-21
4.907227384246651170e+00 1.028408411987289745e-20 2.220978933627371339e-21
4.907892384246222761e+00 1.234450299160789467e-20 2.279425889734565768e-21
4.908557384245794353e+00 6.924042656829532855e-21 2.179253253649230454e-21
4.909222384245365944e+00 3.425568237735442908e-21 2.394571464341009346e-21
4.909887384244937536e+00 -2.643579925528443414e-21 2.661355035865591432e-21
4.910552384244509128e+00 -4.456785862230194779e-21 2.032096320649506289e-21
4.911217384244080719e+00 1.424640197712864561e-21 2.006201221305436632e-21
4.911882384243652311e+00 9.208421377920655287e-21 2.869886121254559742e-21
4.912547384243223902e+00 3.852901893776575287e-21 2.472875613582313002e-21
4.913212384242795494e+00 4.743286173718814214e-23 2.025409788679268832e-21
4.913877384242367086e+00 -6.645441832166448784e-21 2.339365514189459556e-21
4.914542384241938677e+00 2.557373190233491276e-21 2.135722510917128255e-21
4.915207384241510269e+00 9.422698312350754040e-21 2.258997824322016894e-21
4.915872384241081861e+00 5.972763458964420288e-21 2.093951021199388075e-21
4.916537384240653452e+00 5.271725630045465508e-21 2.747599518924519811e-21
4.917202384240225044e+00 9.215742607185276253e-21 3.277134741603219787e-21
4.917867384239796635e+00 6.774516770756386496e-21 2.092558470244201140e-21
4.918532384239368227e+00 1.215695950986528351e-20 2.307522174977573518e-21
4.919197384238939819e+00 9.871290530453806291e-21 2.360282095691571045e-21
4.919862384238511410e+00 6.230202825897812896e-21 2.732300794937757639e-21
4.920527384238083002e+00 1.084630977763746038e-20 2.452911273079763872e-21
4.921192384237654593e+00 1.345398475851966676e-20 3.090075881836597484e-21
4.921857384237226185e+00 8.114519673099138051e-21 2.124304886179263307e-21
4.922522384236797777e+00 -6.083838258183089225e-22 2.281983938586665928e-21
4.923187384236369368e+00 9.467844499951428250e-21 2.177862651922961144e-21
4.923852384235940960e+00 4.679995241450489801e-21 2.042216598142645029e-21
4.924517384235512552e+00 6.639886379091734211e-21 2.040640759280112572e-21
4.925182384235084143e+00 5.291450105211087449e-21 2.401779129084537103e-21
4.925847384234655735e+00 1.568807946571287299e-20 3.212550678366598410e-21
4.926512384234227326e+00 2.001818323775010940e-20 2.965339049152831612e-21
4.927177384233798918e+00 1.706756652505411618e-20 2.783586553016226709e-21
4.927842384233370510e+00 1.284613443535244018e-20 2.179412874388466548e-21
4.928507384232942101e+00 1.216169900182839845e-20 1.662119903685619753e-21
4.929172384232513693e+00 1.855102416352612456e-20 2.070508051997118346e-21
4.929837384232085284e+00 9.613704160694670749e-21 2.452884939843052791e-21
4.930502384231656876e+00 1.416914717682277183e-20 2.227030539002524831e-21
4.931167384231228468e+00 -3.036373260966645102e-21 2.312613614859043324e-21
4.931832384230800059e+00 4.438861321339865620e-21 2.306895440988217489e-21
4.932497384230371651e+00 1.669920214650083951e-20 2.890486777827064233e-21
4.933162384229943243e+00 1.155327220966134953e-20 2.935926439363176921e-21
4.933827384229514834e+00 1.251421477147402894e-21 2.206093772567905840e-21
4.934492384229086426e+00 5.547913256754784813e-21 3.067877882088848087e-21
4.935157384228658017e+00 7.453410552388829089e-21 2.327451442732267627e-21
4.935822384228229609e+00 9.782074914596999689e-21 2.407685426143071108e-21
4.936487384227801201e+00 1.169471229656792790e-21 2.139048627193678899e-21
4.937152384227372792e+00 6.969761215846870417e-21 2.093294927703190290e-21
4.937817384226944384e+00 5.153200743385069873e-21 2.491992837053325654e-21
4.938482384226515975e+00 3.680934109503179242e-21 2.598739726576376718e-21
4.939147384226087567e+00 1.497695920923361458e-20 2.613089038772474045e-21
4.939812384225659159e+00 7.759767709735921680e-21 2.925934030044529296e-21
4.940477384225230750e+00 1.848560911060550375e-21 2.003516541647649819e-21
4.941142384224802342e+00 7.362735429493661916e-21 2.189834473506919829e-21
4.941807384224373934e+00 1.558490477933457974e-20 2.454165881724536087e-21
4.942472384223945525e+00 1.849694807343022282e-20 2.430476710254822952e-21
4.943137384223517117e+00 6.499515644815761651e-21 2.491823317530820080e-21
4.943802384223088708e+00 9.000151567853505956e-21 1.941862933852425716e-21
4.944467384222660300e+00 1.082037747725909878e-20 2.354667093294067225e-21
4.945132384222231892e+00 1.301069147678263859e-20 2.236531531518342646e-21
4.945797384221803483e+00 7.869475026045823042e-21 2.193703835605612970e-21
4.946462384221375075e+00 1.745415914777883792e-21 2.533797061507810003e-21
4.947127384220946666e+00 -1.019551145376916413e-21 2.359538749388282018e-21
4.947792384220518258e+00 5.246876432478658716e-21 2.280559958285532716e-21
4.948457384220089850e+00 1.477019241925435788e-20 2.720838093384914371e-21
4.949122384219661441e+00 1.079686836052393754e-20 4.656990544050046284e-21
4.949787384219233033e+00 1.311139341591969194e-20 3.946571685479947509e-21
4.950452384218804625e+00 2.291035403464390581e-20 3.757799976419740657e-21
4.951117384218376216e+00 8.472624848999001312e-21 2.411599407980493479e-21
4.951782384217947808e+00 1.308534486872440767e-21 2.127965821655640310e-21
4.952447384217519399e+00 8.126590114437507334e-21 2.204361730554167638e-21
4.953112384217090991e+00 1.048738361264200589e-20 2.399346441259780564e-21
4.953777384216662583e+00 3.298032041694041210e-21 2.435711128344300086e-21
4.954442384216234174e+00 1.406650619827135074e-20 2.571960824517216194e-21
4.955107384215805766e+00 3.225980519048274096e-21 2.207351398535379817e-21
4.955772384215377357e+00 5.592347221845809754e-21 2.115736908747826980e-21
4.956437384214948949e+00 5.259623898512001861e-21 2.396349642450088578e-21
4.957102384214520541e+00 1.187434377288466535e-20 2.566955686167123449e-21
4.957767384214092132e+00 6.668030085562190815e-21 2.331784868651765075e-21
4.958432384213663724e+00 1.130550413647066740e-22 2.244825902974388165e-21
4.959097384213235316e+00 1.138225085534258601e-20 2.068339142325095836e-21
4.959762384212806907e+00 1.619552537716703978e-20 2.201605887736156274e-21
4.960427384212378499e+00 1.884334333755440707e-20 2.502217328407252965e-21
4.961092384211950090e+00 7.338075814016169451e-21 2.094634432371555781e-21
4.961757384211521682e+00 4.465681683609773478e-21 2.576242995512883763e-21
4.962422384211093274e+00 9.286608335718634719e-21 1.856708795114254869e-21
4.963087384210664865e+00 3.371105079517456006e-21 2.063611814747360803e-21
4.963752384210236457e+00 5.791460320044952760e-21 1.977770417868575365e-21
4.964417384209808048e+00 9.772609357432920901e-21 2.373061768687664188e-21
4.965082384209379640e+00 9.359530984832188677e-21 2.078577444488243772e-21
4.965747384208951232e+00 4.929220840359991306e-21 2.253826628850382966e-21
4.966412384208522823e+00 -6.185072288070343294e-22 2.078288633690902863e-21
4.967077384208094415e+00 7.117032650551906338e-21 2.068039120981203280e-21
4.967742384207666007e+00 4.907340916220147937e-21 2.033336610379257638e-21
4.968407384207237598e+00 8.748992656683991065e-21 2.170094148642609771e-21
4.969072384206809190e+00 5.305006426483511770e-21 2.019318886396741180e-21
4.969737384206380781e+00 4.988939409240185517e-21 2.833255857006557408e-21
4.970402384205952373e+00 6.840641251573796488e-21 2.568052638306485353e-21
4.971067384205523965e+00 1.816484117783766346e-20 3.046844769468711933e-21
4.971732384205095556e+00 1.380727387134755582e-20 2.104196539632936889e-21
4.972397384204667148e+00 4.495830260838957478e-21 2.348545865834386126e-21
4.973062384204238739e+00 2.637106918387176627e-21 2.270561063027589997e-21
4.973727384203810331e+00 -3.490127297393047824e-21 2.270088131520165051e-21
4.974392384203381923e+00 7.315677861917968652e-21 2.254377222928241166e-21
4.975057384202953514e+00 1.315597099368186798e-21 2.131329200618146686e-21
4.975722384202525106e+00 8.879850336427746184e-21 2.308251273569592128e-21
4.976387384202096698e+00 1.496191246250202052e-20 3.067465100952385864e-21
4.977052384201668289e+00 1.808860962081084306e-20 1.936715478133136054e-21
4.977717384201239881e+00 1.702311687660616368e-20 2.029577038100480097e-21
4.978382384200811472e+00 1.043604489271392506e-20 2.283363210287560166e-21
4.979047384200383064e+00 7.134448086542720199e-21 2.219710720618454039e-21
4.979712384199954656e+00 1.920907768831529163e-20 2.073896782238750168e-21
4.980377384199526247e+00 1.221601121625473205e-20 2.066695961377881253e-21
4.981042384199097839e+00 1.141158833162697659e-20 2.003829576518072702e-21
4.981707384198669430e+00 4.206787884820018717e-21 2.510462165160372580e-21
4.982372384198241022e+00 5.572884204042666684e-21 2.363153062245050482e-21
4.983037384197812614e+00 1.399680586053639121e-20 1.962497477252888117e-21
4.983702384197384205e+00 1.142536564944758265e-20 1.995305033040009745e-21
4.984367384196955797e+00 9.490293896167416849e-21 2.360628749703573633e-21
4.985032384196527389e+00 1.325555443864882707e-20 2.252204682288818553e-21
4.985697384196098980e+00 9.424120489794699396e-21 2.126196927871422677e-21
4.986362384195670572e+00 9.839214916280420377e-21 2.184545342867073143e-21
4.987027384195242163e+00 9.275095573039878882e-21 1.929763587759147692e-21
4.987692384194813755e+00 1.185888277391442743e-20 2.020735566656309085e-21
4.988357384194385347e+00 1.255281502777014430e-20 2.371829115914611533e-21
4.989022384193956938e+00 1.855642660001735084e-20 2.105589791943949879e-21
4.989687384193528530e+00 1.424397812764082468e-20 2.199993999833924495e-21
4.990352384193100121e+00 1.115075728473720087e-20 2.213677596838377089e-21
4.991017384192671713e+00 1.657684443371464478e-20 2.380977125018057765e-21
4.991682384192243305e+00 1.130363790309095859e-20 2.087780745439490803e-21
4.992347384191814896e+00 1.221326704299208718e-20 1.906064578587924758e-21
4.993012384191386488e+00 8.209240966314487276e-21 2.028453473331859950e-21
4.993677384190958080e+00 1.474751264300426598e-20 2.620271161335877954e-21
4.994342384190529671e+00 1.207795688748899840e-20 2.397805150627415259e-21
4.995007384190101263e+00 2.538004083052913966e-21 2.185650572554107373e-21
4.995672384189672854e+00 3.423598832923482727e-21 1.767645971232133596e-21
4.996337384189244446e+00 -6.162888159626998385e-22 1.930840356273601698e-21
4.997002384188816038e+00 2.783401896537998487e-21 1.905593367964420971e-21
4.997667384188387629e+00 1.509546767234867320e-20 2.098040608469356022e-21
4.998332384187959221e+00 1.754941066663930819e-20 2.073872538078247462e-21
4.998997384187530812e+00 1.995052349885655954e-20 2.229970053699699658e-21
4.999662384187102404e+00 1.227629101175439081e-20 2.241865773361739172e-21
5.000327384186673996e+00 1.270096277329443149e-20 2.523625242222340111e-21
5.000992384186245587e+00 1.717534177822012966e-20 2.540924767556724020e-21
5.001657384185817179e+00 1.657759744407146694e-20 2.571969718224585801e-21
5.002322384185388771e+00 2.291246119379175543e-20 2.200583632097453287e-21
5.002987384184960362e+00 2.513278005999533436e-20 2.612736961209526954e-21
5.003652384184531954e+00 -1.734746044855230644e-21 4.161219203197042203e-21
5.004317384184103545e+00 6.295325942233802218e-21 2.618534670619030314e-21
5.004982384183675137e+00 7.844243445591277070e-21 2.058732768953043283e-21
5.005647384183246729e+00 4.433192974010653054e-21 3.010222070499508187e-21
5.006312384182818320e+00 1.198244679684423086e-20 2.278170091827937414e-21
5.006977384182389912e+00 3.252013607545316483e-21 2.305299265044331627e-21
5.007642384181961503e+00 6.394254137129594109e-21 2.055487037006118050e-21
5.008307384181533095e+00 2.842704571286820182e-21 2.510510167613357572e-21
5.008972384181104687e+00 1.436555906765057048e-21 2.630720420933923593e-21
5.009637384180676278e+00 -1.877770986249387373e-21 2.185107480347769424e-21
5.010302384180247870e+00 1.652276220196048774e-21 2.103944323418933638e-21
5.010967384179819462e+00 1.196283275087419498e-20 2.090551328396658603e-21
5.011632384179391053e+00 1.628158581229017589e-20 2.204688958983207122e-21
5.012297384178962645e+00 1.501474604890644626e-20 2.454412527756978327e-21
5.012962384178534236e+00 9.710599198759415651e-21 2.278942817192187266e-21
5.013627384178105828e+00 9.759546202363623310e-21 2.554427041377227892e-21
5.014292384177677420e+00 7.267354111856359453e-21 2.265533153528031184e-21
5.014957384177249011e+00 3.375436616662325278e-21 2.094614775228219682e-21
5.015622384176820603e+00 1.229872053241674242e-20 2.076890144233828343e-21
5.016287384176392194e+00 6.860184595270825770e-21 2.114773893893638919e-21
5.016952384175963786e+00 -2.548343607938028835e-21 2.471699331392663349e-21
5.017617384175535378e+00 5.539398564216372934e-21 2.247036793376673242e-21
5.018282384175106969e+00 1.283457082984830878e-20 2.889282270991651800e-21
5.018947384174678561e+00 1.094206676181323289e-20 2.407756145508155644e-21
5.019612384174250153e+00 1.262078336703110952e-20 2.503407364391780150e-21
5.020277384173821744e+00 2.825201210794823973e-21 2.514595340042546428e-21
5.020942384173393336e+00 6.697216759129378148e-21 1.907588453004277151e-21
5.021607384172964927e+00 6.079412227570367900e-21 2.131721422768612031e-21
5.022272384172536519e+00 -4.375365529163421770e-21 2.258862905055996546e-21
5.022937384172108111e+00 1.204234101385378465e-20 2.235363703768765830e-21
5.023602384171679702e+00 1.204150152708547966e-20 2.641466937799091925e-21
5.024267384171251294e+00 1.886636712453782843e-20 2.234061496154508972e-21
5.024932384170822885e+00 1.091742258430307114e-20 2.300838779509746273e-21
5.025597384170394477e+00 6.436115600902355886e-21 2.662578798065414759e-21
5.026262384169966069e+00 2.049290814273857971e-21 2.096265128227959288e-21
5.026927384169537660e+00 1.072813383760828741e-20 2.386343871112001984e-21
5.027592384169109252e+00 5.227050629651254067e-21 2.267552274575979140e-21
5.028257384168680844e+00 -8.619107150113497638e-22 2.215746661828357952e-21
5.028922384168252435e+00 5.235384772715234899e-21 2.728486837651098653e-21
5.029587384167824027e+00 8.110966038340167529e-21 3.443640209260923773e-21
5.030252384167395618e+00 7.615712317384617316e-21 2.350401240901790711e-21
5.030917384166967210e+00 2.280392503896515456e-20 2.013998332954405418e-21
5.031582384166538802e+00 5.713323745864041560e-21 3.052646839032317057e-21
5.032247384166110393e+00 9.052102075574962892e-22 2.161753447385115377e-21
5.032912384165681985e+00 3.906972557796290037e-21 2.565472587862389134e-21
5.033577384165253576e+00 2.475885303569670247e-20 2.168927120728896983e-21
5.034242384164825168e+00 1.943814746262197518e-20 2.314694540870552470e-21
5.034907384164396760e+00 6.734012267037290983e-21 2.306512508714651485e-21
5.035572384163968351e+00 5.146464902816513437e-21 2.301581655242828395e-21
5.036237384163539943e+00 1.243819436078681432e-20 2.299628812289872321e-21
5.036902384163111535e+00 1.704295637692059369e-20 2.813295063714873496e-21
5.037567384162683126e+00 1.496445289497526374e-20 2.668798788738442098e-21
5.038232384162254718e+00 1.328248961689253398e-20 2.285914718755860053e-21
5.038897384161826309e+00 8.334173568656954805e-21 2.407580320362671861e-21
5.039562384161397901e+00 8.383838128406081590e-21 1.919307697897366676e-21
5.040227384160969493e+00 3.400413035955972198e-21 2.246332310733308858e-21
5.040892384160541084e+00 -2.885214622960147816e-21 2.047779303606630344e-21
5.041557384160112676e+00 -3.734598496873682201e-21 2.055885630091779880e-21
5.042222384159684268e+00 9.143059974060256758e-21 1.989281194755463764e-21
5.042887384159255859e+00 9.397889324292079402e-21 2.469000890469427715e-21
5.043552384158827451e+00 7.519836761580189834e-21 2.220217951873439280e-21
5.044217384158399042e+00 5.359218086710233377e-21 1.982014711167567000e-21
5.044882384157970634e+00 6.619962540625445015e-21 2.226985106038756009e-21
5.045547384157542226e+00 5.490735442387347249e-21 2.066769080375568033e-21
5.046212384157113817e+00 1.566893184914092836e-20 2.168695428229143665e-21
5.046877384156685409e+00 2.066092759553587794e-20 2.226428404226711314e-21
5.047542384156257000e+00 1.839710668539831569e-20 2.705043016259354212e-21
5.048207384155828592e+00 3.588886456860317672e-21 2.753580442642040505e-21
5.048872384155400184e+00 3.953698872953352143e-21 2.463339603337992174e-21
5.049537384154971775e+00 4.534228580674705859e-21 2.695354753601553713e-21
5.050202384154543367e+00 2.699369819852122721e-21 4.442341811502054920e-21
5.050867384154114959e+00 1.284038615304510878e-20 2.369316770836069894e-21
5.051532384153686550e+00 1.468921553490415432e-20 4.304238254078379589e-21
5.052197384153258142e+00 1.016959967544773220e-20 2.953390955722683647e-21
5.052862384152829733e+00 4.933742654946687364e-21 2.354461798635569334e-21
5.053527384152401325e+00 7.620736936270446678e-21 1.948108570788449773e-21
5.054192384151972917e+00 1.134515505915355004e-20 2.076031458713115996e-21
5.054857384151544508e+00 1.609146425533659806e-20 2.181342146216526552e-21
5.055522384151116100e+00 5.223630423776418105e-21 2.879754726941081921e-21
5.056187384150687691e+00 7.889543698969466800e-21 2.195709213285767041e-21
5.056852384150259283e+00 4.179229731572710555e-21 2.023743738254594478e-21
5.057517384149830875e+00 1.244427407378839456e-20 2.043678608653827458e-21
5.058182384149402466e+00 1.709994888920598358e-20 2.327360117736675868e-21
5.058847384148974058e+00 1.308899214918833567e-20 2.517078945833056113e-21
5.059512384148545650e+00 6.547947777208254521e-21 2.302995530627341138e-21
5.060177384148117241e+00 8.760137685027055785e-21 2.154969289715978258e-21
5.060842384147688833e+00 1.299413575639276886e-20 2.380017937426486525e-21
5.061507384147260424e+00 7.865463854535558870e-21 2.180718196959101567e-21
5.062172384146832016e+00 5.338903730129352804e-21 2.223293201499709894e-21
5.062837384146403608e+00 6.814971599175983815e-21 2.191124901751510496e-21
5.063502384145975199e+00 8.800681218549457062e-21 2.677712643663929786e-21
5.064167384145546791e+00 5.527892010498308695e-21 2.128570201864389684e-21
5.064832384145118382e+00 7.222668694055062162e-21 2.185516031778917864e-21
5.065497384144689974e+00 7.239345973566220621e-21 2.200601566310548478e-21
5.066162384144261566e+00 1.264991287109433028e-21 2.401370928596934073e-21
5.066827384143833157e+00 9.582009400819170023e-21 2.131923977307314033e-21
5.067492384143404749e+00 1.937085852061961250e-20 2.411620712854757940e-21
5.068157384142976341e+00 1.135203137953349710e-20 2.294502376185546457e-21
5.068822384142547932e+00 1.074262253683573604e-20 2.425538649887328181e-21
5.069487384142119524e+00 1.057683739403964513e-20 2.594131559739711518e-21
5.070152384141691115e+00 6.866979858527763335e-21 2.224709974196352469e-21
5.070817384141262707e+00 1.297579803438310683e-20 2.188915851118530425e-21
5.071482384140834299e+00 1.922728025225085222e-20 2.542924218924826299e-21
5.072147384140405890e+00 1.090663702714435794e-20 2.271926430696545315e-21
5.072812384139977482e+00 1.059765532869815770e-20 2.389440586964634051e-21
5.073477384139549073e+00 1.782902926909680376e-20 2.087587348295548466e-21
5.074142384139120665e+00 1.483650458797213344e-20 2.201571300268882195e-21
5.074807384138692257e+00 4.222667854997239939e-21 2.284718721689378059e-21
5.075472384138263848e+00 3.732662030984120466e-21 1.832713788236365618e-21
5.076137384137835440e+00 1.089550478502779303e-20 2.089680566083203096e-21
5.076802384137407032e+00 1.111180301510293984e-20 2.243379528596864076e-21
5.077467384136978623e+00 1.618801090848480459e-20 2.228668010826384681e-21
5.078132384136550215e+00 1.407394259271994573e-20 2.419724521461143553e-21
5.078797384136121806e+00 2.142153332459437290e-20 2.127474554427154879e-21
5.079462384135693398e+00 1.632490168616595044e-20 2.578818698978850705e-21
5.080127384135264990e+00 8.941095564446224419e-21 2.676898307773257911e-21
5.080792384134836581e+00 3.556651510029694173e-21 2.499822350730359285e-21
5.081457384134408173e+00 1.082875028817609278e-20 2.154745482496265863e-21
5.082122384133979764e+00 1.196979211667897062e-20 2.621672615833857043e-21
5.082787384133551356e+00 1.045934159712089931e-20 2.184531253093430931e-21
5.083452384133122948e+00 -1.388910043113977381e-21 2.163142330743929862e-21
5.084117384132694539e+00 1.292221297353092832e-20 1.848162764486416200e-21
5.084782384132266131e+00 5.699741314233856150e-21 2.436945204184708003e-21
5.085447384131837723e+00 5.884147111933389977e-21 2.240862744402108957e-21
5.086112384131409314e+00 7.126924636215209813e-21 1.951290915750349350e-21
5.086777384130980906e+00 1.594958793714747428e-20 2.498061317131039676e-21
5.087442384130552497e+00 7.934070816504182850e-21 2.263423486936391960e-21
5.088107384130124089e+00 -5.683537652189592262e-21 2.634304060234032634e-21
5.088772384129695681e+00 4.975142888545772298e-21 2.022482676569594627e-21
5.089437384129267272e+00 1.268186341914273639e-20 3.097188850611812693e-21
5.090102384128838864e+00 1.541006537208208821e-20 2.090911342156412000e-21
5.090767384128410455e+00 5.869485465985207972e-21 2.156784894378573333e-21
5.091432384127982047e+00 9.538984336347189094e-21 2.610060239719164423e-21
5.092097384127553639e+00 9.132735774286799254e-21 2.046241544952018959e-21
5.092762384127125230e+00 1.450243588166490270e-20 1.982268574296216528e-21
5.093427384126696822e+00 1.114151312199299828e-20 2.062548075304591954e-21
5.094092384126268414e+00 7.759922150341931319e-21 2.446371764129102225e-21
5.094757384125840005e+00 5.227589400759932913e-22 1.915130175826177906e-21
5.095422384125411597e+00 1.195023225773848753e-20 2.022865208767211895e-21
5.096087384124983188e+00 8.513453856742880994e-21 2.085911979946286474e-21
5.096752384124554780e+00 2.637796029184192759e-21 2.324153559496088540e-21
5.097417384124126372e+00 -2.038830148696427765e-22 1.940578622758289135e-21
5.098082384123697963e+00 1.178890657136346433e-20 2.483706177053919255e-21
5.098747384123269555e+00 1.818774479827092599e-20 4.819855817792713329e-21
5.099412384122841146e+00 8.496528377606085562e-21 3.653370243854046804e-21
5.100077384122412738e+00 4.005590575828912915e-21 3.144547068198497123e-21
5.100742384121984330e+00 1.570256023295119302e-20 2.912607584871865473e-21
5.101407384121555921e+00 6.024833645650040977e-21 2.303711492928465430e-21
5.102072384121127513e+00 1.031718273371532136e-20 3.733354664555153057e-21
5.102737384120699105e+00 1.652959592539878291e-20 2.355169137438949185e-21
5.103402384120270696e+00 8.748707189275918658e-21 2.312337077665864933e-21
5.104067384119842288e+00 9.977295918209452145e-21 2.440678424951758380e-21
5.104732384119413879e+00 1.191501616800875811e-20 2.486334422128176473e-21
5.105397384118985471e+00 1.565253876099443563e-20 3.349490494395770114e-21
5.106062384118557063e+00 2.026122963931149769e-20 2.385138105196437156e-21
5.106727384118128654e+00 6.930072135366535355e-21 2.135540334849327706e-21
5.107392384117700246e+00 1.376469532715347614e-20 2.567846542342560269e-21
5.108057384117271837e+00 1.722044878675819674e-20 2.256435427651542215e-21
5.108722384116843429e+00 9.924992114926341249e-21 2.153096342918468629e-21
5.109387384116415021e+00 9.264590034659750170e-21 2.245065869200373457e-21
5.110052384115986612e+00 1.128901960959668121e-20 3.101614851652021346e-21
5.110717384115558204e+00 2.892457871540505194e-22 2.310220467697913092e-21
5.111382384115129796e+00 6.798967529533717402e-21 2.194034687261955650e-21
5.112047384114701387e+00 1.719164464382379581e-20 2.602784578342413388e-21
5.112712384114272979e+00 1.482465761122505318e-20 2.581138972955446255e-21
5.113377384113844570e+00 1.246402285208559320e-20 2.380381430284498584e-21
5.114042384113416162e+00 7.382244542173881224e-21 2.036249880403650126e-21
5.114707384112987754e+00 1.160084293543605229e-20 2.059492121026949514e-21
5.115372384112559345e+00 7.805980973121345996e-21 2.364979296113875266e-21
5.116037384112130937e+00 6.632004465047641753e-21 3.959577598081790847e-21
5.116702384111702528e+00 1.388956830249274232e-20 2.199346425346377527e-21
5.117367384111274120e+00 1.046325576220847385e-20 2.500171366610398398e-21
5.118032384110845712e+00 1.803828200828952759e-20 2.430531695573711260e-21
5.118697384110417303e+00 1.974584383130827285e-20 2.263335204529768253e-21
5.119362384109988895e+00 7.259439684462106565e-21 2.139470989307064482e-21
5.120027384109560487e+00 5.215599463626877791e-21 2.294891533410658575e-21
5.120692384109132078e+00 7.717898461258549548e-21 3.011973428185861183e-21
5.121357384108703670e+00 1.562419310348923462e-20 2.513392184878894368e-21
5.122022384108275261e+00 7.849225132006086438e-21 2.525052325695276490e-21
5.122687384107846853e+00 4.246828901411459955e-21 2.159855694943123720e-21
5.123352384107418445e+00 4.396085775649018358e-21 2.223963326678018006e-21
5.124017384106990036e+00 6.354309564351559991e-21 2.418619877171744241e-21
5.124682384106561628e+00 1.025215926311311060e-20 2.387091191515974830e-21
5.125347384106133219e+00 1.134118087614222353e-20 1.997688295445219876e-21
5.126012384105704811e+00 1.265410170992241155e-20 2.733944829140871960e-21
5.126677384105276403e+00 1.375531931501951818e-20 2.318535021516513470e-21
5.127342384104847994e+00 4.649960202323368482e-21 2.425831888438477062e-21
5.128007384104419586e+00 2.479366359179676313e-21 2.155415296312785544e-21
5.128672384103991178e+00 -6.940906486885016912e-22 2.272375378995518369e-21
5.129337384103562769e+00 6.245811448754006610e-21 1.992232291473919229e-21
5.130002384103134361e+00 8.679851859715750646e-21 2.044166358746591384e-21
5.130667384102705952e+00 6.725315211960949814e-21 2.155299514692201619e-21
5.131332384102277544e+00 1.045382676343949214e-20 2.225796838942741521e-21
5.131997384101849136e+00 8.063189126395368214e-21 2.144591134626549810e-21
5.132662384101420727e+00 9.823411468250546749e-21 2.341549385794300638e-21
5.133327384100992319e+00 7.404480896047096431e-21 2.090522202871781180e-21
5.133992384100563910e+00 2.731038123776887371e-21 2.683559790906979674e-21
5.134657384100135502e+00 -1.169695231784631045e-21 2.624341075966182561e-21
5.135322384099707094e+00 1.152117626238955483e-20 2.779976982281416997e-21
5.135987384099278685e+00 8.448810997556092054e-21 2.528037004009836648e-21
5.136652384098850277e+00 -9.957954274208414583e-22 2.358907237970435062e-21
5.137317384098421869e+00 4.578062417013009226e-21 2.209383118542969839e-21
5.137982384097993460e+00 1.478529803601135025e-20 2.251233440194506766e-21
5.138647384097565052e+00 1.507085293907303262e-20 2.830988293692021475e-21
5.139312384097136643e+00 1.130512003763359034e-20 2.408386988262844874e-21
5.139977384096708235e+00 1.073623272767924100e-20 2.247442705168251476e-21
5.140642384096279827e+00 9.499660452421521354e-21 2.227430196228632834e-21
5.141307384095851418e+00 5.356033087313531652e-21 2.366692746774899438e-21
5.141972384095423010e+00 1.506219688241290659e-20 2.534371166862605721e-21
5.142637384094994601e+00 1.500733520866467786e-20 2.092209439763688246e-21
5.143302384094566193e+00 1.180734716800088746e-20 2.329981214705964165e-21
5.143967384094137785e+00 1.254004231207117161e-20 2.497761167804845709e-21
5.144632384093709376e+00 2.628914378603580175e-20 4.210513147531418338e-21
5.145297384093280968e+00 1.781779505716050303e-20 2.492189916467038506e-21
5.145962384092852560e+00 4.209478350765883941e-21 2.352080107342896423e-21
5.146627384092424151e+00 7.360297864963732859e-21 2.777684469586887064e-21
5.147292384091995743e+00 1.651908348291341635e-20 3.176279513144074124e-21
5.147957384091567334e+00 4.054172070233711103e-21 2.487589147275996315e-21
5.148622384091138926e+00 1.047879763547581121e-20 2.563815565932148809e-21
5.149287384090710518e+00 1.436969211763495891e-20 2.127575163871805892e-21
5.149952384090282109e+00 9.723379753724400676e-21 2.530586389563522979e-21
5.150617384089853701e+00 1.004544936054098631e-20 2.472799572710719477e-21
5.151282384089425292e+00 4.248910180160077021e-21 2.548316623425890780e-21
5.151947384088996884e+00 1.204995333530345812e-20 2.399811782044366768e-21
5.152612384088568476e+00 1.721495880400694509e-20 2.419621701265543629e-21
5.153277384088140067e+00 5.732977461413710288e-21 2.010488981827359336e-21
5.153942384087711659e+00 9.431423891585540736e-22 2.620400478640870087e-21
5.154607384087283251e+00 4.288702424513870093e-21 7.707284856646238314e-21
5.155272384086854842e+00 3.814050300132956032e-21 4.249235871657207548e-21
5.155937384086426434e+00 1.259600224334000120e-20 6.560011347478230751e-21
5.156602384085998025e+00 1.626085940659585329e-21 3.749915555213909528e-21
5.157267384085569617e+00 8.174277787125598130e-21 3.205133360698018138e-21
5.157932384085141209e+00 9.908435462314724819e-21 2.324474655679896696e-21
5.158597384084712800e+00 4.078938145682068414e-21 2.240747742011828851e-21
5.159262384084284392e+00 6.613577257094077555e-21 2.416361747585783287e-21
5.159927384083855983e+00 6.011621986011960635e-21 2.426275020319164828e-21
5.160592384083427575e+00 1.335008769848601651e-20 2.868243332912977266e-21
5.161257384082999167e+00 1.233673361481513934e-20 2.546168989968029183e-21
5.161922384082570758e+00 1.481108552972068262e-20 2.638456017094205116e-21
5.162587384082142350e+00 1.061296166511357138e-20 2.790632601836982583e-21
5.163252384081713942e+00 1.853373265622497746e-20 2.421406893296527579e-21
5.163917384081285533e+00 1.658328647287876842e-20 2.516589278604123237e-21
5.164582384080857125e+00 1.254147392537407553e-20 2.197177631760575733e-21
5.165247384080428716e+00 9.304496535686175478e-21 2.583666228441157957e-21
5.165912384080000308e+00 9.601111743656841199e-21 2.297167525250002538e-21
5.166577384079571900e+00 4.696516370331188935e-21 2.265864973850411657e-21
5.167242384079143491e+00 7.000710050488223098e-21 2.493341452697384482e-21
5.167907384078715083e+00 6.636516071181884185e-21 2.175090870772748546e-21
5.168572384078286674e+00 8.223294863139065420e-21 2.272209584746291497e-21
5.169237384077858266e+00 1.027338349318526972e-20 2.088265086042742492e-21
5.169902384077429858e+00 9.565780608772597333e-21 2.007105752172841377e-21
5.170567384077001449e+00 8.352680176641514948e-21 3.058230688168169893e-21
5.171232384076573041e+00 1.681387865578126630e-20 2.725012315230769030e-21
5.171897384076144633e+00 1.020764942336061312e-20 2.268918835932545260e-21
5.172562384075716224e+00 1.645988197558144069e-20 2.611553219573814668e-21
5.173227384075287816e+00 8.471327561910835719e-21 2.134316802035250442e-21
5.173892384074859407e+00 8.076520681491220563e-21 3.278606836185721813e-21
5.174557384074430999e+00 4.260665458991483287e-21 2.837640957898813717e-21
5.175222384074002591e+00 1.509411656656686073e-20 5.083167347802318340e-21
5.175887384073574182e+00 1.758847067637049142e-20 3.006451373536043074e-21
5.176552384073145774e+00 1.469875013723931214e-20 2.106719515203561006e-21
5.177217384072717365e+00 3.070716987997710652e-21 2.437048000637790014e-21
5.177882384072288957e+00 7.036029389070983906e-21 2.174547378547254977e-21
5.178547384071860549e+00 2.677967013713680612e-21 1.989036251615382111e-21
5.179212384071432140e+00 1.043267496541187565e-20 2.816582515804517551e-21
5.179877384071003732e+00 1.612455869532802154e-20 2.117645361319292739e-21
5.180542384070575324e+00 1.099621564642817337e-20 2.075052732919825521e-21
5.181207384070146915e+00 4.784378864981748362e-21 2.051606773143801247e-21
5.181872384069718507e+00 4.634725628291214471e-21 2.170737747833270308e-21
5.182537384069290098e+00 4.592989803199546967e-21 2.176039666288862601e-21
5.183202384068861690e+00 7.733903601588281553e-21 2.069364018845473786e-21
5.183867384068433282e+00 5.493523231675198368e-21 2.134817415500639095e-21
5.184532384068004873e+00 1.485291817148665814e-20 2.247817100203454697e-21
5.185197384067576465e+00 1.014904859918604307e-20 2.264940059126228451e-21
5.185862384067148056e+00 1.105512058066923905e-20 2.146802741208478273e-21
5.186527384066719648e+00 5.172703919281898353e-21 2.510646601046080610e-21
5.187192384066291240e+00 2.458393208152466462e-21 2.334127294127358443e-21
5.187857384065862831e+00 9.195283766035931117e-21 2.122677357837010760e-21
5.188522384065434423e+00 5.941682972379237862e-21 2.043687891939250749e-21
5.189187384065006015e+00 6.831915075218516907e-21 2.352920897360435927e-21
5.189852384064577606e+00 -3.183545372307608301e-21 2.214614706930307892e-21
5.190517384064149198e+00 8.503765724372619239e-21 2.289098022285248083e-21
5.191182384063720789e+00 5.196965540668990542e-21 2.691362062153666646e-21
5.191847384063292381e+00 1.655603682058931952e-20 2.698317350602506594e-21
5.192512384062863973e+00 1.168173821905276848e-20 2.483327467566399211e-21
5.193177384062435564e+00 1.424725995769657824e-20 2.338491628421210616e-21
5.193842384062007156e+00 -2.248560985046516261e-21 1.932408126930721308e-21
5.194507384061578747e+00 4.312043265043210888e-21 2.422528133204125915e-21
5.195172384061150339e+00 6.511491839335203513e-21 2.317704641929352261e-21
5.195837384060721931e+00 1.505784994181142308e-21 2.622213863136140325e-21
5.196502384060293522e+00 9.382899763676968782e-21 2.278689861525684808e-21
5.197167384059865114e+00 -2.654022636582161366e-21 2.229099008405363751e-21
5.197832384059436706e+00 -2.156695691126008687e-21 2.479937187660315142e-21
5.198497384059008297e+00 3.461641801686964473e-21 2.642290701508663371e-21
5.199162384058579889e+00 1.466561169194931348e-21 2.748524655988078532e-21
5.199827384058151480e+00 2.075940385376764834e-21 2.554433805622823088e-21
5.200492384057723072e+00 2.045880276704595811e-21 2.479786311708486746e-21
5.201157384057294664e+00 7.335448190666935419e-21 2.009027565105913884e-21
5.201822384056866255e+00 1.287541632525951378e-20 2.150883607469573582e-21
5.202487384056437847e+00 1.276261240223395005e-20 2.337120466603311382e-21
5.203152384056009438e+00 1.917607363090883098e-21 2.677441301252546087e-21
5.203817384055581030e+00 -7.945591906839677487e-22 2.297715222818216637e-21
5.204482384055152622e+00 5.625741030620551720e-21 2.307216048712461477e-21
5.205147384054724213e+00 4.434240810603504483e-21 2.330773920788119989e-21
5.205812384054295805e+00 1.033051107405546622e-20 3.011405810886832307e-21
5.206477384053867397e+00 7.432697560693010913e-21 2.302727872857140916e-21
5.207142384053438988e+00 1.477667777723029604e-20 2.457187843597128165e-21
5.207807384053010580e+00 2.193379327444932613e-21 2.704999323434685556e-21
5.208472384052582171e+00 3.340242550166856517e-21 2.492054204289542592e-21
5.209137384052153763e+00 4.566641343430473509e-21 2.299808933407707429e-21
5.209802384051725355e+00 3.169900054013757536e-21 2.318792311043119889e-21
5.210467384051296946e+00 8.593107690824798928e-21 2.677369737283174280e-21
5.211132384050868538e+00 9.057163505640996224e-21 2.939401096549539586e-21
5.211797384050440129e+00 9.599576133358304961e-21 2.443314332794289213e-21
5.212462384050011721e+00 7.174923320971106088e-21 2.105969127957891004e-21
5.213127384049583313e+00 4.964501630826108856e-21 2.476837348218203568e-21
5.213792384049154904e+00 1.264305552230642948e-20 2.468733155165811987e-21
5.214457384048726496e+00 1.342342692388769252e-20 3.036627066181498619e-21
5.215122384048298088e+00 2.742018108382742092e-21 2.377827430448005278e-21
5.215787384047869679e+00 -4.301319001918128004e-21 7.216517066108859081e-21
5.216452384047441271e+00 8.638626028495565435e-21 2.985100808073342597e-21
5.217117384047012862e+00 4.994981769412102643e-21 2.557396704853876278e-21
5.217782384046584454e+00 1.427641380995960455e-20 2.718658172869838667e-21
5.218447384046156046e+00 1.470612381930861002e-20 2.378217746055226697e-21
5.219112384045727637e+00 4.640240929432146996e-21 3.089072196299722231e-21
5.219777384045299229e+00 1.011852609266300493e-20 2.485182430248742890e-21
5.220442384044870821e+00 1.766623238728048139e-20 2.759366374054925042e-21
5.221107384044442412e+00 1.750577515257879534e-20 2.685439576705477340e-21
5.221772384044014004e+00 1.015611793381941360e-20 2.241704244009073294e-21
5.222437384043585595e+00 1.327073728675927989e-20 3.535023252760823878e-21
5.223102384043157187e+00 1.179433929623814903e-20 2.823955005846877978e-21
5.223767384042728779e+00 1.152491668626072231e-20 2.296093360880875350e-21
5.224432384042300370e+00 1.108038901043047230e-20 2.228828117103892273e-21
5.225097384041871962e+00 6.917955905017327447e-21 2.365541243685821656e-21
5.225762384041443553e+00 1.497510449909568658e-20 2.210418965869572712e-21
5.226427384041015145e+00 1.228846963536152211e-20 2.361386163367077232e-21
5.227092384040586737e+00 5.023635523464412693e-21 2.204487572023466684e-21
5.227757384040158328e+00 1.755108462879359616e-20 2.398330106355351499e-21
5.228422384039729920e+00 5.247370396593569852e-22 2.471853268131086221e-21
5.229087384039301512e+00 1.062463616664357000e-20 2.466981840786145040e-21
5.229752384038873103e+00 9.489963761741673828e-21 2.024985785181410519e-21
5.230417384038444695e+00 1.696112211400373796e-20 2.417341053943238787e-21
5.231082384038016286e+00 7.345870695596375467e-21 2.427268778885003628e-21
5.231747384037587878e+00 1.253751671498263180e-20 2.463344411444245779e-21
5.232412384037159470e+00 8.303803830283090425e-21 2.343986544442211929e-21
5.233077384036731061e+00 1.768257069539990736e-21 2.235391758804047402e-21
5.233742384036302653e+00 7.174237390169051620e-21 2.640688751584551515e-21
5.234407384035874244e+00 1.120530632512392970e-20 2.471531131516536773e-21
5.235072384035445836e+00 7.222491330899900218e-21 2.841253015095727734e-21
5.235737384035017428e+00 2.188069181381152199e-21 2.522906980343628532e-21
5.236402384034589019e+00 2.266979510267794427e-21 2.390488160721370376e-21
5.237067384034160611e+00 9.362534673904885613e-21 3.058187800927774511e-21
5.237732384033732203e+00 1.855959273410380517e-20 2.231620520687717408e-21
5.238397384033303794e+00 8.212732108471701432e-21 2.553867945402813317e-21
5.239062384032875386e+00 2.872255626370193902e-21 2.379662716968198117e-21
5.239727384032446977e+00 -5.570689750607154638e-21 2.453133039193536500e-21
5.240392384032018569e+00 4.417216402085949696e-21 2.333420686911236446e-21
5.241057384031590161e+00 8.543049419252092195e-21 2.432120095386262033e-21
5.241722384031161752e+00 7.049824252463789738e-21 2.117155764954655002e-21
5.242387384030733344e+00 5.921360364454486426e-21 2.508260097552513056e-21
5.243052384030304935e+00 6.599238966361952515e-21 2.485670725372983205e-21
5.243717384029876527e+00 6.666738532119828025e-21 2.537191590789726820e-21
5.244382384029448119e+00 1.604306883343978970e-20 2.510619943630705773e-21
5.245047384029019710e+00 8.383794582166105039e-21 2.421539749380123847e-21
5.245712384028591302e+00 6.138853457567518716e-21 2.335675603559276259e-21
5.246377384028162894e+00 8.874109470428685275e-22 2.370112561411504901e-21
5.247042384027734485e+00 7.868561584174479500e-21 2.443955695315067361e-21
5.247707384027306077e+00 5.684701528191408230e-21 2.632288761279661259e-21
5.248372384026877668e+00 1.422392659990139745e-21 2.511873862261735493e-21
5.249037384026449260e+00 2.107778220022166640e-21 2.512648888089797571e-21
5.249702384026020852e+00 1.001391181346085452e-20 2.502621657038690746e-21
5.250367384025592443e+00 6.335727087968025562e-21 2.135109672681673416e-21
5.251032384025164035e+00 2.231001362426616375e-21 3.947187396606633280e-21
5.251697384024735626e+00 8.030089243330927206e-21 2.528690080122157688e-21
5.252362384024307218e+00 9.319023389419426591e-21 3.309701526666554098e-21
5.253027384023878810e+00 1.347033924629791664e-20 2.998665918516666152e-21
5.253692384023450401e+00 5.897683319298827850e-21 2.142591330067671014e-21
5.254357384023021993e+00 -5.054617871720695441e-21 2.425142069664084599e-21
5.255022384022593585e+00 1.192280481656260877e-20 2.431013608982862516e-21
5.255687384022165176e+00 3.475422359922924904e-21 2.778874809243311230e-21
5.256352384021736768e+00 1.309094024559752160e-20 2.649754206613678689e-21
5.257017384021308359e+00 1.068762310932021483e-20 2.431667205641181453e-21
5.257682384020879951e+00 -1.882860069705373039e-21 2.531330695799527497e-21
5.258347384020451543e+00 7.598647404239745221e-21 2.575850838836522767e-21
5.259012384020023134e+00 2.700602298892182819e-21 2.251446952658309043e-21
5.259677384019594726e+00 9.536201070388336512e-21 2.545684290411927408e-21
5.260342384019166317e+00 5.394640785263403829e-21 2.521134822641673116e-21
5.261007384018737909e+00 3.364634381344072254e-21 2.383504866736664463e-21
5.261672384018309501e+00 5.371811489248269177e-21 2.283695234929571929e-21
5.262337384017881092e+00 8.216927971726190441e-21 2.498702121082729335e-21
5.263002384017452684e+00 5.460214528861279322e-21 2.702685916918908576e-21
5.263667384017024276e+00 8.598894295110693466e-21 2.400333578611378911e-21
5.264332384016595867e+00 6.561558309587460751e-21 2.596444295429080742e-21
5.264997384016167459e+00 9.056195117254903065e-21 2.820091045532610284e-21
5.265662384015739050e+00 1.153567231478793651e-20 3.391097206269364629e-21
5.266327384015310642e+00 5.995391174274537682e-21 2.970976583784212897e-21
5.266992384014882234e+00 1.059971906185014879e-20 2.667798905164621735e-21
5.267657384014453825e+00 3.594290060684658300e-21 2.087274032971954131e-21
5.268322384014025417e+00 9.286142949915480076e-21 2.449348859293693030e-21
5.268987384013597008e+00 9.638514813038212253e-21 2.504789046710656150e-21
5.269652384013168600e+00 1.649770839913851409e-20 3.764944578925198788e-21
5.270317384012740192e+00 4.395263310169197017e-20 9.243669297451824466e-21
