Wavelength_um Flux Err
2.870332385558867827e+00 -5.620967292164070432e-21 1.085405094925544442e-20
2.870997385558439419e+00 -1.608391973208407795e-20 8.267116622795887578e-21
2.871662385558011010e+00 -4.343561033594078343e-20 7.894380438822272538e-21
2.872327385557582602e+00 -3.779718466271374296e-21 8.439188533079952898e-21
2.872992385557154194e+00 1.123068968134146874e-20 8.441342515443257927e-21
2.873657385556725785e+00 4.931106938040076333e-20 7.755054267521945180e-21
2.874322385556297377e+00 1.666912385551433116e-20 7.734243319397376711e-21
2.874987385555868968e+00 7.366150059862263355e-20 7.614474740354930542e-21
2.875652385555440560e+00 -5.717607884986603683e-21 9.287218219749736014e-21
2.876317385555012152e+00 1.284590226234147469e-21 7.792913934508952436e-21
2.876982385554583743e+00 3.771029650613610925e-20 7.435004208287523452e-21
2.877647385554155335e+00 9.875698067259737357e-21 7.283868308652726012e-21
2.878312385553726926e+00 2.252292323649756116e-20 7.643500500729143259e-21
2.878977385553298518e+00 5.817655055723231742e-20 8.453259059672864313e-21
2.879642385552870110e+00 7.702921066043985470e-20 8.504413692111683747e-21
2.880307385552441701e+00 3.028135831186295261e-20 8.393595014622887206e-21
2.880972385552013293e+00 4.914357694872103743e-20 7.833218216733299155e-21
2.881637385551584885e+00 -7.041813622300143260e-21 8.065133180539251996e-21
2.882302385551156476e+00 -1.990336498015083477e-20 7.921482342359390928e-21
2.882967385550728068e+00 1.694304888982186686e-20 7.311530851779127161e-21
2.883632385550299659e+00 4.397395350895902993e-20 7.781706494097105632e-21
2.884297385549871251e+00 2.673641860366332463e-20 7.481740195882228137e-21
2.884962385549442843e+00 2.307431325690259275e-20 9.425071311813072312e-21
2.885627385549014434e+00 -1.714829467191870520e-20 7.473438348853922246e-21
2.886292385548586026e+00 -3.284882830709407776e-20 7.856532981142390518e-21
2.886957385548157617e+00 2.341853183213878868e-20 7.184792116233294217e-21
2.887622385547729209e+00 -2.725626024318221247e-20 7.436915077521774066e-21
2.888287385547300801e+00 -3.256571167601708539e-20 7.923818986756772831e-21
2.888952385546872392e+00 2.595926949351570746e-20 8.105981335383324201e-21
2.889617385546443984e+00 5.726035088321031766e-20 7.268032283856815772e-21
2.890282385546015576e+00 6.318958677821177422e-20 7.329171244984771145e-21
2.890947385545587167e+00 7.359846358963807838e-20 7.382228761843747857e-21
2.891612385545158759e+00 4.362069414520255028e-20 6.955032997403462153e-21
2.892277385544730350e+00 4.336639135186915400e-20 7.567904884857718733e-21
2.892942385544301942e+00 -3.085758393393398893e-20 7.730903802899779351e-21
2.893607385543873534e+00 1.835159177606775301e-20 7.562426301401940875e-21
2.894272385543445125e+00 7.438925870792541205e-20 7.247314597390910155e-21
2.894937385543016717e+00 7.967171379018313801e-20 8.481565097470277797e-21
2.895602385542588308e+00 4.972273916793883414e-20 8.613888928925984479e-21
2.896267385542159900e+00 1.236058323965754725e-19 9.057452950102005195e-21
2.896932385541731492e+00 9.337245867671394259e-20 7.183529668524358411e-21
2.897597385541303083e+00 7.675657604636720965e-20 6.909848513585973806e-21
2.898262385540874675e+00 5.368853132760867827e-20 6.987681493541488254e-21
2.898927385540446267e+00 4.810557021800738583e-20 7.178169393250760495e-21
2.899592385540017858e+00 5.865682616561530220e-20 6.837116119963021869e-21
2.900257385539589450e+00 4.169657313316008056e-20 6.577808096762427890e-21
2.900922385539161041e+00 7.193468817574963687e-20 6.998564921650398512e-21
2.901587385538732633e+00 5.398565593658305229e-20 7.061073130195317336e-21
2.902252385538304225e+00 7.453550612532162486e-20 7.333678711560391995e-21
2.902917385537875816e+00 6.020983979696675967e-20 7.001245267380799830e-21
2.903582385537447408e+00 3.556579676501542355e-20 6.688125288736054871e-21
2.904247385537018999e+00 1.062165923549870545e-20 7.067455034064339250e-21
2.904912385536590591e+00 -3.437174144793694821e-20 6.932352142518942935e-21
2.905577385536162183e+00 4.879960569171093850e-20 7.134644349053279158e-21
2.906242385535733774e+00 2.179563765379814924e-20 7.584007634048240180e-21
2.906907385535305366e+00 3.987717323049449449e-20 7.066125832315252790e-21
2.907572385534876958e+00 4.670934615188158506e-20 7.136893336606657263e-21
2.908237385534448549e+00 4.027795099706297484e-20 7.084336230841955780e-21
2.908902385534020141e+00 7.174386908393552633e-20 7.107257156288697520e-21
2.909567385533591732e+00 4.897636337237463238e-20 6.801906411725258383e-21
2.910232385533163324e+00 3.039004431187874571e-20 6.704642023990403583e-21
2.910897385532734916e+00 4.226262194890648327e-20 7.244499288529337299e-21
2.911562385532306507e+00 4.654664484349728402e-20 6.509511508997340288e-21
2.912227385531878099e+00 4.120757213704701318e-20 7.201066424585960260e-21
2.912892385531449690e+00 -1.179599572925933727e-20 7.033038182342050880e-21
2.913557385531021282e+00 3.384687550648798528e-20 6.451116431537414554e-21
2.914222385530592874e+00 2.759147333606706848e-20 7.337496782592637396e-21
2.914887385530164465e+00 -1.710128979378750008e-20 9.834506703391259516e-21
2.915552385529736057e+00 2.379242621562851376e-20 7.801363187149393588e-21
2.916217385529307649e+00 -6.092689640494296987e-21 6.681255499187103344e-21
2.916882385528879240e+00 2.816025473186785317e-20 6.481538550710459202e-21
2.917547385528450832e+00 2.491984482341412787e-20 6.445662907545694501e-21
2.918212385528022423e+00 3.618787549856552195e-20 7.507514151709507876e-21
2.918877385527594015e+00 5.569961494405265224e-20 6.719152669396636818e-21
2.919542385527165607e+00 5.310249126107706731e-20 1.002701343168303945e-20
2.920207385526737198e+00 -7.255997370358523400e-21 6.060799856531170930e-21
2.920872385526308790e+00 3.479391946109267758e-20 6.353366216833021945e-21
2.921537385525880381e+00 1.842821496956005772e-20 6.042594158201711612e-21
2.922202385525451973e+00 1.008314275456102984e-19 6.047610351272550983e-21
2.922867385525023565e+00 6.695236118121386164e-20 6.132342087185026793e-21
2.923532385524595156e+00 4.795017604853818454e-20 5.978522945023962156e-21
2.924197385524166748e+00 7.797767744507445710e-20 6.753458712049052247e-21
2.924862385523738340e+00 6.382127814768104832e-20 5.909213299192837633e-21
2.925527385523309931e+00 4.671356346498217001e-20 6.045639142574044925e-21
2.926192385522881523e+00 3.279540384264940114e-20 5.890981946850285652e-21
2.926857385522453114e+00 6.754869154920738470e-20 6.008024969478940922e-21
2.927522385522024706e+00 9.621670655682914336e-20 6.450405760476510376e-21
2.928187385521596298e+00 9.115929901180708374e-20 5.804248714310652970e-21
2.928852385521167889e+00 5.863635645397799577e-20 6.392501346794857586e-21
2.929517385520739481e+00 -5.769639240979030523e-20 6.417086196331989823e-21
2.930182385520311072e+00 3.948544560120132513e-21 6.033772098325828224e-21
2.930847385519882664e+00 3.110407868132470602e-20 5.748237801826032793e-21
2.931512385519454256e+00 2.462944635338335664e-20 6.620469930426390143e-21
2.932177385519025847e+00 3.567579587311170161e-20 5.796759556996868255e-21
2.932842385518597439e+00 4.066418131131461659e-20 6.297006051652538358e-21
2.933507385518169031e+00 6.955422441310424043e-20 6.085625020879481495e-21
2.934172385517740622e+00 1.434361937183695674e-20 6.579337639891508193e-21
2.934837385517312214e+00 1.975707158297816389e-21 5.984187925471319095e-21
2.935502385516883805e+00 4.958111025038370454e-21 6.008296175684819189e-21
2.936167385516455397e+00 3.316206380045881726e-20 6.006847292495637826e-21
2.936832385516026989e+00 3.707262764020859350e-20 6.196648046827107030e-21
2.937497385515598580e+00 4.474098060940318831e-20 6.131187969886005329e-21
2.938162385515170172e+00 8.047683502843636000e-20 2.373136617363836518e-20
2.938827385514741763e+00 -1.651293449503964187e-21 6.996305487637656000e-21
2.939492385514313355e+00 -1.605944296547408506e-20 6.042135848174937563e-21
2.940157385513884947e+00 -1.860304665251639422e-21 9.626174173017097113e-21
2.940822385513456538e+00 -1.743951050222407586e-20 1.323864763587743977e-20
2.941487385513028130e+00 1.376906291496836249e-20 6.576592825695192269e-21
2.942152385512599722e+00 2.314541894662875896e-20 5.687036432946662272e-21
2.942817385512171313e+00 2.261082420178470074e-20 6.237480560034299083e-21
2.943482385511742905e+00 1.344009415721557442e-20 6.076206659951484806e-21
2.944147385511314496e+00 2.981800083890922403e-20 6.285131951971183219e-21
2.944812385510886088e+00 2.374850858283155152e-20 5.936113258675868078e-21
2.945477385510457680e+00 -1.199448092032901514e-20 5.633124817059615057e-21
2.946142385510029271e+00 -2.231133391724024279e-20 5.855934919041294892e-21
2.946807385509600863e+00 1.060053024723900549e-20 6.111285031029953124e-21
2.947472385509172454e+00 -2.604831220714672225e-20 6.022624715602596276e-21
2.948137385508744046e+00 -2.194417841655992962e-20 5.820618689897030795e-21
2.948802385508315638e+00 3.268393405340187510e-20 6.211548114811117328e-21
2.949467385507887229e+00 4.530808079899886867e-20 6.245586409923597111e-21
2.950132385507458821e+00 1.826681649642439391e-20 5.636770430270631200e-21
2.950797385507030413e+00 3.069126076403369632e-20 5.327969425858870981e-21
2.951462385506602004e+00 4.485634876682638922e-20 5.840903625386935995e-21
2.952127385506173596e+00 4.868783314536373946e-20 5.545879940583587999e-21
2.952792385505745187e+00 4.997817462098697481e-20 6.051219597540679759e-21
2.953457385505316779e+00 3.474518440385516651e-20 6.156391960239939297e-21
2.954122385504888371e+00 1.175864513742642081e-20 6.455321074658970017e-21
2.954787385504459962e+00 2.026653867556119603e-20 5.854962744135120933e-21
2.955452385504031554e+00 2.016170583744066951e-20 6.016861112182820230e-21
2.956117385503603145e+00 1.988917148340298506e-20 5.983625570714727771e-21
2.956782385503174737e+00 2.995911246556792019e-20 6.098798686143534846e-21
2.957447385502746329e+00 2.232435288915721119e-20 5.821589571151706702e-21
2.958112385502317920e+00 3.143542388122204786e-20 6.127165943015852743e-21
2.958777385501889512e+00 8.330344884869382000e-20 5.824478148031673566e-21
2.959442385501461104e+00 2.227025973543364292e-20 5.496425683466140989e-21
2.960107385501032695e+00 5.595371858576933909e-20 5.762038921053917609e-21
2.960772385500604287e+00 3.015751833621466058e-20 5.431041091527313673e-21
2.961437385500175878e+00 2.671352403084937055e-20 5.751035753459699554e-21
2.962102385499747470e+00 3.342908715710998464e-20 5.310973142187977977e-21
2.962767385499319062e+00 7.811525650036804653e-21 5.887998095489260919e-21
2.963432385498890653e+00 2.637173798789719912e-20 5.798273228985513736e-21
2.964097385498462245e+00 3.634359768209674316e-20 5.932745977675171905e-21
2.964762385498033836e+00 5.691054066670284754e-20 5.566761305270712186e-21
2.965427385497605428e+00 1.898968381001749497e-20 5.477483888871876304e-21
2.966092385497177020e+00 3.435916577096965025e-20 5.574491354311094879e-21
2.966757385496748611e+00 1.672395258709158330e-20 5.465638566631710562e-21
2.967422385496320203e+00 2.191101867264286564e-20 5.146928113153186657e-21
2.968087385495891795e+00 4.742415335312158639e-20 5.929224746339692750e-21
2.968752385495463386e+00 8.898968160739955404e-21 5.924087626125975168e-21
2.969417385495034978e+00 4.835014020731705662e-20 5.622215331433713857e-21
2.970082385494606569e+00 2.516218461454062732e-20 5.270759752722926971e-21
2.970747385494178161e+00 3.744941571182285487e-20 5.281596960251174752e-21
2.971412385493749753e+00 1.780439084332569073e-20 5.346521675294183277e-21
2.972077385493321344e+00 -2.529577885491842779e-20 5.252173740587488502e-21
2.972742385492892936e+00 2.371413850327153565e-20 5.681924048251314949e-21
2.973407385492464527e+00 3.459001041171964768e-20 5.466037886751406481e-21
2.974072385492036119e+00 -6.661924091750753441e-21 6.122105011438914662e-21
2.974737385491607711e+00 2.333577210175186091e-20 5.359705739988052155e-21
2.975402385491179302e+00 4.975218482010627261e-20 5.559481100908627823e-21
2.976067385490750894e+00 1.053050171087424355e-19 5.368064890453553576e-21
2.976732385490322486e+00 6.634280861298606976e-20 5.219953033934103989e-21
2.977397385489894077e+00 5.564015273389254260e-20 5.663025749706269315e-21
2.978062385489465669e+00 2.260122957376152175e-20 5.442817496893416809e-21
2.978727385489037260e+00 8.039762380233698654e-21 5.217412972614742998e-21
2.979392385488608852e+00 2.225888560677377200e-20 5.514786010819596020e-21
2.980057385488180444e+00 1.275691713932275497e-20 5.185745527079190070e-21
2.980722385487752035e+00 2.225707937502183974e-20 5.313731438434050473e-21
2.981387385487323627e+00 1.728330488145884684e-20 5.171147338630842915e-21
2.982052385486895218e+00 4.694870132330122277e-20 5.221341838678688762e-21
2.982717385486466810e+00 2.303789749221700419e-20 5.273852642773587799e-21
2.983382385486038402e+00 1.452435361429411386e-20 5.423134907433578639e-21
2.984047385485609993e+00 2.767945446618319744e-21 5.385614842059738160e-21
2.984712385485181585e+00 -1.215651274963740753e-20 5.148019977724731419e-21
2.985377385484753177e+00 9.760471312377599405e-21 6.022083776193007322e-21
2.986042385484324768e+00 5.236127706658136289e-20 5.038296246188352589e-21
2.986707385483896360e+00 4.271719748841584219e-20 5.302485964748936544e-21
2.987372385483467951e+00 6.443625838330379583e-20 9.206048180096606118e-21
2.988037385483039543e+00 5.879467758940949202e-20 1.442486225346830184e-20
2.988702385482611135e+00 6.774873107073353929e-20 5.284178998446208642e-21
2.989367385482182726e+00 4.752144781023803017e-20 4.726250620111958196e-21
2.990032385481754318e+00 6.114980215530411971e-20 5.051224299443786444e-21
2.990697385481325909e+00 6.286729442025156770e-20 5.384110001885531758e-21
2.991362385480897501e+00 6.519173012892353372e-20 5.449809222291857641e-21
2.992027385480469093e+00 4.227687111863084467e-20 5.105805765094819577e-21
2.992692385480040684e+00 1.172991111599713680e-20 5.214560065141413934e-21
2.993357385479612276e+00 1.681332368541093461e-20 5.805652162918191822e-21
2.994022385479183868e+00 -2.654886583298387558e-20 6.034375943221412922e-21
2.994687385478755459e+00 3.366256766491258583e-20 5.392363253425027728e-21
2.995352385478327051e+00 -5.818010449641969999e-21 5.557235778037585966e-21
2.996017385477898642e+00 3.274507135803505683e-20 5.576271360352050137e-21
2.996682385477470234e+00 3.810814249650502288e-20 5.948174392730267093e-21
2.997347385477041826e+00 1.173136425167426450e-20 6.217855629533790718e-21
2.998012385476613417e+00 3.598003906316277685e-20 5.775572275632424252e-21
2.998677385476185009e+00 5.542144557752878479e-20 4.936336322523263036e-21
2.999342385475756600e+00 5.552965111861437091e-20 5.268784586894627018e-21
3.000007385475328192e+00 3.450101554936673845e-20 5.599082783258966081e-21
3.000672385474899784e+00 2.299132491730805304e-20 5.014520137925785673e-21
3.001337385474471375e+00 2.390308242082306670e-20 4.866365147275530224e-21
3.002002385474042967e+00 2.889276023204033848e-21 4.850279703105349111e-21
3.002667385473614559e+00 -6.247031295472173476e-22 5.498425570025329999e-21
3.003332385473186150e+00 5.373747897047102125e-21 5.365468953955392169e-21
3.003997385472757742e+00 2.876870420410788552e-20 5.506713172142912491e-21
3.004662385472329333e+00 3.766958102069425940e-20 5.604052049095991688e-21
3.005327385471900925e+00 2.121396131031294525e-20 5.191143761886408255e-21
3.005992385471472517e+00 2.929853843569886604e-20 4.923730597526221753e-21
3.006657385471044108e+00 -8.187428021749711785e-21 5.238116545423541263e-21
3.007322385470615700e+00 -1.707276225824583382e-20 5.123116113490624190e-21
3.007987385470187292e+00 2.317256236536490941e-20 5.337837128560992210e-21
3.008652385469758883e+00 1.252816389137995495e-20 5.049840568278812080e-21
3.009317385469330475e+00 3.881049592689005148e-20 5.837137174885694744e-21
3.009982385468902066e+00 6.144735489420129749e-20 4.906010011905235165e-21
3.010647385468473658e+00 9.410379704915017532e-20 5.176958710808502746e-21
3.011312385468045250e+00 4.045128612324451641e-20 5.171060562769006746e-21
3.011977385467616841e+00 1.234477379966880181e-20 5.157195992683277037e-21
3.012642385467188433e+00 1.412387214488346415e-20 5.115927015047911838e-21
3.013307385466760024e+00 3.772700568844842182e-20 4.854132251325035888e-21
3.013972385466331616e+00 3.647330264614595468e-20 5.221295340895792230e-21
3.014637385465903208e+00 3.234043132196788416e-20 5.199650185722221443e-21
3.015302385465474799e+00 6.465613771473260855e-20 5.281132778889068654e-21
3.015967385465046391e+00 4.216035283983672481e-20 4.761017819760945933e-21
3.016632385464617983e+00 3.584892427524219448e-20 4.725599000193878204e-21
3.017297385464189574e+00 4.237640287963678100e-20 5.230341459739934207e-21
3.017962385463761166e+00 5.411745058529815424e-20 5.327735517494816851e-21
3.018627385463332757e+00 1.888074933687915003e-20 5.534833802142859694e-21
3.019292385462904349e+00 -3.532232456716530920e-21 5.142137740636535771e-21
3.019957385462475941e+00 2.249024377501777690e-20 4.895754696582592235e-21
3.020622385462047532e+00 6.265645489453872811e-20 5.285446737246229125e-21
3.021287385461619124e+00 5.524891212847260858e-20 6.058951466006597176e-21
3.021952385461190715e+00 5.757507722605448737e-20 5.418439662703445922e-21
3.022617385460762307e+00 2.753296415350566207e-20 4.707354755133678578e-21
3.023282385460333899e+00 5.871325358522046123e-21 4.864025626076631857e-21
3.023947385459905490e+00 9.319282030413761794e-21 4.768865427226221511e-21
3.024612385459477082e+00 5.693207936866190606e-20 4.876262048532685710e-21
3.025277385459048674e+00 1.815113877222349283e-20 5.134710038222184440e-21
3.025942385458620265e+00 1.326812910783460956e-20 5.757239943079606132e-21
3.026607385458191857e+00 7.537552438221348361e-20 6.296566651922786121e-21
3.027272385457763448e+00 2.334084827605221608e-20 5.702126772386243029e-21
3.027937385457335040e+00 1.032854072234503701e-19 5.655211141390914062e-20
3.028602385456906632e+00 7.403687560386596369e-20 5.089874139151064297e-20
3.029267385456478223e+00 6.549595294358779656e-20 4.052167271833519267e-20
3.029932385456049815e+00 2.982422296477584344e-20 7.391468180355550893e-21
3.030597385455621406e+00 1.944742672322036828e-20 8.124688186525557852e-21
3.031262385455192998e+00 4.856595563152812663e-21 6.887399545086209815e-21
3.031927385454764590e+00 5.001925686968634401e-20 5.935492554551302300e-21
3.032592385454336181e+00 2.754372596262659085e-20 6.020375743228606555e-21
3.033257385453907773e+00 5.702136862770808455e-20 5.823751776195996226e-21
3.033922385453479365e+00 5.006217074100063289e-20 4.998284867121981486e-21
3.034587385453050956e+00 3.130512891262646286e-20 5.352283073314264691e-21
3.035252385452622548e+00 4.409624215316954681e-20 4.790055618657031304e-21
3.035917385452194139e+00 4.324787018448097328e-20 5.470741463842861050e-21
3.036582385451765731e+00 2.834948044907909633e-20 4.649392133560114580e-21
3.037247385451337323e+00 2.045674618822933398e-21 4.900384274531235403e-21
3.037912385450908914e+00 1.902758877668100539e-20 4.948532085474631174e-21
3.038577385450480506e+00 3.609861167404650299e-20 4.744560552581782715e-21
3.039242385450052097e+00 -7.675098297729731099e-21 4.595873597818019070e-21
3.039907385449623689e+00 4.275678066831468907e-21 4.680522869917807671e-21
3.040572385449195281e+00 1.882658457978181458e-20 4.846999871937642921e-21
3.041237385448766872e+00 4.792091520142129493e-20 4.683103356604010466e-21
3.041902385448338464e+00 2.793357392140992219e-20 4.454326498994941367e-21
3.042567385447910056e+00 3.012758355505595972e-20 5.146885296345478365e-21
3.043232385447481647e+00 5.111014747951519782e-20 4.552867223120401741e-21
3.043897385447053239e+00 6.724586067899628955e-20 4.534797617843097993e-21
3.044562385446624830e+00 4.727209511324749837e-20 4.895747163271006297e-21
3.045227385446196422e+00 5.690501223806131517e-20 4.922004878872853746e-21
3.045892385445768014e+00 3.856301678743724926e-20 6.172741494309130332e-21
3.046557385445339605e+00 4.369852226281447845e-20 5.055835265564411807e-21
3.047222385444911197e+00 2.611448637456955241e-20 5.098840695739257286e-21
3.047887385444482788e+00 4.618652440605024112e-20 5.252125293985280900e-21
3.048552385444054380e+00 3.463066959720913021e-20 4.865401121234655031e-21
3.049217385443625972e+00 7.770191855480406939e-21 5.025237577606880195e-21
3.049882385443197563e+00 2.917412587807274216e-20 4.948771546973714364e-21
3.050547385442769155e+00 2.336795847293118625e-20 5.138741971412730334e-21
3.051212385442340747e+00 2.726154367857304544e-20 4.761944482459458875e-21
3.051877385441912338e+00 1.444784610193807742e-20 5.579757585715949884e-21
3.052542385441483930e+00 2.709419115419545110e-20 4.859617379723249195e-21
3.053207385441055521e+00 3.530433391122344209e-20 4.844275988147509551e-21
3.053872385440627113e+00 5.468065972892224124e-20 4.703373294762587095e-21
3.054537385440198705e+00 4.518932666010760345e-20 5.175477246171556716e-21
3.055202385439770296e+00 5.083009261173606676e-20 4.927800022852820327e-21
3.055867385439341888e+00 2.436779872936594597e-20 4.891660864376388448e-21
3.056532385438913479e+00 -9.640463493795641267e-21 4.661571834454764304e-21
3.057197385438485071e+00 2.275021242609229364e-20 4.656529486125650020e-21
3.057862385438056663e+00 2.880201463942186196e-20 4.988316857931649957e-21
3.058527385437628254e+00 1.634015469262103317e-20 4.767266132383205744e-21
3.059192385437199846e+00 1.694040086819294418e-20 4.990729721081702785e-21
3.059857385436771438e+00 1.220007657270306156e-20 4.954479540234947705e-21
3.060522385436343029e+00 4.060962852099711456e-20 4.570433630198085090e-21
3.061187385435914621e+00 4.390464664276301971e-20 4.990239896384405819e-21
3.061852385435486212e+00 5.605622659205037129e-21 4.765068888482597595e-21
3.062517385435057804e+00 4.330278588067945411e-20 4.820211454551381547e-21
3.063182385434629396e+00 2.954848054977249001e-20 4.599876669870633283e-21
3.063847385434200987e+00 3.429794471855737795e-20 5.030600291625407710e-21
3.064512385433772579e+00 4.450032987573527650e-20 4.941113895268940129e-21
3.065177385433344170e+00 7.332565899257728646e-21 5.047781462639674699e-21
3.065842385432915762e+00 6.500013957291140916e-21 4.410625865016453967e-21
3.066507385432487354e+00 3.956310808376387264e-20 7.581072375831935407e-21
3.067172385432058945e+00 5.142848576299443739e-20 6.530010121995568868e-21
3.067837385431630537e+00 3.059105899030563243e-20 5.912927370514100142e-21
3.068502385431202129e+00 6.900260593366762436e-21 5.401317526494426668e-21
3.069167385430773720e+00 4.022342995765042954e-20 5.043480950971717795e-21
3.069832385430345312e+00 3.980244103948241644e-20 4.614013569757243573e-21
3.070497385429916903e+00 1.931849573354738595e-20 4.863042669804825031e-21
3.071162385429488495e+00 6.880464892338399699e-20 4.618573508821509844e-21
3.071827385429060087e+00 4.672533736563471418e-20 4.404817843855308327e-21
3.072492385428631678e+00 4.692165117051881774e-20 4.425146716674400242e-21
3.073157385428203270e+00 4.795079257639269160e-20 4.679671052063022425e-21
3.073822385427774861e+00 9.316997326996746642e-21 4.965706068939847664e-21
3.074487385427346453e+00 7.590171579226233382e-21 4.595658856815776301e-21
3.075152385426918045e+00 6.807525792099672525e-20 4.650278461813444293e-21
3.075817385426489636e+00 4.800504598368538983e-20 4.553668229612647096e-21
3.076482385426061228e+00 2.297059418540223268e-20 4.781401960334411785e-21
3.077147385425632820e+00 1.579627462809591316e-20 4.584328988351437340e-21
3.077812385425204411e+00 4.840131380938577999e-20 4.629047886604967147e-21
3.078477385424776003e+00 7.315782998588772426e-21 4.381675422746292227e-21
3.079142385424347594e+00 8.893879784313509426e-21 4.460520832540568330e-21
3.079807385423919186e+00 4.198529080469453159e-21 4.911307646519346496e-21
3.080472385423490778e+00 4.134060498958165785e-20 4.971667275914370462e-21
3.081137385423062369e+00 5.680084562499284607e-20 4.276393375059741321e-21
3.081802385422633961e+00 3.496925192507237188e-20 5.105454517210565303e-21
3.082467385422205552e+00 8.309152349726784403e-21 4.666596327455756354e-21
3.083132385421777144e+00 7.301528195594033229e-21 4.513824690261438071e-21
3.083797385421348736e+00 3.133559544041558179e-20 4.771061829345994808e-21
3.084462385420920327e+00 1.743667203468811936e-20 5.149600320448445693e-21
3.085127385420491919e+00 1.125145563906981501e-20 4.779392469405498782e-21
3.085792385420063511e+00 5.033519980018491163e-20 4.399506923117328102e-21
3.086457385419635102e+00 3.955266063708880044e-20 4.850149482934325112e-21
3.087122385419206694e+00 4.143011995551662244e-20 4.895550663654388033e-21
3.087787385418778285e+00 7.645701681795719470e-20 4.786302797668243484e-21
3.088452385418349877e+00 3.998019459407587835e-20 4.644241954319094650e-21
3.089117385417921469e+00 3.559221520878656737e-21 4.868076172670800348e-21
3.089782385417493060e+00 1.434060924683378804e-20 4.538555800809047444e-21
3.090447385417064652e+00 2.220010711764144536e-20 4.840768216755513932e-21
3.091112385416636243e+00 2.265736104309850748e-20 4.426228446577029876e-21
3.091777385416207835e+00 -3.970936143637837082e-21 4.329143550916596901e-21
3.092442385415779427e+00 8.918044790262900752e-21 4.560372383078406598e-21
3.093107385415351018e+00 3.460290370661569435e-20 4.805575736830409839e-21
3.093772385414922610e+00 1.028789767088170289e-20 4.587536797809936699e-21
3.094437385414494202e+00 3.804570783450804467e-20 4.757782082508933559e-21
3.095102385414065793e+00 8.095032733887666552e-22 4.581881350777802870e-21
3.095767385413637385e+00 2.180098753625950741e-20 4.722705220256263644e-21
3.096432385413208976e+00 6.111664838546129220e-20 4.640164924870735135e-21
3.097097385412780568e+00 3.560871060345374522e-20 5.028634147232361171e-21
3.097762385412352160e+00 7.125680433549125425e-20 4.614574402855880495e-21
3.098427385411923751e+00 7.431040281056769145e-20 3.185728247026223768e-20
3.099092385411495343e+00 4.205101881377470677e-20 1.277418477734711539e-20
3.099757385411066934e+00 5.241579820235247453e-20 1.500320317389462421e-20
3.100422385410638526e+00 2.520531771509362323e-20 6.502117678330698735e-21
3.101087385410210118e+00 3.637693053629107910e-20 4.571810044377209140e-21
3.101752385409781709e+00 1.523515414025344064e-20 8.877304448293578732e-21
3.102417385409353301e+00 3.082141048536293105e-20 1.753720102769373929e-20
3.103082385408924893e+00 6.685180644403759491e-20 1.116899933387827506e-20
3.103747385408496484e+00 1.126634532921187318e-19 1.719226776305905304e-20
3.104412385408068076e+00 5.102470833570142534e-20 4.225594842296907489e-21
3.105077385407639667e+00 3.266349486497745364e-20 4.454552255635480524e-21
3.105742385407211259e+00 4.125115210940806279e-20 4.423548015333114428e-21
3.106407385406782851e+00 3.788225882629230491e-20 4.447324913947842396e-21
3.107072385406354442e+00 2.846704887172262836e-20 4.769365865998017916e-21
3.107737385405926034e+00 -3.328111455592651633e-22 4.211096772411144035e-21
3.108402385405497625e+00 6.606602301715766968e-21 4.564180920037614728e-21
3.109067385405069217e+00 3.621581187772158711e-20 4.635990913751666166e-21
3.109732385404640809e+00 4.200722514692743453e-20 4.569819455552378110e-21
3.110397385404212400e+00 1.767451335003035798e-20 4.404965778721825251e-21
3.111062385403783992e+00 2.251366464273771428e-20 4.367363017982334509e-21
3.111727385403355139e+00 6.064892552611070133e-20 4.578143426832013537e-21
3.112392385402926731e+00 4.359167135155106121e-20 4.779004348934194415e-21
3.113057385402498323e+00 5.779626623310297737e-20 5.209690397150984857e-21
3.113722385402069914e+00 3.077370352033896761e-20 4.591299623350821804e-21
3.114387385401641506e+00 3.319153841433059093e-20 4.731140844969721281e-21
3.115052385401213098e+00 3.355023298608594351e-20 4.045705223467489302e-21
3.115717385400784689e+00 2.344477273168028164e-20 4.453984953957828365e-21
3.116382385400356281e+00 9.940780252718508077e-21 4.473407415093593868e-21
3.117047385399927872e+00 1.380603299714445268e-20 4.538873378272372484e-21
3.117712385399499464e+00 6.312794106762814985e-20 4.951491614448201294e-21
3.118377385399071056e+00 3.014627135315575497e-20 4.635292599744360081e-21
3.119042385398642647e+00 3.563388302148544472e-20 4.280877419655607211e-21
3.119707385398214239e+00 1.299289558266010792e-20 4.543766399251800012e-21
3.120372385397786275e+00 2.726295425869650485e-20 4.530091659717834299e-21
3.121037385397357866e+00 5.118609982045997593e-20 4.296769944953413404e-21
3.121702385396929458e+00 7.551716173177273556e-21 4.338355250515556665e-21
3.122367385396501049e+00 2.104148951195606506e-20 4.323830212786355763e-21
3.123032385396072641e+00 3.179604049195352609e-20 4.511001940876341514e-21
3.123697385395644233e+00 1.293238240104288338e-20 4.749542581973511353e-21
3.124362385395215824e+00 2.851404053662768439e-20 4.425785423427966375e-21
3.125027385394787416e+00 2.417206846621680412e-20 4.473222120837361655e-21
3.125692385394359007e+00 1.743059222670279638e-20 4.317900242437380024e-21
3.126357385393930155e+00 2.851986633969729491e-20 4.383901229015870479e-21
3.127022385393501747e+00 3.485178209825097991e-20 5.248565441784489857e-21
3.127687385393073338e+00 8.030702666353818411e-21 6.196651113326487818e-21
3.128352385392644930e+00 -5.023163571732495132e-21 5.547166770835929281e-21
3.129017385392216521e+00 1.335284889588150372e-20 5.096538843553525793e-21
3.129682385391788113e+00 3.285838967346611172e-20 5.484896150343417158e-21
3.130347385391359705e+00 1.379496142498938853e-20 4.269810416312868155e-21
3.131012385390931296e+00 7.783389779331800650e-21 4.780233043461303422e-21
3.131677385390502888e+00 -1.343894913965800691e-20 5.828489238963738709e-21
3.132342385390074480e+00 -1.584650868985620770e-20 5.518057701466371029e-21
3.133007385389646071e+00 2.186364448515892295e-20 7.185224204594459712e-21
3.133672385389217663e+00 2.100334271498115033e-20 4.303253849359322852e-21
3.134337385388789254e+00 2.019613303865108153e-20 4.466347356220482752e-21
3.135002385388360846e+00 4.515213704458978005e-20 4.275973016475017070e-21
3.135667385387932438e+00 1.301997366581197231e-20 5.585688914656910389e-21
3.136332385387504029e+00 3.493352896457282230e-20 1.137448653845971170e-20
3.136997385387075621e+00 5.659767923885601822e-20 1.403741748898233534e-20
3.137662385386647212e+00 1.613944204184853311e-20 1.201921343956658736e-20
3.138327385386218804e+00 3.722884118149804965e-20 3.880547989088967606e-21
3.138992385385790396e+00 3.918313704507158968e-20 4.281336868352277470e-21
3.139657385385361987e+00 4.962126743484304629e-20 4.266157403306190025e-21
3.140322385384933579e+00 3.960862438243696637e-20 4.430883788537255404e-21
3.140987385384505171e+00 3.218715035133484590e-20 5.666510879770870058e-21
3.141652385384076762e+00 1.385228762001701865e-20 4.918448472430519133e-21
3.142317385383648354e+00 2.395250291554622897e-20 4.266818940402968331e-21
3.142982385383219945e+00 2.081745428539016115e-20 4.037243704750666445e-21
3.143647385382791537e+00 3.085930085377306918e-20 4.246508565245874183e-21
3.144312385382363129e+00 3.085000707284779973e-20 4.141615854749341159e-21
3.144977385381934720e+00 3.362714571614371661e-20 4.120750772894049158e-21
3.145642385381506312e+00 3.199761801147232212e-20 4.113489586316025289e-21
3.146307385381077903e+00 1.759948162794543273e-20 4.175152851881201355e-21
3.146972385380649495e+00 1.035452892339748825e-20 4.293994561280062049e-21
3.147637385380221087e+00 3.870355430095703777e-20 4.236374767516770666e-21
3.148302385379792678e+00 2.639157615092811596e-20 4.254973638701306958e-21
3.148967385379364270e+00 3.550077650252650075e-20 4.553841576177398719e-21
3.149632385378935862e+00 4.660131372836269609e-20 4.693209673917918221e-21
3.150297385378507453e+00 2.454277528332452110e-20 6.177793083261871226e-21
3.150962385378079045e+00 4.761384859876114065e-20 4.137964097862273280e-21
3.151627385377650636e+00 3.966349276330960736e-20 6.800084672884156042e-21
3.152292385377222228e+00 5.429650041876461004e-20 4.548481321995583469e-21
3.152957385376793820e+00 2.288640845088937713e-20 4.912572412701651635e-21
3.153622385376365411e+00 3.292815922544930538e-20 4.214115903531642468e-21
3.154287385375937003e+00 2.424643338630421606e-20 4.605656491403834084e-21
3.154952385375508594e+00 3.418169977222464479e-20 4.573300897498706784e-21
3.155617385375080186e+00 3.986021917557423794e-20 4.502919633842626001e-21
3.156282385374651778e+00 4.067401068567581846e-21 4.170211287384784555e-21
3.156947385374223369e+00 4.827716460864055094e-20 5.839462076442630541e-21
3.157612385373794961e+00 4.389453238832054902e-20 1.232308302630754518e-20
3.158277385373366553e+00 4.806893008939812901e-20 7.110439203351241038e-21
3.158942385372938144e+00 4.906632690315981886e-20 7.981082569749221696e-21
3.159607385372509736e+00 1.462358032764649655e-20 4.319029101875929496e-21
3.160272385372081327e+00 2.152278945681667871e-20 3.994438895435344414e-21
3.160937385371652919e+00 3.028307992924496439e-20 4.181790543503589258e-21
3.161602385371224511e+00 9.104227775319744984e-21 5.142707063535021015e-21
3.162267385370796102e+00 5.082117645409191365e-20 4.288997045592903075e-21
3.162932385370367694e+00 5.087375810213969783e-20 3.937758581624953502e-21
3.163597385369939285e+00 1.478485625385689507e-20 4.003503492079388203e-21
3.164262385369510877e+00 4.061579572202393860e-20 4.372518593193438385e-21
3.164927385369082469e+00 1.862260894081335584e-20 4.142084865499310254e-21
3.165592385368654060e+00 6.779202307949367635e-21 4.144518696611278857e-21
3.166257385368225652e+00 2.073289466492117771e-20 3.986361736117377214e-21
3.166922385367797244e+00 6.483191202516840099e-21 4.227754917030154830e-21
3.167587385367368835e+00 2.339419257350442045e-20 4.144411733113596097e-21
3.168252385366940427e+00 -1.101176865588866716e-20 4.141776952037680735e-21
3.168917385366512018e+00 7.558714801801380036e-21 4.584225592767625668e-21
3.169582385366083610e+00 6.809821184473020116e-20 4.061538036835422900e-21
3.170247385365655202e+00 2.704330118866202456e-20 4.182545732197549349e-21
3.170912385365226793e+00 3.741440874511575774e-20 4.326293513564313359e-21
3.171577385364798385e+00 2.299532630156667095e-20 1.844018127640288904e-20
3.172242385364369976e+00 4.089755051584607006e-20 6.314275435113664594e-21
3.172907385363941568e+00 3.036552751232978317e-20 4.348514904737293490e-21
3.173572385363513160e+00 -2.586852909998344069e-22 4.156850466807660101e-21
3.174237385363084751e+00 3.370379481576462319e-20 4.024221515655692804e-21
3.174902385362656343e+00 3.335488446805947820e-20 4.547594539072945769e-21
3.175567385362227935e+00 3.057240401208974749e-20 4.037093861498211936e-21
3.176232385361799526e+00 2.670089358938076293e-20 4.124292540368597428e-21
3.176897385361371118e+00 2.961585822509667711e-20 4.206971276130141593e-21
3.177562385360942709e+00 3.927132228748672103e-20 4.261588002437028068e-21
3.178227385360514301e+00 4.700917187164230530e-20 4.261633072917096932e-21
3.178892385360085893e+00 2.155868542351293889e-20 4.177600969173007591e-21
3.179557385359657484e+00 2.470245039232534264e-20 4.240998331503703466e-21
3.180222385359229076e+00 1.473780436568132875e-20 8.157585888822462960e-21
3.180887385358800667e+00 1.048450231446309233e-20 7.760274617887351428e-21
3.181552385358372259e+00 5.327155322771700749e-20 7.349002513323763752e-21
3.182217385357943851e+00 5.563736541508287204e-20 4.317378681728961737e-21
3.182882385357515442e+00 1.196297221395184294e-20 4.273876776889423909e-21
3.183547385357087034e+00 3.184232862445226700e-20 4.507186271935914917e-21
3.184212385356658626e+00 4.465233900515976896e-20 3.878816696082666546e-21
3.184877385356230217e+00 3.222552262652173511e-20 4.363696588186417397e-21
3.185542385355801809e+00 -9.563229674707915125e-22 3.985814627577676644e-21
3.186207385355373400e+00 4.271645862187356473e-20 3.866130994173863616e-21
3.186872385354944992e+00 3.451808315356080401e-20 5.404673351297875801e-21
3.187537385354516584e+00 2.181646729314892328e-20 4.556193640304413910e-21
3.188202385354088175e+00 4.117652987287726220e-20 4.006755306095893776e-21
3.188867385353659767e+00 3.387487437002046095e-20 3.888737875778737203e-21
3.189532385353231358e+00 4.063887932026590259e-21 4.115225813383734773e-21
3.190197385352802950e+00 1.075669337889135161e-20 3.928454274960900807e-21
3.190862385352374542e+00 2.697739756707998047e-20 4.294404667293583154e-21
3.191527385351946133e+00 5.702041978956180458e-20 4.106626968874282029e-21
3.192192385351517725e+00 5.141390510811881132e-20 4.123008426043856564e-21
3.192857385351089317e+00 5.775990369015551676e-20 3.995507293148190808e-21
3.193522385350660908e+00 2.322278392367359091e-20 4.093293636627448440e-21
3.194187385350232500e+00 4.790121014128738677e-20 4.355612041428742232e-21
3.194852385349804091e+00 3.549733389519820577e-20 4.377394365934067376e-21
3.195517385349375683e+00 5.703775071634480592e-20 5.247592462114666327e-21
3.196182385348947275e+00 2.394824227126995208e-20 4.480487911171283990e-21
3.196847385348518866e+00 2.457620793492661001e-20 4.136220027184143264e-21
3.197512385348090458e+00 1.866154324147300441e-20 3.923799485638723326e-21
3.198177385347662049e+00 4.992258770677329324e-20 4.435392475271368358e-21
3.198842385347233641e+00 3.571976882476836073e-20 4.555493747747488307e-21
3.199507385346805233e+00 5.349267878178165766e-20 4.877460477874610105e-21
3.200172385346376824e+00 6.972159734292752054e-20 4.382715270364891177e-21
3.200837385345948416e+00 3.472103401944934005e-20 4.381173729292755528e-21
3.201502385345520008e+00 2.555851891298542265e-20 4.170776400869984988e-21
3.202167385345091599e+00 1.826168205612849426e-20 4.381806442794717524e-21
3.202832385344663191e+00 2.848539995514592019e-20 4.131555529392969552e-21
3.203497385344234782e+00 1.925672468256925264e-20 4.210707814609534762e-21
3.204162385343806374e+00 2.025822287793434211e-20 4.014690006606933590e-21
3.204827385343377966e+00 1.476301518410223300e-20 4.230663999669938244e-21
3.205492385342949557e+00 2.771906168125259542e-20 3.975402729656306476e-21
3.206157385342521149e+00 1.373602749271551265e-20 4.216270917687609365e-21
3.206822385342092741e+00 3.120804634118194679e-20 4.402562051354838614e-21
3.207487385341664332e+00 4.781735445388565074e-20 4.554131024160077423e-21
3.208152385341235924e+00 6.322265905136708724e-20 3.940772532947327134e-21
3.208817385340807515e+00 3.382352869402054344e-20 3.653242986607230306e-21
3.209482385340379107e+00 3.120493031178795394e-20 4.185935145606460133e-21
3.210147385339950699e+00 1.713513645986259822e-20 4.274942890486720052e-21
3.210812385339522290e+00 2.315706389090935824e-20 4.545329096883489160e-21
3.211477385339093882e+00 3.261737136396765363e-20 4.447029065613519748e-21
3.212142385338665473e+00 1.108661416164894915e-20 4.244877257660933828e-21
3.212807385338237065e+00 4.359732494757775218e-20 4.293877366644118490e-21
3.213472385337808657e+00 4.705175783478692113e-20 4.096990876058300164e-21
3.214137385337380248e+00 2.159614733733652455e-20 4.126832065428807048e-21
3.214802385336951840e+00 3.056077781719681010e-20 4.082563176038644417e-21
3.215467385336523432e+00 4.824673410822795421e-20 3.825954121396715603e-21
3.216132385336095023e+00 4.571126462983211456e-20 4.141736379319098207e-21
3.216797385335666615e+00 4.968115393703378756e-20 4.128867363242825374e-21
3.217462385335238206e+00 3.018414936786455965e-20 3.718215596710543671e-21
3.218127385334809798e+00 4.679707351597332118e-20 4.056410985053410368e-21
3.218792385334381390e+00 4.728172850111124300e-20 4.510313610291052631e-21
3.219457385333952981e+00 3.801534056672194884e-20 3.985110141345602486e-21
3.220122385333524573e+00 2.839136334149582236e-20 4.003496902404548540e-21
3.220787385333096164e+00 2.842563351746531719e-20 3.807228625362390009e-21
3.221452385332667756e+00 2.720890122947241533e-20 4.003718859987688956e-21
3.222117385332239348e+00 4.142128291268443347e-20 5.734170533955840683e-21
3.222782385331810939e+00 2.395811901471363767e-20 1.095765429945128654e-20
3.223447385331382531e+00 -1.534566595695942156e-21 1.166539700145972379e-20
3.224112385330954123e+00 5.105947713361889879e-21 2.545543466823336148e-20
3.224777385330525714e+00 2.799141829144874388e-20 4.362876460064698694e-21
3.225442385330097306e+00 2.551161840374442443e-20 4.083700741703312882e-21
3.226107385329668897e+00 4.187160142754745052e-20 3.774574277264097749e-21
3.226772385329240489e+00 2.721773424540258225e-20 3.998733256030933802e-21
3.227437385328812081e+00 3.650619867551202546e-20 3.691402850098725396e-21
3.228102385328383672e+00 1.549994128875711353e-20 3.903231356384416770e-21
3.228767385327955264e+00 4.497018394348155511e-20 4.141973693957477252e-21
3.229432385327526855e+00 3.814129914138987186e-20 3.946036098563723548e-21
3.230097385327098447e+00 5.304570241633249545e-20 3.968582740190722822e-21
3.230762385326670039e+00 3.055988904290453649e-20 3.883957946144717452e-21
3.231427385326241630e+00 4.499071528331458099e-20 4.034392631509142407e-21
3.232092385325813222e+00 1.931033712962914980e-20 3.888225627873775700e-21
3.232757385325384814e+00 2.930939234623535048e-20 4.008837576241517359e-21
3.233422385324956405e+00 2.670573204645734761e-20 4.393436336046873647e-21
3.234087385324527997e+00 3.904190332340521490e-20 3.970755628489243397e-21
3.234752385324099588e+00 4.897064464995683130e-20 3.671857735981706118e-21
3.235417385323671180e+00 2.823147794881581082e-20 3.945074546135555450e-21
3.236082385323242772e+00 6.042850020425986515e-20 4.023251409805857352e-21
3.236747385322814363e+00 2.810828836985833593e-20 4.333977356794407102e-21
3.237412385322385955e+00 7.556515557701136888e-21 3.790129859474452246e-21
3.238077385321957546e+00 2.939037251624299570e-20 3.704584116629462145e-21
3.238742385321529138e+00 3.964427097661434255e-20 3.671158565144134186e-21
3.239407385321100730e+00 1.631651361368321277e-20 3.659757688459094709e-21
3.240072385320672321e+00 3.081642455608550377e-20 4.181610549161964878e-21
3.240737385320243913e+00 2.911193903671678910e-20 4.038554986388131321e-21
3.241402385319815505e+00 4.791508228415991747e-20 4.112439074571898626e-21
3.242067385319387096e+00 2.027541411886029201e-20 4.247745024940389181e-21
3.242732385318958688e+00 3.509083346454712596e-20 4.352520607663997844e-21
3.243397385318530279e+00 3.160867340271671793e-20 4.302372405822720885e-21
3.244062385318101871e+00 6.399477816859715690e-20 4.756735530145843625e-21
3.244727385317673463e+00 3.013099072543784869e-20 3.788211086659117489e-21
3.245392385317245054e+00 2.347216651555486080e-20 3.951251491373487049e-21
3.246057385316816646e+00 3.610481613021258458e-20 2.386403792044677019e-20
3.246722385316388237e+00 8.082608852159944478e-20 2.477805394739875017e-20
3.247387385315959829e+00 1.242089262043691416e-19 3.461752516429179406e-20
3.248052385315531421e+00 1.146360842858449591e-19 2.676725335481871939e-20
3.248717385315103012e+00 4.659759412713238915e-20 4.261001705137272652e-21
3.249382385314674604e+00 3.990261745340865635e-20 4.327730195511984290e-21
3.250047385314246196e+00 1.973788592342546024e-20 4.091978555390898971e-21
3.250712385313817787e+00 1.844827619020875286e-20 4.334565540967811699e-21
3.251377385313389379e+00 2.144483039756839325e-20 3.770151174755875120e-21
3.252042385312960970e+00 -3.436231403188869362e-21 3.675121261596083061e-21
3.252707385312532562e+00 1.019076197084532001e-20 3.802647862791964695e-21
3.253372385312104154e+00 -8.465174379048864573e-21 3.656967736459325758e-21
3.254037385311675745e+00 7.725926813280255515e-20 3.726817178179838923e-21
3.254702385311247337e+00 6.688130636111688051e-20 3.747702243845039558e-21
3.255367385310818928e+00 4.836938947831969672e-20 3.821288413762189134e-21
3.256032385310390520e+00 3.863315080375230640e-21 4.392220712253768208e-21
3.256697385309962112e+00 1.621999519084895840e-21 3.862621974175253284e-21
3.257362385309533703e+00 1.038174589728255412e-21 3.733540984097560644e-21
3.258027385309105295e+00 1.648385374842918016e-20 3.931750147842716705e-21
3.258692385308676887e+00 3.113948374722956759e-20 3.898268508621069308e-21
3.259357385308248478e+00 3.257298152937528356e-20 4.002394974758592603e-21
3.260022385307820070e+00 3.089377508604981914e-20 3.909332833820706286e-21
3.260687385307391661e+00 2.945633071342415901e-20 1.501846918356371297e-20
3.261352385306963253e+00 4.478391710601562572e-20 8.849986899413534251e-21
3.262017385306534845e+00 3.652011400819427884e-20 4.044614926747282015e-21
3.262682385306106436e+00 2.683604372985007987e-20 4.023633445682393442e-21
3.263347385305678028e+00 2.047797377584796455e-20 3.772688832356780638e-21
3.264012385305249619e+00 1.802417790059017578e-20 3.958963631284623678e-21
3.264677385304821211e+00 3.034353509307413411e-20 4.075665694160487723e-21
3.265342385304392803e+00 2.383438333129173540e-20 4.032276011854289568e-21
3.266007385303964394e+00 2.923241437446518869e-20 4.051440697058503413e-21
3.266672385303535986e+00 4.485086383451791584e-20 4.343224550108554636e-21
3.267337385303107578e+00 2.549703981789810012e-20 3.719601410472857828e-21
3.268002385302679169e+00 5.194402648218717746e-20 4.103232946936449627e-21
3.268667385302250761e+00 6.564788243285586161e-20 4.003029362912985227e-21
3.269332385301822352e+00 4.517581086131846402e-20 4.194112683766127256e-21
3.269997385301393944e+00 4.550044261062406256e-20 3.977818721504868656e-21
3.270662385300965536e+00 5.216901346680268892e-20 4.593911502936303973e-21
3.271327385300537127e+00 3.366950325361077312e-20 3.789839559692845450e-21
3.271992385300108719e+00 4.716557376470351612e-20 4.224560602362133012e-21
3.272657385299680310e+00 5.725448385899051338e-20 4.311260584622698332e-21
3.273322385299251902e+00 6.563185049560898451e-20 4.171600548120325674e-21
3.273987385298823494e+00 3.028297124992493044e-20 4.098190300908143589e-21
3.274652385298395085e+00 2.778557122237619447e-20 3.902470149454169626e-21
3.275317385297966677e+00 5.215922660906054955e-20 4.500479168392532588e-21
3.275982385297538269e+00 4.100458299365172485e-20 4.103753666700993315e-21
3.276647385297109860e+00 5.975237720813066286e-20 3.976949972117413041e-21
3.277312385296681452e+00 6.437053256398127790e-20 3.798795527524039315e-21
3.277977385296253043e+00 6.236038484180211394e-20 4.356036875190031274e-21
3.278642385295824635e+00 2.434983447372491460e-20 4.195850194897544707e-21
3.279307385295396227e+00 3.064728133222958069e-20 4.230380568252618802e-21
3.279972385294967818e+00 4.441851495784625764e-20 3.989056233263479712e-21
3.280637385294539410e+00 4.604896540357004753e-20 3.671266757654102409e-21
3.281302385294111001e+00 4.836559439904698460e-20 3.995800800309048958e-21
3.281967385293682593e+00 3.761853690342367885e-20 4.077855301232064140e-21
3.282632385293254185e+00 2.292136505556454876e-20 3.817989773855443230e-21
3.283297385292825776e+00 2.099729660219869550e-20 4.052861298727221613e-21
3.283962385292397368e+00 4.723244424781731203e-20 4.656786063008295806e-21
3.284627385291968960e+00 5.724108971408492198e-20 4.203339109726595409e-21
3.285292385291540551e+00 4.683024877079619017e-20 3.991763118199245997e-21
3.285957385291112143e+00 2.315919265822175682e-20 3.738296585048351824e-21
3.286622385290683734e+00 2.521268519052977604e-20 3.958110972097794909e-21
3.287287385290255326e+00 -8.061479012243806349e-21 4.236370129834384689e-21
3.287952385289826918e+00 3.863163287019881504e-20 4.668307970094219220e-21
3.288617385289398509e+00 1.801172562684259344e-20 4.401108398549744778e-21
3.289282385288970101e+00 4.683335304078087658e-20 3.859483250110921216e-21
3.289947385288541692e+00 4.261712477649527559e-20 3.988151353484744879e-21
3.290612385288113284e+00 4.988639469905888114e-20 3.768109656582223067e-21
3.291277385287684876e+00 2.607829494354470646e-20 3.980384720989601075e-21
3.291942385287256467e+00 2.768528641998943999e-20 3.655470478014320785e-21
3.292607385286828059e+00 5.982749554797296991e-20 3.747559599826428562e-21
3.293272385286399651e+00 4.030213308974373206e-20 3.732470882643012916e-21
3.293937385285971242e+00 4.422417969446671742e-20 3.610454972780382634e-21
3.294602385285542834e+00 1.658052040357664778e-20 4.889921653998556415e-21
3.295267385285114425e+00 3.791843141807520335e-20 3.894510476051702410e-21
3.295932385284686017e+00 9.843606992947241248e-21 3.893523681277558002e-21
3.296597385284257609e+00 3.590192686339410399e-20 3.693593744024801887e-21
3.297262385283829200e+00 4.122037692555272421e-20 3.936242162245836575e-21
3.297927385283400792e+00 2.432015395370318328e-20 3.973979056310698422e-21
3.298592385282972383e+00 1.222064031104207329e-20 3.994306734131073009e-21
3.299257385282543975e+00 3.202682668941430125e-20 3.902543944658030102e-21
3.299922385282115567e+00 4.464393554717745345e-20 4.208799750713220774e-21
3.300587385281687158e+00 2.293464204504566383e-20 5.299967298020469048e-21
3.301252385281258750e+00 2.764178261730170532e-20 4.424006787212666892e-21
3.301917385280830342e+00 3.350195108963056320e-20 4.876517079982418170e-21
3.302582385280401933e+00 2.549619105927469346e-20 4.022080427070095850e-21
3.303247385279973525e+00 3.366886143012384587e-20 3.977410255396644394e-21
3.303912385279545116e+00 3.536217562414221275e-20 4.194689967184387553e-21
3.304577385279116708e+00 3.641772877409427314e-20 4.065430229099577671e-21
3.305242385278688300e+00 3.930120610297002623e-20 3.771072378045039920e-21
3.305907385278259891e+00 2.430592164836467223e-20 4.058465696061611955e-21
3.306572385277831483e+00 2.709273373633563838e-20 3.956802852815708741e-21
3.307237385277403074e+00 2.520765417752068946e-20 4.296484200060853634e-21
3.307902385276974666e+00 6.684793134293613310e-20 3.891133015020375743e-21
3.308567385276546258e+00 2.967609562499332216e-20 3.941495316435943529e-21
3.309232385276117849e+00 2.186247278402164415e-20 4.096138949073562449e-21
3.309897385275689441e+00 3.245505265251109462e-20 4.001398130250761152e-21
3.310562385275261033e+00 4.661121112051327849e-20 3.696471756517831724e-21
3.311227385274832624e+00 9.879812046339150947e-21 3.866142139377655575e-21
3.311892385274404216e+00 1.226630409496977621e-20 4.066401544970299758e-21
3.312557385273975807e+00 3.029316941155780765e-20 4.089698750246426713e-21
3.313222385273547399e+00 1.794350031320840319e-20 3.889573267970705961e-21
3.313887385273118991e+00 1.905735416917864735e-20 4.044509375868564514e-21
3.314552385272690582e+00 4.854787902643196223e-21 3.661569646060540476e-21
3.315217385272262174e+00 3.695451071665712394e-20 4.123392390090865384e-21
3.315882385271833765e+00 2.104920362994479511e-20 4.222986148968395103e-21
3.316547385271405357e+00 1.627784742200080068e-20 3.958057631595037042e-21
3.317212385270976949e+00 2.332564714420554866e-20 3.775610962615032815e-21
3.317877385270548540e+00 2.717339235433680211e-20 3.905310591588591789e-21
3.318542385270120132e+00 3.527492214900165411e-22 3.835990836232477111e-21
3.319207385269691724e+00 2.709649434949267036e-20 5.392599230042922974e-21
3.319872385269263315e+00 2.662717835338222248e-20 5.578849009212321668e-21
3.320537385268834907e+00 4.717749911697447818e-20 5.770218558061038177e-21
3.321202385268406498e+00 3.083035018643002984e-20 4.168159628001529073e-21
3.321867385267978090e+00 2.259961704364641061e-20 4.102683162056654445e-21
3.322532385267549682e+00 3.338625839813274911e-21 3.720011232909404030e-21
3.323197385267121273e+00 1.148902945659020702e-20 4.213795602302540992e-21
3.323862385266692865e+00 2.434410958875609144e-20 3.628478105791206226e-21
3.324527385266264456e+00 4.612889786472258573e-20 3.700424130475974036e-21
3.325192385265836048e+00 7.014582158963750626e-20 3.974846848657363417e-21
3.325857385265407640e+00 6.829807713685625404e-20 3.941646090255125433e-21
3.326522385264979231e+00 2.990160287333025459e-20 3.831294145024437596e-21
3.327187385264550823e+00 5.726139248824220267e-21 6.910719964948028503e-21
3.327852385264122415e+00 1.308174712789636742e-20 5.313356793110521957e-21
3.328517385263694006e+00 1.316898051360182507e-20 4.239581492462778887e-21
3.329182385263265598e+00 3.070969926956252346e-20 4.165859736694640236e-21
3.329847385262837189e+00 5.290002632583388349e-21 4.056786599338582848e-21
3.330512385262408781e+00 3.522445884690386403e-20 4.056495902517052372e-21
3.331177385261980373e+00 8.158630830679499163e-21 4.224692759403466066e-21
3.331842385261551964e+00 1.833831294720779868e-20 4.169348328387910847e-21
3.332507385261123556e+00 4.791834900576950853e-20 3.874048403766583261e-21
3.333172385260695147e+00 1.846907862167168623e-20 3.917657230352940058e-21
3.333837385260266739e+00 2.007661594715361187e-20 3.935023483786728106e-21
3.334502385259838331e+00 2.950709811607386912e-20 4.284141012460388120e-21
3.335167385259409922e+00 7.533051841792348075e-21 3.779443513248501658e-21
3.335832385258981514e+00 4.054899775671978984e-20 4.183133232632394510e-21
3.336497385258553106e+00 6.154659604346664986e-20 3.956802774740709321e-21
3.337162385258124697e+00 4.683368691192096037e-20 4.124772216596577034e-21
3.337827385257696289e+00 3.017600790178588167e-20 3.839493765269752989e-21
3.338492385257267880e+00 2.414096319064908861e-20 4.064798418056886623e-21
3.339157385256839472e+00 4.122216186748624628e-20 4.171255833809060790e-21
3.339822385256411064e+00 2.040246368738968547e-20 4.012127898394589657e-21
3.340487385255982655e+00 1.265340112911845541e-20 3.522004781801027703e-21
3.341152385255554247e+00 -1.889691377708773537e-21 3.839313544568470255e-21
3.341817385255125838e+00 2.152762567155607410e-20 3.595086648250715954e-21
3.342482385254697430e+00 3.546245383536136936e-20 3.873706021043734982e-21
3.343147385254269022e+00 2.047972227085751148e-20 4.061803859892980721e-21
3.343812385253840613e+00 2.611310081362151621e-20 3.782322818634942144e-21
3.344477385253412205e+00 1.883345150385860852e-20 3.888975407679864186e-21
3.345142385252983797e+00 3.669441152227557617e-20 3.553625670236827058e-21
3.345807385252555388e+00 3.976850453202666827e-20 4.102923419458135384e-21
3.346472385252126980e+00 2.603614389770589912e-20 4.714295106860275645e-21
3.347137385251698571e+00 1.153057126918784733e-20 4.023371866867880374e-21
3.347802385251270163e+00 2.278689004890959455e-20 3.925918223167061322e-21
3.348467385250841755e+00 1.436747171277107461e-20 3.803356251881763375e-21
3.349132385250413346e+00 4.171539073622793482e-20 3.538437681579082374e-21
3.349797385249984938e+00 3.492391666196050548e-20 3.796729430311212942e-21
3.350462385249556529e+00 2.287326296796669922e-20 3.574439485070911940e-21
3.351127385249128121e+00 3.285593008549944282e-20 3.585547129559356102e-21
3.351792385248699713e+00 4.615730315654130359e-20 3.504739150529075044e-21
3.352457385248271304e+00 4.566499481758913506e-20 3.357657669093839466e-21
3.353122385247842896e+00 3.489604968046085781e-20 3.683482925483219140e-21
3.353787385247414488e+00 2.960115417675456966e-20 3.846734424359123652e-21
3.354452385246986079e+00 2.272676396223347841e-20 3.690227483772422257e-21
3.355117385246557671e+00 3.023173046326839279e-20 3.683770725477919148e-21
3.355782385246129262e+00 3.603462235039971224e-20 3.998510245389944439e-21
3.356447385245700854e+00 3.321487902930801140e-20 3.671249601679677920e-21
3.357112385245272446e+00 3.753748825124609992e-20 3.905480271491904249e-21
3.357777385244844037e+00 4.590776222771844701e-20 3.632931065227620143e-21
3.358442385244415629e+00 1.328235930519045783e-20 3.695236782702324890e-21
3.359107385243987220e+00 1.170292130855667188e-20 3.861161195001962241e-21
3.359772385243558812e+00 1.457814699622893289e-20 3.734008191230807399e-21
3.360437385243130404e+00 2.726191538171609596e-20 3.664844574665232898e-21
3.361102385242701995e+00 2.201330979934967118e-20 3.564238469489461551e-21
3.361767385242273587e+00 1.498083943503968508e-20 3.750726018419815641e-21
3.362432385241845179e+00 1.489666073936100521e-20 4.687074210633096134e-21
3.363097385241416770e+00 4.672173155358221544e-20 5.697437736681293479e-21
3.363762385240988362e+00 3.340447256065571148e-20 4.684571226701232460e-21
3.364427385240559953e+00 2.850803379957063857e-20 5.999885633277444274e-21
3.365092385240131545e+00 4.723788337196634618e-21 3.602994048791638474e-21
3.365757385239703137e+00 2.611377423619688066e-20 3.738799666562682346e-21
3.366422385239274728e+00 3.222188501593324552e-20 3.584834645320316463e-21
3.367087385238846320e+00 3.100944595901518133e-20 4.075354735218727003e-21
3.367752385238417911e+00 3.601046788187737813e-20 3.308634843615681216e-21
3.368417385237989503e+00 3.812097964170399675e-20 3.567376761754410202e-21
3.369082385237561095e+00 3.202282732216180757e-20 3.671279663398275266e-21
3.369747385237132686e+00 2.549072723844029750e-20 3.621520595175857698e-21
3.370412385236704278e+00 2.037218733554512203e-20 3.748762940455565311e-21
3.371077385236275870e+00 1.738915301972311964e-20 3.759855441715712423e-21
3.371742385235847461e+00 2.885960236228052060e-20 3.727140953041345556e-21
3.372407385235419053e+00 1.274030061025081579e-21 3.924956001255306644e-21
3.373072385234990644e+00 3.085168894406692634e-20 3.586175766732915310e-21
3.373737385234562236e+00 2.551727519113516539e-20 4.130335065393953313e-21
3.374402385234133828e+00 1.911910392656365611e-20 3.491296922678047891e-21
3.375067385233705419e+00 4.710099700725647734e-20 3.821245073048278740e-21
3.375732385233277011e+00 3.604063522859006693e-20 3.899004412684862651e-21
3.376397385232848602e+00 3.047988408023753004e-20 3.605138541058257305e-21
3.377062385232420194e+00 4.832768105921853988e-21 3.940466996886306858e-21
3.377727385231991786e+00 2.620400208730201385e-20 3.825580688835145241e-21
3.378392385231563377e+00 2.999769838704982916e-20 4.883843381035023874e-21
3.379057385231134969e+00 1.989132104620143091e-20 3.736505211233251035e-21
3.379722385230706561e+00 3.390329105330018926e-20 4.003773501348588153e-21
3.380387385230278152e+00 3.086008335612024989e-20 3.724120124601199060e-21
3.381052385229849744e+00 8.136542153974234430e-21 3.524133160846597234e-21
3.381717385229421335e+00 1.788500251826302954e-20 3.710723232980744913e-21
3.382382385228992927e+00 4.453692203347670763e-20 3.863072634007741442e-21
3.383047385228564519e+00 2.150396594723856068e-20 3.753636391253426178e-21
3.383712385228136110e+00 2.654350277091179332e-20 3.587105672302913557e-21
3.384377385227707702e+00 2.180617839882521617e-20 3.538246698273347759e-21
3.385042385227279294e+00 1.720044089107676138e-20 3.843449092998299212e-21
3.385707385226850885e+00 2.841409719940346283e-20 3.563994119340609016e-21
3.386372385226422477e+00 1.907788967346920012e-20 3.612055840491377882e-21
3.387037385225994068e+00 3.759858255340972995e-20 3.769004476495584613e-21
3.387702385225565660e+00 1.560530544750709983e-20 3.530864037812806351e-21
3.388367385225137252e+00 2.924798730547635097e-20 3.266440936789759428e-21
3.389032385224708843e+00 2.383797943450983333e-20 3.674615360342466363e-21
3.389697385224280435e+00 3.781838869627264089e-20 3.335265836412672684e-21
3.390362385223852026e+00 2.279189123261923986e-20 3.621827024776769375e-21
3.391027385223423618e+00 2.461745333216737293e-20 3.598533272545148370e-21
3.391692385222995210e+00 4.209326926979512857e-20 3.480741218630021382e-21
3.392357385222566801e+00 4.398142258221286658e-20 3.646381809790683079e-21
3.393022385222138393e+00 2.700632417195502077e-20 4.003961528509182536e-21
3.393687385221709985e+00 2.146429732525319581e-20 3.948076863583076884e-21
3.394352385221281576e+00 3.584052301499726132e-20 3.687654006900573017e-21
3.395017385220853168e+00 6.422063684621551382e-20 3.149015118850125519e-21
3.395682385220424759e+00 2.104888390852706718e-20 3.836709444838300187e-21
3.396347385219996351e+00 4.005986074001865379e-20 3.585350394968913189e-21
3.397012385219567943e+00 5.438935592133788246e-20 3.586142237009706552e-21
3.397677385219139534e+00 2.463051719498626426e-20 3.803753886498302496e-21
3.398342385218711126e+00 3.949699026176205190e-20 5.313294439786315106e-21
3.399007385218282717e+00 4.242700911482534876e-20 3.781017550738931968e-21
3.399672385217854309e+00 3.970449949870039874e-20 3.697806186184869835e-21
3.400337385217425901e+00 4.147024481260840928e-20 3.585309169957827982e-21
3.401002385216997492e+00 3.179680671132289063e-20 3.514228759227622998e-21
3.401667385216569084e+00 3.715265762498078692e-20 3.553180428223745229e-21
3.402332385216140676e+00 3.242874778466601971e-20 3.485629092629977597e-21
3.402997385215712267e+00 5.987224841155575111e-20 3.623135708107158301e-21
3.403662385215283859e+00 5.298225588922919606e-20 3.686529943302832808e-21
3.404327385214855450e+00 5.544568194599618266e-20 3.941896191962112647e-21
3.404992385214427042e+00 4.185699830717344592e-20 3.301191417808273935e-20
3.405657385213998634e+00 5.004307356113168624e-20 1.418906284446447530e-20
3.406322385213570225e+00 5.302162283373806811e-20 3.796000886227864657e-21
3.406987385213141817e+00 4.160173599140981159e-20 3.608984988144338171e-21
3.407652385212713408e+00 3.022528152608370603e-20 3.533264072103755945e-21
3.408317385212285000e+00 4.477055056312716633e-20 3.859243392028404130e-21
3.408982385211856592e+00 3.945245988697574641e-20 3.642873987337118479e-21
3.409647385211428183e+00 4.706837675073199160e-20 4.104313743236744721e-21
3.410312385210999775e+00 5.484578404483286070e-21 5.135551332487894406e-21
3.410977385210571367e+00 7.734674746468370176e-21 5.673894155744144116e-21
3.411642385210142958e+00 8.468482384293007429e-21 5.964720087760496291e-21
3.412307385209714550e+00 1.082242918577979209e-20 3.620065964855845338e-21
3.412972385209286141e+00 -5.831607181391089313e-21 3.830286953263082585e-21
3.413637385208857733e+00 -1.954959332102663538e-20 5.484607524466968135e-21
3.414302385208429325e+00 1.857937146389203263e-21 4.270437260205445801e-21
3.414967385208000916e+00 5.240481993874564537e-20 1.103678065628318916e-20
3.415632385207572508e+00 2.772959432315171579e-20 6.188280111980715328e-21
3.416297385207144099e+00 2.903504941353013923e-20 3.704071372578212653e-21
3.416962385206715691e+00 2.060957388717421824e-20 3.205303237486618773e-21
3.417627385206287283e+00 -5.834363530071025518e-21 3.497991093200784767e-21
3.418292385205858874e+00 4.700291234990604304e-20 3.818682081451542721e-21
3.418957385205430466e+00 4.438893266001075321e-20 3.683417528432498230e-21
3.419622385205002058e+00 5.754097318905069916e-21 4.699505842859786646e-21
3.420287385204573649e+00 1.324107164878345395e-20 4.201548469582970163e-21
3.420952385204145241e+00 2.786215314670040616e-20 3.479593734846064272e-21
3.421617385203716832e+00 3.151468736564009371e-20 3.485094057733069604e-21
3.422282385203288424e+00 2.583680165287984344e-20 3.673655827240593311e-21
3.422947385202860016e+00 4.735856815694233113e-20 3.692458683616499191e-21
3.423612385202431607e+00 3.724572909897630920e-20 3.491174665438909591e-21
3.424277385202003199e+00 3.409018914420360627e-20 3.259371849245690390e-21
3.424942385201574790e+00 1.924661714693296743e-20 3.804980331099802440e-21
3.425607385201146382e+00 1.781959359911839514e-20 3.501921234052337603e-21
3.426272385200717974e+00 2.482794837702425401e-20 3.643063538041805690e-21
3.426937385200289565e+00 1.933757937499025591e-20 3.512818895960952651e-21
3.427602385199861157e+00 2.572099906239035205e-20 5.729452692117393028e-21
3.428267385199432749e+00 3.137783427054910307e-20 3.509827768852538705e-21
3.428932385199004340e+00 2.300842417280224876e-20 3.294851269184067960e-21
3.429597385198575932e+00 1.867214014114137644e-20 3.421647006789935953e-21
3.430262385198147523e+00 3.928937429888938389e-21 3.810372593114216700e-21
3.430927385197719115e+00 3.441229618499252455e-20 4.081163872704566906e-21
3.431592385197290707e+00 4.965533906451020857e-20 3.336599989901831857e-21
3.432257385196862298e+00 3.419512733813399241e-20 3.266463832058729466e-21
3.432922385196433890e+00 1.962647114293922712e-20 3.521813180019034984e-21
3.433587385196005481e+00 4.349484742070782211e-20 3.531327063426387838e-21
3.434252385195577073e+00 -4.076299012856644809e-21 3.561903672839123637e-21
3.434917385195148665e+00 1.003052827855233454e-20 3.809628761329807770e-21
3.435582385194720256e+00 1.803901614901957425e-20 3.649946790559298165e-21
3.436247385194291848e+00 2.852923002877410772e-21 3.308640871552787498e-21
3.436912385193863440e+00 1.127327135477383049e-20 3.622067718263461307e-21
3.437577385193435031e+00 8.645952625973838707e-21 3.807550447708965998e-21
3.438242385193006623e+00 1.388798481259684895e-20 3.731925878755359904e-21
3.438907385192578214e+00 1.218156734630795858e-20 3.383619484030755280e-21
3.439572385192149806e+00 2.907099899647816810e-20 3.747304819437153794e-21
3.440237385191721398e+00 1.739781703601750974e-20 3.618654131207578075e-21
3.440902385191292989e+00 1.002897310510799001e-20 3.525244122153226191e-21
3.441567385190864581e+00 2.794429220407047588e-20 3.331305801970930276e-21
3.442232385190436172e+00 5.080682370368174319e-20 3.450116388891120882e-21
3.442897385190007764e+00 5.664943427264575469e-20 3.380317010073022517e-21
3.443562385189579356e+00 4.385724129788214035e-20 3.589553465528714288e-21
3.444227385189150947e+00 3.992332528823640092e-20 3.457377242332201801e-21
3.444892385188722539e+00 2.268555715003885252e-20 3.407858164091152801e-21
3.445557385188294131e+00 2.773918415590487925e-20 3.351127492650682428e-21
3.446222385187865722e+00 8.973282482159497512e-21 3.688683680546159900e-21
3.446887385187437314e+00 1.625633918057614890e-20 3.833888073949848909e-21
3.447552385187008905e+00 1.030935933559432911e-20 3.555627897304495325e-21
3.448217385186580497e+00 1.723731793853509047e-20 3.434323866193358111e-21
3.448882385186152089e+00 2.172558855418443447e-20 3.463975054441867211e-21
3.449547385185723680e+00 2.626184414823208239e-20 3.557993341184243227e-21
3.450212385185295272e+00 3.195238038791590562e-20 3.497767126716942237e-21
3.450877385184866863e+00 8.536423201452199276e-21 3.586753509364510667e-21
3.451542385184438455e+00 2.735970360929919352e-20 3.901683391405025121e-21
3.452207385184010047e+00 4.027538641547053628e-20 5.068349014802600820e-21
3.452872385183581638e+00 2.841365725535387736e-20 4.843894928100096917e-21
3.453537385183153230e+00 2.044072851091440919e-20 3.395532035600994101e-21
3.454202385182724822e+00 1.940383755466740671e-20 3.593160956028256034e-21
3.454867385182296413e+00 1.557025717314762882e-21 3.392083718177562644e-21
3.455532385181868005e+00 3.481361293362441002e-20 3.472652488703303259e-21
3.456197385181439596e+00 5.125636703913190748e-20 3.606210953788281281e-21
3.456862385181011188e+00 3.203366887849110102e-20 3.349943114942390283e-21
3.457527385180582780e+00 4.884915341478917626e-20 3.261951819199622891e-21
3.458192385180154371e+00 2.508818183984540579e-20 3.272329555500673976e-21
3.458857385179725963e+00 3.666147593943190883e-20 3.563289556942113958e-21
3.459522385179297554e+00 1.922467334634080193e-20 3.951905759572555829e-21
3.460187385178869146e+00 4.265670723154179235e-20 3.544604245106426505e-21
3.460852385178440738e+00 4.011122861415341465e-20 3.363075227772121871e-21
3.461517385178012329e+00 2.579475894206753919e-20 3.927461615428696292e-21
3.462182385177583921e+00 3.044789538414713543e-20 3.394938350793138389e-21
3.462847385177155513e+00 4.114719948324946767e-20 3.294951109609230036e-21
3.463512385176727104e+00 4.931821854361655349e-20 3.432465506543394266e-21
3.464177385176298696e+00 2.556867188215193707e-20 3.345401307073889843e-21
3.464842385175870287e+00 1.111960702722791657e-20 3.402008391502269416e-21
3.465507385175441879e+00 4.765001779469439529e-20 3.408347605825093884e-21
3.466172385175013471e+00 3.713061955580183168e-20 3.486951069247199957e-21
3.466837385174585062e+00 2.775377062013471128e-20 3.736422839623755747e-21
3.467502385174156654e+00 5.852246854842304876e-20 3.683884534803046752e-21
3.468167385173728245e+00 5.012428105794165446e-20 3.484622003919119141e-21
3.468832385173299837e+00 4.671933194054767014e-20 3.278331093983224366e-21
3.469497385172871429e+00 4.153585786403868651e-20 3.389438821879284651e-21
3.470162385172443020e+00 3.201491640976712346e-20 3.327338406275867874e-21
3.470827385172014612e+00 3.415643343204298465e-20 3.448079701990533619e-21
3.471492385171586204e+00 3.921923286740685416e-20 3.898807346534874349e-21
3.472157385171157795e+00 1.978735065386589784e-20 3.434147058679531846e-21
3.472822385170729387e+00 2.825162332166229498e-20 3.380978851568574610e-21
3.473487385170300978e+00 8.295250983289655913e-21 3.337723947195552780e-21
3.474152385169872570e+00 1.461885878645946642e-20 3.654306590563720224e-21
3.474817385169444162e+00 3.135628782788691113e-20 3.507612086232973597e-21
3.475482385169015753e+00 2.655023544106102187e-20 3.538395856157833877e-21
3.476147385168587345e+00 4.338993344878986882e-20 3.340474514506057729e-21
3.476812385168158936e+00 4.015381042890054752e-20 3.301926457927656731e-21
3.477477385167730528e+00 2.704996084973416496e-20 3.488714526514408532e-21
3.478142385167302120e+00 1.966908615324547846e-20 5.710306837779254359e-21
3.478807385166873711e+00 3.583143226529747296e-20 7.246085903527964860e-21
3.479472385166445303e+00 1.675644804706678628e-20 6.891627037099990170e-21
3.480137385166016895e+00 2.458705469466032914e-20 7.653080567565334483e-21
3.480802385165588486e+00 2.558902243638457383e-20 7.373999416640085745e-21
3.481467385165160078e+00 2.169374894927800562e-20 1.020398797127716218e-20
3.482132385164731669e+00 2.859404720578703015e-20 8.341563242450097965e-21
3.482797385164303261e+00 2.750322918256564018e-20 5.514360755377299824e-21
3.483462385163874853e+00 3.407333836651131913e-20 4.283820812810362941e-21
3.484127385163446444e+00 8.744412148067778926e-20 3.487862650734669670e-21
3.484792385163018036e+00 2.335709485785893149e-20 3.393879792075784471e-21
3.485457385162589627e+00 6.965974381310222207e-21 3.531994587658089751e-21
3.486122385162161219e+00 1.759476136229001446e-20 3.254788918931505813e-21
3.486787385161732811e+00 5.117964832302545182e-20 3.239739809097180352e-21
3.487452385161304402e+00 3.045468636091915087e-20 3.639223826418711151e-21
3.488117385160875994e+00 2.204913346759887731e-20 3.643852364177929040e-21
3.488782385160447586e+00 4.107680997455486171e-21 3.423858002513493185e-21
3.489447385160019177e+00 1.759229745801898679e-20 3.382316610698416343e-21
3.490112385159590769e+00 2.874306108184263086e-20 4.233121996972924387e-21
3.490777385159162360e+00 1.886749219090484616e-20 3.721233819806452773e-21
3.491442385158733952e+00 5.227949726486710112e-20 3.445670423790105016e-21
3.492107385158305544e+00 3.277251137049037523e-20 3.442839053545822272e-21
3.492772385157877135e+00 4.366995336697934686e-20 3.388764672334162522e-21
3.493437385157448727e+00 1.938245076384946793e-20 3.523129497437548880e-21
3.494102385157020318e+00 3.035522395213306871e-20 3.273520435961322308e-21
3.494767385156591466e+00 2.318216074983343249e-20 3.554292020000107488e-21
3.495432385156163058e+00 1.226640141804378776e-20 3.361841518877277505e-21
3.496097385155734649e+00 3.091488552140334333e-20 3.687920470937666856e-21
3.496762385155306241e+00 2.033983023272630697e-20 3.596240288854158473e-21
3.497427385154877832e+00 1.110891572495084240e-20 3.323202239592077891e-21
3.498092385154449424e+00 2.595838934272263817e-20 3.429608824744003075e-21
3.498757385154021016e+00 3.207758717574725219e-20 3.346088664571897912e-21
3.499422385153592607e+00 3.029871676414619020e-20 3.363560378945258800e-21
3.500087385153164199e+00 2.651844530724631281e-20 3.372970789981984007e-21
3.500752385152735791e+00 1.339668486753312580e-20 3.317653498020888139e-21
3.501417385152307382e+00 9.876046910521367719e-21 3.191752300401648520e-21
3.502082385151878974e+00 2.612254232032768306e-20 3.424354820693193079e-21
3.502747385151450565e+00 -3.009382666418808876e-22 3.558982115888949093e-21
3.503412385151022157e+00 2.153427126178045676e-20 3.510614664700168932e-21
3.504077385150593749e+00 2.412877973537802730e-20 3.813523078100011883e-21
3.504742385150165340e+00 2.111155911535457704e-20 3.672857770289982222e-21
3.505407385149736932e+00 5.483572230548983823e-20 3.496285391668015614e-21
3.506072385149308523e+00 2.677756065732915263e-20 3.534829425279741626e-21
3.506737385148880115e+00 2.425181233398379903e-20 3.336811674356270274e-21
3.507402385148451707e+00 4.974205217517465369e-20 3.430746547168036120e-21
3.508067385148023298e+00 4.157044306440962327e-20 3.250917308891152193e-21
3.508732385147594890e+00 5.928939602545264476e-20 3.838140360270856851e-21
3.509397385147166482e+00 5.289895243613119401e-21 4.278216000167571970e-21
3.510062385146738073e+00 9.534591643406584795e-21 3.344986276849249385e-21
3.510727385146309665e+00 2.742324459984650566e-20 3.503702787056839762e-21
3.511392385145881256e+00 4.191607983393863715e-20 3.505512820431582427e-21
3.512057385145452848e+00 4.293119783315097376e-20 3.330979689834262157e-21
3.512722385145024440e+00 4.313526108541996581e-20 3.452666031250035949e-21
3.513387385144596031e+00 1.614434335795972206e-20 3.378643597463842169e-21
3.514052385144167623e+00 1.770166465101168324e-20 3.433916964756812896e-21
3.514717385143739214e+00 5.677682712608350622e-20 3.285966011861283150e-21
3.515382385143310806e+00 5.097714237601952387e-20 3.387618137412341554e-21
3.516047385142882398e+00 2.649550370819730334e-20 3.350898587915020560e-21
3.516712385142453989e+00 2.648790384418709134e-20 3.907553855726610659e-21
3.517377385142025581e+00 4.228175622340084284e-20 3.708619401412828177e-21
3.518042385141597173e+00 2.352495676399916030e-20 3.501129617391357899e-21
3.518707385141168764e+00 2.939483765528696779e-20 3.211019631006361872e-21
3.519372385140740356e+00 2.612757750845445720e-20 3.366987599894243492e-21
3.520037385140311947e+00 3.364749251080304929e-20 3.489957347154643010e-21
3.520702385139883539e+00 4.253936697210779377e-20 3.678530069476701293e-21
3.521367385139455131e+00 3.030407368028289801e-20 3.664000886412184349e-21
3.522032385139026722e+00 1.614849854053070796e-20 3.850716691033889447e-21
3.522697385138598314e+00 3.257888633824095391e-20 3.835307919340486006e-21
3.523362385138169905e+00 1.238087384122740027e-20 3.818462846402381784e-21
3.524027385137741497e+00 3.536653896386125557e-20 3.632504523718631536e-21
3.524692385137313089e+00 2.896952279207950456e-20 3.351084310954851453e-21
3.525357385136884680e+00 3.785006974318121811e-20 3.152523893122501875e-21
3.526022385136456272e+00 3.104087784983671087e-20 3.409113255975511479e-21
3.526687385136027864e+00 9.049277859110582583e-21 3.284979237469030401e-21
3.527352385135599455e+00 3.679504423271115031e-21 3.143017522510600717e-21
3.528017385135171047e+00 2.929534233237190043e-20 3.268716221968214154e-21
3.528682385134742638e+00 1.690736562092603561e-20 3.281107209679567327e-21
3.529347385134314230e+00 7.040381665810550943e-21 3.416644951835457051e-21
3.530012385133885822e+00 2.550117480531014178e-20 3.123775447395269514e-21
3.530677385133457413e+00 2.081033707488867635e-20 3.357381762029138774e-21
3.531342385133029005e+00 1.537733884916461954e-20 3.185204738872964184e-21
3.532007385132600596e+00 -8.511062737799390286e-22 3.354780643762746603e-21
3.532672385132172188e+00 7.790215230695200948e-21 3.157247822940944055e-21
3.533337385131743780e+00 -4.784521621867700571e-22 3.121965044719296317e-21
3.534002385131315371e+00 1.380928903719889366e-20 3.422247227789513890e-21
3.534667385130886963e+00 2.540480122086569526e-20 3.354659754998003040e-21
3.535332385130458555e+00 4.107105597447734484e-20 3.153494910799370645e-21
3.535997385130030146e+00 2.414933307372088650e-20 3.249002722038060290e-21
3.536662385129601738e+00 9.040034454494038448e-21 3.548145292610620528e-21
3.537327385129173329e+00 1.554940684596422358e-21 3.458144350111221220e-21
3.537992385128744921e+00 -3.698836012621241025e-21 3.222669464911968006e-21
3.538657385128316513e+00 4.725343254719295973e-21 3.409863205416661606e-21
3.539322385127888104e+00 3.553794340046946734e-20 3.371695215618319795e-21
3.539987385127459696e+00 4.362874142536381077e-20 3.401154918510752941e-21
3.540652385127031287e+00 2.916285533231238630e-20 3.467484830144787251e-21
3.541317385126602879e+00 2.761057605635651135e-20 3.416090784121727831e-21
3.541982385126174471e+00 2.852135858005599478e-20 3.207729970464705590e-21
3.542647385125746062e+00 5.926196268474292616e-20 3.447912622122863621e-21
3.543312385125317654e+00 2.827880289381417576e-20 3.041497991566318500e-21
3.543977385124889246e+00 3.797784983998978658e-20 3.322772341527725082e-21
3.544642385124460837e+00 3.879776824847058376e-20 3.263186608017025352e-21
3.545307385124032429e+00 3.625657467069087350e-20 3.268389938020140299e-21
3.545972385123604020e+00 1.943916133132675837e-20 7.436933838619870916e-21
3.546637385123175612e+00 3.147649515664070506e-20 7.282386777622805804e-21
3.547302385122747204e+00 3.456802950539926670e-20 3.857795843224017267e-21
3.547967385122318795e+00 3.748906988169227807e-20 3.513915273359518076e-21
3.548632385121890387e+00 3.093471362539290203e-20 3.411632392750255446e-21
3.549297385121461978e+00 3.257168587534651100e-20 3.332941460046460536e-21
3.549962385121033570e+00 2.926274187607650666e-20 3.446482866865738780e-21
3.550627385120605162e+00 3.715746433269353799e-20 3.405290018179054236e-21
3.551292385120176753e+00 4.630606131782150244e-20 3.203757833112536216e-21
3.551957385119748345e+00 3.293714074855118547e-20 3.234296841583488897e-21
3.552622385119319937e+00 2.591960481473264695e-20 3.402157206378768607e-21
3.553287385118891528e+00 1.374237549096730493e-20 3.397750199111027553e-21
3.553952385118463120e+00 2.241688136143487258e-20 3.169218526313014551e-21
3.554617385118034711e+00 2.912048329555659594e-20 3.296760464690415193e-21
3.555282385117606303e+00 3.348438750161031084e-20 3.474843907661720487e-21
3.555947385117177895e+00 3.956435140760288951e-20 3.515401744181306813e-21
3.556612385116749486e+00 2.818076508421108162e-20 3.390150595495962291e-21
3.557277385116321078e+00 3.890618355184098193e-20 3.623982190125728473e-21
3.557942385115892669e+00 2.479467556503651699e-20 3.290929861486290706e-21
3.558607385115464261e+00 5.318558190030880335e-20 3.558748025470934493e-21
3.559272385115035853e+00 1.355838073656649080e-20 3.495642120392072403e-21
3.559937385114607444e+00 3.206913994435371114e-20 3.241709116880375032e-21
3.560602385114179036e+00 1.260337153715208626e-20 3.291265736846720025e-21
3.561267385113750628e+00 4.591998612790703524e-20 3.244653723716364994e-21
3.561932385113322219e+00 4.999504734972640549e-20 3.451406692575994913e-21
3.562597385112893811e+00 6.786641442073963397e-20 3.333778444718065001e-21
3.563262385112465402e+00 3.249985323455475773e-20 3.571554779764788931e-21
3.563927385112036994e+00 2.335827652563875619e-20 3.549623738248270933e-21
3.564592385111608586e+00 9.549045983972791843e-21 3.532097441108934554e-21
3.565257385111180177e+00 2.504212710019735700e-20 3.938034169970797577e-21
3.565922385110751769e+00 3.521427267296503669e-20 3.567507811892112227e-21
3.566587385110323360e+00 3.355680431137687832e-20 3.368440005482507516e-21
3.567252385109894952e+00 3.565151375684427483e-20 3.348381040392970788e-21
3.567917385109466544e+00 1.625075197531072676e-20 3.333483199586981408e-21
3.568582385109038135e+00 7.218835022872349154e-21 3.212236233942620049e-21
3.569247385108609727e+00 4.963612134409980170e-20 3.391700700421221029e-21
3.569912385108181319e+00 3.178266418606861376e-20 3.563647067268160306e-21
3.570577385107752910e+00 2.042429609105695807e-20 3.450553824953820306e-21
3.571242385107324502e+00 1.851623728827532514e-20 4.344407363889710810e-21
3.571907385106896093e+00 1.117657959414674325e-20 3.977674039746567713e-21
3.572572385106467685e+00 2.526849219984374719e-20 3.462835822016284120e-21
3.573237385106039277e+00 3.004644285314703297e-20 3.397173356664492091e-21
3.573902385105610868e+00 1.187677866963240562e-20 3.527971549901970076e-21
3.574567385105182460e+00 1.876091191288502952e-20 3.462966405129829290e-21
3.575232385104754051e+00 5.038943402387614429e-20 3.341875293035192610e-21
3.575897385104325643e+00 5.052343302417199802e-20 3.312635501532883615e-21
3.576562385103897235e+00 3.432699282653793826e-20 3.219907036007732337e-21
3.577227385103468826e+00 2.136211313312440002e-20 3.369290107754135297e-21
3.577892385103040418e+00 8.941757810039974642e-21 3.286834701970767830e-21
3.578557385102612010e+00 3.778475307385933559e-20 3.544914953583234594e-21
3.579222385102183601e+00 3.250027046336624127e-20 3.441481288323827178e-21
3.579887385101755193e+00 3.557190122202949397e-20 3.743434631194243497e-21
3.580552385101326784e+00 3.543398430662664404e-20 3.510210464609787344e-21
3.581217385100898376e+00 2.155020368895622234e-20 3.475723973994072464e-21
3.581882385100469968e+00 2.413800318019564293e-20 3.502364821758152377e-21
3.582547385100041559e+00 9.544366924781019154e-22 3.445899033068744653e-21
3.583212385099613151e+00 2.974959691993922921e-20 3.715708716498893968e-21
3.583877385099184743e+00 4.238191415713284225e-20 3.395383900686708966e-21
3.584542385098756334e+00 2.109887439551365647e-20 3.398784998478809278e-21
3.585207385098327926e+00 1.623053815033455790e-20 3.935023152803894163e-21
3.585872385097899517e+00 1.758263541450229415e-20 5.063477966224398375e-21
3.586537385097471109e+00 2.987910781633175429e-20 4.351096297848272787e-21
3.587202385097042701e+00 4.570540378205123726e-20 9.896003250624476932e-21
3.587867385096614292e+00 6.323786892390060511e-20 8.160848991892211907e-21
3.588532385096185884e+00 5.625815475445695029e-20 7.680864524445670825e-21
3.589197385095757475e+00 4.172257609598072885e-20 8.146057891999749719e-21
3.589862385095329067e+00 3.022634570198546975e-20 4.135805697949459348e-21
3.590527385094900659e+00 3.781097843633855970e-20 3.698039590728454396e-21
3.591192385094472250e+00 6.625425598655215867e-21 3.127984602082832476e-21
3.591857385094043842e+00 1.865702598731401543e-20 3.314655972611722953e-21
3.592522385093615434e+00 2.991347855254327221e-20 3.551125908096384855e-21
3.593187385093187025e+00 4.819308137270736121e-20 3.426838608180021052e-21
3.593852385092758617e+00 1.318697390584166478e-20 3.320294254353119712e-21
3.594517385092330208e+00 1.467619093787574402e-20 3.438640030545846921e-21
3.595182385091901800e+00 3.255310588449814170e-20 3.444707966736501092e-21
3.595847385091473392e+00 5.420361642094658945e-21 3.152412701138115311e-21
3.596512385091044983e+00 4.757002262212591616e-21 3.740943690633003797e-21
3.597177385090616575e+00 1.003027067835334098e-20 3.175187635385277772e-21
3.597842385090188166e+00 4.503196285338621503e-21 3.241824574646662053e-21
3.598507385089759758e+00 4.551909232956992447e-20 3.497160397976127710e-21
3.599172385089331350e+00 3.443084649496964745e-20 3.016759629493215332e-21
3.599837385088902941e+00 3.060421866349395311e-20 3.448102596024720756e-21
3.600502385088474533e+00 1.730210770683743915e-20 3.304839469937943221e-21
3.601167385088046125e+00 3.895789766161101636e-20 3.552837717135538724e-21
3.601832385087617716e+00 2.858863539783226902e-20 3.253364130346228040e-21
3.602497385087189308e+00 3.932997587847343950e-20 3.738686548396549220e-21
3.603162385086760899e+00 4.325230623718736400e-20 5.235710838253217393e-21
3.603827385086332491e+00 5.069284339361906275e-20 3.359050693030740594e-21
3.604492385085904083e+00 2.758449266995934874e-20 3.343859438370143679e-21
3.605157385085475674e+00 3.695180144098283795e-20 3.503705026800462708e-21
3.605822385085047266e+00 2.038765053087295644e-20 3.069380153925869803e-21
3.606487385084618857e+00 3.212355832059317196e-20 3.091025287678152752e-21
3.607152385084190449e+00 3.381618011087057151e-20 3.329308760664912650e-21
3.607817385083762041e+00 3.901520234398595885e-20 3.204090323665746031e-21
3.608482385083333632e+00 1.666293028290102597e-20 5.387764660184304197e-21
3.609147385082905224e+00 4.709645220301262095e-20 5.248377549949350980e-21
3.609812385082476816e+00 2.407652145732350464e-20 5.025477437530805233e-21
3.610477385082048407e+00 9.855278398909169493e-21 3.166430476252847773e-21
3.611142385081619999e+00 2.579679918520132496e-20 3.117514718089736903e-21
3.611807385081191590e+00 3.867287992955602676e-20 3.371010066085753552e-21
3.612472385080763182e+00 2.111800585707064197e-20 3.509999569331876451e-21
3.613137385080334774e+00 3.277763164693271198e-20 3.277097973399204764e-21
3.613802385079906365e+00 7.416622529847406090e-21 3.205481434787821890e-21
3.614467385079477957e+00 1.997178707246170761e-20 3.344284475133318669e-21
3.615132385079049548e+00 3.067540226727290216e-20 3.370308495905519102e-21
3.615797385078621140e+00 1.411889506584118186e-20 3.371993605373429331e-21
3.616462385078192732e+00 2.625828503943029824e-20 3.787231861191171796e-21
3.617127385077764323e+00 1.913801347149468474e-20 4.139045189245182676e-21
3.617792385077335915e+00 2.989739775197319249e-20 3.476573463880635696e-21
3.618457385076907507e+00 1.669050337330977367e-20 3.504652512837335790e-21
3.619122385076479098e+00 -1.198223962056456081e-20 4.827674200209304869e-21
3.619787385076050690e+00 6.597748183783115195e-21 5.778276534293254958e-21
3.620452385075622281e+00 -3.090250755812951058e-20 5.597835966516786833e-21
3.621117385075193873e+00 -2.940211543499348349e-20 4.928350282434835144e-21
3.621782385074765465e+00 2.117929862896254177e-20 3.255541445972081971e-21
3.622447385074337056e+00 4.733914577515115988e-20 3.466351115718768764e-21
3.623112385073908648e+00 4.018311609807345530e-20 3.328637075927630402e-21
3.623777385073480239e+00 3.306105316584294675e-20 3.258662645838507535e-21
3.624442385073051831e+00 2.513547903128043247e-20 3.422950096233141055e-21
3.625107385072623423e+00 2.308267158654005680e-20 3.571308559799181949e-21
3.625772385072195014e+00 3.007791779377898289e-20 3.454732570387987930e-21
3.626437385071766606e+00 2.808259833733335929e-20 3.535211947962595407e-21
3.627102385071338198e+00 5.113925657753939781e-21 3.131101166001972442e-21
3.627767385070909789e+00 3.351050028747094242e-20 3.358496714616512135e-21
3.628432385070481381e+00 3.313181756489351588e-20 3.162940275387790770e-21
3.629097385070052972e+00 4.538773725798974659e-20 3.111720843924232816e-21
3.629762385069624564e+00 3.718737223323874492e-20 3.316423545578110562e-21
3.630427385069196156e+00 2.626057547418414813e-20 3.316374198914304578e-21
3.631092385068767747e+00 2.912342198385104266e-20 3.199565430167194761e-21
3.631757385068339339e+00 3.752937300613771637e-20 3.050748521808299757e-21
3.632422385067910930e+00 2.210110322238343564e-20 3.356980011186795012e-21
3.633087385067482522e+00 9.683842682603208464e-21 3.259420611851355512e-21
3.633752385067054114e+00 2.734541891678515441e-20 3.219493537613974508e-21
3.634417385066625705e+00 2.855861069638430927e-20 3.311459642002921225e-21
3.635082385066197297e+00 2.815672246011774798e-20 3.310414825147128998e-21
3.635747385065768889e+00 4.349870571497107796e-20 3.106518935845719965e-21
3.636412385065340480e+00 2.278862812592364342e-20 3.522174001595532690e-21
3.637077385064912072e+00 1.136105142833760916e-20 3.732717064064862046e-21
3.637742385064483663e+00 1.581414616448273169e-20 3.245648154018082313e-21
3.638407385064055255e+00 5.403324264344304469e-20 3.063082197393727525e-21
3.639072385063626847e+00 1.645950932441549869e-20 3.230904880275189341e-21
3.639737385063198438e+00 1.314510004788059427e-20 3.060039490035363296e-21
3.640402385062770030e+00 1.296866699812459143e-20 3.388014981558656356e-21
3.641067385062341621e+00 1.936597039617501168e-20 3.364339853175977344e-21
3.641732385061913213e+00 4.141778705368963698e-20 3.173062633270145107e-21
3.642397385061484805e+00 4.215223061345914936e-20 2.984646704933116404e-21
3.643062385061056396e+00 4.029031241397350066e-20 3.221612966971432426e-21
3.643727385060627988e+00 3.458761928409095583e-20 3.199326622901710516e-21
3.644392385060199580e+00 2.926638447693075429e-20 3.366086852200261927e-21
3.645057385059771171e+00 2.286473926880441547e-20 3.332309793852556235e-21
3.645722385059342763e+00 3.310931662920501448e-20 3.363004283528229901e-21
3.646387385058914354e+00 2.818359354010385711e-20 3.175981579279823734e-21
3.647052385058485946e+00 1.666114564037102328e-20 3.205700059912982527e-21
3.647717385058057538e+00 2.116263302808183590e-20 3.245363763519557056e-21
3.648382385057629129e+00 2.301286514865467069e-20 3.323742360947180369e-21
3.649047385057200721e+00 1.433233965872723521e-20 3.342949418706454071e-21
3.649712385056772312e+00 5.086415735471627012e-20 3.215723339641372591e-21
3.650377385056343904e+00 3.437770693244837967e-20 3.234859432497617525e-21
3.651042385055915496e+00 3.083196847558755377e-20 3.352544628364519968e-21
3.651707385055487087e+00 4.166935995802189673e-20 3.263909077687079903e-21
3.652372385055058679e+00 7.781841961156883943e-21 3.249131167477379886e-21
3.653037385054630271e+00 2.641144591358518060e-20 3.401243154246715411e-21
3.653702385054201862e+00 1.543807547973995952e-20 3.166176768005564086e-21
3.654367385053773454e+00 3.273033674197898545e-20 3.531611653534762451e-21
3.655032385053345045e+00 4.760149159853796314e-20 3.398483828579924770e-21
3.655697385052916637e+00 2.350130529048218582e-20 3.483271974167878956e-21
3.656362385052488229e+00 3.092364295684336215e-20 3.190259734323302073e-21
3.657027385052059820e+00 4.298377449737663185e-20 2.998651223061189031e-21
3.657692385051631412e+00 2.418009730929421616e-20 3.586624346084856286e-21
3.658357385051203003e+00 1.816587899414320809e-20 3.188532873693368861e-21
3.659022385050774595e+00 2.793029908296749717e-20 3.271357114048813631e-21
3.659687385050346187e+00 7.998009834633892983e-21 3.188280562452046068e-21
3.660352385049917778e+00 1.457711811967672604e-20 3.199439453815413877e-21
3.661017385049489370e+00 2.236943390894339105e-20 3.156543726933625277e-21
3.661682385049060962e+00 6.052410105014032329e-20 3.863439292748950247e-21
3.662347385048632553e+00 2.124942486356086198e-20 4.663572811440628495e-21
3.663012385048204145e+00 1.589104416387370716e-20 4.163133224623429370e-21
3.663677385047775736e+00 3.088617488824913222e-20 3.440931641323843873e-21
3.664342385047347328e+00 1.728869858520877305e-20 3.029860906449847290e-21
3.665007385046918920e+00 2.679038608329057704e-20 3.065249623457860904e-21
3.665672385046490511e+00 3.343525362126579249e-20 3.167847481932073458e-21
3.666337385046062103e+00 6.613326434534170422e-21 3.390359072939457124e-21
3.667002385045633694e+00 2.563748989616599012e-21 3.427681738209494449e-21
3.667667385045205286e+00 1.888872376160222604e-20 3.262881553256240648e-21
3.668332385044776878e+00 2.362792628275723731e-20 3.785932518947052023e-21
3.668997385044348469e+00 1.966024921000130029e-20 3.342571423715952983e-21
3.669662385043920061e+00 1.583241740022542354e-20 3.491395557827888065e-21
3.670327385043491653e+00 2.649511845934865445e-20 3.369499686767103647e-21
3.670992385043063244e+00 3.547974975032483367e-20 2.878521081284427141e-21
3.671657385042634836e+00 2.284873203944804634e-20 3.088826689903182413e-21
3.672322385042206427e+00 2.313165971235858685e-20 3.211359273226808718e-21
3.672987385041778019e+00 4.040514270754959396e-20 3.313118367716899315e-21
3.673652385041349611e+00 3.798744671316930103e-20 3.317675920283935194e-21
3.674317385040921202e+00 3.184160150581530113e-20 3.535255924433057483e-21
3.674982385040492794e+00 1.166992122926279595e-20 2.949322092093254307e-21
3.675647385040064385e+00 3.267944698764277180e-20 3.141299375370317685e-21
3.676312385039635977e+00 2.058051575612072067e-20 3.153814921790540988e-21
3.676977385039207569e+00 3.849905682170086947e-21 3.464340835962771675e-21
3.677642385038779160e+00 1.487157857312236786e-20 3.825708555420354075e-21
3.678307385038350752e+00 3.116921135559507928e-20 3.028301552377809003e-21
3.678972385037922344e+00 5.336201132423161032e-20 2.861140894853016993e-21
3.679637385037493935e+00 3.034504308580735694e-20 3.037848087172910330e-21
3.680302385037065527e+00 2.609550931863234533e-20 7.616967515284385275e-21
3.680967385036637118e+00 2.399965315823319482e-20 6.335594894953970634e-21
3.681632385036208710e+00 3.890477900549092590e-20 7.876116472464610681e-21
3.682297385035780302e+00 2.127069412988324140e-20 6.525518846360941772e-21
3.682962385035351893e+00 3.302761673860884594e-20 3.401642138852446522e-21
3.683627385034923485e+00 3.769151801965569137e-20 3.125873004656473671e-21
3.684292385034495076e+00 4.920939514752283009e-20 3.112742107204148835e-21
3.684957385034066668e+00 2.448674071791335130e-20 3.470824101734367301e-21
3.685622385033638260e+00 2.664996832928828951e-20 3.257277584427712209e-21
3.686287385033209851e+00 2.619492555447739509e-20 3.241868986243868626e-21
3.686952385032781443e+00 1.549370210015375676e-20 2.941564087143885092e-21
3.687617385032353035e+00 2.349409116274617653e-20 3.294674832568014359e-21
3.688282385031924626e+00 3.039200093968917955e-20 1.022589485453971710e-20
3.688947385031496218e+00 1.425638977038781175e-20 7.691030354377601110e-21
3.689612385031067809e+00 3.283574392197776078e-20 3.377789708097404496e-21
3.690277385030639401e+00 2.051021678001536019e-20 3.405902830889156684e-21
3.690942385030210993e+00 3.666163661848666037e-20 3.332040780631222187e-21
3.691607385029782584e+00 1.466850679816589342e-20 3.629129239176171470e-21
3.692272385029354176e+00 4.040635061533752758e-20 3.573959988063126880e-21
3.692937385028925767e+00 2.589235048487317115e-20 3.532440226813012312e-21
3.693602385028497359e+00 2.526873823321344528e-20 3.343916389527478277e-21
3.694267385028068951e+00 3.072945015784790088e-20 3.312663049957263871e-21
3.694932385027640542e+00 2.231355972945785030e-20 3.364507902189198432e-21
3.695597385027212134e+00 1.384937746587612594e-20 3.260339296894172722e-21
3.696262385026783726e+00 1.255936469695340211e-20 2.965575702661462948e-21
3.696927385026355317e+00 1.119224379476540305e-20 3.233432910610070084e-21
3.697592385025926909e+00 3.203955092397257546e-20 3.448235676402401594e-21
3.698257385025498500e+00 2.421965959152117372e-20 3.403221889119078567e-21
3.698922385025070092e+00 2.499289902901110418e-20 3.203322079935707834e-21
3.699587385024641684e+00 6.895008023432242532e-21 3.264978877068525219e-21
3.700252385024213275e+00 -3.371276099232296396e-21 3.197407734761299484e-21
3.700917385023784867e+00 2.164161573647812939e-20 3.893721714465338222e-21
3.701582385023356458e+00 2.611931704318251698e-20 3.796825288036399327e-21
3.702247385022928050e+00 3.891964484009860250e-20 4.313933454357112120e-21
3.702912385022499642e+00 2.339118912446358788e-20 3.570474278472938772e-21
3.703577385022071233e+00 1.374029100848511657e-20 3.129370879643449824e-21
3.704242385021642825e+00 9.136290263693981823e-21 3.263741737443303927e-21
3.704907385021214417e+00 1.027608723715732154e-20 3.027963615872769288e-21
3.705572385020786008e+00 1.836178810933479103e-20 2.802082606114599915e-21
3.706237385020357600e+00 4.313143141500965368e-20 3.104277230868069046e-21
3.706902385019929191e+00 3.626488653689483190e-20 3.309039184555934003e-21
3.707567385019500783e+00 3.987325041717464342e-20 3.116113692765835782e-21
3.708232385019072375e+00 2.835168791077481191e-20 3.313543762909980244e-21
3.708897385018643966e+00 2.376114697142472581e-20 3.039513597225220216e-21
3.709562385018215558e+00 2.398688100848291294e-20 3.223941671252944841e-21
3.710227385017787149e+00 2.317593391035969687e-20 3.369595988655687411e-21
3.710892385017358741e+00 2.804621549330661538e-20 4.452388789118353144e-21
3.711557385016930333e+00 1.867926987652509123e-20 4.650254056121844453e-21
3.712222385016501924e+00 3.896028113464631696e-20 4.861162890620120506e-21
3.712887385016073516e+00 3.839503224102732335e-20 4.311998587095560581e-21
3.713552385015645108e+00 3.002658944685374711e-20 3.676184188526891264e-21
3.714217385015216699e+00 9.732193293642199437e-21 4.090288365988835299e-21
3.714882385014788291e+00 4.511512734948102747e-21 3.150252058436049683e-21
3.715547385014359882e+00 2.624578819612178891e-20 3.348704019070039269e-21
3.716212385013931474e+00 2.990506663603217183e-20 3.364367563040342073e-21
3.716877385013503066e+00 1.983480623502146880e-20 3.328046868491992367e-21
3.717542385013074657e+00 1.905961903222284638e-20 3.557794729556076228e-21
3.718207385012646249e+00 1.573298004746099425e-20 2.119457143540964051e-20
3.718872385012217840e+00 5.217058810890590466e-20 3.411239792836943477e-21
3.719537385011789432e+00 3.519439288042165738e-20 3.195970700060557984e-21
3.720202385011361024e+00 2.643072643557936145e-20 3.991504670260184843e-21
3.720867385010932615e+00 2.949046748359032566e-20 3.749530239866276063e-21
3.721532385010504207e+00 5.049289050209919539e-20 3.383763199693769280e-21
3.722197385010075799e+00 2.967544162179871244e-20 3.533952702935685935e-21
3.722862385009647390e+00 2.675300323286446515e-20 3.227858827361098328e-21
3.723527385009218982e+00 2.975161490377982990e-20 3.511460869569085946e-21
3.724192385008790573e+00 2.764827122060779728e-20 3.577958265787442857e-21
3.724857385008362165e+00 2.711666277591721424e-20 3.429576391479746146e-21
3.725522385007933757e+00 2.269560083117304392e-20 3.420194174976189321e-21
3.726187385007505348e+00 1.852260704377359711e-20 3.111244096333078002e-21
3.726852385007076940e+00 3.755452210296682737e-20 3.193478871734132972e-21
3.727517385006648531e+00 4.745535636224278103e-20 3.297979673565369352e-21
3.728182385006220123e+00 1.611402464708876243e-20 3.454745375144998747e-21
3.728847385005791715e+00 3.150124602500128654e-20 1.201958459719568219e-20
3.729512385005363306e+00 3.550331179862924195e-20 1.611847572871761895e-20
3.730177385004934898e+00 5.306402328539977361e-20 1.009771004151190715e-20
3.730842385004506490e+00 1.478305494757557940e-20 3.168859433008215744e-21
3.731507385004078081e+00 1.484695205021912563e-20 3.332489791714407780e-21
3.732172385003649673e+00 2.300914243483321075e-20 3.215439179325353247e-21
3.732837385003221264e+00 2.062151782095150903e-20 3.048924084326925112e-21
3.733502385002792856e+00 8.301165137460131300e-21 3.185713151814714586e-21
3.734167385002364448e+00 2.243153180755506329e-20 3.114546014858174422e-21
3.734832385001936039e+00 3.301463257045678071e-20 3.156825284315469692e-21
3.735497385001507631e+00 3.319870805992959777e-20 3.282831477205626011e-21
3.736162385001079222e+00 9.786224265179843160e-21 2.962043100346435943e-21
3.736827385000650814e+00 1.745320928068311938e-20 3.272424896390131518e-21
3.737492385000222406e+00 1.343121867919255136e-20 3.269419757863642525e-21
3.738157384999793997e+00 -8.375851613684160421e-22 3.034880368134127529e-21
3.738822384999365589e+00 3.451359905480904370e-20 3.308100040338628490e-21
3.739487384998937181e+00 1.126086676871380890e-20 3.504552162225892918e-21
3.740152384998508772e+00 2.482309734927091787e-20 3.790849963489071483e-21
3.740817384998080364e+00 2.265812281245612477e-20 3.769185337165661035e-21
3.741482384997651955e+00 4.448876964514504567e-20 4.100617304557883908e-21
3.742147384997223547e+00 1.840763118366790499e-20 3.279890817310923877e-21
3.742812384996795139e+00 2.686685396608035469e-20 3.535216043796393118e-21
3.743477384996366730e+00 3.743288466206953056e-20 3.195853427038075524e-21
3.744142384995938322e+00 2.087821708103558864e-20 3.205124812867132444e-21
3.744807384995509913e+00 2.259592562751237820e-20 3.268507720052751680e-21
3.745472384995081505e+00 1.382620563630048714e-20 3.175637041867153557e-21
3.746137384994653097e+00 4.407329204739602366e-20 3.398969252043460823e-21
3.746802384994224688e+00 4.355519951624273197e-20 3.462978089833738064e-21
3.747467384993796280e+00 3.050643576812242383e-20 3.073957595978771039e-21
3.748132384993367872e+00 4.021605121985970138e-20 3.669717126979451541e-21
3.748797384992939463e+00 3.739935942320520352e-20 3.156884986266900258e-21
3.749462384992511055e+00 3.620177523288936447e-20 3.111734661111108762e-21
3.750127384992082646e+00 2.705258092531052344e-20 3.434615538379950196e-21
3.750792384991654238e+00 1.852763001518879469e-20 3.285732598567738809e-21
3.751457384991225830e+00 6.565576597184178561e-20 3.048035039623821582e-21
3.752122384990797421e+00 2.416064295893106874e-20 3.364536263876682481e-21
3.752787384990369013e+00 2.608701640729824589e-20 3.217982632394449271e-21
3.753452384989940604e+00 2.016233601729049231e-20 2.978085914383303065e-21
3.754117384989512196e+00 4.891777657033835546e-20 2.995081509800858116e-21
3.754782384989083788e+00 2.957601325790706788e-20 2.990430586701279238e-21
3.755447384988655379e+00 2.627820359110920839e-20 3.014286700948241782e-21
3.756112384988226971e+00 4.889582596552077741e-20 3.275537653756855688e-21
3.756777384987798563e+00 4.261701103777199906e-20 3.217125041256046891e-21
3.757442384987370154e+00 2.012592067369301939e-20 3.264139793510903195e-21
3.758107384986941746e+00 7.442123425199487463e-21 3.269189567042505163e-21
3.758772384986513337e+00 3.350962864114630732e-20 3.135238385281846344e-21
3.759437384986084929e+00 4.061772839968454340e-20 3.259407507794170263e-21
3.760102384985656521e+00 3.270898345005593995e-20 3.188637622638292174e-21
3.760767384985228112e+00 1.959295168124374121e-20 2.940272721044293286e-21
3.761432384984799704e+00 3.063041285613849771e-20 2.985857407979789522e-21
3.762097384984371296e+00 1.739268659577757104e-20 3.378255698107700086e-21
3.762762384983942887e+00 2.058371079610382918e-20 3.178430929871087399e-21
3.763427384983514479e+00 4.151224774435392615e-20 3.011481155940151667e-21
3.764092384983086070e+00 2.356405742413447235e-20 2.916923118974234923e-21
3.764757384982657662e+00 4.134821214555202320e-20 2.961886367599163360e-21
3.765422384982229254e+00 6.728982243679034633e-20 3.066842974348712291e-21
3.766087384981800845e+00 4.563135992768476509e-20 3.221268357488909068e-21
3.766752384981372437e+00 3.516497876794594745e-20 4.249602206735362788e-21
3.767417384980944028e+00 4.354513611629707173e-20 4.533175729610220416e-21
3.768082384980515620e+00 5.930513616107147464e-20 4.405254127297145973e-21
3.768747384980087212e+00 1.788026835933814466e-20 4.255392557985871217e-21
3.769412384979658803e+00 3.238151403209894902e-20 3.140143626680561994e-21
3.770077384979230395e+00 2.533456912355081610e-20 3.105194651411871919e-21
3.770742384978801987e+00 2.680962243801791867e-20 3.103540832420512659e-21
3.771407384978373578e+00 3.486183498957687267e-20 3.206573200303060347e-21
3.772072384977945170e+00 1.106064671995679028e-20 3.378694798057330882e-21
3.772737384977516761e+00 2.713197130585125019e-20 3.266098362675019911e-21
3.773402384977088353e+00 1.371399678147427089e-20 3.200335926671001262e-21
3.774067384976659945e+00 3.168578260523683620e-21 3.276146910412932048e-21
3.774732384976231536e+00 1.548813543716703969e-20 3.345555740778604498e-21
3.775397384975803128e+00 2.088637910466763342e-20 3.085333341753121056e-21
3.776062384975374719e+00 1.737633048696489001e-20 3.142038349658389663e-21
3.776727384974946311e+00 3.129841604940549604e-20 3.316224969603848423e-21
3.777392384974517903e+00 3.954193071146089948e-20 8.272093000326481163e-21
3.778057384974089494e+00 3.302959929941881132e-20 1.457726313595781195e-20
3.778722384973661086e+00 2.950548056275043468e-20 3.453093605589919146e-21
3.779387384973232678e+00 2.692862741447343118e-20 3.281472631805013665e-21
3.780052384972804269e+00 2.692690925788169359e-20 3.061742208379961891e-21
3.780717384972375861e+00 1.841875190236538260e-20 3.210030880048930063e-21
3.781382384971947452e+00 3.606685664908764108e-20 3.154855507909665140e-21
3.782047384971519044e+00 3.309844685873734377e-20 3.272998990678050412e-21
3.782712384971090636e+00 2.237346660900219072e-20 3.107549313801473326e-21
3.783377384970662227e+00 9.381986051403439053e-21 3.274288893709885470e-21
3.784042384970233819e+00 2.724493370846324605e-20 3.270101155186697070e-21
3.784707384969805410e+00 3.290878338879165539e-20 3.056434927000022078e-21
3.785372384969377002e+00 -5.251548743498260457e-21 3.398455073195730932e-21
3.786037384968948594e+00 1.721118272772825965e-20 3.132049162340491029e-21
3.786702384968520185e+00 3.194065308645409503e-20 3.271964738125879933e-21
3.787367384968091777e+00 4.628280975934254829e-20 3.163552177606262860e-21
3.788032384967663369e+00 3.749573127089907052e-20 3.226173703964296999e-21
3.788697384967234960e+00 2.263843947938628355e-20 3.189644728758467973e-21
3.789362384966806552e+00 3.142964293382813863e-20 2.995838262985963514e-21
3.790027384966378143e+00 3.915402754982739458e-20 2.923196885717286871e-21
3.790692384965949735e+00 4.642777886528214103e-20 3.306550002233034084e-21
3.791357384965521327e+00 3.313842704314722367e-21 3.268265291302979363e-21
3.792022384965092918e+00 -7.647780524667881129e-21 3.045672579217606118e-21
3.792687384964664510e+00 1.066867728154800927e-21 3.383612081932346880e-21
3.793352384964236101e+00 1.283775521326223660e-20 3.189820017702264190e-21
3.794017384963807693e+00 9.069275986964112445e-21 3.194613520403958344e-21
3.794682384963379285e+00 2.430898095799155283e-20 3.165093341547874559e-21
3.795347384962950876e+00 2.581269812158558963e-20 2.967475409760414690e-21
3.796012384962522468e+00 2.722573894851728980e-20 3.056779482736100712e-21
3.796677384962094060e+00 2.933473185895171230e-20 3.029988339016322070e-21
3.797342384961665651e+00 3.602549442119773109e-20 3.302736992620590879e-21
3.798007384961237243e+00 3.485447028343700588e-20 3.192821847687816305e-21
3.798672384960808834e+00 1.667267390768011142e-20 3.275322218664409488e-21
3.799337384960380426e+00 4.941907310833209550e-20 3.200961384682072620e-21
3.800002384959952018e+00 2.771003452063205911e-20 3.287188568634538513e-21
3.800667384959523609e+00 3.133284508523005683e-20 3.117548701743500023e-21
3.801332384959095201e+00 3.476764652112310829e-20 3.031090184086315984e-21
3.801997384958666792e+00 4.104373500495764755e-20 2.912541711677111330e-21
3.802662384958238384e+00 1.313751732058358177e-21 3.127419792483142114e-21
3.803327384957809976e+00 1.519901904654726197e-20 3.357559467250971704e-21
3.803992384957381567e+00 3.202593414761735886e-20 3.232947122401406756e-21
3.804657384956953159e+00 2.519515267319602364e-20 2.950554981320854261e-21
3.805322384956524751e+00 2.451835437926634284e-20 3.071812638893629005e-21
3.805987384956096342e+00 1.507627970169648493e-20 3.134873992366574888e-21
3.806652384955667934e+00 2.260520108977817824e-20 3.020374049334168941e-21
3.807317384955239525e+00 2.340553605005617960e-20 2.927005424935977956e-21
3.807982384954811117e+00 2.928786277910430228e-20 2.835439981990931248e-21
3.808647384954382709e+00 5.085133226098418891e-20 2.983420869853087622e-21
3.809312384953954300e+00 3.504661765255914695e-20 3.107655992927873509e-21
3.809977384953525892e+00 2.587842551778190998e-20 3.318696589507005056e-21
3.810642384953097483e+00 1.702661464337997478e-20 3.097681681576810289e-21
3.811307384952669075e+00 4.633745811734445874e-20 3.143515850289279013e-21
3.811972384952240667e+00 5.120721439175737238e-20 3.199774390014884385e-21
3.812637384951812258e+00 4.640509052676876540e-20 3.087091655683546041e-21
3.813302384951383850e+00 2.712655427176440184e-20 2.964121893750184427e-21
3.813967384950955442e+00 4.135609123731553333e-20 3.340546683384745357e-21
3.814632384950527033e+00 3.745536534994951954e-20 3.000627016294277060e-21
3.815297384950098625e+00 4.636800405704890802e-20 3.116897239279081978e-21
3.815962384949670216e+00 4.192035963623039727e-20 3.094186569520075710e-21
3.816627384949241808e+00 3.638875545360725588e-20 3.209650058514197726e-21
3.817292384948813400e+00 4.111850312680383340e-20 3.241616764702936495e-21
3.817957384948384991e+00 3.929238863156013839e-20 3.014429402464183742e-21
3.818622384947956583e+00 3.630758605623846750e-20 3.176719718888918879e-21
3.819287384947528174e+00 4.642410946698834431e-20 3.178079625995578250e-21
3.819952384947099766e+00 6.008814834773794739e-20 3.377211151868539573e-21
3.820617384946671358e+00 4.656066836388290208e-20 3.523140261432045965e-21
3.821282384946242949e+00 3.752014831852646320e-20 3.466928508026044685e-21
3.821947384945814541e+00 4.115098479113951768e-20 3.667318915234786469e-21
3.822612384945386133e+00 4.497599413286890659e-20 3.154727032848511949e-21
3.823277384944957724e+00 3.825073163607203262e-20 3.286451485478520232e-21
3.823942384944529316e+00 4.528547218848044354e-20 3.250351078243239487e-21
3.824607384944100907e+00 3.880978564544392945e-20 3.141714325937488668e-21
3.825272384943672499e+00 2.990421620033033538e-20 3.064812298408817503e-21
3.825937384943244091e+00 4.110862046158724733e-20 3.248784310685208392e-21
3.826602384942815682e+00 2.234087368546176432e-20 4.204716863684289160e-21
3.827267384942387274e+00 1.276483880249399909e-20 3.039662074462297561e-21
3.827932384941958865e+00 1.924393199056313008e-20 3.252649470891812131e-21
3.828597384941530457e+00 4.973823100652948330e-20 3.144337411971554704e-21
3.829262384941102049e+00 1.229151201607395059e-20 3.206853334050832578e-21
3.829927384940673640e+00 1.379525328229299499e-20 3.058676987623961668e-21
3.830592384940245232e+00 5.976584334642201160e-21 2.990766022019668475e-21
3.831257384939816824e+00 7.740204287624695111e-21 3.152756357943775470e-21
3.831922384939388415e+00 9.561345995895146462e-21 3.173790918933996444e-21
3.832587384938960007e+00 2.326645625831912544e-20 3.170968005842917023e-21
3.833252384938531598e+00 5.108249738125837244e-21 3.124182663787993675e-21
3.833917384938103190e+00 8.307669045298227186e-21 3.187120104110711527e-21
3.834582384937674782e+00 2.968839364265767258e-20 2.982007985286515952e-21
3.835247384937246373e+00 4.180135930783980334e-20 2.910843733663324289e-21
3.835912384936817965e+00 1.786040733066043406e-20 3.075367040853936118e-21
3.836577384936389556e+00 3.143954905261871114e-20 3.267385659266038956e-21
3.837242384935961148e+00 1.816100846211014401e-20 3.147298931173118734e-21
3.837907384935532740e+00 2.739938184777844246e-20 3.137572419532825597e-21
3.838572384935104331e+00 4.304890667355303620e-20 3.240212739021424304e-21
3.839237384934675923e+00 2.205807750540944997e-20 4.086897475838715916e-21
3.839902384934247515e+00 3.810324992273847071e-20 8.476321329626725808e-21
3.840567384933819106e+00 9.378858375473048317e-21 6.266198998010337530e-21
3.841232384933390698e+00 4.881364104863838827e-20 3.173635411719861641e-21
3.841897384932962289e+00 1.427448526397830640e-20 3.366968410165890353e-21
3.842562384932533881e+00 5.467184454455138933e-21 3.084050732883896360e-21
3.843227384932105473e+00 3.126629624522926467e-20 3.015339798918150930e-21
3.843892384931677064e+00 4.633996071498365733e-20 3.271890251960270297e-21
3.844557384931248656e+00 2.410236639912332424e-20 3.124333933128904048e-21
3.845222384930820247e+00 3.072979067726499059e-20 2.926048222829868479e-21
3.845887384930391839e+00 4.896843612839554828e-20 3.185234836277589172e-21
3.846552384929963431e+00 3.166384236544989976e-20 3.390240113400995382e-21
3.847217384929535022e+00 4.206150799210240132e-20 2.837358169942359689e-21
3.847882384929106614e+00 3.267104554209505478e-20 3.069423830788596590e-21
3.848547384928678206e+00 3.123312743990555398e-20 3.043458793213353804e-21
3.849212384928249797e+00 2.657809358501272347e-20 3.095692699416792424e-21
3.849877384927821389e+00 4.695226647011097053e-20 3.224793436566861838e-21
3.850542384927392980e+00 3.151622715236244558e-20 3.067286683275494807e-21
3.851207384926964572e+00 4.901371185040558793e-20 3.106929774168757260e-21
3.851872384926536164e+00 5.309291668110246125e-20 3.164625815189344899e-21
3.852537384926107755e+00 3.260355142302986101e-20 3.087956357619039268e-21
3.853202384925679347e+00 3.279089868295373597e-20 3.102141748913614102e-21
3.853867384925250938e+00 1.884922781391831121e-20 2.952793253608624310e-21
3.854532384924822530e+00 4.278326809297103751e-20 3.133142239730336423e-21
3.855197384924394122e+00 4.383494160393832102e-20 3.193512528705993983e-21
3.855862384923965713e+00 3.241420676766803621e-20 3.027672891907921702e-21
3.856527384923537305e+00 6.747185935545356206e-20 3.187973160659279346e-21
3.857192384923108897e+00 5.179248158370287944e-20 3.591060324145250004e-21
3.857857384922680488e+00 4.546281883320701493e-20 3.236215819522889551e-21
3.858522384922252080e+00 5.463058187069258434e-20 3.044123404802000668e-21
3.859187384921823671e+00 3.745877049058314519e-20 3.165180760114049795e-21
3.859852384921395263e+00 1.223599507775525051e-21 3.040687361802721982e-21
3.860517384920966855e+00 2.012329656786013231e-20 3.295520011900780448e-21
3.861182384920538446e+00 3.997197151358736248e-20 3.074721327554200681e-21
3.861847384920110038e+00 9.336926029837757483e-21 3.282554188086940355e-21
3.862512384919681629e+00 3.289658502719318084e-20 2.902345020210771911e-21
3.863177384919253221e+00 3.414525220902748859e-20 3.071687857582541695e-21
3.863842384918824813e+00 3.216642922890304844e-20 3.112979196579456421e-21
3.864507384918396404e+00 6.031997783068207794e-20 2.823216945351741713e-21
3.865172384917967996e+00 4.157663480847146572e-20 2.817982393769768511e-21
3.865837384917539588e+00 2.700277672448542730e-20 2.921335295516254197e-21
3.866502384917111179e+00 1.984766028820200736e-20 3.075386129689169774e-21
3.867167384916682771e+00 3.008764391607497156e-20 3.195953399710543974e-21
3.867832384916254362e+00 4.128509070903600175e-20 2.966276044473905960e-21
3.868497384915825954e+00 2.797699027107905011e-20 3.362095202876475385e-21
3.869162384915397546e+00 3.544636163628919967e-20 3.181354639374928111e-21
3.869827384914969137e+00 3.627702751005804485e-20 3.158527227242946267e-21
3.870492384914540729e+00 3.165568950567352055e-20 3.188709579793652132e-21
3.871157384914112320e+00 2.379542804314027017e-20 3.007586570749864143e-21
3.871822384913683912e+00 3.948953544945977820e-20 3.088837077919536858e-21
3.872487384913255504e+00 3.678781749789523062e-20 3.091111982485084615e-21
3.873152384912827095e+00 3.061743804455532769e-20 3.052139802025087896e-21
3.873817384912398687e+00 3.334957665911759850e-20 3.325003849695824155e-21
3.874482384911970279e+00 4.242479993966528302e-20 3.014564348367091902e-21
3.875147384911541870e+00 4.863531112301114928e-20 3.269983033427925518e-21
3.875812384911113462e+00 5.390484331967199115e-20 3.325384545330228609e-21
3.876477384910685053e+00 4.063664560544508532e-20 3.420780794987717556e-21
3.877142384910256645e+00 3.888643863005605226e-20 3.463382091213581025e-21
3.877807384909828237e+00 3.884641886676876169e-20 3.344879169287532382e-21
3.878472384909399828e+00 2.637648746456199361e-20 3.083809214870400543e-21
3.879137384908971420e+00 4.599294254696905729e-20 3.337640047793060399e-21
3.879802384908543011e+00 6.694932859358450791e-20 3.215851032267194673e-21
3.880467384908114603e+00 5.171462805525965738e-20 3.425434667116839469e-21
3.881132384907686195e+00 2.999010431690284336e-20 3.267418421733862457e-21
3.881797384907257786e+00 3.867922182484924931e-20 3.105281841118930461e-21
3.882462384906829378e+00 2.822078039868467074e-20 3.066594625232848563e-21
3.883127384906400970e+00 2.930016854522927546e-20 3.161176079868942813e-21
3.883792384905972561e+00 2.911992482356884816e-20 3.435910705349112926e-21
3.884457384905544153e+00 2.518980303118095836e-20 3.099870877144737795e-21
3.885122384905115744e+00 3.639175301935295714e-20 2.948333949141580023e-21
3.885787384904687336e+00 4.674443569122273749e-20 3.083908478299379547e-21
3.886452384904258928e+00 5.863316344688242240e-20 3.011338577043264163e-21
3.887117384903830519e+00 4.863352072105036400e-20 3.134772944208113416e-21
3.887782384903402111e+00 4.375861218872005078e-20 3.412844989625492198e-21
3.888447384902973702e+00 6.607114590350962089e-20 3.032058231514410262e-21
3.889112384902545294e+00 7.399238513500356004e-20 3.222715536695664028e-21
3.889777384902116886e+00 6.077129334156274917e-20 2.921423037006185825e-21
3.890442384901688477e+00 5.067761324189769338e-20 3.179225828496889041e-21
3.891107384901260069e+00 4.462647318554799837e-20 3.331014165212563559e-21
3.891772384900831661e+00 3.583165606837097980e-20 3.187343682183302460e-21
3.892437384900403252e+00 4.685167114974226197e-20 3.491830858503465038e-21
3.893102384899974844e+00 5.257519028447710253e-20 3.237176299247583511e-21
3.893767384899546435e+00 6.809573067397507838e-20 3.268088274866618077e-21
3.894432384899118027e+00 7.221192684426592475e-20 3.100368305705289261e-21
3.895097384898689619e+00 5.267236874552840102e-20 2.957952942824492486e-21
3.895762384898261210e+00 3.300039028515241424e-20 3.308152912897617514e-21
3.896427384897832802e+00 3.628214409324469366e-20 3.593803197135818544e-21
3.897092384897404393e+00 2.511536567029184999e-20 4.373405858920240634e-21
3.897757384896975985e+00 2.560671651829740296e-20 5.393372256511015258e-21
3.898422384896547577e+00 3.132946114440277994e-20 1.072733327811507448e-20
3.899087384896119168e+00 3.890703130528470517e-20 3.386170932987972606e-21
3.899752384895690760e+00 3.945415160501954531e-20 2.979673888974313747e-21
3.900417384895262352e+00 4.796447491691038775e-20 3.299599391683108934e-21
3.901082384894833943e+00 1.702559489683446542e-20 3.291852878481750171e-21
3.901747384894405535e+00 3.340078030003781058e-20 3.113829819459548811e-21
3.902412384893977126e+00 5.239679277219567563e-20 2.889692782656235560e-21
3.903077384893548718e+00 6.962075744283209623e-20 3.062845160879538365e-21
3.903742384893120310e+00 5.522414235741834349e-20 3.050298203816044006e-21
3.904407384892691901e+00 4.476142854312125456e-20 3.493263792054831648e-21
3.905072384892263493e+00 2.650537458436312182e-20 3.347450854488675730e-21
3.905737384891835084e+00 2.828013900775171531e-20 3.053342191519096954e-21
3.906402384891406676e+00 4.652903352025158561e-20 3.090399088678885522e-21
3.907067384890978268e+00 4.771673315574492000e-20 3.094052712232808424e-21
3.907732384890549859e+00 3.927842043753651783e-20 3.270022629597665699e-21
3.908397384890121451e+00 4.444647555088849889e-20 3.130496181189837457e-21
3.909062384889693043e+00 3.871268661324196516e-20 3.182899475396205961e-21
3.909727384889264634e+00 6.274293977546780653e-20 3.128270740015342621e-21
3.910392384888836226e+00 5.196028761636096108e-20 3.085386395173525701e-21
3.911057384888407817e+00 6.850375856679076982e-20 3.048091093170510164e-21
3.911722384887979409e+00 6.143767194933904781e-20 3.041934194940563651e-21
3.912387384887551001e+00 5.786947195584220968e-20 3.222887853688039550e-21
3.913052384887122592e+00 4.369191386162035452e-20 3.374775171898705308e-21
3.913717384886694184e+00 4.428445132062413359e-20 3.050828607480580260e-21
3.914382384886265775e+00 6.270441315479988729e-20 3.171039752245024049e-21
3.915047384885837367e+00 5.432511453029714087e-20 2.992882462982259901e-21
3.915712384885408959e+00 3.438198549291530521e-20 2.973711827750767757e-21
3.916377384884980550e+00 5.581138622319777208e-20 3.250285102389646580e-21
3.917042384884552142e+00 6.233246749804136713e-20 3.211140697121186645e-21
3.917707384884123734e+00 7.296271510305818287e-20 3.318449357271673642e-21
3.918372384883695325e+00 5.884461363207084179e-20 3.200583213110744356e-21
3.919037384883266917e+00 5.741853622112200512e-20 3.314976386391648271e-21
3.919702384882838508e+00 2.390042492365541933e-20 3.264399001861507143e-21
3.920367384882410100e+00 3.655987286842633756e-20 3.169581900546292554e-21
3.921032384881981692e+00 3.675628195492706190e-20 3.363976246222073549e-21
3.921697384881553283e+00 2.134671617497701562e-20 3.118049168067857475e-21
3.922362384881124875e+00 5.002785056450060849e-20 3.133164470507611055e-21
3.923027384880696466e+00 4.996627556097162489e-20 3.064973001776048992e-21
3.923692384880268058e+00 4.198180008173955044e-20 3.087212100014928379e-21
3.924357384879839650e+00 6.138130691994893615e-20 3.142126556672129442e-21
3.925022384879411241e+00 4.565952880292799964e-20 3.311815884579036905e-21
3.925687384878982833e+00 6.019590961669537441e-20 3.163972646403504425e-21
3.926352384878554425e+00 6.988863688979564380e-20 3.116565480526139374e-21
3.927017384878126016e+00 5.855838384525864506e-20 3.147083703011192258e-21
3.927682384877697608e+00 4.647329955755465526e-20 3.375945259084178392e-21
3.928347384877269199e+00 4.695065506864370066e-20 3.261179823444791119e-21
3.929012384876840791e+00 4.888982645053291945e-20 1.186692494092604651e-20
3.929677384876412383e+00 5.769571369833800598e-20 1.431089797132106372e-20
3.930342384875983974e+00 4.266754929259367826e-20 3.239855068791838702e-21
3.931007384875555566e+00 6.692838369518315275e-20 3.163977822971329749e-21
3.931672384875127157e+00 8.069908366914337845e-20 3.084383096454922505e-21
3.932337384874698749e+00 9.227160616438119459e-20 7.194612251069902154e-21
3.933002384874270341e+00 4.434666799376548820e-20 3.595461027611568299e-21
3.933667384873841932e+00 3.683165651420638953e-20 5.404796548686593378e-21
3.934332384873413524e+00 4.001061230045016869e-20 3.680442728450796045e-21
3.934997384872985116e+00 1.040449463292390905e-19 3.062080999657321782e-21
3.935662384872556707e+00 5.061333994513342017e-20 3.098109175914863222e-21
3.936327384872128299e+00 4.301925236349670621e-20 3.293632187564201367e-21
3.936992384871699890e+00 3.348369982996712954e-20 3.823275084273375314e-21
3.937657384871271482e+00 2.390381065934149513e-20 4.277795673076199599e-21
3.938322384870843074e+00 4.322019832378096453e-20 4.003221079070239739e-21
3.938987384870414665e+00 4.414767276735334700e-20 3.381147896131567969e-21
3.939652384869986257e+00 3.182171016300592630e-20 3.164497146947552033e-21
3.940317384869557849e+00 2.985106886992360571e-20 3.285352981705155703e-21
3.940982384869129440e+00 2.530739195154276777e-20 3.174190514072424785e-21
3.941647384868701032e+00 1.310341512405202802e-20 3.340719472946228656e-21
3.942312384868272623e+00 1.772622977905972322e-20 2.991221325124890183e-21
3.942977384867844215e+00 1.908231523168362391e-20 3.028440651309128772e-21
3.943642384867415807e+00 2.434764516771327769e-20 3.408736683379974607e-21
3.944307384866987398e+00 1.832231440242977473e-20 3.444520646242446218e-21
3.944972384866558990e+00 -1.136164969537554527e-20 3.367681431263047834e-21
3.945637384866130581e+00 2.039819753791882105e-21 3.033975969649726722e-21
3.946302384865702173e+00 1.483476414137441196e-20 3.103570877052099671e-21
3.946967384865273765e+00 3.756291423826838704e-20 3.015322363571236788e-21
3.947632384864845356e+00 4.248263071246505069e-20 2.881188225844578777e-21
3.948297384864416948e+00 1.612967005792713081e-20 3.164834657280803089e-21
3.948962384863988540e+00 2.612550250408295862e-20 3.394408618548233177e-21
3.949627384863560131e+00 3.143112097047937833e-20 5.237449843262278331e-21
3.950292384863131723e+00 5.302440272566018642e-20 7.681220980302842425e-21
3.950957384862703314e+00 2.545440505778815878e-20 3.507919431718978622e-21
3.951622384862274906e+00 4.143458011843988313e-20 3.635202463347885541e-21
3.952287384861846498e+00 3.513633981220776889e-20 3.053989495130296793e-21
3.952952384861418089e+00 2.583714696570053299e-20 3.196056040409458788e-21
3.953617384860989681e+00 8.363209311745621384e-21 3.190027451573528827e-21
3.954282384860561272e+00 2.213732496555431805e-20 3.163045168485315524e-21
3.954947384860132864e+00 2.276659679613655805e-20 3.156061378682700576e-21
3.955612384859704456e+00 1.788666845494788576e-20 3.287264040404311358e-21
3.956277384859276047e+00 5.187962832495331717e-21 2.931226125815837250e-21
3.956942384858847639e+00 1.809171026337622497e-20 2.919779893615752440e-21
3.957607384858419231e+00 1.257856388058119973e-20 3.019127959957844961e-21
3.958272384857990822e+00 2.172742818583694721e-20 2.861481265092436558e-21
3.958937384857562414e+00 1.713443566958008394e-20 3.132220034597815763e-21
3.959602384857134005e+00 7.981290619182856066e-21 3.422259470653274362e-21
3.960267384856705597e+00 -7.534452211795815823e-22 3.346507106791833295e-21
3.960932384856277189e+00 2.465619808378257543e-20 3.720122659642059130e-21
3.961597384855848780e+00 1.444739287629108354e-20 3.407583291752716799e-21
3.962262384855420372e+00 1.979225806986379826e-20 3.286802422012590555e-21
3.962927384854991963e+00 4.687545117833319356e-20 2.888109549686705531e-21
3.963592384854563555e+00 3.582844420970712811e-20 2.832789231208297541e-21
3.964257384854135147e+00 3.536015806558475220e-20 3.425756218727349756e-21
3.964922384853706738e+00 4.564618099215338600e-20 1.587147191784661575e-20
3.965587384853278330e+00 3.793843033800174803e-20 4.877870452442977065e-20
3.966252384852849922e+00 3.514019021348253422e-20 7.506682826376874117e-21
3.966917384852421513e+00 2.566723991394661529e-20 2.980440698538619996e-21
3.967582384851993105e+00 1.154901189621185735e-20 3.212987037564550749e-21
3.968247384851564696e+00 8.414296181515923736e-21 1.635951340844500815e-20
3.968912384851136288e+00 -1.635230813805346447e-20 5.807318410980027998e-21
3.969577384850707880e+00 2.269687778052310158e-20 2.877316871886898015e-21
3.970242384850279471e+00 4.088522375438646920e-20 2.907687705128453352e-21
3.970907384849851063e+00 3.056715468124317010e-20 2.944476859285816408e-21
3.971572384849422654e+00 2.843681570521421645e-20 3.366542086181398609e-21
3.972237384848994246e+00 4.137207053133765298e-20 3.289266793882517335e-21
3.972902384848565838e+00 4.730311248279515522e-20 3.329051986051536068e-21
3.973567384848137429e+00 5.645152408750939578e-20 4.360811406960005313e-21
3.974232384847709021e+00 6.292538896047182891e-21 4.091676603069941427e-21
3.974897384847280613e+00 -2.497905479109645024e-21 7.063664927329206061e-21
3.975562384846852204e+00 1.185580465663346546e-20 6.342377489644285769e-21
3.976227384846423796e+00 2.022503223709769607e-20 6.273502554032770929e-21
3.976892384845995387e+00 5.779888833102521672e-21 3.005219383975136338e-21
3.977557384845566979e+00 6.041742262734724149e-21 2.903465140253902511e-21
3.978222384845138571e+00 3.060405182034525082e-20 3.005421639156264047e-21
3.978887384844710162e+00 2.153979593570342481e-20 3.058295331936931143e-21
3.979552384844281754e+00 2.308271618158033279e-20 3.269214526454536587e-21
3.980217384843853345e+00 2.280641870860248919e-20 3.066872100412077469e-21
3.980882384843424937e+00 5.454984834880688634e-20 2.823832138206849031e-21
3.981547384842996529e+00 3.910238257315366221e-20 3.248250778062065948e-21
3.982212384842568120e+00 1.673977257866352024e-20 2.944745012455384976e-21
3.982877384842139712e+00 3.394584731053986388e-20 3.087961230690417572e-21
3.983542384841711304e+00 5.074318455737847216e-20 2.779368109683835582e-21
3.984207384841282895e+00 2.211242689366666036e-20 3.039702293007995533e-21
3.984872384840854487e+00 1.039119288609085890e-20 2.919838855259979035e-21
3.985537384840426078e+00 1.934202595088239984e-20 3.273544947878521103e-21
3.986202384839997670e+00 1.905561429241716646e-20 3.193723026120921116e-21
3.986867384839569262e+00 2.887531128562110508e-20 3.166390847891490251e-21
3.987532384839140853e+00 4.053790940905284759e-20 2.967488639408628739e-21
3.988197384838712445e+00 2.732647908252954063e-20 2.915185260293331632e-21
3.988862384838284036e+00 3.741514182210506129e-20 2.943609155525449154e-21
3.989527384837855628e+00 3.353909369353936982e-20 3.183916443548940937e-21
3.990192384837427220e+00 1.990290018973942670e-20 3.220391362111394368e-21
3.990857384836998811e+00 8.125302422220721929e-22 3.024400817526921551e-21
3.991522384836570403e+00 1.530918423068397856e-20 3.867452992278215415e-21
3.992187384836141995e+00 1.476611304262430878e-20 6.601801946183971142e-21
3.992852384835713586e+00 2.686745379952224453e-20 7.419348397853987175e-21
3.993517384835285178e+00 2.224574343978335400e-20 3.763056458589054359e-21
3.994182384834856769e+00 1.526935064767020974e-20 3.136884630623944587e-21
3.994847384834428361e+00 2.121660513331209358e-20 3.104853660070963281e-21
3.995512384833999953e+00 2.792849612030019281e-20 2.957709340446732760e-21
3.996177384833571544e+00 1.222840932917150561e-20 3.309757675303140275e-21
3.996842384833143136e+00 3.983889715864785203e-20 3.028466162311122810e-21
3.997507384832714727e+00 2.983889658575574647e-20 3.297558320636889033e-21
3.998172384832286319e+00 3.073251292191144288e-20 3.032535566559489442e-21
3.998837384831857911e+00 5.326969569799897143e-20 3.464596961255587949e-21
3.999502384831429502e+00 4.845658169322548152e-20 8.347111671186967106e-21
4.000167384831001094e+00 2.745223948364762923e-20 7.848796186533258570e-21
4.000832384830572686e+00 6.410635736341221323e-20 9.095748074850404396e-21
4.001497384830144277e+00 5.070071931769955886e-20 2.057979674706119538e-20
4.002162384829715869e+00 2.602197064984205527e-20 3.282269843549711952e-21
4.002827384829287460e+00 2.230443398626731431e-20 3.052628090578923413e-21
4.003492384828859052e+00 2.841283531444793154e-20 3.047110964336092498e-21
4.004157384828430644e+00 2.243155471120438195e-20 2.832595421297592662e-21
4.004822384828002235e+00 3.388610606822352510e-20 2.871520032565222076e-21
4.005487384827573827e+00 2.980420330299937728e-20 2.983972906028247097e-21
4.006152384827145418e+00 2.401835452740559853e-20 2.773750424197221158e-21
4.006817384826717010e+00 1.656326182140433545e-20 2.920040687891730504e-21
4.007482384826288602e+00 1.413796911648658711e-20 3.001187171931101670e-21
4.008147384825860193e+00 1.377296362836352858e-20 3.127110593657118814e-21
4.008812384825431785e+00 1.454144929103641218e-20 2.975210418822442208e-21
4.009477384825003377e+00 2.958721706852943892e-20 3.067713312388627978e-21
4.010142384824574968e+00 2.845607905753211876e-20 3.015674044983989428e-21
4.010807384824146560e+00 1.079026194002250015e-20 3.149691162752271413e-21
4.011472384823718151e+00 2.039914319823958922e-20 2.910448774922913100e-21
4.012137384823289743e+00 2.628247498841848889e-20 7.519809627984976394e-21
4.012802384822861335e+00 2.500083851453011040e-20 3.450061701738507703e-20
4.013467384822432926e+00 3.284324885371933252e-20 4.034472686049473063e-20
4.014132384822004518e+00 4.148983982785728054e-20 7.072710881831421978e-21
4.014797384821576109e+00 4.837422683142942797e-20 2.905675092728081610e-21
4.015462384821147701e+00 1.972393054074853866e-20 2.961901769697673864e-21
4.016127384820719293e+00 1.806048687118549379e-20 3.266366650912665264e-21
4.016792384820290884e+00 3.687720563318046574e-21 3.402253699812681922e-21
4.017457384819862476e+00 -7.775698517549024997e-21 3.102108322702466809e-21
4.018122384819434068e+00 1.737847854793523841e-20 3.295711045922993134e-21
4.018787384819005659e+00 2.316451406366927536e-20 3.711803795485688130e-21
4.019452384818577251e+00 1.481164356294543876e-20 3.744587354451051829e-21
4.020117384818148842e+00 5.268189527423243910e-20 4.394942609992205878e-21
4.020782384817720434e+00 2.881631233914461382e-20 4.591259026541740805e-21
4.021447384817292026e+00 3.240272353741752480e-20 4.707055139181562834e-21
4.022112384816863617e+00 2.031843002557529023e-20 4.847855264006723281e-21
4.022777384816435209e+00 7.548581226302320527e-21 5.532059216616819683e-21
4.023442384816006800e+00 1.291073538519032987e-20 5.060674342575964465e-21
4.024107384815578392e+00 3.030589575089196145e-20 5.219532466858041248e-21
4.024772384815149984e+00 4.537194263916849422e-20 5.101675113604975063e-21
4.025437384814721575e+00 4.149188306066098645e-20 4.964115398898998534e-21
4.026102384814293167e+00 8.373379356787215148e-21 4.696632608535633134e-21
4.026767384813864759e+00 1.368234181708927725e-20 4.716623354384475225e-21
4.027432384813436350e+00 1.233915653101820518e-20 4.789291477108826691e-21
4.028097384813007942e+00 -1.013979866233735852e-20 5.059043554813277471e-21
4.028762384812579533e+00 -1.941042094384115232e-21 4.652541461037328933e-21
4.029427384812151125e+00 5.161916741399936145e-21 5.190220459901721057e-21
4.030092384811722717e+00 3.251998156501048211e-21 5.967100763084318651e-21
4.030757384811294308e+00 1.490735237349081750e-20 5.921399377786147694e-21
4.031422384810865900e+00 2.030869240808040081e-20 7.571111531800579014e-21
4.032087384810437491e+00 -1.483787318712627461e-20 7.871692537529852116e-21
4.032752384810009083e+00 7.159152217358377701e-20 1.414073650297076046e-20
4.033417384809580675e+00 6.628085800134030316e-20 8.865877458480008959e-21
4.034082384809152266e+00 4.962663655740518860e-20 7.413296779651869796e-21
4.034747384808723858e+00 6.574087732354639573e-20 8.969701054777680383e-21
4.035412384808295450e+00 -2.349837395147492985e-21 6.807521932701414387e-21
4.036077384807867041e+00 2.152952927592649351e-20 6.387648397787585253e-21
4.036742384807438633e+00 2.130056123394668902e-20 6.536277280540484865e-21
4.037407384807010224e+00 1.154586401546807632e-20 6.349512455779190001e-21
4.038072384806581816e+00 4.784858848385103671e-20 7.322037369673292689e-21
4.038737384806153408e+00 1.090616842413472738e-20 6.632567655130370896e-21
4.039402384805724999e+00 2.534587755673227932e-20 7.207397056693365571e-21
4.040067384805296591e+00 3.768269831909696723e-20 1.246431438965499202e-20
4.040732384804868182e+00 2.638804837234843672e-20 1.029626902153050351e-20
4.041397384804439774e+00 5.646542123949827328e-21 6.667355609155112440e-21
4.042062384804011366e+00 5.655453400120345688e-21 6.394420807284372317e-21
4.042727384803582957e+00 -7.580382195121353649e-21 7.042228151913438554e-21
4.043392384803154549e+00 2.487780797089138169e-20 6.856583498542357121e-21
4.044057384802726141e+00 -1.985734982545444428e-20 6.684248542231259748e-21
4.044722384802297732e+00 1.087401510769216152e-20 6.506429183571301820e-21
4.045387384801869324e+00 4.017923276147924529e-20 6.286021902763912696e-21
4.046052384801440915e+00 1.611551146008940871e-20 6.795272108886108031e-21
4.046717384801012507e+00 6.329982824129732542e-21 6.439510829051094230e-21
4.047382384800584099e+00 1.705538655975248277e-20 6.881263441019181288e-21
4.048047384800155690e+00 1.669451985427995622e-20 6.965829145260248702e-21
4.048712384799727282e+00 8.765635341609436750e-21 7.578654357254378997e-21
4.049377384799298873e+00 2.654208688752059778e-20 1.063535596728739247e-20
4.050042384798870465e+00 -1.074680689199980225e-20 9.212713350535542293e-21
4.050707384798442057e+00 -2.218004112315571390e-20 8.474693338290793884e-21
4.051372384798013648e+00 -1.536539570155360219e-20 7.995687103976009983e-21
4.052037384797585240e+00 1.195775729098175441e-21 6.217125901874454725e-21
4.052702384797156832e+00 4.229135145621113476e-21 8.086576407389799084e-21
4.053367384796728423e+00 5.974905800829335977e-21 7.357367388248863623e-21
4.054032384796300015e+00 1.788997294414231794e-20 7.110421394589817817e-21
4.054697384795871606e+00 5.722442815227463971e-20 7.797515614735059973e-21
4.055362384795443198e+00 1.264783889853618716e-20 6.835171378604668562e-21
4.056027384795014790e+00 2.083604503767899165e-20 6.559999486420346779e-21
4.056692384794586381e+00 3.380942434502508216e-20 6.905255113945965045e-21
4.057357384794157973e+00 3.676807474786109249e-20 7.827864632181300695e-21
4.058022384793729564e+00 1.296038236096278740e-20 8.045369154628096775e-21
4.058687384793301156e+00 3.329519224017874159e-20 7.260602984552408160e-21
4.059352384792872748e+00 6.180132259981391749e-20 8.640952364692228237e-21
4.060017384792444339e+00 2.728791950073399323e-20 8.777916349709872102e-21
4.060682384792015931e+00 4.311487513763052376e-20 9.711835427112577642e-21
4.061347384791587523e+00 3.094018580827013431e-20 7.260471057138838716e-21
4.062012384791159114e+00 3.822765846420772690e-20 6.476601534065912186e-21
4.062677384790730706e+00 6.521063002074465142e-20 7.795843722733766617e-21
4.063342384790302297e+00 5.002997729255755910e-20 9.420279925681827638e-21
4.064007384789873889e+00 3.281025500044235079e-20 8.023233631668507381e-21
4.064672384789445481e+00 -2.064500543643379971e-20 5.432757326649219076e-21
4.065337384789017072e+00 -8.333965842077444304e-21 5.925650101236248924e-21
4.066002384788588664e+00 1.092389738727579654e-20 6.392789621746841823e-21
4.066667384788160255e+00 2.807002470506682344e-20 8.105237379890823415e-21
4.067332384787731847e+00 -5.289251277357941680e-21 5.429162674140690244e-21
4.067997384787303439e+00 -5.710104271282742974e-21 4.863505586680635828e-21
4.068662384786875030e+00 1.941458315196990831e-20 6.663413714044922600e-21
4.069327384786446622e+00 5.263021259853923573e-22 4.794630404284333848e-21
4.069992384786018214e+00 -4.569951362713206049e-21 4.041515267826812898e-21
4.070657384785589805e+00 1.297901106045756146e-21 3.870181198338470404e-21
4.071322384785161397e+00 3.074688707932293458e-21 4.316276251128008524e-21
4.071987384784732988e+00 4.604497578150070308e-21 4.679966892388887507e-21
4.072652384784304580e+00 3.978488444745901751e-21 5.464690323107090311e-21
4.073317384783876172e+00 5.766131489247578531e-21 3.888838675770737733e-21
4.073982384783447763e+00 6.489956271731134852e-22 3.366935369972868714e-21
4.074647384783019355e+00 2.832923298351834319e-21 4.680428085101422878e-21
4.075312384782590946e+00 2.268342628924842567e-22 5.888439513782829528e-21
4.075977384782162538e+00 3.544764877934601266e-21 3.363207420045947507e-21
4.076642384781734130e+00 -2.388092915151369848e-21 2.503482216742378023e-21
4.077307384781305721e+00 -2.863316453351742315e-22 2.641428648185476433e-21
4.077972384780877313e+00 -1.209553058992049257e-21 4.375808153502942679e-21
4.078637384780448905e+00 6.217467522139395697e-21 4.041996091044924998e-21
4.079302384780020496e+00 0.000000000000000000e+00 0.000000000000000000e+00
4.079967384779592088e+00 0.000000000000000000e+00 0.000000000000000000e+00
4.080632384779163679e+00 0.000000000000000000e+00 0.000000000000000000e+00
4.081297384778735271e+00 0.000000000000000000e+00 0.000000000000000000e+00
4.081962384778306863e+00 0.000000000000000000e+00 0.000000000000000000e+00
4.082627384777878454e+00 0.000000000000000000e+00 0.000000000000000000e+00
4.083292384777450046e+00 0.000000000000000000e+00 0.000000000000000000e+00
4.083957384777021637e+00 0.000000000000000000e+00 0.000000000000000000e+00
4.084622384776593229e+00 0.000000000000000000e+00 0.000000000000000000e+00
4.085287384776164821e+00 0.000000000000000000e+00 0.000000000000000000e+00
4.085952384775736412e+00 0.000000000000000000e+00 0.000000000000000000e+00
4.086617384775308004e+00 0.000000000000000000e+00 0.000000000000000000e+00
4.087282384774879596e+00 0.000000000000000000e+00 0.000000000000000000e+00
4.087947384774451187e+00 0.000000000000000000e+00 0.000000000000000000e+00
4.088612384774022779e+00 0.000000000000000000e+00 0.000000000000000000e+00
4.089277384773594370e+00 0.000000000000000000e+00 0.000000000000000000e+00
4.089942384773165962e+00 0.000000000000000000e+00 0.000000000000000000e+00
4.090607384772737554e+00 0.000000000000000000e+00 0.000000000000000000e+00
4.091272384772309145e+00 0.000000000000000000e+00 0.000000000000000000e+00
4.091937384771880737e+00 0.000000000000000000e+00 0.000000000000000000e+00
4.092602384771452328e+00 0.000000000000000000e+00 0.000000000000000000e+00
4.093267384771023920e+00 0.000000000000000000e+00 0.000000000000000000e+00
4.093932384770595512e+00 0.000000000000000000e+00 0.000000000000000000e+00
4.094597384770167103e+00 0.000000000000000000e+00 0.000000000000000000e+00
4.095262384769738695e+00 0.000000000000000000e+00 0.000000000000000000e+00
4.095927384769310287e+00 0.000000000000000000e+00 0.000000000000000000e+00
4.096592384768881878e+00 0.000000000000000000e+00 0.000000000000000000e+00
4.097257384768453470e+00 0.000000000000000000e+00 0.000000000000000000e+00
4.097922384768025061e+00 0.000000000000000000e+00 0.000000000000000000e+00
4.098587384767596653e+00 0.000000000000000000e+00 0.000000000000000000e+00
4.099252384767168245e+00 0.000000000000000000e+00 0.000000000000000000e+00
4.099917384766739836e+00 0.000000000000000000e+00 0.000000000000000000e+00
4.100582384766311428e+00 0.000000000000000000e+00 0.000000000000000000e+00
4.101247384765883019e+00 0.000000000000000000e+00 0.000000000000000000e+00
4.101912384765454611e+00 0.000000000000000000e+00 0.000000000000000000e+00
4.102577384765026203e+00 0.000000000000000000e+00 0.000000000000000000e+00
4.103242384764597794e+00 0.000000000000000000e+00 0.000000000000000000e+00
4.103907384764169386e+00 0.000000000000000000e+00 0.000000000000000000e+00
4.104572384763740978e+00 0.000000000000000000e+00 0.000000000000000000e+00
4.105237384763312569e+00 0.000000000000000000e+00 0.000000000000000000e+00
4.105902384762884161e+00 0.000000000000000000e+00 0.000000000000000000e+00
4.106567384762455752e+00 0.000000000000000000e+00 0.000000000000000000e+00
4.107232384762027344e+00 0.000000000000000000e+00 0.000000000000000000e+00
4.107897384761598936e+00 0.000000000000000000e+00 0.000000000000000000e+00
4.108562384761170527e+00 0.000000000000000000e+00 0.000000000000000000e+00
4.109227384760742119e+00 0.000000000000000000e+00 0.000000000000000000e+00
4.109892384760313711e+00 0.000000000000000000e+00 0.000000000000000000e+00
4.110557384759885302e+00 0.000000000000000000e+00 0.000000000000000000e+00
4.111222384759456894e+00 0.000000000000000000e+00 0.000000000000000000e+00
4.111887384759028485e+00 0.000000000000000000e+00 0.000000000000000000e+00
4.112552384758600077e+00 0.000000000000000000e+00 0.000000000000000000e+00
4.113217384758171669e+00 0.000000000000000000e+00 0.000000000000000000e+00
4.113882384757743260e+00 0.000000000000000000e+00 0.000000000000000000e+00
4.114547384757314852e+00 0.000000000000000000e+00 0.000000000000000000e+00
4.115212384756886443e+00 0.000000000000000000e+00 0.000000000000000000e+00
4.115877384756458035e+00 0.000000000000000000e+00 0.000000000000000000e+00
4.116542384756029627e+00 0.000000000000000000e+00 0.000000000000000000e+00
4.117207384755601218e+00 0.000000000000000000e+00 0.000000000000000000e+00
4.117872384755172810e+00 0.000000000000000000e+00 0.000000000000000000e+00
4.118537384754744402e+00 0.000000000000000000e+00 0.000000000000000000e+00
4.119202384754315105e+00 0.000000000000000000e+00 0.000000000000000000e+00
4.119867384753886697e+00 0.000000000000000000e+00 0.000000000000000000e+00
4.120532384753458288e+00 0.000000000000000000e+00 0.000000000000000000e+00
4.121197384753029880e+00 1.971639054920859691e-21 4.021907446499892598e-21
4.121862384752601471e+00 -1.487644153266658585e-20 6.476647602025449738e-21
4.122527384752173063e+00 -5.117610303733837205e-21 3.749363885000034003e-21
4.123192384751744655e+00 8.735289671418130554e-21 4.514750010984892817e-21
4.123857384751316246e+00 1.384286637166084849e-21 2.720455663323389204e-21
4.124522384750887838e+00 -5.058420100478423020e-21 5.159949837056315135e-21
4.125187384750459429e+00 -8.463616030173855256e-23 6.866131936382420277e-21
4.125852384750031021e+00 -1.852789999181872573e-20 6.306927077178791911e-21
4.126517384749602613e+00 -2.146533702262072223e-20 6.926641361924793985e-21
4.127182384749174204e+00 -2.346240166334948168e-20 7.593008360971123855e-21
4.127847384748745796e+00 -1.142326094576508161e-20 6.079706943156636960e-21
4.128512384748317388e+00 1.056685408717465095e-20 9.209548521749263326e-21
4.129177384747888979e+00 -1.842848125981780014e-20 6.107227626574745814e-21
4.129842384747460571e+00 4.429161468751771106e-21 7.260414018916018837e-21
4.130507384747032162e+00 -2.015668800644366480e-20 9.248079933131961509e-21
4.131172384746603754e+00 2.357024147245082612e-20 7.826964127863694008e-21
4.131837384746175346e+00 8.819862580268371389e-20 1.517472312998258433e-20
4.132502384745746937e+00 1.983753274709472973e-20 9.497522680823534487e-21
4.133167384745318529e+00 3.267898620274400782e-20 9.502859110933196262e-21
4.133832384744890120e+00 2.113286111494937471e-20 8.535928046240433408e-21
4.134497384744461712e+00 8.350350864226324892e-21 7.915057191504428084e-21
4.135162384744033304e+00 2.397564261611125452e-20 1.082040035398060361e-20
4.135827384743604895e+00 3.306196327667185811e-20 7.846437730182031322e-21
4.136492384743176487e+00 1.252752325529981946e-20 8.822250303357462541e-21
4.137157384742748079e+00 8.576077768701830894e-21 6.499619308761192347e-21
4.137822384742319670e+00 1.586846670100894513e-20 6.858826218942024638e-21
4.138487384741891262e+00 1.024987607720142666e-20 8.187322475570459703e-21
4.139152384741462853e+00 1.286436740831770386e-20 1.140356856518830844e-20
4.139817384741034445e+00 5.434241515950416600e-20 1.473171496281237975e-20
4.140482384740606037e+00 1.630481248927623878e-20 9.199085474710705137e-21
4.141147384740177628e+00 6.490052264156979301e-21 6.762786203795208032e-21
4.141812384739749220e+00 2.205529608715186819e-21 7.987470477500344580e-21
4.142477384739320811e+00 -1.330666175781644779e-21 7.789933355723059128e-21
4.143142384738892403e+00 3.831006353525336866e-20 9.781177231911407896e-21
4.143807384738463995e+00 6.246143688063012602e-21 7.397558570934467008e-21
4.144472384738035586e+00 4.718370537536888900e-21 9.155791587658977837e-21
4.145137384737607178e+00 3.521906621985838923e-20 7.862396523383529979e-21
4.145802384737178770e+00 3.670548765185113041e-20 7.331655579188764499e-21
4.146467384736750361e+00 3.633602695420333792e-20 8.173395080638770677e-21
4.147132384736321953e+00 7.547576585715135601e-21 7.906667104491720766e-21
4.147797384735893544e+00 1.475857343543631049e-21 8.661781597509115159e-21
4.148462384735465136e+00 3.249645923798407912e-20 7.419114765283128917e-21
4.149127384735036728e+00 4.849048287597590834e-20 1.010751974173859716e-20
4.149792384734608319e+00 2.897929832101888643e-20 7.875880543478549252e-21
4.150457384734179911e+00 3.470588834063716914e-20 9.053067256939488257e-21
4.151122384733751502e+00 3.246602172610757285e-20 8.867607663821006110e-21
4.151787384733323094e+00 9.987077078531343058e-21 8.988866767616535036e-21
4.152452384732894686e+00 -1.420542122318543810e-20 7.267321131816747728e-21
4.153117384732466277e+00 4.521118245473802653e-21 7.856729324659433195e-21
4.153782384732037869e+00 2.649001009814680483e-20 8.333830126184539509e-21
4.154447384731609461e+00 3.009833804831391075e-20 8.132112006700101291e-21
4.155112384731181052e+00 1.326244791742613585e-20 7.297307850469412690e-21
4.155777384730752644e+00 1.302353357557183241e-20 6.281320712118025825e-21
4.156442384730324235e+00 4.580918061839465171e-20 8.268179498036206100e-21
4.157107384729895827e+00 7.059656515978788081e-20 9.607458307419847470e-21
4.157772384729467419e+00 2.790036256345541275e-20 8.668991489548569866e-21
4.158437384729039010e+00 1.858168417602598653e-20 7.492053409048167360e-21
4.159102384728610602e+00 -1.624295382888041244e-20 6.276171907953300403e-21
4.159767384728182193e+00 -2.086719454770550163e-20 7.181106610478332151e-21
4.160432384727753785e+00 2.402091335602332979e-20 7.585910919059710377e-21
4.161097384727325377e+00 2.071465905493628375e-20 7.592158785174082991e-21
4.161762384726896968e+00 -1.779892606567424154e-21 6.804850763511623620e-21
4.162427384726468560e+00 2.064277414078678874e-20 9.319498019522363488e-21
4.163092384726040152e+00 -3.243219432729144475e-21 6.107389657626667663e-21
4.163757384725611743e+00 -5.184935845661371701e-21 6.031890997927939377e-21
4.164422384725183335e+00 1.865709432255695948e-20 6.108375376532822128e-21
4.165087384724754926e+00 2.060075764819855327e-20 7.284642905254170602e-21
4.165752384724326518e+00 1.303809931021645455e-20 7.065861443364587877e-21
4.166417384723898110e+00 1.010678714003734051e-20 6.250347513290011640e-21
4.167082384723469701e+00 1.951380981996314404e-20 6.483560872815267600e-21
4.167747384723041293e+00 4.052889556426639251e-20 1.002804732914423494e-20
4.168412384722612885e+00 5.061635550818269001e-20 9.233116238077881070e-21
4.169077384722184476e+00 3.606242716386040342e-20 7.369409467016094207e-21
4.169742384721756068e+00 -5.212634178367172212e-21 7.758402102417386298e-21
4.170407384721327659e+00 2.571009904937004518e-20 7.387980184378370006e-21
4.171072384720899251e+00 4.042041274692481965e-20 8.244881010899655348e-21
4.171737384720470843e+00 3.543264442734374021e-20 7.320123428385464398e-21
4.172402384720042434e+00 -4.347535726850106102e-21 6.148710872599142962e-21
4.173067384719614026e+00 -1.764772322768310482e-20 5.615542375623139546e-21
4.173732384719185617e+00 3.237470497971066595e-20 7.290952570313750877e-21
4.174397384718757209e+00 4.146310720142628731e-20 6.160458295350207772e-21
4.175062384718328801e+00 1.316808813281211746e-20 5.737590262120181520e-21
4.175727384717900392e+00 1.187582816755200974e-20 5.887182145386500295e-21
4.176392384717471984e+00 7.876558603854868501e-21 6.241129031658513751e-21
4.177057384717043576e+00 -2.119742768333688800e-20 6.203525817066152837e-21
4.177722384716615167e+00 3.345578965969839332e-20 6.274472329746798685e-21
4.178387384716186759e+00 4.242146242962445640e-20 5.820241200465098764e-21
4.179052384715758350e+00 3.160878170523841662e-20 6.343983629778620899e-21
4.179717384715329942e+00 1.897284388598092510e-20 6.071852567534556434e-21
4.180382384714901534e+00 2.044134060176683782e-20 6.616458478653143863e-21
4.181047384714473125e+00 2.494631968741099055e-20 5.195310872086198449e-21
4.181712384714044717e+00 3.181473896648312045e-20 5.478762905829978424e-21
4.182377384713616308e+00 1.760995385765857549e-20 5.142251902292994408e-21
4.183042384713187900e+00 3.361022659679597228e-20 5.121263336977109873e-21
4.183707384712759492e+00 -3.129861971322538357e-21 4.715221520012597075e-21
4.184372384712331083e+00 -7.174664718474432808e-21 4.988388449270286190e-21
4.185037384711902675e+00 -2.695755800080184501e-21 8.454864715680829820e-21
4.185702384711474267e+00 3.150187283901799328e-21 4.870234839707432110e-21
4.186367384711045858e+00 1.828840173599617512e-20 7.402997099845841021e-21
4.187032384710617450e+00 3.771408557762431990e-20 4.894422121581970133e-21
4.187697384710189041e+00 1.640885135754524649e-20 3.976175074092654865e-21
4.188362384709760633e+00 1.234673137698755702e-21 4.033951371383233271e-21
4.189027384709332225e+00 4.105514027425698383e-20 4.154807851247737502e-21
4.189692384708903816e+00 3.110145627421582954e-20 3.679814985154219392e-21
4.190357384708475408e+00 1.875429253679181659e-20 3.798804596878595665e-21
4.191022384708046999e+00 2.571332491649589665e-20 4.037274593737987055e-21
4.191687384707618591e+00 1.841676608271636648e-20 3.807887491391343790e-21
4.192352384707190183e+00 2.703402789730046454e-20 3.853816159524561868e-21
4.193017384706761774e+00 2.969691849831479459e-20 3.924826093178815950e-21
4.193682384706333366e+00 3.939885512653035361e-20 3.889215689006519813e-21
4.194347384705904958e+00 1.943302429597627815e-20 3.958964694743481363e-21
4.195012384705476549e+00 4.087865070211117409e-20 3.658727008259602670e-21
4.195677384705048141e+00 5.080927039480937593e-20 3.693889888811479022e-21
4.196342384704619732e+00 2.112600643136013865e-20 3.763636293875988621e-21
4.197007384704191324e+00 2.422018409524652621e-20 3.616805023167462199e-21
4.197672384703762916e+00 -5.722399653313919770e-21 3.764052423679916933e-21
4.198337384703334507e+00 1.290539595998370608e-20 3.771271963852314722e-21
4.199002384702906099e+00 1.267409563389626711e-20 3.848994569311531892e-21
4.199667384702477690e+00 3.119115472988670507e-20 3.969966759420643315e-21
4.200332384702049282e+00 2.220309680133220253e-20 3.895076166875829974e-21
4.200997384701620874e+00 1.098695637757821038e-20 3.824899208608325240e-21
4.201662384701192465e+00 2.086407667179579907e-20 4.068066219276746614e-21
4.202327384700764057e+00 3.958186044483148390e-20 4.070542903991871811e-21
4.202992384700335649e+00 2.857620556203917347e-20 3.882667833814629663e-21
4.203657384699907240e+00 1.318776075051872291e-20 4.017390920906289743e-21
4.204322384699478832e+00 -1.699361793750309896e-20 4.023209884611396333e-21
4.204987384699050423e+00 3.223710949028368385e-20 3.861706511184178951e-21
4.205652384698622015e+00 4.015620512239591614e-20 3.653018701000304043e-21
4.206317384698193607e+00 2.020968811003037144e-21 4.118827830449837658e-21
4.206982384697765198e+00 -3.579638787342504546e-21 3.846933329849550729e-21
4.207647384697336790e+00 1.624907485304562460e-20 4.132430609333472262e-21
4.208312384696908381e+00 3.574866758184534880e-20 4.082452585272928415e-21
4.208977384696479973e+00 -2.379324184083240569e-23 4.133803151069304173e-21
4.209642384696051565e+00 2.011905489308779000e-20 4.223077142258195306e-21
4.210307384695623156e+00 1.518762125736383622e-20 4.171225230870941826e-21
4.210972384695194748e+00 1.742639243144993194e-20 4.017987024634330853e-21
4.211637384694766340e+00 1.325651661915669304e-21 4.280001556283879533e-21
4.212302384694337931e+00 4.477031387567604608e-21 4.228495177955427441e-21
4.212967384693909523e+00 -5.482213426615590625e-22 4.212414398662443966e-21
4.213632384693481114e+00 3.740252241441324027e-20 4.097760303327612277e-21
4.214297384693052706e+00 4.829860708461621037e-20 4.011619005790791794e-21
4.214962384692624298e+00 -5.594452831461064114e-21 4.670220048073239049e-21
4.215627384692195889e+00 -2.241596130995215472e-21 4.431460313513182108e-21
4.216292384691767481e+00 2.509904988311999955e-20 4.323125199571683269e-21
4.216957384691339072e+00 8.794282805756110963e-21 4.498926761809681095e-21
4.217622384690910664e+00 3.382741908538089270e-20 5.007534748471391089e-21
4.218287384690482256e+00 2.597635926762855404e-20 4.609947600679647102e-21
4.218952384690053847e+00 -1.993535641060182442e-22 4.048114599752961564e-21
4.219617384689625439e+00 -8.285298871040790413e-21 3.961781871082006909e-21
4.220282384689197031e+00 3.128813876346796266e-20 4.120675232965530193e-21
4.220947384688768622e+00 4.843284443976476709e-20 3.836358947461677534e-21
4.221612384688340214e+00 4.183083516064354445e-20 3.951103715531864779e-21
4.222277384687911805e+00 4.281946035445322824e-20 4.405060604357720445e-21
4.222942384687483397e+00 4.697765036345986420e-20 4.375884960270308960e-21
4.223607384687054989e+00 1.894345780689052015e-20 4.168072611270790041e-21
4.224272384686626580e+00 2.519337837526894505e-20 4.193846870042511423e-21
4.224937384686198172e+00 4.281497522845239680e-21 4.139524606407926603e-21
4.225602384685769763e+00 2.437817612392191801e-20 3.807708703493703501e-21
4.226267384685341355e+00 2.139418675657760821e-20 4.107940989885021126e-21
4.226932384684912947e+00 1.777748752950759802e-20 4.198771623053736922e-21
4.227597384684484538e+00 3.325323252772559456e-20 3.851688588999681344e-21
4.228262384684056130e+00 2.314671076953113022e-20 3.747691547796347321e-21
4.228927384683627722e+00 2.124494362877375189e-20 4.058650179389235668e-21
4.229592384683199313e+00 1.581760960845566539e-20 4.145048631976283749e-21
4.230257384682770905e+00 1.981002644172758926e-20 4.062983181877024798e-21
4.230922384682342496e+00 2.712202758076013743e-20 3.794714433996231329e-21
4.231587384681914088e+00 -1.476310172247364014e-20 4.013134028166506831e-21
4.232252384681485680e+00 1.584623558036686864e-20 4.175148818220310219e-21
4.232917384681057271e+00 2.033763342777104292e-20 4.320811868525135284e-21
4.233582384680628863e+00 1.908603482917590847e-20 9.302189946231345706e-21
4.234247384680200454e+00 -1.725074457360129912e-20 7.016866329125334319e-21
4.234912384679772046e+00 3.290616411104064918e-21 4.377108504196154895e-21
4.235577384679343638e+00 1.066172586033608150e-21 4.150950531104273831e-21
4.236242384678915229e+00 3.175552552946945115e-20 6.656788927971611603e-21
4.236907384678486821e+00 4.202881377600113286e-20 4.608008213660708531e-21
4.237572384678058413e+00 2.749435772197537730e-20 4.190506589904627958e-21
4.238237384677630004e+00 2.486424245716241436e-20 4.183890695553419173e-21
4.238902384677201596e+00 1.458102267707786267e-20 4.287059849074048186e-21
4.239567384676773187e+00 2.958252920669279409e-20 4.338159363504792010e-21
4.240232384676344779e+00 2.369010297184671780e-20 4.916252782105680189e-21
4.240897384675916371e+00 3.237946053464160411e-20 4.912731805544319601e-21
4.241562384675487962e+00 1.195304632374258880e-20 3.971511126297280458e-21
4.242227384675059554e+00 3.207753793179772392e-20 4.124893126257501755e-21
4.242892384674631145e+00 4.116627126448694775e-21 4.183716150963783143e-21
4.243557384674202737e+00 -1.447843517924614160e-20 4.329621606111521355e-21
4.244222384673774329e+00 2.857821864710267599e-20 4.421876506341318024e-21
4.244887384673345920e+00 5.413149441780277492e-20 4.397355671385817250e-21
4.245552384672917512e+00 5.210647587788222592e-20 4.623259432946706247e-21
4.246217384672489104e+00 3.184454730244925767e-20 4.664962100193314241e-21
4.246882384672060695e+00 5.889523643104036045e-21 5.140103304785775542e-21
4.247547384671632287e+00 2.132361050861582828e-20 4.763627850753206479e-21
4.248212384671203878e+00 3.262083960592836687e-20 4.574637173741403686e-21
4.248877384670775470e+00 -1.752500625074685131e-21 4.129924401229999511e-21
4.249542384670347062e+00 1.853956018345021761e-20 4.292234250419783859e-21
4.250207384669918653e+00 8.898948176518775715e-21 4.456190535439959129e-21
4.250872384669490245e+00 1.535456944640571366e-20 4.233174611435219625e-21
4.251537384669061836e+00 1.798170896641015390e-20 4.070424067159363838e-21
4.252202384668633428e+00 2.831186385375047166e-20 4.572139578180100000e-21
4.252867384668205020e+00 1.705396995693513684e-20 4.320250178999802859e-21
4.253532384667776611e+00 1.408560563393686616e-20 4.437148834043976368e-21
4.254197384667348203e+00 6.114307220488420131e-20 4.274891533517180986e-21
4.254862384666919795e+00 2.869525338677844514e-20 5.964364987107268418e-21
4.255527384666491386e+00 1.220735349037888604e-20 4.962299699603926262e-21
4.256192384666062978e+00 2.981342433191685074e-20 9.405612740647198952e-21
4.256857384665634569e+00 1.617075327923270761e-20 1.190419039209335341e-20
4.257522384665206161e+00 2.955763321561831048e-21 9.223357171721300193e-21
4.258187384664777753e+00 -5.014422020593660129e-21 5.450165272628521315e-21
4.258852384664349344e+00 2.034890678768990572e-20 4.309338684501021711e-21
4.259517384663920936e+00 -7.088207696173632928e-21 4.216128043109518000e-21
4.260182384663492527e+00 2.899777868768146373e-21 4.147318738721088772e-21
4.260847384663064119e+00 3.177611926508391934e-20 4.247974145340441514e-21
4.261512384662635711e+00 3.994218072351018935e-21 4.372540138691655257e-21
4.262177384662207302e+00 1.418282130617208558e-20 4.499096972599001251e-21
4.262842384661778894e+00 3.264516260645082614e-20 4.883557003066870851e-21
4.263507384661350486e+00 3.167697687823435741e-20 4.355598332163795371e-21
4.264172384660922077e+00 1.322026934422384984e-20 4.319900030588515326e-21
4.264837384660493669e+00 1.233856681753814781e-20 4.585886096916722109e-21
4.265502384660065260e+00 3.512167344378438330e-21 4.483868108199142127e-21
4.266167384659636852e+00 -1.932767873908939389e-21 4.993284701761484928e-21
4.266832384659208444e+00 1.845149966931153675e-20 5.253850133399718711e-21
4.267497384658780035e+00 1.942711862935861370e-20 5.396726316151230213e-21
4.268162384658351627e+00 1.374085931116813141e-21 4.940740631928718334e-21
4.268827384657923218e+00 1.847748031641107018e-20 4.127085742732663324e-21
4.269492384657494810e+00 3.816111292386084356e-20 6.212666927074384343e-21
4.270157384657066402e+00 5.198782365843725403e-20 8.063125106616261959e-21
4.270822384656637993e+00 4.250467365490528882e-20 6.898224799455131744e-21
4.271487384656209585e+00 3.772138514202514224e-20 6.034525383800664115e-21
4.272152384655781177e+00 -1.318510180277974984e-20 4.626076365651415001e-21
4.272817384655352768e+00 4.296364850188275965e-20 4.445232807614085957e-21
4.273482384654924360e+00 2.606929783759068536e-20 4.586275230474978654e-21
4.274147384654495951e+00 1.472185802904987715e-20 4.574830412756952199e-21
4.274812384654067543e+00 2.892229652122071532e-20 4.764544544555179460e-21
4.275477384653639135e+00 2.322923287501437133e-20 4.534083926444691347e-21
4.276142384653210726e+00 2.584816489805075847e-20 4.407139653546112781e-21
4.276807384652782318e+00 3.525679336126084469e-20 4.456447600168440285e-21
4.277472384652353909e+00 2.156709492451814097e-20 4.110828893198113956e-21
4.278137384651925501e+00 2.145023488783476770e-20 4.210531058772615859e-21
4.278802384651497093e+00 1.145685396715083440e-20 4.512802520324414075e-21
4.279467384651068684e+00 1.339479137542793638e-21 4.496898640740426836e-21
4.280132384650640276e+00 1.075536537206185535e-20 4.827632626905019799e-21
4.280797384650211868e+00 2.582720239298919888e-20 4.513176864293339565e-21
4.281462384649783459e+00 3.101159886653654763e-20 4.727290907637442086e-21
4.282127384649355051e+00 7.492947326008141973e-20 4.968767622591029182e-21
4.282792384648926642e+00 4.965475142330309816e-20 4.593767369921880162e-21
4.283457384648498234e+00 1.536912688901169611e-20 4.555401115745855441e-21
4.284122384648069826e+00 1.075757493080925420e-20 6.008373562909527963e-21
4.284787384647641417e+00 2.576255212536098889e-20 4.450661376565762325e-21
4.285452384647213009e+00 -6.958667570866269161e-21 6.445958839222631322e-21
4.286117384646784600e+00 1.874822009543232383e-20 4.742840807740125852e-21
4.286782384646356192e+00 3.758791622573423149e-20 5.403581272451532507e-21
4.287447384645927784e+00 2.059359955384492848e-20 4.546796467311076518e-21
4.288112384645499375e+00 -4.520917483539129874e-21 4.625250814363695537e-21
4.288777384645070967e+00 3.116094904916657618e-20 4.544873031343793671e-21
4.289442384644642559e+00 4.470963668507561977e-20 4.578014420710268606e-21
4.290107384644214150e+00 9.541997247472234364e-21 5.455230234020284232e-21
4.290772384643785742e+00 1.696494171762996608e-20 4.392251917489443000e-21
4.291437384643357333e+00 -1.223193007931470321e-20 3.969925393520946378e-21
4.292102384642928925e+00 3.288386049874202953e-20 4.057396930526451744e-21
4.292767384642500517e+00 2.940436857624114994e-20 4.067509247913151595e-21
4.293432384642072108e+00 -1.799189654475834943e-22 4.874233959072445956e-21
4.294097384641643700e+00 2.212844871720925074e-21 4.699942898356341959e-21
4.294762384641215291e+00 -1.373324354351756123e-20 4.469561482577104650e-21
4.295427384640786883e+00 -7.712694978555567729e-21 4.447581102878523106e-21
4.296092384640358475e+00 3.365517368639135227e-20 4.279557641076680211e-21
4.296757384639930066e+00 4.152875459987559270e-20 4.384048748143996584e-21
4.297422384639501658e+00 3.311108349881935867e-20 4.701825955423700790e-21
4.298087384639073250e+00 2.037682641075396664e-20 4.474778557418442938e-21
4.298752384638644841e+00 2.536886923737884700e-20 4.583916039115452531e-21
4.299417384638216433e+00 2.587898908810143040e-20 4.705773716383767192e-21
4.300082384637788024e+00 -6.790570506627832062e-21 4.031195104237703010e-21
4.300747384637359616e+00 -1.277290908090535282e-20 5.052487281565200961e-21
4.301412384636931208e+00 3.697378036898172078e-20 4.738304045719021998e-21
4.302077384636502799e+00 6.983453537534953641e-20 2.394088190403502432e-20
4.302742384636074391e+00 4.076660148195503467e-20 7.388985269878078499e-21
4.303407384635645982e+00 2.587993550552209655e-20 7.339718114701220049e-21
4.304072384635217574e+00 2.292026406093231954e-20 4.714104580517444254e-21
4.304737384634789166e+00 3.968739683677307163e-20 4.579780804310318752e-21
4.305402384634360757e+00 9.907831404625833858e-22 4.142940374855620867e-21
4.306067384633932349e+00 2.731771547595716378e-20 3.917991626151654429e-21
4.306732384633503941e+00 1.048596692503954231e-20 4.271510665146126777e-21
4.307397384633075532e+00 1.694876580276990983e-20 4.385841610307039391e-21
4.308062384632647124e+00 7.186116088353802252e-21 4.082361493960704359e-21
4.308727384632218715e+00 -2.897218952337292111e-21 4.580977911503342753e-21
4.309392384631790307e+00 1.783900380353683625e-20 4.419711057662984022e-21
4.310057384631361899e+00 -7.708563400438765383e-21 4.512801475464343113e-21
4.310722384630933490e+00 -2.853787382831088346e-20 3.948500581579264150e-21
4.311387384630505082e+00 1.158371393965442705e-20 4.119036514384103728e-21
4.312052384630076673e+00 4.239885997406713196e-20 4.166891168770940595e-21
4.312717384629648265e+00 4.986552312793439126e-20 4.264908360552736276e-21
4.313382384629219857e+00 4.344621878340780903e-20 4.303117408723555994e-21
4.314047384628791448e+00 4.397265371630257767e-20 4.398580219074150306e-21
4.314712384628363040e+00 2.895872699193434872e-20 4.473251893673559430e-21
4.315377384627934632e+00 2.744368100778981499e-20 4.342565358179847485e-21
4.316042384627506223e+00 2.000963089779401697e-20 5.288360528999898079e-21
4.316707384627077815e+00 8.766659650127389687e-21 4.238854049938450306e-21
4.317372384626649406e+00 5.364610834629319407e-21 4.084974606273973030e-21
4.318037384626220998e+00 3.078307330287382726e-20 4.354858610938286289e-21
4.318702384625792590e+00 4.236504201395004630e-20 4.365794505446371219e-21
4.319367384625364181e+00 3.693086921932351760e-20 4.410786046456584764e-21
4.320032384624935773e+00 4.106061841554818356e-20 4.031116321604674609e-21
4.320697384624507364e+00 3.152948134490932809e-20 4.630057899063343954e-21
4.321362384624078956e+00 1.739526189193370008e-20 4.538596129693247137e-21
4.322027384623650548e+00 1.061829170710024979e-20 4.060970930140898407e-21
4.322692384623222139e+00 3.764679734904289403e-21 4.329442401944406789e-21
4.323357384622793731e+00 8.591070229433322018e-21 4.281000543535438946e-21
4.324022384622365323e+00 2.823992370204439731e-20 4.033700328400422070e-21
4.324687384621936914e+00 -6.414367504926883616e-21 4.364512641232046689e-21
4.325352384621508506e+00 1.293982974798953112e-21 4.390329597782988020e-21
4.326017384621080097e+00 1.010121119168868769e-20 4.187209891434288888e-21
4.326682384620651689e+00 -2.298326248475203644e-21 4.713493993679907974e-21
4.327347384620223281e+00 -1.296187058902058261e-20 4.215223067627699570e-21
4.328012384619794872e+00 3.152164123266373761e-21 3.947081948039098234e-21
4.328677384619366464e+00 3.107972418915892541e-20 4.307681061459058993e-21
4.329342384618938055e+00 -3.606250986466414183e-22 4.924810920251017387e-21
4.330007384618509647e+00 2.066833008123138698e-20 4.270432330954288154e-21
4.330672384618081239e+00 -1.230984553197016577e-21 4.093727471876046613e-21
4.331337384617652830e+00 4.358173409707374177e-21 4.591748669191991089e-21
4.332002384617224422e+00 5.166250216345799429e-22 4.336986564586490977e-21
4.332667384616796014e+00 3.477707655690278521e-20 4.214004442946745208e-21
4.333332384616367605e+00 3.569441904640700553e-20 4.212644915937624484e-21
4.333997384615939197e+00 4.665364534517490601e-21 4.458173375899326400e-21
4.334662384615510788e+00 1.275107486039157259e-20 4.200227988241339577e-21
4.335327384615082380e+00 8.884331155974644858e-21 4.320176883720121009e-21
4.335992384614653972e+00 8.360651090799842995e-21 4.102256715068407500e-21
4.336657384614225563e+00 2.253585636525109797e-20 4.025998461253058324e-21
4.337322384613797155e+00 2.517892726540025086e-20 4.001184591053932553e-21
4.337987384613368746e+00 3.403475227078219844e-20 4.287498862113212631e-21
4.338652384612940338e+00 1.019461412225194787e-20 4.084299805018235606e-21
4.339317384612511930e+00 2.107740013787989928e-20 4.480614834502858402e-21
4.339982384612083521e+00 1.129196802517675462e-20 4.132314159733348848e-21
4.340647384611655113e+00 3.085824040820646521e-20 4.265574522709491873e-21
4.341312384611226705e+00 -7.663472675259251259e-21 5.423655677415993311e-21
4.341977384610798296e+00 1.529156326380773132e-21 5.154766348602360780e-21
4.342642384610369888e+00 1.339135429020880760e-20 4.163486194911837227e-21
4.343307384609941479e+00 2.904382815128385125e-20 4.161065308597274760e-21
4.343972384609513071e+00 1.992362581465175796e-20 5.285437950609901846e-21
4.344637384609084663e+00 4.089398543154084994e-20 9.022053300099969049e-21
4.345302384608656254e+00 5.108083359612406215e-20 8.432424450239604081e-21
4.345967384608227846e+00 8.005119884321233799e-20 8.714254766943074437e-21
4.346632384607799438e+00 5.881779489824771797e-20 4.704908142679671683e-21
4.347297384607371029e+00 3.631169372516800718e-20 5.465848167054702316e-21
4.347962384606942621e+00 2.563600672683536687e-20 4.597729115178715776e-21
4.348627384606514212e+00 3.578571558478767506e-21 4.539020271976268406e-21
4.349292384606085804e+00 6.746060768454122743e-21 4.077515650306010327e-21
4.349957384605657396e+00 -2.203431899516876582e-20 4.076527583731420578e-21
4.350622384605228987e+00 -2.108642141540781883e-20 4.633391215136320304e-21
4.351287384604800579e+00 5.865084714736873196e-21 4.379686015912887035e-21
4.351952384604372170e+00 1.789350645312182036e-20 4.318612407594285262e-21
4.352617384603943762e+00 1.645069300160076296e-20 3.989688049981811075e-21
4.353282384603515354e+00 3.044480157712191428e-20 4.360074968113709455e-21
4.353947384603086945e+00 8.045685408031299638e-22 4.145906643083039391e-21
4.354612384602658537e+00 7.761786169055633555e-21 4.357121692310512181e-21
4.355277384602230129e+00 2.766974109553616873e-20 5.705735203651034202e-21
4.355942384601801720e+00 1.498898406553469594e-20 4.555618996172761422e-21
4.356607384601373312e+00 1.660328629155918511e-20 4.864602741621170184e-21
4.357272384600944903e+00 3.781187410591990415e-20 5.029932970746585706e-21
4.357937384600516495e+00 2.714259314803460772e-20 4.657163912017931975e-21
4.358602384600088087e+00 1.161598541955773108e-20 4.855391844337465126e-21
4.359267384599659678e+00 2.413199902601736500e-20 4.754620836865809191e-21
4.359932384599231270e+00 3.998540170404581309e-20 4.392118487999656134e-21
4.360597384598802861e+00 4.115283504687547192e-20 4.192367442463692806e-21
4.361262384598374453e+00 2.626745973104937646e-20 4.137184342153208518e-21
4.361927384597946045e+00 -1.616646514321847954e-21 4.360373698534674236e-21
4.362592384597517636e+00 1.054369588988932312e-20 4.752814127825822499e-21
4.363257384597089228e+00 -2.409869506564028297e-21 4.472813352885011125e-21
4.363922384596660820e+00 1.289402534663934673e-20 4.390527781118950218e-21
4.364587384596232411e+00 3.189438473564408427e-20 4.132710445298633643e-21
4.365252384595804003e+00 4.983939470615582092e-20 4.356022619968446198e-21
4.365917384595375594e+00 1.165911096189261854e-20 3.863417435123631542e-21
4.366582384594947186e+00 9.873851289802170768e-21 4.094584058708565628e-21
4.367247384594518778e+00 4.733308206188687786e-20 4.146394395196416416e-21
4.367912384594090369e+00 2.071599117032471898e-20 4.484145448833294442e-21
4.368577384593661961e+00 1.553595272691175911e-20 4.161027655479320044e-21
4.369242384593233552e+00 9.839668081214154942e-21 6.621799797935501826e-21
4.369907384592805144e+00 1.702529226362286318e-20 5.844750668332734316e-21
4.370572384592376736e+00 4.620455069248942410e-20 6.642453689508056640e-21
4.371237384591948327e+00 2.551030278820335440e-20 4.461167481611069162e-21
4.371902384591519919e+00 3.362704114855181458e-20 5.742515974892500711e-21
4.372567384591091511e+00 3.466601626844841586e-20 5.475503797068392437e-21
4.373232384590663102e+00 5.590460811144042277e-20 4.079947808554674027e-21
4.373897384590234694e+00 1.160640343137196393e-20 4.920186313237972892e-21
4.374562384589806285e+00 2.566719572580659548e-20 5.522323330712624483e-21
4.375227384589377877e+00 3.424227450690232507e-20 4.163243882649717887e-21
4.375892384588949469e+00 -1.181460375930339624e-20 4.331720182967132039e-21
4.376557384588521060e+00 -4.650316876806983342e-21 4.419846430258449666e-21
4.377222384588092652e+00 1.484163410341981084e-20 4.721748898588385013e-21
4.377887384587664243e+00 4.614733551068461800e-20 4.281593832287843170e-21
4.378552384587235835e+00 5.661784684076728712e-20 4.210638995591005904e-21
4.379217384586807427e+00 2.723585508520861467e-20 5.483102165528582685e-21
4.379882384586379018e+00 3.061995697467913000e-20 4.843999055106271105e-21
4.380547384585950610e+00 2.390809007227862712e-20 4.744609719771724730e-21
4.381212384585522202e+00 5.459927356610097091e-21 4.351733885108714550e-21
4.381877384585093793e+00 7.888077951370887587e-21 4.762282705158609538e-21
4.382542384584665385e+00 3.792068123496059484e-21 4.817291011795848327e-21
4.383207384584236976e+00 1.840385501533882009e-20 4.643926034461491118e-21
4.383872384583808568e+00 3.922408861723646006e-20 4.328519786994685673e-21
4.384537384583380160e+00 4.025527865999731883e-21 4.143868863884250010e-21
4.385202384582951751e+00 2.912907326288915397e-21 4.282262808523423365e-21
4.385867384582523343e+00 1.490001060000010997e-20 4.408740073345817500e-21
4.386532384582094934e+00 1.690786029943728959e-20 5.076601020830945017e-21
4.387197384581666526e+00 2.643048787770415454e-20 5.096479552418488074e-21
4.387862384581238118e+00 4.085849265719816905e-20 5.283507445829572782e-21
4.388527384580809709e+00 4.652500217592953367e-20 5.772641392532679950e-21
4.389192384580381301e+00 2.707726492123223222e-20 4.046077034609741207e-21
4.389857384579952893e+00 2.569178526502840767e-20 5.244360081024314064e-21
4.390522384579524484e+00 2.597014385958420765e-20 4.617340353493292372e-21
4.391187384579096076e+00 2.426651426647206281e-20 7.581297684077086498e-21
4.391852384578667667e+00 2.068566376506877902e-21 4.584944449561424807e-21
4.392517384578239259e+00 1.587433882580562673e-20 4.137255548957927605e-21
4.393182384577810851e+00 1.894560194838050511e-20 4.772914165670306178e-21
4.393847384577382442e+00 4.985065325933164309e-20 4.398280047757026196e-21
4.394512384576954034e+00 5.703442378788538190e-20 4.225722634002370098e-21
4.395177384576525625e+00 6.895388752432035498e-21 4.488275433216765323e-21
4.395842384576097217e+00 -9.977999673467522535e-21 5.008637461566593739e-21
4.396507384575668809e+00 5.756600141801884164e-21 4.659522339840273192e-21
4.397172384575240400e+00 5.326581153837025757e-20 5.002790061280924701e-21
4.397837384574811992e+00 2.237966249050774144e-20 4.979219278113805265e-21
4.398502384574383584e+00 8.103005570310116971e-21 4.287302518505745285e-21
4.399167384573955175e+00 1.314813784500282655e-20 4.611701519028109453e-21
4.399832384573526767e+00 9.654253929676888012e-21 4.248052239279901992e-21
4.400497384573098358e+00 1.337987368742757691e-20 4.423343840492528303e-21
4.401162384572669950e+00 2.159829180913063897e-20 4.250504649068105456e-21
4.401827384572241542e+00 2.761733794421081921e-20 4.134141249159583727e-21
4.402492384571813133e+00 2.705461906368464054e-20 4.074069775939102882e-21
4.403157384571384725e+00 2.309532954769276075e-20 4.653364487348747384e-21
4.403822384570956316e+00 2.279008437196752618e-20 4.507369649613528503e-21
4.404487384570527908e+00 1.776328030838302599e-20 4.534769423488110856e-21
4.405152384570099500e+00 2.580814482588678361e-20 4.872812996335319234e-21
4.405817384569671091e+00 3.365643810155306239e-20 4.407575938440677128e-21
4.406482384569242683e+00 6.168538710381477523e-21 4.508007859339823847e-21
4.407147384568814275e+00 8.604945460578411699e-21 4.984860607624247927e-21
4.407812384568385866e+00 3.335565479401353197e-20 4.796792600378430450e-21
4.408477384567957458e+00 2.320211405716685375e-20 4.634419921982966693e-21
4.409142384567529049e+00 7.331611135532421619e-21 4.400391630554548892e-21
4.409807384567100641e+00 3.309520682246459521e-20 4.596210703993456189e-21
4.410472384566672233e+00 4.281900603647948485e-20 4.457414117324925817e-21
4.411137384566243824e+00 2.833704967394913159e-20 4.701482383153939555e-21
4.411802384565815416e+00 4.665189340250913115e-20 4.697005447400520532e-21
4.412467384565387007e+00 2.450030525344782369e-20 4.790099778347654836e-21
4.413132384564958599e+00 3.713091915037794866e-20 4.652886397398901918e-21
4.413797384564530191e+00 4.047912566215509157e-20 4.773116949008159239e-21
4.414462384564101782e+00 3.983641515839574340e-20 4.714295115981968868e-21
4.415127384563673374e+00 4.542887616842688752e-20 4.486620337993959028e-21
4.415792384563244966e+00 2.817240914337788446e-20 4.959334198836015238e-21
4.416457384562816557e+00 6.524494176598455525e-20 6.663351456994671313e-21
4.417122384562388149e+00 4.843864362990265470e-20 4.778413219698664725e-21
4.417787384561959740e+00 6.876514351138242718e-20 4.702683104142626327e-21
4.418452384561531332e+00 3.197283763392022468e-20 4.524073203399829186e-21
4.419117384561102924e+00 1.608093030271677851e-20 4.703883385580673289e-21
4.419782384560674515e+00 3.424472189331600575e-20 4.652884528435183972e-21
4.420447384560246107e+00 6.256605869967832224e-20 4.662808939567758089e-21
4.421112384559817698e+00 3.823877243955378216e-20 4.459911404859306884e-21
4.421777384559389290e+00 2.213116463737222867e-20 4.753708807191255780e-21
4.422442384558960882e+00 1.009893237481813621e-20 4.585879950258808712e-21
4.423107384558532473e+00 2.966003127190763287e-20 4.599754232018879419e-21
4.423772384558104065e+00 1.809866891475422130e-20 4.187052646700053076e-21
4.424437384557675657e+00 4.725218460959644946e-20 4.661555233590791401e-21
4.425102384557247248e+00 1.009292983337909248e-20 4.310770804445803574e-21
4.425767384556818840e+00 2.322363369168341454e-20 4.261848546175313159e-21
4.426432384556390431e+00 2.246458278281061662e-20 4.610919262953319217e-21
4.427097384555962023e+00 -1.355225796872742483e-20 4.521466370101357425e-21
4.427762384555533615e+00 2.147413159176918573e-20 4.161415316518997228e-21
4.428427384555105206e+00 2.268381601322117260e-20 4.330942607342499887e-21
4.429092384554676798e+00 2.031961926308480910e-21 4.753588376413973308e-21
4.429757384554248389e+00 1.829787428483292517e-21 4.668552684384808563e-21
4.430422384553819981e+00 -1.144139445494504943e-20 4.452624054801018318e-21
4.431087384553391573e+00 -1.831446602781264016e-21 4.555058731825218667e-21
4.431752384552963164e+00 2.066858328693308397e-20 4.402552001591374136e-21
4.432417384552534756e+00 3.731182228463946130e-20 4.621158526978981752e-21
4.433082384552106348e+00 7.063301100927160995e-20 4.706249029395611274e-21
4.433747384551677939e+00 6.943626366455682006e-20 4.417583821270417449e-21
4.434412384551249531e+00 3.781801966463388855e-20 4.546454675960841887e-21
4.435077384550821122e+00 9.911166397899737791e-22 4.805461976470824043e-21
4.435742384550392714e+00 2.363728747009500193e-20 4.674226981433820199e-21
4.436407384549964306e+00 4.647741696752716504e-20 4.982518064944219358e-21
4.437072384549535897e+00 2.118240620871732779e-20 4.634200046192949634e-21
4.437737384549107489e+00 1.157400791785149806e-20 4.471103886132297861e-21
4.438402384548679080e+00 2.877947725984490079e-20 4.538612635042088398e-21
4.439067384548250672e+00 1.443096986008311591e-20 4.486217725540954694e-21
4.439732384547822264e+00 2.712640537547660501e-20 4.467825618554789583e-21
4.440397384547393855e+00 2.636276755604459060e-20 4.551503869328070665e-21
4.441062384546965447e+00 2.307892796065364476e-20 4.449381951693062620e-21
4.441727384546537039e+00 3.118554402531107351e-20 4.357400677389461726e-21
4.442392384546108630e+00 3.313428819852554735e-20 4.492724683129806549e-21
4.443057384545680222e+00 -5.766902621005793363e-21 4.316679523208308387e-21
4.443722384545251813e+00 2.846221019040890080e-20 1.508636082486383679e-20
4.444387384544823405e+00 4.621165097718840298e-21 7.638361326314191082e-20
4.445052384544394997e+00 2.618267985497252034e-21 4.836456030148166488e-21
4.445717384543966588e+00 3.388583127714877324e-20 4.923633321272925081e-21
4.446382384543538180e+00 7.093684869365353796e-21 4.201869139461625781e-21
4.447047384543109771e+00 2.978033766194391073e-20 4.613438448012346395e-21
4.447712384542681363e+00 5.410403750566703508e-20 5.007196400911739800e-21
4.448377384542252955e+00 -9.024306899604325045e-22 4.856772113163021726e-21
4.449042384541824546e+00 -4.980135604755058980e-21 4.394887076134441762e-21
4.449707384541396138e+00 -3.561376327018594874e-20 5.122621618730326230e-21
4.450372384540967730e+00 -2.260992082423725229e-20 5.189094509016097990e-21
4.451037384540539321e+00 -2.322256051110383034e-20 5.067923956608999981e-21
4.451702384540110913e+00 1.767881684270576023e-20 4.870372280285619090e-21
4.452367384539682504e+00 1.686689880457640783e-20 4.684518932030018472e-21
4.453032384539254096e+00 -5.074411727778655226e-21 4.727715670256437029e-21
4.453697384538825688e+00 4.458767680785766533e-21 5.041871743423707262e-21
4.454362384538397279e+00 3.205691996419508354e-20 4.484412481874473658e-21
4.455027384537968871e+00 4.343123644192347690e-20 5.473983017775759260e-21
4.455692384537540462e+00 2.900199611949823920e-20 4.466247629600252546e-21
4.456357384537112054e+00 3.918482511762189058e-20 4.606699489559725568e-21
4.457022384536683646e+00 5.265254141898666864e-20 4.458432491351435590e-21
4.457687384536255237e+00 2.194735677387409471e-20 4.316403944726225112e-21
4.458352384535826829e+00 1.527802529282982446e-20 4.312260207338911422e-21
4.459017384535398421e+00 1.487927452426766655e-20 5.196504279272875462e-21
4.459682384534970012e+00 4.551269296056339295e-20 4.572403827015724762e-21
4.460347384534541604e+00 1.750241934542395584e-20 4.704695264848009020e-21
4.461012384534113195e+00 8.247347225362862037e-21 4.330339633424124269e-21
4.461677384533684787e+00 2.834982565028256710e-20 4.362126801934514954e-21
4.462342384533256379e+00 6.292656213221298620e-21 4.646624730803810292e-21
4.463007384532827970e+00 2.017024434450477478e-20 4.727749752896898004e-21
4.463672384532399562e+00 1.907503960375086641e-20 5.045015520569467271e-21
4.464337384531971153e+00 1.130827364656950858e-20 4.716357278457619537e-21
4.465002384531542745e+00 -1.739026001556031092e-20 4.806630947828316747e-21
4.465667384531114337e+00 2.723733500937516398e-20 6.477502349186516034e-21
4.466332384530685928e+00 4.713807866995378309e-20 5.221003796901678442e-21
4.466997384530257520e+00 2.390815996458242948e-20 5.214282341044749080e-21
4.467662384529829112e+00 5.871743628661824584e-20 4.650069124030011822e-21
4.468327384529400703e+00 5.526032787618550534e-20 4.940739030224245699e-21
4.468992384528972295e+00 4.755566154505337695e-20 6.257618722054632726e-21
4.469657384528543886e+00 1.926286834230699217e-20 4.401713284785390316e-21
4.470322384528115478e+00 4.217367237250231939e-20 4.625335311253203704e-21
4.470987384527687070e+00 1.497901444316422316e-20 4.927673793257522103e-21
4.471652384527258661e+00 -6.557700350496074908e-21 4.944701833840257061e-21
4.472317384526830253e+00 1.291379144684437384e-20 4.636374443853895890e-21
4.472982384526401844e+00 2.592945404754548819e-20 5.578065786408832462e-21
4.473647384525973436e+00 1.142844960561749567e-20 4.668925846185974283e-21
4.474312384525545028e+00 8.597620294892903878e-21 5.271920341327744187e-21
4.474977384525116619e+00 -5.411466238396036230e-21 6.466144925300474289e-21
4.475642384524688211e+00 -1.060002028762448749e-21 5.651995055807683592e-21
4.476307384524259803e+00 7.199980204393327762e-21 5.948846431287248814e-21
4.476972384523831394e+00 1.400503511356679005e-20 6.065402251150469862e-21
4.477637384523402986e+00 1.401750553992636711e-20 4.922649624569478897e-21
4.478302384522974577e+00 -3.866093834057440675e-21 7.438017056430275041e-21
4.478967384522546169e+00 -4.215547259639109574e-21 5.688712670347322266e-21
4.479632384522117761e+00 -1.003603310057092224e-20 4.412228983814634777e-21
4.480297384521689352e+00 -1.242602233895494191e-20 4.925272060596840485e-21
4.480962384521260944e+00 8.725449696656328725e-21 5.036202034412319223e-21
4.481627384520832535e+00 1.386164502089548212e-20 5.039648028685370314e-21
4.482292384520404127e+00 6.026160117079690510e-21 9.263604735789552493e-21
4.482957384519975719e+00 4.082590636028548893e-21 4.878069899982582376e-21
4.483622384519547310e+00 1.221869311827383972e-20 4.786585451624261120e-21
4.484287384519118902e+00 3.079714928263929973e-20 4.539116242651663842e-21
4.484952384518690494e+00 1.710829090654179226e-20 5.360430445816902959e-21
4.485617384518262085e+00 1.948116038368657139e-20 4.583018304380237032e-21
4.486282384517833677e+00 -5.818459371021871898e-21 4.489950614060075145e-21
4.486947384517405268e+00 2.322791506107079303e-20 5.275839400068459220e-21
4.487612384516976860e+00 4.981267754228192186e-20 4.740219865234844972e-21
4.488277384516548452e+00 5.996182282536847525e-21 5.258564012949315469e-21
4.488942384516120043e+00 4.461254545697530313e-20 5.486167845535165528e-21
4.489607384515691635e+00 2.817448821848955791e-20 4.360171290022433921e-21
4.490272384515263226e+00 -1.922947505125548293e-20 4.528648744478890333e-21
4.490937384514834818e+00 -2.744992625872427339e-21 4.868288083914539739e-21
4.491602384514406410e+00 1.450859464356931015e-20 4.717422919812802973e-21
4.492267384513978001e+00 1.383252744150284553e-21 5.126374708783932226e-21
4.492932384513549593e+00 2.310547626663830303e-20 5.197595755794953439e-21
4.493597384513121185e+00 2.061216511868973721e-20 5.100913118921103017e-21
4.494262384512692776e+00 3.685110488805853268e-20 6.305553597391310506e-21
4.494927384512264368e+00 3.973780849669933363e-20 4.993539733614782467e-21
4.495592384511835959e+00 2.598472001279309259e-20 5.297016424167020895e-21
4.496257384511407551e+00 5.324190030015689773e-20 4.776146370117707236e-21
4.496922384510979143e+00 6.960175820811641211e-20 4.590453851186868742e-21
4.497587384510550734e+00 4.261132051060381268e-20 4.797168278440675238e-21
4.498252384510122326e+00 2.387577324491710438e-20 5.344828994062696434e-21
4.498917384509693917e+00 -1.786972039321266087e-20 4.910603436613805608e-21
4.499582384509265509e+00 -4.940024290868503354e-21 4.676624649499183232e-21
4.500247384508837101e+00 1.780406083298600557e-20 4.463206055479512168e-21
4.500912384508408692e+00 8.959529706697288541e-21 4.711600097704616353e-21
4.501577384507980284e+00 3.002574029755857485e-20 4.910103380313496872e-21
4.502242384507551876e+00 4.398519244131428956e-20 5.290679814718844704e-21
4.502907384507123467e+00 2.564162724131079091e-20 5.339905377474895501e-21
4.503572384506695059e+00 2.931925509675779233e-20 5.358325936422314007e-21
4.504237384506266650e+00 4.060074045846348155e-20 4.814453237208485242e-21
4.504902384505838242e+00 2.828878730431123806e-20 4.508357231574703517e-21
4.505567384505409834e+00 2.709163962003971113e-21 4.505523844834185740e-21
4.506232384504981425e+00 -1.938545818119181741e-20 4.564491913672030994e-21
4.506897384504553017e+00 1.961922232670484568e-20 4.722507352218643288e-21
4.507562384504124608e+00 5.474542210779829477e-20 4.317197504279291945e-21
4.508227384503696200e+00 3.187562363209783966e-20 4.609924022823692080e-21
4.508892384503267792e+00 1.232466438561099768e-20 4.835532725750350006e-21
4.509557384502839383e+00 3.518120410992472700e-21 5.099432885911570186e-21
4.510222384502410975e+00 2.906600388909230593e-20 4.954568466757048378e-21
4.510887384501982567e+00 3.322648119920377054e-20 5.128382833104679617e-21
4.511552384501554158e+00 -4.227413686126196547e-23 4.658185305079675526e-21
4.512217384501125750e+00 9.488164038763459418e-21 4.819945002926330679e-21
4.512882384500697341e+00 1.627428247047336177e-20 4.834890560546417513e-21
4.513547384500268933e+00 2.723309118686736240e-20 4.407763123689030308e-21
4.514212384499840525e+00 2.643542985605318635e-20 4.840049610522520807e-21
4.514877384499412116e+00 4.396033401030409389e-20 4.632222319157640202e-21
4.515542384498983708e+00 7.084001679860458429e-20 5.149141919195190270e-21
4.516207384498555300e+00 4.816791381958431283e-20 4.310803217348072879e-21
4.516872384498126891e+00 2.158835949989104312e-20 4.832034795430158083e-21
4.517537384497698483e+00 1.565751706595363298e-20 4.624407566209292860e-21
4.518202384497270074e+00 1.859643114702697035e-20 4.360650481332993006e-21
4.518867384496841666e+00 1.299642532180078969e-20 4.834704886095479349e-21
4.519532384496413258e+00 3.613324868573191281e-20 5.058738798074623474e-21
4.520197384495984849e+00 -9.731610397840820776e-21 4.461162219592247575e-21
4.520862384495556441e+00 3.258484882792355794e-20 4.661918759318889434e-21
4.521527384495128032e+00 1.169760772471642987e-20 4.668268183768042896e-21
4.522192384494699624e+00 1.600228552151795456e-20 8.155822124620847876e-21
4.522857384494271216e+00 3.192519383830086170e-20 1.282793325654370496e-20
4.523522384493842807e+00 4.391041512111912613e-21 5.901534527062149993e-21
4.524187384493414399e+00 -3.775637888984251261e-21 4.688715355381828152e-21
4.524852384492985991e+00 8.499784547881044434e-21 5.084037849374460394e-21
4.525517384492557582e+00 2.746981147537551596e-20 4.790541740903879885e-21
4.526182384492129174e+00 2.482606186542784181e-20 4.556578246447885269e-21
4.526847384491700765e+00 2.041926805492593947e-20 4.619419862005365774e-21
4.527512384491272357e+00 1.371389584969555014e-20 4.696660329477102803e-21
4.528177384490843949e+00 -3.453742093843967686e-21 4.629929868604936022e-21
4.528842384490415540e+00 4.144986545474341945e-20 4.477325495519261276e-21
4.529507384489987132e+00 1.010187677300136503e-20 4.527414544656077952e-21
4.530172384489558723e+00 5.167235771733651776e-21 4.748549315292375609e-21
4.530837384489130315e+00 1.343306742890492925e-20 4.821392641599273860e-21
4.531502384488701907e+00 5.515377446460448418e-21 5.135548122328184762e-21
4.532167384488273498e+00 2.945599744325916944e-20 4.819020409359792628e-21
4.532832384487845090e+00 1.804582215143727826e-20 4.876135018532139948e-21
4.533497384487416682e+00 3.072945427236246222e-20 5.154460758933858397e-21
4.534162384486988273e+00 6.687755236564580865e-22 4.694698504112935588e-21
4.534827384486559865e+00 -9.371223967346615777e-21 4.824530655597774488e-21
4.535492384486131456e+00 1.711170113254229360e-20 4.940643315760368588e-21
4.536157384485703048e+00 3.157607302178695317e-20 5.666446522242203590e-21
4.536822384485274640e+00 2.339744616431860293e-20 4.939599816653463350e-21
4.537487384484846231e+00 1.430624692812374276e-20 5.344541206363273122e-21
4.538152384484417823e+00 6.105138768554708686e-20 5.043052139663412166e-21
4.538817384483989414e+00 3.182866059177829691e-20 4.951966702096714968e-21
4.539482384483561006e+00 4.976054892214932270e-20 4.764748874371951501e-21
4.540147384483132598e+00 1.461508321805281960e-20 4.363854574970116603e-21
4.540812384482704189e+00 -3.248513306752901591e-21 4.473751080055252497e-21
4.541477384482275781e+00 1.007331903111196962e-20 4.755203969897071665e-21
4.542142384481847373e+00 2.901019398983623593e-20 7.419306634924679311e-21
4.542807384481418964e+00 2.806661976909666324e-20 6.975681239576919286e-21
4.543472384480990556e+00 4.293819783683438217e-20 1.219758643667769034e-20
4.544137384480562147e+00 -1.807567827184014824e-20 6.348185015949878348e-21
4.544802384480133739e+00 3.017390837906159836e-20 4.845252569716505519e-21
4.545467384479705331e+00 2.012240543176459699e-20 4.344000883486815785e-21
4.546132384479276922e+00 2.760932568428468137e-20 4.525492685275428583e-21
4.546797384478848514e+00 4.551228637454752675e-20 6.019841419606328647e-21
4.547462384478420105e+00 1.779529356314754085e-20 4.806350743616814970e-21
4.548127384477991697e+00 -4.854011335075033125e-21 4.470134675149212712e-21
4.548792384477563289e+00 2.749651219252164421e-20 4.835738180784979137e-21
4.549457384477134880e+00 5.284635439812039891e-20 4.780594969768256443e-21
4.550122384476706472e+00 3.642970017850729820e-20 4.648143864231286448e-21
4.550787384476278064e+00 2.391631586016445588e-20 5.180437457922654127e-21
4.551452384475849655e+00 1.293134992913500004e-20 4.787204411490563190e-21
4.552117384475421247e+00 3.399614278236288870e-20 4.603199815683024641e-21
4.552782384474992838e+00 -1.882843198410502096e-20 4.715340186288336969e-21
4.553447384474564430e+00 4.350964170082900760e-21 4.669972159244502465e-21
4.554112384474136022e+00 3.131891083399545295e-20 4.512047410311393094e-21
4.554777384473707613e+00 5.668451647743214983e-20 4.564349968086210267e-21
4.555442384473279205e+00 6.784354698873509288e-20 4.772316535838515800e-21
4.556107384472850796e+00 4.327522769013415105e-20 4.582768481971862379e-21
4.556772384472422388e+00 4.051650872919269593e-20 5.281481408410370119e-21
4.557437384471993980e+00 7.855611412270797013e-21 4.691229589960904661e-21
4.558102384471565571e+00 -1.472209934075712349e-21 4.940569697833510062e-21
4.558767384471137163e+00 3.552869617050141833e-20 4.905490075176827716e-21
4.559432384470708755e+00 -1.875487267048347695e-21 4.653871451616213836e-21
4.560097384470280346e+00 -8.326194245250355010e-23 5.196039335657301025e-21
4.560762384469851938e+00 2.059505165277782541e-20 4.804908798773545103e-21
4.561427384469423529e+00 3.709079510887790938e-20 5.146307139470165793e-21
4.562092384468995121e+00 3.411356018400971846e-20 5.914266079007276459e-21
4.562757384468566713e+00 -1.275642618193327406e-21 5.080474148518172911e-21
4.563422384468138304e+00 1.532578422896376983e-20 5.383932218366497873e-21
4.564087384467709896e+00 1.852696344380735399e-20 4.761250254871203717e-21
4.564752384467281487e+00 2.045686071389938587e-20 5.337734510432684994e-21
4.565417384466853079e+00 3.536842531043588017e-20 5.225602488800849896e-21
4.566082384466424671e+00 1.957977323747154844e-20 5.236065863264367068e-21
4.566747384465996262e+00 2.974460363152096603e-20 4.783270293466770704e-21
4.567412384465567854e+00 4.335033851885507362e-20 5.389806130165710674e-21
4.568077384465139446e+00 6.690312765270622002e-20 5.698962477326805694e-21
4.568742384464711037e+00 2.254716042621792952e-20 5.564217025546745076e-21
4.569407384464282629e+00 9.800841023636829371e-21 4.876742301554947734e-21
4.570072384463854220e+00 1.629502169090431083e-20 4.896787766547357104e-21
4.570737384463425812e+00 2.348155290707513003e-20 4.990988771803540514e-21
4.571402384462997404e+00 4.094933639940336637e-20 4.987901336933217441e-21
4.572067384462568995e+00 5.513810963642081022e-21 4.644050621834866600e-21
4.572732384462140587e+00 3.300663949640111571e-21 4.817873288596293657e-21
4.573397384461712178e+00 -8.814598465216235347e-21 4.877893464445039012e-21
4.574062384461283770e+00 -2.668314318405069205e-21 4.801617298775286753e-21
4.574727384460855362e+00 5.781628114291764764e-21 5.057066789589446622e-21
4.575392384460426953e+00 1.647027947534060830e-21 5.333923638898853218e-21
4.576057384459998545e+00 -1.104239726987429053e-21 4.755451483162492111e-21
4.576722384459570137e+00 3.986078442458773944e-20 5.445661055629028637e-21
4.577387384459141728e+00 2.591483755634644804e-20 5.513684985983846312e-21
4.578052384458713320e+00 2.920690832340282907e-20 4.874742658539570641e-21
4.578717384458284911e+00 2.642710341464987506e-20 4.989303500738411312e-21
4.579382384457856503e+00 3.116451984863058026e-20 5.120845664437752047e-21
4.580047384457428095e+00 3.292475544933026846e-20 6.298238124020909539e-21
4.580712384456999686e+00 1.313716643692371341e-20 4.888636732095350905e-21
4.581377384456571278e+00 5.553220154169271281e-21 4.838679840508289467e-21
4.582042384456142869e+00 -1.483410009437100020e-20 4.778810305510323635e-21
4.582707384455714461e+00 6.259159366343593194e-20 5.204909694987183717e-21
4.583372384455286053e+00 5.067991710381940355e-20 5.917739600495778947e-21
4.584037384454857644e+00 3.813422537978431398e-20 5.044993368476330222e-21
4.584702384454429236e+00 2.526186022016611600e-20 4.648931125893872080e-21
4.585367384454000828e+00 -7.812742752508481589e-21 5.151519888922855006e-21
4.586032384453572419e+00 -1.706651031050974604e-20 4.487602978495189752e-21
4.586697384453144011e+00 1.740645013347331208e-20 5.191967624565882845e-21
4.587362384452715602e+00 3.666874204528895310e-20 4.968999625670387962e-21
4.588027384452287194e+00 3.691860715432285433e-20 5.201111620292113944e-21
4.588692384451858786e+00 3.997455676746500053e-20 4.926685780243732476e-21
4.589357384451430377e+00 3.818811392313703356e-20 4.902062693540589462e-21
4.590022384451001969e+00 -2.533142006388107580e-20 4.449650049553519257e-21
4.590687384450573560e+00 1.318460590776380018e-21 5.672473261054956715e-21
4.591352384450145152e+00 -2.983246356694230309e-20 5.272855467497611686e-21
4.592017384449716744e+00 3.198178714918053063e-21 5.137268719317918999e-21
4.592682384449288335e+00 5.275065977138412123e-20 5.076117247149533591e-21
4.593347384448859927e+00 4.707702167876168635e-20 4.955057965299597344e-21
4.594012384448431519e+00 3.750273234175521116e-20 4.968875687788566778e-21
4.594677384448003110e+00 1.807538898694448598e-20 4.756278620829003390e-21
4.595342384447574702e+00 1.286740916995904551e-20 5.041113074401800671e-21
4.596007384447146293e+00 -9.857480102230038723e-21 4.596342090141571338e-21
4.596672384446717885e+00 9.652958337585727556e-21 4.669951128135473278e-21
4.597337384446289477e+00 3.037154261809889590e-20 5.009393514632554453e-21
4.598002384445861068e+00 2.569375642659312991e-20 5.140588386748988520e-21
4.598667384445432660e+00 3.313998666636652837e-20 6.269125420185840991e-21
4.599332384445004251e+00 4.365957785506886224e-20 7.710931123016112647e-21
4.599997384444575843e+00 5.530316957545530508e-20 8.162566458268723134e-21
4.600662384444147435e+00 3.802774336749392088e-20 4.655670352648902374e-21
4.601327384443719026e+00 3.573464046361559327e-20 4.570063477146010333e-21
4.601992384443290618e+00 3.696527150684708506e-20 4.853919190159737632e-21
4.602657384442862210e+00 2.004863754031643169e-20 5.343723312161926556e-21
4.603322384442433801e+00 3.659541524610112481e-20 5.004653012803924892e-21
4.603987384442005393e+00 1.587510196541609890e-20 4.888335312119971579e-21
4.604652384441576984e+00 -1.824917255291176650e-20 4.541532273725537379e-21
4.605317384441148576e+00 -4.072218858570380607e-20 4.623938595160940168e-21
4.605982384440720168e+00 -1.329262390885911675e-20 4.799124669628952459e-21
4.606647384440291759e+00 7.339446752194648854e-20 5.666005741761814276e-21
4.607312384439863351e+00 8.076863820943577842e-20 5.363992491354281288e-21
4.607977384439434942e+00 1.904706904652331008e-20 5.307727258628449686e-21
4.608642384439006534e+00 -2.277783847825859628e-20 5.029739718829695171e-21
4.609307384438578126e+00 -1.825948988843368481e-20 5.178712186194966954e-21
4.609972384438149717e+00 2.922174270853662416e-20 4.880305730803036967e-21
4.610637384437721309e+00 1.606206080960713555e-20 5.530420444481874766e-21
4.611302384437292901e+00 -1.665009427055149009e-20 7.090211475245459656e-21
4.611967384436864492e+00 -9.060975024133269838e-21 4.892575967936309123e-21
4.612632384436436084e+00 2.510484708694414989e-20 4.801231325150912371e-21
4.613297384436007675e+00 -1.157022379383353545e-20 4.960535657932984494e-21
4.613962384435579267e+00 -1.037061477033590603e-20 5.227330978912327183e-21
4.614627384435150859e+00 5.626245074257563268e-21 5.143269926779625790e-21
4.615292384434722450e+00 3.593912325341031935e-20 5.396573688518142181e-21
4.615957384434294042e+00 3.695538064335749048e-20 5.012057723607475132e-21
4.616622384433865633e+00 1.899410741670802051e-20 5.129763065050299776e-21
4.617287384433437225e+00 1.573763823612234254e-20 4.846779452138182566e-21
4.617952384433008817e+00 2.319773566439814944e-20 4.772803925729467833e-21
4.618617384432580408e+00 -1.747218791255652600e-20 5.080347921519800128e-21
4.619282384432152000e+00 8.764988791462586651e-21 4.683103915208727907e-21
4.619947384431723592e+00 4.016996363574228056e-20 4.665671779137579150e-21
4.620612384431295183e+00 3.232064879257626058e-20 5.154838487971060562e-21
4.621277384430866775e+00 3.396878683203704872e-20 4.614385557726510667e-21
4.621942384430438366e+00 3.461819779830125761e-20 4.994231026982221958e-21
4.622607384430009958e+00 -7.691015891991250942e-22 4.728042141391287561e-21
4.623272384429581550e+00 1.344943997324275967e-20 5.383649865032035958e-21
4.623937384429153141e+00 1.965857924546471887e-20 4.960125817335463593e-21
4.624602384428724733e+00 1.450537742260100685e-21 4.857384468195974032e-21
4.625267384428296324e+00 2.627478189886519704e-20 5.311014536784519340e-21
4.625932384427867916e+00 -1.422066758663724562e-21 4.669474814968928712e-21
4.626597384427439508e+00 1.018699485057502874e-20 5.183208610706566024e-21
4.627262384427011099e+00 4.332215741603528821e-20 5.001257148518932510e-21
4.627927384426582691e+00 1.134836991834305470e-20 4.921117541425335937e-21
4.628592384426154283e+00 4.465814312199295698e-20 5.187445400844320741e-21
4.629257384425725874e+00 5.425478944257494862e-20 5.010234534768121843e-21
4.629922384425297466e+00 1.960705046236842376e-20 1.188325293300079957e-20
4.630587384424869057e+00 9.901088625340009017e-21 5.894091698268710380e-21
4.631252384424440649e+00 1.031277860610852270e-20 4.696464217938011973e-21
4.631917384424012241e+00 3.509790009739849717e-20 5.140959972240539454e-21
4.632582384423583832e+00 1.857407616297236412e-20 4.855547302313168518e-21
4.633247384423155424e+00 1.819864365937983704e-20 4.814287729985035520e-21
4.633912384422727015e+00 3.672966029415422333e-23 4.959690823698069907e-21
4.634577384422298607e+00 3.758614730492123466e-21 5.601655949739998013e-21
4.635242384421870199e+00 -3.564786093396218165e-21 4.997942993691115581e-21
4.635907384421441790e+00 2.834267637559929020e-20 5.776508779139767944e-21
4.636572384421013382e+00 1.846493046560355282e-20 5.617914233270482650e-21
4.637237384420584974e+00 9.344245809446545056e-21 5.775355024436757495e-21
4.637902384420156565e+00 1.918845227623970953e-20 6.232821509305113202e-21
4.638567384419728157e+00 1.455293121833133622e-20 4.910655572752992232e-21
4.639232384419299748e+00 -1.508709879191699441e-20 5.102170903221011435e-21
4.639897384418871340e+00 4.164793546823828547e-20 5.800647018958075045e-21
4.640562384418442932e+00 2.159307351361876926e-20 4.960697926156502938e-21
4.641227384418014523e+00 3.029384539553079748e-20 5.003526436406335754e-21
4.641892384417586115e+00 6.947000000297126928e-20 5.639445933557513113e-21
4.642557384417157706e+00 -3.011723252645198926e-20 5.723582861478483202e-21
4.643222384416729298e+00 3.518304137867907632e-20 8.467287128647504849e-21
4.643887384416300890e+00 1.188328855574434707e-20 1.227510920953553942e-20
4.644552384415872481e+00 3.099170343508858166e-20 5.571072847741397060e-21
4.645217384415444073e+00 3.361842877035872363e-20 5.229109856269563953e-21
4.645882384415015665e+00 9.322978136031057996e-21 4.982870423497934161e-21
4.646547384414587256e+00 -9.946378796679529312e-21 4.759039569128655993e-21
4.647212384414158848e+00 6.397010293680897145e-21 5.204235758792200089e-21
4.647877384413730439e+00 6.414536968779368144e-21 4.670082316612262791e-21
4.648542384413302031e+00 2.188940280750182386e-20 5.081106274906187206e-21
4.649207384412873623e+00 1.008767244883818880e-21 5.185505888288443789e-21
4.649872384412445214e+00 4.548181784256235082e-21 5.898014813692363253e-21
4.650537384412016806e+00 1.817419054332481567e-20 4.874448934409216727e-21
4.651202384411588397e+00 1.055830251487743814e-20 4.841392955528188994e-21
4.651867384411159989e+00 9.491496962631235717e-21 5.082483668204432374e-21
4.652532384410731581e+00 2.468965824589177972e-20 5.344019472262288074e-21
4.653197384410303172e+00 1.648522272760673161e-20 5.552407495390290982e-21
4.653862384409874764e+00 5.074755989626689944e-20 4.832822488434603665e-21
4.654527384409446356e+00 6.062884839617694370e-21 5.557347719983990830e-21
4.655192384409017947e+00 -1.822090471181170291e-21 4.743753719845548700e-21
4.655857384408589539e+00 -1.651881002400264359e-20 5.101127120332693078e-21
4.656522384408161130e+00 2.435259390913731583e-20 5.495480049044820547e-21
4.657187384407732722e+00 4.097069941122818415e-20 5.443967425206119403e-21
4.657852384407304314e+00 3.344708962242638928e-20 4.790882208824453407e-21
4.658517384406875905e+00 2.576907822288879529e-21 4.838158519554910956e-21
4.659182384406447497e+00 -1.905342816997980380e-20 4.939283384815641857e-21
4.659847384406019088e+00 1.944835385836875814e-21 5.074253838097348092e-21
4.660512384405590680e+00 8.587747013387166177e-21 5.273198284172434215e-21
4.661177384405162272e+00 1.221055620290447360e-20 4.936180516766518720e-21
4.661842384404733863e+00 8.949300343647721705e-21 5.505210386581751902e-21
4.662507384404305455e+00 1.990911609555865754e-20 5.196003807264347555e-21
4.663172384403877047e+00 2.537795431930984935e-21 4.995775574358377439e-21
4.663837384403448638e+00 2.153706033742641080e-20 5.221155656935984146e-21
4.664502384403020230e+00 -6.109099763760039997e-21 6.555080980289891420e-21
4.665167384402591821e+00 3.030879186141082078e-21 6.605478395084507048e-21
4.665832384402163413e+00 2.663016431828516622e-20 6.024105435837185346e-21
4.666497384401735005e+00 2.141254704404006774e-20 5.296847048083199358e-21
4.667162384401306596e+00 3.826665964041105186e-20 5.224011112572591249e-21
4.667827384400878188e+00 1.932730853840260320e-20 4.935450492985474300e-21
4.668492384400449779e+00 2.276162350150066198e-20 5.087408391637392802e-21
4.669157384400021371e+00 -1.570237304162988657e-21 4.878310565503771687e-21
4.669822384399592963e+00 2.902048335851084898e-20 5.391721922771167546e-21
4.670487384399164554e+00 2.918899109644453251e-20 8.338652595996209980e-21
4.671152384398736146e+00 -1.010895086074824508e-20 7.206642565056185008e-21
4.671817384398307738e+00 2.477040550899787740e-22 4.888484728811194457e-21
4.672482384397879329e+00 -1.653624751948289868e-20 4.880101853976813506e-21
4.673147384397450921e+00 1.256738221806736941e-20 4.745542655660863691e-21
4.673812384397022512e+00 2.727686153507945521e-20 4.857166533697757314e-21
4.674477384396594104e+00 3.995443303954753324e-20 5.298808936070046252e-21
4.675142384396165696e+00 7.600953281041032483e-21 4.680419510774345701e-21
4.675807384395737287e+00 -3.006045526981970577e-21 5.039908589613438551e-21
4.676472384395308879e+00 1.339530598946043392e-20 4.904354228000761088e-21
4.677137384394880470e+00 1.185531293017417881e-20 5.216042447615661668e-21
4.677802384394452062e+00 3.708532870734890657e-20 4.973804455446157628e-21
4.678467384394023654e+00 2.136711279090399688e-20 4.933601577258181213e-21
4.679132384393595245e+00 1.532370772649363180e-20 4.705123575850449810e-21
4.679797384393166837e+00 1.297096899355091791e-20 4.824500474616605557e-21
4.680462384392738429e+00 7.696189677184571005e-21 5.532858497692846548e-21
4.681127384392310020e+00 1.447290979162550318e-20 4.852043402361058546e-21
4.681792384391881612e+00 2.709988302817026033e-20 5.180188394939045731e-21
4.682457384391453203e+00 4.411620635675198022e-20 5.059858527352547768e-21
4.683122384391024795e+00 5.882422109791472391e-20 5.073508583494718362e-21
4.683787384390596387e+00 1.538716990196771029e-20 4.729775025886111063e-21
4.684452384390167978e+00 2.725515799356983741e-20 5.819362154521184513e-21
4.685117384389739570e+00 -2.328502069018610510e-21 4.881799098373096182e-21
4.685782384389311161e+00 1.788051365934082137e-20 5.032102173207246609e-21
4.686447384388882753e+00 7.778539383419137941e-20 6.280718000926484209e-21
4.687112384388454345e+00 4.310398447046226588e-20 4.998500203465020197e-21
4.687777384388025936e+00 2.923806881148342328e-20 6.263138421749759520e-21
4.688442384387597528e+00 3.239199830002679215e-21 5.044840353140940077e-21
4.689107384387169120e+00 -1.538308130354756131e-20 5.080164815335630965e-21
4.689772384386740711e+00 4.615105300897245242e-20 5.459323433187238418e-21
4.690437384386312303e+00 7.638485469704353849e-20 4.768270742217933507e-21
4.691102384385883894e+00 4.827280090289432126e-20 4.701309250865707012e-21
4.691767384385455486e+00 4.419921622920575760e-20 5.028548895396786429e-21
4.692432384385027078e+00 9.235861584603474773e-21 5.541939927866174970e-21
4.693097384384598669e+00 1.155264917270037657e-20 5.294068113173650774e-21
4.693762384384170261e+00 4.810640273654242507e-20 4.772734995220584822e-21
4.694427384383741853e+00 3.498530561343338116e-21 5.452914931908013656e-21
4.695092384383313444e+00 3.549089677185713485e-20 5.455528237551965862e-21
4.695757384382885036e+00 1.529937334327957411e-20 5.416010657678875675e-21
4.696422384382456627e+00 1.908237985620825053e-20 5.224723145283334084e-21
4.697087384382028219e+00 3.538249008299847756e-20 5.000176455727452635e-21
4.697752384381599811e+00 4.971167402136919783e-20 4.929297188209248779e-21
4.698417384381171402e+00 7.327422912054060860e-20 5.007461339578016570e-21
4.699082384380742994e+00 6.400635134906416928e-20 5.452345326044657680e-21
4.699747384380314585e+00 5.077983651755050216e-20 5.052406993806106645e-21
4.700412384379886177e+00 6.156484660115614304e-21 4.746840558866105208e-21
4.701077384379457769e+00 2.468872748845689630e-20 5.814367226790860565e-21
4.701742384379029360e+00 1.903666887875443252e-20 5.170137166515126153e-21
4.702407384378600952e+00 9.999123582438028011e-21 4.894004890812988692e-21
4.703072384378172544e+00 2.587983013178579837e-20 4.851224334608874993e-21
4.703737384377744135e+00 1.296981368963302444e-21 4.845284245175405358e-21
4.704402384377315727e+00 6.880254123962126850e-21 4.748152736753830971e-21
4.705067384376887318e+00 1.695333911190651310e-20 4.900996493892703530e-21
4.705732384376458910e+00 3.388185428492098736e-20 5.439305585390879996e-21
4.706397384376030502e+00 2.910436121250845376e-20 5.661282899143814069e-21
4.707062384375602093e+00 8.741976177105124947e-21 5.312030002090452762e-21
4.707727384375173685e+00 2.832964825062757230e-20 5.231030225366154995e-21
4.708392384374745276e+00 3.360266692571962973e-20 4.931992995958756806e-21
4.709057384374316868e+00 3.291710511623795412e-20 5.330141218220759451e-21
4.709722384373888460e+00 3.759852966086623933e-20 5.124294243429741420e-21
4.710387384373460051e+00 1.705735650399117130e-20 4.849038681405738502e-21
4.711052384373031643e+00 -3.332175001507438496e-21 4.880513103149304192e-21
4.711717384372603235e+00 6.190235176417399901e-20 4.961944898479485973e-21
4.712382384372174826e+00 2.127109442556271195e-20 5.204881059832948553e-21
4.713047384371746418e+00 3.407094524434926476e-20 5.053441932113001588e-21
4.713712384371318009e+00 5.107885192161119835e-20 5.074025452989378908e-21
4.714377384370889601e+00 2.981293573731308715e-20 5.038455638107091775e-21
4.715042384370461193e+00 3.640281109109256742e-20 5.245719994446362162e-21
4.715707384370032784e+00 2.066471159281104357e-20 5.297094096852364867e-21
4.716372384369604376e+00 1.876893168493883519e-20 5.005173049827968171e-21
4.717037384369175967e+00 8.832854638169687505e-21 4.669820656008199439e-21
4.717702384368747559e+00 7.459516822967470559e-21 5.363515698641050209e-21
4.718367384368319151e+00 7.082185970748231056e-21 5.783188521174305792e-21
4.719032384367890742e+00 4.451401553546376116e-20 5.637868092602977298e-21
4.719697384367462334e+00 4.942559660051534854e-20 5.499440505668747110e-21
4.720362384367033926e+00 2.128222024743564893e-20 4.949392507335689435e-21
4.721027384366605517e+00 3.491514343802275825e-20 4.552534551417671856e-21
4.721692384366177109e+00 3.749199046453894584e-20 5.074610249561005421e-21
4.722357384365748700e+00 4.903857492362675988e-20 4.980515908692207470e-21
4.723022384365320292e+00 1.817188915623351415e-20 5.080899173007208286e-21
4.723687384364891884e+00 8.114398776202685681e-21 4.796590227317220470e-21
4.724352384364463475e+00 -1.555171720771696680e-20 4.775570170324671932e-21
4.725017384364035067e+00 2.640490922298248438e-20 5.080696477636252078e-21
4.725682384363606658e+00 3.471089222217692890e-20 5.203752226880171357e-21
4.726347384363178250e+00 2.126757617244944490e-20 5.149263557296151666e-21
4.727012384362749842e+00 1.844888573556701365e-21 5.170880164939600209e-21
4.727677384362321433e+00 7.314772732034333039e-21 5.152424243924250502e-21
4.728342384361893025e+00 3.204163419854133656e-20 4.952709319480698901e-21
4.729007384361464617e+00 3.248018064868083873e-20 4.664061961001934611e-21
4.729672384361036208e+00 2.178002512908952731e-20 4.836815127804453164e-21
4.730337384360607800e+00 -1.339993482788177243e-20 4.714231114787019039e-21
4.731002384360179391e+00 -5.598184236900635194e-21 5.277654142894875978e-21
4.731667384359750983e+00 4.645818659832250066e-20 5.769864497838413922e-21
4.732332384359322575e+00 4.204256774597636520e-20 4.762375163274842208e-21
4.732997384358894166e+00 1.035376159367276806e-21 4.940436105688312171e-21
4.733662384358465758e+00 8.237848664011807715e-21 5.013463970297128411e-21
4.734327384358037349e+00 2.328818188503601926e-20 4.929385835479115691e-21
4.734992384357608941e+00 5.432820499306094855e-20 5.297907089843061598e-21
4.735657384357180533e+00 4.810997513017088455e-20 5.102031688005217904e-21
4.736322384356752124e+00 3.691199921222234709e-20 5.517990090827626596e-21
4.736987384356323716e+00 2.542967577515518686e-20 5.131713544326731235e-21
4.737652384355895308e+00 -7.072803981938896712e-21 4.875872143010752313e-21
4.738317384355466899e+00 1.339408016208375139e-20 4.839417620569696393e-21
4.738982384355038491e+00 -1.012610000958150101e-20 4.944205013862726391e-21
4.739647384354610082e+00 -1.995088343755277206e-20 5.454303661438639412e-21
4.740312384354181674e+00 3.296642655311097065e-20 4.899142881103728175e-21
4.740977384353753266e+00 1.603356159653770684e-20 5.224077713785519151e-21
4.741642384353324857e+00 6.883927462235411365e-21 5.271857330915596238e-21
4.742307384352896449e+00 -2.354997699045572182e-20 4.730587599593868548e-21
4.742972384352468040e+00 -2.533336824680012337e-20 4.885658618474677101e-21
4.743637384352039632e+00 2.951374724572570511e-21 4.854751451739626148e-21
4.744302384351611224e+00 2.908025402099226704e-20 6.215518485647555807e-21
4.744967384351182815e+00 4.075982417513942823e-20 5.012648675697242962e-21
4.745632384350754407e+00 4.956475482584283459e-20 5.344777688877007255e-21
4.746297384350325999e+00 1.597615356676547839e-20 4.627592260540083179e-21
4.746962384349897590e+00 2.791783591986539785e-20 4.862766897873491655e-21
4.747627384349469182e+00 1.023400721026513235e-20 5.099863662548660858e-21
4.748292384349040773e+00 3.054333899781728296e-20 5.157410433738567692e-21
4.748957384348612365e+00 3.413438728912856639e-20 5.323266620829319453e-21
4.749622384348183957e+00 4.855372044460049921e-20 5.184194915825247212e-21
4.750287384347755548e+00 3.686788726323330415e-20 6.565143429652045294e-21
4.750952384347327140e+00 2.555785620015104255e-20 8.281657787339955437e-21
4.751617384346898731e+00 3.343766647175620826e-20 6.442215841434941738e-21
4.752282384346470323e+00 6.255903494801604180e-20 5.264106192890495428e-21
4.752947384346041915e+00 3.152244940352911624e-20 5.384946813261938387e-21
4.753612384345613506e+00 5.741760564133690093e-20 4.768372117521473836e-21
4.754277384345185098e+00 4.517230259510325667e-20 6.300369513889475344e-21
4.754942384344756690e+00 -3.300629601154649497e-21 6.012388079831608694e-21
4.755607384344328281e+00 8.485236512050630694e-21 6.222604624648766038e-21
4.756272384343899873e+00 3.765703154063055843e-20 4.871296762125461291e-21
4.756937384343471464e+00 7.238372068767279664e-20 5.175410505043424959e-21
4.757602384343043056e+00 4.828764664345669283e-20 5.119042042749377729e-21
4.758267384342614648e+00 1.864489242958732598e-20 4.520761843647919311e-21
4.758932384342186239e+00 6.130609092043991003e-21 5.383999163259487021e-21
4.759597384341757831e+00 6.420737223790946742e-22 5.056497843617285221e-21
4.760262384341329422e+00 4.002604029025932880e-21 4.899803972336979021e-21
4.760927384340901014e+00 2.132690677937543465e-20 5.057335543682949634e-21
4.761592384340472606e+00 6.768256626413293637e-20 5.034607004612787326e-21
4.762257384340044197e+00 2.883502987338496986e-20 5.629396594820025031e-21
4.762922384339615789e+00 -5.152871337749391816e-20 5.661498359935859666e-21
4.763587384339187381e+00 -1.178029720045959891e-20 5.160971145813595228e-21
4.764252384338758972e+00 -1.200738534943257695e-20 4.678971307985195686e-21
4.764917384338330564e+00 1.158173200351254618e-20 4.764744969771961538e-21
4.765582384337902155e+00 8.461330279828246890e-21 5.158307661577056567e-21
4.766247384337473747e+00 2.379512187263306559e-20 6.479886370441823514e-21
4.766912384337045339e+00 5.058257019761061966e-21 4.845395408944398762e-21
4.767577384336616930e+00 2.126299911421490825e-20 4.897227156739255008e-21
4.768242384336188522e+00 -2.300081215202340773e-20 5.184827180672175692e-21
4.768907384335760113e+00 4.304900096076709837e-20 4.586494040114935306e-21
4.769572384335331705e+00 4.241058002402484651e-20 5.606458059392557466e-21
4.770237384334903297e+00 5.407904556726646638e-20 5.365436111534054044e-21
4.770902384334474888e+00 2.184671853820609898e-20 5.206955503188235195e-21
4.771567384334046480e+00 4.700658908821553378e-21 6.026023335768008432e-21
4.772232384333618072e+00 1.260134203834749253e-20 5.236506032287848630e-21
4.772897384333189663e+00 4.094224987706181000e-20 4.796854139830534524e-21
4.773562384332761255e+00 4.279409796527933738e-20 5.291070308515574809e-21
4.774227384332332846e+00 1.015766591911558317e-20 4.857676910290874733e-21
4.774892384331904438e+00 1.175973837796615522e-20 5.284787008709841228e-21
4.775557384331476030e+00 3.033995737190214526e-20 5.699728653251168930e-21
4.776222384331047621e+00 3.151791439652522870e-20 5.413239698596029974e-21
4.776887384330619213e+00 -7.910922904678953171e-21 5.766463555360742477e-21
4.777552384330190804e+00 -3.078053645455594573e-21 4.790549279225628129e-21
4.778217384329762396e+00 1.420246882402147480e-20 5.239084385593187500e-21
4.778882384329333988e+00 1.406634700815885010e-20 5.047645178309536114e-21
4.779547384328905579e+00 2.503565773049794581e-20 5.252534392444737355e-21
4.780212384328477171e+00 7.958794709198194177e-21 4.612523744900842160e-21
4.780877384328048763e+00 1.235256301503192627e-21 4.883045775154008747e-21
4.781542384327620354e+00 2.472534037506217876e-20 5.000392225552144477e-21
4.782207384327191946e+00 1.870100322713039890e-20 5.475001945986818513e-21
4.782872384326763537e+00 1.444302950254050050e-20 5.090945931825620126e-21
4.783537384326335129e+00 1.164403596676410005e-20 4.649078451279247643e-21
4.784202384325906721e+00 4.561306442366011538e-20 4.753346930046163033e-21
4.784867384325478312e+00 2.174199497742370001e-20 5.422433284102483897e-21
4.785532384325049904e+00 7.553423167561562124e-21 5.419835172681748510e-21
4.786197384324621495e+00 1.527363270478618775e-20 5.489436157425812738e-21
4.786862384324193087e+00 3.033864789991527202e-20 5.492911758037459460e-21
4.787527384323764679e+00 -7.165885642980056717e-21 5.373428269174122277e-21
4.788192384323336270e+00 1.252647801099223206e-20 5.074910642693131123e-21
4.788857384322907862e+00 7.159189288314434192e-20 5.446007039166098538e-21
4.789522384322479454e+00 1.945340956028904445e-22 4.899017566658164877e-21
4.790187384322051045e+00 3.981476746631335209e-21 5.043789781405988475e-21
4.790852384321622637e+00 1.259557739862898341e-20 5.379091837697445151e-21
4.791517384321194228e+00 -1.224842521213371724e-20 5.294655877620830247e-21
4.792182384320765820e+00 -2.473017097218446732e-20 4.744662474195206905e-21
4.792847384320337412e+00 8.579755183995711714e-21 4.852239287030914786e-21
4.793512384319909003e+00 8.918508446001635075e-21 4.769288532593702804e-21
4.794177384319480595e+00 4.045497414757040883e-21 5.105760245864467924e-21
4.794842384319052186e+00 1.863316742665079298e-20 5.116638650143433902e-21
4.795507384318623778e+00 2.579135510339307291e-20 4.917865517207781420e-21
4.796172384318195370e+00 -7.164806605004014807e-21 4.874646404564110661e-21
4.796837384317766961e+00 1.524072335927120939e-20 5.325665436758279880e-21
4.797502384317338553e+00 5.923865883454346475e-21 5.088869294141613167e-21
4.798167384316910145e+00 -3.074237308259699902e-21 5.062452872607439617e-21
4.798832384316481736e+00 1.261589130918618567e-20 5.241932740394732498e-21
4.799497384316053328e+00 -5.449306387551817941e-21 5.286031518034869524e-21
4.800162384315624919e+00 1.393751964440738370e-20 5.073294314022463667e-21
4.800827384315196511e+00 5.423820327373981115e-20 5.453344896475919491e-21
4.801492384314768103e+00 4.932016961426003070e-20 5.247558484301487385e-21
4.802157384314339694e+00 2.498138049273720113e-20 5.358179867108872148e-21
4.802822384313911286e+00 1.116734910743608769e-20 5.584553125608512036e-21
4.803487384313482877e+00 4.640309547356496190e-20 5.211445536588824010e-21
4.804152384313054469e+00 8.217617558312033551e-20 5.308836119634170256e-21
4.804817384312626061e+00 1.422224211701510576e-20 7.570993268366446954e-21
4.805482384312197652e+00 1.865556724780947843e-20 5.073870199111164329e-21
4.806147384311769244e+00 -4.616580252454703891e-21 5.266367130379562798e-21
4.806812384311340836e+00 -1.454758843938251460e-20 4.956163059387604115e-21
4.807477384310912427e+00 1.385620901118493642e-20 5.185286242920048131e-21
4.808142384310484019e+00 8.724865376102987266e-21 5.623336087060888487e-21
4.808807384310055610e+00 3.997559853301489199e-20 5.169373646358279245e-21
4.809472384309627202e+00 4.084500274799321919e-20 5.288425100893982598e-21
4.810137384309198794e+00 -2.417443641510891677e-20 5.048513871280545312e-21
4.810802384308770385e+00 -3.267898490627542496e-21 5.267345735152952992e-21
4.811467384308341977e+00 2.240244057555096317e-20 4.971146778978309125e-21
4.812132384307913568e+00 2.350463766653695013e-20 4.683581777082958083e-21
4.812797384307485160e+00 1.810688837394710748e-20 5.550834476579146162e-21
4.813462384307056752e+00 9.796464168595792910e-21 5.072698869371743964e-21
4.814127384306628343e+00 1.084017293876683224e-20 4.861531704063673891e-21
4.814792384306199935e+00 2.003663750907300232e-20 5.220196162789866739e-21
4.815457384305771527e+00 -3.800527332699607317e-20 5.775339083118894650e-21
4.816122384305343118e+00 -9.655121001168387423e-21 5.150997536270471246e-21
4.816787384304914710e+00 -4.346849973935735124e-21 5.128938140156729127e-21
4.817452384304486301e+00 8.933545243149874027e-21 5.651480455829555625e-21
4.818117384304057893e+00 4.210388983309908437e-20 4.969269510926212838e-21
4.818782384303629485e+00 2.207408396385890828e-20 4.838893306778399470e-21
4.819447384303201076e+00 8.195219183329543387e-21 5.221069175002815774e-21
4.820112384302772668e+00 7.529374581588319901e-21 5.298692828359939781e-21
4.820777384302344259e+00 1.330537390902490345e-20 5.657042352815351037e-21
4.821442384301915851e+00 2.750522761516366517e-20 5.128999943187154686e-21
4.822107384301487443e+00 4.349261861053024338e-20 6.208386403197075282e-21
4.822772384301059034e+00 4.225553513571535014e-20 6.333543549130282301e-21
4.823437384300630626e+00 6.077935293275284285e-21 5.110857297877781293e-21
4.824102384300202218e+00 1.835968876867818667e-20 4.841463593990145669e-21
4.824767384299773809e+00 4.095979294762680075e-20 5.008419875265243523e-21
4.825432384299345401e+00 3.481285273200900897e-20 6.189145876060394863e-21
4.826097384298916992e+00 3.968686886676347099e-20 6.535910559761917336e-21
4.826762384298488584e+00 4.945655311231878053e-20 5.626510567342192147e-21
4.827427384298060176e+00 3.242202645514901663e-20 6.063289082078746888e-21
4.828092384297631767e+00 1.494077770592117451e-20 6.861388268345070056e-21
4.828757384297203359e+00 1.297229120446514424e-20 5.290114790677084657e-21
4.829422384296774950e+00 1.733925790269084217e-20 5.147573967221014997e-21
4.830087384296346542e+00 1.416183980273094921e-20 5.449944625081557177e-21
4.830752384295918134e+00 -7.375335797245401730e-21 5.752424155197978638e-21
4.831417384295489725e+00 1.336768899287261605e-20 5.000508870021564822e-21
4.832082384295061317e+00 4.910754362514789611e-21 5.109340630068887798e-21
4.832747384294632909e+00 -2.579694759179469160e-21 5.536669991832820103e-21
4.833412384294204500e+00 2.010607139661072623e-20 5.146085606296657726e-21
4.834077384293776092e+00 -1.816299710985142415e-20 5.049337719757101321e-21
4.834742384293347683e+00 1.919457422181193078e-20 5.068784690985107066e-21
4.835407384292919275e+00 1.565738458173279921e-20 5.406150897182504307e-21
4.836072384292490867e+00 -8.204364766618996666e-21 5.035922904067702229e-21
4.836737384292062458e+00 -2.126151677971973649e-20 5.567430167117209031e-21
4.837402384291634050e+00 1.798196439092496372e-21 5.791252261580420728e-21
4.838067384291205641e+00 5.250652640972975745e-21 5.019445521046949163e-21
4.838732384290777233e+00 2.095608868066645057e-20 5.294730187167860720e-21
4.839397384290348825e+00 1.387185944352899469e-20 5.158161919061209537e-21
4.840062384289920416e+00 -1.436010737833823292e-20 5.224380614984990389e-21
4.840727384289492008e+00 1.767485497957119521e-20 5.588730410523178750e-21
4.841392384289063600e+00 2.493049486074275983e-20 5.196543212219495684e-21
4.842057384288635191e+00 3.935150411302663227e-20 5.736757786472103873e-21
4.842722384288206783e+00 4.191888888136350058e-20 5.249042792601515284e-21
4.843387384287778374e+00 3.859381935215744730e-20 5.499590384011911525e-21
4.844052384287349966e+00 3.367226152697027680e-20 5.047069201038422511e-21
4.844717384286921558e+00 1.562758438902594205e-20 5.418735346871646813e-21
4.845382384286493149e+00 7.452354959409594967e-21 5.381391204719931155e-21
4.846047384286064741e+00 1.885001750050872729e-21 5.015764497220187445e-21
4.846712384285636332e+00 4.972005915241728442e-21 5.519757658356828092e-21
4.847377384285207924e+00 -1.046773553572777124e-20 5.472231608831023417e-21
4.848042384284779516e+00 2.890722351056629786e-21 5.065417068971124656e-21
4.848707384284351107e+00 -1.637733031239923703e-20 5.028977994782328029e-21
4.849372384283922699e+00 6.282093240719064377e-21 6.033613006150755485e-21
4.850037384283494291e+00 3.921617921620245025e-20 5.513028876308572727e-21
4.850702384283065882e+00 7.053001841743490290e-21 5.426734295168151430e-21
4.851367384282637474e+00 8.063680039900047051e-21 6.565928786210069459e-21
4.852032384282209065e+00 7.780596432555470184e-21 5.527443319746317111e-21
4.852697384281780657e+00 2.325498305917886320e-20 5.390744594199725685e-21
4.853362384281352249e+00 3.840289836814313221e-20 5.588518761954152882e-21
4.854027384280923840e+00 -5.121371364265966709e-22 5.363026808277881727e-21
4.854692384280495432e+00 4.125003677528422156e-21 5.352911586409894060e-21
4.855357384280067023e+00 -1.935821896809183188e-20 4.836663409496443925e-21
4.856022384279638615e+00 5.533116891714739069e-21 5.911096881070144202e-21
4.856687384279210207e+00 -6.872874786022347873e-21 5.967509851152228250e-21
4.857352384278781798e+00 3.502299977444506073e-22 5.946846060396437207e-21
4.858017384278353390e+00 1.167318501498613810e-21 5.358723551699812661e-21
4.858682384277924982e+00 4.234558311756650120e-21 5.544312413162819508e-21
4.859347384277496573e+00 1.826698190390602175e-20 5.831406688252357587e-21
4.860012384277068165e+00 2.959767356766589634e-21 6.160600675269850710e-21
4.860677384276639756e+00 3.392542381284597933e-20 6.275867280194991797e-21
4.861342384276211348e+00 1.012358343115706510e-21 5.801041965396901742e-21
4.862007384275782940e+00 -1.331108176447168541e-20 4.952036519164150566e-21
4.862672384275354531e+00 2.080975086374505695e-20 5.197090843340369839e-21
4.863337384274926123e+00 -2.758227177914845758e-21 5.575043125047921639e-21
4.864002384274497715e+00 2.888414449353591331e-20 5.784500863785438446e-21
4.864667384274069306e+00 4.463536651998156594e-20 5.687486052095651146e-21
4.865332384273640898e+00 7.937582398274832891e-21 5.433686902203969081e-21
4.865997384273212489e+00 -5.264125263247272733e-21 5.373382102525625107e-21
4.866662384272784081e+00 1.914150763847288277e-20 5.113349588815949324e-21
4.867327384272355673e+00 4.186692478219158948e-20 5.424194573602267218e-21
4.867992384271927264e+00 3.639359511973779752e-20 5.427643535973231166e-21
4.868657384271498856e+00 5.042279325973732385e-20 5.722711066590917872e-21
4.869322384271070447e+00 3.880273706858398492e-20 5.936631535888355764e-21
4.869987384270642039e+00 2.002564394849386707e-20 5.555952782162371228e-21
4.870652384270213631e+00 2.005075549778103774e-20 5.222409596979798648e-21
4.871317384269785222e+00 3.336982392041473632e-20 5.293730852356062985e-21
4.871982384269356814e+00 -6.489714006320847889e-22 5.309744033064986438e-21
4.872647384268928406e+00 -4.769308610271112270e-21 5.072704935717224627e-21
4.873312384268499997e+00 1.872257890189218189e-20 5.562891952189994168e-21
4.873977384268071589e+00 1.867590830530329835e-20 5.436273103181563635e-21
4.874642384267643180e+00 6.782406608790548529e-20 5.360559161847615184e-21
4.875307384267214772e+00 6.867792813937480461e-20 5.032319198381242929e-21
4.875972384266786364e+00 3.691019541030089255e-20 5.567173245780302236e-21
4.876637384266357955e+00 3.188946048230725557e-21 5.297825319046540857e-21
4.877302384265929547e+00 4.348318502816852113e-20 5.272062004316103687e-21
4.877967384265501138e+00 5.898942662501920501e-20 6.052510047301921890e-21
4.878632384265072730e+00 4.236412751845840252e-20 5.507432256707274663e-21
4.879297384264644322e+00 4.161757183484893671e-20 5.843492559793943353e-21
4.879962384264215913e+00 3.111212539165793822e-20 5.725742289894019267e-21
4.880627384263787505e+00 2.985028944827081076e-20 5.273431995590558204e-21
4.881292384263359097e+00 1.810960932393720175e-20 5.660971126922262803e-21
4.881957384262930688e+00 4.792893332192164630e-21 5.921124767321030720e-21
4.882622384262502280e+00 9.053126756248632207e-21 6.860818984952672681e-21
4.883287384262073871e+00 -1.535411308608484369e-22 5.109128709130342819e-21
4.883952384261645463e+00 1.675021953812930287e-21 5.223144882209773708e-21
4.884617384261217055e+00 7.908413857456171342e-21 5.607238525188918759e-21
4.885282384260788646e+00 1.628656545131288200e-20 6.047759306163402558e-21
4.885947384260360238e+00 3.723535708876864664e-20 5.314843832180057052e-21
4.886612384259931829e+00 -1.824605181190518735e-21 5.144290150165486100e-21
4.887277384259503421e+00 3.102323085810078027e-20 5.203086612335880520e-21
4.887942384259075013e+00 -1.132546805056665118e-20 5.706545161369618252e-21
4.888607384258646604e+00 -1.443002641739295840e-20 5.662245177062291623e-21
4.889272384258218196e+00 -1.035952820793536204e-21 5.254018302263766750e-21
4.889937384257789788e+00 -2.366978894873706519e-21 5.844519883213594651e-21
4.890602384257361379e+00 2.606652743811962286e-20 5.708075114726920297e-21
4.891267384256932971e+00 -9.644649513736179253e-22 5.163053276458750427e-21
4.891932384256504562e+00 1.640745559108726090e-20 5.578474823733841510e-21
4.892597384256076154e+00 1.083775303489225986e-20 5.545739378692899208e-21
4.893262384255647746e+00 -2.681337148723449442e-20 5.106628458443090695e-21
4.893927384255219337e+00 3.823431836408468408e-20 5.320486860781948406e-21
4.894592384254790929e+00 3.982808744358342978e-20 6.136632188092118079e-21
4.895257384254362520e+00 2.423843669423205182e-20 5.936597042493812922e-21
4.895922384253934112e+00 -2.457951128573972552e-20 6.242967771097520785e-21
4.896587384253505704e+00 2.570681052604378557e-20 5.544496756193228152e-21
4.897252384253077295e+00 2.223396773709988391e-20 5.103551810505762163e-21
4.897917384252648887e+00 3.084471622709330361e-20 5.331856446101493855e-21
4.898582384252220479e+00 7.544322820464353271e-21 5.996229286490044513e-21
4.899247384251792070e+00 -3.094870332162955725e-21 5.457068458532363628e-21
4.899912384251363662e+00 -8.431540341817746739e-21 5.266299291529964425e-21
4.900577384250935253e+00 -2.722751445475380296e-20 5.138155140498443589e-21
4.901242384250506845e+00 -1.894608702964650061e-20 5.106586849637303889e-21
4.901907384250078437e+00 7.322116850029631118e-21 5.103931917550269338e-21
4.902572384249650028e+00 1.459668386480093179e-21 1.175177389973617440e-20
4.903237384249221620e+00 1.497413529370491443e-20 8.251224931572495643e-21
4.903902384248793211e+00 -2.648523940677747401e-20 5.939075973809267384e-21
4.904567384248364803e+00 1.944175098770585933e-20 1.074623869718238268e-20
4.905232384247936395e+00 1.867095422827155823e-20 6.890632600472742148e-21
4.905897384247507986e+00 -4.490483066480323087e-21 5.901799956807340290e-21
4.906562384247079578e+00 1.221010206855005719e-20 6.883212496808770007e-21
4.907227384246651170e+00 1.910891127536470237e-20 5.528786620645736267e-21
4.907892384246222761e+00 2.741676300846085290e-20 5.512444499086650529e-21
4.908557384245794353e+00 3.114020489855662338e-20 5.639630803899695375e-21
4.909222384245365944e+00 -4.148757230710720622e-21 5.332440516574284006e-21
4.909887384244937536e+00 2.015639424211747152e-21 5.503808751477908912e-21
4.910552384244509128e+00 1.352052710453818095e-20 5.080190636779164233e-21
4.911217384244080719e+00 1.977691530316518293e-20 5.648531641952757590e-21
4.911882384243652311e+00 2.833866227881821746e-20 5.768464019838834367e-21
4.912547384243223902e+00 -4.323178051090922085e-21 5.356113287439372403e-21
4.913212384242795494e+00 3.775378042649489073e-21 5.452614456875300286e-21
4.913877384242367086e+00 4.426214570804144647e-20 5.871654679828354835e-21
4.914542384241938677e+00 4.633528891190133583e-20 5.958028385162329469e-21
4.915207384241510269e+00 1.014432406074560822e-20 5.595166443236231304e-21
4.915872384241081861e+00 2.741207700125345137e-20 5.532843737550076297e-21
4.916537384240653452e+00 -1.728564269930394347e-20 5.520548057459093918e-21
4.917202384240225044e+00 4.542826641680828022e-20 5.377731388711921669e-21
4.917867384239796635e+00 1.455238791696543206e-20 5.862707813503509290e-21
4.918532384239368227e+00 2.076648023291059563e-20 1.001680138334701685e-20
4.919197384238939819e+00 1.399128600813232009e-20 1.101836396949429374e-20
4.919862384238511410e+00 -2.091010101777257167e-21 5.787730586228681856e-21
4.920527384238083002e+00 1.502359159689904777e-21 5.274517225871460605e-21
4.921192384237654593e+00 1.244109958090311321e-20 5.553186549900359819e-21
4.921857384237226185e+00 2.024357342910279428e-20 5.411806655082574495e-21
4.922522384236797777e+00 -1.731264911758007542e-20 5.264853422190977087e-21
4.923187384236369368e+00 4.935604407892782726e-20 5.401110890355686746e-21
4.923852384235940960e+00 3.344279005342800296e-20 5.618969114370878829e-21
4.924517384235512552e+00 1.726868281931425372e-20 5.159213716412803405e-21
4.925182384235084143e+00 5.225283444971582684e-20 5.901127501332931493e-21
4.925847384234655735e+00 2.520802867797811779e-20 5.430230845944981482e-21
4.926512384234227326e+00 4.651426846886301726e-20 5.290209901972805107e-21
4.927177384233798918e+00 3.658941096975379197e-20 5.224173346902413395e-21
4.927842384233370510e+00 8.056271691877362598e-21 6.079995142212095304e-21
4.928507384232942101e+00 3.253605530270748605e-20 5.344300123479852682e-21
4.929172384232513693e+00 7.627733837281844065e-20 5.105622088385090160e-21
4.929837384232085284e+00 3.940497434651037437e-21 5.674315392811071347e-21
4.930502384231656876e+00 5.572654450386483071e-20 5.652683352463547168e-21
4.931167384231228468e+00 4.297213525831621154e-20 5.578130942210841325e-21
4.931832384230800059e+00 2.937942018780690122e-20 5.307040401128943836e-21
4.932497384230371651e+00 -1.854902011323718749e-21 5.680327556322726815e-21
4.933162384229943243e+00 5.132818515900109427e-20 5.625714113896136152e-21
4.933827384229514834e+00 1.604385865420541694e-20 5.312658722235587463e-21
4.934492384229086426e+00 6.209399042570855672e-21 8.364395654280601488e-21
4.935157384228658017e+00 -1.430268522932743930e-20 5.789613632670072046e-21
4.935822384228229609e+00 -1.513585516862728356e-20 5.048739129597984821e-21
4.936487384227801201e+00 5.297979187285351782e-20 5.202136415940672055e-21
4.937152384227372792e+00 4.807882910808533481e-20 6.023165227154922364e-21
4.937817384226944384e+00 4.071300846332637271e-20 5.274565890553096957e-21
4.938482384226515975e+00 3.304350757616649385e-20 5.784779025170894871e-21
4.939147384226087567e+00 1.084513204678871604e-21 5.124607042174432679e-21
4.939812384225659159e+00 -2.640722410768465506e-22 5.518264955319242464e-21
4.940477384225230750e+00 2.660831689139587654e-20 5.034526085893326797e-21
4.941142384224802342e+00 2.801823331324301512e-20 6.154558688360150130e-21
4.941807384224373934e+00 3.757236614643269940e-20 5.971925256411724969e-21
4.942472384223945525e+00 -3.514992271804395583e-21 5.551223496822779875e-21
4.943137384223517117e+00 5.419618612730213620e-20 5.654255945968576864e-21
4.943802384223088708e+00 6.054345417090911166e-20 5.301270784980018732e-21
4.944467384222660300e+00 3.547459781453471501e-20 6.111425200808719315e-21
4.945132384222231892e+00 1.388728983225361107e-20 1.746712665888863034e-20
4.945797384221803483e+00 4.480888196958508182e-20 6.116265758742668464e-21
4.946462384221375075e+00 1.422590189556902298e-20 5.791054093917092621e-21
4.947127384220946666e+00 5.948471412481393584e-20 5.870620160285585960e-21
4.947792384220518258e+00 1.013926459745084550e-19 6.014874234448084837e-21
4.948457384220089850e+00 6.413108103751268385e-20 6.419856755073369133e-21
4.949122384219661441e+00 4.005061933048951709e-21 6.803780336229134881e-21
4.949787384219233033e+00 2.326571733564020909e-20 6.939659220674377480e-21
4.950452384218804625e+00 5.570379142208068371e-20 6.231530812304490738e-21
4.951117384218376216e+00 1.473544248906902483e-20 5.504383039308174804e-21
4.951782384217947808e+00 2.917241743362538381e-20 5.815569300360515162e-21
4.952447384217519399e+00 1.124408574170669842e-20 6.623871117606699534e-21
4.953112384217090991e+00 1.500832335267101922e-20 5.522601017090280138e-21
4.953777384216662583e+00 2.818185008782315523e-20 5.967556475874660765e-21
4.954442384216234174e+00 -1.573549331948452194e-20 5.664419362429920333e-21
4.955107384215805766e+00 -1.012992330884852331e-20 5.589286518084263109e-21
4.955772384215377357e+00 1.135333386474093787e-20 5.569333552211058941e-21
4.956437384214948949e+00 6.103340390860982468e-20 5.714276002334039815e-21
4.957102384214520541e+00 5.475291025544119062e-21 6.947630974072975471e-21
4.957767384214092132e+00 -9.782027245685549638e-21 5.814859565710542704e-21
4.958432384213663724e+00 -4.640815592649021945e-21 5.465235345467497491e-21
4.959097384213235316e+00 2.847019446480630320e-20 5.601900686733694044e-21
4.959762384212806907e+00 3.545835095115494126e-20 5.143396442036656392e-21
4.960427384212378499e+00 1.710387319240042822e-20 5.369686780680692490e-21
4.961092384211950090e+00 3.210492164788155654e-20 5.114640713135129478e-21
4.961757384211521682e+00 4.438978043718314911e-20 5.602477004203559429e-21
4.962422384211093274e+00 3.807422983519696683e-20 5.679347638367293709e-21
4.963087384210664865e+00 9.634099606743977957e-21 5.876222236636813306e-21
4.963752384210236457e+00 6.435250975032231670e-21 9.386262759724307020e-21
4.964417384209808048e+00 1.445735209662273090e-20 5.542440678074420436e-21
4.965082384209379640e+00 1.363063088731296655e-20 8.068273244169695857e-21
4.965747384208951232e+00 -1.308387238377157930e-20 5.661601268893887010e-21
4.966412384208522823e+00 -6.533005972657513066e-21 6.274120996016278488e-21
4.967077384208094415e+00 5.382073826044660777e-20 5.623711767406800192e-21
4.967742384207666007e+00 5.801009917108817466e-20 6.134093607409431338e-21
4.968407384207237598e+00 3.446312230389556028e-20 5.437612853173762234e-21
4.969072384206809190e+00 4.438000766669651397e-20 5.382710688444742650e-21
4.969737384206380781e+00 5.026370368663086512e-20 5.315841594375017323e-21
4.970402384205952373e+00 -2.974316553545981196e-21 5.722564328183261311e-21
4.971067384205523965e+00 -2.399723808892398623e-21 5.810143836270932496e-21
4.971732384205095556e+00 7.931089888520484898e-21 5.273300990855298943e-21
4.972397384204667148e+00 -1.986967721041671182e-20 5.978421445240056137e-21
4.973062384204238739e+00 -1.268200908903648073e-20 5.469090206418775649e-21
4.973727384203810331e+00 -7.598275855311556746e-21 5.799281858282038077e-21
4.974392384203381923e+00 6.669316464201223542e-21 5.880701304060237012e-21
4.975057384202953514e+00 2.371386705036368523e-20 5.596213704599241483e-21
4.975722384202525106e+00 2.868534564654077187e-20 6.155358460995010446e-21
4.976387384202096698e+00 2.762602734958902865e-20 6.344313932800242664e-21
4.977052384201668289e+00 3.339356607562535420e-20 5.532231602343332080e-21
4.977717384201239881e+00 -8.597621209933793670e-21 5.755483950958297632e-21
4.978382384200811472e+00 -1.083965890807268746e-20 5.472845970672075958e-21
4.979047384200383064e+00 -2.926389181346614266e-20 5.859828164271314389e-21
4.979712384199954656e+00 -1.777730270582082416e-20 5.808316943808490007e-21
4.980377384199526247e+00 -5.578318740438011973e-21 5.555502824688021750e-21
4.981042384199097839e+00 1.228026149654554208e-21 5.572580912651631136e-21
4.981707384198669430e+00 1.287934697253105787e-20 5.695899230223080942e-21
4.982372384198241022e+00 5.516521112590843240e-20 5.230492253691496023e-21
4.983037384197812614e+00 1.001058872996458972e-20 5.503035476587576013e-21
4.983702384197384205e+00 1.302889582916862721e-20 5.219293286350705286e-21
4.984367384196955797e+00 -5.159777979884793664e-22 5.250662471628959848e-21
4.985032384196527389e+00 1.682852204079091032e-20 5.978065593038959751e-21
4.985697384196098980e+00 5.272200291111549081e-20 5.826119943565088681e-21
4.986362384195670572e+00 7.213370534193407031e-20 5.936429743448114833e-21
4.987027384195242163e+00 7.624063501823227505e-20 5.394738391619428092e-21
4.987692384194813755e+00 5.900523846211610052e-20 5.628726685967157260e-21
4.988357384194385347e+00 5.421830836871383014e-20 5.511420197217801454e-21
4.989022384193956938e+00 3.147788677327103920e-20 5.703372335027110624e-21
4.989687384193528530e+00 3.313019189512016447e-20 5.505622823032714757e-21
4.990352384193100121e+00 7.775589471033046067e-21 5.867514025192524708e-21
4.991017384192671713e+00 -6.367568142137184444e-21 5.247933139628016922e-21
4.991682384192243305e+00 3.856094851743545729e-20 5.725524808055660683e-21
4.992347384191814896e+00 2.671600425295210864e-20 5.915489176410954728e-21
4.993012384191386488e+00 6.530676086009746642e-20 5.635324833436472341e-21
4.993677384190958080e+00 3.235251729149379197e-20 5.460104114492238491e-21
4.994342384190529671e+00 1.610569901438115979e-20 6.075817683811537733e-21
4.995007384190101263e+00 9.110637667712473873e-21 5.961971241514575638e-21
4.995672384189672854e+00 -7.805843341967650673e-21 6.038310519763413670e-21
4.996337384189244446e+00 1.093080120097807648e-20 5.505311751454497782e-21
4.997002384188816038e+00 3.540342501399414308e-20 5.082685229461091576e-21
4.997667384188387629e+00 3.796792881328703735e-20 5.333360443495847176e-21
4.998332384187959221e+00 2.520256407166033802e-20 5.454031007904336600e-21
4.998997384187530812e+00 1.511646800785384024e-20 6.270898751587732722e-21
4.999662384187102404e+00 1.090700680679103304e-20 5.616402372890553384e-21
5.000327384186673996e+00 1.934183729244884050e-20 6.701196179125839696e-21
5.000992384186245587e+00 -1.303847231260599663e-20 5.621991211487625086e-21
5.001657384185817179e+00 2.127153813903459660e-20 5.990093726688846449e-21
5.002322384185388771e+00 4.942188856855960605e-21 5.669290298846874690e-21
5.002987384184960362e+00 -1.833359357367146589e-20 5.421307126045222953e-21
5.003652384184531954e+00 -1.153029456629228064e-20 5.562943445241808490e-21
5.004317384184103545e+00 -5.062099088533850865e-21 5.542131779469223259e-21
5.004982384183675137e+00 -8.516001598864895387e-21 5.689497046892352323e-21
5.005647384183246729e+00 -1.537726087079905646e-20 6.311272442322133068e-21
5.006312384182818320e+00 -7.318940313163829788e-21 5.907222958258598771e-21
5.006977384182389912e+00 3.848443188117385276e-21 6.193547518020832268e-21
5.007642384181961503e+00 -3.318005858792484833e-20 6.310470961026987080e-21
5.008307384181533095e+00 1.684256174969422153e-20 5.703388951964725572e-21
5.008972384181104687e+00 4.078916075882911289e-21 6.193060670806183538e-21
5.009637384180676278e+00 7.267856898939128767e-21 5.786719964780943880e-21
5.010302384180247870e+00 -1.201068923711701947e-20 5.368423433374791534e-21
5.010967384179819462e+00 2.832946981360587840e-20 6.232059931240603490e-21
5.011632384179391053e+00 3.887697643244630287e-20 6.084384305512424286e-21
5.012297384178962645e+00 4.194729370926699399e-20 5.919503780943189150e-21
5.012962384178534236e+00 1.973858390438397604e-20 5.170271372121001659e-21
5.013627384178105828e+00 9.856636615316698899e-22 5.389419723280791956e-21
5.014292384177677420e+00 8.704098494948592271e-21 5.464160961623453717e-21
5.014957384177249011e+00 4.862760990943325499e-20 6.076198563630583405e-21
5.015622384176820603e+00 5.550964524998433421e-20 5.524001540927149604e-21
5.016287384176392194e+00 2.068300006822055380e-21 5.490152782104838182e-21
5.016952384175963786e+00 1.645065604358305661e-20 5.913882711596823229e-21
5.017617384175535378e+00 1.960030377511498504e-20 6.394037643268615752e-21
5.018282384175106969e+00 -5.403634029982222033e-21 5.804378077958988153e-21
5.018947384174678561e+00 1.819621785905464004e-20 5.071655328132187910e-21
5.019612384174250153e+00 2.088386022772695411e-20 5.808308997249544141e-21
5.020277384173821744e+00 -4.534862981029305710e-21 5.525879810330483015e-21
5.020942384173393336e+00 9.172891756117618979e-21 5.552534843254670743e-21
5.021607384172964927e+00 -4.636874937424921983e-22 5.252214202819416773e-21
5.022272384172536519e+00 1.370292843209765979e-20 5.664919532722284216e-21
5.022937384172108111e+00 1.849943165185424676e-20 5.328021794603760299e-21
5.023602384171679702e+00 6.384438820760890031e-20 5.361595540212562674e-21
5.024267384171251294e+00 5.625105289108358850e-20 5.590010826158090940e-21
5.024932384170822885e+00 4.001920905278335158e-20 5.768748983311813528e-21
5.025597384170394477e+00 3.296765727490140810e-20 5.595954509528879191e-21
5.026262384169966069e+00 3.472888226478426304e-20 5.799698077888211285e-21
5.026927384169537660e+00 1.403102259776166063e-20 5.617508998671452162e-21
5.027592384169109252e+00 2.073485710383499223e-20 5.764319711926037159e-21
5.028257384168680844e+00 3.818729317879685753e-20 5.604779998704469217e-21
5.028922384168252435e+00 6.705208171641690766e-20 5.318323798599442854e-21
5.029587384167824027e+00 1.788021669443446390e-20 5.667148388781923958e-21
5.030252384167395618e+00 6.143509300150316827e-20 5.541322315394831236e-21
5.030917384166967210e+00 1.482373031033742468e-20 5.989876188166262706e-21
5.031582384166538802e+00 -2.666075614382233450e-20 5.459808787189509517e-21
5.032247384166110393e+00 -2.643050856511536104e-20 5.726127161597907739e-21
5.032912384165681985e+00 -4.043054636541198668e-21 5.320300577989410784e-21
5.033577384165253576e+00 3.099705426247435610e-20 5.414733106154204221e-21
5.034242384164825168e+00 2.273124380371017534e-20 5.184609595245481294e-21
5.034907384164396760e+00 1.042498317953736840e-20 5.486932238164663988e-21
5.035572384163968351e+00 6.352562269816171785e-21 5.947699563962210414e-21
5.036237384163539943e+00 -2.643533609247314649e-21 5.346297478166576869e-21
5.036902384163111535e+00 -1.114882189695749729e-20 5.432515721510080128e-21
5.037567384162683126e+00 -1.407635374612757724e-20 5.417341736557081377e-21
5.038232384162254718e+00 -1.519641332266812961e-20 5.249565258909446082e-21
5.038897384161826309e+00 7.597401683469909785e-21 4.795635774343116630e-21
5.039562384161397901e+00 -2.512638403617182494e-21 5.708126037556278875e-21
5.040227384160969493e+00 2.363829411417182478e-20 5.546391372252574604e-21
5.040892384160541084e+00 2.613872269968027224e-22 5.352008407497536680e-21
5.041557384160112676e+00 -2.986499180611271273e-20 4.905024140461034072e-21
5.042222384159684268e+00 1.196578537915999965e-20 5.186601964849811030e-21
5.042887384159255859e+00 2.014280174899966893e-20 5.246266048136306748e-21
5.043552384158827451e+00 2.163372857789605541e-20 5.223207759879305974e-21
5.044217384158399042e+00 3.939341815114933748e-20 5.553438957184645072e-21
5.044882384157970634e+00 5.890269005617693420e-20 5.435383538893793149e-21
5.045547384157542226e+00 -4.680226696742028652e-21 5.550631110649963806e-21
5.046212384157113817e+00 1.614703487957263797e-20 6.950152435329497431e-21
5.046877384156685409e+00 6.067832094477007705e-22 6.747863424352135986e-21
5.047542384156257000e+00 2.963364591696795323e-20 6.702296095084521155e-21
5.048207384155828592e+00 4.516583193770679920e-20 5.726919576683558280e-21
5.048872384155400184e+00 2.695389299257831051e-20 6.151957417295090128e-21
5.049537384154971775e+00 4.002987691331242705e-20 5.723516117822180197e-21
5.050202384154543367e+00 2.958894584688120321e-20 6.164671651944459964e-21
5.050867384154114959e+00 4.887598851316691145e-20 5.333192630108017287e-21
5.051532384153686550e+00 5.947010214790191871e-20 5.433345655211896701e-21
5.052197384153258142e+00 4.015699666450630233e-20 6.035307521605262556e-21
5.052862384152829733e+00 -1.700406237416398196e-20 5.653253988632835115e-21
5.053527384152401325e+00 1.165602299800418703e-20 5.429427890093513918e-21
5.054192384151972917e+00 -7.620229818651093532e-21 5.598298803007442232e-21
5.054857384151544508e+00 -8.136027862212235899e-21 5.638998457849212394e-21
5.055522384151116100e+00 2.227586147945526436e-20 6.718744660746533306e-21
5.056187384150687691e+00 4.486822746976003622e-20 5.480349855234672822e-21
5.056852384150259283e+00 6.217040654006104429e-20 5.635555200178085529e-21
5.057517384149830875e+00 4.118830074075789005e-20 5.579710447049253355e-21
5.058182384149402466e+00 4.070894883473366199e-20 5.726063998670565525e-21
5.058847384148974058e+00 2.670065154039098220e-20 6.163723340767034262e-21
5.059512384148545650e+00 3.984563389401568652e-20 5.668206628683365675e-21
5.060177384148117241e+00 -7.846552505667213540e-21 5.540219616469805606e-21
5.060842384147688833e+00 1.949089359686386701e-20 5.502931766855623221e-21
5.061507384147260424e+00 2.265800705437419155e-20 5.304320436507091242e-21
5.062172384146832016e+00 3.339177355132978140e-20 5.733384227799733269e-21
5.062837384146403608e+00 -2.901624106235651606e-21 6.840924797359591829e-21
5.063502384145975199e+00 -4.372667477685656846e-21 7.054453973414009462e-21
5.064167384145546791e+00 4.516658471488780127e-20 6.738972954628550508e-21
5.064832384145118382e+00 -8.183742686543375477e-21 6.052215090632571509e-21
5.065497384144689974e+00 1.733806212674537586e-20 5.491327000260327254e-21
5.066162384144261566e+00 -1.942405764245042164e-20 5.644761194896907313e-21
5.066827384143833157e+00 1.558969603812891228e-21 5.623671908274673116e-21
5.067492384143404749e+00 3.289903637038638217e-20 5.409298738483885572e-21
5.068157384142976341e+00 -2.317238381134532013e-21 5.335118683265858136e-21
5.068822384142547932e+00 3.041724787795049361e-20 5.206759907610748525e-21
5.069487384142119524e+00 4.059582662380041981e-20 5.325878944816781473e-21
5.070152384141691115e+00 6.413796069737338371e-20 5.732572463111456572e-21
5.070817384141262707e+00 4.516609622490880367e-20 6.083219293722274197e-21
5.071482384140834299e+00 6.005640265872378672e-20 5.856200776294609305e-21
5.072147384140405890e+00 4.618388781339439468e-20 5.024475276059321639e-21
5.072812384139977482e+00 4.917114614860157448e-20 5.580527148452435101e-21
5.073477384139549073e+00 2.900042151200740309e-20 5.244611061438976487e-21
5.074142384139120665e+00 1.143208756777153419e-20 5.427599934905643226e-21
5.074807384138692257e+00 5.816378192392331787e-21 6.068948228910590469e-21
5.075472384138263848e+00 1.976813016755325324e-20 5.779976335819770204e-21
5.076137384137835440e+00 2.380799321253513339e-20 5.479021689155056434e-21
5.076802384137407032e+00 6.385047190842342070e-20 6.560300948574663186e-21
5.077467384136978623e+00 4.095479832789252134e-20 6.730682759833172387e-21
5.078132384136550215e+00 3.922873499886460579e-20 5.971291141001182270e-21
5.078797384136121806e+00 -7.692596055351385563e-21 5.442902937057733342e-21
5.079462384135693398e+00 7.588342899324765921e-22 5.087814660430239069e-21
5.080127384135264990e+00 6.952097723070953036e-20 6.101060820880044375e-21
5.080792384134836581e+00 1.521098643813715592e-20 5.545357346366158951e-21
5.081457384134408173e+00 -1.919301759555966006e-20 5.629801465971742845e-21
5.082122384133979764e+00 1.707961555528988588e-20 5.609450240611605135e-21
5.082787384133551356e+00 1.086386868931353423e-20 5.780285444617269895e-21
5.083452384133122948e+00 3.404855835774833052e-20 5.377262537697165550e-21
5.084117384132694539e+00 1.273692719063805128e-20 5.672127161685227941e-21
5.084782384132266131e+00 -3.037719449210336400e-21 6.455143588652337506e-21
5.085447384131837723e+00 2.158598333165684120e-20 5.698391997279783948e-21
5.086112384131409314e+00 2.751031425449016192e-20 5.926078547293664157e-21
5.086777384130980906e+00 1.593871702697730498e-20 5.621742909203505571e-21
5.087442384130552497e+00 5.658679039069457007e-20 7.261005987126435106e-21
5.088107384130124089e+00 3.056740230889545231e-20 5.983263819332633192e-21
5.088772384129695681e+00 1.656923717709329372e-20 5.498010715861317019e-21
5.089437384129267272e+00 9.814468669936353362e-21 5.550263601742819147e-21
5.090102384128838864e+00 1.368778634101445571e-20 5.296841527882939306e-21
5.090767384128410455e+00 4.027437719107199670e-20 6.133105541512817077e-21
5.091432384127982047e+00 3.977135325157048738e-20 5.889248999029450159e-21
5.092097384127553639e+00 7.739175121532461106e-21 5.276322036696139614e-21
5.092762384127125230e+00 3.667020637331643241e-21 5.241631573461828253e-21
5.093427384126696822e+00 3.867897321167067654e-20 6.159072068404357201e-21
5.094092384126268414e+00 4.933345819004695399e-20 5.393062966908718526e-21
5.094757384125840005e+00 4.402059562598936066e-20 5.468122109194791042e-21
5.095422384125411597e+00 2.453716057282827630e-20 6.495877998094983134e-21
5.096087384124983188e+00 4.549660680062864246e-20 5.031827668275690051e-21
5.096752384124554780e+00 3.047631869992877009e-20 5.292855959409068378e-21
5.097417384124126372e+00 4.338175352639878538e-20 5.139311221136032458e-21
5.098082384123697963e+00 2.938931714977161196e-20 5.914196975830009447e-21
5.098747384123269555e+00 3.863469975091639785e-20 1.102253955619777760e-20
5.099412384122841146e+00 4.352829358816287001e-20 9.132859189923057449e-21
5.100077384122412738e+00 3.842008378766682415e-20 1.080166535743158901e-20
5.100742384121984330e+00 2.448689515597834163e-20 5.714457141333785920e-21
5.101407384121555921e+00 2.768955309969559756e-20 5.573872404039936788e-21
5.102072384121127513e+00 2.442483644168698251e-20 5.646020119152571106e-21
5.102737384120699105e+00 7.163314700919983700e-21 5.698809626967254679e-21
5.103402384120270696e+00 2.409390068424108305e-20 5.658260039402760158e-21
5.104067384119842288e+00 2.617628638307214506e-20 5.328032362637301231e-21
5.104732384119413879e+00 2.936462369902980621e-20 5.742606527789094590e-21
5.105397384118985471e+00 5.044056939856407135e-20 5.645341903652117658e-21
5.106062384118557063e+00 4.231513182513762311e-20 5.458872682203106310e-21
5.106727384118128654e+00 5.047491096584668697e-20 5.741454015257160311e-21
5.107392384117700246e+00 1.350827672908300670e-20 6.136009537227882955e-21
5.108057384117271837e+00 3.095735247557869458e-20 5.187311438818157689e-21
5.108722384116843429e+00 3.034129484956222884e-20 5.964911628435920944e-21
5.109387384116415021e+00 2.849466791481600932e-20 5.723107435264866003e-21
5.110052384115986612e+00 4.529831220999274525e-20 5.658591670378860460e-21
5.110717384115558204e+00 4.088448336656898657e-20 5.745286192791808957e-21
5.111382384115129796e+00 2.006519833207931446e-20 5.443184715925130600e-21
5.112047384114701387e+00 1.121616318098375854e-20 5.822593117269356218e-21
5.112712384114272979e+00 3.712547874951317320e-20 5.752579800244371023e-21
5.113377384113844570e+00 3.490487405725110560e-20 3.789523306123819493e-20
5.114042384113416162e+00 6.188959629427801323e-20 4.509042107508577773e-20
5.114707384112987754e+00 2.902496379733784136e-20 3.496907533520644644e-20
5.115372384112559345e+00 3.218008182047092003e-20 4.590691360396181156e-20
5.116037384112130937e+00 5.094186019862769843e-20 6.081713287047866236e-21
5.116702384111702528e+00 2.285729104155447271e-20 5.878667536111054101e-21
5.117367384111274120e+00 1.242842921134302519e-20 5.815454840396717034e-21
5.118032384110845712e+00 4.328080960043961574e-20 6.674832963497825411e-21
5.118697384110417303e+00 5.517402218947612385e-20 5.653916052545806144e-21
5.119362384109988895e+00 4.796045071186847593e-20 5.504329176868731131e-20
5.120027384109560487e+00 2.783359843486732973e-20 7.847374472423626028e-21
5.120692384109132078e+00 2.602904771766445928e-20 5.610643591962005576e-21
5.121357384108703670e+00 1.009040074707069218e-20 5.712535498102326842e-21
5.122022384108275261e+00 -3.038401789462052526e-21 6.089354861887431669e-21
5.122687384107846853e+00 5.220448668099281626e-20 5.714970752951475223e-21
5.123352384107418445e+00 8.100097125754468325e-20 5.553428923165405111e-21
5.124017384106990036e+00 6.651549695297009649e-21 5.512757157053692963e-21
5.124682384106561628e+00 2.484328017591004699e-20 5.207169627278908542e-21
5.125347384106133219e+00 6.815329480630260508e-20 5.408740327718769468e-21
5.126012384105704811e+00 5.544740768355982872e-20 5.806584693479740100e-21
5.126677384105276403e+00 4.378844088537425493e-20 5.473880044462028252e-21
5.127342384104847994e+00 2.674061664789942191e-20 5.447673206118186542e-21
5.128007384104419586e+00 4.569093325216898794e-20 5.732030165995196737e-21
5.128672384103991178e+00 3.848773741340247050e-20 6.464586926743088276e-21
5.129337384103562769e+00 2.248895263638308800e-20 5.685004202639597554e-21
5.130002384103134361e+00 5.772951932076606011e-20 5.916059101541830155e-21
5.130667384102705952e+00 5.055252064376026336e-20 5.567189027316476257e-21
5.131332384102277544e+00 4.321739486731284860e-20 5.499400457960622691e-21
5.131997384101849136e+00 4.849042568459979448e-20 5.944813276842213737e-21
5.132662384101420727e+00 5.763689259511732157e-20 5.824703478482963177e-21
5.133327384100992319e+00 7.176138456302675614e-20 6.234726798128729581e-21
5.133992384100563910e+00 3.506265717356796705e-20 6.234711381616775287e-21
5.134657384100135502e+00 2.415974952543477021e-20 6.056445420000701878e-21
5.135322384099707094e+00 4.037703462462844730e-20 6.813510770550160769e-21
5.135987384099278685e+00 4.654815292409521056e-20 5.704853696136647935e-21
5.136652384098850277e+00 3.707803411568884876e-20 5.898743922350063252e-21
5.137317384098421869e+00 5.125276823301714518e-20 5.564085604692971344e-21
5.137982384097993460e+00 9.991326422675247747e-20 5.893456490647093582e-21
5.138647384097565052e+00 3.324626585960668863e-20 5.629490395785853601e-21
5.139312384097136643e+00 4.104197651196146315e-20 5.959103162998223897e-21
5.139977384096708235e+00 6.882418984604299502e-20 5.508083073142559089e-21
5.140642384096279827e+00 5.732393389585207945e-20 5.928271262708990557e-21
5.141307384095851418e+00 5.444322081053115633e-20 5.994584180925761893e-21
5.141972384095423010e+00 7.135213802315100225e-20 5.777626584073253879e-21
5.142637384094994601e+00 6.661949017468381014e-20 6.241626836112105075e-21
5.143302384094566193e+00 7.892422981060807952e-20 7.027112657000590583e-21
5.143967384094137785e+00 6.567895246634476405e-20 6.286798631670789453e-21
5.144632384093709376e+00 5.025044697458200205e-20 5.801684703918557317e-21
5.145297384093280968e+00 8.056695463800976481e-20 5.818643671616075332e-21
5.145962384092852560e+00 5.603616066177092519e-20 5.497297013951696312e-21
5.146627384092424151e+00 7.278373104218151094e-20 6.108871624161222016e-21
5.147292384091995743e+00 7.695744453001794643e-20 6.420748791068309811e-21
5.147957384091567334e+00 1.276421697955979891e-19 6.310876494304735786e-21
5.148622384091138926e+00 1.018230969549852815e-19 6.109149770873016690e-21
5.149287384090710518e+00 7.120518561118129293e-20 5.689110509197777510e-21
5.149952384090282109e+00 6.973050067918379585e-20 5.811762890057118499e-21
5.150617384089853701e+00 9.706518626577021092e-20 5.701021675224072147e-21
5.151282384089425292e+00 1.133680340467251975e-19 5.658193130138743730e-21
5.151947384088996884e+00 7.237684463519823009e-20 5.645364736202652435e-21
5.152612384088568476e+00 1.036474007676349173e-19 6.012438125339545591e-21
5.153277384088140067e+00 1.343069323451583105e-19 5.752535486751061534e-21
5.153942384087711659e+00 1.046857350975444486e-19 6.055257500850993041e-21
5.154607384087283251e+00 1.415128061539472589e-19 6.103768720899661045e-21
5.155272384086854842e+00 1.311664145621186674e-19 5.803308242101368957e-21
5.155937384086426434e+00 1.356817928027904281e-19 6.046668053234732892e-21
5.156602384085998025e+00 1.015234060979976479e-19 6.079183313539790834e-21
5.157267384085569617e+00 1.074169226848512172e-19 6.180635171985796424e-21
5.157932384085141209e+00 1.151367670290291020e-19 5.964202050273308562e-21
5.158597384084712800e+00 1.040025121675557679e-19 6.456096783907906000e-21
5.159262384084284392e+00 1.018464320159379482e-19 6.090392148474945813e-21
5.159927384083855983e+00 7.620811852486896661e-20 5.820179931243502277e-21
5.160592384083427575e+00 9.358184533052362336e-20 5.388681289896040387e-21
5.161257384082999167e+00 6.019112354970636901e-20 5.604196287115022265e-21
5.161922384082570758e+00 5.098117449665530022e-20 5.697993618631852818e-21
5.162587384082142350e+00 8.501997690926438742e-20 5.764544437329948480e-21
5.163252384081713942e+00 7.688465166225513970e-20 6.075938027596337827e-21
5.163917384081285533e+00 7.670724050878272193e-20 6.438477597953107914e-21
5.164582384080857125e+00 9.289849141601052987e-20 6.193695259675175047e-21
5.165247384080428716e+00 5.877135401880115184e-20 5.627322039726338000e-21
5.165912384080000308e+00 4.065998178598460748e-20 5.978105377148479482e-21
5.166577384079571900e+00 8.476504966638328367e-20 5.931541466970793789e-21
5.167242384079143491e+00 1.081472486218171082e-19 1.004051017181966454e-20
5.167907384078715083e+00 1.089646273249628078e-19 1.128458593943536178e-20
5.168572384078286674e+00 8.070292812052712652e-20 1.979647442077064063e-20
5.169237384077858266e+00 7.237965647392291249e-20 6.039755257798592505e-21
5.169902384077429858e+00 8.413092237770514879e-20 6.454836341469688576e-21
5.170567384077001449e+00 7.720881757720742374e-20 6.263921233989303541e-21
5.171232384076573041e+00 9.453000270179517880e-20 6.521943267703286829e-21
5.171897384076144633e+00 7.079718199178244068e-20 5.764072202932983092e-21
5.172562384075716224e+00 3.863677079668063516e-20 5.954677425542147245e-21
5.173227384075287816e+00 1.380930638110675079e-20 5.900237401242409140e-21
5.173892384074859407e+00 -4.990299926839113388e-21 5.672131953502669492e-21
5.174557384074430999e+00 -5.574472913228237965e-21 5.728993371306125077e-21
5.175222384074002591e+00 2.822789814677843487e-20 5.660447467838315379e-21
5.175887384073574182e+00 2.388155867645334503e-20 5.615005178024611428e-21
5.176552384073145774e+00 5.078664697794607211e-20 5.827827392061967349e-21
5.177217384072717365e+00 9.137502136963028328e-20 6.352586454218181026e-21
5.177882384072288957e+00 2.052240360378636147e-20 5.696162975712773989e-21
5.178547384071860549e+00 1.723853077583989914e-20 6.027900297185391718e-21
5.179212384071432140e+00 2.570559182980286610e-20 5.894945545096863290e-21
5.179877384071003732e+00 3.072648691253158620e-20 5.582362083096197047e-21
5.180542384070575324e+00 8.263556152677946878e-20 5.377500169102146213e-21
5.181207384070146915e+00 2.993197650093740355e-20 5.995002099899858559e-21
5.181872384069718507e+00 1.961624068100846561e-20 5.748169175266127896e-21
5.182537384069290098e+00 2.417614304859897987e-20 5.873167339166993493e-21
5.183202384068861690e+00 8.771361165478815690e-21 6.978781869830309538e-21
5.183867384068433282e+00 1.048609909937674791e-20 1.230510921699697309e-20
5.184532384068004873e+00 2.095131014790041652e-20 1.063925077637285783e-20
5.185197384067576465e+00 3.273215307014991172e-20 7.306594170920321505e-21
5.185862384067148056e+00 -7.634763307605150984e-21 5.968391347832878659e-21
5.186527384066719648e+00 3.776145426016657674e-20 6.223453090641212296e-21
5.187192384066291240e+00 1.543960437304477134e-20 5.566216904005131941e-21
5.187857384065862831e+00 1.938325664946636200e-20 6.296523710251711630e-21
5.188522384065434423e+00 3.471196307019224735e-20 6.041743476884396078e-21
5.189187384065006015e+00 3.565053377761544524e-20 5.965632385223043282e-21
5.189852384064577606e+00 3.511100545845450276e-20 5.301362379383704991e-21
5.190517384064149198e+00 5.920312298827259430e-21 5.868871312323548189e-21
5.191182384063720789e+00 4.315273318465217456e-21 6.153646834484775445e-21
5.191847384063292381e+00 2.621179911384392624e-20 6.644272218035709722e-21
5.192512384062863973e+00 -2.982036995768163029e-21 6.182399595786351479e-21
5.193177384062435564e+00 3.175963422991547133e-20 5.510796114628640256e-21
5.193842384062007156e+00 7.899385579979316996e-20 6.028826901859089320e-21
5.194507384061578747e+00 4.975850624603954917e-20 6.481901613371455163e-21
5.195172384061150339e+00 8.632728529599654084e-21 7.093824793462586018e-21
5.195837384060721931e+00 1.690892766180198476e-20 5.921630090811817839e-21
5.196502384060293522e+00 5.973239469262006273e-20 5.680211908493629426e-21
5.197167384059865114e+00 4.413301492013878332e-20 5.798653828953328333e-21
5.197832384059436706e+00 4.537804749094049155e-20 5.483250865045563053e-21
5.198497384059008297e+00 2.021418291903144499e-20 5.616074066250873931e-21
5.199162384058579889e+00 -1.012887492080555473e-20 5.640181115085362249e-21
5.199827384058151480e+00 1.267620398688331138e-20 5.962925489727795820e-21
5.200492384057723072e+00 2.384455312651425444e-20 6.858448127048080417e-21
5.201157384057294664e+00 1.196783507795868254e-20 6.471785930227751859e-21
5.201822384056866255e+00 4.316879384462515213e-20 6.038227061694860508e-21
5.202487384056437847e+00 3.006098265284113397e-20 5.511121684176832367e-21
5.203152384056009438e+00 2.655562932359535508e-21 6.001377205549493240e-21
5.203817384055581030e+00 -4.152226146002600698e-20 6.063929107950889788e-21
5.204482384055152622e+00 3.445370754024620289e-20 5.816544342842014112e-21
5.205147384054724213e+00 6.612926940208108902e-20 6.234493675875385813e-21
5.205812384054295805e+00 3.340096486353316423e-20 6.236636001938333693e-21
5.206477384053867397e+00 3.207205293770947442e-20 7.089410849763472590e-21
5.207142384053438988e+00 -4.852609237237436445e-21 5.952615873109723600e-21
5.207807384053010580e+00 -1.283437725564689719e-20 5.444503120341602556e-21
5.208472384052582171e+00 2.660477097223558323e-20 6.273029317945728127e-21
5.209137384052153763e+00 1.123040681495111110e-20 5.934523351291020938e-21
5.209802384051725355e+00 4.080807268646855727e-20 5.548146789989067691e-21
5.210467384051296946e+00 3.256208592499418574e-20 6.077320164642809030e-21
5.211132384050868538e+00 1.017367913465344804e-20 8.220313341659518372e-21
5.211797384050440129e+00 1.975034008186978079e-20 7.781152650436902493e-21
5.212462384050011721e+00 6.174455372708510530e-20 1.043356300746443637e-20
5.213127384049583313e+00 1.905992606730047203e-21 7.230297750044134852e-21
5.213792384049154904e+00 -6.074352377209218650e-21 8.806034454889790204e-21
5.214457384048726496e+00 -3.694276697163285055e-21 6.101737398443748895e-21
5.215122384048298088e+00 5.573352998517476730e-20 5.896078770516139472e-21
5.215787384047869679e+00 7.139940175063690278e-20 6.382308658357313358e-21
5.216452384047441271e+00 7.874360667823997585e-20 5.952564913708487094e-21
5.217117384047012862e+00 3.982144373694788811e-20 5.727291108019594713e-21
5.217782384046584454e+00 1.039872793529294377e-20 6.304754003011589075e-21
5.218447384046156046e+00 1.591677030932311228e-20 6.782335219315468473e-21
5.219112384045727637e+00 4.288402156832784038e-20 6.217571677653765710e-21
5.219777384045299229e+00 6.314320646216908408e-20 5.948113282250864323e-21
5.220442384044870821e+00 2.668008020180398439e-20 6.231093846449262103e-21
5.221107384044442412e+00 -9.824094268223785395e-21 6.317754772593581282e-21
5.221772384044014004e+00 1.128239790111557408e-20 6.539639635373828436e-21
5.222437384043585595e+00 1.676864418101567370e-20 5.840256066987943111e-21
5.223102384043157187e+00 3.820747309667054364e-20 5.643648807893124061e-21
5.223767384042728779e+00 5.896546609078192166e-20 5.753561877085068432e-21
5.224432384042300370e+00 9.140869225558344227e-21 6.554929789118019263e-21
5.225097384041871962e+00 2.154411531403412394e-20 6.118158177425924236e-21
5.225762384041443553e+00 -1.822651084618798021e-20 5.967065810061269685e-21
5.226427384041015145e+00 -2.576830960872300976e-20 5.706586684798347578e-21
5.227092384040586737e+00 8.515989830371237711e-21 6.620381752317728064e-21
5.227757384040158328e+00 2.247762839832508695e-20 6.223074870817716080e-21
5.228422384039729920e+00 6.882528436389806991e-21 6.389164106133048814e-21
5.229087384039301512e+00 7.832309559296440116e-20 5.915547409022937364e-21
5.229752384038873103e+00 1.101791881885916391e-20 5.828232314986424842e-21
5.230417384038444695e+00 3.636637458405475680e-20 6.052994091465562956e-21
5.231082384038016286e+00 4.442162636669224858e-20 6.099864619238192044e-21
5.231747384037587878e+00 3.344218433487633150e-20 6.600820295060134041e-21
5.232412384037159470e+00 5.198688659629618132e-20 6.117490454701437912e-21
5.233077384036731061e+00 6.499515311680116748e-20 5.952769377220003426e-21
5.233742384036302653e+00 8.817720084430953881e-21 6.332794640047788767e-21
5.234407384035874244e+00 2.431165317335110560e-20 6.178782672526418920e-21
5.235072384035445836e+00 1.151807113517948525e-20 5.613368004729581664e-21
5.235737384035017428e+00 2.945168200960270274e-20 6.126866172451812896e-21
5.236402384034589019e+00 6.833720073828878275e-20 6.380597315765802757e-21
5.237067384034160611e+00 6.827673927503375491e-20 6.257271613264288938e-21
5.237732384033732203e+00 3.800467346955819761e-20 8.120321948625772368e-21
5.238397384033303794e+00 3.167890400867949024e-20 7.202120886026500667e-21
5.239062384032875386e+00 -2.926947479114375156e-20 6.689011585863492615e-21
5.239727384032446977e+00 -1.259073340163905403e-20 6.259372088158939576e-21
5.240392384032018569e+00 7.735302619680928547e-21 7.969065283105124616e-21
5.241057384031590161e+00 7.252535989608993590e-21 6.791696267096340983e-21
5.241722384031161752e+00 -2.683797834298531216e-20 6.257161057571432632e-21
5.242387384030733344e+00 2.405225882248628406e-20 6.028255888733272028e-21
5.243052384030304935e+00 4.308667364538872953e-20 6.243644364545653008e-21
5.243717384029876527e+00 3.719187128076318156e-20 6.088923787153257384e-21
5.244382384029448119e+00 4.645429626302718180e-20 5.992578853759258763e-21
5.245047384029019710e+00 2.288306998551072132e-20 6.073626045993182314e-21
5.245712384028591302e+00 3.188878728579454625e-20 6.048098527212503123e-21
5.246377384028162894e+00 1.481723558257625216e-20 6.063581684023898767e-21
5.247042384027734485e+00 4.740307739621037106e-20 6.164130790254274550e-21
5.247707384027306077e+00 2.556359049655518883e-20 6.446899647713361721e-21
5.248372384026877668e+00 1.031777469073581532e-20 6.400291937033367453e-21
5.249037384026449260e+00 2.504205689062157922e-20 6.455998538168296908e-21
5.249702384026020852e+00 -1.632538535763568981e-20 6.577405415757587987e-21
5.250367384025592443e+00 4.138864210652028424e-20 8.865850693736877746e-21
5.251032384025164035e+00 6.645028232155903596e-20 1.546685684165045483e-20
5.251697384024735626e+00 2.495071628330462506e-20 2.361919579867735957e-20
5.252362384024307218e+00 -4.698261704464027191e-20 1.809462596333880319e-20
5.253027384023878810e+00 2.462173529556156026e-20 6.245639989546126010e-21
5.253692384023450401e+00 -1.170849031302043267e-20 6.267483554770091699e-21
5.254357384023021993e+00 -3.357830149259267307e-20 7.115761886724409192e-21
5.255022384022593585e+00 1.423900906631415461e-21 6.722607715621948285e-21
5.255687384022165176e+00 -2.738463264809470941e-20 6.338116932126995577e-21
5.256352384021736768e+00 3.473719338501066819e-20 6.821014783952630509e-21
5.257017384021308359e+00 3.035736404354537470e-20 6.606987507583134098e-21
5.257682384020879951e+00 1.495510275215826948e-20 6.084549314236807557e-21
5.258347384020451543e+00 4.506184533655564058e-20 6.428414830495466026e-21
5.259012384020023134e+00 3.519823370152598364e-20 6.594098654973217968e-21
5.259677384019594726e+00 3.684780842032062851e-20 6.688315714735567116e-21
5.260342384019166317e+00 5.489760719154294123e-20 6.610944695088551437e-21
5.261007384018737909e+00 3.576960380075006636e-20 6.511891820718383040e-21
5.261672384018309501e+00 4.879498458192335174e-20 6.694091839906780672e-21
5.262337384017881092e+00 4.464539942352357493e-20 6.289438136792596800e-21
5.263002384017452684e+00 2.981769539066271140e-20 5.662157528710089860e-21
5.263667384017024276e+00 1.332550987616704821e-20 6.530201123313479028e-21
5.264332384016595867e+00 7.095975145021847418e-20 6.097772539617639895e-21
5.264997384016167459e+00 2.561671834521348549e-20 6.075380130195781576e-21
5.265662384015739050e+00 1.070285522505613572e-20 6.370502091695320328e-21
5.266327384015310642e+00 2.950772932644730438e-20 6.068199677567422700e-21
5.266992384014882234e+00 1.989925979957215325e-20 6.251447526077299935e-21
5.267657384014453825e+00 8.599463189195521604e-21 6.162605028926129031e-21
5.268322384014025417e+00 6.983528489817627291e-22 6.755826772034911386e-21
5.268987384013597008e+00 3.337166533651467533e-20 5.858739616352685440e-21
5.269652384013168600e+00 5.802916127465117843e-20 9.185850942753846972e-21
5.270317384012740192e+00 -3.787840387093717174e-20 1.101562883402776668e-20
