Wavelength_um Flux Err
2.870332385558867827e+00 5.906640753596131503e-21 4.309486017766732351e-21
2.870997385558439419e+00 -3.363394098223062617e-21 3.550600414352483132e-21
2.871662385558011010e+00 -1.558795727027392499e-21 2.777966711136542331e-21
2.872327385557582602e+00 1.262939746500184527e-20 3.232316508145373862e-21
2.872992385557154194e+00 6.614781136391617520e-21 3.476167029719636864e-21
2.873657385556725785e+00 2.041035899060336993e-20 3.239627327620200016e-21
2.874322385556297377e+00 9.573207580231761080e-21 2.949434774811569726e-21
2.874987385555868968e+00 1.446417575391434850e-20 2.661823906754927069e-21
2.875652385555440560e+00 4.072662473909423326e-21 3.318553118246916311e-21
2.876317385555012152e+00 5.142133363536651891e-21 3.052988615796771776e-21
2.876982385554583743e+00 5.811700302137563830e-21 2.494241032341675608e-21
2.877647385554155335e+00 1.099307907482972005e-20 2.471916195654310412e-21
2.878312385553726926e+00 1.113678382744203608e-20 2.888030703010605310e-21
2.878977385553298518e+00 1.461960667433866578e-20 3.668386648613445801e-21
2.879642385552870110e+00 5.587142618848373017e-21 3.306483103720824755e-21
2.880307385552441701e+00 6.795733984848461251e-21 3.132506949726755171e-21
2.880972385552013293e+00 5.575979191343670448e-21 2.952543008167162194e-21
2.881637385551584885e+00 -2.827167525512658823e-21 2.840419853913103426e-21
2.882302385551156476e+00 -8.269637678960272066e-21 2.758223117758093783e-21
2.882967385550728068e+00 4.327439455172404853e-21 2.362024711842523909e-21
2.883632385550299659e+00 7.889730609652750514e-21 2.566054927270576901e-21
2.884297385549871251e+00 -6.959890131875342997e-21 2.380574205204592475e-21
2.884962385549442843e+00 1.783751095260178787e-21 2.959916269860353970e-21
2.885627385549014434e+00 -5.574193577219358055e-21 2.675294651930082742e-21
2.886292385548586026e+00 -1.395503244601853689e-20 2.870630707223570696e-21
2.886957385548157617e+00 5.170203562945685745e-21 2.101650370647029417e-21
2.887622385547729209e+00 -8.020867430934049496e-22 2.959546031320212559e-21
2.888287385547300801e+00 -8.055910068710081837e-21 2.584323399255795499e-21
2.888952385546872392e+00 1.281561096977563246e-20 3.196175919301285321e-21
2.889617385546443984e+00 1.168960976724068300e-20 2.538254714675406445e-21
2.890282385546015576e+00 1.936616333426215192e-20 2.286218787353369792e-21
2.890947385545587167e+00 2.205085732045024231e-20 2.845432979324300561e-21
2.891612385545158759e+00 1.211855005380997690e-20 2.971916560777914190e-21
2.892277385544730350e+00 8.543754077007583496e-21 3.228613948972725453e-21
2.892942385544301942e+00 2.393470103109542787e-21 2.730934033849289361e-21
2.893607385543873534e+00 -3.936892685930549063e-21 2.757921642507818252e-21
2.894272385543445125e+00 1.302906607205686428e-20 2.686686108022064287e-21
2.894937385543016717e+00 1.804772296087561094e-20 3.381318477071979631e-21
2.895602385542588308e+00 1.685743903701569912e-20 3.145820289102662724e-21
2.896267385542159900e+00 2.069383007764769527e-20 3.126850243729436056e-21
2.896932385541731492e+00 1.895213099669014085e-20 3.156678445405728896e-21
2.897597385541303083e+00 1.570056350620574350e-20 2.446415647457835122e-21
2.898262385540874675e+00 1.882105497239736905e-20 3.276720944148093059e-21
2.898927385540446267e+00 1.993505556106024570e-20 2.994493144250807627e-21
2.899592385540017858e+00 3.089092454150483567e-20 2.300020588338861184e-21
2.900257385539589450e+00 2.577196694878570479e-20 2.512285340116740363e-21
2.900922385539161041e+00 4.116150774320657249e-20 3.230552201807412880e-21
2.901587385538732633e+00 2.343233235349957431e-20 3.378326451836935953e-21
2.902252385538304225e+00 2.381796366886611522e-20 3.826875395992882890e-21
2.902917385537875816e+00 2.070896228264583217e-20 2.915352535593424678e-21
2.903582385537447408e+00 1.655497179183489877e-20 3.074122864929103956e-21
2.904247385537018999e+00 1.179451440798607046e-20 3.048453341594880105e-21
2.904912385536590591e+00 3.419406739383986097e-21 2.611855063734072199e-21
2.905577385536162183e+00 1.189674980416999887e-20 3.320711730335006715e-21
2.906242385535733774e+00 1.147877360297014087e-20 3.164023448916114856e-21
2.906907385535305366e+00 1.495788511093361568e-20 2.742165635812402647e-21
2.907572385534876958e+00 5.652283567667065957e-21 2.743942278184472899e-21
2.908237385534448549e+00 4.613727865902701489e-21 3.079267012350052065e-21
2.908902385534020141e+00 1.308174668295226914e-20 3.097370230996442745e-21
2.909567385533591732e+00 1.498042544555616156e-20 2.823912793408775990e-21
2.910232385533163324e+00 4.422743368507610711e-21 2.570230822012870358e-21
2.910897385532734916e+00 9.351291096248957039e-21 3.014232418006292916e-21
2.911562385532306507e+00 1.260669581702955959e-20 2.515951497994284821e-21
2.912227385531878099e+00 8.906149145259475346e-21 2.896654635612651085e-21
2.912892385531449690e+00 5.233445364074487209e-21 2.519535302177653691e-21
2.913557385531021282e+00 7.305359595494477451e-21 2.291333804285811951e-21
2.914222385530592874e+00 9.043450125034599840e-21 2.832882359506439428e-21
2.914887385530164465e+00 1.958447889912383439e-21 2.189252664371826094e-21
2.915552385529736057e+00 8.823265449491822430e-21 2.799676335119333012e-21
2.916217385529307649e+00 4.589291559632285061e-21 2.731275067944684197e-21
2.916882385528879240e+00 -8.260601051119074095e-22 2.659223654897897064e-21
2.917547385528450832e+00 1.192571601298146087e-21 2.725015187828302040e-21
2.918212385528022423e+00 4.202466511321342077e-21 2.516207280671548349e-21
2.918877385527594015e+00 1.420345467280173179e-20 2.271263704435411825e-21
2.919542385527165607e+00 1.159185812742750619e-20 2.621897869549153413e-21
2.920207385526737198e+00 5.587598204392522201e-21 2.261270494802349461e-21
2.920872385526308790e+00 9.821690514957338990e-21 2.398837057901240424e-21
2.921537385525880381e+00 7.155695626292993416e-21 2.158944446981582896e-21
2.922202385525451973e+00 1.732840914811065547e-20 2.074413427742986991e-21
2.922867385525023565e+00 1.906163857363623862e-20 2.043892321572046769e-21
2.923532385524595156e+00 1.319442327986693489e-20 2.204901325491711790e-21
2.924197385524166748e+00 1.580267820033117422e-20 2.427105231153834959e-21
2.924862385523738340e+00 1.329355869527062494e-20 2.100477423697159214e-21
2.925527385523309931e+00 1.889081036946251729e-20 2.214418937543011518e-21
2.926192385522881523e+00 1.182842948042065872e-20 2.114134375796453844e-21
2.926857385522453114e+00 1.414941765697266818e-20 1.983908141848254188e-21
2.927522385522024706e+00 2.521579186245242805e-20 2.198105406019904942e-21
2.928187385521596298e+00 2.775941989709491689e-20 2.153721330572635089e-21
2.928852385521167889e+00 1.746610711683854002e-20 2.238465111197694270e-21
2.929517385520739481e+00 5.528265863818257434e-21 2.236668834447719128e-21
2.930182385520311072e+00 1.085469411528165437e-20 2.227757343021801087e-21
2.930847385519882664e+00 1.040302077922697367e-20 2.016130173972562867e-21
2.931512385519454256e+00 1.109802410419220122e-20 1.890019739440900811e-21
2.932177385519025847e+00 8.636056975181827856e-21 1.999357661183311473e-21
2.932842385518597439e+00 1.644208789429415247e-20 2.531028367829218162e-21
2.933507385518169031e+00 3.089599170892601438e-20 2.513791868285809284e-21
2.934172385517740622e+00 3.382288510969334167e-21 2.385316825820223160e-21
2.934837385517312214e+00 3.049166512684911368e-21 2.290144879499190756e-21
2.935502385516883805e+00 9.587166156201422095e-21 1.982141338495370992e-21
2.936167385516455397e+00 1.300957347918494997e-20 2.590851194819349838e-21
2.936832385516026989e+00 1.598338991789579300e-20 2.569700950113907611e-21
2.937497385515598580e+00 1.078238960898688960e-20 2.320653442573707814e-21
2.938162385515170172e+00 2.140483259267570507e-20 2.149524426709754679e-21
2.938827385514741763e+00 1.255128517825102310e-20 2.555881012451629432e-21
2.939492385514313355e+00 -3.377702499041193602e-22 2.577352295259163025e-21
2.940157385513884947e+00 6.808055408625217261e-21 2.627150938365807988e-21
2.940822385513456538e+00 -2.049256336040238179e-23 2.371569155563700512e-21
2.941487385513028130e+00 -9.831263840906350652e-22 2.304274009672389765e-21
2.942152385512599722e+00 6.988668548199217792e-21 2.276162442941425913e-21
2.942817385512171313e+00 1.324920626297866507e-20 2.287883837019688380e-21
2.943482385511742905e+00 1.292300691348779616e-21 2.299930573194461261e-21
2.944147385511314496e+00 8.725684569149141100e-21 2.663410345171132168e-21
2.944812385510886088e+00 8.642210218663029304e-21 2.004516333969604900e-21
2.945477385510457680e+00 4.952768375403745155e-21 2.264364804422214357e-21
2.946142385510029271e+00 2.440228062738688979e-21 2.110100932402823253e-21
2.946807385509600863e+00 3.929530292237922134e-21 2.442206717951986621e-21
2.947472385509172454e+00 -8.699913231633117998e-22 2.476767780409558073e-21
2.948137385508744046e+00 -6.257328243785905020e-21 2.799348960766343976e-21
2.948802385508315638e+00 1.041516694893986651e-20 2.631316683197225897e-21
2.949467385507887229e+00 1.135458418770939642e-20 2.637227086850125812e-21
2.950132385507458821e+00 6.531247798092767323e-21 2.036075409971695708e-21
2.950797385507030413e+00 9.252846057166597864e-21 2.397604993973240297e-21
2.951462385506602004e+00 1.532170615366033247e-20 2.579778401698444129e-21
2.952127385506173596e+00 1.105551391051082674e-20 2.217181360624451531e-21
2.952792385505745187e+00 1.872946240740443303e-20 2.278285126634187644e-21
2.953457385505316779e+00 1.351519475450727256e-20 2.389031816306083748e-21
2.954122385504888371e+00 1.128438022790619065e-20 2.549029047569746408e-21
2.954787385504459962e+00 1.088868911379831199e-20 2.556690882161310667e-21
2.955452385504031554e+00 3.639111845698593151e-21 2.415228032526806796e-21
2.956117385503603145e+00 5.508965096092127410e-21 2.129351139610616982e-21
2.956782385503174737e+00 1.264976572776802379e-20 2.087959659721441408e-21
2.957447385502746329e+00 9.782286230703034707e-21 2.589030740810580563e-21
2.958112385502317920e+00 1.089738210050054981e-21 2.311377498261604183e-21
2.958777385501889512e+00 9.593399271300215609e-21 2.091947744003846015e-21
2.959442385501461104e+00 1.013726880108763757e-21 2.333271870799806524e-21
2.960107385501032695e+00 7.680817212307252567e-21 2.534299051290454463e-21
2.960772385500604287e+00 6.776504839924697635e-21 1.881101318611668810e-21
2.961437385500175878e+00 8.174296105102554086e-21 2.145040960993958227e-21
2.962102385499747470e+00 1.124060846727458068e-20 2.172377264140233221e-21
2.962767385499319062e+00 8.769575667291011923e-21 2.178646564980838167e-21
2.963432385498890653e+00 5.844518260986099565e-21 2.262986977534976685e-21
2.964097385498462245e+00 6.269891449269383376e-21 2.286343116377115197e-21
2.964762385498033836e+00 2.601912540107624763e-20 2.347676346569418342e-21
2.965427385497605428e+00 9.506259764968813961e-21 2.050943968341292740e-21
2.966092385497177020e+00 4.918135509346010557e-21 2.373509461244060128e-21
2.966757385496748611e+00 5.944439841640695216e-21 2.072796258205560375e-21
2.967422385496320203e+00 9.120808299196129098e-21 2.048723192651772014e-21
2.968087385495891795e+00 1.070366969638961280e-20 2.141011121847335066e-21
2.968752385495463386e+00 -7.004644496827516299e-22 2.164685935063269676e-21
2.969417385495034978e+00 1.525217941275819900e-20 2.266308018543691493e-21
2.970082385494606569e+00 7.448890655171414359e-21 2.558897802044015028e-21
2.970747385494178161e+00 1.181662814301588269e-20 2.125865537649425143e-21
2.971412385493749753e+00 9.473390931543066912e-21 2.045757709307714590e-21
2.972077385493321344e+00 5.359117982193404850e-21 1.966595754746253126e-21
2.972742385492892936e+00 1.415191669096600389e-20 2.441901089748930224e-21
2.973407385492464527e+00 1.254774428661535100e-20 2.184859449711063780e-21
2.974072385492036119e+00 -6.136299354108507349e-22 2.092944428725491293e-21
2.974737385491607711e+00 5.355881935190918286e-21 2.215815088707377522e-21
2.975402385491179302e+00 1.562287597235624026e-20 2.263912624862081351e-21
2.976067385490750894e+00 1.935731638126296544e-20 2.107243326677147862e-21
2.976732385490322486e+00 1.272074533332716866e-20 1.740179879520418309e-21
2.977397385489894077e+00 1.664248345301325268e-20 2.197880957201034462e-21
2.978062385489465669e+00 1.075263268396862491e-20 1.899249830044014129e-21
2.978727385489037260e+00 2.888211962263652209e-21 1.825613024796718082e-21
2.979392385488608852e+00 8.109130978663419122e-21 1.854776181411190662e-21
2.980057385488180444e+00 4.391793573660514511e-21 2.015005312598360785e-21
2.980722385487752035e+00 1.782779464793043725e-21 1.999666223345454172e-21
2.981387385487323627e+00 9.111636473121121260e-22 1.891371202913852429e-21
2.982052385486895218e+00 5.752629737614347799e-21 1.726769798001141239e-21
2.982717385486466810e+00 -6.781503545298178117e-22 1.881495503371552760e-21
2.983382385486038402e+00 7.359994773905202980e-21 1.971743351151016306e-21
2.984047385485609993e+00 4.072181557181129080e-22 2.021190445260529618e-21
2.984712385485181585e+00 -1.936909054547103741e-21 1.804028856788905213e-21
2.985377385484753177e+00 5.924957195676795124e-21 2.214171735447172070e-21
2.986042385484324768e+00 1.415946561132223121e-20 1.851546662491286632e-21
2.986707385483896360e+00 1.378046371508715876e-20 2.377591226372848781e-21
2.987372385483467951e+00 1.377946529287107211e-20 1.988039437223616246e-21
2.988037385483039543e+00 1.249786938531594043e-20 1.655145840464075734e-21
2.988702385482611135e+00 7.269685549036338511e-21 1.886237833862384522e-21
2.989367385482182726e+00 5.589185986318082477e-21 2.039353531115870414e-21
2.990032385481754318e+00 1.241484916707468520e-20 1.984880117517619759e-21
2.990697385481325909e+00 1.737039670539549832e-20 2.017897650638835367e-21
2.991362385480897501e+00 1.368888140616187647e-20 2.123222725783193636e-21
2.992027385480469093e+00 1.146415639022386350e-20 2.069865249078763129e-21
2.992692385480040684e+00 7.869108078250703833e-21 2.120863171978533173e-21
2.993357385479612276e+00 1.524557807317105729e-20 2.352293157453118690e-21
2.994022385479183868e+00 3.140959673463258947e-21 2.282615400706072204e-21
2.994687385478755459e+00 6.965865757640954138e-21 1.819277695467042176e-21
2.995352385478327051e+00 1.158476498121204300e-21 2.161688364982320050e-21
2.996017385477898642e+00 1.636797142283702573e-21 1.698169016768182936e-21
2.996682385477470234e+00 1.255435274521249401e-20 2.026842585391791333e-21
2.997347385477041826e+00 9.255091879910597262e-22 1.920408902637379052e-21
2.998012385476613417e+00 1.752724511348297859e-20 2.218833866486585004e-21
2.998677385476185009e+00 2.115908111995230839e-20 2.029165943156319050e-21
2.999342385475756600e+00 1.863862558560375410e-20 2.109098767790209233e-21
3.000007385475328192e+00 1.274923108831780371e-20 2.689620547774590874e-21
3.000672385474899784e+00 4.919343665877663126e-21 2.263051757402863949e-21
3.001337385474471375e+00 1.142263120841398578e-20 2.183657232749608375e-21
3.002002385474042967e+00 9.181186416901935284e-22 2.001534774771791942e-21
3.002667385473614559e+00 5.113414235330688323e-21 2.189053697673658691e-21
3.003332385473186150e+00 9.194861278369460939e-21 1.981214031261389179e-21
3.003997385472757742e+00 1.515051672694885947e-20 2.586744192658920356e-21
3.004662385472329333e+00 1.841920607815542794e-20 2.089582401388835183e-21
3.005327385471900925e+00 5.440948341144477087e-21 2.091422513089335944e-21
3.005992385471472517e+00 1.199248501094234828e-21 1.810387325555047275e-21
3.006657385471044108e+00 4.708874290400606426e-21 2.103961344628932409e-21
3.007322385470615700e+00 5.576470739354320176e-21 2.144056135335764055e-21
3.007987385470187292e+00 6.860503820309492997e-21 2.545467325795223935e-21
3.008652385469758883e+00 3.994379737319555884e-21 1.868387114264493652e-21
3.009317385469330475e+00 7.967857132134934055e-21 3.147150833433012262e-21
3.009982385468902066e+00 1.416199680488558166e-20 2.026095161526094888e-21
3.010647385468473658e+00 1.424989437778152703e-20 2.208371443937767576e-21
3.011312385468045250e+00 3.407460461530053163e-21 2.011419220713075357e-21
3.011977385467616841e+00 4.004310213592014629e-21 1.936574924322868781e-21
3.012642385467188433e+00 9.771608263068778935e-21 1.984012634955361056e-21
3.013307385466760024e+00 1.157091654888408812e-20 2.097945194771409412e-21
3.013972385466331616e+00 4.662604986858670801e-21 2.028365907250166216e-21
3.014637385465903208e+00 1.179735567982781334e-20 2.311240204374978859e-21
3.015302385465474799e+00 1.928296170685448532e-20 2.139899165342103466e-21
3.015967385465046391e+00 1.282992031374967234e-20 2.155559635330581890e-21
3.016632385464617983e+00 1.407308273238729822e-20 1.765334370939906386e-21
3.017297385464189574e+00 1.245523947303284027e-20 2.025025268864197766e-21
3.017962385463761166e+00 9.988617841559495072e-21 2.319358520038528216e-21
3.018627385463332757e+00 1.029721186807760617e-20 2.136460372902614680e-21
3.019292385462904349e+00 1.790027979142255897e-21 1.799766858041736418e-21
3.019957385462475941e+00 9.068495322847358536e-21 1.829243994270612961e-21
3.020622385462047532e+00 1.332302104574493957e-20 2.149603424803516233e-21
3.021287385461619124e+00 2.012904338795053917e-20 2.532822217881976025e-21
3.021952385461190715e+00 1.583633051714465644e-20 1.939029072135435504e-21
3.022617385460762307e+00 1.393291826519624822e-20 1.853229917499852553e-21
3.023282385460333899e+00 6.806848001548795968e-21 1.897727015106371908e-21
3.023947385459905490e+00 4.904751216573813522e-21 1.730337544761725843e-21
3.024612385459477082e+00 1.584925838168952311e-20 1.630651372868439589e-21
3.025277385459048674e+00 2.073908391622694032e-21 1.920643571188381324e-21
3.025942385458620265e+00 1.474699746551190423e-21 2.599858346125550430e-21
3.026607385458191857e+00 1.544258328440111078e-20 2.686972306015581839e-21
3.027272385457763448e+00 6.250852132663844431e-21 2.303782636209890344e-21
3.027937385457335040e+00 3.544328611916745113e-20 1.691571568400170977e-20
3.028602385456906632e+00 2.676563058677148889e-20 1.747777295648368780e-20
3.029267385456478223e+00 2.407849861149216937e-20 5.344292508798375843e-21
3.029932385456049815e+00 2.200007187270704931e-20 4.799417218137015121e-21
3.030597385455621406e+00 3.495976993285695256e-21 5.699772490265823886e-21
3.031262385455192998e+00 1.739771478572871128e-20 4.233845564920351691e-21
3.031927385454764590e+00 1.868803975655342179e-20 3.610944313690881520e-21
3.032592385454336181e+00 1.227498622687128138e-20 2.581822092917993619e-21
3.033257385453907773e+00 1.307118079102076745e-20 2.246345668575190992e-21
3.033922385453479365e+00 1.592556889582632676e-20 1.871542467870591764e-21
3.034587385453050956e+00 7.960772715545455492e-21 2.206306363779284241e-21
3.035252385452622548e+00 1.149645282349084267e-20 2.020369821837942977e-21
3.035917385452194139e+00 1.436221732501592073e-20 1.863704388967675438e-21
3.036582385451765731e+00 1.075709100963459359e-20 1.577634937189748472e-21
3.037247385451337323e+00 1.587115534847097337e-21 1.964617396012597238e-21
3.037912385450908914e+00 1.826290450950385405e-21 1.470529082217000615e-21
3.038577385450480506e+00 9.444188282724023361e-21 1.791910238921749621e-21
3.039242385450052097e+00 1.529070883767028238e-21 1.655470311539081620e-21
3.039907385449623689e+00 9.563117943774797590e-21 1.579081360071520481e-21
3.040572385449195281e+00 8.972900018469376542e-21 1.680518455402046464e-21
3.041237385448766872e+00 1.703505493373572755e-20 1.890948958772011605e-21
3.041902385448338464e+00 1.430232508065558612e-20 1.667824343009748640e-21
3.042567385447910056e+00 9.217533816020261745e-21 1.730520738412302476e-21
3.043232385447481647e+00 1.396665298447607281e-20 1.657049376422449365e-21
3.043897385447053239e+00 1.320718923980078642e-20 1.772314432951826876e-21
3.044562385446624830e+00 1.000878949978576719e-20 1.859066795287803101e-21
3.045227385446196422e+00 1.722439681702257372e-20 1.677192387943921218e-21
3.045892385445768014e+00 1.427638164499518643e-20 2.004953040429486692e-21
3.046557385445339605e+00 1.038616927172902710e-20 1.986316040612193103e-21
3.047222385444911197e+00 7.091322025976636748e-21 1.791506334346031993e-21
3.047887385444482788e+00 1.052582848243064287e-20 1.944545657435494915e-21
3.048552385444054380e+00 1.123993480253236072e-20 1.666038696521688352e-21
3.049217385443625972e+00 -1.517633847447655775e-21 2.420071710880234884e-21
3.049882385443197563e+00 5.654660065152747975e-21 1.961795946676848859e-21
3.050547385442769155e+00 6.438263448489439034e-21 1.961525589070232026e-21
3.051212385442340747e+00 9.651941206482254493e-21 1.778122165674871818e-21
3.051877385441912338e+00 1.185879502473099775e-20 1.983057497378732001e-21
3.052542385441483930e+00 9.904050393460075779e-21 1.901432406622117918e-21
3.053207385441055521e+00 1.009881681517507340e-20 1.861501797955049232e-21
3.053872385440627113e+00 8.465037864308761730e-21 2.020336142810140403e-21
3.054537385440198705e+00 1.455971783422074733e-20 1.782575990333591575e-21
3.055202385439770296e+00 1.047811214557631812e-20 1.848950475281214209e-21
3.055867385439341888e+00 1.107162773613573167e-20 1.724958979841765082e-21
3.056532385438913479e+00 1.331570728445759600e-21 1.563623013701033078e-21
3.057197385438485071e+00 9.504150837937482011e-21 1.926744425810667054e-21
3.057862385438056663e+00 8.157191198471615962e-21 2.076004996401472289e-21
3.058527385437628254e+00 1.177349089153060166e-20 1.739176017198656080e-21
3.059192385437199846e+00 1.291921156697391991e-20 2.143115230458531562e-21
3.059857385436771438e+00 4.913958160718862411e-21 1.704165624166270927e-21
3.060522385436343029e+00 1.119190523701267361e-20 1.829242918580207301e-21
3.061187385435914621e+00 1.800297866877984035e-20 2.069260942136089107e-21
3.061852385435486212e+00 4.617931238788993810e-21 2.036466788996061502e-21
3.062517385435057804e+00 6.093744595358316345e-21 2.206474257707172600e-21
3.063182385434629396e+00 8.182141709360992730e-21 2.160577953224248839e-21
3.063847385434200987e+00 1.283051271555365557e-20 2.009329428088366765e-21
3.064512385433772579e+00 1.469467822878230142e-20 2.064549759838481376e-21
3.065177385433344170e+00 4.155912397811399084e-21 2.543838249800816887e-21
3.065842385432915762e+00 3.723444154041377666e-21 1.712631411343230415e-21
3.066507385432487354e+00 1.118091902415817023e-20 1.746038947613573107e-21
3.067172385432058945e+00 1.588440603866307342e-20 1.975615654217447786e-21
3.067837385431630537e+00 1.221719192388131288e-20 1.949278846401500965e-21
3.068502385431202129e+00 2.328588242471726325e-21 2.022782627706167750e-21
3.069167385430773720e+00 1.511545059210870360e-20 1.720510614252645882e-21
3.069832385430345312e+00 1.418907032625326664e-20 2.113113885438209094e-21
3.070497385429916903e+00 5.995170459659467634e-21 2.013391049490573968e-21
3.071162385429488495e+00 1.306714396083161737e-20 1.699374061650426889e-21
3.071827385429060087e+00 8.951915823133027813e-21 1.586125827334714623e-21
3.072492385428631678e+00 9.830603472807693381e-21 1.529541404968738958e-21
3.073157385428203270e+00 1.459520350428063103e-20 1.610672069913607015e-21
3.073822385427774861e+00 1.065513200649147610e-20 1.612019406457920622e-21
3.074487385427346453e+00 1.041086551309327818e-20 1.928965488402715946e-21
3.075152385426918045e+00 2.235819641484765805e-20 1.747994128372047011e-21
3.075817385426489636e+00 1.661794269752990946e-20 1.723666532945215150e-21
3.076482385426061228e+00 1.093121464459076647e-20 1.873430481340106502e-21
3.077147385425632820e+00 5.447709677643331010e-21 2.008878482990972434e-21
3.077812385425204411e+00 1.158727875466277926e-20 1.633149529097542827e-21
3.078477385424776003e+00 5.583037635462074466e-21 1.502071960594129960e-21
3.079142385424347594e+00 3.642903405262646679e-21 1.553565359557719735e-21
3.079807385423919186e+00 1.111033912099681475e-20 1.951010325804525752e-21
3.080472385423490778e+00 1.550198013682723085e-20 1.691244490308634453e-21
3.081137385423062369e+00 1.146361190678154131e-20 1.519322442774280757e-21
3.081802385422633961e+00 1.078205897729261169e-20 1.822887738562493923e-21
3.082467385422205552e+00 7.142155486080950915e-21 1.888710742286962937e-21
3.083132385421777144e+00 3.410804441547486708e-21 1.723565400561360551e-21
3.083797385421348736e+00 9.049943502769026239e-21 1.494694047074717545e-21
3.084462385420920327e+00 4.749541836805728895e-21 1.980816643573886717e-21
3.085127385420491919e+00 4.546671465430826559e-21 1.578332466318615110e-21
3.085792385420063511e+00 1.247694609813526006e-20 1.487879044034379611e-21
3.086457385419635102e+00 7.853908086698347696e-21 1.894480248107850664e-21
3.087122385419206694e+00 1.222359303239780757e-20 1.832891042333956206e-21
3.087787385418778285e+00 1.357910910500642723e-20 1.677812293994353466e-21
3.088452385418349877e+00 5.478358730097297022e-21 1.671988159863885656e-21
3.089117385417921469e+00 -2.245276849656842776e-22 1.985204031171135050e-21
3.089782385417493060e+00 1.037679934819752685e-20 1.768954314331104786e-21
3.090447385417064652e+00 1.472966161491719319e-20 1.669003893278706564e-21
3.091112385416636243e+00 7.937830640772517535e-21 1.810762478590789301e-21
3.091777385416207835e+00 -2.942969931089167429e-21 1.586193409050816836e-21
3.092442385415779427e+00 -1.389023046858379636e-21 1.998829478523841965e-21
3.093107385415351018e+00 3.754351637752304342e-21 2.112184003966172296e-21
3.093772385414922610e+00 2.386470732599118740e-21 1.877542418302452059e-21
3.094437385414494202e+00 1.131208086146903352e-20 1.762582145442553891e-21
3.095102385414065793e+00 6.859634808024007768e-21 1.691518039444359688e-21
3.095767385413637385e+00 3.485039900560002774e-21 2.011305363563852712e-21
3.096432385413208976e+00 1.446265480982184149e-20 1.856414720354789563e-21
3.097097385412780568e+00 1.135056534038784452e-20 2.023618270739287957e-21
3.097762385412352160e+00 1.866483147666243481e-20 1.774778100547052876e-21
3.098427385411923751e+00 1.607590322732148926e-20 1.222601210067336043e-20
3.099092385411495343e+00 1.029581960721449127e-20 4.091968676538219340e-21
3.099757385411066934e+00 2.020199494307439222e-20 1.161877618297651649e-20
3.100422385410638526e+00 1.207982686981475149e-20 3.983745518263496932e-21
3.101087385410210118e+00 8.593565706137932998e-21 1.934810329710871882e-21
3.101752385409781709e+00 8.893213525591255353e-21 3.615268357297710602e-21
3.102417385409353301e+00 2.396911194984572347e-20 9.947925544073917385e-21
3.103082385408924893e+00 1.853679064600099909e-20 4.734748623682985740e-21
3.103747385408496484e+00 3.206697841451733767e-20 9.680578175911939419e-21
3.104412385408068076e+00 1.082578821858021956e-20 1.469028543117098906e-21
3.105077385407639667e+00 7.039944038742349976e-21 1.575495199471003325e-21
3.105742385407211259e+00 7.649196146668146671e-21 1.960004367794476418e-21
3.106407385406782851e+00 4.735507526576438812e-21 1.837012479301875331e-21
3.107072385406354442e+00 4.915862638821298212e-21 1.840181173821263889e-21
3.107737385405926034e+00 4.088119417883503258e-21 1.627568073989713092e-21
3.108402385405497625e+00 5.748315317477058603e-21 1.757350459218940262e-21
3.109067385405069217e+00 9.267279972355701740e-21 2.072237218934633268e-21
3.109732385404640809e+00 1.264367672305168794e-20 1.836210834283794911e-21
3.110397385404212400e+00 1.145856432650512825e-20 1.645251193673087643e-21
3.111062385403783992e+00 1.502617002126429081e-20 1.713581865426838527e-21
3.111727385403355139e+00 1.561517850111033701e-20 1.654570032055848116e-21
3.112392385402926731e+00 1.151309393413949864e-20 1.685548870526953081e-21
3.113057385402498323e+00 1.342019142591291326e-20 1.567512882210672976e-21
3.113722385402069914e+00 1.081043096102514087e-20 1.574647818218598709e-21
3.114387385401641506e+00 6.049802931250748034e-21 1.743975300615164673e-21
3.115052385401213098e+00 9.457951920576425576e-21 1.531908073336403464e-21
3.115717385400784689e+00 4.161747013649211255e-21 1.668270533237608894e-21
3.116382385400356281e+00 4.323982886002866046e-21 1.578764747829955417e-21
3.117047385399927872e+00 7.828496002528969627e-21 1.623959818647439720e-21
3.117712385399499464e+00 1.747843740438464437e-20 1.639788891324158555e-21
3.118377385399071056e+00 7.714041686149400003e-21 1.780890644281029580e-21
3.119042385398642647e+00 1.338756524155335559e-20 1.828449813124187336e-21
3.119707385398214239e+00 5.549013537901187670e-21 1.685875561579465539e-21
3.120372385397786275e+00 1.302442126771171187e-20 1.656403120196085999e-21
3.121037385397357866e+00 1.390250085250493269e-20 1.583835928785444396e-21
3.121702385396929458e+00 5.041584956913299093e-21 1.669103186542975959e-21
3.122367385396501049e+00 3.365848293285565167e-21 1.323149006840550400e-21
3.123032385396072641e+00 5.886704297822242570e-21 1.562064505679426369e-21
3.123697385395644233e+00 4.659953732133471466e-21 1.774343410560637638e-21
3.124362385395215824e+00 1.149903832232017074e-20 1.530389089703273073e-21
3.125027385394787416e+00 2.020709968903142061e-20 2.107613240286807918e-21
3.125692385394359007e+00 1.505160307894503669e-20 2.107611094457897795e-21
3.126357385393930155e+00 1.204147901596173197e-20 1.827693733317663595e-21
3.127022385393501747e+00 4.535588973250553771e-21 1.903485345786424426e-21
3.127687385393073338e+00 4.874187556626838738e-21 1.547033630273281671e-21
3.128352385392644930e+00 1.627002502147390569e-21 2.129398178591133322e-21
3.129017385392216521e+00 4.894743037064605306e-22 2.063759319142034811e-21
3.129682385391788113e+00 6.774897319952595910e-21 1.894509498588339936e-21
3.130347385391359705e+00 6.923403978756865050e-21 1.493495658463229479e-21
3.131012385390931296e+00 5.349982843327613294e-21 2.056599283437210543e-21
3.131677385390502888e+00 6.519673971264912619e-21 3.112067730449337355e-21
3.132342385390074480e+00 1.296109687434502110e-21 2.515748647153574624e-21
3.133007385389646071e+00 8.135773099144115270e-21 3.168669297469802893e-21
3.133672385389217663e+00 3.470319818893520137e-21 1.592934639819263712e-21
3.134337385388789254e+00 1.404839927839348841e-21 1.666202438952618327e-21
3.135002385388360846e+00 1.110685031558247680e-20 1.632271414096362948e-21
3.135667385387932438e+00 4.703153082213394470e-21 2.871571381327002929e-21
3.136332385387504029e+00 5.868537631636496388e-21 6.928907041874820641e-21
3.136997385387075621e+00 1.059535940757599393e-20 2.870274933388593463e-21
3.137662385386647212e+00 9.015445109622518921e-21 7.092284758736280692e-21
3.138327385386218804e+00 1.130348898805479497e-20 1.503075722174691150e-21
3.138992385385790396e+00 7.319183719399840448e-21 1.504095197908599611e-21
3.139657385385361987e+00 6.314965627962656806e-21 1.722399866485955260e-21
3.140322385384933579e+00 1.075277788746890631e-20 1.655830206758536437e-21
3.140987385384505171e+00 7.982178550276476351e-21 1.827590491399151365e-21
3.141652385384076762e+00 1.516355598989688501e-21 1.739598763242755294e-21
3.142317385383648354e+00 2.355202277623924366e-21 1.455618410146772078e-21
3.142982385383219945e+00 6.319409198856473387e-21 1.483597603105443692e-21
3.143647385382791537e+00 1.412952022481775920e-20 1.671811348298108923e-21
3.144312385382363129e+00 1.030642687530238028e-20 1.522344758564579198e-21
3.144977385381934720e+00 1.448557400056809595e-20 1.577488579070393733e-21
3.145642385381506312e+00 1.515268533359331539e-20 1.447506119264654798e-21
3.146307385381077903e+00 8.470924542176070305e-21 1.508394824547351043e-21
3.146972385380649495e+00 5.511002540280308820e-21 1.268966380004018345e-21
3.147637385380221087e+00 5.368070806991827626e-21 1.483914885959814330e-21
3.148302385379792678e+00 8.954877187370866919e-21 1.588373794405831745e-21
3.148967385379364270e+00 1.191766460258439252e-20 1.478426387249593823e-21
3.149632385378935862e+00 1.798653529222214956e-20 2.041601466885614761e-21
3.150297385378507453e+00 1.020116908447787128e-20 1.621589385446612379e-21
3.150962385378079045e+00 1.316194735922621958e-20 1.548736657096674198e-21
3.151627385377650636e+00 1.145170758750976874e-20 1.461941897475977475e-21
3.152292385377222228e+00 1.274041826605440211e-20 1.597536339082892901e-21
3.152957385376793820e+00 2.388207539251143288e-21 1.746403048970790016e-21
3.153622385376365411e+00 5.126004537476184192e-21 1.669736843176190062e-21
3.154287385375937003e+00 9.026108795705397354e-21 1.629862637833233188e-21
3.154952385375508594e+00 1.213948449574399457e-20 1.742235079366899380e-21
3.155617385375080186e+00 1.078882273900188341e-20 1.690028284875051645e-21
3.156282385374651778e+00 2.782994541380096279e-21 1.534743655530922928e-21
3.156947385374223369e+00 8.722567427134753037e-21 1.527834831692895311e-21
3.157612385373794961e+00 4.516112526165358558e-21 1.651918818455771163e-21
3.158277385373366553e+00 6.810099507148332970e-21 1.533630883493244345e-21
3.158942385372938144e+00 1.010581145107464290e-20 1.751492885000836845e-21
3.159607385372509736e+00 3.190127294032743006e-21 1.758811957061406217e-21
3.160272385372081327e+00 8.784662796040219371e-21 1.551143305253606247e-21
3.160937385371652919e+00 4.773600979941689251e-21 1.925654957942839112e-21
3.161602385371224511e+00 7.346100288012227188e-21 2.681224726736800073e-21
3.162267385370796102e+00 1.363266581771613696e-20 1.889061104016757452e-21
3.162932385370367694e+00 1.162218605218405718e-20 1.597129773907016034e-21
3.163597385369939285e+00 2.560960034550124577e-21 1.521844998297542405e-21
3.164262385369510877e+00 1.071335014025984716e-20 1.814484526196893554e-21
3.164927385369082469e+00 6.474369029543022062e-21 1.671388848951248475e-21
3.165592385368654060e+00 1.656357429262194416e-21 1.759245969637838853e-21
3.166257385368225652e+00 3.437899235542205324e-21 1.683830643231563033e-21
3.166922385367797244e+00 6.771176149841411790e-21 1.539092015414999589e-21
3.167587385367368835e+00 9.384304334907641312e-21 1.376945944141469329e-21
3.168252385366940427e+00 1.609690051645553461e-21 1.360674344807410454e-21
3.168917385366512018e+00 1.161691484520690007e-20 1.901907789176170930e-21
3.169582385366083610e+00 1.352260105810139049e-20 1.712208880275093117e-21
3.170247385365655202e+00 9.165072834599254627e-22 1.728763205372220828e-21
3.170912385365226793e+00 4.269327431565356952e-21 1.579745178429251473e-21
3.171577385364798385e+00 5.902446772716402079e-21 1.544749520724739988e-21
3.172242385364369976e+00 1.437137515999425480e-20 1.718929289396320694e-21
3.172907385363941568e+00 1.293974328763216735e-20 1.485450016959440207e-21
3.173572385363513160e+00 4.750853763131723291e-21 1.479451604583815926e-21
3.174237385363084751e+00 6.301095593463789522e-21 1.500210388645179756e-21
3.174902385362656343e+00 1.018750487116951800e-20 1.945600233794425534e-21
3.175567385362227935e+00 7.275939893033397395e-21 1.745902216151939110e-21
3.176232385361799526e+00 7.916027133176409404e-21 1.721705325154954822e-21
3.176897385361371118e+00 8.426705145111050249e-21 1.780107903256466210e-21
3.177562385360942709e+00 1.195267802242183840e-20 1.586807718452072012e-21
3.178227385360514301e+00 1.334020910281973720e-20 1.595420179153984511e-21
3.178892385360085893e+00 6.238277920885495374e-21 1.590045773359928056e-21
3.179557385359657484e+00 9.673862879982413757e-21 1.356381319314796347e-21
3.180222385359229076e+00 6.412793992696934739e-21 1.577398786341360990e-21
3.180887385358800667e+00 4.485770193158135203e-21 1.534757900561921781e-21
3.181552385358372259e+00 6.699308117116809386e-21 1.538322642892271570e-21
3.182217385357943851e+00 1.674932962913699189e-20 1.517086625007577709e-21
3.182882385357515442e+00 7.508363168696430118e-21 1.770382685037524002e-21
3.183547385357087034e+00 8.367552746913109539e-21 1.599750924186970729e-21
3.184212385356658626e+00 1.365428342938387195e-20 1.533040270541674724e-21
3.184877385356230217e+00 5.783341335576215868e-21 1.828071675982558978e-21
3.185542385355801809e+00 3.572672680197397968e-21 1.560943094700895905e-21
3.186207385355373400e+00 1.472159012141352187e-20 1.587521382330211356e-21
3.186872385354944992e+00 7.769191018182633635e-21 1.815664431416934360e-21
3.187537385354516584e+00 5.632039498646447633e-21 1.744347201480363189e-21
3.188202385354088175e+00 1.213840209371314477e-20 1.592073137253352668e-21
3.188867385353659767e+00 9.448244694281119748e-21 1.559746959327711010e-21
3.189532385353231358e+00 3.728278281103143783e-21 1.602856425920524492e-21
3.190197385352802950e+00 4.286564145924971857e-21 1.581549343932017145e-21
3.190862385352374542e+00 7.539101159349637255e-21 1.736374722838129751e-21
3.191527385351946133e+00 1.260654252877073407e-20 1.699679240971591397e-21
3.192192385351517725e+00 1.610078103593764093e-20 1.712563560507523149e-21
3.192857385351089317e+00 9.108941928928274562e-21 1.710657760764848374e-21
3.193522385350660908e+00 2.154495805394286060e-21 1.681654799199967162e-21
3.194187385350232500e+00 1.688339622589545770e-20 1.600052115363756650e-21
3.194852385349804091e+00 6.584948397022849704e-21 1.670865141002984352e-21
3.195517385349375683e+00 1.456889615489475314e-20 1.442149603204620766e-21
3.196182385348947275e+00 5.548846897333665466e-21 1.736928398770011107e-21
3.196847385348518866e+00 6.543657153454624339e-21 1.815831488679025333e-21
3.197512385348090458e+00 6.273716544230380359e-21 1.361710109002561950e-21
3.198177385347662049e+00 9.852612636488049555e-21 1.602716859430602120e-21
3.198842385347233641e+00 8.544619861627285575e-21 1.822303714131649695e-21
3.199507385346805233e+00 7.499062265274676972e-21 2.001390974161016265e-21
3.200172385346376824e+00 1.616248736739274222e-20 1.900009502960805744e-21
3.200837385345948416e+00 1.054940154215165569e-20 1.714736242285979544e-21
3.201502385345520008e+00 8.616141126048972559e-21 1.591934203879326830e-21
3.202167385345091599e+00 5.880895904063925059e-21 1.334456656343019460e-21
3.202832385344663191e+00 9.967644946878064561e-21 1.432415387339559212e-21
3.203497385344234782e+00 5.948277182466486363e-21 1.786437102379835269e-21
3.204162385343806374e+00 1.378258598949202352e-20 1.528844429125043925e-21
3.204827385343377966e+00 8.186887674503769321e-21 1.580839275324520163e-21
3.205492385342949557e+00 1.266998984330125237e-20 1.582825552914827339e-21
3.206157385342521149e+00 7.674403737922166386e-21 1.631511650044871805e-21
3.206822385342092741e+00 7.352022524658586372e-21 1.853026600104088621e-21
3.207487385341664332e+00 1.032570206061343641e-20 1.800319091022938070e-21
3.208152385341235924e+00 8.917423489324215413e-21 1.385508288677764458e-21
3.208817385340807515e+00 8.790109217658048009e-21 1.417026622139239410e-21
3.209482385340379107e+00 8.384923417757562740e-21 1.827019299730844934e-21
3.210147385339950699e+00 3.054298837825116948e-21 2.212359406227245827e-21
3.210812385339522290e+00 1.146074262164245284e-21 2.093056926771034036e-21
3.211477385339093882e+00 1.164042639394069530e-20 1.685127714177379148e-21
3.212142385338665473e+00 5.114055633453988124e-21 1.773794436198047869e-21
3.212807385338237065e+00 9.454529350152248217e-21 1.741246950700838294e-21
3.213472385337808657e+00 8.921763010036736850e-21 1.656586446347027925e-21
3.214137385337380248e+00 7.672586279720122237e-21 1.403376207570896435e-21
3.214802385336951840e+00 3.562907729789087965e-21 1.521778132040192954e-21
3.215467385336523432e+00 1.406173602969846282e-20 1.451297303827008594e-21
3.216132385336095023e+00 1.309936763709129555e-20 1.507968125836554196e-21
3.216797385335666615e+00 1.079994037405678578e-20 1.715279983987030768e-21
3.217462385335238206e+00 6.793706344273886629e-21 1.492159407168017776e-21
3.218127385334809798e+00 1.001980061615438174e-20 1.516352370588386310e-21
3.218792385334381390e+00 1.520651693072445671e-20 1.566574577528557656e-21
3.219457385333952981e+00 1.244760274632151652e-20 1.608624120417932812e-21
3.220122385333524573e+00 1.180502288515328490e-20 1.550738886773200961e-21
3.220787385333096164e+00 9.298045337422379994e-21 1.397700800101034741e-21
3.221452385332667756e+00 9.210641403379781632e-21 1.445164329315432323e-21
3.222117385332239348e+00 1.174402008983305698e-20 1.487240299638057564e-21
3.222782385331810939e+00 7.309088683878931000e-21 1.438221474155250459e-21
3.223447385331382531e+00 2.704072704913867626e-21 4.839774183277709572e-21
3.224112385330954123e+00 -3.101132900545249246e-21 1.378924064503188420e-20
3.224777385330525714e+00 1.473579250046106467e-21 1.826888873423896647e-21
3.225442385330097306e+00 5.944893135961399921e-21 1.549214548340447540e-21
3.226107385329668897e+00 1.082877863899271980e-20 1.609144369897256446e-21
3.226772385329240489e+00 6.674199062845631849e-21 1.716605375738167622e-21
3.227437385328812081e+00 7.206822446849868422e-21 1.549083491020572456e-21
3.228102385328383672e+00 4.398240746238788798e-21 1.635149404341009631e-21
3.228767385327955264e+00 1.113489129867444830e-20 1.548105884076469416e-21
3.229432385327526855e+00 9.330796924409908616e-21 1.396343115407346371e-21
3.230097385327098447e+00 9.113231501858859014e-21 1.509775786292951587e-21
3.230762385326670039e+00 6.442382825032113818e-21 1.432113534917191994e-21
3.231427385326241630e+00 1.140193526301196811e-20 1.428296298611719214e-21
3.232092385325813222e+00 1.044475779596949868e-20 1.743211467871475389e-21
3.232757385325384814e+00 6.542186085420808714e-21 1.852424102978890704e-21
3.233422385324956405e+00 7.698412057661859717e-21 1.943165433702660699e-21
3.234087385324527997e+00 1.047389000832678180e-20 1.525417032080611918e-21
3.234752385324099588e+00 1.701617414453321894e-20 1.359897391925275168e-21
3.235417385323671180e+00 7.571754585989622976e-21 1.433759046780169016e-21
3.236082385323242772e+00 1.182751291982174914e-20 1.516663198175891926e-21
3.236747385322814363e+00 3.100589860233721833e-21 1.616938248066612533e-21
3.237412385322385955e+00 3.219506681230141864e-21 1.368353833259410367e-21
3.238077385321957546e+00 7.634034247893686097e-21 1.466727351494406850e-21
3.238742385321529138e+00 1.259933758348454130e-20 1.290265103425198843e-21
3.239407385321100730e+00 8.680799778653246364e-21 1.254822966733549187e-21
3.240072385320672321e+00 1.188767757490422791e-20 1.452580584727354236e-21
3.240737385320243913e+00 1.195970757692729281e-20 1.779739498923170601e-21
3.241402385319815505e+00 1.577501587651599502e-20 1.845327554067122708e-21
3.242067385319387096e+00 7.940302197369313433e-21 1.694724150887921687e-21
3.242732385318958688e+00 1.075898584977008796e-20 1.948287954099500334e-21
3.243397385318530279e+00 1.246952142480158997e-20 1.655228250351600008e-21
3.244062385318101871e+00 1.230297553426628004e-20 1.940939977682151062e-21
3.244727385317673463e+00 5.154469081821453363e-21 1.274697687798924444e-21
3.245392385317245054e+00 6.526008604187686598e-21 1.520222145199844371e-21
3.246057385316816646e+00 1.747613426162332130e-20 1.164718549518623344e-20
3.246722385316388237e+00 3.163275848866610258e-20 1.501051933512939675e-20
3.247387385315959829e+00 3.304368608207566851e-20 1.914234793921235706e-20
3.248052385315531421e+00 1.996716043861181154e-20 1.613689826432459724e-20
3.248717385315103012e+00 7.442478215546492996e-21 1.600600286710766033e-21
3.249382385314674604e+00 8.129410327678181948e-21 1.369237951758353463e-21
3.250047385314246196e+00 4.063948350809490311e-21 1.333100287994329313e-21
3.250712385313817787e+00 8.211649336474534674e-21 1.731304581721604918e-21
3.251377385313389379e+00 6.898994657208926439e-21 1.294231644107641059e-21
3.252042385312960970e+00 -1.131634836139006653e-21 1.335605420704511535e-21
3.252707385312532562e+00 2.736013516464336175e-21 1.346967528508520321e-21
3.253372385312104154e+00 -5.120763249803178908e-21 1.269487282763776000e-21
3.254037385311675745e+00 2.417108628008747492e-20 1.479051879281019208e-21
3.254702385311247337e+00 1.125668561441801321e-20 1.358504644594940344e-21
3.255367385310818928e+00 6.743992258850465626e-21 1.455738768211294733e-21
3.256032385310390520e+00 4.882895894114939632e-21 1.528584605820146701e-21
3.256697385309962112e+00 7.166934891102167197e-21 1.583408028217584039e-21
3.257362385309533703e+00 -3.850433334793974722e-21 1.644533259526851141e-21
3.258027385309105295e+00 3.336727193802780133e-21 1.719818886252183063e-21
3.258692385308676887e+00 8.575399470899954104e-21 1.396617547605779224e-21
3.259357385308248478e+00 7.301193281300700789e-21 1.542915919255010164e-21
3.260022385307820070e+00 9.850459732390189240e-21 1.389300348591177433e-21
3.260687385307391661e+00 1.237752784439899186e-20 1.189064934404269645e-20
3.261352385306963253e+00 1.396905547929721915e-20 6.619317626393437137e-21
3.262017385306534845e+00 7.891219740728038435e-21 1.364959721993286937e-21
3.262682385306106436e+00 5.871615598817904612e-21 1.651484545293519090e-21
3.263347385305678028e+00 9.349435927484084728e-21 1.343514381003291867e-21
3.264012385305249619e+00 3.305272175599454182e-21 1.518980006388533242e-21
3.264677385304821211e+00 5.383323636846810339e-21 2.008613003550561897e-21
3.265342385304392803e+00 4.390820716125125039e-21 1.378159003198187699e-21
3.266007385303964394e+00 4.141283578304449407e-21 1.594123868072812725e-21
3.266672385303535986e+00 1.272915349745177566e-20 1.932073849779766012e-21
3.267337385303107578e+00 9.262494813412581487e-21 1.360863749746798097e-21
3.268002385302679169e+00 9.108506322202292173e-21 1.546280094592993589e-21
3.268667385302250761e+00 1.453060895230257499e-20 1.590835184410740396e-21
3.269332385301822352e+00 1.524015882394801159e-20 1.683342967465372737e-21
3.269997385301393944e+00 1.022673347083039322e-20 1.144557615449737846e-21
3.270662385300965536e+00 1.415471780302153004e-20 1.753803453103114061e-21
3.271327385300537127e+00 1.194797209998990959e-20 1.570839866404216347e-21
3.271992385300108719e+00 1.507014920638846512e-20 1.540931591956190770e-21
3.272657385299680310e+00 1.719473043573571677e-20 1.659614899518827786e-21
3.273322385299251902e+00 1.522978238744040752e-20 1.857311496638295844e-21
3.273987385298823494e+00 3.581214435390170928e-21 1.611140346337523623e-21
3.274652385298395085e+00 7.311378039736551985e-21 1.345787761990558530e-21
3.275317385297966677e+00 1.105637914429163261e-20 1.917246185881774207e-21
3.275982385297538269e+00 8.023499673166751013e-21 1.661010544142945138e-21
3.276647385297109860e+00 1.560602591533243366e-20 1.562555314582794377e-21
3.277312385296681452e+00 1.322855037429713992e-20 1.556229443543299024e-21
3.277977385296253043e+00 1.876920136847864081e-20 1.654119476582103672e-21
3.278642385295824635e+00 7.748215366794623350e-21 1.631335664311714066e-21
3.279307385295396227e+00 8.774262053225200423e-21 1.540410464295971569e-21
3.279972385294967818e+00 9.557564774781068091e-21 1.863267347750788143e-21
3.280637385294539410e+00 1.456700797202575937e-20 1.553148738290015779e-21
3.281302385294111001e+00 1.509753437971606791e-20 1.692847485885139959e-21
3.281967385293682593e+00 1.837205114806090842e-20 1.501874533841922160e-21
3.282632385293254185e+00 9.043955592181237277e-21 1.347721781428469336e-21
3.283297385292825776e+00 8.272786123311875371e-21 1.549853605915095141e-21
3.283962385292397368e+00 1.354672192801561551e-20 1.573869688310574176e-21
3.284627385291968960e+00 1.383350149670522783e-20 1.551852414108714591e-21
3.285292385291540551e+00 1.146813617793475068e-20 1.486183463724259930e-21
3.285957385291112143e+00 1.322582067826354456e-20 1.459321021990782526e-21
3.286622385290683734e+00 8.578480508737884717e-21 1.489387546836879608e-21
3.287287385290255326e+00 6.540432229317665648e-22 1.504629115664093220e-21
3.287952385289826918e+00 1.009039010774688103e-20 1.739055089530122375e-21
3.288617385289398509e+00 8.069709187216357995e-21 1.716562744215166154e-21
3.289282385288970101e+00 1.210826832743706244e-20 1.337785769597717858e-21
3.289947385288541692e+00 1.044980963701575255e-20 1.187084315889320160e-21
3.290612385288113284e+00 1.444065505757439651e-20 1.421435207395973438e-21
3.291277385287684876e+00 5.867937768511499417e-21 1.522867764224500982e-21
3.291942385287256467e+00 5.168167938046720835e-21 1.519846188997303733e-21
3.292607385286828059e+00 1.088520160493777780e-20 1.536842090524750232e-21
3.293272385286399651e+00 6.311269933414840583e-21 1.391373552145808375e-21
3.293937385285971242e+00 1.300525645813000182e-20 1.345727703674668103e-21
3.294602385285542834e+00 8.828631489124069350e-21 1.930394306275911205e-21
3.295267385285114425e+00 9.091322432625425345e-21 1.512629943306624570e-21
3.295932385284686017e+00 5.051497641660351367e-21 1.654813151927964879e-21
3.296597385284257609e+00 1.001813577721146643e-20 1.384175924036517976e-21
3.297262385283829200e+00 8.616799116658253650e-21 1.572669998126331860e-21
3.297927385283400792e+00 4.893813820184853129e-21 1.727511926649424780e-21
3.298592385282972383e+00 4.611397052631481221e-21 1.445385458358421620e-21
3.299257385282543975e+00 9.160638096716339285e-21 1.210120043998779020e-21
3.299922385282115567e+00 9.657165312990031976e-21 1.485315450072782530e-21
3.300587385281687158e+00 8.511284093258806226e-21 2.449817238984751494e-21
3.301252385281258750e+00 8.862099578475604837e-21 1.406312191014183755e-21
3.301917385280830342e+00 6.704218112717748461e-21 1.704288432542891152e-21
3.302582385280401933e+00 9.733871577635449736e-21 1.480374898150158953e-21
3.303247385279973525e+00 1.192888511411411458e-20 1.417885693468978407e-21
3.303912385279545116e+00 6.942548555511311993e-21 1.435634058344156971e-21
3.304577385279116708e+00 2.621032313750993210e-21 1.422013248800799956e-21
3.305242385278688300e+00 7.399852608549112171e-21 1.564624050737715991e-21
3.305907385278259891e+00 1.039665624637624149e-20 1.447387068033576261e-21
3.306572385277831483e+00 8.006262271516264341e-21 1.554992845006263718e-21
3.307237385277403074e+00 6.043512053734946698e-21 1.679683464945408058e-21
3.307902385276974666e+00 1.113121585925110160e-20 1.404438428541758169e-21
3.308567385276546258e+00 2.968101274254681340e-21 1.377658027425347257e-21
3.309232385276117849e+00 9.244937184684881738e-21 1.659825296330055311e-21
3.309897385275689441e+00 9.040379421500008879e-21 1.322244432445729603e-21
3.310562385275261033e+00 8.737644817242287988e-21 1.390075002815250905e-21
3.311227385274832624e+00 1.870860009289960285e-21 1.598629025729507527e-21
3.311892385274404216e+00 4.843217163409110995e-21 1.530953552850060727e-21
3.312557385273975807e+00 9.177419409910617954e-21 1.767061843069237051e-21
3.313222385273547399e+00 9.076328076976135328e-21 1.630716911686876119e-21
3.313887385273118991e+00 9.780639853481176893e-21 1.761395677815219032e-21
3.314552385272690582e+00 1.732012106487983053e-21 1.610205206450489801e-21
3.315217385272262174e+00 1.309123994153760806e-20 1.633667956851276172e-21
3.315882385271833765e+00 5.039480678563788919e-21 1.689723987367496403e-21
3.316547385271405357e+00 6.301972133692289592e-21 1.560611409581329073e-21
3.317212385270976949e+00 1.024885558262436428e-20 1.532984423785558092e-21
3.317877385270548540e+00 9.984338329096963057e-21 1.581255948069242897e-21
3.318542385270120132e+00 4.034849484133941668e-21 1.404918963940992535e-21
3.319207385269691724e+00 8.943502705341333687e-21 1.360664810682836124e-21
3.319872385269263315e+00 7.463366668478416328e-21 1.466338796729858713e-21
3.320537385268834907e+00 1.031055051429116436e-20 1.433422692845342740e-21
3.321202385268406498e+00 1.089800156325693666e-20 1.546089665393913804e-21
3.321867385267978090e+00 4.276387264064148572e-21 1.646102978748792748e-21
3.322532385267549682e+00 4.362470679834028412e-22 1.283578952854986330e-21
3.323197385267121273e+00 5.822102780485263639e-21 1.616850902384656601e-21
3.323862385266692865e+00 9.149609728250050958e-21 1.447908433297993162e-21
3.324527385266264456e+00 1.124133594156898793e-20 1.404564752209131234e-21
3.325192385265836048e+00 1.661239214395901564e-20 1.394114636556731596e-21
3.325857385265407640e+00 1.620830105189844669e-20 1.551048469576692098e-21
3.326522385264979231e+00 6.306099188624881205e-21 1.391001726876545671e-21
3.327187385264550823e+00 3.067849792909176956e-21 1.672301298153871952e-21
3.327852385264122415e+00 4.066757100933898703e-21 1.472560053699426290e-21
3.328517385263694006e+00 8.904765469991766340e-21 1.657387209151301934e-21
3.329182385263265598e+00 1.322019351588184860e-20 1.557153666180008209e-21
3.329847385262837189e+00 3.068875429194565650e-21 1.458018460987295800e-21
3.330512385262408781e+00 4.312356259798924203e-21 1.915545828199725566e-21
3.331177385261980373e+00 5.610574909537435636e-22 1.954699949683749689e-21
3.331842385261551964e+00 7.418119243813274079e-21 2.164693510338106973e-21
3.332507385261123556e+00 1.395873863471208375e-20 1.710066221327196302e-21
3.333172385260695147e+00 7.800939788196149553e-21 1.383574137546076471e-21
3.333837385260266739e+00 9.662150975113982860e-21 1.503319057101054368e-21
3.334502385259838331e+00 6.260742321038963655e-21 1.705844698509494543e-21
3.335167385259409922e+00 3.554373698562868942e-21 1.496289008791065040e-21
3.335832385258981514e+00 1.112580516654921259e-20 1.948545866944077506e-21
3.336497385258553106e+00 1.366549348986951275e-20 1.672621777719023377e-21
3.337162385258124697e+00 5.294268849029655251e-21 1.668426464179728501e-21
3.337827385257696289e+00 6.054962588016373937e-21 1.522585274220457116e-21
3.338492385257267880e+00 1.128403276100806737e-20 1.602305041701526035e-21
3.339157385256839472e+00 1.211974227025438771e-20 1.674295787856434599e-21
3.339822385256411064e+00 5.216995762980865609e-21 1.418368151486202767e-21
3.340487385255982655e+00 5.566783326305162122e-21 1.461329689596333044e-21
3.341152385255554247e+00 -7.531715635603187546e-22 1.635338480865973537e-21
3.341817385255125838e+00 8.747734162960457813e-21 1.516728320495531217e-21
3.342482385254697430e+00 1.073270278772562357e-20 1.488463761464192354e-21
3.343147385254269022e+00 7.728668209691952543e-21 1.534047762295239510e-21
3.343812385253840613e+00 6.101252785278917365e-21 1.685943434093301833e-21
3.344477385253412205e+00 5.003740933767841172e-21 1.596201043619338392e-21
3.345142385252983797e+00 1.291696268402205971e-20 1.344557001002654641e-21
3.345807385252555388e+00 1.280939331748130377e-20 1.737494970876385370e-21
3.346472385252126980e+00 1.036203910246249593e-20 2.082322569993113907e-21
3.347137385251698571e+00 7.365877658987115832e-21 1.485893194456336925e-21
3.347802385251270163e+00 1.096342594473027101e-20 1.630607602256838911e-21
3.348467385250841755e+00 2.255475368781103337e-21 1.282757670176260953e-21
3.349132385250413346e+00 1.178497649783705382e-20 1.474730349149785429e-21
3.349797385249984938e+00 7.485727220222505082e-21 1.387880109475954780e-21
3.350462385249556529e+00 3.160087097506970185e-21 1.506052465486411731e-21
3.351127385249128121e+00 8.083793830506524886e-21 1.389020809593599681e-21
3.351792385248699713e+00 1.116580683772833341e-20 1.400717765637272139e-21
3.352457385248271304e+00 1.059946805188286399e-20 1.191442319276436103e-21
3.353122385247842896e+00 9.950239431756054108e-21 1.382306677825189837e-21
3.353787385247414488e+00 5.788309899124588993e-21 1.316113341091054321e-21
3.354452385246986079e+00 8.231977717034761989e-21 1.153345491871531653e-21
3.355117385246557671e+00 8.755690699543600413e-21 1.266308461090872442e-21
3.355782385246129262e+00 1.406919574277271593e-20 1.449373182839405013e-21
3.356447385245700854e+00 1.352865040411526960e-20 1.379962905971975268e-21
3.357112385245272446e+00 1.533103889819777398e-20 1.396095123820710515e-21
3.357777385244844037e+00 1.267760443766416539e-20 1.347716629681821496e-21
3.358442385244415629e+00 3.754520041096513036e-21 1.420909012909678043e-21
3.359107385243987220e+00 6.483976148242499363e-21 1.358041903207865859e-21
3.359772385243558812e+00 5.566646218931972633e-21 1.401266077846672394e-21
3.360437385243130404e+00 5.169395276540623563e-21 1.374781752806862889e-21
3.361102385242701995e+00 6.126762516465964028e-21 1.203413789521798076e-21
3.361767385242273587e+00 7.189654579885118955e-21 1.702993339627242801e-21
3.362432385241845179e+00 6.954452213493834871e-21 1.262031085903553377e-21
3.363097385241416770e+00 1.210112502873527192e-20 1.236124932343558315e-21
3.363762385240988362e+00 1.303083274570142840e-20 1.383650812382638890e-21
3.364427385240559953e+00 1.128971353268527168e-20 1.601275104395068999e-21
3.365092385240131545e+00 1.848052563807622190e-21 1.458338558091658247e-21
3.365757385239703137e+00 9.143763113179990762e-21 1.431577223096601320e-21
3.366422385239274728e+00 5.194359060397590501e-21 1.366554417421131915e-21
3.367087385238846320e+00 9.206848352005510228e-21 1.679588685086835070e-21
3.367752385238417911e+00 1.262783177334851152e-20 1.305904653204084984e-21
3.368417385237989503e+00 1.184843167284088680e-20 1.264601214228250161e-21
3.369082385237561095e+00 5.649218960464979049e-21 1.468394896699486861e-21
3.369747385237132686e+00 5.724723159244615461e-21 1.300985885476549701e-21
3.370412385236704278e+00 5.917600516875289273e-21 1.403566737433307624e-21
3.371077385236275870e+00 6.025571353336308871e-21 1.558399314988819237e-21
3.371742385235847461e+00 8.759487600924192951e-21 1.453891656769184177e-21
3.372407385235419053e+00 -1.139261457582198003e-21 1.650675606006581674e-21
3.373072385234990644e+00 8.987018220355586739e-21 1.386744032180428608e-21
3.373737385234562236e+00 7.616568746755974165e-21 1.615582108042084202e-21
3.374402385234133828e+00 2.411117593285329903e-21 1.218276940214188080e-21
3.375067385233705419e+00 8.998095405934313090e-21 1.679425001669723642e-21
3.375732385233277011e+00 9.985550263230406232e-21 1.494769393582403466e-21
3.376397385232848602e+00 1.535101153841975423e-20 1.230521464346625065e-21
3.377062385232420194e+00 3.471495266829673763e-21 1.332713386830851850e-21
3.377727385231991786e+00 7.925038068982824746e-21 1.368785210312416541e-21
3.378392385231563377e+00 9.591965130802103153e-21 1.650134827418581965e-21
3.379057385231134969e+00 1.069238138456578033e-20 1.284150947437938620e-21
3.379722385230706561e+00 9.573639489905964855e-21 1.611257915463431341e-21
3.380387385230278152e+00 7.297884135246053784e-21 1.471791238415241319e-21
3.381052385229849744e+00 2.814968210923306103e-21 1.418610603711427263e-21
3.381717385229421335e+00 7.470825037817107399e-21 1.635353177180681734e-21
3.382382385228992927e+00 1.007293221192240510e-20 1.545726318827001817e-21
3.383047385228564519e+00 5.116937211688605582e-21 1.221885009052038181e-21
3.383712385228136110e+00 9.506242992366666927e-21 1.265386297201177071e-21
3.384377385227707702e+00 5.095754862276314850e-21 1.202793078651492080e-21
3.385042385227279294e+00 6.813065772366434798e-21 1.217439536413923959e-21
3.385707385226850885e+00 6.786813012624004161e-21 1.278137410343154230e-21
3.386372385226422477e+00 3.940716720226991530e-21 1.308104154932731488e-21
3.387037385225994068e+00 1.130639905067142369e-20 1.359635613687345394e-21
3.387702385225565660e+00 7.633096536817513664e-21 1.313819755873381992e-21
3.388367385225137252e+00 8.152075335491862457e-21 1.275946009411891354e-21
3.389032385224708843e+00 1.176342488609812577e-20 1.669801079753450707e-21
3.389697385224280435e+00 5.958571995539644244e-21 1.486563121797030019e-21
3.390362385223852026e+00 4.241313730841686441e-21 1.520369335267759483e-21
3.391027385223423618e+00 1.155168353064862754e-20 1.331294735341714369e-21
3.391692385222995210e+00 1.152030963352437676e-20 1.287780158410203859e-21
3.392357385222566801e+00 1.160718887334254889e-20 1.523565267925189303e-21
3.393022385222138393e+00 7.492202893195662063e-21 1.832472882348650389e-21
3.393687385221709985e+00 4.159397080375439437e-21 1.454561509841460142e-21
3.394352385221281576e+00 1.126226206640779465e-20 1.292929768479508778e-21
3.395017385220853168e+00 1.482667248437709998e-20 1.285276544229928771e-21
3.395682385220424759e+00 9.457416076135424762e-21 1.461709773936209715e-21
3.396347385219996351e+00 1.176957635894934089e-20 1.192364892073447768e-21
3.397012385219567943e+00 2.306099563150577376e-20 1.513583105666833774e-21
3.397677385219139534e+00 9.981746430159141200e-21 1.283338145544491048e-21
3.398342385218711126e+00 1.159259199427354262e-20 1.311115171462184063e-21
3.399007385218282717e+00 9.698377371530219434e-21 1.534232734742673415e-21
3.399672385217854309e+00 9.731406290330739488e-21 1.445987598643040077e-21
3.400337385217425901e+00 1.197322875668683964e-20 1.261905516312971072e-21
3.401002385216997492e+00 9.671137994072473834e-21 1.313604170538680790e-21
3.401667385216569084e+00 9.049507645996322705e-21 1.393230218071031890e-21
3.402332385216140676e+00 1.670754343066168567e-21 1.268084396183817720e-21
3.402997385215712267e+00 1.029674485511915021e-20 1.346542905472769252e-21
3.403662385215283859e+00 1.324601237547356549e-20 1.497221074444239841e-21
3.404327385214855450e+00 1.246512353510545095e-20 1.670472326443812791e-21
3.404992385214427042e+00 6.669191153919441791e-21 1.658849489303918441e-21
3.405657385213998634e+00 7.899816754928483459e-21 1.801771623079172248e-21
3.406322385213570225e+00 8.160297860795600142e-21 1.549626922873947393e-21
3.406987385213141817e+00 1.126822264248591092e-20 1.501378651774506762e-21
3.407652385212713408e+00 1.085566913139484922e-20 1.412613461166669735e-21
3.408317385212285000e+00 1.248134359651887508e-20 1.310378135821519394e-21
3.408982385211856592e+00 1.189769889574263389e-20 1.430168809700254658e-21
3.409647385211428183e+00 7.198592014344427696e-21 1.490041100889110328e-21
3.410312385210999775e+00 1.918224547166398722e-22 1.450461658941761056e-21
3.410977385210571367e+00 1.027315674472311931e-21 1.511032487556190739e-21
3.411642385210142958e+00 5.813948886552607730e-21 1.429415479840107566e-21
3.412307385209714550e+00 3.270266583796820236e-21 1.539804452972011053e-21
3.412972385209286141e+00 5.405004785863088296e-22 1.622251558083470663e-21
3.413637385208857733e+00 3.360429393008238688e-21 1.549840738825050780e-21
3.414302385208429325e+00 4.874269284373397259e-21 1.236099534922894552e-21
3.414967385208000916e+00 2.106768592530570266e-20 8.711610019019747637e-21
3.415632385207572508e+00 7.208040469507572042e-21 4.549442452026409816e-21
3.416297385207144099e+00 5.211422883547286001e-21 1.380387882850492394e-21
3.416962385206715691e+00 4.649227923570543822e-21 1.088165556620212533e-21
3.417627385206287283e+00 1.361514689878315615e-21 1.243843080178842323e-21
3.418292385205858874e+00 1.199985952929002205e-20 1.477965280848174275e-21
3.418957385205430466e+00 1.164496432137279705e-20 1.205432306211295075e-21
3.419622385205002058e+00 2.546723914683970356e-21 1.408940080398264608e-21
3.420287385204573649e+00 4.471936077317808365e-21 1.497595149718347074e-21
3.420952385204145241e+00 1.006614906509099202e-20 1.419880207951413924e-21
3.421617385203716832e+00 6.506022739650498771e-21 1.481894797696531362e-21
3.422282385203288424e+00 4.087638126400796992e-21 1.543115216322664701e-21
3.422947385202860016e+00 1.102488754577069133e-20 1.546197842459114601e-21
3.423612385202431607e+00 9.875579089169294255e-21 1.431642339846875519e-21
3.424277385202003199e+00 1.287536772985742713e-20 1.412611025898685976e-21
3.424942385201574790e+00 8.218574815129854510e-21 1.493725595547956444e-21
3.425607385201146382e+00 5.252962793541773188e-21 1.199382319849313571e-21
3.426272385200717974e+00 8.874161021866631808e-21 1.484124113557880585e-21
3.426937385200289565e+00 8.667202613665678246e-21 1.560932465401943578e-21
3.427602385199861157e+00 4.768482317221904839e-21 2.834996184450521594e-21
3.428267385199432749e+00 6.391638095807686329e-21 1.297803009271865033e-21
3.428932385199004340e+00 7.813346421384459611e-21 1.354974664335738263e-21
3.429597385198575932e+00 5.615496610613843245e-21 1.355222852253012337e-21
3.430262385198147523e+00 3.082381437847225286e-21 1.286158414377492926e-21
3.430927385197719115e+00 3.679582651284779156e-21 1.514953744045230750e-21
3.431592385197290707e+00 1.329531553582176984e-20 1.079573710602760220e-21
3.432257385196862298e+00 8.716271339433288322e-21 1.282917676674053989e-21
3.432922385196433890e+00 3.532281275507708036e-21 1.358623489846527501e-21
3.433587385196005481e+00 9.715046302046294136e-21 1.519260015898023535e-21
3.434252385195577073e+00 2.065267864435626765e-21 1.593069722897157337e-21
3.434917385195148665e+00 4.524189069472714639e-21 1.452691095426100660e-21
3.435582385194720256e+00 5.767926030569454193e-21 1.478333549499171910e-21
3.436247385194291848e+00 4.194244767489868307e-22 1.133417780052579425e-21
3.436912385193863440e+00 7.868756977276216447e-21 1.450703488783292632e-21
3.437577385193435031e+00 4.871541039799607224e-21 1.646308765388230007e-21
3.438242385193006623e+00 6.344935590395380096e-21 1.461298761146747370e-21
3.438907385192578214e+00 9.787500641294693308e-21 1.431152176342487761e-21
3.439572385192149806e+00 7.792513870231717602e-21 1.420309461782348189e-21
3.440237385191721398e+00 5.128632469041817742e-21 1.291536646339131148e-21
3.440902385191292989e+00 6.880394608138131382e-21 1.282530048554148009e-21
3.441567385190864581e+00 9.476738328973778244e-21 1.341084269435117239e-21
3.442232385190436172e+00 1.460148182163480024e-20 1.231760201851554530e-21
3.442897385190007764e+00 1.151253511692257915e-20 1.156752963372130707e-21
3.443562385189579356e+00 1.222659131593040696e-20 1.471724789154160948e-21
3.444227385189150947e+00 1.070303622874350986e-20 1.454167416869425333e-21
3.444892385188722539e+00 7.638659121305890949e-21 1.256479738384501418e-21
3.445557385188294131e+00 1.102715097235188021e-20 1.169356806169363580e-21
3.446222385187865722e+00 3.679909922930646891e-21 1.544390306726847891e-21
3.446887385187437314e+00 1.991793239629977753e-21 1.429762630185994817e-21
3.447552385187008905e+00 4.839393720978297484e-22 1.450370447406974726e-21
3.448217385186580497e+00 2.130502343575582301e-21 1.362794989587719172e-21
3.448882385186152089e+00 3.739105183223025626e-21 1.458936950254531376e-21
3.449547385185723680e+00 5.320472857878709816e-21 1.267362071541633377e-21
3.450212385185295272e+00 1.099269581244525667e-20 1.228953961678061128e-21
3.450877385184866863e+00 1.661255243659490920e-22 1.422549708114854032e-21
3.451542385184438455e+00 2.122316339580998080e-21 1.519631311859173386e-21
3.452207385184010047e+00 9.193825516249340219e-21 1.479957515938732997e-21
3.452872385183581638e+00 9.073607192388018949e-21 1.308808937276288964e-21
3.453537385183153230e+00 8.049788479999248924e-21 1.330872164941980900e-21
3.454202385182724822e+00 7.652468992802989844e-21 1.341575769814744523e-21
3.454867385182296413e+00 -6.497715107067670716e-22 1.347953618935902383e-21
3.455532385181868005e+00 6.119195171610760862e-21 1.342150197285410586e-21
3.456197385181439596e+00 1.082811707926368119e-20 1.503585952196359865e-21
3.456862385181011188e+00 3.193623805706524773e-21 1.227455346106681883e-21
3.457527385180582780e+00 1.497797898243484900e-20 1.130516181493287880e-21
3.458192385180154371e+00 9.873510639394245363e-21 1.302376595442749976e-21
3.458857385179725963e+00 4.494374761652376206e-21 1.503532360479455659e-21
3.459522385179297554e+00 -5.564134528015670660e-23 1.417467730803753745e-21
3.460187385178869146e+00 1.484378542911273638e-20 1.550937327138766871e-21
3.460852385178440738e+00 1.592052618897254439e-20 1.191838055130878727e-21
3.461517385178012329e+00 8.018629257061334024e-21 1.448318299246710101e-21
3.462182385177583921e+00 4.777362092877919459e-21 1.492412097512419459e-21
3.462847385177155513e+00 8.413631289397758473e-21 1.429124343630285276e-21
3.463512385176727104e+00 1.322845902958730909e-20 1.180606711890712024e-21
3.464177385176298696e+00 6.916687129367482577e-21 1.264899316084516937e-21
3.464842385175870287e+00 4.744581099253509918e-21 1.175590584532387945e-21
3.465507385175441879e+00 7.368856364301896662e-21 1.475021374310422991e-21
3.466172385175013471e+00 5.798117217874156918e-21 1.084937830485916433e-21
3.466837385174585062e+00 1.069903078200115768e-20 1.306460805741202002e-21
3.467502385174156654e+00 1.437247148337570711e-20 1.409076107452670335e-21
3.468167385173728245e+00 1.412584918126343010e-20 1.271745638413424826e-21
3.468832385173299837e+00 1.488813648018856341e-20 1.285876589807599978e-21
3.469497385172871429e+00 8.131795462916598191e-21 1.350252507774637168e-21
3.470162385172443020e+00 1.244785863129386330e-20 1.297023379513204025e-21
3.470827385172014612e+00 1.614161260844473265e-20 1.202939915283450764e-21
3.471492385171586204e+00 1.327127855514339871e-20 1.441785399225176005e-21
3.472157385171157795e+00 4.870575646149766704e-21 1.444975198869755245e-21
3.472822385170729387e+00 9.091144452150170383e-21 1.310250920188170206e-21
3.473487385170300978e+00 3.316939144763256597e-21 1.382513150003470235e-21
3.474152385169872570e+00 7.985554566693795421e-21 1.572971823448108274e-21
3.474817385169444162e+00 8.875365549423531892e-21 1.511431787174750972e-21
3.475482385169015753e+00 9.983455879697101184e-21 1.312653674103798157e-21
3.476147385168587345e+00 9.980419081153132533e-21 1.395697404857654012e-21
3.476812385168158936e+00 6.887815600487332653e-21 1.245366609107202283e-21
3.477477385167730528e+00 6.642787805299143892e-21 1.383656709046662560e-21
3.478142385167302120e+00 9.213537558999756189e-21 1.921599216128117113e-21
3.478807385166873711e+00 1.692015840486681827e-20 3.360582083118899238e-21
3.479472385166445303e+00 1.391484728570776114e-20 2.985019615627504688e-21
3.480137385166016895e+00 1.458592797945662407e-20 3.024057924499107043e-21
3.480802385165588486e+00 1.234080483172329244e-20 2.966190817689521913e-21
3.481467385165160078e+00 3.011105693832984119e-21 3.048608614380538388e-21
3.482132385164731669e+00 5.843547424999910472e-21 2.125465534012767964e-21
3.482797385164303261e+00 6.896351885693963239e-21 1.631215121985576755e-21
3.483462385163874853e+00 3.761434330908772719e-21 1.564483164083082362e-21
3.484127385163446444e+00 2.777173833077222976e-20 1.415727165383730145e-21
3.484792385163018036e+00 1.026987023358588219e-20 1.457626293137047558e-21
3.485457385162589627e+00 5.849564587316351177e-21 1.668260477215604101e-21
3.486122385162161219e+00 4.702333697109074686e-21 1.438553037639486661e-21
3.486787385161732811e+00 1.914513798316816921e-20 1.362989828898085989e-21
3.487452385161304402e+00 1.134777477774388694e-20 1.504825058963867726e-21
3.488117385160875994e+00 1.044432187060892739e-20 1.660050262076742673e-21
3.488782385160447586e+00 2.030189412684589603e-21 1.388165558807876348e-21
3.489447385160019177e+00 5.718156254347706837e-21 1.437630133921365039e-21
3.490112385159590769e+00 6.743121431999609634e-21 2.717086896831556250e-21
3.490777385159162360e+00 2.455407799636062392e-21 1.772530546134186814e-21
3.491442385158733952e+00 9.354774392373605622e-21 1.419850754786378732e-21
3.492107385158305544e+00 8.142031247000169024e-21 1.322312069198974227e-21
3.492772385157877135e+00 1.173920122888762407e-20 1.402100840574074950e-21
3.493437385157448727e+00 2.383176708542076165e-21 1.389746181591064002e-21
3.494102385157020318e+00 5.793437807232721356e-21 1.294339975557480459e-21
3.494767385156591466e+00 7.029339314271016385e-21 1.409444894150384698e-21
3.495432385156163058e+00 4.963154869535182310e-21 1.236602660245423279e-21
3.496097385155734649e+00 7.155014121958397246e-21 1.608517661163943666e-21
3.496762385155306241e+00 3.966514425381146044e-21 1.111488720165101444e-21
3.497427385154877832e+00 5.117974603666798333e-22 1.414521463135806436e-21
3.498092385154449424e+00 7.467923597424532298e-21 1.641561506437556310e-21
3.498757385154021016e+00 8.487458494071936175e-21 1.277104698073826117e-21
3.499422385153592607e+00 6.763863329126240913e-21 1.430208137496167602e-21
3.500087385153164199e+00 7.490869082296496438e-21 1.333204261870186020e-21
3.500752385152735791e+00 5.341440918162856056e-21 1.227510706779340261e-21
3.501417385152307382e+00 4.985470280945776531e-21 1.371299136579972528e-21
3.502082385151878974e+00 8.571267897009710344e-21 1.248329970285001966e-21
3.502747385151450565e+00 1.456091194161596340e-21 1.477533187604490679e-21
3.503412385151022157e+00 4.084419092965592124e-21 1.101555004603622753e-21
3.504077385150593749e+00 7.000244508483805272e-21 1.164742951659717353e-21
3.504742385150165340e+00 9.436263895297398313e-21 1.271000071769106563e-21
3.505407385149736932e+00 1.142418725287685209e-20 1.296653880605082943e-21
3.506072385149308523e+00 5.164428135897988954e-21 1.036918940205582350e-21
3.506737385148880115e+00 6.602419907221182033e-21 1.304019911548689450e-21
3.507402385148451707e+00 9.812812640642230531e-21 1.274439822954527793e-21
3.508067385148023298e+00 1.046011696650390076e-20 1.378339815733585043e-21
3.508732385147594890e+00 6.811687141923915499e-21 1.245704419781056694e-21
3.509397385147166482e+00 -8.613233938919971336e-22 1.388776523421833297e-21
3.510062385146738073e+00 4.841436258513965344e-22 1.355594715860095311e-21
3.510727385146309665e+00 1.482706024076475877e-21 1.607407308765171613e-21
3.511392385145881256e+00 7.873337645649794119e-21 1.562646937333095452e-21
3.512057385145452848e+00 8.903795475644638076e-21 1.170412300687273410e-21
3.512722385145024440e+00 1.245435695376945589e-20 1.434618687553152250e-21
3.513387385144596031e+00 9.663996808517969492e-21 1.387982641657322033e-21
3.514052385144167623e+00 3.706376573854339561e-21 1.488403436848287842e-21
3.514717385143739214e+00 1.592090122844258627e-20 1.284552035640721077e-21
3.515382385143310806e+00 1.671881658776615481e-20 1.303192591755365263e-21
3.516047385142882398e+00 8.473376563116979972e-21 1.223021924424570165e-21
3.516712385142453989e+00 1.125617881520756910e-20 1.890426220519016343e-21
3.517377385142025581e+00 8.730160296632121873e-21 1.707601893867785390e-21
3.518042385141597173e+00 5.475697471903461632e-21 1.458182916983549788e-21
3.518707385141168764e+00 8.394382192750445475e-21 1.388108206880099290e-21
3.519372385140740356e+00 7.913433873255161274e-21 1.368206665333723934e-21
3.520037385140311947e+00 5.859722669221719684e-21 1.516466498717103927e-21
3.520702385139883539e+00 9.591865921063600671e-21 1.909893544997838569e-21
3.521367385139455131e+00 8.186158637542118685e-21 1.717536787807654557e-21
3.522032385139026722e+00 1.318009067188618016e-21 1.680900527379303349e-21
3.522697385138598314e+00 -7.723911898476350797e-23 1.714221907430884357e-21
3.523362385138169905e+00 6.159959572165051305e-21 1.619286454226206024e-21
3.524027385137741497e+00 6.170129003112350795e-21 1.497004216383071197e-21
3.524692385137313089e+00 1.809794928228530301e-21 1.411353643470728942e-21
3.525357385136884680e+00 3.774348015333479591e-21 1.509579961230701417e-21
3.526022385136456272e+00 2.963775659970472515e-21 1.424429674246971671e-21
3.526687385136027864e+00 1.638244544431976738e-21 1.215280378205192437e-21
3.527352385135599455e+00 3.736078669767357367e-21 1.286639507064400173e-21
3.528017385135171047e+00 9.932156221294422053e-21 1.215125699589935511e-21
3.528682385134742638e+00 4.941874904521498545e-21 1.259402444966981026e-21
3.529347385134314230e+00 3.244768040964775994e-21 1.593998796899437138e-21
3.530012385133885822e+00 4.370234118559555971e-21 1.218814689905225592e-21
3.530677385133457413e+00 1.087687733129416999e-20 1.259147669672006312e-21
3.531342385133029005e+00 6.514107283145009894e-21 1.239381270115533655e-21
3.532007385132600596e+00 1.858528710096314828e-21 1.253077689856818680e-21
3.532672385132172188e+00 5.764491846529345856e-22 1.209520409122398323e-21
3.533337385131743780e+00 -2.416623179180832787e-21 1.328954260682148217e-21
3.534002385131315371e+00 3.701308899138791381e-21 1.288723900181973037e-21
3.534667385130886963e+00 6.490957176963349077e-21 1.438998288422381333e-21
3.535332385130458555e+00 1.335200900647259855e-20 1.114637766422878510e-21
3.535997385130030146e+00 7.695739655183812007e-21 1.396316732728669195e-21
3.536662385129601738e+00 4.872158740333695928e-21 1.586775194948521952e-21
3.537327385129173329e+00 4.909960300721807491e-21 1.264862830114269514e-21
3.537992385128744921e+00 4.387098657393301913e-21 1.375998733431512442e-21
3.538657385128316513e+00 3.683163365504488650e-21 1.241122489229419787e-21
3.539322385127888104e+00 7.264599454302745541e-21 1.268705036090275114e-21
3.539987385127459696e+00 1.436597164313473914e-20 1.261585004891546205e-21
3.540652385127031287e+00 1.057579827393330823e-20 1.447859559669801455e-21
3.541317385126602879e+00 9.353813779043414665e-21 1.382370979511581703e-21
3.541982385126174471e+00 7.476010461682228354e-21 1.134482699141149801e-21
3.542647385125746062e+00 1.576538699696206256e-20 1.205109424904236413e-21
3.543312385125317654e+00 9.887137929445724999e-21 1.099280696543297587e-21
3.543977385124889246e+00 5.979703439235288492e-21 1.450040302928199951e-21
3.544642385124460837e+00 7.583502206586871311e-21 1.274380887973484724e-21
3.545307385124032429e+00 1.197165374366720959e-20 1.111724296808915353e-21
3.545972385123604020e+00 2.655844527272209592e-21 4.116488757754326137e-21
3.546637385123175612e+00 7.207993743065015193e-21 1.189396521467174667e-21
3.547302385122747204e+00 7.646939949104900890e-21 1.235220502368792888e-21
3.547967385122318795e+00 8.926729968291836913e-21 1.330663688425899388e-21
3.548632385121890387e+00 3.090938467899393989e-21 1.166903829687953316e-21
3.549297385121461978e+00 7.321999529233016453e-21 1.094864961446883018e-21
3.549962385121033570e+00 3.907520401319330634e-21 1.085635403050651247e-21
3.550627385120605162e+00 3.726918494333861451e-21 1.305194652851652812e-21
3.551292385120176753e+00 1.173093409533458225e-20 1.014206276335222044e-21
3.551957385119748345e+00 7.920923516521747199e-21 1.023970717030111626e-21
3.552622385119319937e+00 6.431646082490888932e-21 1.155990039583887991e-21
3.553287385118891528e+00 1.987357423310214072e-21 1.543445476057735789e-21
3.553952385118463120e+00 3.333102935032748163e-21 1.049124270709494579e-21
3.554617385118034711e+00 4.827852943143496307e-21 1.119854558429346714e-21
3.555282385117606303e+00 6.724165982568048748e-21 1.471498404239285560e-21
3.555947385117177895e+00 6.915718210426060884e-21 1.424632348781270181e-21
3.556612385116749486e+00 5.496721341966701634e-21 1.280393368072120443e-21
3.557277385116321078e+00 7.275116645870648750e-21 1.313098853273239342e-21
3.557942385115892669e+00 4.792783140753217763e-21 1.393965257669279711e-21
3.558607385115464261e+00 1.083396244571628730e-20 1.242899903840906456e-21
3.559272385115035853e+00 -9.202825928671518728e-22 1.313621040869124934e-21
3.559937385114607444e+00 5.636340640974863583e-21 1.164033601503476121e-21
3.560602385114179036e+00 2.502248867698335413e-21 1.341451120646672976e-21
3.561267385113750628e+00 1.448693491045999437e-20 1.321055600702122769e-21
3.561932385113322219e+00 1.103042648527555814e-20 1.160855842879806765e-21
3.562597385112893811e+00 2.048698057434848696e-20 1.209189853515227793e-21
3.563262385112465402e+00 1.172245972613889109e-20 1.138522604892122390e-21
3.563927385112036994e+00 4.926909814710686470e-21 1.355359889898450423e-21
3.564592385111608586e+00 -6.683563847947866271e-22 1.289755134504215714e-21
3.565257385111180177e+00 5.077192279214579129e-21 1.375591035858452380e-21
3.565922385110751769e+00 8.559146386728204699e-21 1.625543798192505433e-21
3.566587385110323360e+00 7.374094187230286573e-21 1.393651810617785757e-21
3.567252385109894952e+00 9.623419155532136948e-21 1.460045110162193558e-21
3.567917385109466544e+00 6.475815813778829100e-21 1.222232002923394606e-21
3.568582385109038135e+00 6.728265857046196452e-21 1.291058950961478461e-21
3.569247385108609727e+00 9.549972323359809419e-21 1.204014691110929023e-21
3.569912385108181319e+00 7.892784051257026464e-21 1.343490382144483290e-21
3.570577385107752910e+00 6.234667659471118340e-21 1.206415812857810055e-21
3.571242385107324502e+00 5.544671613566409456e-21 1.338529918090305020e-21
3.571907385106896093e+00 4.580227924936196819e-21 1.488855412096220562e-21
3.572572385106467685e+00 5.653460208407656465e-21 1.256571798137285019e-21
3.573237385106039277e+00 8.097155616164247302e-21 1.160889258544276179e-21
3.573902385105610868e+00 5.337774799595790814e-21 1.395197270628849317e-21
3.574567385105182460e+00 3.372856191909888275e-22 1.075765215389006539e-21
3.575232385104754051e+00 1.232895339600383062e-20 1.143255055427520890e-21
3.575897385104325643e+00 1.099016413669708613e-20 1.263837631415442226e-21
3.576562385103897235e+00 3.125538388534910678e-21 1.175702200452733980e-21
3.577227385103468826e+00 5.027821914091788876e-21 1.203613288144384008e-21
3.577892385103040418e+00 4.089143338932945425e-21 1.160113357584694574e-21
3.578557385102612010e+00 9.159973873213853814e-21 1.421979762088083703e-21
3.579222385102183601e+00 8.538963308748418409e-21 1.318136035337183335e-21
3.579887385101755193e+00 9.900492557516171063e-21 1.380814726346512025e-21
3.580552385101326784e+00 4.772884514342350415e-21 1.167775538413162291e-21
3.581217385100898376e+00 6.910043854641814775e-21 1.392402952885667158e-21
3.581882385100469968e+00 5.046527465290912331e-21 1.287047998908282545e-21
3.582547385100041559e+00 1.115528147336097898e-21 1.221352330814590930e-21
3.583212385099613151e+00 5.361182767232003377e-21 1.513625411868918047e-21
3.583877385099184743e+00 1.133668435146120475e-20 1.310075602340864116e-21
3.584542385098756334e+00 8.988810749543319515e-21 1.466914813246910496e-21
3.585207385098327926e+00 6.839544614289665836e-21 1.414700291852708109e-21
3.585872385097899517e+00 3.623558355007642260e-21 1.599560382687333045e-21
3.586537385097471109e+00 4.688404545355218654e-21 1.369359389468860517e-21
3.587202385097042701e+00 6.147441961135705111e-21 1.401296003351331029e-21
3.587867385096614292e+00 1.093243755770585183e-20 1.525004882394730154e-21
3.588532385096185884e+00 1.081976057618903534e-20 1.358829379449669770e-21
3.589197385095757475e+00 7.160901742268990173e-21 1.649724254312930339e-21
3.589862385095329067e+00 5.126945292995190987e-21 1.254043769157734216e-21
3.590527385094900659e+00 9.303555419722406371e-21 1.460252281349464661e-21
3.591192385094472250e+00 1.857543473261624048e-21 1.126656117774421182e-21
3.591857385094043842e+00 5.170172147299869964e-21 1.503134743539890559e-21
3.592522385093615434e+00 6.868112533899788542e-21 1.232180271596367406e-21
3.593187385093187025e+00 1.429423829216908231e-20 1.294564579324025005e-21
3.593852385092758617e+00 4.552086593185523247e-22 1.387574548665544177e-21
3.594517385092330208e+00 9.738627997673016813e-22 1.365161799267459067e-21
3.595182385091901800e+00 6.600525400719916257e-21 1.489448575149216536e-21
3.595847385091473392e+00 5.303414466840042595e-21 1.247419471298409876e-21
3.596512385091044983e+00 1.968674364823050347e-21 1.422578437263535143e-21
3.597177385090616575e+00 3.451344839374012472e-21 1.213448635088633463e-21
3.597842385090188166e+00 2.867521821084281412e-21 1.318703659692038999e-21
3.598507385089759758e+00 1.078020616085203582e-20 1.451579212617542851e-21
3.599172385089331350e+00 9.409518915004455084e-21 1.149564078013459353e-21
3.599837385088902941e+00 1.420915471126387233e-20 1.564086734005751960e-21
3.600502385088474533e+00 8.372973323424009239e-21 1.341563665950350665e-21
3.601167385088046125e+00 9.037632034644787302e-21 1.309573346508134290e-21
3.601832385087617716e+00 8.270226451454734811e-21 1.341348250471712693e-21
3.602497385087189308e+00 7.707706465771072517e-21 1.500959758818275461e-21
3.603162385086760899e+00 9.374612864531240602e-21 1.700432189542050522e-21
3.603827385086332491e+00 9.718049581412811449e-21 1.271192096076561077e-21
3.604492385085904083e+00 6.005904438677319067e-21 1.445341010060871197e-21
3.605157385085475674e+00 8.591326507954579647e-21 1.174616268027452880e-21
3.605822385085047266e+00 7.200258813983857275e-21 1.171247970573374154e-21
3.606487385084618857e+00 9.216418312556552027e-21 1.368872411945932057e-21
3.607152385084190449e+00 7.053724302758754213e-21 1.308449954830195148e-21
3.607817385083762041e+00 4.716080284660533144e-21 1.074844585254584315e-21
3.608482385083333632e+00 9.409519594447261633e-21 2.229334742553111270e-21
3.609147385082905224e+00 9.584465896396592659e-21 2.364354482534468917e-21
3.609812385082476816e+00 3.906502455503269185e-21 1.855708277653496620e-21
3.610477385082048407e+00 4.880190498272516458e-21 1.142157641323287874e-21
3.611142385081619999e+00 5.838608194363634173e-21 1.256771208149777819e-21
3.611807385081191590e+00 5.897368465168523541e-21 1.608190382555747776e-21
3.612472385080763182e+00 5.608484667433997553e-21 1.565181542733205573e-21
3.613137385080334774e+00 1.025113548044499698e-20 1.180132238985305695e-21
3.613802385079906365e+00 5.718902948236809668e-21 1.188505064644320864e-21
3.614467385079477957e+00 4.495909542574169330e-21 1.347053507304741818e-21
3.615132385079049548e+00 7.431224263767196778e-21 1.205933694474826346e-21
3.615797385078621140e+00 3.280742281080757939e-21 1.102432593155183027e-21
3.616462385078192732e+00 1.038983591107994071e-21 1.484916881304518921e-21
3.617127385077764323e+00 3.776874888461893213e-21 1.681371726477644186e-21
3.617792385077335915e+00 4.107099671324533213e-21 1.380272929319965435e-21
3.618457385076907507e+00 3.109588490150635998e-21 1.263852164949825726e-21
3.619122385076479098e+00 6.083608494299840095e-22 2.296372747641721976e-21
3.619787385076050690e+00 3.941608756231332212e-22 2.603838128215868356e-21
3.620452385075622281e+00 -2.919449902223197463e-22 3.223728884673282125e-21
3.621117385075193873e+00 -2.842489908408311324e-22 2.799896210882032335e-21
3.621782385074765465e+00 4.555835021346422047e-21 1.325535112618578990e-21
3.622447385074337056e+00 9.020625315941077517e-21 1.614249883306182657e-21
3.623112385073908648e+00 4.578803958227966824e-21 1.389484343677981619e-21
3.623777385073480239e+00 4.409451716573968454e-21 1.089445162718788472e-21
3.624442385073051831e+00 7.147333294346422976e-21 1.347125274280312227e-21
3.625107385072623423e+00 9.239208095523578641e-21 1.505371073497568677e-21
3.625772385072195014e+00 8.946534007650234187e-21 1.485967840144752786e-21
3.626437385071766606e+00 6.372613920794348137e-21 1.322660977939192180e-21
3.627102385071338198e+00 2.626103717960766774e-21 1.172130899149024921e-21
3.627767385070909789e+00 4.359500562713552998e-21 1.191154941753913766e-21
3.628432385070481381e+00 9.925308587660749461e-21 1.215681990627176348e-21
3.629097385070052972e+00 1.141933745965620350e-20 1.342088801984190979e-21
3.629762385069624564e+00 1.248897703301403586e-20 1.376366176149440293e-21
3.630427385069196156e+00 7.475601232355168635e-21 1.317130227610790034e-21
3.631092385068767747e+00 9.483024675717663777e-21 1.359316315477164471e-21
3.631757385068339339e+00 8.275366353367545193e-21 1.114944500831198348e-21
3.632422385067910930e+00 7.304337068210416298e-21 1.242930528051622438e-21
3.633087385067482522e+00 7.227003020403223313e-21 1.385909851038260264e-21
3.633752385067054114e+00 8.443670982418189756e-21 1.224529703408079326e-21
3.634417385066625705e+00 7.068180426761865627e-21 1.365305327855539130e-21
3.635082385066197297e+00 6.924945990113503420e-21 1.312349515292056450e-21
3.635747385065768889e+00 8.830124264054098037e-21 1.226122635547355728e-21
3.636412385065340480e+00 6.788752386337271278e-21 1.397763361389810595e-21
3.637077385064912072e+00 6.910253408990190892e-21 1.285060268684006349e-21
3.637742385064483663e+00 6.428156970804553782e-21 1.183310347649255180e-21
3.638407385064055255e+00 1.290942466348173149e-20 1.165623188051588816e-21
3.639072385063626847e+00 9.435256060231546473e-21 1.417689639466226145e-21
3.639737385063198438e+00 6.888188791780851171e-21 1.056111414034477688e-21
3.640402385062770030e+00 1.179698330676584798e-21 1.500254409821926750e-21
3.641067385062341621e+00 5.858828807087283226e-21 1.474658754951201157e-21
3.641732385061913213e+00 1.052463220513253870e-20 1.150156961075832250e-21
3.642397385061484805e+00 9.468222676886008358e-21 1.157806800531562544e-21
3.643062385061056396e+00 1.236828748725074274e-20 1.481570660323774005e-21
3.643727385060627988e+00 9.306631604217050161e-21 1.107196735395171208e-21
3.644392385060199580e+00 8.969490777498806980e-21 1.468989215523743011e-21
3.645057385059771171e+00 9.470260458503358745e-21 1.207879217339345482e-21
3.645722385059342763e+00 1.577623465799782753e-20 1.480575342574588878e-21
3.646387385058914354e+00 1.344283869214947473e-20 1.105526315896882007e-21
3.647052385058485946e+00 9.850206285084689881e-21 1.188069277913477940e-21
3.647717385058057538e+00 4.089951888355486256e-21 1.265544106371166478e-21
3.648382385057629129e+00 3.657082726868637550e-21 1.404493474721779786e-21
3.649047385057200721e+00 -8.378400312437587583e-22 1.406747832130774749e-21
3.649712385056772312e+00 1.094183039613029490e-20 1.430795103688971704e-21
3.650377385056343904e+00 1.117375269227353743e-20 1.088756270907575695e-21
3.651042385055915496e+00 8.628974591631817743e-21 1.299566404180494785e-21
3.651707385055487087e+00 6.868786644819666422e-21 1.167491500988891969e-21
3.652372385055058679e+00 1.457096628087073752e-21 1.279970143136348191e-21
3.653037385054630271e+00 3.410193895240278687e-21 1.163897652929867579e-21
3.653702385054201862e+00 5.906100730653626348e-21 1.175850947906787373e-21
3.654367385053773454e+00 7.678774952109153897e-21 1.496183804248827970e-21
3.655032385053345045e+00 1.497499783716453437e-20 1.306322661264960875e-21
3.655697385052916637e+00 7.423313018915802915e-21 1.438745397221546181e-21
3.656362385052488229e+00 8.651504367616328226e-21 1.177443665150653690e-21
3.657027385052059820e+00 9.568128742433132306e-21 1.339014136537215386e-21
3.657692385051631412e+00 3.777280235328598979e-21 1.505144409965332931e-21
3.658357385051203003e+00 4.862380904723339090e-21 1.224652631285123107e-21
3.659022385050774595e+00 9.123891606286198220e-21 1.088937649685984498e-21
3.659687385050346187e+00 6.448444288084779408e-21 1.090291467433565768e-21
3.660352385049917778e+00 4.095397436021463381e-21 1.028977210251342325e-21
3.661017385049489370e+00 1.018518274281940202e-20 1.335942613469299853e-21
3.661682385049060962e+00 1.379044685519956971e-20 1.424405072469063029e-21
3.662347385048632553e+00 7.360317625377935157e-21 1.399523625614739397e-21
3.663012385048204145e+00 3.666857865406339157e-21 1.228564119967848346e-21
3.663677385047775736e+00 6.258952263319536105e-21 1.232612117861376696e-21
3.664342385047347328e+00 5.545554390438444185e-21 1.268724521072013673e-21
3.665007385046918920e+00 4.005852712280387701e-21 1.144423354449098436e-21
3.665672385046490511e+00 6.819202452422691981e-21 1.087599949419294533e-21
3.666337385046062103e+00 -5.698877470489987773e-22 1.427322845078247200e-21
3.667002385045633694e+00 4.599916109212372428e-21 1.202474218343400636e-21
3.667667385045205286e+00 6.811001744284891186e-21 1.161430147813229770e-21
3.668332385044776878e+00 7.463292362361657423e-21 1.139226894719191479e-21
3.668997385044348469e+00 8.876089268861049412e-21 1.284543104135765835e-21
3.669662385043920061e+00 3.954333582506639731e-21 1.280160602426383875e-21
3.670327385043491653e+00 3.761027291380997419e-21 1.193871122836691839e-21
3.670992385043063244e+00 8.872490420583193808e-21 1.188974021147446318e-21
3.671657385042634836e+00 7.419781871597294665e-21 1.252840917094135742e-21
3.672322385042206427e+00 7.111228070811713691e-21 1.147833337317194515e-21
3.672987385041778019e+00 5.373221715441363381e-21 1.168271614758082428e-21
3.673652385041349611e+00 9.894431524824967024e-21 1.048102264284237518e-21
3.674317385040921202e+00 7.246777984838020909e-21 1.430324394313855976e-21
3.674982385040492794e+00 2.599258667994940637e-22 1.225266251834490644e-21
3.675647385040064385e+00 4.172008130829038547e-21 1.262245766457115781e-21
3.676312385039635977e+00 7.265417094873385359e-21 1.144405722323929300e-21
3.676977385039207569e+00 2.608237336313993006e-21 1.173236738299701822e-21
3.677642385038779160e+00 9.591892269172914543e-21 1.090957896707561129e-21
3.678307385038350752e+00 1.441041299033515925e-20 9.722392917760620499e-22
3.678972385037922344e+00 1.496715136579645490e-20 9.380064245077682242e-22
3.679637385037493935e+00 1.037236257815372898e-20 1.146386081773978976e-21
3.680302385037065527e+00 4.827878648907279007e-21 1.265475347958262467e-21
3.680967385036637118e+00 8.347188167535453926e-21 1.234639982586117012e-21
3.681632385036208710e+00 5.633123857440689601e-21 1.322779433472422785e-21
3.682297385035780302e+00 2.081658839294689949e-21 1.288439677239820130e-21
3.682962385035351893e+00 8.596923389711417320e-22 1.433176296183439679e-21
3.683627385034923485e+00 7.446773997548806431e-21 9.008195425958267922e-22
3.684292385034495076e+00 1.417113179648706520e-20 1.154474669345747384e-21
3.684957385034066668e+00 7.771386870651252790e-21 1.185489640718043720e-21
3.685622385033638260e+00 9.987068369763277152e-21 1.206095336753378698e-21
3.686287385033209851e+00 5.475515766701571586e-21 1.250018092861847006e-21
3.686952385032781443e+00 4.850934878750866374e-21 1.104222180835581170e-21
3.687617385032353035e+00 8.939340938411354633e-21 1.307462933987781825e-21
3.688282385031924626e+00 2.464730384695616871e-21 3.922789928239486800e-21
3.688947385031496218e+00 4.436842061366987866e-21 2.915670059120573435e-21
3.689612385031067809e+00 6.437060599338664215e-21 1.350157486453881983e-21
3.690277385030639401e+00 6.126128738124833365e-21 1.190886241689476293e-21
3.690942385030210993e+00 1.228176288466260851e-20 1.240356955238088134e-21
3.691607385029782584e+00 1.090084036480748464e-20 1.407130066826987063e-21
3.692272385029354176e+00 1.066016669684524659e-20 1.290621505177343519e-21
3.692937385028925767e+00 9.781049136276972017e-21 1.337987855455960619e-21
3.693602385028497359e+00 1.005128236074580789e-20 1.199987277381970080e-21
3.694267385028068951e+00 1.006665437111401885e-20 1.309274547076301516e-21
3.694932385027640542e+00 3.240930237284788690e-21 1.377686555519617765e-21
3.695597385027212134e+00 2.148662097935506176e-21 1.282728191273404178e-21
3.696262385026783726e+00 4.490788028566663761e-21 9.790530107214312030e-22
3.696927385026355317e+00 9.459656097612626476e-22 1.161310429073827181e-21
3.697592385025926909e+00 8.331322058413978163e-21 1.425464835052680729e-21
3.698257385025498500e+00 6.917472688560827284e-21 1.412383607739310319e-21
3.698922385025070092e+00 6.946375116103426570e-21 1.210546840022707369e-21
3.699587385024641684e+00 5.234592770526996797e-21 1.269819110787978156e-21
3.700252385024213275e+00 2.518086155635727268e-21 1.262340815735181425e-21
3.700917385023784867e+00 3.673253336956263211e-21 1.736882564773550609e-21
3.701582385023356458e+00 6.015922006813024824e-21 1.642244267625083127e-21
3.702247385022928050e+00 5.824714854943318325e-21 1.784753201688759860e-21
3.702912385022499642e+00 5.594528029404467326e-21 1.241505026812184503e-21
3.703577385022071233e+00 1.784153642912692330e-21 1.301332543230346786e-21
3.704242385021642825e+00 4.842652586068177956e-21 1.173404504993841127e-21
3.704907385021214417e+00 2.211716570408092449e-21 1.262125026652429957e-21
3.705572385020786008e+00 5.052585783829134760e-21 9.610216013532324008e-22
3.706237385020357600e+00 9.470158235886553444e-21 1.234716284673376022e-21
3.706902385019929191e+00 1.027244457597583566e-20 1.343002038698191978e-21
3.707567385019500783e+00 8.220810314818668483e-21 1.215366871006007515e-21
3.708232385019072375e+00 8.217049090792098266e-21 1.238881591891577956e-21
3.708897385018643966e+00 9.160671206457682050e-21 1.112969744431362869e-21
3.709562385018215558e+00 8.319982873873336816e-21 1.171396893485117453e-21
3.710227385017787149e+00 7.995306963085091099e-21 1.136813588727903838e-21
3.710892385017358741e+00 6.688858397047089632e-21 1.174779684333530591e-21
3.711557385016930333e+00 3.853290956396214605e-21 1.180709164610576935e-21
3.712222385016501924e+00 1.108760637708301484e-20 1.543060643532659127e-21
3.712887385016073516e+00 1.037264088300970935e-20 1.344939745761191590e-21
3.713552385015645108e+00 7.457607744031177517e-21 1.143893120874860435e-21
3.714217385015216699e+00 4.358178030526069297e-21 1.468609612235204995e-21
3.714882385014788291e+00 6.902497916413097982e-21 1.007559336720161152e-21
3.715547385014359882e+00 1.471000494479470215e-20 1.269839160633538332e-21
3.716212385013931474e+00 9.580880709607315075e-21 1.157615438017600598e-21
3.716877385013503066e+00 6.610877630916809884e-21 1.051453575141049748e-21
3.717542385013074657e+00 5.194339301944732877e-22 1.004561620735504926e-21
3.718207385012646249e+00 3.421747046090481588e-21 1.144076822258831482e-21
3.718872385012217840e+00 1.402855957244938775e-20 1.218204731552306247e-21
3.719537385011789432e+00 1.068200059511731708e-20 1.250420669054838458e-21
3.720202385011361024e+00 8.016406377399065682e-21 1.320306556734376992e-21
3.720867385010932615e+00 9.465578162250384633e-21 1.361131482980552214e-21
3.721532385010504207e+00 1.059942643316824812e-20 1.492915890608681937e-21
3.722197385010075799e+00 6.707683056291666577e-21 1.544568141890922895e-21
3.722862385009647390e+00 2.486042151746898811e-21 1.310417797281018574e-21
3.723527385009218982e+00 8.985498856906073003e-21 1.340668117579588793e-21
3.724192385008790573e+00 1.158323904357865094e-20 1.434157227218537274e-21
3.724857385008362165e+00 1.203602977000086519e-20 1.454533146296036178e-21
3.725522385007933757e+00 8.574218850752389944e-21 1.220652649907500902e-21
3.726187385007505348e+00 5.731057456465973720e-21 1.374437374285777654e-21
3.726852385007076940e+00 6.680028067783572327e-21 1.201415473485135201e-21
3.727517385006648531e+00 1.017076781715007056e-20 1.182836531737706767e-21
3.728182385006220123e+00 8.047287272322007096e-21 1.302995848009895681e-21
3.728847385005791715e+00 4.638477530692062621e-21 1.199861391403879888e-21
3.729512385005363306e+00 3.118735138998045092e-21 1.299506010900053760e-21
3.730177385004934898e+00 9.314795271333652086e-21 1.476771570127081964e-21
3.730842385004506490e+00 7.244977960604667975e-21 1.349821715422710278e-21
3.731507385004078081e+00 6.309559394097419443e-21 1.277021518444257029e-21
3.732172385003649673e+00 2.398979857257145439e-21 1.281859441659598004e-21
3.732837385003221264e+00 4.887032671047258138e-21 1.302920269837116769e-21
3.733502385002792856e+00 -1.894885550426353121e-21 1.268245866193170035e-21
3.734167385002364448e+00 4.942169995414456588e-21 1.264641611869264930e-21
3.734832385001936039e+00 4.408866013447776568e-21 1.401767559277004915e-21
3.735497385001507631e+00 7.809856702623409244e-21 1.324963731083344123e-21
3.736162385001079222e+00 2.232406901697552186e-21 1.216087328527896189e-21
3.736827385000650814e+00 6.849528442959590543e-21 1.227336763626844086e-21
3.737492385000222406e+00 8.547770116503477312e-21 1.221315705989570410e-21
3.738157384999793997e+00 3.012203854182484986e-21 1.201555752212694007e-21
3.738822384999365589e+00 6.081121160591173432e-21 1.225922242523644842e-21
3.739487384998937181e+00 4.999287704346596106e-21 1.358512495270360281e-21
3.740152384998508772e+00 1.042794662674779519e-20 1.224217988176736655e-21
3.740817384998080364e+00 7.776031055101253564e-21 1.274494675374891686e-21
3.741482384997651955e+00 8.623312160374113553e-21 1.298777859847393142e-21
3.742147384997223547e+00 5.012300066396181430e-21 1.297347649389090122e-21
3.742812384996795139e+00 9.191160170035733029e-21 1.585882435008065117e-21
3.743477384996366730e+00 9.463188895058022629e-21 1.322435908827183793e-21
3.744142384995938322e+00 8.758347624272824565e-21 1.358567999629916132e-21
3.744807384995509913e+00 8.028808944315116098e-21 1.477231466812052302e-21
3.745472384995081505e+00 4.421386865530158556e-21 1.330976206670317231e-21
3.746137384994653097e+00 9.627943772876131840e-21 1.573959785776931166e-21
3.746802384994224688e+00 1.079329672760003229e-20 1.432319743743606038e-21
3.747467384993796280e+00 3.269381917418813270e-21 1.275255947188175280e-21
3.748132384993367872e+00 9.491491382073945679e-21 1.476837351182780477e-21
3.748797384992939463e+00 8.915148681090811882e-21 1.304055430964619387e-21
3.749462384992511055e+00 8.381748877969542210e-21 1.214748395700065701e-21
3.750127384992082646e+00 5.030041375324548956e-21 1.534361371670896387e-21
3.750792384991654238e+00 1.008105933842463686e-20 1.332013761006561561e-21
3.751457384991225830e+00 1.677730465899306256e-20 1.134741800370130746e-21
3.752122384990797421e+00 2.631653574346884966e-21 1.276459678547881688e-21
3.752787384990369013e+00 5.601006082335087610e-21 1.300447003322562812e-21
3.753452384989940604e+00 3.318384091641300524e-21 1.199155369219885161e-21
3.754117384989512196e+00 9.636232305712800089e-21 1.196712412287831353e-21
3.754782384989083788e+00 6.364330589148158063e-21 1.172959594488910569e-21
3.755447384988655379e+00 5.401954779378532386e-21 1.116501815971717104e-21
3.756112384988226971e+00 1.095682220812663544e-20 1.394970038175720844e-21
3.756777384987798563e+00 7.950116377519315988e-21 1.305278304531284033e-21
3.757442384987370154e+00 6.219164174070503476e-21 1.198828627315290919e-21
3.758107384986941746e+00 6.141569538054759060e-21 1.490884427691951672e-21
3.758772384986513337e+00 6.915233338215862349e-21 1.404041025581571627e-21
3.759437384986084929e+00 8.797754330518266718e-21 1.142035813567489197e-21
3.760102384985656521e+00 8.748158198443360179e-21 1.271828326620577239e-21
3.760767384985228112e+00 7.365862364788243654e-21 1.151849058018188137e-21
3.761432384984799704e+00 8.649616660588351954e-21 1.197230885778251664e-21
3.762097384984371296e+00 5.020455971375336869e-21 1.358707465668415631e-21
3.762762384983942887e+00 7.718198415744428820e-21 1.310630997846482820e-21
3.763427384983514479e+00 7.918569376229041283e-21 1.188117666194202511e-21
3.764092384983086070e+00 3.797935723883739724e-21 1.122939773675298644e-21
3.764757384982657662e+00 8.731367833682769219e-21 1.152082861810263126e-21
3.765422384982229254e+00 1.681740807358847529e-20 1.167121371525461597e-21
3.766087384981800845e+00 1.359352349547488401e-20 1.154146784264317552e-21
3.766752384981372437e+00 1.325121766733774135e-20 2.110262065035017796e-21
3.767417384980944028e+00 1.020171269596826222e-20 1.279807076711625090e-21
3.768082384980515620e+00 1.522819323315953289e-20 1.429523427761110780e-21
3.768747384980087212e+00 1.196481959367819753e-20 1.233756940295278948e-21
3.769412384979658803e+00 1.304201955799229901e-20 1.419480987714113027e-21
3.770077384979230395e+00 8.325513852016138155e-21 1.321194979333739574e-21
3.770742384978801987e+00 1.006775504588219364e-20 1.210056133541725461e-21
3.771407384978373578e+00 1.009572023730595964e-20 1.201381700066760507e-21
3.772072384977945170e+00 5.908521997933728667e-21 1.639404020059609873e-21
3.772737384977516761e+00 6.775792785809127268e-21 1.360977763247233558e-21
3.773402384977088353e+00 5.491321176217643419e-21 1.254787287889819301e-21
3.774067384976659945e+00 4.912162700691835433e-21 1.350620600764306579e-21
3.774732384976231536e+00 5.098671519371763453e-21 1.305014491993699441e-21
3.775397384975803128e+00 2.319540745422673069e-21 1.274957653416751692e-21
3.776062384975374719e+00 3.976594917838923885e-21 1.249567577767080187e-21
3.776727384974946311e+00 1.005561916879830303e-20 1.100034650301113574e-21
3.777392384974517903e+00 1.172457596525202903e-20 5.924458639983421636e-21
3.778057384974089494e+00 1.016731315669206810e-20 1.085622672757978989e-20
3.778722384973661086e+00 5.797721094386898379e-21 1.230048979203308746e-21
3.779387384973232678e+00 8.551790079713987836e-21 1.161831342428269905e-21
3.780052384972804269e+00 3.662422587040684001e-21 1.139528685632370463e-21
3.780717384972375861e+00 4.227745901142441809e-21 1.169424476537548524e-21
3.781382384971947452e+00 8.378058295486922136e-21 1.233529293884136316e-21
3.782047384971519044e+00 5.738725841487273217e-21 1.461751440240484359e-21
3.782712384971090636e+00 6.035868863086264387e-21 1.453004359154636647e-21
3.783377384970662227e+00 1.390811360277703403e-21 1.463551594854371181e-21
3.784042384970233819e+00 6.800821255268281833e-21 1.419073592020161193e-21
3.784707384969805410e+00 8.488202650875457229e-21 1.187120431224913248e-21
3.785372384969377002e+00 1.424487586599491596e-21 1.453688147182035238e-21
3.786037384968948594e+00 4.974069016197775970e-21 1.263311907143089235e-21
3.786702384968520185e+00 6.166236480651222750e-21 1.199419049755194330e-21
3.787367384968091777e+00 9.565821695046241269e-21 1.349654250550800697e-21
3.788032384967663369e+00 1.098756533789874292e-20 1.401563688483323483e-21
3.788697384967234960e+00 2.669683381106815042e-21 1.250690570719454430e-21
3.789362384966806552e+00 6.449884700565637816e-21 1.205595984233787392e-21
3.790027384966378143e+00 8.090089144400470303e-21 1.314382278017721660e-21
3.790692384965949735e+00 1.113693035168869174e-20 1.463144339672196743e-21
3.791357384965521327e+00 3.601659439044109463e-21 1.337530500692118909e-21
3.792022384965092918e+00 4.101702390920490422e-21 1.233504030835167113e-21
3.792687384964664510e+00 4.002139329231396691e-21 1.563806786789163082e-21
3.793352384964236101e+00 4.207988842928547231e-21 1.237372317898275854e-21
3.794017384963807693e+00 3.661175049986568493e-22 1.170270292654787015e-21
3.794682384963379285e+00 8.671657796725504680e-21 1.307460176323938885e-21
3.795347384962950876e+00 1.127734903134885430e-20 1.343399576364333644e-21
3.796012384962522468e+00 1.265376202185719188e-20 1.211014034017046197e-21
3.796677384962094060e+00 8.293296505620082079e-21 1.160930160642377788e-21
3.797342384961665651e+00 6.564238363381842642e-21 1.495800483516864206e-21
3.798007384961237243e+00 7.765449361548778948e-21 1.405349146504891095e-21
3.798672384960808834e+00 6.029416510953398387e-21 1.489334802336314940e-21
3.799337384960380426e+00 1.427544334430753990e-20 1.229195811430576811e-21
3.800002384959952018e+00 6.502895718417231297e-21 1.616210352736384280e-21
3.800667384959523609e+00 8.378498076293313299e-21 1.223503231117264156e-21
3.801332384959095201e+00 8.366422511884268711e-21 1.142072730737264893e-21
3.801997384958666792e+00 9.669625864223847598e-21 1.085347369081014482e-21
3.802662384958238384e+00 2.026267469730594261e-21 1.142223308887986364e-21
3.803327384957809976e+00 8.782085716280061890e-21 1.082868169804794162e-21
3.803992384957381567e+00 8.198618118220716908e-21 1.180605758960962374e-21
3.804657384956953159e+00 7.579772463623163670e-21 1.190230116943422478e-21
3.805322384956524751e+00 6.294406570468095936e-21 1.137035246422141626e-21
3.805987384956096342e+00 5.014533142785036920e-21 1.043367108348640818e-21
3.806652384955667934e+00 6.772043096377935436e-21 1.222581100605955255e-21
3.807317384955239525e+00 5.672892443609288921e-21 1.077477582660480298e-21
3.807982384954811117e+00 1.197448027248827419e-20 1.013401788865257348e-21
3.808647384954382709e+00 1.144998870897863095e-20 9.829636174246875565e-22
3.809312384953954300e+00 7.900652195662939438e-21 1.036859829671390958e-21
3.809977384953525892e+00 7.029752343537191152e-21 1.347879926073096212e-21
3.810642384953097483e+00 7.309368006693618449e-21 1.309153254087184329e-21
3.811307384952669075e+00 1.183708719003019371e-20 1.116170726668408289e-21
3.811972384952240667e+00 1.223232781780755809e-20 1.142133237229884323e-21
3.812637384951812258e+00 1.027953410222523377e-20 1.119206254557555603e-21
3.813302384951383850e+00 1.444297639956632765e-21 1.075000802854523130e-21
3.813967384950955442e+00 8.902959039367119359e-21 1.106116700245355910e-21
3.814632384950527033e+00 9.916418193932036435e-21 1.171120568819097793e-21
3.815297384950098625e+00 1.034386027443114895e-20 1.103792309895338268e-21
3.815962384949670216e+00 9.996484870572615612e-21 9.850461342509133685e-22
3.816627384949241808e+00 7.102067685280191788e-21 1.053346127007668579e-21
3.817292384948813400e+00 1.236874053355727226e-20 1.261651255104989271e-21
3.817957384948384991e+00 1.151267773914269425e-20 1.119227004829263289e-21
3.818622384947956583e+00 1.399572428114274396e-20 1.165170984370628456e-21
3.819287384947528174e+00 1.361663170714460437e-20 1.274276133026233913e-21
3.819952384947099766e+00 1.623634458694297017e-20 1.199267008132385174e-21
3.820617384946671358e+00 1.537947575874034564e-20 1.416990891429117551e-21
3.821282384946242949e+00 1.379155271941631304e-20 1.721245321358653168e-21
3.821947384945814541e+00 1.417255623550560237e-20 1.739466034473567117e-21
3.822612384945386133e+00 1.289094940015858844e-20 1.134606304861401149e-21
3.823277384944957724e+00 9.886313984923160777e-21 1.127088711025235126e-21
3.823942384944529316e+00 9.872390573277767849e-21 1.173766879098782632e-21
3.824607384944100907e+00 1.134656474348079408e-20 1.345309106918693454e-21
3.825272384943672499e+00 7.918891938144886891e-21 1.349054953905614667e-21
3.825937384943244091e+00 8.060505765303950795e-21 1.390328202515478976e-21
3.826602384942815682e+00 3.063114183945893388e-21 1.828042943204653222e-21
3.827267384942387274e+00 1.830822700676201303e-21 1.213690956783547471e-21
3.827932384941958865e+00 5.253904352323020461e-21 1.233709343215968532e-21
3.828597384941530457e+00 1.501994631359663902e-20 1.280810869465567093e-21
3.829262384941102049e+00 8.005711646243390965e-21 1.266136733461373141e-21
3.829927384940673640e+00 4.321525732127848284e-21 1.066463853758382393e-21
3.830592384940245232e+00 4.162749028568045780e-21 1.035458636202022160e-21
3.831257384939816824e+00 6.503698849153130077e-21 1.099556306444473848e-21
3.831922384939388415e+00 3.351320289590313293e-21 1.239320108313688296e-21
3.832587384938960007e+00 5.875314187096002019e-21 1.113235846239011099e-21
3.833252384938531598e+00 -5.656075589196851998e-22 1.147620888717409347e-21
3.833917384938103190e+00 5.974677244468254669e-21 1.045920796155615625e-21
3.834582384937674782e+00 8.470448878449514016e-21 1.169948112468633461e-21
3.835247384937246373e+00 1.122151234792786533e-20 1.078599170722869398e-21
3.835912384936817965e+00 9.494089545748926554e-21 1.032898182964043592e-21
3.836577384936389556e+00 1.207451972023947315e-20 1.297472707235504830e-21
3.837242384935961148e+00 4.676894188443096638e-21 1.448239336926831884e-21
3.837907384935532740e+00 9.656198543726275108e-21 1.316337291702235564e-21
3.838572384935104331e+00 1.032552188505099005e-20 1.203313881229835281e-21
3.839237384934675923e+00 6.166972173814359555e-21 9.361834819728202272e-22
3.839902384934247515e+00 7.792295087288732509e-21 1.161511375172962735e-21
3.840567384933819106e+00 3.575978392048618265e-21 1.323216136129539351e-21
3.841232384933390698e+00 7.952533671223084714e-21 1.223758088736347372e-21
3.841897384932962289e+00 2.000115386764767684e-21 1.301501445239599289e-21
3.842562384932533881e+00 2.425434879191529264e-21 1.117445831428817281e-21
3.843227384932105473e+00 8.813350063670975905e-21 1.132275060565924646e-21
3.843892384931677064e+00 1.189629761297290551e-20 1.144044836709395590e-21
3.844557384931248656e+00 4.974289836135199629e-21 1.100735481699037266e-21
3.845222384930820247e+00 7.472814550525753292e-21 1.151547402288593211e-21
3.845887384930391839e+00 1.494969477994074543e-20 1.301583721230203647e-21
3.846552384929963431e+00 9.136215528742831972e-21 1.245746449124529113e-21
3.847217384929535022e+00 1.323480264543094229e-20 1.169817556236894771e-21
3.847882384929106614e+00 1.099825201267635461e-20 1.168783726175349701e-21
3.848547384928678206e+00 1.460569197626649485e-20 1.086849179163814804e-21
3.849212384928249797e+00 1.133962957694309075e-20 1.051795145961376848e-21
3.849877384927821389e+00 1.187771338840974247e-20 1.139218415013378411e-21
3.850542384927392980e+00 6.085553209548813099e-21 1.180297363466790823e-21
3.851207384926964572e+00 1.303216253598821831e-20 1.263375527387856810e-21
3.851872384926536164e+00 9.694006008596575497e-21 1.144702487302718973e-21
3.852537384926107755e+00 6.392311752017941092e-21 1.189492861911932138e-21
3.853202384925679347e+00 7.091341335979221251e-21 1.271930349812240585e-21
3.853867384925250938e+00 8.740043438282285934e-21 1.021365897686497676e-21
3.854532384924822530e+00 1.309803491504190934e-20 1.135185554404286256e-21
3.855197384924394122e+00 1.350989551565814454e-20 1.090641487392167763e-21
3.855862384923965713e+00 8.371411611969322198e-21 1.089060458856495991e-21
3.856527384923537305e+00 1.271642021427040432e-20 1.187521404677537355e-21
3.857192384923108897e+00 1.293906607918839210e-20 1.315592052440055376e-21
3.857857384922680488e+00 1.043980230991965487e-20 1.090645904348111641e-21
3.858522384922252080e+00 1.201098937164345820e-20 1.163379043764877840e-21
3.859187384921823671e+00 8.202417221645048581e-21 1.281420682210114426e-21
3.859852384921395263e+00 4.156167438413922517e-21 1.044818474165919629e-21
3.860517384920966855e+00 8.024400144451057063e-21 1.129494338385393745e-21
3.861182384920538446e+00 1.060835278438981833e-20 1.003516922390229893e-21
3.861847384920110038e+00 8.285324894188509006e-21 1.053022573952072547e-21
3.862512384919681629e+00 1.315198631388967186e-20 1.046708591386113420e-21
3.863177384919253221e+00 1.249220780802438471e-20 1.028889480542098284e-21
3.863842384918824813e+00 1.692955776894969278e-20 1.172459837963347223e-21
3.864507384918396404e+00 1.452351916980867626e-20 1.124963970858823714e-21
3.865172384917967996e+00 1.268337939530802930e-20 1.096857084486851117e-21
3.865837384917539588e+00 9.551029033788371053e-21 1.059993801841377137e-21
3.866502384917111179e+00 5.259264732788201343e-21 1.033450005696889635e-21
3.867167384916682771e+00 8.046016032875391179e-21 1.162433552876248445e-21
3.867832384916254362e+00 1.388695441287129456e-20 1.049665952415792697e-21
3.868497384915825954e+00 1.388283312177447476e-20 1.567210905036028100e-21
3.869162384915397546e+00 1.304026868036110098e-20 1.244093811036437748e-21
3.869827384914969137e+00 1.174993592395133597e-20 1.328834130493389133e-21
3.870492384914540729e+00 1.151467026945782205e-20 1.151208710270102128e-21
3.871157384914112320e+00 1.069152776445127922e-20 1.195074813573013341e-21
3.871822384913683912e+00 1.202352044820354687e-20 1.110649786936987325e-21
3.872487384913255504e+00 1.115457224417405171e-20 1.279590683286382493e-21
3.873152384912827095e+00 1.004483655854002409e-20 1.155566940227153933e-21
3.873817384912398687e+00 1.211046425973702606e-20 1.337927713380295079e-21
3.874482384911970279e+00 1.561634824687622712e-20 1.001356569895080967e-21
3.875147384911541870e+00 1.604860302112446311e-20 1.421520063467893323e-21
3.875812384911113462e+00 1.984910011114977928e-20 1.377542083549030355e-21
3.876477384910685053e+00 1.571132806210884027e-20 1.181984973785140963e-21
3.877142384910256645e+00 1.307863256412398665e-20 1.436692371529381311e-21
3.877807384909828237e+00 1.280470947078821665e-20 1.343948997081325465e-21
3.878472384909399828e+00 1.105729732023249617e-20 1.357535135308865410e-21
3.879137384908971420e+00 1.409487447337225041e-20 1.509938828310936076e-21
3.879802384908543011e+00 2.104639520823346662e-20 1.188172603560957549e-21
3.880467384908114603e+00 1.644447022308299059e-20 1.225942457726517644e-21
3.881132384907686195e+00 1.503825024600406696e-20 1.137370930319978894e-21
3.881797384907257786e+00 1.682121501442357248e-20 1.311816912718852895e-21
3.882462384906829378e+00 8.157059645502743424e-21 1.318506970200041529e-21
3.883127384906400970e+00 1.218620421303807168e-20 1.057969939003391101e-21
3.883792384905972561e+00 1.631753353623448543e-20 1.338077968842170386e-21
3.884457384905544153e+00 7.811475991453958584e-21 1.141053797664644629e-21
3.885122384905115744e+00 1.336417385143366155e-20 1.325629091222335364e-21
3.885787384904687336e+00 1.340123616474270316e-20 1.373934952882666037e-21
3.886452384904258928e+00 1.888487624606734293e-20 1.254599542047401097e-21
3.887117384903830519e+00 1.716758237267809884e-20 1.142048700545313408e-21
3.887782384903402111e+00 1.097650495758336404e-20 1.134984382279890774e-21
3.888447384902973702e+00 1.963135555107546574e-20 1.184308020331840691e-21
3.889112384902545294e+00 2.144765862547967500e-20 1.229234253407889986e-21
3.889777384902116886e+00 1.853085601912145777e-20 1.215758963883655258e-21
3.890442384901688477e+00 1.491930181664236104e-20 1.213105688634833364e-21
3.891107384901260069e+00 1.539269902829641969e-20 1.060656202295106537e-21
3.891772384900831661e+00 1.599603036309094428e-20 1.115853343057214386e-21
3.892437384900403252e+00 1.189345585023900864e-20 1.616982277864053107e-21
3.893102384899974844e+00 1.589657942116543106e-20 1.306657893683861758e-21
3.893767384899546435e+00 1.996128191223925959e-20 1.474300940161553542e-21
3.894432384899118027e+00 1.575148173227042210e-20 1.162415836441941895e-21
3.895097384898689619e+00 1.597989508571571629e-20 1.201861489880832362e-21
3.895762384898261210e+00 1.410807552357700651e-20 1.381337294669935974e-21
3.896427384897832802e+00 1.165972523870811236e-20 1.390998565922622926e-21
3.897092384897404393e+00 1.054980745039544753e-20 1.111942975223474028e-21
3.897757384896975985e+00 1.255229943440688137e-20 1.446660595975933298e-21
3.898422384896547577e+00 1.138093897295709180e-20 1.207835460528564383e-21
3.899087384896119168e+00 1.719211604485218146e-20 1.122508302273298243e-21
3.899752384895690760e+00 1.262878265557845856e-20 1.057447396693452882e-21
3.900417384895262352e+00 1.707103125588901895e-20 1.352762494223939548e-21
3.901082384894833943e+00 1.532477736262800198e-20 1.377455518789585679e-21
3.901747384894405535e+00 1.714204494058174334e-20 1.134043406659913207e-21
3.902412384893977126e+00 2.212128275077478942e-20 1.042586947674439746e-21
3.903077384893548718e+00 2.150452629585758008e-20 1.127110770653101815e-21
3.903742384893120310e+00 1.849067494848550172e-20 1.091538011281651865e-21
3.904407384892691901e+00 1.306388516800548364e-20 1.253164306186909037e-21
3.905072384892263493e+00 1.147603147877003353e-20 1.348976954900693185e-21
3.905737384891835084e+00 8.732231742289749698e-21 1.112483142159980292e-21
3.906402384891406676e+00 1.263786285892242199e-20 1.079254647162411101e-21
3.907067384890978268e+00 1.745991879097305395e-20 1.234736423304869179e-21
3.907732384890549859e+00 1.518841296458189746e-20 1.296181957024335925e-21
3.908397384890121451e+00 1.571830638646756144e-20 1.103676788112651675e-21
3.909062384889693043e+00 1.478990704297134157e-20 1.030461016974397452e-21
3.909727384889264634e+00 1.726248120565371067e-20 1.177112293696022688e-21
3.910392384888836226e+00 2.081975946633697579e-20 1.322042121296014687e-21
3.911057384888407817e+00 2.385384691605806040e-20 1.185070123993463137e-21
3.911722384887979409e+00 2.424794695058650307e-20 1.066503396500963558e-21
3.912387384887551001e+00 1.761960190534440767e-20 1.070313163469614902e-21
3.913052384887122592e+00 1.700853746756063843e-20 1.350335568754030928e-21
3.913717384886694184e+00 1.918354101966771032e-20 1.118826995599489824e-21
3.914382384886265775e+00 2.300782097224125355e-20 1.237250427241348277e-21
3.915047384885837367e+00 2.010823086935725456e-20 1.179098765829854052e-21
3.915712384885408959e+00 1.996961703510249242e-20 1.163221903271283166e-21
3.916377384884980550e+00 2.171272538857771890e-20 1.139704370507051312e-21
3.917042384884552142e+00 2.128916122324934289e-20 1.291284245561219164e-21
3.917707384884123734e+00 2.378174192355027647e-20 1.212741716903590739e-21
3.918372384883695325e+00 2.246052874763740924e-20 1.146617694071297619e-21
3.919037384883266917e+00 1.582340846059885425e-20 1.198018205629737353e-21
3.919702384882838508e+00 1.322208171513486532e-20 1.106055528007470765e-21
3.920367384882410100e+00 1.769516646697120983e-20 1.085179501408755414e-21
3.921032384881981692e+00 1.563814843289779273e-20 1.328495560519600513e-21
3.921697384881553283e+00 1.095239166292052248e-20 1.132798217874690074e-21
3.922362384881124875e+00 1.769703961465859490e-20 1.042262526272887519e-21
3.923027384880696466e+00 2.152572314987305261e-20 1.107461811437219162e-21
3.923692384880268058e+00 1.533510564721885816e-20 1.168519676164447137e-21
3.924357384879839650e+00 1.714575123182688588e-20 1.136233637453873316e-21
3.925022384879411241e+00 1.689031279052283080e-20 1.231816490631887184e-21
3.925687384878982833e+00 1.986759014675296328e-20 1.187746114126468178e-21
3.926352384878554425e+00 1.687823404700559154e-20 1.230194769801265432e-21
3.927017384878126016e+00 1.668971683669904977e-20 1.127491317135978180e-21
3.927682384877697608e+00 1.581962655829345214e-20 1.308090718349530836e-21
3.928347384877269199e+00 1.343663169114625103e-20 1.188123556000104754e-21
3.929012384876840791e+00 1.502794191954896184e-20 1.151422826373403268e-21
3.929677384876412383e+00 2.060835419570249096e-20 1.186622849212384472e-21
3.930342384875983974e+00 1.836949057984599494e-20 1.212047549653117928e-21
3.931007384875555566e+00 1.986097104441260927e-20 1.117920396950712384e-21
3.931672384875127157e+00 2.376374726721609077e-20 1.113413723841177747e-21
3.932337384874698749e+00 1.776602952297457851e-20 1.328375124805834592e-21
3.933002384874270341e+00 1.895917442762950765e-20 1.417258836976852901e-21
3.933667384873841932e+00 1.020689842313192434e-20 1.295735424794340453e-21
3.934332384873413524e+00 1.133228850133711100e-20 1.592554835459566085e-21
3.934997384872985116e+00 2.955439152000002903e-20 1.236393186501972043e-21
3.935662384872556707e+00 1.265700562019604574e-20 1.090893446029106480e-21
3.936327384872128299e+00 1.346809761305923624e-20 1.396471648242052702e-21
3.936992384871699890e+00 3.599192560156374550e-21 1.906832308818068908e-21
3.937657384871271482e+00 6.299614874190174043e-21 2.184357504368497462e-21
3.938322384870843074e+00 1.117073719043136092e-20 1.975561144883903231e-21
3.938987384870414665e+00 1.045964110409258547e-20 1.212038310636055624e-21
3.939652384869986257e+00 9.755979348948204295e-21 1.181300651717812991e-21
3.940317384869557849e+00 5.511134116837179128e-21 1.300258691692663352e-21
3.940982384869129440e+00 4.144054353199245521e-21 1.278385919108112525e-21
3.941647384868701032e+00 4.731691290007783353e-21 1.299115858810622132e-21
3.942312384868272623e+00 4.535198074712701221e-21 1.157957886236710825e-21
3.942977384867844215e+00 8.115689670958171745e-21 1.141867903270604459e-21
3.943642384867415807e+00 5.133534961822100297e-21 1.130299739118374530e-21
3.944307384866987398e+00 3.513851681247691477e-21 1.201495482323383036e-21
3.944972384866558990e+00 -1.088109930964455043e-21 1.045849137879959533e-21
3.945637384866130581e+00 8.641169115042210423e-22 1.139037432061980601e-21
3.946302384865702173e+00 3.905290552962409174e-21 1.334197887971097201e-21
3.946967384865273765e+00 1.134341168610058511e-20 1.408599895454344410e-21
3.947632384864845356e+00 9.649260014520725357e-21 1.131456978765216240e-21
3.948297384864416948e+00 4.746149312907982967e-22 9.617574681819372886e-22
3.948962384863988540e+00 3.782817682276115737e-21 1.366786824183942068e-21
3.949627384863560131e+00 5.775945770499818192e-21 1.346060114512119721e-21
3.950292384863131723e+00 7.058971274590413212e-21 1.249993338619808890e-21
3.950957384862703314e+00 -6.847969099663359751e-22 1.304536719162823472e-21
3.951622384862274906e+00 8.117788905841647305e-21 1.340423206243963474e-21
3.952287384861846498e+00 1.231889962068164698e-20 1.293993367479113556e-21
3.952952384861418089e+00 9.213453205632161196e-21 1.303409103684610183e-21
3.953617384860989681e+00 3.854439795689779332e-21 1.282745465609914214e-21
3.954282384860561272e+00 3.153337936487471813e-21 1.095900530029363419e-21
3.954947384860132864e+00 4.244500490579311935e-21 1.328389365405847739e-21
3.955612384859704456e+00 5.380667927761174137e-21 1.577522848114451033e-21
3.956277384859276047e+00 1.063084265551089703e-21 1.026537130708387963e-21
3.956942384858847639e+00 5.472427314452725574e-21 1.011305917354047251e-21
3.957607384858419231e+00 5.845419472774150737e-21 1.108213732631696454e-21
3.958272384857990822e+00 4.554783554414134266e-21 1.128144601724345751e-21
3.958937384857562414e+00 4.061367155968733907e-21 1.174648780776281180e-21
3.959602384857134005e+00 7.774724611482805284e-21 1.268542209600448819e-21
3.960267384856705597e+00 3.487184286861770242e-21 1.036018599179991922e-21
3.960932384856277189e+00 3.937617367603657510e-21 1.586860619140062696e-21
3.961597384855848780e+00 1.797531547872982811e-21 1.165651819054519977e-21
3.962262384855420372e+00 1.306742338771636725e-21 1.277368795382213160e-21
3.962927384854991963e+00 1.111537961359164581e-20 1.092537075138612739e-21
3.963592384854563555e+00 9.624830080503811610e-21 1.218440327990193922e-21
3.964257384854135147e+00 1.016779062258745893e-20 1.428206125008114648e-21
3.964922384853706738e+00 1.274966248280298636e-20 8.496755760492088895e-21
3.965587384853278330e+00 5.923039326164413515e-21 1.271128728069866325e-21
3.966252384852849922e+00 4.721188610230540714e-21 1.180290072637940933e-21
3.966917384852421513e+00 7.139017747812070158e-21 1.144411709611436963e-21
3.967582384851993105e+00 6.359478120214569871e-21 1.077394662231445914e-21
3.968247384851564696e+00 2.340750743955952859e-21 1.065455747808404661e-21
3.968912384851136288e+00 2.348964273293006184e-21 1.107567026768982781e-21
3.969577384850707880e+00 8.092673062218055721e-21 1.081254440568259869e-21
3.970242384850279471e+00 7.464102638487165900e-21 9.730042056247625183e-22
3.970907384849851063e+00 4.269276400877993987e-21 1.099132272722894414e-21
3.971572384849422654e+00 3.983007230426481051e-21 1.129890691875353830e-21
3.972237384848994246e+00 5.729693396836791499e-21 1.331044258504565076e-21
3.972902384848565838e+00 7.013690982537227272e-21 1.372048113455107758e-21
3.973567384848137429e+00 7.114470757564079874e-21 1.754738719906436537e-21
3.974232384847709021e+00 1.486404933091039566e-21 1.560821712341461980e-21
3.974897384847280613e+00 6.732470528590601959e-21 3.814268508696097018e-21
3.975562384846852204e+00 3.237200497835155018e-21 1.495202955465837497e-21
3.976227384846423796e+00 4.780962859422693218e-21 3.116728048638214006e-21
3.976892384845995387e+00 5.153449279616413631e-21 1.178869835458497362e-21
3.977557384845566979e+00 7.748544108344164642e-21 1.150278368730107697e-21
3.978222384845138571e+00 6.619736918687791719e-21 1.256485161282443952e-21
3.978887384844710162e+00 5.071287156776786976e-21 1.226438843922500056e-21
3.979552384844281754e+00 1.049853281402477756e-20 1.306513583016243576e-21
3.980217384843853345e+00 2.777327477147965936e-21 1.163509204284226392e-21
3.980882384843424937e+00 1.216412335563826919e-20 1.143200042795342375e-21
3.981547384842996529e+00 9.193702780052439956e-21 1.285427741711145545e-21
3.982212384842568120e+00 8.287802394653129728e-21 1.080774106917257260e-21
3.982877384842139712e+00 9.339007201033186945e-21 1.231184306107649272e-21
3.983542384841711304e+00 1.078358969750892079e-20 1.043932274737792058e-21
3.984207384841282895e+00 6.567585308624931605e-21 1.258301703672424925e-21
3.984872384840854487e+00 7.895371622406680873e-21 1.177278705441954115e-21
3.985537384840426078e+00 1.063175782211076929e-20 1.305227759320817655e-21
3.986202384839997670e+00 7.099110405483099654e-21 1.249778575203047058e-21
3.986867384839569262e+00 8.397317835977368157e-21 1.174213959372279904e-21
3.987532384839140853e+00 7.478049125898924919e-21 1.246705405436135799e-21
3.988197384838712445e+00 4.086708941010138208e-21 1.181929771952283334e-21
3.988862384838284036e+00 1.166531448729686098e-20 1.301481390118784775e-21
3.989527384837855628e+00 4.761788593515437169e-21 1.308131974840108938e-21
3.990192384837427220e+00 3.212753638183058410e-21 1.186524398222403273e-21
3.990857384836998811e+00 3.395263780586221829e-21 1.102029759390532058e-21
3.991522384836570403e+00 6.102214312645824260e-21 1.613400104099424380e-21
3.992187384836141995e+00 3.773036074214187835e-21 2.890704004552927388e-21
3.992852384835713586e+00 5.610459951142766843e-21 2.953932948847050608e-21
3.993517384835285178e+00 5.634100890848169190e-21 1.784225405706113012e-21
3.994182384834856769e+00 1.715516457589941447e-21 1.264671101000753696e-21
3.994847384834428361e+00 2.078530588118259463e-21 1.175082582210801827e-21
3.995512384833999953e+00 7.802168786701719953e-21 9.947332561463707571e-22
3.996177384833571544e+00 4.224046841927791767e-21 1.526343740073427976e-21
3.996842384833143136e+00 1.001118631062299057e-20 1.194848972268019435e-21
3.997507384832714727e+00 8.592735460438691366e-21 1.275236854461624622e-21
3.998172384832286319e+00 8.321319314448250382e-21 1.011932266642783356e-21
3.998837384831857911e+00 1.459331116872195159e-20 2.092065387086935504e-21
3.999502384831429502e+00 1.891371159023517524e-20 7.222211477405318697e-21
4.000167384831001094e+00 4.452945400632323783e-21 6.496407229963501369e-21
4.000832384830572686e+00 2.935656143669688581e-20 7.627962959203674307e-21
4.001497384830144277e+00 1.241123721158744397e-20 1.138420317357767072e-20
4.002162384829715869e+00 4.889550310449487148e-21 1.203632973440226764e-21
4.002827384829287460e+00 7.360426387603987002e-21 1.242259731735124657e-21
4.003492384828859052e+00 7.383811062464262570e-21 1.385217078885050775e-21
4.004157384828430644e+00 5.953907773696952781e-21 1.052698174285211879e-21
4.004822384828002235e+00 9.208103271839419529e-21 1.196460107262026159e-21
4.005487384827573827e+00 9.292841924480149750e-21 1.206720510856795050e-21
4.006152384827145418e+00 3.671121959421807921e-21 1.115886796343665250e-21
4.006817384826717010e+00 -4.297320090509379845e-22 1.174934456089350605e-21
4.007482384826288602e+00 5.927538746120827639e-21 1.176338228186332099e-21
4.008147384825860193e+00 5.476524276052253299e-21 1.336403549203328088e-21
4.008812384825431785e+00 1.563993778692960012e-21 1.314244164117824192e-21
4.009477384825003377e+00 6.058638295443695221e-21 1.229500979820045594e-21
4.010142384824574968e+00 3.283889841229582468e-21 1.203404038926593115e-21
4.010807384824146560e+00 4.659049490602656997e-21 1.354486265817058142e-21
4.011472384823718151e+00 2.833812022979453545e-21 1.147945821887430119e-21
4.012137384823289743e+00 7.606749207017640195e-21 2.144792333953482114e-21
4.012802384822861335e+00 5.004172656752226657e-21 9.138092364428528497e-21
4.013467384822432926e+00 8.172983310071211426e-21 1.604621905657368280e-20
4.014132384822004518e+00 1.299284147168575132e-20 1.304777724623084698e-21
4.014797384821576109e+00 1.290217682184664687e-20 1.197294340066184747e-21
4.015462384821147701e+00 7.561742440626776245e-21 1.307679266269180772e-21
4.016127384820719293e+00 5.440118348734934489e-21 1.214558344287845350e-21
4.016792384820290884e+00 4.593829956937335607e-21 1.398833633003184324e-21
4.017457384819862476e+00 -4.302150497509370119e-22 1.458147299958771587e-21
4.018122384819434068e+00 4.410745534495112570e-21 1.440825787882068508e-21
4.018787384819005659e+00 3.372061518999854415e-21 1.427649502961306306e-21
4.019452384818577251e+00 2.401224236518522153e-21 1.647655126293107142e-21
4.020117384818148842e+00 1.144386797154373384e-20 1.829681099058507463e-21
4.020782384817720434e+00 8.985256491403996918e-21 1.902525042212788255e-21
4.021447384817292026e+00 6.349448449308449998e-21 1.705225684745713464e-21
4.022112384816863617e+00 6.618990568291260854e-21 1.893321513857906214e-21
4.022777384816435209e+00 7.635590805806506940e-21 1.970992119653475249e-21
4.023442384816006800e+00 9.736258438276002612e-21 2.024849299342185570e-21
4.024107384815578392e+00 9.845575188995666433e-21 1.943708112190998994e-21
4.024772384815149984e+00 7.799628581172735324e-21 1.830755324782480289e-21
4.025437384814721575e+00 9.491738744334416157e-21 1.907600481740811592e-21
4.026102384814293167e+00 6.096613925242198919e-21 2.000845740265235626e-21
4.026767384813864759e+00 3.801021156537991183e-21 1.764219970751635608e-21
4.027432384813436350e+00 4.167234544162892432e-21 1.818541576625152520e-21
4.028097384813007942e+00 7.507595642449822171e-22 2.226960851636927102e-21
4.028762384812579533e+00 1.937515714315669120e-21 1.574516595096784117e-21
4.029427384812151125e+00 6.506999049836064550e-21 1.949346197136813409e-21
4.030092384811722717e+00 1.807818575790181883e-21 2.070064550675085260e-21
4.030757384811294308e+00 1.955865909726119109e-21 2.904942905416987327e-21
4.031422384810865900e+00 3.271345970202211715e-21 2.502077569143479107e-21
4.032087384810437491e+00 9.690119882394945040e-22 2.362114389109482623e-21
4.032752384810009083e+00 9.434528043187561052e-21 3.724691650758862028e-21
4.033417384809580675e+00 8.853316818350548734e-21 2.933012032428100719e-21
4.034082384809152266e+00 9.103882467414779468e-21 2.456744435672945104e-21
4.034747384808723858e+00 9.487756752916904317e-21 4.204117318117387067e-21
4.035412384808295450e+00 -3.738969398803811265e-22 2.867781725600953886e-21
4.036077384807867041e+00 6.846724912360551764e-21 2.333748858211807733e-21
4.036742384807438633e+00 6.794614315195580404e-21 3.430035361214233831e-21
4.037407384807010224e+00 6.623115239791314146e-21 3.227686961624090885e-21
4.038072384806581816e+00 2.530759570316540875e-21 1.900515317646435712e-21
4.038737384806153408e+00 1.571124379533134409e-21 2.606849435303563178e-21
4.039402384805724999e+00 2.240116706627194035e-21 2.863586014070452514e-21
4.040067384805296591e+00 6.897285047193047936e-21 2.872662971457133083e-21
4.040732384804868182e+00 1.314889351677802066e-21 2.063029936298939112e-21
4.041397384804439774e+00 7.014026415001772013e-21 3.017999597688882720e-21
4.042062384804011366e+00 9.356149315632016457e-22 2.657900733827386795e-21
4.042727384803582957e+00 -7.024514831199572207e-21 2.916930198060203124e-21
4.043392384803154549e+00 7.601481826994211220e-21 3.470643001051632395e-21
4.044057384802726141e+00 -1.102094941203726256e-22 3.164194999791717161e-21
4.044722384802297732e+00 -2.124635609220159245e-21 2.970069923415201975e-21
4.045387384801869324e+00 5.453553794612830933e-21 2.329973836240516099e-21
4.046052384801440915e+00 -2.123026335090048589e-21 2.832689143188352220e-21
4.046717384801012507e+00 2.067160284576334913e-21 2.653526652657751021e-21
4.047382384800584099e+00 9.151894034569456314e-21 3.615648998779628253e-21
4.048047384800155690e+00 6.203742546703561569e-21 3.626797293926748237e-21
4.048712384799727282e+00 2.064974637711176953e-21 4.062702803309208879e-21
4.049377384799298873e+00 4.405672420232567240e-22 3.557099127945891956e-21
4.050042384798870465e+00 -8.280787913380974290e-21 2.161600907480741584e-21
4.050707384798442057e+00 1.659765352461929663e-21 2.870341788522711387e-21
4.051372384798013648e+00 -2.217223494054523420e-21 2.995304459383322336e-21
4.052037384797585240e+00 3.041077646208635475e-21 2.296569144583517386e-21
4.052702384797156832e+00 -3.244755832792304486e-21 2.673602669661598819e-21
4.053367384796728423e+00 3.735753564992813539e-21 3.245249359655619325e-21
4.054032384796300015e+00 4.937243584993940894e-21 2.838005086099534234e-21
4.054697384795871606e+00 1.355849327481358938e-20 3.798767876749720274e-21
4.055362384795443198e+00 8.251711908457011052e-21 2.720450452235915900e-21
4.056027384795014790e+00 1.267417981695709402e-20 3.258400702730074586e-21
4.056692384794586381e+00 1.038763527080711702e-20 3.259211651310266033e-21
4.057357384794157973e+00 4.284051548178962285e-21 2.130778254508659988e-21
4.058022384793729564e+00 9.391502739328772886e-21 4.538464033669175423e-21
4.058687384793301156e+00 1.010806649236071963e-20 3.756359911923420241e-21
4.059352384792872748e+00 1.375790507170796529e-20 4.151877785202896832e-21
4.060017384792444339e+00 1.193499006417421028e-21 4.486820882568293388e-21
4.060682384792015931e+00 8.999812820191423642e-22 3.621565670548531910e-21
4.061347384791587523e+00 2.711323623736218068e-21 2.785148433416334860e-21
4.062012384791159114e+00 7.165846129571253598e-21 2.645814344125793728e-21
4.062677384790730706e+00 2.177382933703716324e-20 5.003140070830768911e-21
4.063342384790302297e+00 1.884917388707479353e-20 6.168941674531285929e-21
4.064007384789873889e+00 1.748531254081971140e-21 1.444564967846900695e-21
4.064672384789445481e+00 -3.118548381797616198e-21 1.965573091988470331e-21
4.065337384789017072e+00 -2.685789349845853049e-21 1.059085319589141193e-21
4.066002384788588664e+00 -4.087722235957733540e-22 8.551617947472870773e-22
4.066667384788160255e+00 -7.957531875120917732e-23 1.013677429822915929e-21
4.067332384787731847e+00 0.000000000000000000e+00 0.000000000000000000e+00
4.067997384787303439e+00 0.000000000000000000e+00 0.000000000000000000e+00
4.068662384786875030e+00 0.000000000000000000e+00 0.000000000000000000e+00
4.069327384786446622e+00 0.000000000000000000e+00 0.000000000000000000e+00
4.069992384786018214e+00 0.000000000000000000e+00 0.000000000000000000e+00
4.070657384785589805e+00 0.000000000000000000e+00 0.000000000000000000e+00
4.071322384785161397e+00 0.000000000000000000e+00 0.000000000000000000e+00
4.071987384784732988e+00 0.000000000000000000e+00 0.000000000000000000e+00
4.072652384784304580e+00 0.000000000000000000e+00 0.000000000000000000e+00
4.073317384783876172e+00 0.000000000000000000e+00 0.000000000000000000e+00
4.073982384783447763e+00 0.000000000000000000e+00 0.000000000000000000e+00
4.074647384783019355e+00 0.000000000000000000e+00 0.000000000000000000e+00
4.075312384782590946e+00 0.000000000000000000e+00 0.000000000000000000e+00
4.075977384782162538e+00 0.000000000000000000e+00 0.000000000000000000e+00
4.076642384781734130e+00 0.000000000000000000e+00 0.000000000000000000e+00
4.077307384781305721e+00 0.000000000000000000e+00 0.000000000000000000e+00
4.077972384780877313e+00 0.000000000000000000e+00 0.000000000000000000e+00
4.078637384780448905e+00 0.000000000000000000e+00 0.000000000000000000e+00
4.079302384780020496e+00 0.000000000000000000e+00 0.000000000000000000e+00
4.079967384779592088e+00 0.000000000000000000e+00 0.000000000000000000e+00
4.080632384779163679e+00 0.000000000000000000e+00 0.000000000000000000e+00
4.081297384778735271e+00 0.000000000000000000e+00 0.000000000000000000e+00
4.081962384778306863e+00 0.000000000000000000e+00 0.000000000000000000e+00
4.082627384777878454e+00 0.000000000000000000e+00 0.000000000000000000e+00
4.083292384777450046e+00 0.000000000000000000e+00 0.000000000000000000e+00
4.083957384777021637e+00 0.000000000000000000e+00 0.000000000000000000e+00
4.084622384776593229e+00 0.000000000000000000e+00 0.000000000000000000e+00
4.085287384776164821e+00 0.000000000000000000e+00 0.000000000000000000e+00
4.085952384775736412e+00 0.000000000000000000e+00 0.000000000000000000e+00
4.086617384775308004e+00 0.000000000000000000e+00 0.000000000000000000e+00
4.087282384774879596e+00 0.000000000000000000e+00 0.000000000000000000e+00
4.087947384774451187e+00 0.000000000000000000e+00 0.000000000000000000e+00
4.088612384774022779e+00 0.000000000000000000e+00 0.000000000000000000e+00
4.089277384773594370e+00 0.000000000000000000e+00 0.000000000000000000e+00
4.089942384773165962e+00 0.000000000000000000e+00 0.000000000000000000e+00
4.090607384772737554e+00 0.000000000000000000e+00 0.000000000000000000e+00
4.091272384772309145e+00 0.000000000000000000e+00 0.000000000000000000e+00
4.091937384771880737e+00 0.000000000000000000e+00 0.000000000000000000e+00
4.092602384771452328e+00 0.000000000000000000e+00 0.000000000000000000e+00
4.093267384771023920e+00 0.000000000000000000e+00 0.000000000000000000e+00
4.093932384770595512e+00 0.000000000000000000e+00 0.000000000000000000e+00
4.094597384770167103e+00 0.000000000000000000e+00 0.000000000000000000e+00
4.095262384769738695e+00 0.000000000000000000e+00 0.000000000000000000e+00
4.095927384769310287e+00 0.000000000000000000e+00 0.000000000000000000e+00
4.096592384768881878e+00 0.000000000000000000e+00 0.000000000000000000e+00
4.097257384768453470e+00 0.000000000000000000e+00 0.000000000000000000e+00
4.097922384768025061e+00 0.000000000000000000e+00 0.000000000000000000e+00
4.098587384767596653e+00 0.000000000000000000e+00 0.000000000000000000e+00
4.099252384767168245e+00 0.000000000000000000e+00 0.000000000000000000e+00
4.099917384766739836e+00 0.000000000000000000e+00 0.000000000000000000e+00
4.100582384766311428e+00 0.000000000000000000e+00 0.000000000000000000e+00
4.101247384765883019e+00 0.000000000000000000e+00 0.000000000000000000e+00
4.101912384765454611e+00 0.000000000000000000e+00 0.000000000000000000e+00
4.102577384765026203e+00 0.000000000000000000e+00 0.000000000000000000e+00
4.103242384764597794e+00 0.000000000000000000e+00 0.000000000000000000e+00
4.103907384764169386e+00 0.000000000000000000e+00 0.000000000000000000e+00
4.104572384763740978e+00 0.000000000000000000e+00 0.000000000000000000e+00
4.105237384763312569e+00 0.000000000000000000e+00 0.000000000000000000e+00
4.105902384762884161e+00 0.000000000000000000e+00 0.000000000000000000e+00
4.106567384762455752e+00 0.000000000000000000e+00 0.000000000000000000e+00
4.107232384762027344e+00 0.000000000000000000e+00 0.000000000000000000e+00
4.107897384761598936e+00 0.000000000000000000e+00 0.000000000000000000e+00
4.108562384761170527e+00 0.000000000000000000e+00 0.000000000000000000e+00
4.109227384760742119e+00 0.000000000000000000e+00 0.000000000000000000e+00
4.109892384760313711e+00 0.000000000000000000e+00 0.000000000000000000e+00
4.110557384759885302e+00 0.000000000000000000e+00 0.000000000000000000e+00
4.111222384759456894e+00 0.000000000000000000e+00 0.000000000000000000e+00
4.111887384759028485e+00 0.000000000000000000e+00 0.000000000000000000e+00
4.112552384758600077e+00 0.000000000000000000e+00 0.000000000000000000e+00
4.113217384758171669e+00 0.000000000000000000e+00 0.000000000000000000e+00
4.113882384757743260e+00 0.000000000000000000e+00 0.000000000000000000e+00
4.114547384757314852e+00 0.000000000000000000e+00 0.000000000000000000e+00
4.115212384756886443e+00 0.000000000000000000e+00 0.000000000000000000e+00
4.115877384756458035e+00 0.000000000000000000e+00 0.000000000000000000e+00
4.116542384756029627e+00 0.000000000000000000e+00 0.000000000000000000e+00
4.117207384755601218e+00 0.000000000000000000e+00 0.000000000000000000e+00
4.117872384755172810e+00 0.000000000000000000e+00 0.000000000000000000e+00
4.118537384754744402e+00 0.000000000000000000e+00 0.000000000000000000e+00
4.119202384754315105e+00 0.000000000000000000e+00 0.000000000000000000e+00
4.119867384753886697e+00 0.000000000000000000e+00 0.000000000000000000e+00
4.120532384753458288e+00 0.000000000000000000e+00 0.000000000000000000e+00
4.121197384753029880e+00 0.000000000000000000e+00 0.000000000000000000e+00
4.121862384752601471e+00 0.000000000000000000e+00 0.000000000000000000e+00
4.122527384752173063e+00 0.000000000000000000e+00 0.000000000000000000e+00
4.123192384751744655e+00 0.000000000000000000e+00 0.000000000000000000e+00
4.123857384751316246e+00 0.000000000000000000e+00 0.000000000000000000e+00
4.124522384750887838e+00 0.000000000000000000e+00 0.000000000000000000e+00
4.125187384750459429e+00 0.000000000000000000e+00 0.000000000000000000e+00
4.125852384750031021e+00 0.000000000000000000e+00 0.000000000000000000e+00
4.126517384749602613e+00 0.000000000000000000e+00 0.000000000000000000e+00
4.127182384749174204e+00 0.000000000000000000e+00 0.000000000000000000e+00
4.127847384748745796e+00 0.000000000000000000e+00 0.000000000000000000e+00
4.128512384748317388e+00 1.315794298165534175e-20 6.675872572571711937e-21
4.129177384747888979e+00 -1.196622654352958000e-21 2.358627409745522180e-21
4.129842384747460571e+00 -9.841285350896671356e-22 2.263612674111129432e-21
4.130507384747032162e+00 -1.629950645192449371e-20 6.415153363859931567e-21
4.131172384746603754e+00 7.166244038925144143e-21 4.732048138332522334e-21
4.131837384746175346e+00 2.155589957579120975e-20 8.135540961630553654e-21
4.132502384745746937e+00 -1.094781854397828000e-21 4.714786819958752816e-21
4.133167384745318529e+00 1.350585762616150736e-20 5.235778132013965473e-21
4.133832384744890120e+00 1.403193170631252171e-20 5.409227984227286828e-21
4.134497384744461712e+00 6.224021865253349893e-21 4.403125756699593664e-21
4.135162384744033304e+00 5.622409777174150866e-21 3.903369705305528237e-21
4.135827384743604895e+00 9.241826116756267977e-21 4.151601000009748122e-21
4.136492384743176487e+00 6.064625719559848730e-21 3.296399320012060347e-21
4.137157384742748079e+00 1.593212734623117485e-21 2.554462317174560020e-21
4.137822384742319670e+00 2.636209274219250849e-21 2.866749603486259882e-21
4.138487384741891262e+00 2.226092940543042668e-21 3.100255002684817918e-21
4.139152384741462853e+00 6.999570766424185794e-21 4.808474551880682441e-21
4.139817384741034445e+00 1.960835995675530068e-20 4.463841525512477589e-21
4.140482384740606037e+00 1.190535569274986519e-20 4.322630522309183452e-21
4.141147384740177628e+00 5.980806700407232913e-21 3.156167253361220567e-21
4.141812384739749220e+00 3.163644976731254326e-21 3.309208745116774741e-21
4.142477384739320811e+00 2.395872742214535179e-21 3.695354579009322276e-21
4.143142384738892403e+00 1.089969820881805297e-20 3.726694024135852410e-21
4.143807384738463995e+00 4.735409836792252223e-21 3.496327317131443799e-21
4.144472384738035586e+00 5.703924767465234519e-21 4.939465062548811627e-21
4.145137384737607178e+00 1.066648146230736992e-20 4.067430759762959277e-21
4.145802384737178770e+00 1.157839889438106585e-20 3.976352009429502868e-21
4.146467384736750361e+00 9.242151939516722444e-21 3.703571609138141014e-21
4.147132384736321953e+00 3.744549214135825423e-21 3.407354464659512679e-21
4.147797384735893544e+00 -4.806956980339078072e-21 3.037173174505061163e-21
4.148462384735465136e+00 6.403697488776664078e-21 2.935294859129815780e-21
4.149127384735036728e+00 6.518460992100700151e-21 2.792320820680152441e-21
4.149792384734608319e+00 8.750578128952768806e-21 2.944929455421320423e-21
4.150457384734179911e+00 7.000973435644724609e-21 3.595472112418163348e-21
4.151122384733751502e+00 -1.356832899536462945e-21 2.521483453011975282e-21
4.151787384733323094e+00 -7.907089869910649642e-21 4.155522226999317483e-21
4.152452384732894686e+00 -1.763467909561733272e-21 3.977629820960583378e-21
4.153117384732466277e+00 5.844276658893226579e-21 2.900063905492408252e-21
4.153782384732037869e+00 8.403670667821701650e-21 3.092880576974477160e-21
4.154447384731609461e+00 5.423075560268327717e-21 3.662149052790163421e-21
4.155112384731181052e+00 2.961745159367971115e-21 2.888052461901154723e-21
4.155777384730752644e+00 5.330845938974755348e-21 2.690418838592609200e-21
4.156442384730324235e+00 1.139930375996956454e-20 3.593066108577131931e-21
4.157107384729895827e+00 1.467481546943837607e-20 3.869878290476949444e-21
4.157772384729467419e+00 1.029182235678689213e-20 3.355882639084392327e-21
4.158437384729039010e+00 6.287384391256369975e-21 2.712468590028745105e-21
4.159102384728610602e+00 -4.562303012392408233e-22 2.987253937690006272e-21
4.159767384728182193e+00 4.740119403822107313e-21 3.790742105658960599e-21
4.160432384727753785e+00 9.561774220733814473e-21 3.686634874951378653e-21
4.161097384727325377e+00 6.972023650548831520e-21 3.812757036511460536e-21
4.161762384726896968e+00 -3.171244187090733897e-21 3.411913663243173575e-21
4.162427384726468560e+00 -1.472274197689728437e-21 3.444253836959261826e-21
4.163092384726040152e+00 1.954789758315258768e-21 2.547988557192734898e-21
4.163757384725611743e+00 1.395148021227924990e-21 2.402394888135340634e-21
4.164422384725183335e+00 3.160101065939801406e-21 2.525804169285914126e-21
4.165087384724754926e+00 2.452203373937812037e-21 2.191678498353705121e-21
4.165752384724326518e+00 4.342993618627242630e-21 2.267289986592740699e-21
4.166417384723898110e+00 4.376923376288998764e-21 2.017925964474244977e-21
4.167082384723469701e+00 2.930015301743311900e-21 2.028662222893499035e-21
4.167747384723041293e+00 8.603779643567859696e-21 2.274162858589007505e-21
4.168412384722612885e+00 5.029116679200561445e-21 2.330313694987646790e-21
4.169077384722184476e+00 4.289380997505758047e-21 2.134597847254431899e-21
4.169742384721756068e+00 3.555478903899983819e-21 2.123300885375708576e-21
4.170407384721327659e+00 7.212650790322206469e-21 2.128356202880576130e-21
4.171072384720899251e+00 5.471470391835919045e-21 2.105912393986940468e-21
4.171737384720470843e+00 9.522531931989454929e-21 2.350961867248257297e-21
4.172402384720042434e+00 6.875470272468613068e-21 2.333717120835310416e-21
4.173067384719614026e+00 9.089950846122168302e-22 2.235257527430654127e-21
4.173732384719185617e+00 1.297256377763524517e-20 3.452493884793913589e-21
4.174397384718757209e+00 9.345720686500665741e-21 2.733129567401091503e-21
4.175062384718328801e+00 3.667291454517676425e-21 1.864405838031432120e-21
4.175727384717900392e+00 8.323823098754590349e-21 2.270507569994957538e-21
4.176392384717471984e+00 6.891172293675264855e-21 2.284515268863000966e-21
4.177057384717043576e+00 2.624091374369860476e-21 1.936176268159817846e-21
4.177722384716615167e+00 4.620407778700142856e-21 1.964772119436854531e-21
4.178387384716186759e+00 7.174847710734034116e-21 1.929505601165573876e-21
4.179052384715758350e+00 6.629952964271055457e-21 2.247314733327050108e-21
4.179717384715329942e+00 9.108079328660823129e-21 2.154294918975979153e-21
4.180382384714901534e+00 7.602186866335202984e-21 2.187461810429809676e-21
4.181047384714473125e+00 7.948773986984652040e-21 2.092291030662184149e-21
4.181712384714044717e+00 6.663507303976677340e-21 2.199438561487050054e-21
4.182377384713616308e+00 3.647635688438828622e-21 2.101222646176118185e-21
4.183042384713187900e+00 9.373134272808780356e-21 2.054404835726306709e-21
4.183707384712759492e+00 5.583725748610436113e-21 1.879674637582308851e-21
4.184372384712331083e+00 -5.661352772324818021e-22 1.851110963713487784e-21
4.185037384711902675e+00 -4.585798052804885680e-21 1.695474770900881034e-21
4.185702384711474267e+00 2.076837039413383813e-21 1.728241011439620408e-21
4.186367384711045858e+00 5.439575666766546485e-21 1.795567524486225216e-21
4.187032384710617450e+00 8.086823375926971784e-21 1.531960535514222193e-21
4.187697384710189041e+00 8.325928628728773097e-21 1.430128382669242933e-21
4.188362384709760633e+00 2.826497053930594952e-21 1.383702883854627319e-21
4.189027384709332225e+00 8.296448609918666208e-21 1.508800052004589807e-21
4.189692384708903816e+00 9.043421210029398416e-21 1.477315639035930405e-21
4.190357384708475408e+00 4.137380662652945589e-21 1.452833096009616651e-21
4.191022384708046999e+00 4.331979234165342521e-21 1.551388166955483098e-21
4.191687384707618591e+00 7.166353539885212360e-21 1.599980752338213025e-21
4.192352384707190183e+00 3.208589667340439245e-21 1.609134752729988087e-21
4.193017384706761774e+00 2.301238216529059484e-21 1.371788596736085224e-21
4.193682384706333366e+00 5.606116170724295821e-21 1.457989225366193002e-21
4.194347384705904958e+00 4.278172956341334911e-21 1.443184282581724627e-21
4.195012384705476549e+00 7.306414171656661160e-21 1.412565894732107909e-21
4.195677384705048141e+00 9.742158945829029735e-21 1.430976231235587460e-21
4.196342384704619732e+00 2.200960089065907005e-21 1.556192920891797968e-21
4.197007384704191324e+00 2.640772505640918467e-21 1.343093700180811296e-21
4.197672384703762916e+00 1.445855339325640252e-21 1.363143994278722960e-21
4.198337384703334507e+00 9.225715305434843492e-21 1.315681394784010917e-21
4.199002384702906099e+00 2.821363344615038090e-21 1.505132297811328461e-21
4.199667384702477690e+00 4.148782919009904267e-21 1.485873805190317870e-21
4.200332384702049282e+00 4.281424003211264251e-21 1.582796444095849747e-21
4.200997384701620874e+00 5.821003783706942415e-21 1.530987176431800260e-21
4.201662384701192465e+00 6.662527358945853772e-21 1.620802939577726503e-21
4.202327384700764057e+00 1.175490861067146095e-20 1.517213884782067797e-21
4.202992384700335649e+00 8.626054637906556275e-21 1.633213463353395088e-21
4.203657384699907240e+00 4.519318381720076748e-21 1.479222924411906625e-21
4.204322384699478832e+00 -4.455570182199399315e-21 1.371070459204072649e-21
4.204987384699050423e+00 4.239956257545391250e-21 1.547600458490665354e-21
4.205652384698622015e+00 7.527945927816133417e-21 1.475508945903662756e-21
4.206317384698193607e+00 2.178478625813797315e-21 1.667756227216672611e-21
4.206982384697765198e+00 -1.643397273152770074e-21 1.384416659016817231e-21
4.207647384697336790e+00 7.768049550491831619e-21 1.890616615938790477e-21
4.208312384696908381e+00 1.475510597842954031e-20 1.695525194931559399e-21
4.208977384696479973e+00 1.137336064574357592e-21 1.656000192890872279e-21
4.209642384696051565e+00 2.799458262523780410e-21 1.817032141216468760e-21
4.210307384695623156e+00 4.278410869709765177e-21 1.630768801941355390e-21
4.210972384695194748e+00 2.864423792692066946e-21 1.511198316521186950e-21
4.211637384694766340e+00 -6.071420812694817591e-22 1.770702154426659719e-21
4.212302384694337931e+00 6.892355780568373108e-21 1.682632699289053407e-21
4.212967384693909523e+00 -1.448121608404549412e-21 1.914800442221360030e-21
4.213632384693481114e+00 1.944044483418685165e-21 1.731319139630946553e-21
4.214297384693052706e+00 9.203485038614567027e-21 1.582606054823776027e-21
4.214962384692624298e+00 6.122529074253100385e-21 2.015512757566181522e-21
4.215627384692195889e+00 2.357676705371528555e-21 1.759543699410766790e-21
4.216292384691767481e+00 1.257114211609993289e-20 1.927709459114617314e-21
4.216957384691339072e+00 4.273150099702444696e-21 1.813979090590794786e-21
4.217622384690910664e+00 9.183892104569482312e-21 1.839657837978768166e-21
4.218287384690482256e+00 8.510636373886119079e-21 1.737573493540182687e-21
4.218952384690053847e+00 1.869621432249285768e-21 1.803284998831932125e-21
4.219617384689625439e+00 -6.575259142063319228e-22 1.705330135292904216e-21
4.220282384689197031e+00 8.274810325017903366e-21 1.695191648619922926e-21
4.220947384688768622e+00 9.472442872232525643e-21 1.664373381401724777e-21
4.221612384688340214e+00 1.357029801094823141e-20 1.709327092554688508e-21
4.222277384687911805e+00 1.249104378283545666e-20 1.881483123583882261e-21
4.222942384687483397e+00 7.315418823605674697e-21 1.735989120366386117e-21
4.223607384687054989e+00 1.229408605057320262e-21 1.545981243994941614e-21
4.224272384686626580e+00 7.888468526910703412e-21 1.361219618966138021e-21
4.224937384686198172e+00 2.297953781550070048e-21 1.619699587640688823e-21
4.225602384685769763e+00 9.498985704686727836e-21 1.479284434895849389e-21
4.226267384685341355e+00 5.509370818118973935e-21 1.501759783463792198e-21
4.226932384684912947e+00 4.096949061835924281e-21 1.699186337164021040e-21
4.227597384684484538e+00 3.336258567239419069e-21 1.380929953683275502e-21
4.228262384684056130e+00 -7.011685990712408875e-22 1.532443187761022531e-21
4.228927384683627722e+00 4.108545203384036202e-21 1.327224159325907961e-21
4.229592384683199313e+00 7.188507558881702845e-21 1.842520627998473891e-21
4.230257384682770905e+00 7.888253945274097442e-21 1.557554711252750198e-21
4.230922384682342496e+00 6.421382703143706953e-21 1.206422245254048407e-21
4.231587384681914088e+00 -4.030812116592701306e-21 1.830871558535914941e-21
4.232252384681485680e+00 -2.847418263525188606e-22 1.362586399490720030e-21
4.232917384681057271e+00 9.325464776344499632e-21 1.533049248696229544e-21
4.233582384680628863e+00 1.501655242577596866e-21 5.952714186561711821e-21
4.234247384680200454e+00 -8.014482160436939743e-21 4.256108924403869893e-21
4.234912384679772046e+00 -6.876570545594377605e-22 1.644934074966527382e-21
4.235577384679343638e+00 -5.642743951184990808e-22 1.669788288040112275e-21
4.236242384678915229e+00 6.722834857448683369e-21 2.141514614047250553e-21
4.236907384678486821e+00 1.001270909815975829e-20 1.698322820596591829e-21
4.237572384678058413e+00 6.899506269728620946e-21 1.421385750481282380e-21
4.238237384677630004e+00 9.221778530022670532e-21 1.489293457291209982e-21
4.238902384677201596e+00 -2.470611856150190049e-21 1.718205456013864096e-21
4.239567384676773187e+00 5.324822446191519117e-21 1.543388952829109661e-21
4.240232384676344779e+00 6.287977965190112691e-21 1.576658168699222271e-21
4.240897384675916371e+00 5.729852097040125264e-21 1.997031523405237006e-21
4.241562384675487962e+00 4.075523643374473017e-21 1.645769495360095767e-21
4.242227384675059554e+00 2.737739377123704355e-21 1.629047629472947873e-21
4.242892384674631145e+00 -2.459169107266962605e-21 1.443455508047557793e-21
4.243557384674202737e+00 -1.677714298926997408e-21 1.581590828289090657e-21
4.244222384673774329e+00 5.195703098408066682e-21 1.648255974734976126e-21
4.244887384673345920e+00 1.304383521042620435e-20 1.725321030573856246e-21
4.245552384672917512e+00 8.585184037333046674e-21 1.645652684259937165e-21
4.246217384672489104e+00 5.329115414830173451e-21 1.633954742481195438e-21
4.246882384672060695e+00 -3.381701107773244441e-21 1.971155268633390423e-21
4.247547384671632287e+00 3.612295960622408922e-21 1.839137845589715038e-21
4.248212384671203878e+00 9.613340190302792030e-21 1.585786168603154883e-21
4.248877384670775470e+00 2.741542511768769786e-21 1.618088153988115052e-21
4.249542384670347062e+00 9.501729702013509004e-22 1.547906030445724051e-21
4.250207384669918653e+00 1.535053565471631216e-21 1.520289154302451636e-21
4.250872384669490245e+00 3.103087254253598954e-21 1.552568292880076418e-21
4.251537384669061836e+00 -1.034586128868519223e-21 1.577462480012655136e-21
4.252202384668633428e+00 -7.128807618363364929e-22 1.708354033552249479e-21
4.252867384668205020e+00 3.672924237836040660e-21 1.737800739126430388e-21
4.253532384667776611e+00 5.967384167419189397e-21 1.643486873562960368e-21
4.254197384667348203e+00 1.102654377009069446e-20 1.775914385120338675e-21
4.254862384666919795e+00 4.109188166235879634e-21 1.687469525476971040e-21
4.255527384666491386e+00 4.271445630661725210e-21 1.701116067883215924e-21
4.256192384666062978e+00 6.695970460891384928e-21 2.067125063340362634e-21
4.256857384665634569e+00 4.559116906819498466e-21 2.770545473040331115e-21
4.257522384665206161e+00 -5.522664202446647392e-21 1.465791805007659349e-21
4.258187384664777753e+00 -3.140173450862059232e-21 1.671529250010095078e-21
4.258852384664349344e+00 1.026861138207258337e-21 1.636379145416514143e-21
4.259517384663920936e+00 3.143623526074307513e-21 1.363574068912188627e-21
4.260182384663492527e+00 6.826646414058849905e-21 1.410425526661107801e-21
4.260847384663064119e+00 8.135029440929063690e-21 1.829588041848984534e-21
4.261512384662635711e+00 8.045889846771834916e-22 1.675129123890848809e-21
4.262177384662207302e+00 2.397297525385991904e-21 1.462486282914090335e-21
4.262842384661778894e+00 5.091314320969310141e-21 1.834615094777989905e-21
4.263507384661350486e+00 8.137465171777913406e-21 1.488805704393968749e-21
4.264172384660922077e+00 4.646418849887656100e-21 1.573482667912438135e-21
4.264837384660493669e+00 7.842181344066509361e-21 1.687390466594492459e-21
4.265502384660065260e+00 -2.431593968894982006e-21 1.566320849075688970e-21
4.266167384659636852e+00 -4.520566654331674288e-21 1.829781485180309092e-21
4.266832384659208444e+00 5.382477606930996733e-21 1.963634627168615654e-21
4.267497384658780035e+00 1.016815644837808927e-20 2.121398365149851324e-21
4.268162384658351627e+00 1.492381661107289721e-21 2.057755667988625167e-21
4.268827384657923218e+00 4.849744397083968009e-21 1.495824154346583995e-21
4.269492384657494810e+00 5.491633815399102733e-21 2.792015619316386444e-21
4.270157384657066402e+00 1.207498983493431073e-20 3.866919991072405994e-21
4.270822384656637993e+00 9.926688018683820309e-21 3.131267165885632885e-21
4.271487384656209585e+00 1.651326343552693337e-20 3.235717359071483884e-21
4.272152384655781177e+00 2.266131774435291818e-21 2.023196481290340614e-21
4.272817384655352768e+00 9.678937515474434701e-21 1.704750200262158569e-21
4.273482384654924360e+00 3.249305933510860337e-21 1.458837379158022010e-21
4.274147384654495951e+00 -4.198882127793111515e-22 1.512343034653947532e-21
4.274812384654067543e+00 4.650699013843629982e-21 1.693914721811001052e-21
4.275477384653639135e+00 8.178438426806933045e-21 1.967026596812493858e-21
4.276142384653210726e+00 4.979916532407267324e-21 1.810145892801010978e-21
4.276807384652782318e+00 4.619837759329415126e-21 1.496080738012878469e-21
4.277472384652353909e+00 4.862903042551878554e-21 1.426667846984965331e-21
4.278137384651925501e+00 1.464083091121107062e-21 1.434314084452693429e-21
4.278802384651497093e+00 3.350693848466508346e-21 1.636050160297404630e-21
4.279467384651068684e+00 3.301395428681912335e-21 1.472138797877854198e-21
4.280132384650640276e+00 4.598362167422212279e-21 2.065343586885249160e-21
4.280797384650211868e+00 4.169512182977019458e-21 1.690681885596556708e-21
4.281462384649783459e+00 1.251698761248267702e-20 1.720728412514202243e-21
4.282127384649355051e+00 2.660980675466061961e-20 2.257557324972322315e-21
4.282792384648926642e+00 1.280964751339437621e-20 2.085843231109274477e-21
4.283457384648498234e+00 6.465051393465727106e-21 1.385057792236122482e-21
4.284122384648069826e+00 3.465786297945972258e-21 2.038266402284941228e-21
4.284787384647641417e+00 6.225054026002008997e-21 1.728074029559345660e-21
4.285452384647213009e+00 7.597223226276832328e-22 3.114105455805328715e-21
4.286117384646784600e+00 4.998211042095942177e-22 1.708991616484797895e-21
4.286782384646356192e+00 6.191462819574417372e-21 1.839398152149849728e-21
4.287447384645927784e+00 8.858766798090333123e-21 1.543331971338988191e-21
4.288112384645499375e+00 5.073539688578542289e-21 1.610348173646880765e-21
4.288777384645070967e+00 7.580043154486719798e-21 1.763812670230583684e-21
4.289442384644642559e+00 3.110632999375848448e-21 1.514178275588941525e-21
4.290107384644214150e+00 -4.091655595630208327e-21 2.377747639099785990e-21
4.290772384643785742e+00 4.959137535300943035e-21 1.712303815226247214e-21
4.291437384643357333e+00 -3.468923256838082976e-21 1.389790782268076708e-21
4.292102384642928925e+00 2.765053086002236447e-22 1.622693010965896975e-21
4.292767384642500517e+00 3.161656140451009618e-21 1.493550643249395220e-21
4.293432384642072108e+00 -3.111240593220137433e-21 2.063311343271467643e-21
4.294097384641643700e+00 4.719658747148024019e-21 1.742659372341344268e-21
4.294762384641215291e+00 -1.322095426609052170e-21 1.783174802462133890e-21
4.295427384640786883e+00 1.434734428445440185e-21 1.694795274060389307e-21
4.296092384640358475e+00 7.125373788231823250e-21 2.189897337310608870e-21
4.296757384639930066e+00 5.080306838980274052e-21 1.801813913267030732e-21
4.297422384639501658e+00 1.106029553913842484e-20 1.827297761198106185e-21
4.298087384639073250e+00 3.332104454697260438e-21 1.733686660787682869e-21
4.298752384638644841e+00 3.701126890563582176e-21 1.636737553769687355e-21
4.299417384638216433e+00 5.126488860615599298e-21 1.772833748906144691e-21
4.300082384637788024e+00 3.215106124642987729e-21 1.635763535464749963e-21
4.300747384637359616e+00 -3.387614932413788816e-22 1.649916428225462485e-21
4.301412384636931208e+00 7.722670588768768200e-21 1.550392359347396176e-21
4.302077384636502799e+00 1.191224020724254125e-20 1.951341425371139239e-20
4.302742384636074391e+00 8.739145480596927991e-21 5.309612352881070629e-21
4.303407384635645982e+00 -1.435532519239409507e-23 1.352423965924942366e-21
4.304072384635217574e+00 3.140854394638361895e-22 1.546807837599314537e-21
4.304737384634789166e+00 9.863380164146841000e-21 1.694413742402163865e-21
4.305402384634360757e+00 2.399932406386574382e-21 1.603567784458485388e-21
4.306067384633932349e+00 5.302226260058997213e-21 1.560319499867595482e-21
4.306732384633503941e+00 -7.747695040610582900e-23 1.529059604169359483e-21
4.307397384633075532e+00 -1.667683022633087016e-22 1.851327892222010304e-21
4.308062384632647124e+00 3.959452004036379232e-21 1.833278134831900221e-21
4.308727384632218715e+00 1.980734051692938428e-21 1.725557196824174822e-21
4.309392384631790307e+00 9.845341771387403686e-21 1.720830974113855429e-21
4.310057384631361899e+00 2.696871762065394618e-21 1.711803407136330539e-21
4.310722384630933490e+00 -1.556397661755976837e-21 1.596394983773111465e-21
4.311387384630505082e+00 4.653234892745127650e-21 1.518236705588922810e-21
4.312052384630076673e+00 7.962957060411980420e-21 1.441178640146289207e-21
4.312717384629648265e+00 1.114323466496049403e-20 1.650206483640705098e-21
4.313382384629219857e+00 8.290066309068985089e-21 1.628993484266469393e-21
4.314047384628791448e+00 1.268843139502864051e-20 1.569950069255015593e-21
4.314712384628363040e+00 1.006476032174652767e-20 1.709931829309426609e-21
4.315377384627934632e+00 1.142722263334170717e-20 1.771049670046824061e-21
4.316042384627506223e+00 7.359540490894101167e-21 1.740149565048698049e-21
4.316707384627077815e+00 3.186949441415999365e-21 1.626161508877497174e-21
4.317372384626649406e+00 3.864225352435126966e-21 1.491094323894009543e-21
4.318037384626220998e+00 4.464145684466365902e-21 1.591189382957627180e-21
4.318702384625792590e+00 5.787888069848316566e-21 1.455857702377945275e-21
4.319367384625364181e+00 9.263668466251499299e-21 1.717772000439379469e-21
4.320032384624935773e+00 6.882360038622283427e-21 1.444749704340546202e-21
4.320697384624507364e+00 5.945566775083636622e-21 1.562759419694502692e-21
4.321362384624078956e+00 9.547713647059452738e-21 1.561390162165760042e-21
4.322027384623650548e+00 5.025061270861193866e-21 1.704823385661946628e-21
4.322692384623222139e+00 2.275537997473233782e-22 1.896441884940377864e-21
4.323357384622793731e+00 1.074390599895787453e-21 1.657312011552252363e-21
4.324022384622365323e+00 6.601256827775832193e-21 1.695897678107839952e-21
4.324687384621936914e+00 -5.688002049495809996e-23 1.478911431298677954e-21
4.325352384621508506e+00 7.312392455947462077e-22 1.580911140049943616e-21
4.326017384621080097e+00 -3.981130432141864257e-22 1.437396430104030781e-21
4.326682384620651689e+00 -9.400378995149736006e-22 1.489189925727433757e-21
4.327347384620223281e+00 2.337424069389177096e-21 1.462765152681418219e-21
4.328012384619794872e+00 5.380346780613326166e-21 1.478231527313351056e-21
4.328677384619366464e+00 1.031410354695463393e-20 1.790284586278377105e-21
4.329342384618938055e+00 -2.509184922345839023e-22 2.121737872099743330e-21
4.330007384618509647e+00 7.495486587240785282e-21 1.766696818828404321e-21
4.330672384618081239e+00 3.734972847845140011e-21 1.705731955785722383e-21
4.331337384617652830e+00 3.623748242036284742e-21 1.555122998560322433e-21
4.332002384617224422e+00 7.767627307819652701e-22 1.403474215407130972e-21
4.332667384616796014e+00 1.366884099458692919e-20 1.643070397441996183e-21
4.333332384616367605e+00 7.344914089369344306e-21 1.508519480111226792e-21
4.333997384615939197e+00 4.840488977685559781e-21 1.750393728663942019e-21
4.334662384615510788e+00 3.830926786006294396e-21 1.461322099682480987e-21
4.335327384615082380e+00 3.128609559668951071e-21 1.595723914691289639e-21
4.335992384614653972e+00 1.084178506056893822e-21 1.535846022373248939e-21
4.336657384614225563e+00 8.025181464584892139e-21 1.431012481014208243e-21
4.337322384613797155e+00 1.198746344431041243e-20 1.582686094272208781e-21
4.337987384613368746e+00 1.156153819964972913e-20 1.585171758886864646e-21
4.338652384612940338e+00 6.628577659224123684e-21 1.614863476356004505e-21
4.339317384612511930e+00 5.265540403121324388e-21 1.520852242730032130e-21
4.339982384612083521e+00 1.361486506761881757e-20 1.513856839778114767e-21
4.340647384611655113e+00 8.992656450216310117e-21 1.636142215971742684e-21
4.341312384611226705e+00 -1.580135119049783001e-21 1.487874022105783713e-21
4.341977384610798296e+00 1.694686489285567588e-22 1.833150806538081403e-21
4.342642384610369888e+00 2.663101791186699038e-21 1.734684921151121837e-21
4.343307384609941479e+00 7.500463785599174745e-21 1.597745486772190994e-21
4.343972384609513071e+00 4.865555375462865086e-21 2.410521665734821725e-21
4.344637384609084663e+00 8.647694977418892647e-21 3.705432755084405978e-21
4.345302384608656254e+00 1.562396845470509607e-20 3.436432093159048237e-21
4.345967384608227846e+00 1.810016215635201049e-20 3.237510972940540384e-21
4.346632384607799438e+00 1.408394233831039204e-20 1.716230858510337542e-21
4.347297384607371029e+00 1.064909993783980033e-20 1.830412860014892624e-21
4.347962384606942621e+00 2.644875875377003660e-21 1.626846845211260269e-21
4.348627384606514212e+00 -1.337770811609912305e-21 1.441759420711234077e-21
4.349292384606085804e+00 1.042450913409127341e-22 1.651811708794383894e-21
4.349957384605657396e+00 -5.026230753809255048e-21 1.703528703664005948e-21
4.350622384605228987e+00 -5.703642126440999132e-21 1.807391061488658736e-21
4.351287384604800579e+00 1.443953296776194431e-21 1.733617390501635645e-21
4.351952384604372170e+00 5.373329375334254439e-21 1.721053385216657192e-21
4.352617384603943762e+00 7.781480457439272090e-21 1.390394694438877196e-21
4.353282384603515354e+00 6.849499219812934606e-21 1.776801976067995337e-21
4.353947384603086945e+00 2.299276232307945101e-22 1.675944094110906744e-21
4.354612384602658537e+00 7.701122086406212830e-21 1.503183993341576269e-21
4.355277384602230129e+00 7.271799715691518353e-21 1.979197147520573206e-21
4.355942384601801720e+00 6.518145630894405766e-21 1.671005909513200132e-21
4.356607384601373312e+00 8.103592550610384624e-21 1.591256071556126157e-21
4.357272384600944903e+00 7.536142603168047217e-21 1.851048361255887678e-21
4.357937384600516495e+00 5.564355328535951562e-21 2.000572601801275491e-21
4.358602384600088087e+00 3.291985034189054748e-21 1.581549301416595465e-21
4.359267384599659678e+00 9.510883601686353661e-21 2.278199586498043914e-21
4.359932384599231270e+00 1.282043463300555700e-20 1.859480234941258477e-21
4.360597384598802861e+00 1.109558969870262289e-20 1.776780601535485042e-21
4.361262384598374453e+00 6.250666164781973999e-21 1.577341549529943568e-21
4.361927384597946045e+00 3.135369300966752787e-21 1.903000919970831544e-21
4.362592384597517636e+00 4.270582157949207410e-21 1.887917053131203002e-21
4.363257384597089228e+00 -1.323619713957454964e-21 1.785514272383579693e-21
4.363922384596660820e+00 1.502252002936516777e-21 1.714756902786789853e-21
4.364587384596232411e+00 9.056106659618761743e-21 1.645812983754596227e-21
4.365252384595804003e+00 1.027378344060830009e-20 1.834590968047788844e-21
4.365917384595375594e+00 4.026816291189442618e-21 1.754914333024091841e-21
4.366582384594947186e+00 4.468505981907541548e-21 1.583109365797026100e-21
4.367247384594518778e+00 1.427412758014679844e-20 1.624922454511024516e-21
4.367912384594090369e+00 6.048075947867452331e-21 1.860454198418588429e-21
4.368577384593661961e+00 7.786781663594493790e-21 1.674813789891135698e-21
4.369242384593233552e+00 9.912796037448143759e-21 2.017135395488379637e-21
4.369907384592805144e+00 5.050668040268237419e-21 1.780717204731328880e-21
4.370572384592376736e+00 8.481183668831376304e-21 1.852959035433371640e-21
4.371237384591948327e+00 7.190527725036456710e-21 1.546633937326427001e-21
4.371902384591519919e+00 1.764208629562420135e-20 2.448037544553407464e-21
4.372567384591091511e+00 9.846620080608565278e-21 2.710782220935925298e-21
4.373232384590663102e+00 5.442957458219536142e-21 1.530377414951897681e-21
4.373897384590234694e+00 3.078043126851655793e-21 1.789056504525060919e-21
4.374562384589806285e+00 1.144488578125532293e-20 2.308971410787648352e-21
4.375227384589377877e+00 1.190514951564944370e-20 1.866338438496323451e-21
4.375892384588949469e+00 2.653354882516139104e-21 1.746258944303101769e-21
4.376557384588521060e+00 1.977012589293184425e-22 1.661418810869713705e-21
4.377222384588092652e+00 2.348065480938800596e-21 1.820212883127288495e-21
4.377887384587664243e+00 6.009428869684557684e-21 1.781091431485081733e-21
4.378552384587235835e+00 8.103893411061640655e-21 1.657852495798161971e-21
4.379217384586807427e+00 1.050792185451006345e-20 2.282419821328725441e-21
4.379882384586379018e+00 1.024035884145898221e-20 2.170327202929761293e-21
4.380547384585950610e+00 1.650350150634829182e-21 1.515741949203505404e-21
4.381212384585522202e+00 7.877517588971790656e-21 1.759837103571505747e-21
4.381877384585093793e+00 4.284883206694891464e-21 1.942900985436446271e-21
4.382542384584665385e+00 -4.627241077533004434e-21 1.886591018960949407e-21
4.383207384584236976e+00 -2.955898490754049200e-21 1.581836591798411792e-21
4.383872384583808568e+00 1.133618351609061967e-21 1.582410914416146536e-21
4.384537384583380160e+00 2.732701293529846156e-21 1.691195922964101035e-21
4.385202384582951751e+00 4.098368436007535759e-21 1.752665677779157359e-21
4.385867384582523343e+00 3.065616407436429686e-21 1.810105603424660327e-21
4.386532384582094934e+00 5.064274914423887254e-21 2.258279339863414252e-21
4.387197384581666526e+00 3.087599814586246655e-21 1.970683928316809867e-21
4.387862384581238118e+00 1.023705219628754301e-20 2.033171623220931576e-21
4.388527384580809709e+00 1.228145608113620883e-20 2.598620253180784998e-21
4.389192384580381301e+00 2.847960920557132314e-21 1.568511603401318745e-21
4.389857384579952893e+00 3.635789597596417637e-21 2.204227127404286381e-21
4.390522384579524484e+00 8.368387838293747007e-21 2.057071537413829370e-21
4.391187384579096076e+00 6.882468709229375706e-21 1.896674908675767289e-21
4.391852384578667667e+00 2.929740537069536855e-21 1.487442686914008402e-21
4.392517384578239259e+00 9.556664230476273601e-22 1.528754345407456377e-21
4.393182384577810851e+00 5.570282786589433534e-21 2.063485586503626422e-21
4.393847384577382442e+00 1.277408377921836117e-20 1.791747340401388832e-21
4.394512384576954034e+00 1.045969917307869527e-20 1.608364176431770028e-21
4.395177384576525625e+00 1.738012343886613809e-23 2.009371757784129586e-21
4.395842384576097217e+00 -5.305482972297235736e-21 1.884440294547924340e-21
4.396507384575668809e+00 1.200378540260137562e-20 1.645142914168179413e-21
4.397172384575240400e+00 1.237642028704881382e-20 2.123732427228629960e-21
4.397837384574811992e+00 4.774356867342692788e-21 2.092133510180335315e-21
4.398502384574383584e+00 8.655403457411556728e-22 1.649097787185155148e-21
4.399167384573955175e+00 -2.154915491452119639e-21 1.694599908113930548e-21
4.399832384573526767e+00 1.232300433787927277e-21 1.826723109149177629e-21
4.400497384573098358e+00 4.886069037979130778e-21 1.874736113691159030e-21
4.401162384572669950e+00 5.697713913838050717e-21 1.601348157516234762e-21
4.401827384572241542e+00 5.259732539793378669e-21 1.606403225322443168e-21
4.402492384571813133e+00 6.449508300431426222e-22 1.621358614424022598e-21
4.403157384571384725e+00 4.780414683126072090e-22 1.935244033999217523e-21
4.403822384570956316e+00 2.013848889249582455e-21 1.763151549941263735e-21
4.404487384570527908e+00 6.270291497311498977e-21 1.838695810442685548e-21
4.405152384570099500e+00 7.770722748935651457e-21 1.800215893332885658e-21
4.405817384569671091e+00 3.752738628484181063e-21 1.628134921873926005e-21
4.406482384569242683e+00 2.266204608492788727e-21 1.870771402193394469e-21
4.407147384568814275e+00 3.909530650435641281e-21 1.949692168971032821e-21
4.407812384568385866e+00 1.466621972128648957e-20 1.877639749821549054e-21
4.408477384567957458e+00 9.024982191512829389e-21 1.945952233857478832e-21
4.409142384567529049e+00 5.288645730453718002e-21 1.819679976190090928e-21
4.409807384567100641e+00 8.942641189349049923e-21 1.854746998398143985e-21
4.410472384566672233e+00 4.927668016767963992e-21 1.869670324682940555e-21
4.411137384566243824e+00 6.610159586540261528e-22 2.144050992823038115e-21
4.411802384565815416e+00 1.231263645324437529e-20 1.718237606126353086e-21
4.412467384565387007e+00 1.426162478457541690e-20 2.101103405904272341e-21
4.413132384564958599e+00 6.032247541515317811e-21 1.975071866673860749e-21
4.413797384564530191e+00 8.316926131187648260e-21 1.793478411045028304e-21
4.414462384564101782e+00 1.118722339903831230e-20 1.928225263712918102e-21
4.415127384563673374e+00 5.522751164621346956e-21 1.594891697402084276e-21
4.415792384563244966e+00 6.249154475067849034e-21 2.078385216093763473e-21
4.416457384562816557e+00 1.197879610469812652e-20 1.660678121611695466e-21
4.417122384562388149e+00 1.027762532035549308e-20 1.825447296167221818e-21
4.417787384561959740e+00 1.066163101579643948e-20 1.706480659030703189e-21
4.418452384561531332e+00 5.312012744608962197e-21 1.746975632189175414e-21
4.419117384561102924e+00 6.720792282010376602e-21 1.695709997916722185e-21
4.419782384560674515e+00 8.413880168359219596e-21 1.937877898156149937e-21
4.420447384560246107e+00 9.402678634978313327e-21 1.728130897002273962e-21
4.421112384559817698e+00 7.296886992412047097e-21 1.708482294890939028e-21
4.421777384559389290e+00 1.013445240415868231e-21 1.589010018402494836e-21
4.422442384558960882e+00 3.371326497228047262e-21 1.689015552505796143e-21
4.423107384558532473e+00 3.430260432485078031e-21 1.794149263413933563e-21
4.423772384558104065e+00 3.330652553481363777e-21 1.542025030493914874e-21
4.424437384557675657e+00 1.375407497378505652e-20 2.135390628743060742e-21
4.425102384557247248e+00 6.993145693524150324e-23 1.592832192522734017e-21
4.425767384556818840e+00 6.872452521168535072e-21 1.624959499760078026e-21
4.426432384556390431e+00 6.624736838860817780e-21 1.929896301389607928e-21
4.427097384555962023e+00 1.399060597467519393e-21 1.763367110913914106e-21
4.427762384555533615e+00 3.805244217333371325e-21 1.954648396568588256e-21
4.428427384555105206e+00 4.154516369547658494e-21 1.600035247714408984e-21
4.429092384554676798e+00 1.774348437599428717e-21 1.678984227926669103e-21
4.429757384554248389e+00 1.303256815799595606e-21 1.950408816818021622e-21
4.430422384553819981e+00 -1.092837406871222136e-21 1.729717371267727761e-21
4.431087384553391573e+00 4.525301857637323341e-21 2.048442147659073524e-21
4.431752384552963164e+00 8.531794227095043456e-21 1.723422998805104110e-21
4.432417384552534756e+00 1.123966775037243808e-20 1.912162919509695530e-21
4.433082384552106348e+00 1.714350991249400443e-20 1.742261965908603157e-21
4.433747384551677939e+00 1.447365022859277516e-20 1.624929446714937218e-21
4.434412384551249531e+00 5.785567499676484948e-21 1.889557673146869127e-21
4.435077384550821122e+00 2.749124786900093327e-21 1.931194042508499185e-21
4.435742384550392714e+00 2.167449311444117329e-21 1.927617315960342132e-21
4.436407384549964306e+00 1.479581485850295687e-20 2.674174858730522153e-21
4.437072384549535897e+00 1.017260894296240110e-20 1.744952197924645593e-21
4.437737384549107489e+00 8.006695934964741147e-21 1.536733190031448274e-21
4.438402384548679080e+00 6.541050571624811875e-21 1.655331279306366628e-21
4.439067384548250672e+00 5.531652665230586736e-21 1.528766726111780756e-21
4.439732384547822264e+00 1.045652363336677590e-20 1.619451620731667608e-21
4.440397384547393855e+00 6.493347804688976807e-21 1.778778238001464697e-21
4.441062384546965447e+00 6.125777436659584352e-22 1.614673492592771224e-21
4.441727384546537039e+00 7.373787844235666190e-21 1.513482142435913218e-21
4.442392384546108630e+00 3.684359915575631870e-21 1.743429970547547897e-21
4.443057384545680222e+00 -6.349055304237690776e-21 1.607982576295818764e-21
4.443722384545251813e+00 1.203090006150278499e-20 3.723731012150084472e-21
4.444387384544823405e+00 -3.707868936740133747e-21 1.100604002763058002e-20
4.445052384544394997e+00 8.185105208291496299e-21 1.866901816497649924e-21
4.445717384543966588e+00 8.309067740966283847e-21 1.962493644362626509e-21
4.446382384543538180e+00 4.777264938798503616e-22 1.485984742219612775e-21
4.447047384543109771e+00 7.002422006413989060e-21 1.613515172944395314e-21
4.447712384542681363e+00 1.384314640097923807e-20 2.205731393672167895e-21
4.448377384542252955e+00 4.968329760882992920e-21 2.174388627694256735e-21
4.449042384541824546e+00 4.033249397850464272e-23 1.745430625240245784e-21
4.449707384541396138e+00 -1.813807503504532494e-21 2.330208426027777815e-21
4.450372384540967730e+00 -8.088179690054183202e-21 2.639762721390287781e-21
4.451037384540539321e+00 -8.906446830456236751e-21 2.614539398725438765e-21
4.451702384540110913e+00 6.368265906929994359e-21 2.380466580525179201e-21
4.452367384539682504e+00 1.010461387259582220e-20 2.509949364056490477e-21
4.453032384539254096e+00 6.951853734378140040e-21 1.903397709295421833e-21
4.453697384538825688e+00 4.017095234424069730e-21 1.998316925875411859e-21
4.454362384538397279e+00 7.294174193499695961e-21 1.713277129874356194e-21
4.455027384537968871e+00 1.047080128961726830e-20 2.464420505414286529e-21
4.455692384537540462e+00 6.397932149593595117e-21 1.766638025013716155e-21
4.456357384537112054e+00 9.144247514998886989e-21 1.521857060174441509e-21
4.457022384536683646e+00 1.056445066851519252e-20 1.874718478795875202e-21
4.457687384536255237e+00 5.013904503314426334e-21 1.794951223268282725e-21
4.458352384535826829e+00 3.549213005336893597e-21 1.854592412148880432e-21
4.459017384535398421e+00 -1.260582958481051384e-21 2.190484665444939953e-21
4.459682384534970012e+00 1.043402815855727420e-20 1.987943018743167511e-21
4.460347384534541604e+00 5.413380290911571482e-21 1.643944419742207153e-21
4.461012384534113195e+00 -1.338274267933219790e-21 1.830642590451321011e-21
4.461677384533684787e+00 2.805565400457763971e-21 1.237044415075834829e-21
4.462342384533256379e+00 4.167813224738893078e-21 1.658865007096322685e-21
4.463007384532827970e+00 5.481715867482311193e-21 1.810963916654549678e-21
4.463672384532399562e+00 3.040131455328887401e-21 2.002795339355495329e-21
4.464337384531971153e+00 4.651146108867007117e-21 2.114913718699879363e-21
4.465002384531542745e+00 -1.727518247329587733e-21 1.652300496082858316e-21
4.465667384531114337e+00 1.598886971416738772e-21 1.856556442938373322e-21
4.466332384530685928e+00 6.312990251304739294e-21 2.130084028098465708e-21
4.466997384530257520e+00 7.159944899529507426e-21 2.263014061669041467e-21
4.467662384529829112e+00 8.482651077913539223e-21 1.812172742254472943e-21
4.468327384529400703e+00 1.159368005309292369e-20 1.851426407102669415e-21
4.468992384528972295e+00 9.852757165780558593e-21 1.373915678898117118e-21
4.469657384528543886e+00 4.940943384494218473e-21 1.535781319728483724e-21
4.470322384528115478e+00 6.115193295672189568e-21 1.773986001378350619e-21
4.470987384527687070e+00 2.209417846689537533e-21 2.027105128137138737e-21
4.471652384527258661e+00 2.291555114931783781e-21 1.809595591431767653e-21
4.472317384526830253e+00 -1.039036012823063452e-22 2.043254507950674861e-21
4.472982384526401844e+00 3.069596097335047326e-21 1.919739162197979256e-21
4.473647384525973436e+00 5.967822690632284075e-21 2.002972191436244415e-21
4.474312384525545028e+00 2.315136444551244692e-21 1.908537820602941311e-21
4.474977384525116619e+00 3.703571891141153430e-21 1.766333932233706799e-21
4.475642384524688211e+00 6.896650673674216000e-21 1.831893461374669020e-21
4.476307384524259803e+00 2.955080009286822758e-21 1.717631523215579547e-21
4.476972384523831394e+00 1.747709688497398766e-21 1.966449663971395250e-21
4.477637384523402986e+00 -2.784812020717439330e-21 1.888880222550068569e-21
4.478302384522974577e+00 -7.314455709291382787e-21 2.403092713102778418e-21
4.478967384522546169e+00 -1.154583131872818871e-21 2.154136544058565765e-21
4.479632384522117761e+00 2.585832953351987347e-21 1.579638500843143856e-21
4.480297384521689352e+00 -2.344928125199080082e-21 1.637028917571572075e-21
4.480962384521260944e+00 3.781932387286980714e-22 2.203319577861027890e-21
4.481627384520832535e+00 6.506452855410819780e-21 1.917799622188480266e-21
4.482292384520404127e+00 -1.055637101709606020e-21 4.975369131721437897e-21
4.482957384519975719e+00 1.879201854251195737e-21 2.031479855890931048e-21
4.483622384519547310e+00 4.178110299476978953e-22 1.816192857044647106e-21
4.484287384519118902e+00 9.848383431280375285e-21 1.865977571708404385e-21
4.484952384518690494e+00 1.070344926755294435e-20 2.160853547209591197e-21
4.485617384518262085e+00 4.903901536796302462e-21 1.971477109378085905e-21
4.486282384517833677e+00 2.825459660957139534e-21 1.697431622680238145e-21
4.486947384517405268e+00 7.051389690515406505e-21 2.078431542000779627e-21
4.487612384516976860e+00 9.752227672113319961e-21 1.805195381831253856e-21
4.488277384516548452e+00 5.146898113605317178e-22 1.993960641837375041e-21
4.488942384516120043e+00 6.470392838760804129e-21 2.204493131347052580e-21
4.489607384515691635e+00 7.249646394611832917e-21 1.559030935238564828e-21
4.490272384515263226e+00 -2.182958563129645922e-21 1.560677642692056261e-21
4.490937384514834818e+00 4.668862817667147814e-21 1.863385236518564560e-21
4.491602384514406410e+00 5.464408247653477408e-21 2.025637725260935237e-21
4.492267384513978001e+00 6.156329401667912760e-21 2.271718190679504409e-21
4.492932384513549593e+00 9.212584118803354345e-21 1.600159421827625945e-21
4.493597384513121185e+00 1.067231510864183121e-20 1.973425785587597617e-21
4.494262384512692776e+00 9.522229089353396625e-21 1.527692513812438661e-21
4.494927384512264368e+00 8.533931097445975792e-21 1.885415190558587498e-21
4.495592384511835959e+00 5.094793112653090049e-21 2.742921846331080775e-21
4.496257384511407551e+00 1.696331280551616920e-20 1.971637434701969606e-21
4.496922384510979143e+00 2.164580669650296580e-20 1.820519572171793817e-21
4.497587384510550734e+00 1.278981809067809226e-20 2.295771805411197173e-21
4.498252384510122326e+00 7.160976250041002240e-21 2.962925368113160187e-21
4.498917384509693917e+00 -6.765992484272693266e-21 1.985882334328614885e-21
4.499582384509265509e+00 3.567993704511309029e-24 1.730970275582490990e-21
4.500247384508837101e+00 4.493981179428620024e-21 1.710010477564736464e-21
4.500912384508408692e+00 7.183259056519543096e-21 1.696855740059568182e-21
4.501577384507980284e+00 8.073589292487779429e-21 1.668477174363249310e-21
4.502242384507551876e+00 9.244468978823491874e-21 2.049934839973884319e-21
4.502907384507123467e+00 1.156177829748932627e-20 2.152375275604038103e-21
4.503572384506695059e+00 1.285506304226378633e-20 1.816591891423073127e-21
4.504237384506266650e+00 8.757975018761456640e-21 1.640326435864533717e-21
4.504902384505838242e+00 4.362640533493897860e-21 1.553448234219840384e-21
4.505567384505409834e+00 3.354083551129898210e-21 1.997573451393183974e-21
4.506232384504981425e+00 -2.345534907975282991e-21 1.527093435502739598e-21
4.506897384504553017e+00 3.526917185613247424e-21 1.864660783312417486e-21
4.507562384504124608e+00 1.313501146287927904e-20 1.590330577142050628e-21
4.508227384503696200e+00 7.582631169808376204e-21 1.565991869530607783e-21
4.508892384503267792e+00 3.233457232220881410e-21 1.708824020243711390e-21
4.509557384502839383e+00 6.934728838022809443e-22 1.778396776102925550e-21
4.510222384502410975e+00 5.266629264946155526e-21 1.659902500399343402e-21
4.510887384501982567e+00 8.088881612344905833e-21 2.677025639129216567e-21
4.511552384501554158e+00 -5.639157610073900025e-22 2.089470106260345312e-21
4.512217384501125750e+00 5.296973857806187072e-21 1.820857960674480592e-21
4.512882384500697341e+00 6.699305641915900714e-21 1.718234886559568484e-21
4.513547384500268933e+00 1.167762283547780415e-20 1.479519877611715787e-21
4.514212384499840525e+00 5.599206506841138218e-21 1.991892634837439873e-21
4.514877384499412116e+00 1.009369471706069417e-20 1.869169323860559248e-21
4.515542384498983708e+00 1.091663680946203250e-20 1.781969258282351738e-21
4.516207384498555300e+00 1.057636931402990339e-20 1.393887410194090064e-21
4.516872384498126891e+00 6.164522785018176071e-21 1.844271433725631905e-21
4.517537384497698483e+00 7.046537937958747644e-22 1.632692421251055996e-21
4.518202384497270074e+00 -1.667511326791551769e-21 1.581092124348467732e-21
4.518867384496841666e+00 -5.285598826833523457e-21 1.892823099863621669e-21
4.519532384496413258e+00 1.072803277503091130e-21 1.916088959116575680e-21
4.520197384495984849e+00 -5.594482132859564226e-21 1.657844241190954973e-21
4.520862384495556441e+00 8.617115260292798342e-21 1.797165022195985007e-21
4.521527384495128032e+00 9.231456507640600255e-21 1.794370772649862749e-21
4.522192384494699624e+00 1.809681559053815835e-21 3.714672273968502123e-21
4.522857384494271216e+00 4.588875911246195547e-21 5.756912339807945533e-21
4.523522384493842807e+00 3.464753220521535285e-21 1.581503065184468892e-21
4.524187384493414399e+00 1.732141493097786169e-21 1.680667720621925157e-21
4.524852384492985991e+00 -7.896091361137819744e-22 1.901222327878647648e-21
4.525517384492557582e+00 2.384668086296424014e-21 1.647867446756663769e-21
4.526182384492129174e+00 3.767849396776006965e-21 1.578426126706882802e-21
4.526847384491700765e+00 2.715657840432176991e-21 1.768880781165646002e-21
4.527512384491272357e+00 2.297651327491460186e-21 2.047292655450230717e-21
4.528177384490843949e+00 -2.750449174185255018e-21 1.609713704270323401e-21
4.528842384490415540e+00 6.006642175629455663e-21 1.623642883780258426e-21
4.529507384489987132e+00 3.381151483282589931e-21 1.815454627139589282e-21
4.530172384489558723e+00 1.284147968944502727e-21 1.767349642068923408e-21
4.530837384489130315e+00 5.194596961494173459e-21 1.818933597912586958e-21
4.531502384488701907e+00 7.218566050861336942e-21 1.753027497835261054e-21
4.532167384488273498e+00 2.081902326686563518e-21 1.924570370052752438e-21
4.532832384487845090e+00 2.925403761274597330e-21 1.816724915586561038e-21
4.533497384487416682e+00 1.073536104204490721e-20 2.272244404660356104e-21
4.534162384486988273e+00 4.754772910075273633e-21 1.708782296557785899e-21
4.534827384486559865e+00 -1.613840921984145499e-21 1.894752022369816671e-21
4.535492384486131456e+00 6.920499887221345944e-21 1.982467681171490185e-21
4.536157384485703048e+00 5.137369379864700509e-21 1.717396709948987767e-21
4.536822384485274640e+00 4.570964723824428806e-21 1.664874345009770089e-21
4.537487384484846231e+00 1.308109227514402301e-21 1.703120332935719065e-21
4.538152384484417823e+00 1.392509785255902443e-20 1.584924219180975287e-21
4.538817384483989414e+00 4.779238323836823779e-21 1.755177656892277308e-21
4.539482384483561006e+00 8.250309118232952517e-21 1.889858917723381787e-21
4.540147384483132598e+00 1.495345497973965018e-21 1.694125899563676577e-21
4.540812384482704189e+00 -1.864659673242653972e-22 1.587489942030808038e-21
4.541477384482275781e+00 7.452120270338070380e-22 1.767051785363400735e-21
4.542142384481847373e+00 5.588611572854958618e-21 2.492522098674425933e-21
4.542807384481418964e+00 6.054060489369481589e-21 1.835218114966335532e-21
4.543472384480990556e+00 2.799006982849904911e-21 9.131270462227690950e-21
4.544137384480562147e+00 -4.560331722142792550e-21 3.200273080363046267e-21
4.544802384480133739e+00 4.551660745425516134e-21 1.686984325400698641e-21
4.545467384479705331e+00 6.263236255075454868e-21 1.591051213746914161e-21
4.546132384479276922e+00 7.317949076799470818e-21 1.689096756847844146e-21
4.546797384478848514e+00 5.009600649956830719e-21 2.583456721164195998e-21
4.547462384478420105e+00 3.765495356861008577e-21 1.695006979412371327e-21
4.548127384477991697e+00 2.795079504249654500e-21 1.710948697975713496e-21
4.548792384477563289e+00 8.032770184529982893e-21 1.682288442396700048e-21
4.549457384477134880e+00 2.201624068409001815e-21 1.411218783664710753e-21
4.550122384476706472e+00 -3.727795053817546546e-21 1.612982985947937247e-21
4.550787384476278064e+00 -2.392896538330051986e-22 1.941279379438946440e-21
4.551452384475849655e+00 9.032347539933787692e-21 2.141219852928683653e-21
4.552117384475421247e+00 5.853576516102396624e-21 1.764760858887645298e-21
4.552782384474992838e+00 -7.598584936839724077e-21 1.851892028447496362e-21
4.553447384474564430e+00 1.369519486919287137e-24 1.760045532010563263e-21
4.554112384474136022e+00 9.997172899301953317e-21 1.709686184419329941e-21
4.554777384473707613e+00 1.304230363477749418e-20 1.715884474672237504e-21
4.555442384473279205e+00 1.159612122564149003e-20 2.146178849901899752e-21
4.556107384472850796e+00 3.873388081218835760e-21 1.844605763133276212e-21
4.556772384472422388e+00 8.416383944125470100e-21 2.205294708648833174e-21
4.557437384471993980e+00 -3.648979282956599831e-22 1.959655945736297062e-21
4.558102384471565571e+00 1.170006676401923011e-21 1.920309993037785219e-21
4.558767384471137163e+00 6.577172489110406462e-21 2.043374569497313639e-21
4.559432384470708755e+00 1.625456876306100781e-21 1.657475404402266781e-21
4.560097384470280346e+00 -3.630176569593511901e-21 2.284018450043566954e-21
4.560762384469851938e+00 3.440843755863856990e-21 1.817535474126662941e-21
4.561427384469423529e+00 7.591986623145478660e-21 2.161355515076281740e-21
4.562092384468995121e+00 4.419757272000126933e-21 3.260113233255643909e-21
4.562757384468566713e+00 8.085229288658232035e-23 1.868321191747486511e-21
4.563422384468138304e+00 6.284818241814063210e-21 1.923243607740965510e-21
4.564087384467709896e+00 4.413409011501726017e-21 2.004536060090246090e-21
4.564752384467281487e+00 9.898787901900363416e-22 1.844438193808341499e-21
4.565417384466853079e+00 9.180162476777789168e-21 1.924644635108852696e-21
4.566082384466424671e+00 2.018957879750819884e-21 2.257712341353215140e-21
4.566747384465996262e+00 2.545945746898456101e-21 1.921518774444415695e-21
4.567412384465567854e+00 5.798527532212583064e-21 1.738597103599353576e-21
4.568077384465139446e+00 1.283303193178792893e-20 2.152696316286559998e-21
4.568742384464711037e+00 6.478852806601145648e-21 2.281755462144441157e-21
4.569407384464282629e+00 1.045867465222287374e-21 1.795518772846599063e-21
4.570072384463854220e+00 4.000818087972504956e-21 1.736660732016195555e-21
4.570737384463425812e+00 1.158248455164382392e-21 2.011030955919307795e-21
4.571402384462997404e+00 5.071466589385355501e-21 1.919221599584355732e-21
4.572067384462568995e+00 2.745049185829690806e-21 1.670082236371074884e-21
4.572732384462140587e+00 -2.137198903203605155e-21 1.792417309268964203e-21
4.573397384461712178e+00 2.013195561114963087e-21 1.708940436642451264e-21
4.574062384461283770e+00 1.918233293444057534e-21 1.750140043264656264e-21
4.574727384460855362e+00 1.231866471695633903e-21 1.699649518629597938e-21
4.575392384460426953e+00 3.804018263638280267e-21 1.986293191621255273e-21
4.576057384459998545e+00 -1.048389586065883395e-21 1.599668491670144827e-21
4.576722384459570137e+00 2.356325379645351818e-21 1.764827434809591438e-21
4.577387384459141728e+00 3.526778734879062181e-21 1.921617635763955089e-21
4.578052384458713320e+00 5.057274445397020858e-21 1.694657048166460927e-21
4.578717384458284911e+00 5.357748866463676814e-21 1.896394781881397355e-21
4.579382384457856503e+00 5.794862773491304799e-21 2.118943964627048611e-21
4.580047384457428095e+00 7.719992344501953911e-21 2.849117418226918637e-21
4.580712384456999686e+00 2.528061051231665305e-21 1.675314189300682236e-21
4.581377384456571278e+00 -1.653106427931508488e-21 1.880516686410480020e-21
4.582042384456142869e+00 -3.558263236667871042e-21 1.584730509070382895e-21
4.582707384455714461e+00 1.467724320716038699e-20 1.819485811339130129e-21
4.583372384455286053e+00 1.579218619932658459e-20 1.779806995345519892e-21
4.584037384454857644e+00 1.160124938075325837e-20 1.955658288354130901e-21
4.584702384454429236e+00 9.638734975975196733e-21 1.666320982670162210e-21
4.585367384454000828e+00 -1.873902422524939557e-21 1.835976960363127201e-21
4.586032384453572419e+00 -4.258587465094461919e-21 1.799222673396633935e-21
4.586697384453144011e+00 -5.494516953277847138e-21 2.041284604853502813e-21
4.587362384452715602e+00 5.726254914987808111e-21 2.115251321514717016e-21
4.588027384452287194e+00 2.898234749528731556e-21 1.832242623943999676e-21
4.588692384451858786e+00 4.881181275662764188e-21 1.991464395204234309e-21
4.589357384451430377e+00 8.253995586365669231e-21 1.699547198580175801e-21
4.590022384451001969e+00 -1.409619990239955708e-21 1.548941571754369478e-21
4.590687384450573560e+00 1.638965884192942507e-21 2.044262288401015870e-21
4.591352384450145152e+00 1.833506452946962783e-21 2.293886096367626076e-21
4.592017384449716744e+00 7.576236675396685109e-21 2.084182055245188710e-21
4.592682384449288335e+00 9.494609238615359212e-21 1.717571483379797369e-21
4.593347384448859927e+00 1.581934058647634823e-20 1.973390988704022961e-21
4.594012384448431519e+00 1.655470535748502423e-20 2.017019472417692647e-21
4.594677384448003110e+00 1.027690745829114306e-20 2.005747315654128692e-21
4.595342384447574702e+00 5.003637881079117811e-21 1.857028837475286615e-21
4.596007384447146293e+00 3.572084674577213550e-21 1.467360585327657717e-21
4.596672384446717885e+00 2.870293387380622510e-21 1.839047239575916493e-21
4.597337384446289477e+00 5.592872794654450810e-21 1.819586107075218862e-21
4.598002384445861068e+00 4.178045998438014675e-21 1.807306480769109107e-21
4.598667384445432660e+00 5.454337904426890740e-21 1.869361591118138401e-21
4.599332384445004251e+00 6.973791978935285652e-21 2.053028363339675937e-21
4.599997384444575843e+00 9.954721857875738468e-21 2.595547001759602542e-21
4.600662384444147435e+00 1.478493551074251144e-20 1.799784858845904984e-21
4.601327384443719026e+00 1.066998600751816141e-20 1.556336576747741058e-21
4.601992384443290618e+00 5.511482461520837088e-21 1.812883690066712232e-21
4.602657384442862210e+00 6.312392408949270777e-22 2.278455923184116567e-21
4.603322384442433801e+00 9.467237759180820451e-21 1.810148443543655394e-21
4.603987384442005393e+00 4.524802202707442924e-21 1.993600740811242193e-21
4.604652384441576984e+00 -4.876512913751281329e-21 1.595842792945095669e-21
4.605317384441148576e+00 -7.163037731323797455e-21 1.619458837140632186e-21
4.605982384440720168e+00 -6.170758225471036608e-21 1.805202784003916635e-21
4.606647384440291759e+00 1.025386699771755938e-20 2.320086398706322281e-21
4.607312384439863351e+00 1.495617171661405418e-20 1.959769029350200890e-21
4.607977384439434942e+00 1.000418707313665687e-20 2.291130822254070153e-21
4.608642384439006534e+00 2.446648510630155475e-21 2.303239524185840096e-21
4.609307384438578126e+00 -4.857973561816907446e-21 1.678575984507755433e-21
4.609972384438149717e+00 2.047511697744633770e-21 1.833107802125365325e-21
4.610637384437721309e+00 4.004061662385655250e-21 2.513710198791081710e-21
4.611302384437292901e+00 2.022942896643083424e-21 4.072530540974457986e-21
4.611967384436864492e+00 -2.313727252079809871e-21 1.991352539494355356e-21
4.612632384436436084e+00 3.352937548385846777e-21 1.651873710491309735e-21
4.613297384436007675e+00 7.196459345943816682e-21 1.517092550510476742e-21
4.613962384435579267e+00 7.822296085631091181e-21 1.760907662703615511e-21
4.614627384435150859e+00 7.272550888633806664e-22 1.864173450197569507e-21
4.615292384434722450e+00 1.125420725883488490e-20 2.507672510641903116e-21
4.615957384434294042e+00 1.289239508056474274e-20 2.181543403105613913e-21
4.616622384433865633e+00 9.020966625810137340e-21 1.914333857137242636e-21
4.617287384433437225e+00 9.878393486682433403e-21 2.016557374638789945e-21
4.617952384433008817e+00 5.482970288242145088e-21 1.943195298081217938e-21
4.618617384432580408e+00 2.585219365673511326e-21 1.901546406602609240e-21
4.619282384432152000e+00 5.718408938399704000e-21 1.857926531455199659e-21
4.619947384431723592e+00 1.499038952856221578e-20 2.041192390460455351e-21
4.620612384431295183e+00 1.654072806722554771e-20 1.855758666994626882e-21
4.621277384430866775e+00 9.004515899832039380e-21 1.571916052637096422e-21
4.621942384430438366e+00 4.983162398179902716e-21 2.040867263829612534e-21
4.622607384430009958e+00 -8.973047738518533761e-22 1.830257547547811239e-21
4.623272384429581550e+00 6.194371659314067759e-21 2.171125901601694236e-21
4.623937384429153141e+00 9.167453433193293741e-21 2.352517476700240722e-21
4.624602384428724733e+00 4.909860098186174506e-21 1.916571416299658716e-21
4.625267384428296324e+00 8.136728397270876564e-21 2.403913086438571407e-21
4.625932384427867916e+00 -8.903287124556845581e-22 1.761099773056466385e-21
4.626597384427439508e+00 5.104958472669866590e-21 2.216622954016304749e-21
4.627262384427011099e+00 5.576947426234807402e-21 2.305318750260245776e-21
4.627927384426582691e+00 1.203553945313269342e-21 1.992553621337974104e-21
4.628592384426154283e+00 7.095129214542363336e-21 1.940275468594139854e-21
4.629257384425725874e+00 1.036692962991468321e-20 1.836085839582393523e-21
4.629922384425297466e+00 -7.757780743712237836e-21 7.378400332635499798e-21
4.630587384424869057e+00 2.040432207534374397e-21 2.532850505098387530e-21
4.631252384424440649e+00 -1.243502988554565382e-22 1.764421078562457142e-21
4.631917384424012241e+00 7.143076884304102828e-21 1.976653802527961394e-21
4.632582384423583832e+00 1.072680341574819129e-20 2.089721516584137555e-21
4.633247384423155424e+00 1.114641721154336672e-20 2.044620309166303758e-21
4.633912384422727015e+00 5.727022454535046992e-22 2.049416946769997203e-21
4.634577384422298607e+00 6.901033703577387494e-21 1.940079340356379141e-21
4.635242384421870199e+00 2.569897728771948548e-21 1.821927656691145045e-21
4.635907384421441790e+00 4.562463148633566249e-21 2.641637101314210290e-21
4.636572384421013382e+00 5.432238688939519836e-21 1.649459634978537260e-21
4.637237384420584974e+00 1.065510850001445404e-20 2.115474248244240586e-21
4.637902384420156565e+00 1.078033069791278608e-20 1.847780947055103143e-21
4.638567384419728157e+00 3.746039769828178291e-21 1.673059152144242241e-21
4.639232384419299748e+00 -6.182013162906856880e-21 1.879107139380135444e-21
4.639897384418871340e+00 1.153439572636682521e-20 1.847325773968502430e-21
4.640562384418442932e+00 7.584103023952461334e-21 1.906426488772075996e-21
4.641227384418014523e+00 1.086938735418268958e-20 2.042155708867267778e-21
4.641892384417586115e+00 1.919592842403982553e-20 2.289461559343591602e-21
4.642557384417157706e+00 -1.793118694949005475e-21 1.839896401285837807e-21
4.643222384416729298e+00 2.192666870462369377e-21 1.726757011484486161e-21
4.643887384416300890e+00 -3.825566879703663504e-21 2.241381639976855493e-21
4.644552384415872481e+00 2.784485901505779539e-21 2.148383893907403658e-21
4.645217384415444073e+00 7.074102632502124331e-21 2.012321787618173952e-21
4.645882384415015665e+00 6.473457172716793941e-21 1.556824553868763648e-21
4.646547384414587256e+00 -3.768201736043399120e-21 1.773223609815353116e-21
4.647212384414158848e+00 5.583060164861203106e-21 1.865891972412015573e-21
4.647877384413730439e+00 5.430806147073654623e-21 1.892070539618529702e-21
4.648542384413302031e+00 8.001663166341035099e-21 1.810694766097893866e-21
4.649207384412873623e+00 -2.055650342190414382e-21 2.172438119772605554e-21
4.649872384412445214e+00 -2.855701215413250296e-21 3.400078012359893006e-21
4.650537384412016806e+00 1.204987753634138014e-21 2.022506299862721596e-21
4.651202384411588397e+00 5.425967326535090859e-21 1.832732041116833783e-21
4.651867384411159989e+00 3.042557954617621838e-21 1.901207373247395121e-21
4.652532384410731581e+00 8.724280124049978387e-21 2.124632948987014357e-21
4.653197384410303172e+00 4.425584398458913408e-21 2.090307275631500027e-21
4.653862384409874764e+00 1.351563481130384386e-20 1.880718863217071283e-21
4.654527384409446356e+00 -5.458366100286447140e-22 2.145399728848281366e-21
4.655192384409017947e+00 3.886699695895674459e-22 1.567796443282008168e-21
4.655857384408589539e+00 -2.629398486045243797e-21 1.954577127670939843e-21
4.656522384408161130e+00 1.427371204308615382e-21 1.832039120090549564e-21
4.657187384407732722e+00 1.093541338006821957e-20 2.228687951493772482e-21
4.657852384407304314e+00 8.154254657509323739e-21 1.957981304269985974e-21
4.658517384406875905e+00 8.617470538011658858e-21 2.318765842907557694e-21
4.659182384406447497e+00 -6.003062816971211706e-21 1.913973792718723991e-21
4.659847384406019088e+00 4.332860929668574037e-21 2.139622415424316958e-21
4.660512384405590680e+00 1.205870651613421958e-20 2.268181060551410658e-21
4.661177384405162272e+00 3.305044754879732962e-21 1.991989005112676107e-21
4.661842384404733863e+00 2.147398051726772941e-21 1.974833718101107379e-21
4.662507384404305455e+00 6.902934536224993601e-21 2.040671322808009086e-21
4.663172384403877047e+00 -3.227324518567009837e-21 1.875352959265850923e-21
4.663837384403448638e+00 5.135876011409974402e-21 2.011147455891467618e-21
4.664502384403020230e+00 -2.638309593492128431e-21 2.819877510685954130e-21
4.665167384402591821e+00 4.904779559659258772e-22 2.904192281015233493e-21
4.665832384402163413e+00 7.147275739036496763e-21 2.227762952975063918e-21
4.666497384401735005e+00 1.000885595654123286e-21 1.861190695245225693e-21
4.667162384401306596e+00 5.296287398148474862e-21 2.053011604077257344e-21
4.667827384400878188e+00 5.303496373043572194e-21 1.910434076105128955e-21
4.668492384400449779e+00 7.873546777575910262e-21 2.087161801060180479e-21
4.669157384400021371e+00 1.362676614084058804e-21 1.852394060230131927e-21
4.669822384399592963e+00 1.334831717155281549e-20 1.942540307314678758e-21
4.670487384399164554e+00 9.577065371163019610e-21 1.781339908370628344e-21
4.671152384398736146e+00 -4.168416634368610796e-21 1.587076887197512651e-21
4.671817384398307738e+00 -1.810464708538685655e-21 1.615633563800890171e-21
4.672482384397879329e+00 -9.686460989396744550e-21 2.005176718671878759e-21
4.673147384397450921e+00 3.617411390396188113e-21 1.952009885803359834e-21
4.673812384397022512e+00 6.705257266453030986e-21 2.038919170509808198e-21
4.674477384396594104e+00 8.497064577142222422e-21 1.700788362244383604e-21
4.675142384396165696e+00 3.875696851832575963e-21 1.809548493626366683e-21
4.675807384395737287e+00 2.200110956464344545e-21 1.962710192061004265e-21
4.676472384395308879e+00 3.357957315953388419e-21 2.130442212683186146e-21
4.677137384394880470e+00 1.906815170376791864e-22 2.044028997448098582e-21
4.677802384394452062e+00 1.179605700987916495e-20 1.910593097444802275e-21
4.678467384394023654e+00 -1.263982678375187007e-21 1.946319961086295108e-21
4.679132384393595245e+00 -9.754292682183691779e-22 1.897329315726254399e-21
4.679797384393166837e+00 -2.848626173071561813e-21 1.882978641805508825e-21
4.680462384392738429e+00 -6.411584519745803684e-21 2.379337574011023723e-21
4.681127384392310020e+00 3.249770860402088709e-21 2.053525864936818798e-21
4.681792384391881612e+00 8.909291779232031196e-21 1.780009074159751370e-21
4.682457384391453203e+00 1.231620595652294131e-20 1.774572721511314696e-21
4.683122384391024795e+00 8.923124073373659482e-21 2.004627059706214961e-21
4.683787384390596387e+00 -1.812310073056726101e-21 1.950485181521752573e-21
4.684452384390167978e+00 8.716648690795777352e-21 2.019287628692771091e-21
4.685117384389739570e+00 4.125225443585118797e-21 1.895317927505439256e-21
4.685782384389311161e+00 2.146449562212270189e-21 2.223870182136664594e-21
4.686447384388882753e+00 1.191249231217182700e-20 3.012434281315863361e-21
4.687112384388454345e+00 1.125460509264670567e-20 2.018152405026776948e-21
4.687777384388025936e+00 2.213065903396251028e-21 2.183597386463854345e-21
4.688442384387597528e+00 2.539506880838382237e-21 2.203756373239734650e-21
4.689107384387169120e+00 -4.584786339886505646e-21 2.329811702297663625e-21
4.689772384386740711e+00 6.130295728359595358e-21 2.033982345445374457e-21
4.690437384386312303e+00 1.200964868972309007e-20 1.912366027737181423e-21
4.691102384385883894e+00 1.547713048859760933e-20 1.826682784906416440e-21
4.691767384385455486e+00 1.024248989144969303e-20 2.344527772082917150e-21
4.692432384385027078e+00 2.224199715596025224e-21 2.534326299265835550e-21
4.693097384384598669e+00 3.127234634485267817e-21 2.188077857108730966e-21
4.693762384384170261e+00 1.602479790987358024e-20 1.792534337874366576e-21
4.694427384383741853e+00 8.540401364779010246e-21 2.439514750356271762e-21
4.695092384383313444e+00 7.479927619732151431e-21 2.061201128460531722e-21
4.695757384382885036e+00 2.776929043986060356e-21 2.314419269381801260e-21
4.696422384382456627e+00 4.665806970373083399e-21 2.420329519678323463e-21
4.697087384382028219e+00 6.064877672858957689e-21 2.201796249751023093e-21
4.697752384381599811e+00 9.354944406525116592e-21 1.997112726394224808e-21
4.698417384381171402e+00 9.159773649310946291e-21 2.048438493060270757e-21
4.699082384380742994e+00 9.401559111301664259e-21 2.575525548401807935e-21
4.699747384380314585e+00 4.305043696940868951e-21 2.191930066870485825e-21
4.700412384379886177e+00 -1.843203032252821445e-21 2.086648556478245801e-21
4.701077384379457769e+00 8.727249367469021328e-21 2.958840815510907426e-21
4.701742384379029360e+00 4.234958982323805536e-21 2.181634762939388548e-21
4.702407384378600952e+00 -1.289854225828352866e-21 1.867254492829333097e-21
4.703072384378172544e+00 -2.221607869622355283e-21 1.862783363970041701e-21
4.703737384377744135e+00 3.592669788245287038e-21 2.012879700821015113e-21
4.704402384377315727e+00 1.122534045163848253e-21 1.890051963651993512e-21
4.705067384376887318e+00 2.934896917452460309e-21 1.919973150095842361e-21
4.705732384376458910e+00 5.173451248012344938e-21 2.229945372599877030e-21
4.706397384376030502e+00 -4.198135057475274610e-22 2.428612847989338523e-21
4.707062384375602093e+00 -5.170592215874189512e-21 1.848986996617124181e-21
4.707727384375173685e+00 5.764269286328043400e-22 1.780128995425060992e-21
4.708392384374745276e+00 1.783043222072359056e-21 1.868618030991545620e-21
4.709057384374316868e+00 6.561553343348988546e-21 2.388672628309964942e-21
4.709722384373888460e+00 2.521523813398290588e-21 1.789759901250419079e-21
4.710387384373460051e+00 8.245347981486957391e-22 1.530210369089776500e-21
4.711052384373031643e+00 -1.707697208228374588e-21 1.869904982171223304e-21
4.711717384372603235e+00 1.709806922337096434e-20 2.026620971458655241e-21
4.712382384372174826e+00 4.212749208952986487e-21 2.057158117578801025e-21
4.713047384371746418e+00 8.181280557636297022e-21 2.255761271139380549e-21
4.713712384371318009e+00 1.055734824781359182e-20 2.481862044103362108e-21
4.714377384370889601e+00 4.008100646843310114e-21 1.974488499051580039e-21
4.715042384370461193e+00 3.281544041680069335e-21 2.360646346147291468e-21
4.715707384370032784e+00 4.590299936584188267e-21 2.241376461649112377e-21
4.716372384369604376e+00 2.757707582605310345e-21 2.123231628423822651e-21
4.717037384369175967e+00 -6.740131484957260896e-22 1.884731895625323118e-21
4.717702384368747559e+00 2.428830419156019168e-21 1.874122103496374836e-21
4.718367384368319151e+00 3.757648502581488321e-21 2.164571619980184722e-21
4.719032384367890742e+00 7.310732383262108552e-21 2.193815983453618514e-21
4.719697384367462334e+00 7.685344325356917607e-21 2.015111811760126413e-21
4.720362384367033926e+00 1.763846129425516783e-21 1.907034977433132512e-21
4.721027384366605517e+00 6.472168785121882712e-21 1.710908805997204431e-21
4.721692384366177109e+00 8.301025857100079767e-22 1.927495701282788232e-21
4.722357384365748700e+00 1.081905432174767018e-20 2.228957035606858207e-21
4.723022384365320292e+00 9.902571537923850616e-21 1.966115552279768374e-21
4.723687384364891884e+00 -6.711324398157601963e-21 2.040723455288003671e-21
4.724352384364463475e+00 -1.314554277128835586e-21 1.851242460480247716e-21
4.725017384364035067e+00 -4.864751222418269597e-21 2.197693022510608771e-21
4.725682384363606658e+00 9.644585239281480795e-21 2.311697049491331088e-21
4.726347384363178250e+00 4.523802257594570751e-21 1.902355198381687868e-21
4.727012384362749842e+00 -2.001885908000422061e-21 2.335924194480518011e-21
4.727677384362321433e+00 2.260351493182976190e-22 2.042241333360346026e-21
4.728342384361893025e+00 6.497014384761955215e-21 1.613392333827530279e-21
4.729007384361464617e+00 1.044316454529575898e-20 1.977209432422503208e-21
4.729672384361036208e+00 6.160746831449254891e-21 2.148429529387423909e-21
4.730337384360607800e+00 -8.688951248607674898e-21 2.023462932355400268e-21
4.731002384360179391e+00 1.980663247370058948e-21 2.679529842105720543e-21
4.731667384359750983e+00 9.754374435907115148e-21 2.742458903625639088e-21
4.732332384359322575e+00 9.973499318190447890e-21 1.883737156317390310e-21
4.732997384358894166e+00 8.382250054930951767e-21 1.906799854535197348e-21
4.733662384358465758e+00 4.800922885759234572e-21 1.866166983824138396e-21
4.734327384358037349e+00 4.978076797456171170e-21 1.833563957534581226e-21
4.734992384357608941e+00 4.598770263365540405e-21 1.692998340489323263e-21
4.735657384357180533e+00 6.827979690093340504e-21 1.900638521819123028e-21
4.736322384356752124e+00 7.472626646501859700e-21 2.005204065668500309e-21
4.736987384356323716e+00 5.641875243627501667e-21 1.908232347841213381e-21
4.737652384355895308e+00 -1.066366962229983461e-21 1.861740081320613970e-21
4.738317384355466899e+00 5.841223022967184296e-21 1.922553758255894647e-21
4.738982384355038491e+00 2.987503317820751079e-21 2.103616412242473563e-21
4.739647384354610082e+00 -6.535835925702700566e-21 2.223700094534568164e-21
4.740312384354181674e+00 7.422786874266427680e-21 1.679256545398145472e-21
4.740977384353753266e+00 1.763683533308690809e-21 2.066012901966728574e-21
4.741642384353324857e+00 8.405151981702857940e-22 2.047805674432634728e-21
4.742307384352896449e+00 -5.282061561249477776e-21 1.841963278492146327e-21
4.742972384352468040e+00 -7.546066505443410122e-21 1.776016086454894657e-21
4.743637384352039632e+00 1.502746199904736126e-22 1.932814992781932668e-21
4.744302384351611224e+00 1.398928255603188682e-21 2.040985716759033814e-21
4.744967384351182815e+00 7.151136269391760465e-21 1.886957478082795062e-21
4.745632384350754407e+00 1.355134662803739770e-20 2.198143166941984650e-21
4.746297384350325999e+00 9.981533495240352596e-22 1.851934027049499199e-21
4.746962384349897590e+00 6.876185400382509198e-21 1.702548249157059662e-21
4.747627384349469182e+00 -1.465494178966354908e-21 1.755802912098021547e-21
4.748292384349040773e+00 3.027886331340615465e-21 1.885373587250843182e-21
4.748957384348612365e+00 8.050858145596838450e-21 2.451863102819830568e-21
4.749622384348183957e+00 1.265043779737282811e-20 1.733834285176955251e-21
4.750287384347755548e+00 5.567548653824077553e-21 1.787493752568175696e-21
4.750952384347327140e+00 3.910819008375785889e-21 1.694065357685231954e-21
4.751617384346898731e+00 9.059149186942420670e-21 1.708664054106737319e-21
4.752282384346470323e+00 1.018815044162879597e-20 1.955327333886594857e-21
4.752947384346041915e+00 4.548468951811575051e-21 1.783666044508388653e-21
4.753612384345613506e+00 1.069132516497067245e-20 1.736130438976777013e-21
4.754277384345185098e+00 7.132685539626411422e-21 1.818363423553947708e-21
4.754942384344756690e+00 -2.012339065649735376e-21 2.116020447392520847e-21
4.755607384344328281e+00 2.883717751286662951e-21 2.446785700320932953e-21
4.756272384343899873e+00 -2.178959830211667689e-22 2.126227657983172527e-21
4.756937384343471464e+00 1.245076053501163766e-20 1.903290241232996134e-21
4.757602384343043056e+00 9.095945499063096394e-21 1.708771595355959646e-21
4.758267384342614648e+00 9.818171017446429667e-21 1.672910547187086183e-21
4.758932384342186239e+00 -2.128358896112192039e-21 1.761342764108495252e-21
4.759597384341757831e+00 1.233979504915923133e-21 1.835455832556171135e-21
4.760262384341329422e+00 6.088989687943387089e-22 1.952702263834033602e-21
4.760927384340901014e+00 -2.992345510263340874e-21 2.126801951431378324e-21
4.761592384340472606e+00 9.251279897579845633e-21 1.949637377955046888e-21
4.762257384340044197e+00 7.341771167580469162e-22 1.951268554979820703e-21
4.762922384339615789e+00 -5.605164473297205446e-21 2.017006585794850804e-21
4.763587384339187381e+00 -8.956521884084634636e-22 2.099388433829493032e-21
4.764252384338758972e+00 -3.812255936993916385e-21 1.756161877078043084e-21
4.764917384338330564e+00 2.822013506364833826e-21 1.775220935664269101e-21
4.765582384337902155e+00 1.631915367594409923e-21 1.979115515705083624e-21
4.766247384337473747e+00 6.752755824232627427e-21 2.554410734510236123e-21
4.766912384337045339e+00 4.865244904522414192e-21 1.862517639730714023e-21
4.767577384336616930e+00 6.949507401473804599e-21 1.745132672613415101e-21
4.768242384336188522e+00 -5.038947201004790084e-22 1.991395856417747418e-21
4.768907384335760113e+00 6.095440381229549030e-21 1.720690363766564984e-21
4.769572384335331705e+00 2.040106362843652065e-21 2.505216137019706005e-21
4.770237384334903297e+00 9.707056405707945798e-21 1.818878215853559507e-21
4.770902384334474888e+00 6.216182438268485863e-21 2.158166784269685905e-21
4.771567384334046480e+00 -1.409614720167870660e-21 2.031879571975205406e-21
4.772232384333618072e+00 5.325109677548235725e-21 1.867944078625557418e-21
4.772897384333189663e+00 7.285923531982662591e-21 1.951562557711873253e-21
4.773562384332761255e+00 5.452600593697846580e-21 2.179763387922673580e-21
4.774227384332332846e+00 3.490231645346899108e-21 1.801672791618929850e-21
4.774892384331904438e+00 1.850860343854093923e-21 1.932664041531710530e-21
4.775557384331476030e+00 6.688999307217293652e-21 2.013108598366506046e-21
4.776222384331047621e+00 2.258622081469867912e-21 2.221828898632319078e-21
4.776887384330619213e+00 -1.005393124828901740e-20 2.960103032104400679e-21
4.777552384330190804e+00 -1.403624064013830218e-21 1.816719844629366053e-21
4.778217384329762396e+00 6.240737913173111249e-21 1.964601788159179474e-21
4.778882384329333988e+00 5.133201455862277937e-21 2.160832918006586179e-21
4.779547384328905579e+00 8.407899612257143393e-21 2.364120405714821232e-21
4.780212384328477171e+00 1.448374348164247198e-21 1.705296464374980108e-21
4.780877384328048763e+00 -3.562937489723312523e-21 1.883520788227815753e-21
4.781542384327620354e+00 1.001037061362181528e-20 1.822044049441796254e-21
4.782207384327191946e+00 5.125273049931597198e-21 1.912393851126073154e-21
4.782872384326763537e+00 4.504379579555827795e-21 2.027257034203174660e-21
4.783537384326335129e+00 7.551970942710075961e-21 1.881572453564027904e-21
4.784202384325906721e+00 8.167093314468951447e-21 1.877063171989377053e-21
4.784867384325478312e+00 7.554252551046088421e-21 2.271356488000855519e-21
4.785532384325049904e+00 5.335899880100556781e-21 2.432672761824647348e-21
4.786197384324621495e+00 -8.113238284230089316e-22 2.063342915796508555e-21
4.786862384324193087e+00 7.526718853224764425e-21 2.130235287571666748e-21
4.787527384323764679e+00 2.692340743574285776e-21 2.413242417765349368e-21
4.788192384323336270e+00 4.017868677010784068e-21 2.298160887645667244e-21
4.788857384322907862e+00 1.213496368530336617e-20 2.252849827933654009e-21
4.789522384322479454e+00 -1.657591957399927476e-21 1.908387968002659688e-21
4.790187384322051045e+00 -1.672789460750038973e-21 1.895302853450730028e-21
4.790852384321622637e+00 -1.875837422890800419e-22 2.076044562467440486e-21
4.791517384321194228e+00 -7.389538811620900065e-21 2.412844831097055169e-21
4.792182384320765820e+00 -7.149079329580030518e-21 1.734292262049482696e-21
4.792847384320337412e+00 8.362993424770176441e-22 2.201442123570029936e-21
4.793512384319909003e+00 6.433013284710341029e-22 2.020900146697539949e-21
4.794177384319480595e+00 1.741217879286265671e-21 2.033049670504219664e-21
4.794842384319052186e+00 1.147720105332335309e-20 2.296374906422460193e-21
4.795507384318623778e+00 7.944204849632266070e-21 1.900933601393702623e-21
4.796172384318195370e+00 -4.706009197534730438e-21 1.999632661249641439e-21
4.796837384317766961e+00 8.929370845820304581e-22 2.368011854342184471e-21
4.797502384317338553e+00 -2.982646013616191029e-21 2.032045097410575188e-21
4.798167384316910145e+00 1.440758305568094997e-22 2.259783707770310614e-21
4.798832384316481736e+00 -2.238181189952897853e-21 2.619134944240982081e-21
4.799497384316053328e+00 -5.611090978827499323e-22 2.592872311567733996e-21
4.800162384315624919e+00 2.952924437773241631e-21 2.216194046643877761e-21
4.800827384315196511e+00 1.000162192961713253e-20 2.517985691718491125e-21
4.801492384314768103e+00 1.903599934735081919e-20 1.966709311244033906e-21
4.802157384314339694e+00 1.207523772492175373e-20 2.272991636657844605e-21
4.802822384313911286e+00 6.915035649467616545e-21 2.458633876878968942e-21
4.803487384313482877e+00 4.010099963908399241e-21 2.145044129155632413e-21
4.804152384313054469e+00 1.852656105315036203e-20 2.417013203462258536e-21
4.804817384312626061e+00 8.919182336812002075e-21 2.415935324081010659e-21
4.805482384312197652e+00 3.864349145425666435e-21 1.862991083877928878e-21
4.806147384311769244e+00 1.263266709535317647e-21 1.921560872320018260e-21
4.806812384311340836e+00 -3.542843647266966256e-21 2.021651589602576101e-21
4.807477384310912427e+00 7.752448633645724572e-21 2.187655692074765415e-21
4.808142384310484019e+00 -4.019906906083132120e-22 2.341227999348620009e-21
4.808807384310055610e+00 4.021392254327753899e-21 1.789453471611339006e-21
4.809472384309627202e+00 1.191813688965751672e-20 2.204387178068787976e-21
4.810137384309198794e+00 -1.023496973484558441e-20 2.118610159136261464e-21
4.810802384308770385e+00 -2.483433866188398582e-22 1.854965587073559241e-21
4.811467384308341977e+00 2.732612527057777287e-21 1.853046244595767477e-21
4.812132384307913568e+00 2.831083224114293380e-21 1.766977267401232394e-21
4.812797384307485160e+00 6.744614706292608485e-21 2.629433389024447605e-21
4.813462384307056752e+00 2.618527770939738024e-22 1.839122985474780928e-21
4.814127384306628343e+00 1.164855304462828126e-21 2.006673709670043440e-21
4.814792384306199935e+00 8.520543997102042506e-21 1.884298374954064066e-21
4.815457384305771527e+00 -4.009072573434550106e-21 1.953436920269731721e-21
4.816122384305343118e+00 1.303061606748349076e-21 2.015716638136610278e-21
4.816787384304914710e+00 4.750399636411846654e-21 2.013369113395048624e-21
4.817452384304486301e+00 4.822279902250098157e-21 2.513592343496280314e-21
4.818117384304057893e+00 9.264562807696003722e-21 1.721339969732614182e-21
4.818782384303629485e+00 4.076339134149051465e-21 1.689615437298866869e-21
4.819447384303201076e+00 4.255232982456580813e-21 2.302836324578692549e-21
4.820112384302772668e+00 2.795271009031947838e-21 1.940828388439479859e-21
4.820777384302344259e+00 7.545295430835983371e-22 2.125414932687451097e-21
4.821442384301915851e+00 2.226249170429055844e-21 2.115069117970918659e-21
4.822107384301487443e+00 2.911451140315254033e-21 1.969158365700018861e-21
4.822772384301059034e+00 1.046019437889367610e-20 2.432069768324471931e-21
4.823437384300630626e+00 7.083833526505421385e-21 2.059832211388410460e-21
4.824102384300202218e+00 5.516597383381583194e-21 2.121534504298446477e-21
4.824767384299773809e+00 3.819007702153115001e-21 2.008385858089806904e-21
4.825432384299345401e+00 1.794088894387500909e-23 2.760638334790932651e-21
4.826097384298916992e+00 8.364555196194160699e-21 2.595949840228083494e-21
4.826762384298488584e+00 1.313822681326840941e-20 2.284814113900811377e-21
4.827427384298060176e+00 1.031083604672497221e-20 1.986293559495944228e-21
4.828092384297631767e+00 1.499329071293912384e-20 2.057573729461814201e-21
4.828757384297203359e+00 8.848040065354677478e-21 1.770833957252170888e-21
4.829422384296774950e+00 3.524618857811479296e-21 1.833987790455344249e-21
4.830087384296346542e+00 4.175061950809184247e-21 1.917023032191638195e-21
4.830752384295918134e+00 6.385821997764516653e-21 2.462727262166998884e-21
4.831417384295489725e+00 3.984038788270670388e-21 2.048313764935982268e-21
4.832082384295061317e+00 2.927289477931892733e-21 1.809862191205602345e-21
4.832747384294632909e+00 -1.858301534019355445e-21 1.802744092932993821e-21
4.833412384294204500e+00 -3.248532906988462094e-22 1.982615790670888553e-21
4.834077384293776092e+00 -2.907338043130928206e-21 1.841860569147805530e-21
4.834742384293347683e+00 8.361644083744968699e-21 1.820544264491877038e-21
4.835407384292919275e+00 9.658960391847099694e-21 1.851072035581974541e-21
4.836072384292490867e+00 1.471421765359162632e-21 1.854758542674391672e-21
4.836737384292062458e+00 -3.130343737687846405e-21 2.169828421204576519e-21
4.837402384291634050e+00 -1.022552921857143791e-22 1.984815142716793735e-21
4.838067384291205641e+00 -1.396773359365799898e-21 1.719765789073266197e-21
4.838732384290777233e+00 8.205056723096848965e-21 2.031690623121853735e-21
4.839397384290348825e+00 4.053978342752851854e-21 2.172459228019275782e-21
4.840062384289920416e+00 9.008822682096179505e-22 1.973381876260383187e-21
4.840727384289492008e+00 2.133258121078825412e-21 1.892215757030767560e-21
4.841392384289063600e+00 2.902537630415812633e-21 1.942540892037106336e-21
4.842057384288635191e+00 5.111556780823866072e-21 2.207471634684863431e-21
4.842722384288206783e+00 4.017955414423702398e-21 1.995385648768186779e-21
4.843387384287778374e+00 5.493585248192761498e-21 2.007885188761981006e-21
4.844052384287349966e+00 2.257713182715933422e-22 1.940402342856521692e-21
4.844717384286921558e+00 8.897686238932584202e-22 2.155865884294823062e-21
4.845382384286493149e+00 -1.225252578094832259e-21 2.232774882675042180e-21
4.846047384286064741e+00 -2.117042794216395516e-22 1.909196013513660419e-21
4.846712384285636332e+00 1.019940283900573003e-21 1.893934311806773146e-21
4.847377384285207924e+00 -7.629403316973463597e-22 2.035210378064948195e-21
4.848042384284779516e+00 1.931519013757673729e-21 2.227637253576594782e-21
4.848707384284351107e+00 -6.898912752585229650e-21 2.120870073278402036e-21
4.849372384283922699e+00 5.894119174641833964e-22 2.426925446772998634e-21
4.850037384283494291e+00 1.375710895713116869e-21 2.229150259816365873e-21
4.850702384283065882e+00 -3.297213348123831387e-21 2.263531598052421488e-21
4.851367384282637474e+00 -8.959580202641831798e-22 2.471773000331159996e-21
4.852032384282209065e+00 4.195895007991211024e-21 2.228069289691214748e-21
4.852697384281780657e+00 4.116648127546330787e-21 2.538747336746079004e-21
4.853362384281352249e+00 6.965572870882096709e-21 1.916237856773908444e-21
4.854027384280923840e+00 1.906189478577177515e-21 2.174582912172090805e-21
4.854692384280495432e+00 -2.008545470235485658e-21 2.299952445034541888e-21
4.855357384280067023e+00 -1.086887302971186146e-20 1.989669105370201097e-21
4.856022384279638615e+00 2.651642789158238038e-21 2.090402021444083994e-21
4.856687384279210207e+00 2.749628937818449349e-21 2.135031782702113240e-21
4.857352384278781798e+00 2.406739441778173285e-21 2.277977562480489100e-21
4.858017384278353390e+00 3.679419464669049691e-21 2.041177285281597270e-21
4.858682384277924982e+00 1.342403194650761869e-21 2.230142144364892820e-21
4.859347384277496573e+00 2.093426884546745504e-21 2.433141502917846395e-21
4.860012384277068165e+00 2.498239037708626521e-21 2.319367701213189522e-21
4.860677384276639756e+00 7.135042892089145008e-21 2.152610577743212359e-21
4.861342384276211348e+00 5.985673152746312819e-21 2.070375106875261242e-21
4.862007384275782940e+00 1.781548953415632394e-21 1.947313390414769522e-21
4.862672384275354531e+00 8.206214119076598504e-21 1.940386854842585194e-21
4.863337384274926123e+00 -5.608651224980351567e-21 2.507244501863155533e-21
4.864002384274497715e+00 1.585955674236009239e-21 2.238189241706204990e-21
4.864667384274069306e+00 9.045519470155426714e-21 2.304965845951731720e-21
4.865332384273640898e+00 -4.998367403824777318e-21 2.220513693181524556e-21
4.865997384273212489e+00 -4.038905119596092514e-21 2.170113149226786518e-21
4.866662384272784081e+00 8.773207503995664923e-21 2.077647939472610306e-21
4.867327384272355673e+00 6.890440378633311869e-21 1.969071369546359974e-21
4.867992384271927264e+00 7.443591044302284077e-21 2.364810769811680795e-21
4.868657384271498856e+00 1.515867684004421975e-20 2.511002623305082575e-21
4.869322384271070447e+00 4.311593433320206950e-21 2.679641733038615524e-21
4.869987384270642039e+00 6.689064886691120883e-21 2.600426985209301195e-21
4.870652384270213631e+00 8.152199502007078336e-21 2.291549460487294322e-21
4.871317384269785222e+00 1.478406785401434347e-20 2.281828567952676198e-21
4.871982384269356814e+00 6.545626933077238207e-21 2.221754486674787599e-21
4.872647384268928406e+00 -9.294094912875232423e-22 2.340190119682903330e-21
4.873312384268499997e+00 1.334693958122150652e-21 2.311693724705555801e-21
4.873977384268071589e+00 -2.872427137894672348e-22 2.107649562600388509e-21
4.874642384267643180e+00 1.336828616233592492e-20 2.256613487113836144e-21
4.875307384267214772e+00 1.509550623065657713e-20 1.950794779803477742e-21
4.875972384266786364e+00 4.122117029005974189e-21 2.472142782250627659e-21
4.876637384266357955e+00 -5.467744528045184251e-21 2.484124534181141154e-21
4.877302384265929547e+00 1.219691070210660526e-20 2.175920347696779875e-21
4.877967384265501138e+00 1.896761987524976412e-20 2.866945738952313657e-21
4.878632384265072730e+00 2.287404912093732405e-20 2.608753254054067423e-21
4.879297384264644322e+00 1.289957162944597738e-20 2.423269452666577220e-21
4.879962384264215913e+00 1.396002518337352551e-20 2.477990881112447248e-21
4.880627384263787505e+00 2.490996829973258311e-21 2.189453720162603498e-21
4.881292384263359097e+00 -2.531868012975002162e-21 2.239345965339916578e-21
4.881957384262930688e+00 3.709851943001512185e-21 2.680396936524046726e-21
4.882622384262502280e+00 1.435227908569282039e-21 2.149219291076704387e-21
4.883287384262073871e+00 5.628591823983242194e-21 1.754941745681060056e-21
4.883952384261645463e+00 5.539876511233576594e-21 2.161995829109969322e-21
4.884617384261217055e+00 2.655204460909242566e-21 2.414980229679706817e-21
4.885282384260788646e+00 1.154894298963638577e-21 2.102960726991290719e-21
4.885947384260360238e+00 4.112253641997659584e-21 2.140488138831422132e-21
4.886612384259931829e+00 2.808101125458594185e-22 2.117344273495110875e-21
4.887277384259503421e+00 3.768775370358919043e-21 2.438021255133632224e-21
4.887942384259075013e+00 -2.514887696154859971e-21 2.059260430092580394e-21
4.888607384258646604e+00 -5.467601801595214340e-21 2.178587158959939644e-21
4.889272384258218196e+00 1.064162608608691037e-21 2.376759893458280597e-21
4.889937384257789788e+00 -6.897616114645629042e-21 2.113422273789028805e-21
4.890602384257361379e+00 8.241595275075565235e-21 2.443374439263265456e-21
4.891267384256932971e+00 -3.604095160017469013e-21 1.865301300305422323e-21
4.891932384256504562e+00 3.166120205141067237e-21 2.717155266274961507e-21
4.892597384256076154e+00 5.132122564148285590e-21 2.142053376044093026e-21
4.893262384255647746e+00 -4.301616462712461875e-21 1.697747391552552746e-21
4.893927384255219337e+00 6.982319753551358505e-21 2.388705727752149441e-21
4.894592384254790929e+00 9.255327588388889197e-21 2.728704533227599528e-21
4.895257384254362520e+00 6.121181183795553996e-21 2.180533242385473040e-21
4.895922384253934112e+00 -3.166412293269289540e-21 2.266185799488508963e-21
4.896587384253505704e+00 4.945645104926005305e-21 2.397904832342001596e-21
4.897252384253077295e+00 4.738520290925768690e-21 2.078613768828467654e-21
4.897917384252648887e+00 9.759078347242777188e-21 1.862491399069896536e-21
4.898582384252220479e+00 5.315438405982395837e-21 2.146055895390491052e-21
4.899247384251792070e+00 9.957793915308095431e-22 2.219279100549181638e-21
4.899912384251363662e+00 1.286929892142648222e-21 2.095457984824365866e-21
4.900577384250935253e+00 -2.782464302695866034e-21 2.055900296774871360e-21
4.901242384250506845e+00 3.357836049102077621e-21 1.901235086217608141e-21
4.901907384250078437e+00 4.062451522846050438e-21 2.113586011768224375e-21
4.902572384249650028e+00 -1.680117446750464278e-21 6.366181450635794900e-21
4.903237384249221620e+00 3.974383987359581547e-21 2.275930387111783719e-21
4.903902384248793211e+00 1.096907465345559976e-21 1.998636854313033566e-21
4.904567384248364803e+00 1.084298585679626450e-21 5.687376392084154829e-21
4.905232384247936395e+00 1.830430943758459735e-21 2.879343369636010176e-21
4.905897384247507986e+00 1.633456732399865595e-21 2.608637746541517752e-21
4.906562384247079578e+00 5.554821568071273868e-21 2.801721761257898137e-21
4.907227384246651170e+00 5.796700723442300500e-21 2.315975279470829413e-21
4.907892384246222761e+00 8.567767927768827167e-21 2.361556389438907285e-21
4.908557384245794353e+00 4.304680222087669893e-21 2.114768751662997392e-21
4.909222384245365944e+00 -1.905603372610891080e-21 2.022807065316368940e-21
4.909887384244937536e+00 3.211839883614466301e-21 2.039909465859119361e-21
4.910552384244509128e+00 1.251558969274836782e-20 2.163408148216673773e-21
4.911217384244080719e+00 1.179278622193052924e-21 2.422715616641392703e-21
4.911882384243652311e+00 -4.480163676562740215e-22 2.172923351119937834e-21
4.912547384243223902e+00 -9.039728921244811191e-22 1.918716683624349049e-21
4.913212384242795494e+00 -1.493645474342576729e-21 2.240186334979537267e-21
4.913877384242367086e+00 3.692924866142894211e-21 2.056177863001207974e-21
4.914542384241938677e+00 1.436791648222977601e-20 1.955177360982213405e-21
4.915207384241510269e+00 2.626881714063022609e-21 2.040643464243128624e-21
4.915872384241081861e+00 1.068792452071132492e-20 2.249612995904983593e-21
4.916537384240653452e+00 -2.979121317281716137e-21 2.275968403010095927e-21
4.917202384240225044e+00 1.339608566501900656e-20 2.226461502983565679e-21
4.917867384239796635e+00 2.917743083878351614e-21 2.488206791113800981e-21
4.918532384239368227e+00 2.386247106474692304e-21 6.372132282866761490e-21
4.919197384238939819e+00 9.133436294327345158e-21 7.413413365030910425e-21
4.919862384238511410e+00 5.135304066271884626e-21 2.166126333699488896e-21
4.920527384238083002e+00 1.744856642302453783e-21 2.156257040978997830e-21
4.921192384237654593e+00 1.510385177233781628e-21 2.130259750599109078e-21
4.921857384237226185e+00 1.102346342486938411e-20 2.211534569730224056e-21
4.922522384236797777e+00 -4.530705807448924589e-21 2.371476858282716331e-21
4.923187384236369368e+00 1.018692873070167917e-20 2.278430411108255589e-21
4.923852384235940960e+00 9.789177720052944736e-21 2.604782100827946513e-21
4.924517384235512552e+00 4.509124363737016172e-21 2.250940761333049089e-21
4.925182384235084143e+00 2.737879030232751223e-21 2.433007644789426197e-21
4.925847384234655735e+00 5.378342375733830523e-23 1.879081837924704436e-21
4.926512384234227326e+00 7.197149335700991798e-21 1.895464206279385921e-21
4.927177384233798918e+00 3.209753370650709272e-21 2.168881275116162191e-21
4.927842384233370510e+00 -2.860810160970442618e-21 2.300805024514032384e-21
4.928507384232942101e+00 8.494781272512313693e-22 1.975540310517629109e-21
4.929172384232513693e+00 1.836455994635870530e-20 2.054725515076714006e-21
4.929837384232085284e+00 3.290879332334016522e-22 2.499833135667588232e-21
4.930502384231656876e+00 2.024201284274211425e-20 2.054740904218666226e-21
4.931167384231228468e+00 1.076417833977558347e-20 2.094646292738253588e-21
4.931832384230800059e+00 7.590026416214256599e-21 2.214548521401363288e-21
4.932497384230371651e+00 -4.234977767908477378e-21 1.995834533277081104e-21
4.933162384229943243e+00 9.972018301289754697e-21 2.231089142961040493e-21
4.933827384229514834e+00 8.271605545516345759e-21 2.047445578888774808e-21
4.934492384229086426e+00 3.499540250048065163e-21 2.741867536191214246e-21
4.935157384228658017e+00 1.706647711583480546e-21 2.139841611399332854e-21
4.935822384228229609e+00 -4.882487221397814662e-22 1.941633295345713590e-21
4.936487384227801201e+00 9.662700143670703597e-21 2.231394106309350148e-21
4.937152384227372792e+00 8.495221242306557050e-21 2.687826376983143071e-21
4.937817384226944384e+00 9.595089766210247280e-21 2.004102332791211464e-21
4.938482384226515975e+00 6.088987774941091160e-21 2.442172494924093172e-21
4.939147384226087567e+00 4.129045814183750622e-21 2.044980647937722098e-21
4.939812384225659159e+00 2.420779100248257681e-21 2.067388889603152426e-21
4.940477384225230750e+00 5.288265124234683880e-21 2.022832585189956517e-21
4.941142384224802342e+00 2.013390086857403016e-21 2.809029152608687293e-21
4.941807384224373934e+00 9.440931553246232200e-21 2.510721117234863190e-21
4.942472384223945525e+00 2.411825812187761015e-21 2.259600283805386502e-21
4.943137384223517117e+00 1.352634341950197216e-20 2.263582619629731446e-21
4.943802384223088708e+00 1.656698544175603686e-20 2.146758337854772465e-21
4.944467384222660300e+00 1.028326734489382782e-20 2.181632792524902993e-21
4.945132384222231892e+00 7.029446084188713006e-21 6.855165404750160910e-21
4.945797384221803483e+00 1.082726184859344338e-20 2.769646307802591196e-21
4.946462384221375075e+00 4.904227529942644616e-21 2.313255423111895563e-21
4.947127384220946666e+00 1.754688678230370106e-20 2.532614857705857977e-21
4.947792384220518258e+00 1.951512200134699915e-20 2.335306381063012033e-21
4.948457384220089850e+00 1.837341948333716475e-20 2.213990151485512828e-21
4.949122384219661441e+00 4.281088247381316913e-21 2.192585716732262450e-21
4.949787384219233033e+00 4.627831714014105933e-21 2.534865004806498017e-21
4.950452384218804625e+00 8.566461296537979215e-21 2.074420200335742370e-21
4.951117384218376216e+00 1.691072414697512197e-21 1.860168443357537217e-21
4.951782384217947808e+00 3.260816849918863314e-21 1.903919618380117905e-21
4.952447384217519399e+00 -3.584126163881520178e-21 2.425312064987911320e-21
4.953112384217090991e+00 2.266745830435404513e-21 2.204664731537998609e-21
4.953777384216662583e+00 2.594005786158191533e-21 2.108116673621081281e-21
4.954442384216234174e+00 2.706763213173099089e-21 2.264306145617021604e-21
4.955107384215805766e+00 -3.645561015533635592e-21 2.147660465498688742e-21
4.955772384215377357e+00 6.634636670616502751e-21 2.264594304636107205e-21
4.956437384214948949e+00 1.742003019494215046e-20 2.479323783089038392e-21
4.957102384214520541e+00 2.611015464742937887e-21 2.164823410547746734e-21
4.957767384214092132e+00 -1.638167850989047256e-21 2.325117157752746651e-21
4.958432384213663724e+00 1.478634472523570219e-21 2.119592298898932204e-21
4.959097384213235316e+00 5.108449124978973375e-21 2.029650872625101320e-21
4.959762384212806907e+00 7.148989163144163941e-21 1.847879606774691775e-21
4.960427384212378499e+00 8.237292167633361219e-21 2.013292509273960373e-21
4.961092384211950090e+00 7.836959675884105913e-21 1.752064045161106557e-21
4.961757384211521682e+00 7.302485243488171810e-21 2.049585949433867781e-21
4.962422384211093274e+00 1.134907907930436545e-20 2.076618722537337549e-21
4.963087384210664865e+00 3.972404571440786273e-21 2.264079670997504028e-21
4.963752384210236457e+00 2.043025951227022571e-21 3.165903518820302213e-21
4.964417384209808048e+00 -2.509278337522296996e-21 2.161956796736262535e-21
4.965082384209379640e+00 -1.865072182382764348e-22 4.121669894546171424e-21
4.965747384208951232e+00 -2.263869432772593650e-21 2.056532468148158452e-21
4.966412384208522823e+00 -6.369557525307021874e-22 2.359025195815414029e-21
4.967077384208094415e+00 4.628709903481919312e-21 1.743728187056931168e-21
4.967742384207666007e+00 9.123498106053178274e-21 2.047479445452019226e-21
4.968407384207237598e+00 5.088823032697991007e-21 1.858399236559582422e-21
4.969072384206809190e+00 4.272894922036869192e-21 1.665773352645485062e-21
4.969737384206380781e+00 3.738821338117090880e-21 1.852795357511540008e-21
4.970402384205952373e+00 -2.870423150398975051e-22 1.686018960634188235e-21
4.971067384205523965e+00 -6.786690090347144113e-21 1.862703236990271306e-21
4.971732384205095556e+00 6.177886405567057666e-21 1.731432566045613263e-21
4.972397384204667148e+00 -5.946320052030225263e-21 2.029960619522471905e-21
4.973062384204238739e+00 -9.249397986413961064e-21 2.172610303285579452e-21
4.973727384203810331e+00 2.531196778745677464e-21 2.190207401798396479e-21
4.974392384203381923e+00 -1.062224792471200614e-22 2.302659772980840502e-21
4.975057384202953514e+00 4.150510382838748081e-21 2.406481107274184201e-21
4.975722384202525106e+00 4.960309331817364011e-21 2.181134351087321575e-21
4.976387384202096698e+00 -1.925106085780696468e-21 2.029722362716734084e-21
4.977052384201668289e+00 2.313881093678160534e-21 2.111814535875896708e-21
4.977717384201239881e+00 6.960340935391382514e-21 2.363515837406287402e-21
4.978382384200811472e+00 7.228599907637724101e-21 2.396576498188135186e-21
4.979047384200383064e+00 2.988947015646347069e-21 2.537123123533842882e-21
4.979712384199954656e+00 -1.342874967685704380e-21 2.031096850536342595e-21
4.980377384199526247e+00 -2.222272464559145152e-21 2.190566146121628563e-21
4.981042384199097839e+00 4.210597907945819233e-21 2.088826566165629751e-21
4.981707384198669430e+00 5.481514588936861950e-21 2.198834719732812072e-21
4.982372384198241022e+00 9.011162863320399173e-21 2.182369832205159641e-21
4.983037384197812614e+00 3.560814583650255660e-21 1.986943839540601717e-21
4.983702384197384205e+00 1.604666358853217581e-21 2.101429756539338030e-21
4.984367384196955797e+00 3.074491157690972036e-21 1.949985084922816988e-21
4.985032384196527389e+00 8.467849890485030156e-21 2.552183890808340862e-21
4.985697384196098980e+00 6.689038188431994130e-21 2.327820716493659969e-21
4.986362384195670572e+00 1.882636874904560548e-20 3.093754463504496093e-21
4.987027384195242163e+00 1.535285153577871728e-20 2.020023742736174316e-21
4.987692384194813755e+00 5.168292683846378842e-21 1.802410142153020310e-21
4.988357384194385347e+00 1.044527481144706556e-20 1.869851989007263945e-21
4.989022384193956938e+00 1.645113454903668303e-20 2.171264781614605784e-21
4.989687384193528530e+00 6.506616978679442464e-21 2.006501091426331977e-21
4.990352384193100121e+00 -3.049633318727759643e-21 2.148482462974256356e-21
4.991017384192671713e+00 1.086005517145955485e-21 2.047887556742981892e-21
4.991682384192243305e+00 6.105716308469993783e-21 2.167982963012557345e-21
4.992347384191814896e+00 4.652016787450879097e-21 2.010007500753221202e-21
4.993012384191386488e+00 1.195037057943729995e-20 2.264175787702137198e-21
4.993677384190958080e+00 8.953260398878831768e-21 2.217998988565855392e-21
4.994342384190529671e+00 8.517415981713797338e-22 2.281832699155726701e-21
4.995007384190101263e+00 -8.424198739610500289e-23 2.132870959407490307e-21
4.995672384189672854e+00 -2.304814824908186093e-21 2.465525500074608645e-21
4.996337384189244446e+00 2.792570057177725696e-22 1.908101959662709695e-21
4.997002384188816038e+00 8.665952282877253499e-21 1.828815760788096763e-21
4.997667384188387629e+00 -2.365523996042738124e-23 2.093312346756230418e-21
4.998332384187959221e+00 3.516953064971077227e-21 2.309221916186223992e-21
4.998997384187530812e+00 -6.913706131148590929e-22 2.334090894000499898e-21
4.999662384187102404e+00 1.099093226844393825e-21 1.978986668037120639e-21
5.000327384186673996e+00 5.367758336925401785e-21 2.282290614288583630e-21
5.000992384186245587e+00 -1.862582365988710264e-21 2.366193513834403670e-21
5.001657384185817179e+00 5.774720804002445780e-21 2.569971936191850770e-21
5.002322384185388771e+00 -2.262145535264891906e-21 2.095376015304911710e-21
5.002987384184960362e+00 -1.344027075819485215e-21 2.046561824877022424e-21
5.003652384184531954e+00 6.780212100529675658e-23 1.946652888085871791e-21
5.004317384184103545e+00 5.307486969232257430e-21 2.040171578197525809e-21
5.004982384183675137e+00 7.575923328151829798e-22 2.150162554307450304e-21
5.005647384183246729e+00 -3.023853523905892737e-21 2.106315936549216441e-21
5.006312384182818320e+00 -8.156220690767445744e-21 2.130488332870692654e-21
5.006977384182389912e+00 1.129556124534276167e-21 1.928245421259142275e-21
5.007642384181961503e+00 -4.939692096228475286e-21 2.050080694636910745e-21
5.008307384181533095e+00 7.746286343418803892e-22 2.082675967321582085e-21
5.008972384181104687e+00 -4.109798249741077052e-21 2.131758982298420549e-21
5.009637384180676278e+00 -6.170578277492418571e-21 2.131003992021415891e-21
5.010302384180247870e+00 -9.301005608654084256e-22 2.127360107692320146e-21
5.010967384179819462e+00 3.315667808862928897e-21 2.462602891218769736e-21
5.011632384179391053e+00 8.436802758650252170e-21 2.658967864214231674e-21
5.012297384178962645e+00 5.833397038719851120e-21 2.010832893288891229e-21
5.012962384178534236e+00 1.133403879780755411e-22 1.966722964529386042e-21
5.013627384178105828e+00 -5.539853197788114064e-21 2.114010192145409445e-21
5.014292384177677420e+00 -1.821913308001641077e-21 1.946993004474342858e-21
5.014957384177249011e+00 3.117112360481193846e-21 2.153800829192153406e-21
5.015622384176820603e+00 7.729459603968308287e-21 2.227449568787957236e-21
5.016287384176392194e+00 1.707376129983596888e-21 2.003098429260598930e-21
5.016952384175963786e+00 4.729522735945181122e-21 2.133831706191316805e-21
5.017617384175535378e+00 9.309136204555634739e-22 1.909473734745839638e-21
5.018282384175106969e+00 -8.815641410659364819e-21 2.100939764069766324e-21
5.018947384174678561e+00 -5.253259386765281243e-21 1.904437852813535951e-21
5.019612384174250153e+00 -3.082959534217070207e-21 2.582589466006387817e-21
5.020277384173821744e+00 -8.612546132127882873e-22 2.029636511803997993e-21
5.020942384173393336e+00 5.932496749013917575e-22 2.145669007539043622e-21
5.021607384172964927e+00 -2.357320931496314057e-21 2.093124855562530548e-21
5.022272384172536519e+00 1.101954356619195930e-21 2.198910768035075529e-21
5.022937384172108111e+00 -1.036884835651214135e-21 1.899651848765317805e-21
5.023602384171679702e+00 1.258713595201169021e-20 2.147065503464681547e-21
5.024267384171251294e+00 7.219584030267137053e-21 2.205585941441338726e-21
5.024932384170822885e+00 9.629584960199728501e-21 2.181873536590349444e-21
5.025597384170394477e+00 6.795203246787291079e-21 2.278156653519127230e-21
5.026262384169966069e+00 4.393118216462461566e-21 2.397338145562804097e-21
5.026927384169537660e+00 3.645664450418261846e-21 2.236715631854877084e-21
5.027592384169109252e+00 8.345707771713838678e-21 2.493564892775174236e-21
5.028257384168680844e+00 1.470670328226000924e-20 2.251633035302651740e-21
5.028922384168252435e+00 1.181188861059671042e-20 1.854961557374774318e-21
5.029587384167824027e+00 -1.976427825372244307e-21 2.278756058944157807e-21
5.030252384167395618e+00 1.222707035537578969e-20 2.062200351438376613e-21
5.030917384166967210e+00 6.785887552681644232e-23 2.716761970684951536e-21
5.031582384166538802e+00 -5.625684877969181384e-21 1.902709957990532130e-21
5.032247384166110393e+00 -7.687380172875988277e-21 2.143471090013042885e-21
5.032912384165681985e+00 -7.450793297061365364e-21 2.008610277598560442e-21
5.033577384165253576e+00 5.116136190281308735e-21 2.203298639691841899e-21
5.034242384164825168e+00 6.407387686809048662e-21 1.970199194263423469e-21
5.034907384164396760e+00 7.290701947915969312e-21 2.085439827619463941e-21
5.035572384163968351e+00 1.028314271526894869e-21 2.350044678130226734e-21
5.036237384163539943e+00 -4.966348108257356963e-21 1.919653928914872246e-21
5.036902384163111535e+00 -5.746533714679917250e-21 1.820980297468563443e-21
5.037567384162683126e+00 -4.166266427545294327e-21 2.266424542059621158e-21
5.038232384162254718e+00 -2.279199202603390751e-21 2.190652814636080046e-21
5.038897384161826309e+00 2.342978378167847030e-21 1.764332007395804812e-21
5.039562384161397901e+00 6.572099119756121359e-21 2.190795080857692639e-21
5.040227384160969493e+00 6.896870571047567212e-21 2.162257175164122256e-21
5.040892384160541084e+00 5.542793479850525129e-21 2.193964157924334273e-21
5.041557384160112676e+00 -8.571507298228352365e-21 1.881078713338777491e-21
5.042222384159684268e+00 -1.082635107402931622e-22 2.311987148734832800e-21
5.042887384159255859e+00 8.235400061654509294e-21 2.097520538972800400e-21
5.043552384158827451e+00 3.908535253558485006e-21 1.916558322738591923e-21
5.044217384158399042e+00 1.524274765479237248e-20 2.174795786557244656e-21
5.044882384157970634e+00 1.282524425865015295e-20 2.482462688102821768e-21
5.045547384157542226e+00 3.601550539944793906e-21 2.187388033994388158e-21
5.046212384157113817e+00 -2.583769681152497593e-21 2.253636801735889337e-21
5.046877384156685409e+00 -1.036844590650536986e-20 1.849518093388849286e-21
5.047542384156257000e+00 2.529818442606493064e-21 2.171193292155027115e-21
5.048207384155828592e+00 1.086671427420599389e-20 2.969922778593295404e-21
5.048872384155400184e+00 3.011979575298136436e-21 1.956976364150059666e-21
5.049537384154971775e+00 2.866534213768199560e-21 2.014357651318212498e-21
5.050202384154543367e+00 9.767586285141082200e-22 2.219970226235295046e-21
5.050867384154114959e+00 -1.899330576828881250e-21 2.165686699336473224e-21
5.051532384153686550e+00 8.654399887621619162e-21 2.122341487940736215e-21
5.052197384153258142e+00 1.809074440103983257e-21 2.215221718102426673e-21
5.052862384152829733e+00 -8.131711011238919139e-21 1.845752124382231628e-21
5.053527384152401325e+00 6.658379974150389355e-21 1.791131998593894393e-21
5.054192384151972917e+00 -3.614952875595813876e-21 2.144497407248426893e-21
5.054857384151544508e+00 -1.060819311117704141e-20 1.880891672805207711e-21
5.055522384151116100e+00 5.992049324173999491e-21 3.235788395300970792e-21
5.056187384150687691e+00 7.605252678773737725e-21 2.099258033066149460e-21
5.056852384150259283e+00 1.052248313596097859e-20 2.242460088985166899e-21
5.057517384149830875e+00 1.724366902290725187e-21 2.378202265585159672e-21
5.058182384149402466e+00 4.396524707910153496e-21 2.482705673552342621e-21
5.058847384148974058e+00 1.216982687668223706e-21 2.787585745332917248e-21
5.059512384148545650e+00 8.429390430581490764e-21 2.152530195006604103e-21
5.060177384148117241e+00 2.119066753927905625e-22 2.219396362702744285e-21
5.060842384147688833e+00 2.311515300055478406e-21 1.952555522938466006e-21
5.061507384147260424e+00 1.386280808412401658e-20 1.868067516885815104e-21
5.062172384146832016e+00 8.467127857620262464e-21 1.902976907773774897e-21
5.062837384146403608e+00 6.161242885982993205e-21 2.257926616450844882e-21
5.063502384145975199e+00 2.093728786379598514e-21 2.564171249188402615e-21
5.064167384145546791e+00 1.463406190633679554e-20 2.324370780139952575e-21
5.064832384145118382e+00 5.168034555111377748e-21 2.091332716024749581e-21
5.065497384144689974e+00 8.350642988507279949e-21 2.354230672571345051e-21
5.066162384144261566e+00 -9.019606323200742796e-22 2.340555623198215322e-21
5.066827384143833157e+00 6.807234440762188158e-21 2.083150929121680341e-21
5.067492384143404749e+00 1.886878644533462600e-20 2.057628719559920236e-21
5.068157384142976341e+00 5.032499238157207536e-21 2.420003441671947623e-21
5.068822384142547932e+00 9.379821393581813106e-21 2.341743791133495972e-21
5.069487384142119524e+00 1.365894737516400819e-20 2.087220687503241949e-21
5.070152384141691115e+00 1.268567669667574599e-20 2.521718435641681751e-21
5.070817384141262707e+00 4.068591992979918817e-21 2.543481383553046962e-21
5.071482384140834299e+00 1.280835023115804945e-20 2.227151978938756146e-21
5.072147384140405890e+00 -8.621405572797685787e-22 2.046103929259065935e-21
5.072812384139977482e+00 4.651334187827383944e-21 2.277371213001127159e-21
5.073477384139549073e+00 6.594901925726447552e-21 2.094492916664825634e-21
5.074142384139120665e+00 -3.390853958915083567e-21 2.194816740286003758e-21
5.074807384138692257e+00 -2.315398537917505217e-21 2.208071596308077348e-21
5.075472384138263848e+00 1.274003427340844478e-20 2.183272249857667914e-21
5.076137384137835440e+00 7.250785083200563871e-21 2.173222342817427486e-21
5.076802384137407032e+00 1.654069242438906048e-20 2.799344720108980548e-21
5.077467384136978623e+00 1.131630896166019395e-20 3.343326428730518889e-21
5.078132384136550215e+00 8.192940151945929508e-21 2.359766014348440802e-21
5.078797384136121806e+00 3.879463329037428718e-21 2.431821534259191688e-21
5.079462384135693398e+00 4.126845477996795034e-21 1.968552875926080387e-21
5.080127384135264990e+00 1.612976910176277487e-20 2.352872870076990620e-21
5.080792384134836581e+00 6.407120113159127922e-21 2.633370235254086266e-21
5.081457384134408173e+00 -3.208794789980502958e-21 2.435675733621543951e-21
5.082122384133979764e+00 -5.511226160169371363e-22 2.290766173584747791e-21
5.082787384133551356e+00 9.023972073464248760e-22 2.204729508191385793e-21
5.083452384133122948e+00 7.135156784384254700e-21 2.453705883723313625e-21
5.084117384132694539e+00 8.348010124456465684e-21 2.273251644803283880e-21
5.084782384132266131e+00 -1.862577823266062166e-22 2.298130637191628502e-21
5.085447384131837723e+00 8.188932970880879265e-21 2.207031065831887843e-21
5.086112384131409314e+00 1.662183262379036768e-20 3.203558790137807665e-21
5.086777384130980906e+00 1.206170627246214092e-20 2.384722331462946347e-21
5.087442384130552497e+00 1.009450163639402090e-20 3.881002596379297187e-21
5.088107384130124089e+00 8.503484085225709053e-21 2.674279478140367928e-21
5.088772384129695681e+00 1.590806419742537239e-20 2.297737527397818493e-21
5.089437384129267272e+00 9.112320719314945536e-21 2.233664419354904455e-21
5.090102384128838864e+00 6.443051000210040716e-21 1.987761635587974387e-21
5.090767384128410455e+00 4.975212594819961389e-21 2.493416281803057031e-21
5.091432384127982047e+00 4.880431841021176981e-22 2.247245313703863108e-21
5.092097384127553639e+00 5.661227207919711249e-21 2.027689578558706751e-21
5.092762384127125230e+00 3.842463147672240144e-21 1.956721915731798825e-21
5.093427384126696822e+00 1.424792711843824193e-20 2.246012732353738875e-21
5.094092384126268414e+00 1.669801106199383204e-20 1.964888328591031114e-21
5.094757384125840005e+00 1.150669560524403338e-20 2.130854390172260904e-21
5.095422384125411597e+00 1.351520118700571459e-20 2.771684256608108854e-21
5.096087384124983188e+00 1.063168768592359325e-20 2.176616504420658216e-21
5.096752384124554780e+00 6.157198356867527664e-21 2.125854798929886610e-21
5.097417384124126372e+00 1.563282360405519492e-20 1.873407130409293333e-21
5.098082384123697963e+00 1.210672573838218236e-20 2.354771702007004685e-21
5.098747384123269555e+00 1.253235538793301847e-20 1.977454318267111292e-21
5.099412384122841146e+00 9.062892638692080596e-21 1.901326402829811922e-21
5.100077384122412738e+00 7.451987188846838101e-21 1.997445068951336795e-21
5.100742384121984330e+00 2.799810960215146489e-21 1.947740612502739966e-21
5.101407384121555921e+00 6.421450007284620094e-21 1.888206517690972746e-21
5.102072384121127513e+00 5.605174736056768334e-21 2.438497334723692557e-21
5.102737384120699105e+00 2.124618403973262910e-21 2.473861588072001728e-21
5.103402384120270696e+00 9.108463563281643321e-21 2.134923025018975041e-21
5.104067384119842288e+00 7.924207444720111990e-21 2.155026926783084461e-21
5.104732384119413879e+00 7.462465077099150857e-21 2.307861076079823092e-21
5.105397384118985471e+00 9.973250491864114993e-21 1.917555611953899348e-21
5.106062384118557063e+00 8.962747198159999225e-21 1.965577059464790588e-21
5.106727384118128654e+00 1.227680252228703236e-20 1.655429692873740188e-21
5.107392384117700246e+00 2.855562961687441969e-21 1.873730498593593186e-21
5.108057384117271837e+00 7.488071994311485619e-21 1.873457698448072345e-21
5.108722384116843429e+00 1.610674529617153298e-20 2.310595354700661439e-21
5.109387384116415021e+00 1.484878884069432343e-20 2.115344412182819016e-21
5.110052384115986612e+00 1.143234538556977251e-20 2.203716806171761526e-21
5.110717384115558204e+00 1.379128688919552587e-20 2.085968380230189786e-21
5.111382384115129796e+00 1.150213148484120245e-20 1.950994407148892483e-21
5.112047384114701387e+00 1.111301649491367277e-20 2.058792800744161540e-21
5.112712384114272979e+00 1.338411733367980251e-20 2.370067171252859941e-21
5.113377384113844570e+00 8.872641615952072060e-21 7.868813526723342418e-21
5.114042384113416162e+00 1.050015109348826101e-20 8.441046150156984087e-21
5.114707384112987754e+00 5.573447216427074133e-21 2.607718019483588393e-20
5.115372384112559345e+00 5.712934842568916675e-21 3.499843925544498745e-20
5.116037384112130937e+00 1.272069222446227726e-20 2.174117647341669214e-21
5.116702384111702528e+00 1.272395104626533303e-20 2.564972573747561503e-21
5.117367384111274120e+00 9.914715524506958951e-21 2.099601859656273395e-21
5.118032384110845712e+00 1.847637820262008962e-20 1.769657955963790381e-21
5.118697384110417303e+00 1.626834186967591834e-20 2.152365434137087375e-21
5.119362384109988895e+00 1.202756640101797602e-20 2.170466439673094186e-21
5.120027384109560487e+00 1.091543103374080451e-20 1.992353117994188735e-21
5.120692384109132078e+00 1.024415195582900473e-20 2.034222030885479010e-21
5.121357384108703670e+00 6.153466779871685031e-21 2.085674763642108119e-21
5.122022384108275261e+00 1.338003801933994159e-20 2.468759405980241227e-21
5.122687384107846853e+00 2.193220942524331704e-20 1.968158794923195190e-21
5.123352384107418445e+00 2.676778068752897132e-20 2.071820484095938873e-21
5.124017384106990036e+00 9.860187838521893346e-21 2.080300706233778920e-21
5.124682384106561628e+00 1.363040049609299291e-20 2.224141715611044111e-21
5.125347384106133219e+00 1.718840839921343773e-20 1.945556888595320712e-21
5.126012384105704811e+00 1.386183528610513914e-20 2.179423127496523419e-21
5.126677384105276403e+00 1.076805635171522223e-20 1.926224938590832546e-21
5.127342384104847994e+00 5.673831772332368295e-21 2.048744646900647625e-21
5.128007384104419586e+00 1.494683277765055325e-20 2.193422388658575048e-21
5.128672384103991178e+00 2.234179630589812958e-20 3.606349039227315850e-21
5.129337384103562769e+00 1.691545065197140863e-20 2.287509351512986003e-21
5.130002384103134361e+00 2.442782760412807163e-20 2.096269423248619855e-21
5.130667384102705952e+00 2.259787998296509645e-20 2.093702364645378824e-21
5.131332384102277544e+00 2.387664964671245786e-20 2.031583593042662550e-21
5.131997384101849136e+00 2.325186771679791167e-20 2.277039645911242968e-21
5.132662384101420727e+00 1.505853453196752542e-20 2.141439090774762434e-21
5.133327384100992319e+00 2.248741312612772386e-20 2.984598412170743765e-21
5.133992384100563910e+00 1.716278421702267431e-20 2.509627985706149049e-21
5.134657384100135502e+00 1.616453702230441085e-20 2.571926946434331768e-21
5.135322384099707094e+00 1.756449605225515902e-20 2.218777336635627321e-21
5.135987384099278685e+00 2.032475103893054276e-20 2.160785039514859168e-21
5.136652384098850277e+00 1.709431145008685407e-20 2.243949231448697505e-21
5.137317384098421869e+00 2.050040584348139166e-20 2.261525160478617142e-21
5.137982384097993460e+00 3.217940523028135144e-20 2.386006016597073706e-21
5.138647384097565052e+00 1.702719619735840685e-20 2.183400480608531952e-21
5.139312384097136643e+00 1.917782924687449531e-20 2.501380266902133990e-21
5.139977384096708235e+00 2.330420597863620140e-20 2.358302593857178626e-21
5.140642384096279827e+00 1.601510522330361971e-20 2.308318928338317411e-21
5.141307384095851418e+00 1.811519623364688985e-20 2.786796028348965493e-21
5.141972384095423010e+00 2.626263242425687773e-20 2.406525350027382664e-21
5.142637384094994601e+00 2.344703615848974739e-20 2.426074072299920189e-21
5.143302384094566193e+00 3.493565880752805456e-20 3.708714536296841305e-21
5.143967384094137785e+00 2.609400222313946335e-20 2.987279886016511487e-21
5.144632384093709376e+00 2.399088711694303722e-20 2.090819499279674807e-21
5.145297384093280968e+00 2.744825693559382147e-20 2.092989314251655876e-21
5.145962384092852560e+00 1.913869020919620510e-20 2.282771784441650051e-21
5.146627384092424151e+00 1.473361238572353554e-20 2.339997192916763735e-21
5.147292384091995743e+00 2.744674309519150903e-20 3.068980448249273468e-21
5.147957384091567334e+00 4.509881494092991948e-20 2.395448478329939151e-21
5.148622384091138926e+00 3.128457607063576754e-20 2.218263571019814936e-21
5.149287384090710518e+00 2.658483127090584934e-20 2.057499832217595013e-21
5.149952384090282109e+00 2.529371516711513248e-20 2.448822054989602968e-21
5.150617384089853701e+00 2.924787024336237998e-20 1.989581114281433866e-21
5.151282384089425292e+00 3.497965084109010872e-20 2.695282644291735573e-21
5.151947384088996884e+00 2.707831881623656425e-20 2.466976462302047375e-21
5.152612384088568476e+00 3.125921009806725130e-20 2.473620379546836584e-21
5.153277384088140067e+00 4.423239650081211078e-20 2.526802733134812532e-21
5.153942384087711659e+00 3.387972127221028399e-20 2.397489703855084151e-21
5.154607384087283251e+00 4.063443408694357186e-20 2.383814159648825654e-21
5.155272384086854842e+00 4.617476883592738582e-20 2.334201785007867268e-21
5.155937384086426434e+00 3.826538332434453823e-20 2.576371724449679860e-21
5.156602384085998025e+00 2.953306969842736785e-20 2.336138307291789293e-21
5.157267384085569617e+00 3.202688857862198335e-20 2.079565068583704761e-21
5.157932384085141209e+00 2.889105954574091917e-20 1.983561603519830330e-21
5.158597384084712800e+00 3.119314191509484104e-20 2.617591027938892269e-21
5.159262384084284392e+00 3.693743229053963996e-20 2.160284111603853717e-21
5.159927384083855983e+00 2.342866567427780095e-20 1.828058888265853189e-21
5.160592384083427575e+00 2.719125374763343389e-20 1.846278739501953923e-21
5.161257384082999167e+00 2.074978179154701516e-20 2.071695305972226736e-21
5.161922384082570758e+00 1.797142522104373154e-20 2.089391290693115902e-21
5.162587384082142350e+00 1.888195268677543887e-20 2.079965556972421439e-21
5.163252384081713942e+00 1.675674393957196914e-20 2.236338804298980835e-21
5.163917384081285533e+00 1.564140949153785872e-20 2.242100367924227952e-21
5.164582384080857125e+00 2.566489358145616972e-20 2.547784951379807232e-21
5.165247384080428716e+00 1.642404214665887218e-20 2.179490769444702826e-21
5.165912384080000308e+00 3.926212445432258994e-21 2.301653289505980725e-21
5.166577384079571900e+00 2.417967669815186819e-20 2.180789257066821630e-21
5.167242384079143491e+00 2.505453767325308529e-20 2.065039829577761383e-21
5.167907384078715083e+00 2.594994914474293254e-20 7.102933314726785375e-21
5.168572384078286674e+00 2.321936590929130344e-20 1.396389816536437504e-20
5.169237384077858266e+00 2.783879226958633087e-20 2.447436162448749816e-21
5.169902384077429858e+00 2.185954675668623333e-20 2.326500183174445613e-21
5.170567384077001449e+00 1.731453402765505207e-20 2.034034564585270779e-21
5.171232384076573041e+00 2.999230276764109042e-20 2.360958165981733224e-21
5.171897384076144633e+00 3.058679637146315898e-20 2.272907148970509082e-21
5.172562384075716224e+00 1.445557428639183475e-20 2.286085511968825705e-21
5.173227384075287816e+00 1.566357572965825685e-20 2.388582591781137298e-21
5.173892384074859407e+00 6.198903272485621571e-21 1.992985120227035126e-21
5.174557384074430999e+00 2.675558052810348397e-21 2.176346188875075439e-21
5.175222384074002591e+00 8.034764055108512937e-21 2.127309017676978648e-21
5.175887384073574182e+00 1.037554799883739673e-21 2.155132357051083178e-21
5.176552384073145774e+00 9.923787130447903305e-21 2.363360574376320423e-21
5.177217384072717365e+00 2.005391458572960926e-20 2.458114849271735461e-21
5.177882384072288957e+00 4.382225708116108767e-21 2.182272458701458291e-21
5.178547384071860549e+00 9.841888669893905871e-21 2.310715362276467352e-21
5.179212384071432140e+00 9.145352760745049953e-21 2.238032724061009632e-21
5.179877384071003732e+00 7.848281631185346177e-21 2.187195925131430294e-21
5.180542384070575324e+00 9.558456012518832148e-21 2.182140169609619186e-21
5.181207384070146915e+00 1.049991160707856609e-21 2.536548390647328268e-21
5.181872384069718507e+00 1.078212651111744284e-20 2.313479557109196812e-21
5.182537384069290098e+00 7.434939576408853706e-21 2.411398833591995465e-21
5.183202384068861690e+00 2.913348567820089033e-21 2.602752361559610666e-21
5.183867384068433282e+00 -6.204464231071221564e-21 2.933305318866793499e-21
5.184532384068004873e+00 7.025029748138005958e-21 2.506378788417560755e-21
5.185197384067576465e+00 7.052464656558847565e-21 2.183552516686800574e-21
5.185862384067148056e+00 -3.493158890499204495e-21 2.498641362160660583e-21
5.186527384066719648e+00 2.289668761470121719e-21 2.433239393792081002e-21
5.187192384066291240e+00 1.121415278698134738e-21 2.036246824205554027e-21
5.187857384065862831e+00 1.382876096857163771e-21 2.603099450295431013e-21
5.188522384065434423e+00 2.587505689911596176e-21 2.573283717368576235e-21
5.189187384065006015e+00 1.082035196434392882e-20 2.543743677469317603e-21
5.189852384064577606e+00 1.500014076725167334e-20 1.834896849967223898e-21
5.190517384064149198e+00 8.083962448185972835e-23 2.176740806526702057e-21
5.191182384063720789e+00 2.322628699276069541e-21 2.027995856586955846e-21
5.191847384063292381e+00 4.378183958036500666e-21 2.106986852861049300e-21
5.192512384062863973e+00 -3.853977028874166359e-21 2.261975488000404728e-21
5.193177384062435564e+00 7.107937682941201437e-21 2.150192608562497731e-21
5.193842384062007156e+00 1.557900684069425595e-20 2.654782453949132416e-21
5.194507384061578747e+00 5.667407395239315568e-21 2.239706299839674588e-21
5.195172384061150339e+00 3.763639482874133741e-21 2.313690557029438021e-21
5.195837384060721931e+00 5.810539531535943382e-21 2.081684334113124005e-21
5.196502384060293522e+00 1.003614819819204453e-20 1.846065321671155840e-21
5.197167384059865114e+00 1.313406731141921074e-20 2.043511838929870057e-21
5.197832384059436706e+00 4.668082842449515729e-21 2.084544727667389563e-21
5.198497384059008297e+00 3.009816412587132069e-21 2.135540811957573252e-21
5.199162384058579889e+00 -1.795837273448275380e-21 1.885143501040940643e-21
5.199827384058151480e+00 2.761633563711188975e-21 2.261924962815670455e-21
5.200492384057723072e+00 6.865128511567728200e-21 2.283988160126966360e-21
5.201157384057294664e+00 -2.386552634280770588e-21 2.161914636730149432e-21
5.201822384056866255e+00 1.115639552112460893e-20 1.998910491293262994e-21
5.202487384056437847e+00 9.723370420520300747e-21 2.431697587748599491e-21
5.203152384056009438e+00 -5.401580428126996214e-22 2.075278403992122540e-21
5.203817384055581030e+00 -1.027950486705158618e-20 2.275464291871973370e-21
5.204482384055152622e+00 6.634821675090416038e-21 1.951383730063616314e-21
5.205147384054724213e+00 1.336473020338194963e-20 2.299704598703707604e-21
5.205812384054295805e+00 8.518737163676493274e-21 2.476570370840737601e-21
5.206477384053867397e+00 9.429241160700363103e-22 2.254454050028357048e-21
5.207142384053438988e+00 4.746403269267513234e-21 2.202695469225164313e-21
5.207807384053010580e+00 3.637523504141588734e-22 1.915680671024688909e-21
5.208472384052582171e+00 7.646144875825895858e-21 2.153592322840198458e-21
5.209137384052153763e+00 4.943391633874290460e-22 2.469659688567317535e-21
5.209802384051725355e+00 1.162681040718290917e-20 2.035167756644569485e-21
5.210467384051296946e+00 6.035315530615598449e-21 2.559463026206221187e-21
5.211132384050868538e+00 6.310860576169293186e-21 2.560907703922972142e-21
5.211797384050440129e+00 7.243673760063900465e-21 2.389363503553739974e-21
5.212462384050011721e+00 1.149642586581662453e-20 2.060788214669036985e-21
5.213127384049583313e+00 6.453027454491898753e-21 2.388423471929358519e-21
5.213792384049154904e+00 1.640517800712076703e-21 3.178430359909181013e-21
5.214457384048726496e+00 -5.861596994982961879e-21 2.200319733335837255e-21
5.215122384048298088e+00 1.204533656344726334e-20 2.221494265482778889e-21
5.215787384047869679e+00 1.008776037260643970e-20 2.441184982654670660e-21
5.216452384047441271e+00 2.280198174592067826e-20 2.191831916462142627e-21
5.217117384047012862e+00 1.156794309044907067e-20 2.037552023009193073e-21
5.217782384046584454e+00 5.706648327272673900e-21 2.405099347143602965e-21
5.218447384046156046e+00 3.370451717025061565e-21 2.188475370817643247e-21
5.219112384045727637e+00 5.819082605243152961e-21 2.182225177955000729e-21
5.219777384045299229e+00 7.819658076257307728e-21 2.071188836190314369e-21
5.220442384044870821e+00 5.538545767090338415e-21 2.124806015013605722e-21
5.221107384044442412e+00 8.523939493005901213e-21 2.698784175203054208e-21
5.221772384044014004e+00 3.501195375921267875e-21 2.356891475490118210e-21
5.222437384043585595e+00 -4.113866377441677890e-22 2.100752462185637346e-21
5.223102384043157187e+00 2.368268359973781302e-21 2.086445338396545309e-21
5.223767384042728779e+00 -1.083615662137419372e-21 2.320129639627567744e-21
5.224432384042300370e+00 -1.443805042310881554e-21 2.452758714017695101e-21
5.225097384041871962e+00 1.285954843895529323e-20 2.136829957808215398e-21
5.225762384041443553e+00 -7.000051624673655680e-22 2.838685718821818089e-21
5.226427384041015145e+00 1.115129969402031580e-21 2.181734878857035104e-21
5.227092384040586737e+00 1.015337248795778242e-20 2.715629057516174754e-21
5.227757384040158328e+00 1.377328579760231228e-20 2.444697797953891194e-21
5.228422384039729920e+00 3.380057603324927065e-21 2.657891377658629864e-21
5.229087384039301512e+00 1.043753795592576937e-20 2.237145452827449684e-21
5.229752384038873103e+00 2.081618186034389341e-21 2.077952764684041199e-21
5.230417384038444695e+00 1.325697551625923850e-20 2.224840030798874534e-21
5.231082384038016286e+00 7.939490649099532219e-21 2.412489392430396625e-21
5.231747384037587878e+00 4.012042204708155722e-21 2.631619134600009210e-21
5.232412384037159470e+00 9.785249654503108946e-21 2.137012817074139504e-21
5.233077384036731061e+00 8.726782350733454131e-21 2.522414229447680293e-21
5.233742384036302653e+00 -2.638211652893811342e-21 2.500974678147065942e-21
5.234407384035874244e+00 2.162818506630168757e-21 2.450463068531464492e-21
5.235072384035445836e+00 -9.210543658145650944e-23 2.428261980450136869e-21
5.235737384035017428e+00 7.442622737608553962e-21 2.503803213731515725e-21
5.236402384034589019e+00 1.608075856779979220e-20 2.914172509162278245e-21
5.237067384034160611e+00 1.771900518124565950e-20 2.008296865149538859e-21
5.237732384033732203e+00 1.767331638491187017e-20 2.671428472749282104e-21
5.238397384033303794e+00 1.546451063690215773e-20 2.994155318547110847e-21
5.239062384032875386e+00 -7.651775514970972262e-21 2.440307599859140666e-21
5.239727384032446977e+00 -4.774943803434604021e-21 2.294370139609566724e-21
5.240392384032018569e+00 5.167024394920584363e-21 3.923248117140049612e-21
5.241057384031590161e+00 6.269447724615250799e-21 2.617402383403204522e-21
5.241722384031161752e+00 -5.123431283432705209e-21 2.284239620596579118e-21
5.242387384030733344e+00 -1.458752413038759635e-21 2.534943960058631438e-21
5.243052384030304935e+00 6.957760147187807025e-21 2.173756909679066907e-21
5.243717384029876527e+00 9.199390156159690757e-21 2.273048247932895703e-21
5.244382384029448119e+00 5.737490938557678581e-21 2.430924396993207591e-21
5.245047384029019710e+00 6.391577982343716729e-21 2.566550874878026459e-21
5.245712384028591302e+00 9.450792985580474909e-21 2.313761986515726364e-21
5.246377384028162894e+00 2.816237775917830611e-21 2.031100322653048409e-21
5.247042384027734485e+00 1.266001247550705043e-20 2.384864172648097331e-21
5.247707384027306077e+00 1.197573507652697869e-20 2.200517029733236814e-21
5.248372384026877668e+00 1.230672817295316573e-20 2.722582619360064100e-21
5.249037384026449260e+00 7.501264428229125947e-21 2.699324518670757712e-21
5.249702384026020852e+00 2.264813298292347953e-23 2.540771719519396631e-21
5.250367384025592443e+00 1.011966048229764214e-20 4.350337492139934240e-21
5.251032384025164035e+00 1.748298315160215462e-20 5.303528488613660523e-21
5.251697384024735626e+00 8.511573081382354714e-21 5.911372252410622068e-21
5.252362384024307218e+00 -9.552952533628924903e-21 5.672412270430716118e-21
5.253027384023878810e+00 9.817255839317838068e-21 2.143617338358958296e-21
5.253692384023450401e+00 1.188559992317219174e-21 2.248894776934599390e-21
5.254357384023021993e+00 -7.409441623460041300e-21 2.187812256838759578e-21
5.255022384022593585e+00 6.311614195344270367e-21 2.345744512512590361e-21
5.255687384022165176e+00 -5.375653631616505442e-21 2.288654237314189626e-21
5.256352384021736768e+00 1.241691237645544351e-20 2.732130133255278521e-21
5.257017384021308359e+00 5.081429791701819446e-21 2.451575409038917396e-21
5.257682384020879951e+00 5.218300298890856956e-22 2.054054180376028170e-21
5.258347384020451543e+00 1.508550507715923303e-20 2.248059109465849176e-21
5.259012384020023134e+00 1.026435155802704828e-20 2.509096244165394313e-21
5.259677384019594726e+00 1.446716135540466962e-20 2.845038440046037151e-21
5.260342384019166317e+00 1.506292494486108617e-20 2.861219109017373055e-21
5.261007384018737909e+00 7.568178693808544421e-21 2.328243573004134000e-21
5.261672384018309501e+00 8.158445113768523158e-21 2.983438908302428166e-21
5.262337384017881092e+00 8.868975951592819108e-21 2.595832443037749451e-21
5.263002384017452684e+00 1.082139644478288178e-20 2.065209149759383120e-21
5.263667384017024276e+00 5.136785097600974648e-21 2.276193868923722000e-21
5.264332384016595867e+00 1.471110371148090451e-20 2.509897201889856260e-21
5.264997384016167459e+00 3.358830758909289616e-21 2.070504100898461341e-21
5.265662384015739050e+00 -6.818081384051634008e-22 2.360864385334623554e-21
5.266327384015310642e+00 9.200399274516163476e-21 2.568688807266852202e-21
5.266992384014882234e+00 -4.214942335361311441e-22 2.282999590842296308e-21
5.267657384014453825e+00 2.185342951390072197e-21 2.166212045730243051e-21
5.268322384014025417e+00 5.260165089846997939e-21 2.420092742517225792e-21
5.268987384013597008e+00 1.588295912369824356e-20 2.191260416434454059e-21
5.269652384013168600e+00 1.932745675151426856e-20 3.716059090805743401e-21
5.270317384012740192e+00 0.000000000000000000e+00 0.000000000000000000e+00
