Wavelength_um Flux Err
2.870332385558867827e+00 1.365024515782470291e-21 3.532735221729310666e-21
2.870997385558439419e+00 5.642990897461310897e-21 1.741260504938039234e-21
2.871662385558011010e+00 -2.464093312433932974e-22 2.243602747112881181e-21
2.872327385557582602e+00 -1.027972809587868652e-20 2.805149442281192082e-21
2.872992385557154194e+00 -5.499799425684623151e-21 1.646169426781332188e-21
2.873657385556725785e+00 -9.305634754832732494e-21 1.573709998241257921e-21
2.874322385556297377e+00 -9.772982950485141232e-21 1.900367991430416720e-21
2.874987385555868968e+00 -4.466280435680952983e-21 1.842196450233957994e-21
2.875652385555440560e+00 -1.188101218369775792e-21 2.504974135898744398e-21
2.876317385555012152e+00 -2.032145367206059217e-21 1.908771467389497373e-21
2.876982385554583743e+00 -3.144302418597806558e-21 1.353902046948439453e-21
2.877647385554155335e+00 -2.450752649961929853e-21 1.423699838832654813e-21
2.878312385553726926e+00 -2.602810078569548225e-21 1.713301466784443164e-21
2.878977385553298518e+00 2.854648930597533603e-21 1.774570560601789311e-21
2.879642385552870110e+00 5.322798605392165914e-21 1.591702992936457681e-21
2.880307385552441701e+00 4.770137625737962479e-21 1.774179477481707618e-21
2.880972385552013293e+00 6.816208461610229467e-21 1.825648306335268064e-21
2.881637385551584885e+00 -4.564066522429575177e-22 1.825872969116536569e-21
2.882302385551156476e+00 4.196035941619505829e-21 1.664257012740290844e-21
2.882967385550728068e+00 1.050490751543219743e-21 1.627427384330331279e-21
2.883632385550299659e+00 8.507918810538969637e-21 1.924725741578309306e-21
2.884297385549871251e+00 5.666175264418225029e-21 1.624284076775758019e-21
2.884962385549442843e+00 5.525089374833288589e-21 1.870353535526141489e-21
2.885627385549014434e+00 -9.186011755557725870e-22 1.559758848218264108e-21
2.886292385548586026e+00 1.262249376932834746e-21 2.105547803864849467e-21
2.886957385548157617e+00 2.543252736490090670e-21 1.542493409884456420e-21
2.887622385547729209e+00 5.792681492870847638e-22 1.331804912767913216e-21
2.888287385547300801e+00 -5.305619245647177510e-23 1.675852797236873791e-21
2.888952385546872392e+00 7.871347316559090038e-22 1.831364975303371911e-21
2.889617385546443984e+00 3.438380258632134631e-21 1.352420759924573533e-21
2.890282385546015576e+00 4.650002483698513468e-21 2.226409118991991771e-21
2.890947385545587167e+00 7.244307386121663909e-21 1.836527007338684438e-21
2.891612385545158759e+00 6.053419693312966823e-21 1.458553469437751144e-21
2.892277385544730350e+00 5.055854651298488814e-21 1.352389843924465152e-21
2.892942385544301942e+00 -2.691178823634507506e-21 1.318188952554022960e-21
2.893607385543873534e+00 3.088737454913757248e-21 1.483257205193309690e-21
2.894272385543445125e+00 7.671997859300607872e-21 1.545903712904818776e-21
2.894937385543016717e+00 6.274918546450937359e-21 2.281125269582228869e-21
2.895602385542588308e+00 1.936448837014666600e-21 2.770919728014448058e-21
2.896267385542159900e+00 7.121162495240344772e-21 2.303549986443601838e-21
2.896932385541731492e+00 4.928549013354428823e-21 1.989746044792990721e-21
2.897597385541303083e+00 6.776401366525578636e-21 1.546877561948065763e-21
2.898262385540874675e+00 5.785119820302953088e-21 1.245522241177883161e-21
2.898927385540446267e+00 1.598682444082478039e-22 1.291862258575928735e-21
2.899592385540017858e+00 7.407633120908643429e-22 1.508596593279396804e-21
2.900257385539589450e+00 -1.500392175663927290e-21 1.890385616313115136e-21
2.900922385539161041e+00 2.398228223188678479e-21 1.182634560085014883e-21
2.901587385538732633e+00 -3.510046031763190599e-21 1.361492406647584374e-21
2.902252385538304225e+00 2.123867272724647863e-21 1.535699872226388103e-21
2.902917385537875816e+00 1.999002924062933895e-21 1.616519822810123467e-21
2.903582385537447408e+00 6.133194682343526885e-21 1.358071266704659501e-21
2.904247385537018999e+00 -3.494283696108795288e-21 1.097364823082529707e-21
2.904912385536590591e+00 -7.878908653580072647e-21 1.701365808907270247e-21
2.905577385536162183e+00 4.134987830942128493e-21 1.435078169771505689e-21
2.906242385535733774e+00 -2.961860426261328658e-21 1.987048216717851940e-21
2.906907385535305366e+00 5.508125019335757552e-21 1.828691436499592807e-21
2.907572385534876958e+00 6.401071208058102632e-21 2.017475154202480311e-21
2.908237385534448549e+00 6.197160837351545618e-21 1.549295426961454929e-21
2.908902385534020141e+00 5.057028786502795433e-21 1.529631366708908588e-21
2.909567385533591732e+00 8.597202357070337965e-22 1.186742709943020392e-21
2.910232385533163324e+00 4.927607390099449977e-21 1.479106885960747108e-21
2.910897385532734916e+00 4.584505424090476610e-21 1.898413810049658838e-21
2.911562385532306507e+00 4.281494956567176159e-21 1.118725148279701725e-21
2.912227385531878099e+00 2.939758824779733996e-21 1.420804642730008958e-21
2.912892385531449690e+00 7.439358032875702257e-21 2.013296329114405429e-21
2.913557385531021282e+00 7.646380450674163400e-21 1.584367098372934785e-21
2.914222385530592874e+00 8.465047118446597381e-21 2.251033767835384678e-21
2.914887385530164465e+00 -2.278676063037633727e-21 1.586595629620332858e-21
2.915552385529736057e+00 -1.237663045628129341e-21 1.456206583018769732e-21
2.916217385529307649e+00 9.397760143559176538e-22 1.233801341584805956e-21
2.916882385528879240e+00 2.380082112740659341e-20 1.647193917134285039e-21
2.917547385528450832e+00 1.515197211836885257e-20 1.417227463461730971e-21
2.918212385528022423e+00 2.880979672771486298e-21 1.526876738982046275e-21
2.918877385527594015e+00 6.970245520649058142e-22 1.326001647020218311e-21
2.919542385527165607e+00 8.396546280062278968e-21 1.764122094020056030e-21
2.920207385526737198e+00 -6.922104034054075629e-21 1.361137287112815238e-21
2.920872385526308790e+00 2.665484829801442489e-21 1.369953099092147519e-21
2.921537385525880381e+00 1.451809886988296259e-21 1.286385172632463898e-21
2.922202385525451973e+00 3.363983150231327116e-21 1.108761212235199519e-21
2.922867385525023565e+00 2.598036745142927659e-21 1.699251513621877949e-21
2.923532385524595156e+00 2.662634511663313567e-21 1.459563452413398033e-21
2.924197385524166748e+00 4.872972270700636061e-21 1.551154454679735734e-21
2.924862385523738340e+00 7.020637331545199904e-21 1.756017605352521866e-21
2.925527385523309931e+00 5.162288468083898271e-22 1.253139450597774202e-21
2.926192385522881523e+00 1.496433040663494643e-21 1.353040743644184679e-21
2.926857385522453114e+00 5.067282731695776804e-21 1.180708586346373813e-21
2.927522385522024706e+00 1.484765639488849791e-21 1.851038609151432982e-21
2.928187385521596298e+00 2.914458957883717235e-21 1.328252538200731508e-21
2.928852385521167889e+00 4.466309173831094369e-21 1.689547783370522246e-21
2.929517385520739481e+00 -2.285750397992978421e-21 1.751211876531250383e-21
2.930182385520311072e+00 -1.202008484351326020e-21 1.216950388953085564e-21
2.930847385519882664e+00 1.282162344911987182e-21 1.670594362994472756e-21
2.931512385519454256e+00 4.936453689328190190e-21 2.399199106516958017e-21
2.932177385519025847e+00 3.389355568775137041e-21 1.192537726271366230e-21
2.932842385518597439e+00 1.988419844588508837e-23 1.397328742175396886e-21
2.933507385518169031e+00 -5.418296084438488974e-21 1.326241164760627283e-21
2.934172385517740622e+00 -4.193409135917019719e-21 1.315913391635598746e-21
2.934837385517312214e+00 -5.382935316184973690e-21 1.440323978330637211e-21
2.935502385516883805e+00 -2.558818169564075050e-21 1.258613188318537882e-21
2.936167385516455397e+00 2.059692237958102040e-21 1.187850307787691222e-21
2.936832385516026989e+00 -2.431312415542142786e-21 1.611678863354624635e-21
2.937497385515598580e+00 1.726554198924009048e-21 1.669261552207856833e-21
2.938162385515170172e+00 8.693003212797029448e-22 1.413178204584992581e-21
2.938827385514741763e+00 5.716529672785530011e-21 1.551276428754782025e-21
2.939492385514313355e+00 4.243590249390094026e-21 1.499211779773457432e-21
2.940157385513884947e+00 -2.138101573300484570e-21 1.229885322226326183e-21
2.940822385513456538e+00 -7.231460224474373063e-22 1.435334370271102566e-21
2.941487385513028130e+00 6.028903604160396024e-21 1.298179190039813898e-21
2.942152385512599722e+00 3.486409027120918571e-21 1.379221171687194950e-21
2.942817385512171313e+00 2.622814313608011554e-21 1.513868365630674924e-21
2.943482385511742905e+00 7.424743932825851960e-22 8.765069155932173692e-22
2.944147385511314496e+00 -3.430061293948648325e-21 9.292356920675974069e-22
2.944812385510886088e+00 4.380918143775475336e-21 1.291745632578094587e-21
2.945477385510457680e+00 3.060897929532653373e-22 9.087432284648020565e-22
2.946142385510029271e+00 -9.525402112232264704e-22 1.175847235256969284e-21
2.946807385509600863e+00 -2.786885871058069721e-22 1.358595787005192515e-21
2.947472385509172454e+00 -4.688730525979277157e-21 1.196139787380693028e-21
2.948137385508744046e+00 -1.684723258154942579e-21 1.209203899483346847e-21
2.948802385508315638e+00 4.327635396924907743e-21 1.732675954348026383e-21
2.949467385507887229e+00 6.010787167655851804e-21 1.148688881768643733e-21
2.950132385507458821e+00 2.181990425709434129e-21 1.309554090792043699e-21
2.950797385507030413e+00 4.028229399202032722e-22 1.107183334086437125e-21
2.951462385506602004e+00 6.813368831462553312e-21 1.362273655459585422e-21
2.952127385506173596e+00 3.650493451721452606e-21 1.737239811584273695e-21
2.952792385505745187e+00 3.613356278411586797e-21 1.355277639416023448e-21
2.953457385505316779e+00 4.314802299807436862e-22 1.341633538961017775e-21
2.954122385504888371e+00 5.625683285177028561e-21 2.280551196523151897e-21
2.954787385504459962e+00 -3.663990441254358367e-23 1.706383672760623259e-21
2.955452385504031554e+00 1.888619889322386400e-22 1.454279717559766913e-21
2.956117385503603145e+00 4.049606924624626376e-21 1.527354621618025818e-21
2.956782385503174737e+00 4.978795774042419389e-21 2.291723859813420170e-21
2.957447385502746329e+00 2.719779518595937625e-21 1.372185598282000330e-21
2.958112385502317920e+00 1.182425324352360894e-21 1.269153699987297225e-21
2.958777385501889512e+00 5.485506115242803158e-21 1.057206551941432212e-21
2.959442385501461104e+00 1.365602769046337841e-21 1.118512797653265685e-21
2.960107385501032695e+00 3.749757566951255147e-22 1.523281970201656641e-21
2.960772385500604287e+00 4.310424994453725001e-21 1.030652057786651071e-21
2.961437385500175878e+00 -8.950845321531545784e-22 1.115521917467663356e-21
2.962102385499747470e+00 5.683030367587073923e-21 1.237234551745199823e-21
2.962767385499319062e+00 1.888851550265060011e-21 1.277154362157281392e-21
2.963432385498890653e+00 1.727191644341894381e-21 1.024139736430664000e-21
2.964097385498462245e+00 1.954847359225471533e-21 1.233126655486632160e-21
2.964762385498033836e+00 1.057587210772576687e-21 1.254244208430960945e-21
2.965427385497605428e+00 4.688870606329077530e-21 1.299434190289068301e-21
2.966092385497177020e+00 5.582201284112542037e-21 1.107511303948328141e-21
2.966757385496748611e+00 9.992009869307447404e-22 1.318732669202996884e-21
2.967422385496320203e+00 4.341964176696046338e-21 1.077670968079007922e-21
2.968087385495891795e+00 9.100318812045243086e-22 1.406571297355746982e-21
2.968752385495463386e+00 4.246653245780870129e-22 1.075637891839812624e-21
2.969417385495034978e+00 1.851444669822348040e-21 1.235913803383538908e-21
2.970082385494606569e+00 9.054870808077430822e-22 1.384481268821854317e-21
2.970747385494178161e+00 2.651750214158082539e-21 1.124333936887728916e-21
2.971412385493749753e+00 4.968356852702475503e-21 1.465951392438624296e-21
2.972077385493321344e+00 3.888303742365578374e-22 1.232674077254275367e-21
2.972742385492892936e+00 1.843802394755467992e-21 9.950822719330517335e-22
2.973407385492464527e+00 3.711001243145061973e-21 8.600999497525856331e-22
2.974072385492036119e+00 -3.824491313852979046e-22 9.302841944232813269e-22
2.974737385491607711e+00 3.288360987748112215e-21 9.103687958928414173e-22
2.975402385491179302e+00 4.587478142771606754e-21 1.242228712173376973e-21
2.976067385490750894e+00 3.784855069328330825e-21 1.197507240420682728e-21
2.976732385490322486e+00 3.512564791809467675e-21 9.673911295099484398e-22
2.977397385489894077e+00 6.051361640857919333e-21 1.256388465683410468e-21
2.978062385489465669e+00 2.437115138337874567e-21 1.221081969709094473e-21
2.978727385489037260e+00 6.695426596292972402e-22 1.371578564444644776e-21
2.979392385488608852e+00 3.162692174626595350e-21 1.140838888136167113e-21
2.980057385488180444e+00 6.713507660760360208e-22 7.956076901790114046e-22
2.980722385487752035e+00 -1.279908049452647028e-21 1.057582485625663467e-21
2.981387385487323627e+00 -2.620147457605006033e-22 1.416032354654162793e-21
2.982052385486895218e+00 1.901912108445003445e-21 1.345540700204220606e-21
2.982717385486466810e+00 -2.289698235979990032e-21 1.315743142913134193e-21
2.983382385486038402e+00 -5.266092528229987088e-22 1.275556717408013992e-21
2.984047385485609993e+00 -1.323184338084872611e-21 1.151546190518793103e-21
2.984712385485181585e+00 2.311596626141044837e-21 1.162686987305113167e-21
2.985377385484753177e+00 -7.266607539683248170e-22 1.128699732658793546e-21
2.986042385484324768e+00 2.219467197957069033e-21 1.219128568272203848e-21
2.986707385483896360e+00 2.829695653484168430e-21 9.640847593659254593e-22
2.987372385483467951e+00 1.087187721197023917e-20 3.896160568737332926e-21
2.988037385483039543e+00 1.329386391100485452e-20 6.698181650647219406e-21
2.988702385482611135e+00 6.749868561066114942e-21 1.068999698451932558e-21
2.989367385482182726e+00 6.342322690641395383e-21 1.234375689112922594e-21
2.990032385481754318e+00 1.469516979388957308e-21 1.202695761433335413e-21
2.990697385481325909e+00 3.636753942736566643e-23 1.071532706157026298e-21
2.991362385480897501e+00 1.720679267925177524e-21 1.321110314232731981e-21
2.992027385480469093e+00 3.151001677460587390e-21 1.236109848328166049e-21
2.992692385480040684e+00 2.435671606102784643e-21 1.297231017310836155e-21
2.993357385479612276e+00 -1.742118410324742752e-21 1.231574390021178769e-21
2.994022385479183868e+00 -3.395307014951293311e-21 1.504495189975501415e-21
2.994687385478755459e+00 3.327351138462856236e-21 1.358655853206317480e-21
2.995352385478327051e+00 2.880668553061122541e-21 1.343182951248183824e-21
2.996017385477898642e+00 2.516278693155893405e-21 1.268909221273859990e-21
2.996682385477470234e+00 5.710510161820269164e-21 1.077129886248434118e-21
2.997347385477041826e+00 4.078911530268157342e-21 1.248908901908804463e-21
2.998012385476613417e+00 2.723915271557580058e-21 1.220507931867233733e-21
2.998677385476185009e+00 5.626050856786464523e-21 9.851319724181518446e-22
2.999342385475756600e+00 2.070621919700155720e-21 9.633849585688220133e-22
3.000007385475328192e+00 4.430667873398844160e-21 9.973880673971277775e-22
3.000672385474899784e+00 8.671964880672338771e-22 1.298555328944889970e-21
3.001337385474471375e+00 -8.226049562436933084e-22 1.036846791903862020e-21
3.002002385474042967e+00 9.233532969853413604e-22 1.083881560137107373e-21
3.002667385473614559e+00 3.243600215615502689e-22 9.610789498100624018e-22
3.003332385473186150e+00 -3.403124429293105295e-22 1.008230172730559767e-21
3.003997385472757742e+00 -3.182909326008754200e-22 1.313746731630917717e-21
3.004662385472329333e+00 1.926449250636562469e-21 1.457287044826276411e-21
3.005327385471900925e+00 9.728506569375692974e-22 1.210315948137103297e-21
3.005992385471472517e+00 2.880016520199240025e-21 1.093942196997567115e-21
3.006657385471044108e+00 -1.223735709562881398e-21 1.200713725632194301e-21
3.007322385470615700e+00 -6.215446834306846752e-21 1.092557616078726724e-21
3.007987385470187292e+00 -1.027730201710463713e-21 1.236050595766123642e-21
3.008652385469758883e+00 2.862378277274754024e-21 1.288707511992542911e-21
3.009317385469330475e+00 3.627750977373490900e-21 9.694133242348802956e-22
3.009982385468902066e+00 4.876583597967603089e-21 9.360660380017729078e-22
3.010647385468473658e+00 6.727148290681694172e-21 1.113958238254366774e-21
3.011312385468045250e+00 2.160212009249446936e-21 1.674477770662651120e-21
3.011977385467616841e+00 -5.274697593382831313e-21 1.048610937833627353e-21
3.012642385467188433e+00 -9.192284488478677051e-22 1.127282447855320233e-21
3.013307385466760024e+00 6.265197304821858788e-21 8.551699845056315979e-22
3.013972385466331616e+00 4.593036227386923912e-21 1.087720203542601356e-21
3.014637385465903208e+00 1.244040825340134263e-21 1.087378881641822896e-21
3.015302385465474799e+00 2.223429759123432538e-21 1.233001287864561917e-21
3.015967385465046391e+00 -9.332269465674042297e-22 1.133055550517017747e-21
3.016632385464617983e+00 3.176558901115933837e-22 9.447586816658342835e-22
3.017297385464189574e+00 1.914997570004917035e-21 1.061657722858826602e-21
3.017962385463761166e+00 6.966578520208014382e-21 1.394304801287933324e-21
3.018627385463332757e+00 -1.199219994232514597e-21 9.165952954297506002e-22
3.019292385462904349e+00 9.942715792485261006e-22 1.089458816384559356e-21
3.019957385462475941e+00 4.491371961521088680e-21 1.086555558358780124e-21
3.020622385462047532e+00 1.167795745264658064e-20 1.192025189467608796e-21
3.021287385461619124e+00 3.114725528717922084e-21 1.012591363765526896e-21
3.021952385461190715e+00 2.843387367379077148e-21 1.106286471633293383e-21
3.022617385460762307e+00 2.519608003931829381e-21 1.184786340865746019e-21
3.023282385460333899e+00 -4.147105394709256518e-22 1.138585054340232105e-21
3.023947385459905490e+00 1.141858007377310599e-21 9.807920666321066228e-22
3.024612385459477082e+00 1.515191586716237550e-21 9.792035720406639671e-22
3.025277385459048674e+00 -3.231498364887767535e-21 1.348361810757071937e-21
3.025942385458620265e+00 -2.887629298710272370e-22 1.024607939923462088e-21
3.026607385458191857e+00 5.359136584059014180e-22 1.079687844750853011e-21
3.027272385457763448e+00 2.838155907864544621e-21 9.271565621808419312e-22
3.027937385457335040e+00 2.721595787229098171e-21 1.760347495379472736e-21
3.028602385456906632e+00 3.277916245597125352e-21 1.051875530999309828e-21
3.029267385456478223e+00 -2.361421955600747729e-21 6.765176265234293584e-22
3.029932385456049815e+00 -1.796440363731791132e-21 1.394812879195894818e-21
3.030597385455621406e+00 3.416559708765662172e-21 1.388920796989224012e-21
3.031262385455192998e+00 -3.190055733692691482e-23 1.068740311050344313e-21
3.031927385454764590e+00 3.774238530785963110e-22 1.373274912990600400e-21
3.032592385454336181e+00 1.180007260581374583e-21 1.144307198989264153e-21
3.033257385453907773e+00 7.192075092101992707e-21 1.016851053371111641e-21
3.033922385453479365e+00 7.021592137419706450e-21 1.047403563806249106e-21
3.034587385453050956e+00 6.020994871206214367e-21 1.438126701601534336e-21
3.035252385452622548e+00 1.576338007827196362e-21 1.082379866877992298e-21
3.035917385452194139e+00 6.264313532867807133e-21 1.467853379030065180e-21
3.036582385451765731e+00 6.415526581463508338e-21 1.221904619226419219e-21
3.037247385451337323e+00 4.525305972548931880e-22 8.674194295788029737e-22
3.037912385450908914e+00 1.494471603240001740e-21 1.073096940763662165e-21
3.038577385450480506e+00 2.563443694193712686e-21 1.211326029807517876e-21
3.039242385450052097e+00 -1.763629198995012475e-21 1.238034074475966521e-21
3.039907385449623689e+00 1.190374413000434872e-21 1.144528316414312021e-21
3.040572385449195281e+00 3.696796580938326299e-21 9.639774905488283194e-22
3.041237385448766872e+00 2.379630083754153158e-21 8.540630862370231129e-22
3.041902385448338464e+00 5.048329023744494200e-21 1.039985989930912483e-21
3.042567385447910056e+00 3.321082861658962311e-21 8.412861218235953715e-22
3.043232385447481647e+00 1.522474417978229095e-21 9.691236748871928437e-22
3.043897385447053239e+00 3.646326534014365553e-21 9.304085120656575854e-22
3.044562385446624830e+00 2.486844604304305370e-21 1.177426200020222818e-21
3.045227385446196422e+00 5.065652088220268239e-21 1.299658790705475576e-21
3.045892385445768014e+00 9.209250525148851973e-22 1.305438226615674811e-21
3.046557385445339605e+00 7.101924742757680778e-22 1.295174218168289442e-21
3.047222385444911197e+00 2.288798370188850732e-21 1.319117627693062834e-21
3.047887385444482788e+00 3.926494084418601542e-21 1.700629127600565397e-21
3.048552385444054380e+00 -1.903182442758244338e-21 1.439849906538176849e-21
3.049217385443625972e+00 -1.167994664762385777e-21 1.282081380416527771e-21
3.049882385443197563e+00 4.276250820547588493e-21 1.360808920514449614e-21
3.050547385442769155e+00 1.364964067312945653e-21 9.589115637189774151e-22
3.051212385442340747e+00 3.458461018822562152e-22 1.026219170789378036e-21
3.051877385441912338e+00 1.400883487265512388e-21 1.012772970627698200e-21
3.052542385441483930e+00 1.829610728363380203e-21 9.022222836402673784e-22
3.053207385441055521e+00 4.710594475460292743e-21 1.005123585202795886e-21
3.053872385440627113e+00 6.424193221293557521e-21 9.592680455437182428e-22
3.054537385440198705e+00 5.133369981885535310e-21 1.075057102073163240e-21
3.055202385439770296e+00 6.954769718194957860e-21 1.296354155482457166e-21
3.055867385439341888e+00 2.658564143566912164e-21 9.809675218246671229e-22
3.056532385438913479e+00 2.678150179586763755e-21 9.226922404685931736e-22
3.057197385438485071e+00 6.008877281690592774e-22 7.863088319642195520e-22
3.057862385438056663e+00 1.555297364828619120e-21 1.017165428140294668e-21
3.058527385437628254e+00 -1.017830303647792446e-21 9.474638566313029917e-22
3.059192385437199846e+00 -2.689771295310208100e-21 1.166535723475845725e-21
3.059857385436771438e+00 2.993579644251016787e-21 1.134234800394167030e-21
3.060522385436343029e+00 2.933052598066298220e-21 1.005855342435095889e-21
3.061187385435914621e+00 3.580136468141034044e-21 1.038886968871901000e-21
3.061852385435486212e+00 1.376507528335677012e-21 1.126294890965956343e-21
3.062517385435057804e+00 1.202776233502293068e-21 1.180779227449439471e-21
3.063182385434629396e+00 1.563561401517350744e-21 1.012898312935313469e-21
3.063847385434200987e+00 -9.224567120270528418e-22 1.025991414338052896e-21
3.064512385433772579e+00 3.288615191312890033e-21 8.392222988932271899e-22
3.065177385433344170e+00 6.343447984827500934e-22 1.142484704617017279e-21
3.065842385432915762e+00 3.508554940115988557e-21 1.040812423980047763e-21
3.066507385432487354e+00 9.441550187915630977e-22 1.501103563842411200e-21
3.067172385432058945e+00 1.245259886527538114e-21 1.271923514641225108e-21
3.067837385431630537e+00 2.816598845477180052e-21 8.648563909776202396e-22
3.068502385431202129e+00 2.777190289471963581e-21 9.463140737520095736e-22
3.069167385430773720e+00 4.684666116181123770e-21 1.665261286605556508e-21
3.069832385430345312e+00 3.072479647791087153e-21 1.043810657108917343e-21
3.070497385429916903e+00 2.109945012313441509e-21 8.352898177370479160e-22
3.071162385429488495e+00 4.466292816529148467e-21 1.252040811144002458e-21
3.071827385429060087e+00 3.008556275288000480e-21 9.975629379052801365e-22
3.072492385428631678e+00 2.025027216313407163e-21 9.275695390213576156e-22
3.073157385428203270e+00 2.291853908234482369e-21 1.030473001115323436e-21
3.073822385427774861e+00 -1.261930445601880370e-21 1.346434823249983676e-21
3.074487385427346453e+00 1.219862819060330061e-22 1.355915715343491342e-21
3.075152385426918045e+00 5.973329041164322770e-21 1.122668648412001214e-21
3.075817385426489636e+00 6.488197078333105019e-21 1.176067000531410034e-21
3.076482385426061228e+00 5.598804411355754321e-21 1.045580919006342618e-21
3.077147385425632820e+00 3.331479302202375760e-21 1.044537937134279844e-21
3.077812385425204411e+00 6.842794020575827820e-21 1.184191668020582814e-21
3.078477385424776003e+00 2.544517142119074618e-21 8.556066647817425391e-22
3.079142385424347594e+00 3.671472939396752145e-22 6.914904333596867691e-22
3.079807385423919186e+00 2.976709971946733238e-22 1.292134719668683098e-21
3.080472385423490778e+00 2.451797215518117679e-21 1.331051171532072500e-21
3.081137385423062369e+00 3.776170742103128550e-21 1.013928826206118553e-21
3.081802385422633961e+00 -3.799096227397988404e-22 1.376149720585427477e-21
3.082467385422205552e+00 8.008869265557056590e-22 1.044864637857925691e-21
3.083132385421777144e+00 7.346583483960038219e-22 9.948579112170055027e-22
3.083797385421348736e+00 4.694546434382313011e-21 7.209379602708927874e-22
3.084462385420920327e+00 6.776207414542009019e-22 1.292431701069448844e-21
3.085127385420491919e+00 -8.690605583312154611e-22 9.508354636285093454e-22
3.085792385420063511e+00 2.331489944459010988e-21 1.134525049608276969e-21
3.086457385419635102e+00 3.939726844451109281e-21 1.040628354970031335e-21
3.087122385419206694e+00 2.083041195656571243e-21 1.049655886637248927e-21
3.087787385418778285e+00 3.152687896173454222e-21 9.407535317282738771e-22
3.088452385418349877e+00 3.103937827190590754e-21 8.985083908671911112e-22
3.089117385417921469e+00 4.376393156244716728e-21 8.245369027297669481e-22
3.089782385417493060e+00 -9.652784644671799599e-22 9.573649692606119009e-22
3.090447385417064652e+00 7.473506919411943730e-22 1.266522429276307442e-21
3.091112385416636243e+00 3.928471047907229108e-22 8.777986661899043841e-22
3.091777385416207835e+00 4.404024168333218505e-21 9.767869894238558657e-22
3.092442385415779427e+00 4.569503036378897162e-21 8.712630141408015791e-22
3.093107385415351018e+00 5.393783581490761976e-21 1.165673026571482561e-21
3.093772385414922610e+00 1.276638485824389885e-21 1.369051779949796556e-21
3.094437385414494202e+00 3.742082002910416199e-22 1.004280955434585311e-21
3.095102385414065793e+00 7.423066139571909040e-22 1.014121775432214487e-21
3.095767385413637385e+00 4.552665024880678922e-21 8.834486252164546092e-22
3.096432385413208976e+00 7.263196248617589473e-21 8.828351777677501863e-22
3.097097385412780568e+00 3.801087387212703059e-22 1.081200317654149286e-21
3.097762385412352160e+00 1.694364468946113292e-21 9.960874454032191094e-22
3.098427385411923751e+00 3.506365471395571296e-21 1.253363700885246505e-21
3.099092385411495343e+00 2.008924705709121866e-21 7.699078604181297541e-22
3.099757385411066934e+00 3.331824399814443622e-22 8.371380583260834235e-22
3.100422385410638526e+00 -2.179283345147766701e-21 8.790652379620290358e-22
3.101087385410210118e+00 8.704721786334024436e-21 1.176523271331552274e-21
3.101752385409781709e+00 3.480778815650411770e-21 1.006768221979490917e-21
3.102417385409353301e+00 -1.534334268810926171e-21 9.131124222065623257e-22
3.103082385408924893e+00 2.111097070026660024e-21 8.774646787551800289e-22
3.103747385408496484e+00 2.720090138476131083e-21 9.113159362350814440e-22
3.104412385408068076e+00 2.321338946015673342e-21 9.539550907473221005e-22
3.105077385407639667e+00 4.140271857476466181e-21 8.441978077894700192e-22
3.105742385407211259e+00 2.894577229123841458e-21 8.085103201353113552e-22
3.106407385406782851e+00 3.085438529256362693e-21 1.249148825727391116e-21
3.107072385406354442e+00 3.942765894589445858e-21 9.700308875700358005e-22
3.107737385405926034e+00 -1.360855749728272892e-22 1.128861043323066671e-21
3.108402385405497625e+00 1.104972823915073194e-21 1.134290435013215459e-21
3.109067385405069217e+00 3.544499633628575492e-21 1.144773790508988927e-21
3.109732385404640809e+00 4.587889562048042525e-21 7.502914394750702379e-22
3.110397385404212400e+00 -2.337827802391830718e-21 8.402033801392142139e-22
3.111062385403783992e+00 3.884387629082028545e-21 8.738149334561910794e-22
3.111727385403355139e+00 2.850960468096430948e-21 9.164708514716164112e-22
3.112392385402926731e+00 6.473216632689710629e-21 1.052640501120269448e-21
3.113057385402498323e+00 4.935872097375998046e-21 1.221523265725206344e-21
3.113722385402069914e+00 3.980691283491378186e-21 1.018400203063376284e-21
3.114387385401641506e+00 2.884624985859093391e-21 8.641837520315626560e-22
3.115052385401213098e+00 2.279799856695921007e-21 7.553542966143651849e-22
3.115717385400784689e+00 3.880675011451789793e-21 1.115846016671710634e-21
3.116382385400356281e+00 1.078801655803224304e-21 1.489487370727575573e-21
3.117047385399927872e+00 3.500267100903857952e-21 1.326826550222019685e-21
3.117712385399499464e+00 1.304877836442798268e-21 8.540369506138571370e-22
3.118377385399071056e+00 -9.439058892932420032e-22 9.187140793370169626e-22
3.119042385398642647e+00 8.409785167114716753e-22 9.845766761057674224e-22
3.119707385398214239e+00 1.325174209053723871e-21 8.670912578553964013e-22
3.120372385397786275e+00 2.257311550923843455e-21 9.532022894938382206e-22
3.121037385397357866e+00 6.754427907583194426e-22 6.938088381713959125e-22
3.121702385396929458e+00 -1.135593701246975489e-21 9.998962546816526825e-22
3.122367385396501049e+00 -3.108320127621209704e-21 9.386850413347547735e-22
3.123032385396072641e+00 1.417785592012349871e-21 1.281279281931278880e-21
3.123697385395644233e+00 3.367117277085077646e-21 1.068201436793680370e-21
3.124362385395215824e+00 -1.871538430574197998e-22 9.443918833533229343e-22
3.125027385394787416e+00 -2.297113937204675661e-22 7.981698563678003076e-22
3.125692385394359007e+00 1.766512295752283986e-21 9.091205867779427269e-22
3.126357385393930155e+00 5.600500395501862977e-21 1.144655751416655975e-21
3.127022385393501747e+00 5.436562482144102610e-21 7.614626185266803338e-22
3.127687385393073338e+00 3.907336299974781766e-21 8.566777530175839275e-22
3.128352385392644930e+00 -4.622405104810181275e-22 8.574197342115327934e-22
3.129017385392216521e+00 1.155026080169157095e-21 9.351267019049839215e-22
3.129682385391788113e+00 4.011734771360290001e-21 1.641548537896885023e-21
3.130347385391359705e+00 1.677489473047311297e-21 1.076202205040284159e-21
3.131012385390931296e+00 2.451896550779796041e-21 1.213239411718123367e-21
3.131677385390502888e+00 -3.914792062469887697e-21 8.758539831740660535e-22
3.132342385390074480e+00 -7.187964726593065505e-22 1.062979482655590647e-21
3.133007385389646071e+00 -2.907970192914346148e-21 2.662036027194732434e-21
3.133672385389217663e+00 4.105085864965603922e-22 9.094120839163805532e-22
3.134337385388789254e+00 5.566833538767356268e-22 6.857586079844008880e-22
3.135002385388360846e+00 2.418266903205882617e-21 1.066686515060934729e-21
3.135667385387932438e+00 3.279130116171342917e-21 1.069732893479676842e-21
3.136332385387504029e+00 4.999832772415957050e-21 9.349758377314012817e-22
3.136997385387075621e+00 -7.103918816718064316e-22 9.861229312493151024e-22
3.137662385386647212e+00 1.541746585623738223e-21 9.951800138826224546e-22
3.138327385386218804e+00 3.431565211239720389e-21 1.129833075323885528e-21
3.138992385385790396e+00 1.345617802145083642e-21 1.106816850180129659e-21
3.139657385385361987e+00 8.956552810559926202e-21 1.290588818205428032e-21
3.140322385384933579e+00 2.609368938103944709e-22 1.329407076338030357e-21
3.140987385384505171e+00 -6.190035720599268946e-22 1.042957408163851097e-21
3.141652385384076762e+00 1.267809416522653824e-21 9.533475552896296933e-22
3.142317385383648354e+00 3.483433681676687347e-22 9.764789290007523796e-22
3.142982385383219945e+00 1.139821469371820059e-21 1.069438388168831664e-21
3.143647385382791537e+00 3.184071477170977171e-21 1.124053006649791448e-21
3.144312385382363129e+00 2.503870720905192136e-21 1.019240786461164045e-21
3.144977385381934720e+00 8.897611077582836972e-22 9.998181713209733047e-22
3.145642385381506312e+00 1.224731769070081235e-21 8.006348916333231006e-22
3.146307385381077903e+00 -9.640455416874889489e-22 8.019827909610647552e-22
3.146972385380649495e+00 6.832992945302216102e-21 9.968630437826205081e-22
3.147637385380221087e+00 6.991992098233778486e-21 9.537771252074746178e-22
3.148302385379792678e+00 2.571419213238532298e-21 1.512933381144320410e-21
3.148967385379364270e+00 5.367260292974821225e-21 1.000317305052175281e-21
3.149632385378935862e+00 -1.158131157732528212e-21 1.252256037019127490e-21
3.150297385378507453e+00 3.081215758591771792e-21 1.102262982571086339e-21
3.150962385378079045e+00 7.528145740585515515e-21 9.950287496503082155e-22
3.151627385377650636e+00 4.724870881651469316e-21 1.661941407280160624e-21
3.152292385377222228e+00 4.881147592636409811e-21 9.523643966670287577e-22
3.152957385376793820e+00 9.785769888837039868e-22 8.447526730509443891e-22
3.153622385376365411e+00 4.450666517693588153e-21 1.033324419135095978e-21
3.154287385375937003e+00 1.053529291493278500e-21 1.017671747634360907e-21
3.154952385375508594e+00 1.408958449018430731e-21 8.482790971473870606e-22
3.155617385375080186e+00 2.784892081840618697e-21 1.611694637801357243e-21
3.156282385374651778e+00 -1.295870338672051180e-21 9.912231239233657477e-22
3.156947385374223369e+00 4.041020063612634196e-21 1.996050947167170090e-21
3.157612385373794961e+00 3.776380018664322054e-22 3.416053213333226261e-21
3.158277385373366553e+00 3.571605467138826080e-21 2.744987452143772204e-21
3.158942385372938144e+00 9.705392050649294162e-21 2.752648679692714310e-21
3.159607385372509736e+00 4.606672653884680267e-21 1.159806312036759252e-21
3.160272385372081327e+00 4.560941313808048233e-21 6.728863193901430524e-22
3.160937385371652919e+00 5.491737831884693947e-21 7.307394597424935171e-22
3.161602385371224511e+00 6.817685514558940788e-22 1.012560486266467366e-21
3.162267385370796102e+00 -1.752397005801045271e-21 8.228989119917040321e-22
3.162932385370367694e+00 1.302496439699566454e-21 1.072403076167981102e-21
3.163597385369939285e+00 8.046406949137241475e-22 9.536560075589620819e-22
3.164262385369510877e+00 2.119878890144090676e-21 1.064929833697400550e-21
3.164927385369082469e+00 -1.353824473594070242e-21 8.274000979511928312e-22
3.165592385368654060e+00 -4.313268329784933527e-22 1.094261350310749283e-21
3.166257385368225652e+00 2.479032023010931556e-21 1.015582005589253004e-21
3.166922385367797244e+00 3.164771776258826763e-21 1.139756469959258987e-21
3.167587385367368835e+00 2.831849193191526273e-21 1.031354235722793884e-21
3.168252385366940427e+00 1.347104466902612950e-21 1.009821853264697490e-21
3.168917385366512018e+00 -1.297977175264617875e-21 1.224130232912941508e-21
3.169582385366083610e+00 1.066970012620827363e-21 7.653610749074253577e-22
3.170247385365655202e+00 3.684536252762024479e-21 8.266562079822725754e-22
3.170912385365226793e+00 1.018735985742387035e-21 8.929793772495115201e-22
3.171577385364798385e+00 2.244730984271403357e-21 9.387585294673672814e-22
3.172242385364369976e+00 5.911867186070309260e-22 9.070839840186911523e-22
3.172907385363941568e+00 3.107128142790989123e-22 1.090073267392545355e-21
3.173572385363513160e+00 -1.038101456375857431e-21 9.920370745515804861e-22
3.174237385363084751e+00 2.374447953854456407e-21 1.004650612257423180e-21
3.174902385362656343e+00 -2.130815211718533522e-22 7.878411974589468858e-22
3.175567385362227935e+00 3.833387713014474343e-21 9.141741075296773917e-22
3.176232385361799526e+00 2.639865866031640328e-21 1.047566095933568186e-21
3.176897385361371118e+00 -4.980642669660588033e-22 9.140697008759775879e-22
3.177562385360942709e+00 -5.622622901311388862e-22 8.924903095065805018e-22
3.178227385360514301e+00 2.176687933743374168e-21 1.120946891640451601e-21
3.178892385360085893e+00 3.433504040070742852e-21 6.034731821585891256e-22
3.179557385359657484e+00 2.688758266257838226e-21 1.411210817886387112e-21
3.180222385359229076e+00 2.278754924592747228e-21 9.607186653447879122e-22
3.180887385358800667e+00 2.635647711583282051e-21 9.676322831176767473e-22
3.181552385358372259e+00 1.434845714553884019e-21 8.365322890202838401e-22
3.182217385357943851e+00 -3.738907690329923052e-22 1.104132460109369466e-21
3.182882385357515442e+00 1.581232069688702257e-22 9.493475308563701701e-22
3.183547385357087034e+00 5.511452239506935493e-21 9.255116022736071345e-22
3.184212385356658626e+00 2.253897762136998830e-21 9.834102832936088282e-22
3.184877385356230217e+00 2.523414081214048034e-21 9.302390499044647372e-22
3.185542385355801809e+00 1.533996920789609135e-21 9.865847620341862122e-22
3.186207385355373400e+00 3.396360442108243461e-22 9.325195423493821761e-22
3.186872385354944992e+00 6.312816554403220596e-23 7.651442458075826649e-22
3.187537385354516584e+00 2.242696069583761856e-21 8.090344925087208121e-22
3.188202385354088175e+00 3.078356936598406339e-21 8.943880233417716980e-22
3.188867385353659767e+00 1.729180661052297617e-21 1.151767691586826500e-21
3.189532385353231358e+00 1.142754530008879011e-21 9.064509284509150578e-22
3.190197385352802950e+00 3.349668876831213015e-21 8.649213393736177757e-22
3.190862385352374542e+00 -1.612286230381553643e-22 1.136150097907730272e-21
3.191527385351946133e+00 4.453063849375548626e-21 7.209354614986344483e-22
3.192192385351517725e+00 2.998528204499084912e-21 6.075229093832577422e-22
3.192857385351089317e+00 4.916669044110564663e-21 9.957058312336313593e-22
3.193522385350660908e+00 3.012835779525000806e-21 1.159842233253439468e-21
3.194187385350232500e+00 2.740785680476888252e-21 1.344272731164193729e-21
3.194852385349804091e+00 3.753697402659371710e-21 1.234515900790725803e-21
3.195517385349375683e+00 4.397854689686943471e-21 8.240768662850377765e-22
3.196182385348947275e+00 3.745214562513533762e-21 7.212374656464084554e-22
3.196847385348518866e+00 2.046254874150992110e-21 8.580339814572811555e-22
3.197512385348090458e+00 -2.426077533101435119e-21 8.011902279640594674e-22
3.198177385347662049e+00 4.868591460933923742e-21 1.319707826992739781e-21
3.198842385347233641e+00 5.455781975632353521e-21 1.213217285416543040e-21
3.199507385346805233e+00 5.281985508099736294e-21 1.299834521071306320e-21
3.200172385346376824e+00 3.326493981636913668e-21 1.124213620619833270e-21
3.200837385345948416e+00 3.499686619505960994e-21 1.159432939557569792e-21
3.201502385345520008e+00 1.721205454733639595e-21 1.133352085551165328e-21
3.202167385345091599e+00 -4.226316694094307307e-22 1.240924134898435125e-21
3.202832385344663191e+00 6.177865596047316347e-21 9.719084159375776669e-22
3.203497385344234782e+00 1.581583234905668846e-21 1.126663098514838871e-21
3.204162385343806374e+00 -9.958976782541735425e-23 1.254320264947085593e-21
3.204827385343377966e+00 8.172920507535967308e-22 1.083952082936193768e-21
3.205492385342949557e+00 1.061143143554322036e-21 7.781604550834987734e-22
3.206157385342521149e+00 -7.040775446882918048e-23 9.016482933070140407e-22
3.206822385342092741e+00 1.537523109868833314e-22 7.726591232408111746e-22
3.207487385341664332e+00 2.293565835830504209e-21 1.166160243188665737e-21
3.208152385341235924e+00 4.075234210608514894e-21 7.906510905497026182e-22
3.208817385340807515e+00 2.968818803405722731e-21 7.663282179973688922e-22
3.209482385340379107e+00 1.210490821430468586e-21 1.060201870841546241e-21
3.210147385339950699e+00 3.188552248321903368e-21 9.571440165194673535e-22
3.210812385339522290e+00 5.233890921266026254e-21 1.138893997349329092e-21
3.211477385339093882e+00 7.134526239497343049e-21 9.251242560820896170e-22
3.212142385338665473e+00 2.384152885982663235e-21 8.071380384353791142e-22
3.212807385338237065e+00 3.990311950112826816e-21 7.853525963076101413e-22
3.213472385337808657e+00 3.797809930985509151e-21 7.686327257207451256e-22
3.214137385337380248e+00 1.316234586679623634e-21 1.046650316973950585e-21
3.214802385336951840e+00 4.435682018822763943e-21 8.703257715266787150e-22
3.215467385336523432e+00 2.892141392114684821e-21 7.304524543395901011e-22
3.216132385336095023e+00 2.108910726133360964e-21 7.754594933757825984e-22
3.216797385335666615e+00 2.177215010794580338e-21 1.176233295357151514e-21
3.217462385335238206e+00 -4.640398732894849218e-23 7.729318844175810450e-22
3.218127385334809798e+00 2.983604009990271349e-21 9.632892389830865593e-22
3.218792385334381390e+00 6.397967955414987628e-21 1.104206771785201964e-21
3.219457385333952981e+00 4.393084389128768185e-21 7.592000222563851635e-22
3.220122385333524573e+00 3.967946255717916174e-21 8.152127364236649134e-22
3.220787385333096164e+00 4.426043485236735639e-21 9.964355673350375132e-22
3.221452385332667756e+00 1.377882228155292778e-21 9.449352747561589718e-22
3.222117385332239348e+00 1.067644933894296888e-21 7.821916180372701098e-22
3.222782385331810939e+00 3.273602052498529635e-22 1.051158021008374026e-21
3.223447385331382531e+00 1.041437895581259267e-21 9.588175702596063062e-22
3.224112385330954123e+00 4.133291826329177364e-21 8.682593259805953931e-22
3.224777385330525714e+00 6.760357655307413210e-21 1.044634886482831898e-21
3.225442385330097306e+00 2.504703757944543038e-21 8.923841226551162785e-22
3.226107385329668897e+00 4.576351386491617006e-21 7.609783318916403452e-22
3.226772385329240489e+00 1.018316670958612207e-22 8.623641275662481123e-22
3.227437385328812081e+00 3.688672062955863902e-21 6.815609247291841659e-22
3.228102385328383672e+00 5.682639957293173544e-22 7.319621538460294670e-22
3.228767385327955264e+00 1.118777828846506708e-21 7.476432615804777244e-22
3.229432385327526855e+00 3.497004494913845585e-21 9.108653908519200625e-22
3.230097385327098447e+00 3.905642791470837912e-21 7.962895157238407732e-22
3.230762385326670039e+00 2.607092582793489953e-21 9.220752570960977200e-22
3.231427385326241630e+00 3.821411791837262070e-21 9.668426089868959159e-22
3.232092385325813222e+00 2.042587373529616150e-21 7.743208455278249896e-22
3.232757385325384814e+00 1.503716349827068733e-21 7.661623890115353985e-22
3.233422385324956405e+00 2.478032524744891442e-21 7.687267008425723163e-22
3.234087385324527997e+00 3.762512547774499874e-21 7.039832861811454847e-22
3.234752385324099588e+00 1.392385344669134351e-21 8.818184423052216543e-22
3.235417385323671180e+00 2.721197056361351490e-21 7.606091429499108884e-22
3.236082385323242772e+00 4.984360971609024799e-21 8.848224299540659915e-22
3.236747385322814363e+00 1.619659265651865265e-21 1.021011126273960556e-21
3.237412385322385955e+00 2.103984836937104913e-21 1.060646754616782674e-21
3.238077385321957546e+00 4.941171229312981985e-21 8.593393900120344836e-22
3.238742385321529138e+00 4.116075348806086592e-21 8.231652961277006079e-22
3.239407385321100730e+00 1.162060232811230949e-21 8.263922430946652505e-22
3.240072385320672321e+00 2.495606477583338412e-21 8.250169152993396011e-22
3.240737385320243913e+00 3.355784533489137019e-21 6.136699570488715030e-22
3.241402385319815505e+00 2.678971492451296704e-21 9.615509228460097006e-22
3.242067385319387096e+00 1.887696237215676277e-21 8.878723627057925374e-22
3.242732385318958688e+00 1.653843520190929111e-21 7.429030801079988579e-22
3.243397385318530279e+00 4.243339145563941234e-21 1.079394871542832336e-21
3.244062385318101871e+00 4.932110158624327236e-21 8.718020668732324733e-22
3.244727385317673463e+00 2.705137697367666021e-21 8.016395594576014670e-22
3.245392385317245054e+00 1.314255119351959290e-21 8.192887018616303431e-22
3.246057385316816646e+00 -3.470244652135089898e-22 1.136140311975067667e-21
3.246722385316388237e+00 3.078989028402818238e-21 1.138236932179052748e-21
3.247387385315959829e+00 6.697819380208459087e-22 1.196947831237058695e-21
3.248052385315531421e+00 1.514861068131928528e-21 8.310038776733164885e-22
3.248717385315103012e+00 2.049351093168707899e-21 9.314706776862128005e-22
3.249382385314674604e+00 3.523283068323430996e-21 1.081418562225674953e-21
3.250047385314246196e+00 1.485407467945234144e-21 7.936155869732599213e-22
3.250712385313817787e+00 1.811899368136889056e-21 9.984335517662076529e-22
3.251377385313389379e+00 3.711761167849355853e-21 9.619869826285823884e-22
3.252042385312960970e+00 1.963406127034804037e-21 7.404050444198138321e-22
3.252707385312532562e+00 1.881954500725330827e-21 7.030197625859865217e-22
3.253372385312104154e+00 7.128856719992886514e-22 9.878483436550976381e-22
3.254037385311675745e+00 5.311893327904471807e-21 9.344309056654555338e-22
3.254702385311247337e+00 6.738066645632612137e-21 6.634984872274717482e-22
3.255367385310818928e+00 2.912875520597759655e-21 7.965499175103235967e-22
3.256032385310390520e+00 -1.707104141514519007e-21 9.986508346162458822e-22
3.256697385309962112e+00 -1.788009007402343888e-22 7.445943097990973192e-22
3.257362385309533703e+00 1.152946686106901921e-21 8.534672747083616299e-22
3.258027385309105295e+00 -1.210299627924751811e-21 7.266664413376583495e-22
3.258692385308676887e+00 2.828923580927457711e-22 6.199433250669635075e-22
3.259357385308248478e+00 2.868712538296942801e-21 1.012744501941767345e-21
3.260022385307820070e+00 2.209205292269753316e-21 1.002985181642274252e-21
3.260687385307391661e+00 -1.290264353847656909e-21 9.729876516142759603e-22
3.261352385306963253e+00 6.004286491832255404e-22 8.465760818066625175e-22
3.262017385306534845e+00 3.150364140422539819e-22 8.777314620131122752e-22
3.262682385306106436e+00 2.852300298771587128e-21 1.035742550672018446e-21
3.263347385305678028e+00 3.640921746670222462e-21 1.114239434848966999e-21
3.264012385305249619e+00 2.020991773988115167e-21 9.672395071207732184e-22
3.264677385304821211e+00 8.643051438341837463e-22 8.869516612048765288e-22
3.265342385304392803e+00 2.894608992294641922e-22 7.967149478013885919e-22
3.266007385303964394e+00 4.822244871843119891e-22 1.022467059557028721e-21
3.266672385303535986e+00 -1.891694445043610354e-22 1.008195920898007808e-21
3.267337385303107578e+00 7.796225489356498941e-23 6.038107028374000994e-22
3.268002385302679169e+00 6.010662001946242479e-21 1.144298899235511422e-21
3.268667385302250761e+00 1.021947693450279938e-20 1.157807920879228612e-21
3.269332385301822352e+00 -3.366820019677512905e-21 7.972118718008393645e-22
3.269997385301393944e+00 -7.116640912337983136e-22 1.353257598103648224e-21
3.270662385300965536e+00 3.790151482491999381e-21 1.133924714142646381e-21
3.271327385300537127e+00 2.224331114160532860e-21 7.304434416324456238e-22
3.271992385300108719e+00 7.790579065796597658e-22 1.076655535831702619e-21
3.272657385299680310e+00 2.098421752026864630e-21 7.497594631042462896e-22
3.273322385299251902e+00 4.842447437997237744e-21 9.108347419917823078e-22
3.273987385298823494e+00 2.804444379110026262e-21 8.082546872618295190e-22
3.274652385298395085e+00 9.480100130529203480e-22 1.014973277920233025e-21
3.275317385297966677e+00 2.736053317158069878e-21 1.077310352051127997e-21
3.275982385297538269e+00 2.191808544272699194e-21 8.222319999394493847e-22
3.276647385297109860e+00 1.150383211095734338e-21 1.129741307635494929e-21
3.277312385296681452e+00 4.480270879009469156e-21 8.007425476285840935e-22
3.277977385296253043e+00 2.360833924416518913e-21 1.454563822529140133e-21
3.278642385295824635e+00 7.400899409940011141e-22 8.049265726226336601e-22
3.279307385295396227e+00 1.782895132873816587e-21 1.000203043193484091e-21
3.279972385294967818e+00 4.813532682152794106e-21 9.900874731648172793e-22
3.280637385294539410e+00 2.548576946101643008e-21 8.696912335395174597e-22
3.281302385294111001e+00 4.952746169816561016e-21 8.992096598221398918e-22
3.281967385293682593e+00 2.498721269351669812e-21 7.496302325024505722e-22
3.282632385293254185e+00 2.368657812693686071e-21 5.977788457586534246e-22
3.283297385292825776e+00 -2.093908238583184073e-24 1.094776671516344841e-21
3.283962385292397368e+00 3.762537719203848413e-21 7.972699809144009091e-22
3.284627385291968960e+00 5.366493764638426730e-21 1.171477636046404408e-21
3.285292385291540551e+00 4.325294467732525237e-21 7.535470526964167139e-22
3.285957385291112143e+00 1.208509763838256359e-21 7.094421323635860599e-22
3.286622385290683734e+00 1.429664200770506173e-21 7.041857368695590576e-22
3.287287385290255326e+00 2.697376905861254488e-21 9.153483206099306718e-22
3.287952385289826918e+00 4.801220852522274438e-21 7.444104613866423554e-22
3.288617385289398509e+00 3.053074395214552298e-21 8.937826528929183506e-22
3.289282385288970101e+00 1.305599350860717537e-21 6.444765878262034697e-22
3.289947385288541692e+00 -1.248939035426267995e-21 6.388207721302660617e-22
3.290612385288113284e+00 3.036414673039710111e-21 6.659036507059964756e-22
3.291277385287684876e+00 2.720933869698185838e-21 9.589396301125290121e-22
3.291942385287256467e+00 1.720973672871465476e-21 1.020160399042792249e-21
3.292607385286828059e+00 6.288945791645812895e-21 8.736174464055749138e-22
3.293272385286399651e+00 2.621818186822870661e-21 7.899607948326709807e-22
3.293937385285971242e+00 3.799206366308076906e-21 7.839223775437359283e-22
3.294602385285542834e+00 1.338437706761291729e-21 9.763210676454616403e-22
3.295267385285114425e+00 2.693649705718271898e-21 8.645825324908126065e-22
3.295932385284686017e+00 2.401574423302105231e-21 7.248915877755500001e-22
3.296597385284257609e+00 4.999148571640544582e-21 7.517213339847639290e-22
3.297262385283829200e+00 4.517760442615081334e-21 8.027737557164617661e-22
3.297927385283400792e+00 3.965111462054712499e-21 9.217852250039746910e-22
3.298592385282972383e+00 3.245734751981065351e-21 9.543379930625432029e-22
3.299257385282543975e+00 2.537116470992719545e-22 1.056152318595996416e-21
3.299922385282115567e+00 1.072148749115481448e-21 1.188036495909855778e-21
3.300587385281687158e+00 -9.239184639870793816e-22 2.194195362526426275e-21
3.301252385281258750e+00 4.520592287196304016e-21 1.108532383987060163e-21
3.301917385280830342e+00 5.472426239994107844e-21 1.457845154289416089e-21
3.302582385280401933e+00 2.643382296755315688e-21 6.790933398591604921e-22
3.303247385279973525e+00 2.344139446757834979e-21 6.826693573995520501e-22
3.303912385279545116e+00 2.025646479223806466e-21 9.953128977265755737e-22
3.304577385279116708e+00 4.207509858859778022e-21 1.049862201996832562e-21
3.305242385278688300e+00 1.228110946859648013e-21 8.885374534521604769e-22
3.305907385278259891e+00 -4.923390729996112117e-21 9.848008776663702900e-22
3.306572385277831483e+00 1.369380359184619129e-21 6.974944605470940308e-22
3.307237385277403074e+00 2.490452267932953808e-21 7.804474014274826845e-22
3.307902385276974666e+00 5.421898306401515383e-21 7.237703092423732927e-22
3.308567385276546258e+00 2.879577416758368438e-21 6.472827874502843215e-22
3.309232385276117849e+00 -5.928431810550003516e-22 9.481751098592080179e-22
3.309897385275689441e+00 9.665487333580376911e-22 1.040024590912380641e-21
3.310562385275261033e+00 7.317308091185104578e-22 7.265070341645475930e-22
3.311227385274832624e+00 6.106415729269323586e-23 8.448001265704672969e-22
3.311892385274404216e+00 3.679378509637225012e-22 8.554838220974718254e-22
3.312557385273975807e+00 1.790638169556768685e-21 8.950620813899539598e-22
3.313222385273547399e+00 2.119377907673198035e-21 9.056712346817774646e-22
3.313887385273118991e+00 3.885613180954109786e-21 8.352965068129660956e-22
3.314552385272690582e+00 2.631112858512512561e-21 7.521526536500527649e-22
3.315217385272262174e+00 1.265007775531796799e-21 8.892265210122186292e-22
3.315882385271833765e+00 7.954850476205434828e-22 8.012235894456387160e-22
3.316547385271405357e+00 -9.967535694702508895e-23 9.263366179061564491e-22
3.317212385270976949e+00 2.624758307234156652e-21 7.346621331286662793e-22
3.317877385270548540e+00 3.499055509629386635e-21 6.528907273864963097e-22
3.318542385270120132e+00 -1.766534334140485178e-21 8.318667270565270684e-22
3.319207385269691724e+00 -3.523061372299349750e-22 7.822922720876240674e-22
3.319872385269263315e+00 2.450535478867944175e-21 8.793479515836822900e-22
3.320537385268834907e+00 -2.260671055885914369e-21 9.484915386546537759e-22
3.321202385268406498e+00 -3.327369707092396667e-21 8.549054356864464427e-22
3.321867385267978090e+00 9.880268717033707792e-22 1.019351559675789315e-21
3.322532385267549682e+00 8.177324474422591041e-22 7.777609358590635131e-22
3.323197385267121273e+00 2.788376830540159340e-21 1.458050945987326402e-21
3.323862385266692865e+00 1.692200364292077353e-21 8.109050870568214490e-22
3.324527385266264456e+00 4.407174398989013062e-21 7.466831858175978421e-22
3.325192385265836048e+00 5.602743931124994367e-21 1.269297449427457917e-21
3.325857385265407640e+00 3.771272800570753190e-21 9.540831080357298105e-22
3.326522385264979231e+00 3.047754353859564725e-21 1.025571023565498652e-21
3.327187385264550823e+00 -1.542116038653195190e-21 5.067267730368060843e-21
3.327852385264122415e+00 1.357004471718222351e-22 3.230847044600764199e-21
3.328517385263694006e+00 2.926616933954729801e-21 1.133092993899785660e-21
3.329182385263265598e+00 1.218958070804461173e-21 1.084627623320125049e-21
3.329847385262837189e+00 -2.292400403244447569e-21 7.807661363848610422e-22
3.330512385262408781e+00 2.085085516398667771e-21 1.039551556676755994e-21
3.331177385261980373e+00 4.632300511297930157e-22 1.105929855506713017e-21
3.331842385261551964e+00 -4.106538371947194765e-23 1.207309333421996195e-21
3.332507385261123556e+00 1.460516684943658797e-21 8.922238766417247081e-22
3.333172385260695147e+00 1.803647404149717764e-21 1.014751450500448555e-21
3.333837385260266739e+00 3.871438236805047637e-21 9.528688017769877791e-22
3.334502385259838331e+00 9.996513362526485148e-22 9.617072148853225830e-22
3.335167385259409922e+00 -1.209541166750648890e-21 9.874689453412301558e-22
3.335832385258981514e+00 4.968643179440456414e-21 9.338671630607513578e-22
3.336497385258553106e+00 5.378506991181139312e-21 7.235374585493624923e-22
3.337162385258124697e+00 4.636263985112664443e-21 9.802134567452799164e-22
3.337827385257696289e+00 2.995095979843189072e-21 9.686299834669978501e-22
3.338492385257267880e+00 1.016728092930088891e-21 1.046499449904057634e-21
3.339157385256839472e+00 3.467937534076309297e-21 8.788515075388996767e-22
3.339822385256411064e+00 1.295397450403177620e-21 8.928766618344548450e-22
3.340487385255982655e+00 7.296485828519487702e-22 8.071943692102514002e-22
3.341152385255554247e+00 1.117512747653192864e-21 8.430930660723271895e-22
3.341817385255125838e+00 5.524992644383942256e-21 9.354701384323822413e-22
3.342482385254697430e+00 2.537051313436928218e-21 9.423152046698492372e-22
3.343147385254269022e+00 -8.641130269637357955e-22 9.531447996976703892e-22
3.343812385253840613e+00 4.943701263719054764e-22 9.563942726722474007e-22
3.344477385253412205e+00 1.780022854508040065e-21 7.993138779466206998e-22
3.345142385252983797e+00 2.634057965073500497e-21 8.027246842561404628e-22
3.345807385252555388e+00 2.574071323481150847e-21 7.756398966859354015e-22
3.346472385252126980e+00 4.872399761249054259e-21 8.458122389670590696e-22
3.347137385251698571e+00 1.166156103000341047e-21 7.556376154030021513e-22
3.347802385251270163e+00 4.202994405942985802e-22 8.561433851703706161e-22
3.348467385250841755e+00 -1.089462137333827464e-21 9.957553530619849139e-22
3.349132385250413346e+00 2.879686956161310385e-21 7.478878898608779859e-22
3.349797385249984938e+00 3.318203965291238873e-21 9.014098517234162296e-22
3.350462385249556529e+00 1.247539269761500077e-21 7.281196787416367437e-22
3.351127385249128121e+00 2.053020333426503519e-21 1.058216681398613960e-21
3.351792385248699713e+00 4.025751931153953133e-22 7.057234451509323959e-22
3.352457385248271304e+00 7.219127910696993080e-22 7.780329874932559508e-22
3.353122385247842896e+00 2.592814562781777850e-21 6.023442962157867251e-22
3.353787385247414488e+00 4.581592700160889379e-21 1.033397836604793774e-21
3.354452385246986079e+00 3.795444682195839717e-21 7.716141250818409828e-22
3.355117385246557671e+00 3.594370435946408571e-21 5.822858996462499684e-22
3.355782385246129262e+00 5.982090465141586369e-21 9.412587946332192481e-22
3.356447385245700854e+00 3.806489069798675365e-21 9.241040332575235342e-22
3.357112385245272446e+00 4.839987685595011931e-22 1.126649098403732453e-21
3.357777385244844037e+00 1.745534373300513328e-21 7.396331055665529263e-22
3.358442385244415629e+00 1.051363703989470174e-21 7.981372618894808331e-22
3.359107385243987220e+00 2.351568020879028683e-21 8.009210974336804370e-22
3.359772385243558812e+00 5.405642935101369729e-22 8.891285999799318467e-22
3.360437385243130404e+00 -1.235935271776097213e-21 8.933401101688861644e-22
3.361102385242701995e+00 3.493738879935687705e-21 7.891590845065064503e-22
3.361767385242273587e+00 1.270083117624759589e-21 7.821067803145573035e-22
3.362432385241845179e+00 6.188901815955553756e-21 8.435460676599083380e-22
3.363097385241416770e+00 5.390455544910849459e-21 7.917460527605940965e-22
3.363762385240988362e+00 5.467021369529463717e-22 7.287928364432577532e-22
3.364427385240559953e+00 1.387467182640181198e-22 7.600202699931037988e-22
3.365092385240131545e+00 -2.328607974869178962e-21 7.912434707760543483e-22
3.365757385239703137e+00 2.297769655548991898e-21 7.994742034517995784e-22
3.366422385239274728e+00 1.490793396889924704e-21 1.018387625452245413e-21
3.367087385238846320e+00 3.948090341413744618e-21 1.035441860736571003e-21
3.367752385238417911e+00 4.626721685011307417e-21 6.690683724523602058e-22
3.368417385237989503e+00 4.369918231099997121e-21 1.170233868970595305e-21
3.369082385237561095e+00 3.160439869373598004e-21 1.046820537055891186e-21
3.369747385237132686e+00 3.484923360535926223e-21 7.545085795649802084e-22
3.370412385236704278e+00 1.029761976547588986e-21 9.378945276535301592e-22
3.371077385236275870e+00 1.154300228187621552e-21 6.857433109004855601e-22
3.371742385235847461e+00 2.110010414026763959e-21 7.698137360578501466e-22
3.372407385235419053e+00 2.565085817691883571e-21 8.509644820871316893e-22
3.373072385234990644e+00 2.446467228536637569e-21 9.049686569135994888e-22
3.373737385234562236e+00 1.196201617196261250e-21 8.275992901523808417e-22
3.374402385234133828e+00 1.623910026027993410e-21 8.547148536084240346e-22
3.375067385233705419e+00 2.902205161568565295e-21 8.004188153933002042e-22
3.375732385233277011e+00 3.328817952323954365e-21 7.425296322962946289e-22
3.376397385232848602e+00 2.672875244192267252e-21 7.923903733192613194e-22
3.377062385232420194e+00 1.342156428558199766e-21 7.788151797078495954e-22
3.377727385231991786e+00 -4.084239859535068648e-22 9.967627957281000993e-22
3.378392385231563377e+00 -9.927921240375791990e-22 6.840797495893884978e-22
3.379057385231134969e+00 5.834850182507892279e-22 9.239274041590370394e-22
3.379722385230706561e+00 2.662519491322942825e-21 7.473350306933821929e-22
3.380387385230278152e+00 1.773975580677511166e-21 8.497728131409947325e-22
3.381052385229849744e+00 -2.733825124491914396e-21 8.004956380820672472e-22
3.381717385229421335e+00 -1.820362771266793374e-21 9.230901556276550470e-22
3.382382385228992927e+00 5.221758384450956406e-21 1.066526083657753159e-21
3.383047385228564519e+00 5.106395778295229104e-21 7.989417587212088337e-22
3.383712385228136110e+00 2.341451007479233793e-21 5.674041435900423586e-22
3.384377385227707702e+00 8.827420588082508064e-23 8.261744465610292560e-22
3.385042385227279294e+00 1.138738419954498392e-21 7.663509225859073722e-22
3.385707385226850885e+00 3.157617165300103513e-21 6.372123877700713845e-22
3.386372385226422477e+00 -3.771933078928876103e-22 7.508164039585508895e-22
3.387037385225994068e+00 3.158346005152883564e-21 8.643373892437857236e-22
3.387702385225565660e+00 2.439743973822655405e-21 8.170136278866034830e-22
3.388367385225137252e+00 1.096301817446316124e-21 7.742669267873901116e-22
3.389032385224708843e+00 1.018388901083664836e-21 8.615828533820117463e-22
3.389697385224280435e+00 2.844148526244811506e-21 7.077837827739239906e-22
3.390362385223852026e+00 1.166815736156581481e-21 8.788441855356475162e-22
3.391027385223423618e+00 1.330634287221208072e-21 7.255398149110437468e-22
3.391692385222995210e+00 2.472248933469529485e-21 8.273361235475565419e-22
3.392357385222566801e+00 3.056464149612323109e-21 7.294788696402197775e-22
3.393022385222138393e+00 2.292499523671267347e-21 9.643965822264934804e-22
3.393687385221709985e+00 8.593121910632527785e-23 8.368306530898006045e-22
3.394352385221281576e+00 3.309925085204890123e-21 9.982260870615706522e-22
3.395017385220853168e+00 2.433736499630185408e-21 7.382107841066012065e-22
3.395682385220424759e+00 2.371690713586648702e-21 8.602284842318350799e-22
3.396347385219996351e+00 2.414797415150683521e-21 7.124811436253073847e-22
3.397012385219567943e+00 4.042991929105095105e-22 7.878324576160012330e-22
3.397677385219139534e+00 2.980704423972450009e-22 8.877366140674995268e-22
3.398342385218711126e+00 2.457341797317232186e-21 7.888100770351079424e-22
3.399007385218282717e+00 2.238760008958476107e-21 8.803181853468623967e-22
3.399672385217854309e+00 2.450020549228659965e-21 7.790936109674991710e-22
3.400337385217425901e+00 4.088594239511146080e-21 9.660105757541868998e-22
3.401002385216997492e+00 1.760606024503278977e-21 9.521756854193386069e-22
3.401667385216569084e+00 5.312120929701800866e-22 8.514612044724090659e-22
3.402332385216140676e+00 2.800470986186660454e-21 7.191411319071650012e-22
3.402997385215712267e+00 5.566434825265342046e-21 9.972766884351477999e-22
3.403662385215283859e+00 2.033208335209772274e-21 8.973825269705166047e-22
3.404327385214855450e+00 3.058279962786611723e-21 9.878354044890980582e-22
3.404992385214427042e+00 3.281959869137706586e-21 9.185107916101987456e-22
3.405657385213998634e+00 4.103610606334137507e-21 8.911375806196983295e-22
3.406322385213570225e+00 3.566056070792043457e-21 8.397370247591172876e-22
3.406987385213141817e+00 1.761038430923244648e-21 9.691665832777718959e-22
3.407652385212713408e+00 8.420153348963173345e-22 6.056041879207568038e-22
3.408317385212285000e+00 1.128001847579901028e-21 7.171732196716124545e-22
3.408982385211856592e+00 -1.194007555778224594e-22 6.503157810660167792e-22
3.409647385211428183e+00 1.938735525174317979e-21 5.956270092496083835e-22
3.410312385210999775e+00 1.030677986522768420e-21 1.272007900381376679e-21
3.410977385210571367e+00 1.464818170356258346e-21 3.591523849138958981e-21
3.411642385210142958e+00 1.047622932357831162e-22 3.111882148280422206e-21
3.412307385209714550e+00 1.703804180123633760e-21 7.928824592304508847e-22
3.412972385209286141e+00 -2.625555321147925005e-22 5.166282595584928443e-22
3.413637385208857733e+00 -1.977513492811226317e-21 1.004162346540347870e-21
3.414302385208429325e+00 1.304262610470555373e-21 1.108039212859893862e-21
3.414967385208000916e+00 2.428961050108027116e-21 9.205525044749687411e-22
3.415632385207572508e+00 3.351548380716127994e-21 1.053783566872834184e-21
3.416297385207144099e+00 9.513772228409120037e-22 7.608159611826258600e-22
3.416962385206715691e+00 3.345761302187811916e-21 7.253413087851434347e-22
3.417627385206287283e+00 6.409777972271256052e-22 8.235809957270474347e-22
3.418292385205858874e+00 3.774804224668034656e-21 8.614565566529080099e-22
3.418957385205430466e+00 1.352483469433768589e-21 9.002277050320872418e-22
3.419622385205002058e+00 2.981471024929642859e-22 7.554213207822896399e-22
3.420287385204573649e+00 4.364696878979228194e-21 7.372016768338356636e-22
3.420952385204145241e+00 1.766847454824554299e-21 7.728549048074716616e-22
3.421617385203716832e+00 -2.933510370478450555e-22 7.760121169424514504e-22
3.422282385203288424e+00 1.830505715927251448e-21 7.432795173929840823e-22
3.422947385202860016e+00 3.754957690665112050e-21 9.156397060100890449e-22
3.423612385202431607e+00 1.072766730914570916e-21 5.243211148853037130e-22
3.424277385202003199e+00 3.015610257001097199e-21 5.277972265106941486e-22
3.424942385201574790e+00 1.937044343576425464e-21 6.133350028722081616e-22
3.425607385201146382e+00 2.565102834321541332e-21 1.006395341343950796e-21
3.426272385200717974e+00 1.126327769456815575e-21 7.528239419659842956e-22
3.426937385200289565e+00 1.641799229572150054e-21 9.030478382409570510e-22
3.427602385199861157e+00 3.988585946293916703e-21 8.362277588804788216e-22
3.428267385199432749e+00 3.451824117168734819e-21 9.811429753191951882e-22
3.428932385199004340e+00 9.075448163596640306e-22 6.948352718476759633e-22
3.429597385198575932e+00 2.276345057960993841e-21 1.029750230731727817e-21
3.430262385198147523e+00 1.191364694040478692e-21 1.044696134108650918e-21
3.430927385197719115e+00 3.434433597288408416e-21 9.969792965073966677e-22
3.431592385197290707e+00 1.032669082097494227e-21 9.483215360723958223e-22
3.432257385196862298e+00 -1.470626270035119218e-21 8.505137223225309284e-22
3.432922385196433890e+00 8.711975556845785588e-22 9.787858294636633923e-22
3.433587385196005481e+00 3.311858837044353275e-21 6.097215150431916910e-22
3.434252385195577073e+00 6.386652155859925744e-22 6.053599253588715687e-22
3.434917385195148665e+00 7.898556809239631385e-23 9.355440361224139627e-22
3.435582385194720256e+00 2.949772938083564362e-21 8.915309267462140492e-22
3.436247385194291848e+00 -5.295093245493300004e-23 7.635462740359301828e-22
3.436912385193863440e+00 1.616686699051896246e-21 7.042377580247565847e-22
3.437577385193435031e+00 -3.318589435522500770e-21 7.917637806053062898e-22
3.438242385193006623e+00 -2.472814108074951398e-21 9.040312450049383937e-22
3.438907385192578214e+00 -1.009504412901454850e-21 8.774442708435173788e-22
3.439572385192149806e+00 -8.339388404061945123e-22 8.545737217175017227e-22
3.440237385191721398e+00 -8.601226219342040726e-22 9.360998935247207797e-22
3.440902385191292989e+00 6.179434853605671123e-22 7.347827127481409881e-22
3.441567385190864581e+00 4.269191559919914853e-21 7.217505033598143738e-22
3.442232385190436172e+00 6.083483380937490962e-21 7.702312970395932559e-22
3.442897385190007764e+00 -5.541648375933793230e-22 7.602738566918738851e-22
3.443562385189579356e+00 2.019650614175140191e-21 8.334692527827273747e-22
3.444227385189150947e+00 2.818383484792313276e-21 7.553989159750894733e-22
3.444892385188722539e+00 2.696344532591002477e-21 5.725400742991295168e-22
3.445557385188294131e+00 5.306900511044324870e-22 6.649255712698789043e-22
3.446222385187865722e+00 2.449674494873905440e-22 8.989852048809453815e-22
3.446887385187437314e+00 3.780908203622143195e-21 8.677276873792230917e-22
3.447552385187008905e+00 2.577907727457875130e-21 8.535409255511440153e-22
3.448217385186580497e+00 2.009465012061249896e-21 7.202253640903601565e-22
3.448882385186152089e+00 2.685276798531608656e-21 7.832653728705155854e-22
3.449547385185723680e+00 1.504516006140362140e-21 8.016248302177130054e-22
3.450212385185295272e+00 3.222701493220103256e-21 1.008555983305118134e-21
3.450877385184866863e+00 6.754357560050007666e-22 6.432495339795627804e-22
3.451542385184438455e+00 2.982753014197128623e-21 6.761272963911458831e-22
3.452207385184010047e+00 1.509682408736073012e-21 6.223043524978279298e-22
3.452872385183581638e+00 2.017360226090822318e-21 9.746172937027267968e-22
3.453537385183153230e+00 1.816584422526123934e-21 9.211830825540066786e-22
3.454202385182724822e+00 1.498557303149037526e-21 7.859007396840837188e-22
3.454867385182296413e+00 2.644070241943118869e-21 8.209412554065369748e-22
3.455532385181868005e+00 3.724800798618518210e-21 7.606908178335236068e-22
3.456197385181439596e+00 2.201493645546676658e-21 7.373875183537348740e-22
3.456862385181011188e+00 3.634422444986186989e-21 7.324962818929065036e-22
3.457527385180582780e+00 5.530298421665700764e-21 7.749562326939663215e-22
3.458192385180154371e+00 2.686483411232041895e-21 7.061932580710958675e-22
3.458857385179725963e+00 2.776218103278411499e-21 8.512576941859916394e-22
3.459522385179297554e+00 4.527129349832037140e-21 6.582784765991083982e-22
3.460187385178869146e+00 -2.084743251570396549e-22 9.966425865623518667e-22
3.460852385178440738e+00 1.328385102953305951e-21 8.495570562712910900e-22
3.461517385178012329e+00 2.744334132079149882e-21 6.903536419501342533e-22
3.462182385177583921e+00 2.513360427134187018e-21 8.306734395863724508e-22
3.462847385177155513e+00 1.264420634531138824e-21 9.792806245508020193e-22
3.463512385176727104e+00 2.955019508444729065e-21 6.029569913579463558e-22
3.464177385176298696e+00 2.708183995077353073e-21 8.108836141951117687e-22
3.464842385175870287e+00 4.919356162665730843e-21 8.421124341170776415e-22
3.465507385175441879e+00 4.239867342832038249e-21 7.926232688797083792e-22
3.466172385175013471e+00 4.358291355232476831e-21 9.192293084598504675e-22
3.466837385174585062e+00 2.720356885656120792e-21 7.102157965859167547e-22
3.467502385174156654e+00 2.478417338948254991e-21 8.742243809832079687e-22
3.468167385173728245e+00 -1.277254272341366537e-21 6.703686726223341490e-22
3.468832385173299837e+00 7.023076332014449418e-22 5.409919302117667157e-22
3.469497385172871429e+00 4.173661328975883460e-21 6.478440183309204015e-22
3.470162385172443020e+00 3.847081476753492304e-21 7.092601619529199472e-22
3.470827385172014612e+00 3.045529475715289590e-21 7.259338950782054045e-22
3.471492385171586204e+00 2.906861705121086926e-21 9.274596704891119399e-22
3.472157385171157795e+00 1.220337474638208320e-21 8.257980242638924769e-22
3.472822385170729387e+00 6.116523475137954898e-22 6.621999549793207179e-22
3.473487385170300978e+00 7.460746974314189249e-23 5.780121550440095567e-22
3.474152385169872570e+00 2.449805955538370165e-21 8.652843303974468612e-22
3.474817385169444162e+00 1.456935150482244752e-21 6.641716574108916309e-22
3.475482385169015753e+00 -2.251649264101507471e-21 8.136133608996566151e-22
3.476147385168587345e+00 5.210843473998257723e-22 6.879917468058026663e-22
3.476812385168158936e+00 1.640441366613272415e-21 6.444341684275717629e-22
3.477477385167730528e+00 1.672680138193111669e-22 6.851542206884628184e-22
3.478142385167302120e+00 -8.306133449225026677e-22 6.865324401192313253e-22
3.478807385166873711e+00 3.236181124689191351e-22 9.810474139586144232e-22
3.479472385166445303e+00 9.376537043960960769e-22 7.510295961285304738e-22
3.480137385166016895e+00 2.245842269363803728e-21 8.562244882096423634e-22
3.480802385165588486e+00 2.056212142941435680e-21 7.509566759206218307e-22
3.481467385165160078e+00 5.067865825150470459e-22 5.928637691275399426e-22
3.482132385164731669e+00 7.948805407293964806e-22 5.993821658569924636e-22
3.482797385164303261e+00 -4.344866012830828883e-22 6.765427332939414167e-22
3.483462385163874853e+00 -9.562550444134454758e-23 7.539361892396533658e-22
3.484127385163446444e+00 5.079771723737950835e-22 8.862166939465747560e-22
3.484792385163018036e+00 -1.186417793890717440e-21 9.656226136532519640e-22
3.485457385162589627e+00 -1.035464230317016976e-21 7.560544844708156778e-22
3.486122385162161219e+00 -1.893940866745463220e-21 8.742454316383543998e-22
3.486787385161732811e+00 2.082109505932902955e-21 6.654872806428563222e-22
3.487452385161304402e+00 8.743719803632741754e-22 7.868319342951653493e-22
3.488117385160875994e+00 -2.290785611986138531e-22 8.554585909651989186e-22
3.488782385160447586e+00 9.256512018283533284e-22 9.647678008691243668e-22
3.489447385160019177e+00 1.198907575348152680e-21 7.745415329477578123e-22
3.490112385159590769e+00 2.623624080790478171e-21 7.531878233362291224e-22
3.490777385159162360e+00 2.041711079547782595e-21 8.635173563910063228e-22
3.491442385158733952e+00 3.033777570376347536e-21 5.856528568415078608e-22
3.492107385158305544e+00 9.622466704534138741e-22 7.364123661569415297e-22
3.492772385157877135e+00 4.113556394213454173e-21 7.587764861389354180e-22
3.493437385157448727e+00 1.507840953405891780e-21 7.898408887239615160e-22
3.494102385157020318e+00 1.258875852377137236e-21 7.153944643836157916e-22
3.494767385156591466e+00 2.488857825091634101e-21 6.883881845915692117e-22
3.495432385156163058e+00 7.096537693429089772e-22 7.852650875037220145e-22
3.496097385155734649e+00 7.150350924180880318e-22 6.918222172298390281e-22
3.496762385155306241e+00 1.500647442610667595e-21 6.713321031546872824e-22
3.497427385154877832e+00 2.568224572363837603e-21 7.082410485744092451e-22
3.498092385154449424e+00 3.146497694827838030e-21 7.698688999829104226e-22
3.498757385154021016e+00 5.054866404345233583e-21 6.985660486525895395e-22
3.499422385153592607e+00 4.787650932213468608e-21 6.967019807075320864e-22
3.500087385153164199e+00 8.456604979788320867e-22 8.826118482603189159e-22
3.500752385152735791e+00 -9.155388232492859853e-22 7.110323677173104404e-22
3.501417385152307382e+00 6.115919999019185242e-22 7.895355938247756023e-22
3.502082385151878974e+00 1.703318070137992851e-22 7.031001283536742310e-22
3.502747385151450565e+00 1.061469794047070164e-21 9.871384064897453096e-22
3.503412385151022157e+00 3.596521634491583276e-21 7.522131430921141291e-22
3.504077385150593749e+00 2.839513186262381969e-21 6.604797674671637666e-22
3.504742385150165340e+00 -1.188903417595423189e-21 1.009893581925006964e-21
3.505407385149736932e+00 2.842943755944356875e-21 7.536133976038044227e-22
3.506072385149308523e+00 2.410794076047539131e-21 8.221365680497734763e-22
3.506737385148880115e+00 3.142706798825603880e-22 6.655402450374141967e-22
3.507402385148451707e+00 1.774182427673564422e-21 7.006461084987548529e-22
3.508067385148023298e+00 9.969009939155198023e-22 7.571497868604568204e-22
3.508732385147594890e+00 2.239954381849765548e-21 6.833162389633524554e-22
3.509397385147166482e+00 2.039204968698750700e-21 7.507976299514106479e-22
3.510062385146738073e+00 2.635949378647242524e-21 7.110311999154632047e-22
3.510727385146309665e+00 3.010750157955834290e-21 8.320369040478489562e-22
3.511392385145881256e+00 1.735058958209786789e-21 8.061458843766968281e-22
3.512057385145452848e+00 2.329859838724165248e-21 6.289161708774415068e-22
3.512722385145024440e+00 6.251882812062363271e-21 6.297037282136800004e-22
3.513387385144596031e+00 2.991900329200307312e-21 7.437058088034895442e-22
3.514052385144167623e+00 3.332693253919569054e-21 7.501254378054507588e-22
3.514717385143739214e+00 2.313970779493392784e-21 7.424217951104779046e-22
3.515382385143310806e+00 1.965768883064250239e-21 7.355295232011457540e-22
3.516047385142882398e+00 2.447836652227113722e-21 7.049807474667192412e-22
3.516712385142453989e+00 2.667948166017041822e-21 6.724089557781511647e-22
3.517377385142025581e+00 3.473641301902733252e-21 9.919375922420770930e-22
3.518042385141597173e+00 4.702708362183573752e-21 6.509246256632745154e-22
3.518707385141168764e+00 2.345080962480786247e-21 6.872446353942799535e-22
3.519372385140740356e+00 4.303912096400951953e-21 7.580955810581668649e-22
3.520037385140311947e+00 2.544114944538024718e-21 6.765000057397107089e-22
3.520702385139883539e+00 3.049126197254295302e-21 9.763691456402066372e-22
3.521367385139455131e+00 1.848052215811531627e-21 8.032507459793504910e-22
3.522032385139026722e+00 2.864230851058498991e-21 7.127804865252546703e-22
3.522697385138598314e+00 8.476695924367375981e-21 8.656171285455537114e-22
3.523362385138169905e+00 2.815688611069263039e-21 1.128479586228681717e-21
3.524027385137741497e+00 3.938515686234816716e-21 8.251418770216425838e-22
3.524692385137313089e+00 2.508076364748892496e-21 7.649845262764282231e-22
3.525357385136884680e+00 4.315678894896453135e-21 5.585678552279951223e-22
3.526022385136456272e+00 4.009218475073208777e-21 6.088299192006976632e-22
3.526687385136027864e+00 2.837202548584591904e-21 6.766829223499842165e-22
3.527352385135599455e+00 2.987557584149487937e-21 8.149284532425022178e-22
3.528017385135171047e+00 3.920758056923178004e-21 7.667793424201498428e-22
3.528682385134742638e+00 2.038610089600668606e-21 8.355152981707905990e-22
3.529347385134314230e+00 3.497655406521449884e-21 7.744835416830547756e-22
3.530012385133885822e+00 2.474724623465166984e-21 7.200370661615841552e-22
3.530677385133457413e+00 2.513967642936297315e-21 8.135290422985361451e-22
3.531342385133029005e+00 1.359287141396616046e-21 5.472719897871556666e-22
3.532007385132600596e+00 2.097088530165460009e-21 7.148471508018601802e-22
3.532672385132172188e+00 1.163710192918813862e-21 8.965882609978233211e-22
3.533337385131743780e+00 -9.197798058715959641e-22 7.542516729469742997e-22
3.534002385131315371e+00 1.327457731507261873e-23 7.955874909277338649e-22
3.534667385130886963e+00 3.601178796239339363e-21 9.092189344573769878e-22
3.535332385130458555e+00 1.046035264129935299e-21 7.868636422411052307e-22
3.535997385130030146e+00 3.485521587911577130e-22 6.456429887788651674e-22
3.536662385129601738e+00 2.881764184886374252e-21 7.661405638959558142e-22
3.537327385129173329e+00 1.370994252718282426e-21 7.175176967667521708e-22
3.537992385128744921e+00 -1.127957815941176635e-22 6.049351609364934720e-22
3.538657385128316513e+00 -7.360236649704274153e-22 8.320467438256700678e-22
3.539322385127888104e+00 1.917598094221575824e-21 7.132198428124920168e-22
3.539987385127459696e+00 2.184286979623648371e-21 8.668991089914590831e-22
3.540652385127031287e+00 4.181488936803228656e-22 6.809933334002794782e-22
3.541317385126602879e+00 1.194982141483661950e-21 8.220832885989496128e-22
3.541982385126174471e+00 1.982654995067601344e-21 6.412332424718844789e-22
3.542647385125746062e+00 4.845690889040253253e-21 7.485464278101167868e-22
3.543312385125317654e+00 4.329633936307906756e-21 6.941537336151403366e-22
3.543977385124889246e+00 3.796458923248646392e-21 7.461776267495647628e-22
3.544642385124460837e+00 2.361557745922262449e-21 6.745667413435358261e-22
3.545307385124032429e+00 5.069618860196798433e-22 7.067413005688700795e-22
3.545972385123604020e+00 3.035940495456090748e-21 8.371335452173752875e-22
3.546637385123175612e+00 2.248962245516488942e-21 8.613594081487904024e-22
3.547302385122747204e+00 8.475366993996413623e-22 7.872411460887314171e-22
3.547967385122318795e+00 6.207108682668214395e-22 7.692885858956016068e-22
3.548632385121890387e+00 1.706129587518708034e-21 6.228315645966936762e-22
3.549297385121461978e+00 3.310763582331336892e-22 5.236979929346923345e-22
3.549962385121033570e+00 3.640199591760679521e-21 6.897589459075149142e-22
3.550627385120605162e+00 6.379849609729555669e-21 6.330177993491113099e-22
3.551292385120176753e+00 5.110937831353605948e-21 6.073886326440239631e-22
3.551957385119748345e+00 3.934081896487146792e-21 6.472670137832714108e-22
3.552622385119319937e+00 1.382004060203993692e-21 7.040257679641880209e-22
3.553287385118891528e+00 1.643948729000509652e-21 8.536663232425087110e-22
3.553952385118463120e+00 4.215414667560684438e-21 6.252426130064571042e-22
3.554617385118034711e+00 2.289665859001730868e-21 7.253702261296348530e-22
3.555282385117606303e+00 4.095347485158222803e-21 8.350189116615837053e-22
3.555947385117177895e+00 5.405205324331066729e-21 9.066189705789828624e-22
3.556612385116749486e+00 3.642448253042588491e-21 1.061197085979807635e-21
3.557277385116321078e+00 6.027271559971927075e-21 6.829865340218278569e-22
3.557942385115892669e+00 4.680374365748337906e-21 6.133380251229215373e-22
3.558607385115464261e+00 4.753139968416303926e-21 8.461512935839427184e-22
3.559272385115035853e+00 8.544235944150033558e-22 8.792808540145091896e-22
3.559937385114607444e+00 1.965870162897522562e-21 7.101423780643470238e-22
3.560602385114179036e+00 1.799535235432227885e-21 9.831756149473609333e-22
3.561267385113750628e+00 3.469332348856327669e-21 7.255778937348484330e-22
3.561932385113322219e+00 2.631480547710369769e-21 8.693628790233580485e-22
3.562597385112893811e+00 2.547624548761412111e-21 9.065699233382205641e-22
3.563262385112465402e+00 1.357701141982390743e-21 8.139619158856303822e-22
3.563927385112036994e+00 2.301382984685775419e-21 9.089189205122488126e-22
3.564592385111608586e+00 6.584522005573426222e-22 6.969406880854202642e-22
3.565257385111180177e+00 1.589862841887637320e-21 8.882907293031414876e-22
3.565922385110751769e+00 1.439036196823240544e-22 6.705657538892602062e-22
3.566587385110323360e+00 6.985932868190391149e-22 6.815373985801011721e-22
3.567252385109894952e+00 1.062425427211172428e-21 6.750689932819749308e-22
3.567917385109466544e+00 2.462954153201359704e-21 6.436936403809973506e-22
3.568582385109038135e+00 1.447389498482654218e-21 7.080745738588302925e-22
3.569247385108609727e+00 1.673387234450626206e-21 6.732064028921343803e-22
3.569912385108181319e+00 3.074057749849994905e-21 6.971076339702851564e-22
3.570577385107752910e+00 3.164703334011783374e-21 1.003520139388618665e-21
3.571242385107324502e+00 2.796881058311074890e-21 1.655723760763949595e-21
3.571907385106896093e+00 1.182512897339282158e-21 1.141031370789748613e-21
3.572572385106467685e+00 2.433548140890624213e-21 8.515850487310086169e-22
3.573237385106039277e+00 3.591463600312106888e-21 7.327746250988976805e-22
3.573902385105610868e+00 2.144293058885632966e-21 8.973682610476543251e-22
3.574567385105182460e+00 -1.140626241236332905e-21 6.936210219541828677e-22
3.575232385104754051e+00 2.385517687727956182e-21 5.764780986761916942e-22
3.575897385104325643e+00 1.680957727307417151e-21 6.818761779210969293e-22
3.576562385103897235e+00 4.869762069597204394e-21 7.844286013210045013e-22
3.577227385103468826e+00 2.990060447372514972e-21 8.802922129226443724e-22
3.577892385103040418e+00 4.732745937215597909e-22 5.298285049097023582e-22
3.578557385102612010e+00 2.797470557920053403e-21 5.498020045868995594e-22
3.579222385102183601e+00 3.385676675675341638e-21 7.310002371881152042e-22
3.579887385101755193e+00 1.901444287258042363e-21 7.458258296315954570e-22
3.580552385101326784e+00 3.217933795874676252e-21 7.668317580971905284e-22
3.581217385100898376e+00 3.235219364907762470e-21 6.159200516717753338e-22
3.581882385100469968e+00 2.035756319270054985e-21 8.424854864248113011e-22
3.582547385100041559e+00 3.985591038666814515e-21 6.843877458739921213e-22
3.583212385099613151e+00 6.719188820437928741e-21 7.433135636586760914e-22
3.583877385099184743e+00 4.789114931578174197e-21 8.970177464367132762e-22
3.584542385098756334e+00 1.214952896654061357e-21 7.944102594457838121e-22
3.585207385098327926e+00 1.205296165209878674e-22 6.751136779276366228e-22
3.585872385097899517e+00 -4.764491754057129263e-22 6.234882634285304948e-22
3.586537385097471109e+00 3.279165158864022960e-21 6.329526198547636607e-22
3.587202385097042701e+00 2.625643564192743465e-21 6.306641521532080706e-22
3.587867385096614292e+00 2.331749544872645246e-21 8.143260139045810090e-22
3.588532385096185884e+00 -1.466142977837310637e-21 6.859395888165301197e-22
3.589197385095757475e+00 -2.593109182997946163e-22 9.503468260466775239e-22
3.589862385095329067e+00 2.321471457587428186e-21 7.050513362616719602e-22
3.590527385094900659e+00 2.956474849346698015e-21 6.396947467525602630e-22
3.591192385094472250e+00 1.118418613917476006e-21 7.343609751891555024e-22
3.591857385094043842e+00 1.549648507376767436e-21 8.038704757525472926e-22
3.592522385093615434e+00 6.376765289730696431e-21 8.096400698517365020e-22
3.593187385093187025e+00 7.910071288401542799e-21 7.099006328588155225e-22
3.593852385092758617e+00 3.123425253409299013e-21 5.828105707532891918e-22
3.594517385092330208e+00 4.127759859499408728e-21 7.636495058977398241e-22
3.595182385091901800e+00 3.922784261611100334e-21 7.370177588058850562e-22
3.595847385091473392e+00 9.129254080039856943e-22 5.587445542850015587e-22
3.596512385091044983e+00 2.533652361758808010e-21 7.527400925991788588e-22
3.597177385090616575e+00 1.723836148423373106e-21 7.484851655423816987e-22
3.597842385090188166e+00 3.543936771575160645e-21 6.733098088074023890e-22
3.598507385089759758e+00 1.915821580635664562e-21 9.559776148666216934e-22
3.599172385089331350e+00 1.460774678565482867e-21 6.520495819323389914e-22
3.599837385088902941e+00 -3.457668657048726233e-22 7.093281032853999683e-22
3.600502385088474533e+00 -5.135231865845690564e-22 5.322884983317995862e-22
3.601167385088046125e+00 -1.082585789277285331e-21 8.142828079153093289e-22
3.601832385087617716e+00 -2.633327614158504288e-24 7.457027881840472334e-22
3.602497385087189308e+00 4.255207949537646277e-21 7.607332649538368963e-22
3.603162385086760899e+00 3.021465817102441873e-21 6.162045634983863375e-22
3.603827385086332491e+00 1.621324668391365232e-21 7.141787831773514611e-22
3.604492385085904083e+00 1.088829412766659162e-21 6.693158448504954332e-22
3.605157385085475674e+00 2.675827114704358017e-21 8.759027318053063144e-22
3.605822385085047266e+00 1.016350922325927824e-21 7.332961400670636794e-22
3.606487385084618857e+00 2.977403861573898727e-21 6.245143781319699423e-22
3.607152385084190449e+00 2.293894960623968753e-21 8.627924790465556950e-22
3.607817385083762041e+00 4.491186064212885292e-21 7.190734427495205335e-22
3.608482385083333632e+00 -2.642534046255963096e-21 1.201861266981243323e-21
3.609147385082905224e+00 3.928014971470109385e-21 2.393755631841350293e-21
3.609812385082476816e+00 3.627389019723756857e-21 2.029675213805435017e-21
3.610477385082048407e+00 2.614803980376520246e-21 8.265132871846307877e-22
3.611142385081619999e+00 3.673840499422220849e-21 7.383342969884074070e-22
3.611807385081191590e+00 2.749426063183876399e-21 6.550235573782273617e-22
3.612472385080763182e+00 1.116414586640188255e-21 7.437552475889787633e-22
3.613137385080334774e+00 1.486833088685614170e-21 7.793696154645736061e-22
3.613802385079906365e+00 -2.431201080979852656e-21 7.144317893300693862e-22
3.614467385079477957e+00 3.581166864690316660e-22 7.631922969994560655e-22
3.615132385079049548e+00 3.922143169728441937e-21 5.529295475203872542e-22
3.615797385078621140e+00 6.306647574520332544e-23 8.774798838010330282e-22
3.616462385078192732e+00 -3.295584927360484030e-22 7.585270325420338007e-22
3.617127385077764323e+00 6.975481464940801598e-23 6.768213493007154727e-22
3.617792385077335915e+00 2.514132594376160367e-21 8.150135991323322711e-22
3.618457385076907507e+00 2.250091504476614234e-21 7.805919707508687002e-22
3.619122385076479098e+00 1.439861917800164167e-21 6.034512531376907676e-22
3.619787385076050690e+00 2.704085158730337031e-21 7.824622306477974459e-22
3.620452385075622281e+00 1.665178028501105888e-22 8.129630510447061395e-22
3.621117385075193873e+00 -1.629822690085111716e-22 8.786104595237472441e-22
3.621782385074765465e+00 1.825970950708885286e-21 8.483658391674042246e-22
3.622447385074337056e+00 2.766964632667113319e-21 7.487116840686904243e-22
3.623112385073908648e+00 2.105109711101552577e-21 5.359193229702068845e-22
3.623777385073480239e+00 2.410098709268379702e-21 9.072988631948159283e-22
3.624442385073051831e+00 1.772661515593072759e-21 6.272458342624304933e-22
3.625107385072623423e+00 1.238320131083274110e-21 6.393686952746735051e-22
3.625772385072195014e+00 -1.381469074531826645e-22 7.752894834937066070e-22
3.626437385071766606e+00 2.002594075772074469e-21 7.648467669559418828e-22
3.627102385071338198e+00 -6.315416764065562272e-22 6.617164798281814751e-22
3.627767385070909789e+00 2.991184808130491613e-21 4.877786581198679454e-22
3.628432385070481381e+00 2.482032487846672085e-21 6.653325860421782024e-22
3.629097385070052972e+00 3.048785173953974407e-22 7.418437587897782416e-22
3.629762385069624564e+00 2.037861088138326853e-21 9.355394341218778261e-22
3.630427385069196156e+00 2.932507093564591705e-21 7.011050564248410880e-22
3.631092385068767747e+00 2.276009144940313114e-21 6.971205787396654382e-22
3.631757385068339339e+00 2.563026531430128578e-21 9.654885800028571761e-22
3.632422385067910930e+00 4.251664777869599662e-22 8.730572106771523326e-22
3.633087385067482522e+00 8.960203442856003914e-23 5.658797225891646403e-22
3.633752385067054114e+00 9.229709144225103979e-21 8.761490655933963318e-22
3.634417385066625705e+00 6.003223323386305692e-21 8.633836373473541901e-22
3.635082385066197297e+00 2.364889654090107072e-21 7.446932253126578688e-22
3.635747385065768889e+00 1.634516419296677819e-21 6.003558476749163079e-22
3.636412385065340480e+00 -2.949610306012927678e-22 7.410882693919329687e-22
3.637077385064912072e+00 7.890504413965849847e-22 7.774371545568469141e-22
3.637742385064483663e+00 1.887379684916463279e-21 6.661959616194151029e-22
3.638407385064055255e+00 2.914983671240987553e-21 5.940235068341086366e-22
3.639072385063626847e+00 -5.437532058230836861e-22 4.971696813821200407e-22
3.639737385063198438e+00 -3.998568627875630064e-23 5.356417741722781119e-22
3.640402385062770030e+00 2.455147054941333150e-21 6.122430291460877096e-22
3.641067385062341621e+00 2.248161779373690241e-21 5.906988716403880205e-22
3.641732385061913213e+00 1.741247111927559879e-21 6.526761949397996013e-22
3.642397385061484805e+00 8.014217506049911867e-22 7.766109271796199689e-22
3.643062385061056396e+00 4.684324373007110188e-22 6.900132770003206834e-22
3.643727385060627988e+00 1.295175414878649737e-21 6.185743437646973641e-22
3.644392385060199580e+00 1.501977092930694022e-21 5.635025726465375011e-22
3.645057385059771171e+00 2.083069455571811136e-22 8.037875911446418086e-22
3.645722385059342763e+00 1.065015926586168938e-23 5.976326921296595275e-22
3.646387385058914354e+00 -7.042805396068922890e-22 7.577520283848913972e-22
3.647052385058485946e+00 1.981270131914548734e-21 8.075908843559460024e-22
3.647717385058057538e+00 3.920070813566289616e-22 7.139019620692768311e-22
3.648382385057629129e+00 4.107958100274287675e-22 8.802813705222841998e-22
3.649047385057200721e+00 1.606127842679445118e-21 5.822028290489223094e-22
3.649712385056772312e+00 4.534081737038574993e-21 5.641439709087609855e-22
3.650377385056343904e+00 -2.314096957705905875e-22 7.419616654957524888e-22
3.651042385055915496e+00 1.103627112745459301e-21 7.038446181706451248e-22
3.651707385055487087e+00 1.587173901302501729e-21 7.207183467115106199e-22
3.652372385055058679e+00 1.460235411750740735e-21 6.203858683760616136e-22
3.653037385054630271e+00 3.006979075682570088e-21 7.770901368596839114e-22
3.653702385054201862e+00 1.537892732734827657e-21 8.670706145957996556e-22
3.654367385053773454e+00 1.893986638673542475e-21 6.674771784680259595e-22
3.655032385053345045e+00 2.395925835866933352e-22 8.427536798435702219e-22
3.655697385052916637e+00 1.441418222088947170e-21 8.438817903505375787e-22
3.656362385052488229e+00 8.507559127710767031e-22 7.644320264973322305e-22
3.657027385052059820e+00 1.433353371418857069e-21 6.043043681129207141e-22
3.657692385051631412e+00 2.986384973331134988e-21 8.044330628348956383e-22
3.658357385051203003e+00 1.292469961816917128e-21 6.587883229919790498e-22
3.659022385050774595e+00 9.177843039567313145e-22 8.657308049128583841e-22
3.659687385050346187e+00 -1.709801750588857758e-21 6.627945086971672566e-22
3.660352385049917778e+00 1.769717547499344615e-21 6.457887074737620110e-22
3.661017385049489370e+00 -1.107455131737887554e-21 5.751783948500572869e-22
3.661682385049060962e+00 2.405420362003905791e-21 7.340574214845792337e-22
3.662347385048632553e+00 -1.182872792892098522e-21 5.284081522939107816e-22
3.663012385048204145e+00 -1.056116961169149002e-21 7.813413903253300541e-22
3.663677385047775736e+00 7.678754829033771931e-22 6.656809686885048388e-22
3.664342385047347328e+00 1.531382300808318233e-21 6.545843688371357720e-22
3.665007385046918920e+00 8.062411644631561214e-22 6.063406050736454055e-22
3.665672385046490511e+00 4.496972300510317127e-22 5.867915895557583350e-22
3.666337385046062103e+00 -1.688557619270901686e-22 8.373538425643464782e-22
3.667002385045633694e+00 -1.079702268126445307e-21 1.102679135598002240e-21
3.667667385045205286e+00 1.638642150380802630e-21 8.454078165002148377e-22
3.668332385044776878e+00 -9.321382303015406753e-22 6.381714835506852404e-22
3.668997385044348469e+00 -9.141686318852884454e-22 7.281554412830109414e-22
3.669662385043920061e+00 1.361599131945937332e-21 5.750784887684325675e-22
3.670327385043491653e+00 3.084328662494759957e-21 6.764122267696427478e-22
3.670992385043063244e+00 4.726346226363763747e-21 5.623346986727746763e-22
3.671657385042634836e+00 3.229024664623300600e-21 6.697052582666041898e-22
3.672322385042206427e+00 1.114464543592660595e-21 6.656372793953716975e-22
3.672987385041778019e+00 2.854386416555956072e-21 8.136178290606332938e-22
3.673652385041349611e+00 2.993672287487346821e-21 5.789255442694368441e-22
3.674317385040921202e+00 2.069327895016387079e-21 7.378638417115246911e-22
3.674982385040492794e+00 6.986209755357009368e-22 6.566005465213771012e-22
3.675647385040064385e+00 4.233818651997334390e-21 5.156553888546804759e-22
3.676312385039635977e+00 4.332739545426953980e-22 7.294599441958781015e-22
3.676977385039207569e+00 5.899319926328135886e-23 8.679484883421596192e-22
3.677642385038779160e+00 -5.766578204537944023e-22 8.317115727687814835e-22
3.678307385038350752e+00 1.127471361362421375e-21 5.509164145179024285e-22
3.678972385037922344e+00 5.207435911894260018e-21 7.051704108277037352e-22
3.679637385037493935e+00 4.067718980584065118e-21 6.459827802677030491e-22
3.680302385037065527e+00 -5.482244146366559411e-22 6.952620106564869724e-21
3.680967385036637118e+00 -3.423502484349593133e-21 5.575992437688003275e-21
3.681632385036208710e+00 7.081031536078084144e-21 7.189171566030665134e-21
3.682297385035780302e+00 4.737089921763916753e-21 5.638315830672925609e-21
3.682962385035351893e+00 3.223299254006489874e-21 9.009601312052625646e-22
3.683627385034923485e+00 1.250843664502665852e-21 8.046217182692619197e-22
3.684292385034495076e+00 2.067700956797795916e-22 6.572383977572312749e-22
3.684957385034066668e+00 -1.389424881670179243e-21 5.444071293122855706e-22
3.685622385033638260e+00 -1.393486328735011445e-22 1.034958388704484992e-21
3.686287385033209851e+00 2.058159484559297483e-21 7.948022893015095144e-22
3.686952385032781443e+00 -8.834208749506766766e-22 6.378477146657629674e-22
3.687617385032353035e+00 -1.412650043982283910e-21 8.468747082378043047e-22
3.688282385031924626e+00 2.479048272851046642e-21 7.351479246681641324e-22
3.688947385031496218e+00 2.461846094038266869e-21 5.864993926728320165e-22
3.689612385031067809e+00 3.000065970749965359e-21 8.969710008593621472e-22
3.690277385030639401e+00 -1.357524705672204488e-22 7.758249684704619035e-22
3.690942385030210993e+00 -1.634609027290311982e-21 6.554529201546586250e-22
3.691607385029782584e+00 -5.725778025187997897e-21 7.712153869193073807e-22
3.692272385029354176e+00 3.187414835827688087e-21 7.190964749654005088e-22
3.692937385028925767e+00 2.579225296774671921e-21 8.069121523419952072e-22
3.693602385028497359e+00 7.657633003936292213e-22 5.537119400626723064e-22
3.694267385028068951e+00 -2.835438341000875993e-22 6.967057775312031413e-22
3.694932385027640542e+00 1.134072504808593043e-21 5.698998522502196359e-22
3.695597385027212134e+00 1.680094993826710685e-21 7.191561885375418741e-22
3.696262385026783726e+00 2.721061950749061513e-21 6.650451910130360844e-22
3.696927385026355317e+00 1.184088725683429286e-21 6.493594256329582718e-22
3.697592385025926909e+00 3.046589243637679136e-22 6.657959176737943411e-22
3.698257385025498500e+00 -1.676042085013675194e-22 9.394358373183265672e-22
3.698922385025070092e+00 1.095483952267414069e-21 6.429057921037939876e-22
3.699587385024641684e+00 -1.093529711643776297e-21 5.041389757361765209e-22
3.700252385024213275e+00 -5.777279530795555201e-22 7.615164669599884086e-22
3.700917385023784867e+00 1.487279051159552064e-21 5.971954190540705256e-22
3.701582385023356458e+00 2.966249166455623699e-21 7.934084623591140241e-22
3.702247385022928050e+00 2.225954575581532513e-21 5.072229381435833284e-22
3.702912385022499642e+00 2.333592542418678650e-21 5.699145145875103814e-22
3.703577385022071233e+00 1.696231664656533466e-21 8.103219965013759944e-22
3.704242385021642825e+00 2.057172724987302103e-21 8.156658154248864992e-22
3.704907385021214417e+00 4.326536519418720045e-21 5.666950957952639639e-22
3.705572385020786008e+00 1.437273169376190219e-21 5.349894103705641521e-22
3.706237385020357600e+00 9.762710607398558802e-22 7.533467117342098322e-22
3.706902385019929191e+00 7.816232299340921346e-22 8.439550937523420321e-22
3.707567385019500783e+00 -1.105037344674527148e-21 5.697942551598891203e-22
3.708232385019072375e+00 1.454091426400945843e-21 8.750971844188019299e-22
3.708897385018643966e+00 2.919992800524813880e-21 5.617722174254476333e-22
3.709562385018215558e+00 -5.046307184125697820e-22 8.550689675850938536e-22
3.710227385017787149e+00 5.260208463306668381e-22 8.286728364377731619e-22
3.710892385017358741e+00 2.651313302695784033e-21 1.215798514952800627e-21
3.711557385016930333e+00 2.483653735949479276e-21 1.590029717233492879e-21
3.712222385016501924e+00 2.662709559476410593e-21 1.726807829893004266e-21
3.712887385016073516e+00 1.972912882225081983e-21 1.243698363419345086e-21
3.713552385015645108e+00 1.807457799998418346e-23 8.422840815336330656e-22
3.714217385015216699e+00 -3.309585190982405581e-21 1.587471273054973237e-21
3.714882385014788291e+00 2.213000838787053244e-21 7.935684348927990260e-22
3.715547385014359882e+00 1.811599093070718554e-21 7.715547453304184160e-22
3.716212385013931474e+00 2.150244097430252571e-21 5.410510973936617853e-22
3.716877385013503066e+00 1.588260978221888486e-21 7.067832122088775019e-22
3.717542385013074657e+00 -1.388069866046820041e-21 1.334325040776796795e-21
3.718207385012646249e+00 2.833495201291692920e-22 1.278130983117267970e-21
3.718872385012217840e+00 2.526117744894499897e-21 6.885222383999502217e-22
3.719537385011789432e+00 1.111403895003791424e-21 9.231130832046500334e-22
3.720202385011361024e+00 1.563809965758260670e-21 1.446718847867368241e-21
3.720867385010932615e+00 2.026224179390749274e-21 8.466505901249528588e-22
3.721532385010504207e+00 6.225315709681458474e-22 7.013543526586632236e-22
3.722197385010075799e+00 1.826647468218250931e-21 9.276842588956617635e-22
3.722862385009647390e+00 1.436723803040011907e-21 6.791212647357648675e-22
3.723527385009218982e+00 2.106658477758797370e-21 7.801217655349437765e-22
3.724192385008790573e+00 -1.271830648102278204e-22 7.085559504111301370e-22
3.724857385008362165e+00 1.767110619388321208e-21 5.038701029572493380e-22
3.725522385007933757e+00 1.308639258809499249e-21 6.563837270327763590e-22
3.726187385007505348e+00 -9.779325930151732059e-22 7.870669377122413206e-22
3.726852385007076940e+00 1.340526745206423394e-21 7.518747266062130430e-22
3.727517385006648531e+00 4.897932160031795977e-21 6.110875776680541629e-22
3.728182385006220123e+00 1.704033864860191476e-21 5.732042238386164943e-22
3.728847385005791715e+00 1.093340583007093807e-21 6.138229514989206364e-21
3.729512385005363306e+00 1.212843767908104189e-21 6.448802594061661696e-21
3.730177385004934898e+00 6.942226172023167842e-21 1.369661359657518580e-21
3.730842385004506490e+00 2.734039312672436339e-21 6.390722021924324461e-22
3.731507385004078081e+00 2.327803962453230396e-21 5.961887850128916066e-22
3.732172385003649673e+00 1.609003454558632471e-21 4.749399071195519420e-22
3.732837385003221264e+00 2.624277269023323660e-21 6.090195757183364116e-22
3.733502385002792856e+00 4.158372836204604730e-21 8.185935542496473119e-22
3.734167385002364448e+00 2.673199483295466023e-21 8.234519634639300411e-22
3.734832385001936039e+00 3.995434312476687785e-21 7.008541014664128340e-22
3.735497385001507631e+00 2.188398600853220972e-21 7.911961308756701278e-22
3.736162385001079222e+00 2.184712048642650906e-21 7.278475174610347268e-22
3.736827385000650814e+00 1.041038586258908720e-21 6.831274782015838631e-22
3.737492385000222406e+00 2.237676151719086740e-21 6.333610912786787011e-22
3.738157384999793997e+00 1.275397812496993612e-21 6.193319104431235500e-22
3.738822384999365589e+00 7.080064127246970363e-22 8.914552239633031463e-22
3.739487384998937181e+00 -1.321018836821740725e-21 7.737535693383195083e-22
3.740152384998508772e+00 -5.294862492279760956e-22 7.177591732298547903e-22
3.740817384998080364e+00 -1.116165771803347603e-21 6.350113971335073521e-22
3.741482384997651955e+00 2.003580977333750775e-21 8.025167958007543158e-22
3.742147384997223547e+00 2.267320301679262560e-21 6.486084725960867154e-22
3.742812384996795139e+00 2.576507374147188508e-22 6.579308785434347064e-22
3.743477384996366730e+00 5.837914476680080954e-22 7.402616574688922159e-22
3.744142384995938322e+00 2.015589251876730149e-21 6.960334888381146506e-22
3.744807384995509913e+00 1.415188987754816246e-21 7.185357270843362937e-22
3.745472384995081505e+00 1.533516005591313886e-21 7.961714034019932584e-22
3.746137384994653097e+00 1.234887733387993771e-21 6.385081768532961849e-22
3.746802384994224688e+00 1.385177105236861381e-21 5.305747268878636581e-22
3.747467384993796280e+00 4.523761632896072648e-21 6.817909307808791120e-22
3.748132384993367872e+00 4.171072414405883059e-21 5.337956196654713816e-22
3.748797384992939463e+00 3.952315927321695849e-21 6.911981507106890080e-22
3.749462384992511055e+00 2.636924378610452340e-22 5.013518025753532503e-22
3.750127384992082646e+00 2.902332777983588462e-22 7.184066648075041713e-22
3.750792384991654238e+00 2.871289434361770770e-25 7.516819897659172833e-22
3.751457384991225830e+00 3.257875073028228045e-21 7.513716208204353147e-22
3.752122384990797421e+00 1.841005322382319521e-21 6.132782610256716406e-22
3.752787384990369013e+00 3.348213520096002840e-21 6.014723056317340730e-22
3.753452384989940604e+00 2.701376282472714455e-21 7.093162978061594722e-22
3.754117384989512196e+00 2.643732502030025628e-21 6.064321660770564549e-22
3.754782384989083788e+00 2.722148008969610830e-21 6.582108755717133095e-22
3.755447384988655379e+00 1.813912253683697792e-21 7.236731672295796172e-22
3.756112384988226971e+00 3.531062896219877377e-21 7.936379484750762053e-22
3.756777384987798563e+00 3.592102251811077697e-21 7.624202691136594508e-22
3.757442384987370154e+00 8.210534887287290276e-22 7.395567217836718374e-22
3.758107384986941746e+00 -1.291198842290917920e-21 6.785287356356096948e-22
3.758772384986513337e+00 1.945550417324054777e-21 8.471404784037532567e-22
3.759437384986084929e+00 1.255818422806903180e-21 7.018055563133181145e-22
3.760102384985656521e+00 -1.218525141189233135e-21 8.311943926486196619e-22
3.760767384985228112e+00 3.723802852485574180e-22 5.802524401129063073e-22
3.761432384984799704e+00 2.354882778920511020e-21 6.258312730497624112e-22
3.762097384984371296e+00 1.865393705689126244e-21 7.339988862685908135e-22
3.762762384983942887e+00 2.927723759140804622e-21 6.155516430396469492e-22
3.763427384983514479e+00 3.228422416767019717e-21 6.528957694173972368e-22
3.764092384983086070e+00 1.335018031147529666e-21 6.102196107944040605e-22
3.764757384982657662e+00 1.249085207018650660e-21 8.494763740251349885e-22
3.765422384982229254e+00 2.904393133361672637e-21 6.011673676836086655e-22
3.766087384981800845e+00 3.474928280877750122e-21 8.782281197023188703e-22
3.766752384981372437e+00 1.240778697046217121e-21 7.576505928751035284e-22
3.767417384980944028e+00 1.919089594650892916e-21 7.814665821506951864e-22
3.768082384980515620e+00 2.320071498331142999e-21 7.145808534413223599e-22
3.768747384980087212e+00 3.489796108081925886e-21 6.357598437098951240e-22
3.769412384979658803e+00 1.782861355067558085e-21 6.384325176396620981e-22
3.770077384979230395e+00 2.396807750826545413e-21 6.735723977843038947e-22
3.770742384978801987e+00 4.402325113052045591e-22 7.244353670277023706e-22
3.771407384978373578e+00 4.714217035812921786e-21 7.282672927058465747e-22
3.772072384977945170e+00 9.600411739979695461e-22 7.238601308525091992e-22
3.772737384977516761e+00 4.454353398707089233e-22 7.341175800973506684e-22
3.773402384977088353e+00 1.857096597472514039e-21 7.857119989762164959e-22
3.774067384976659945e+00 1.267266360537786648e-21 8.162280378449715522e-22
3.774732384976231536e+00 7.163478229771801475e-22 8.562567602887644400e-22
3.775397384975803128e+00 1.871492184337569627e-21 6.456768560530116106e-22
3.776062384975374719e+00 5.171983418739843890e-22 6.930018695637590432e-22
3.776727384974946311e+00 1.440621676213566492e-21 5.859209502203365202e-22
3.777392384974517903e+00 2.645765740360188528e-21 1.595218302195524654e-21
3.778057384974089494e+00 8.871542300075094064e-22 2.854768724185480471e-21
3.778722384973661086e+00 2.680640949605489233e-22 8.333558270134624524e-22
3.779387384973232678e+00 3.427979852836724374e-21 7.852347630679979927e-22
3.780052384972804269e+00 3.251728181970987555e-21 7.649257416580946625e-22
3.780717384972375861e+00 1.770172820353611538e-21 6.437785426035156055e-22
3.781382384971947452e+00 2.361958511514440962e-21 5.468913712486267504e-22
3.782047384971519044e+00 2.923436475958526067e-21 6.619949847894125783e-22
3.782712384971090636e+00 2.092801707394372717e-21 6.042784621495751136e-22
3.783377384970662227e+00 1.745042153177285598e-21 5.898662464163270728e-22
3.784042384970233819e+00 2.781635747993634417e-21 5.293975863517599976e-22
3.784707384969805410e+00 6.576127031799222872e-22 1.007358947599963069e-21
3.785372384969377002e+00 1.821440016837803148e-21 7.307565272235196773e-22
3.786037384968948594e+00 1.760302367800817519e-21 7.472645738400409252e-22
3.786702384968520185e+00 2.932888990119133308e-21 6.366904130248453642e-22
3.787367384968091777e+00 4.874212716273300482e-21 6.626519312729273212e-22
3.788032384967663369e+00 3.202649634814239273e-21 7.355435148494823079e-22
3.788697384967234960e+00 3.184312643216573965e-21 8.757826064782630319e-22
3.789362384966806552e+00 2.293315675288679595e-21 8.547557278449365353e-22
3.790027384966378143e+00 6.033245693397897620e-22 7.506749595265001426e-22
3.790692384965949735e+00 2.728811922924408997e-21 9.052015382096353188e-22
3.791357384965521327e+00 1.319739076454182227e-21 6.034861583476881332e-22
3.792022384965092918e+00 2.208280163010223350e-21 6.282348066397862606e-22
3.792687384964664510e+00 1.134824262919911398e-21 7.413870721850015611e-22
3.793352384964236101e+00 3.441892935364034822e-21 7.082913916013561459e-22
3.794017384963807693e+00 5.272061458482979459e-22 8.745976283343495855e-22
3.794682384963379285e+00 7.415169107740713298e-22 7.580321174847333537e-22
3.795347384962950876e+00 -1.333947407426341864e-21 7.974624189396180031e-22
3.796012384962522468e+00 1.722791175945160078e-21 7.146449523200926365e-22
3.796677384962094060e+00 1.448913238465403560e-21 5.649033683148304664e-22
3.797342384961665651e+00 6.585712347279831098e-22 8.025742087969331133e-22
3.798007384961237243e+00 -1.455951719370438128e-21 7.425777116440607070e-22
3.798672384960808834e+00 -1.372206857150463158e-21 5.255597498333737210e-22
3.799337384960380426e+00 1.064640789978370524e-21 5.403748930122762116e-22
3.800002384959952018e+00 -4.409336520122493565e-22 4.166438558477806504e-22
3.800667384959523609e+00 -2.622590141351229869e-21 6.938353860294265901e-22
3.801332384959095201e+00 1.884721575199200209e-21 5.766267876390123025e-22
3.801997384958666792e+00 3.506803617326421249e-21 8.068441059534103886e-22
3.802662384958238384e+00 -1.905518263311324909e-21 6.945719181231997575e-22
3.803327384957809976e+00 -1.949984676377876685e-22 6.445359824040043460e-22
3.803992384957381567e+00 1.010687096219671032e-21 8.387022079010186656e-22
3.804657384956953159e+00 1.670544788291960123e-21 5.061609732259523641e-22
3.805322384956524751e+00 3.419925975566961947e-21 5.227845198567714542e-22
3.805987384956096342e+00 1.316260708201346472e-21 6.854491923679449731e-22
3.806652384955667934e+00 2.399879249785022534e-21 6.812399586837398186e-22
3.807317384955239525e+00 2.288619580750228379e-21 8.166278490446091335e-22
3.807982384954811117e+00 1.685555133060642859e-21 7.408256439363645949e-22
3.808647384954382709e+00 3.387760870418551649e-21 5.741067862507572267e-22
3.809312384953954300e+00 6.197563196736891833e-21 5.042285664663139634e-22
3.809977384953525892e+00 2.657507595751810137e-21 7.436425449881829999e-22
3.810642384953097483e+00 2.360654012968085806e-21 7.386500804958042223e-22
3.811307384952669075e+00 1.521623924978524643e-21 7.110619770956944016e-22
3.811972384952240667e+00 5.504726609361751148e-21 7.021615868387381881e-22
3.812637384951812258e+00 3.004062097573339159e-21 5.319801811636852124e-22
3.813302384951383850e+00 4.450342827740122397e-21 6.571759370873481533e-22
3.813967384950955442e+00 3.077081013721871898e-21 7.283800477294954686e-22
3.814632384950527033e+00 4.088123291436753210e-21 5.001245039844454701e-22
3.815297384950098625e+00 2.239216608130426369e-21 7.155133126308818403e-22
3.815962384949670216e+00 2.294497871988417382e-21 8.498461416150011375e-22
3.816627384949241808e+00 3.022346765621997790e-21 7.162137604822119519e-22
3.817292384948813400e+00 2.564958521420450405e-21 6.149185782519924450e-22
3.817957384948384991e+00 2.383775139910820984e-21 7.885401981804084009e-22
3.818622384947956583e+00 3.086835710099533116e-21 7.915262539148068458e-22
3.819287384947528174e+00 4.553231925762152631e-21 7.629600259453335470e-22
3.819952384947099766e+00 3.865172609443305975e-21 7.445009275931296531e-22
3.820617384946671358e+00 1.581228102180896148e-21 9.428517193033058032e-22
3.821282384946242949e+00 3.234487872739645111e-21 5.409440759772936158e-22
3.821947384945814541e+00 7.193267565052910739e-22 7.970836033966559497e-22
3.822612384945386133e+00 2.698951746259804312e-21 5.933302783312832060e-22
3.823277384944957724e+00 1.786731860608751456e-22 9.935351057000428472e-22
3.823942384944529316e+00 7.904850660642188960e-22 7.299640600000405669e-22
3.824607384944100907e+00 3.236318949605269476e-21 6.528598383173107937e-22
3.825272384943672499e+00 -7.104671943705713909e-22 7.333913535444875734e-22
3.825937384943244091e+00 1.910431622158130890e-21 8.406863955692764009e-22
3.826602384942815682e+00 1.921862246131829188e-21 7.910585141520477951e-22
3.827267384942387274e+00 3.008825873155177802e-21 7.999042804546996157e-22
3.827932384941958865e+00 3.176887641664869512e-21 6.196206534137244935e-22
3.828597384941530457e+00 4.176972053688319538e-21 5.968085423683362364e-22
3.829262384941102049e+00 1.565636480643404087e-22 6.139733889682918290e-22
3.829927384940673640e+00 1.223038142748638053e-21 7.030084862229518085e-22
3.830592384940245232e+00 9.183896995016372999e-22 6.907705062700275434e-22
3.831257384939816824e+00 2.372519251910044394e-22 5.767716617630276382e-22
3.831922384939388415e+00 -8.775695360494413040e-23 5.539103356207483129e-22
3.832587384938960007e+00 6.456781713819648032e-22 4.925993770542168576e-22
3.833252384938531598e+00 2.138496084602302917e-21 7.312876891701235649e-22
3.833917384938103190e+00 1.176277090095376520e-21 7.665434303799831903e-22
3.834582384937674782e+00 6.042405703187348874e-22 6.449536198570321576e-22
3.835247384937246373e+00 4.801899819011429722e-21 6.687354017827343972e-22
3.835912384936817965e+00 7.636319881691267016e-22 8.048673646055790677e-22
3.836577384936389556e+00 1.113502469573838600e-21 6.120201850169400527e-22
3.837242384935961148e+00 4.584163749895736366e-21 7.382538274613038470e-22
3.837907384935532740e+00 1.035603600214764734e-21 6.457148682591396035e-22
3.838572384935104331e+00 2.375653746810502336e-21 5.199786658619641972e-22
3.839237384934675923e+00 -4.363347406903136742e-22 1.785429191946144489e-21
3.839902384934247515e+00 1.856024166006235952e-21 2.983023708651025170e-21
3.840567384933819106e+00 -3.399757318401363881e-22 2.729237915825134152e-21
3.841232384933390698e+00 4.706389790207028366e-21 8.404565547919811978e-22
3.841897384932962289e+00 1.960019290688518223e-21 9.047224911672212457e-22
3.842562384932533881e+00 1.368397802680740142e-21 8.604997658470163918e-22
3.843227384932105473e+00 2.354809935650665636e-21 7.683912770592252611e-22
3.843892384931677064e+00 2.753400465729765020e-21 8.363574829337711633e-22
3.844557384931248656e+00 1.451512587473363612e-21 5.860432721519671149e-22
3.845222384930820247e+00 1.211703479830370602e-21 5.195372512173421121e-22
3.845887384930391839e+00 2.421981618682899229e-21 1.084942106827208728e-21
3.846552384929963431e+00 3.401872664368739953e-21 6.625556843836927890e-22
3.847217384929535022e+00 2.348833270531151041e-21 7.696553714294341448e-22
3.847882384929106614e+00 2.630509413251808549e-21 6.244322669169412898e-22
3.848547384928678206e+00 5.275675753902886397e-22 6.574309656206148064e-22
3.849212384928249797e+00 3.504055398853656628e-21 6.563080252895880465e-22
3.849877384927821389e+00 4.586949188124262139e-21 7.380613929451141845e-22
3.850542384927392980e+00 2.169146057587783373e-21 6.173793857512628001e-22
3.851207384926964572e+00 4.427555928889404766e-21 7.065998087362017750e-22
3.851872384926536164e+00 3.467408306840148354e-21 6.328913973481651441e-22
3.852537384926107755e+00 4.023314900217308674e-21 6.449781392758265453e-22
3.853202384925679347e+00 5.164792741091064816e-21 7.718070028618729796e-22
3.853867384925250938e+00 -2.759511866846143903e-21 5.639600448047292550e-22
3.854532384924822530e+00 2.176744164847473705e-21 6.398555438578376483e-22
3.855197384924394122e+00 1.528780851028410776e-21 6.416378976559230002e-22
3.855862384923965713e+00 1.664306062479956273e-21 8.103915787962468106e-22
3.856527384923537305e+00 3.773964237497477298e-21 6.721040787911685273e-22
3.857192384923108897e+00 -4.213334710988856135e-21 7.517050423367146135e-22
3.857857384922680488e+00 5.754281456863080248e-21 6.337334243584401606e-22
3.858522384922252080e+00 1.427117033782845649e-21 5.874316569223009355e-22
3.859187384921823671e+00 2.456581451490631391e-21 6.806883948221430774e-22
3.859852384921395263e+00 5.970297482984909214e-22 5.159615791973007736e-22
3.860517384920966855e+00 2.479630534430730700e-22 8.417223374146486448e-22
3.861182384920538446e+00 3.793183696741557048e-21 6.959987122902593646e-22
3.861847384920110038e+00 -9.903912941571366038e-22 5.949387181692501193e-22
3.862512384919681629e+00 1.904287307488778602e-21 5.669237115262025309e-22
3.863177384919253221e+00 2.358760129607735003e-21 5.464903429055719899e-22
3.863842384918824813e+00 3.127585978222386613e-21 8.210383818575034540e-22
3.864507384918396404e+00 4.413775433418558569e-21 6.542322029898079180e-22
3.865172384917967996e+00 2.151534972691154499e-21 4.621713944940660548e-22
3.865837384917539588e+00 2.798184314884120174e-21 6.350265002115958446e-22
3.866502384917111179e+00 6.807210453832935158e-22 6.219608108719830357e-22
3.867167384916682771e+00 2.402776740493892771e-21 8.095124710482950761e-22
3.867832384916254362e+00 -1.420958952679268268e-22 5.597045105835781923e-22
3.868497384915825954e+00 1.143079033302962727e-21 6.658820045688902077e-22
3.869162384915397546e+00 3.579547028959632105e-21 6.079302253215784223e-22
3.869827384914969137e+00 2.133002033903611356e-21 6.517114868453000491e-22
3.870492384914540729e+00 3.118178957385143579e-21 7.099669358460360917e-22
3.871157384914112320e+00 -3.104273475672793797e-22 6.403315178014220222e-22
3.871822384913683912e+00 1.551989875675749864e-21 6.454982283163434612e-22
3.872487384913255504e+00 2.319654928419839688e-21 8.044790515287761999e-22
3.873152384912827095e+00 1.487974596241845155e-21 7.741998085525754981e-22
3.873817384912398687e+00 5.081030017534460022e-22 7.082156509640632938e-22
3.874482384911970279e+00 -1.754889867476722852e-22 7.047136786135253439e-22
3.875147384911541870e+00 9.391292502408084211e-22 7.311961365109524881e-22
3.875812384911113462e+00 5.918161388846782216e-22 8.056088355619685941e-22
3.876477384910685053e+00 3.089279801840576829e-21 9.074663730793766043e-22
3.877142384910256645e+00 1.228329435437640801e-21 6.474429051809639225e-22
3.877807384909828237e+00 3.689255431023949998e-21 7.534413504237520214e-22
3.878472384909399828e+00 3.113538452958036554e-21 5.707919416337680993e-22
3.879137384908971420e+00 2.545569726292870409e-21 7.072501029653302954e-22
3.879802384908543011e+00 4.309807421648495859e-21 7.693828800948547319e-22
3.880467384908114603e+00 5.432887476587164893e-22 6.342058321560253857e-22
3.881132384907686195e+00 1.234978452206392034e-21 8.273280992813667326e-22
3.881797384907257786e+00 2.613097955520125753e-21 6.301196457336153518e-22
3.882462384906829378e+00 3.035072009173418218e-21 7.306694027024330111e-22
3.883127384906400970e+00 2.988680806156268170e-21 6.796037899764731091e-22
3.883792384905972561e+00 3.750060241080755632e-22 6.471396163795070710e-22
3.884457384905544153e+00 1.296719951947560867e-21 7.457412810507679922e-22
3.885122384905115744e+00 7.778407586223508947e-22 5.996134390586333491e-22
3.885787384904687336e+00 2.582279884758818994e-21 6.852992093157108446e-22
3.886452384904258928e+00 2.670279316589316853e-21 8.432775679462167261e-22
3.887117384903830519e+00 2.831968564358694855e-21 6.788659793872375275e-22
3.887782384903402111e+00 2.372834038280469258e-21 5.709875155388566999e-22
3.888447384902973702e+00 4.397433312188406620e-21 8.027123625930988801e-22
3.889112384902545294e+00 2.291686293899064737e-21 6.974014338476275996e-22
3.889777384902116886e+00 2.038339740362720305e-21 5.904015810494749267e-22
3.890442384901688477e+00 3.437695434308214587e-21 6.115690707202221572e-22
3.891107384901260069e+00 2.636322680668941585e-21 7.178997804695953926e-22
3.891772384900831661e+00 3.968424379824234528e-22 5.806741721062284731e-22
3.892437384900403252e+00 2.443633132792569244e-21 5.719586882603035282e-22
3.893102384899974844e+00 3.264991257429602239e-21 7.850272527700725816e-22
3.893767384899546435e+00 4.604041772573459479e-21 8.485206775536102832e-22
3.894432384899118027e+00 5.715422632043037926e-21 5.640552947687120981e-22
3.895097384898689619e+00 3.099001232449242365e-22 6.122737623325347811e-22
3.895762384898261210e+00 1.340891241727973786e-21 7.827388680453018996e-22
3.896427384897832802e+00 2.707945648478763779e-21 9.139494287175905713e-22
3.897092384897404393e+00 -3.302242125795492473e-21 1.789939030576088223e-21
3.897757384896975985e+00 -3.471353033387245883e-21 2.114842200188536345e-21
3.898422384896547577e+00 3.841536863464702863e-21 1.755608321895526404e-21
3.899087384896119168e+00 2.758696822071791059e-21 6.012823021338784525e-22
3.899752384895690760e+00 2.740500932827315165e-21 5.654417886799750180e-22
3.900417384895262352e+00 1.633026731277227123e-21 6.374095344071477474e-22
3.901082384894833943e+00 -2.634998187371162836e-21 9.000350007565656498e-22
3.901747384894405535e+00 8.047187475435922916e-22 6.806726053143432085e-22
3.902412384893977126e+00 2.701259773827558324e-21 6.493451342693151540e-22
3.903077384893548718e+00 3.563979803585388436e-21 7.995627131227138803e-22
3.903742384893120310e+00 2.593045577792800224e-21 7.666857745902931355e-22
3.904407384892691901e+00 1.117591141150720892e-21 6.310980099585871118e-22
3.905072384892263493e+00 2.825579348099404436e-21 8.678071475386394456e-22
3.905737384891835084e+00 3.960618048081979365e-21 6.345493120996686485e-22
3.906402384891406676e+00 3.597528940023657440e-21 7.995332555524348980e-22
3.907067384890978268e+00 8.850373519052864850e-22 6.954999923899710797e-22
3.907732384890549859e+00 7.282388469738792025e-22 6.300424518443186106e-22
3.908397384890121451e+00 -2.428377818640631478e-22 7.647805136601263695e-22
3.909062384889693043e+00 1.821638283839470441e-21 8.185854096780464804e-22
3.909727384889264634e+00 2.849550414174264475e-21 7.003155406518802977e-22
3.910392384888836226e+00 3.630680825318078984e-22 6.994933734698468137e-22
3.911057384888407817e+00 -1.565814408796081794e-21 7.112380475374082398e-22
3.911722384887979409e+00 -4.682389572102589595e-22 6.004840951303356933e-22
3.912387384887551001e+00 1.350796982667948178e-21 7.486928011076790566e-22
3.913052384887122592e+00 2.201859816005244669e-21 9.868513337964468044e-22
3.913717384886694184e+00 2.005650081763480625e-21 5.763273569543152449e-22
3.914382384886265775e+00 2.180149145793155545e-21 5.860331631641992262e-22
3.915047384885837367e+00 1.172448293700221251e-21 5.818819676620660231e-22
3.915712384885408959e+00 3.930556783209838959e-23 5.367396567942451805e-22
3.916377384884980550e+00 4.337238396740072224e-21 6.809942137359418595e-22
3.917042384884552142e+00 2.223428103068811374e-21 5.907155959129201739e-22
3.917707384884123734e+00 3.112066627093892671e-22 6.313428148795530772e-22
3.918372384883695325e+00 8.291224576692093348e-22 7.571341625347459695e-22
3.919037384883266917e+00 1.434186341027777839e-21 6.068227733471072419e-22
3.919702384882838508e+00 -5.697467049062248292e-22 6.445371635136675140e-22
3.920367384882410100e+00 7.072195922167051684e-22 4.378491559377916371e-22
3.921032384881981692e+00 -7.834424732824831200e-24 4.895814277787855283e-22
3.921697384881553283e+00 1.512939189236261593e-22 6.804793714777764218e-22
3.922362384881124875e+00 2.676189663183995199e-21 5.736601853528142400e-22
3.923027384880696466e+00 6.501921426456045013e-22 5.767329942876360111e-22
3.923692384880268058e+00 3.100808161231357421e-22 6.082656417322085463e-22
3.924357384879839650e+00 3.907127537165924329e-21 6.635241658287832707e-22
3.925022384879411241e+00 1.260252475768335987e-21 5.735463097672714511e-22
3.925687384878982833e+00 1.346448549633502988e-21 7.251102623768447793e-22
3.926352384878554425e+00 1.324078544512680260e-21 6.147472671127467957e-22
3.927017384878126016e+00 2.369975876228242406e-21 6.296752372036726187e-22
3.927682384877697608e+00 -8.736237380237312946e-22 8.170057917958864241e-22
3.928347384877269199e+00 -7.471361152417909720e-22 5.943056651784036493e-22
3.929012384876840791e+00 1.742505842275451027e-21 5.462606377317901206e-22
3.929677384876412383e+00 1.829892341229909513e-21 4.778549768838137085e-22
3.930342384875983974e+00 9.157841813251412599e-22 7.780187453967945787e-22
3.931007384875555566e+00 2.629877902315903744e-21 6.486880884305847943e-22
3.931672384875127157e+00 2.197109650486418818e-21 6.409913004042959567e-22
3.932337384874698749e+00 5.831141857147223415e-21 1.598154581770248791e-21
3.933002384874270341e+00 -3.374224263253218510e-21 5.726078073248135983e-22
3.933667384873841932e+00 1.177598620538342747e-21 1.442898924346400958e-21
3.934332384873413524e+00 2.909961565611607494e-21 6.713326881980395824e-22
3.934997384872985116e+00 3.022342619240836336e-21 7.855362825378274200e-22
3.935662384872556707e+00 4.245402598492618351e-21 7.108176602530350226e-22
3.936327384872128299e+00 1.528629362803830579e-21 5.019238327750652488e-22
3.936992384871699890e+00 5.267700589385626951e-21 6.162776468845177443e-22
3.937657384871271482e+00 1.534489854286776857e-21 7.659360405472639734e-22
3.938322384870843074e+00 2.472933086041728732e-21 4.698671686104259535e-22
3.938987384870414665e+00 5.021499816742010529e-22 7.661424741591937064e-22
3.939652384869986257e+00 -1.350336817329015628e-21 4.797716985682114515e-22
3.940317384869557849e+00 4.901993726394920358e-22 7.972824324765990304e-22
3.940982384869129440e+00 1.681530089061247798e-21 7.557432392313388537e-22
3.941647384868701032e+00 9.150368989022355520e-22 6.118654379823777753e-22
3.942312384868272623e+00 5.939191178662964868e-23 8.198125373029809883e-22
3.942977384867844215e+00 -6.604002744843660866e-22 7.031965199718027980e-22
3.943642384867415807e+00 -4.587200384495549694e-22 9.133316326839664961e-22
3.944307384866987398e+00 1.227815725034119108e-21 7.677441417779994445e-22
3.944972384866558990e+00 8.196389114179374911e-22 6.455856441956435815e-22
3.945637384866130581e+00 1.447130139890554166e-21 6.794587263223631065e-22
3.946302384865702173e+00 2.673086201011537687e-21 6.777038115524271073e-22
3.946967384865273765e+00 -1.509799624096712288e-21 6.796100644754254691e-22
3.947632384864845356e+00 1.068748626577272764e-21 7.825010826581781064e-22
3.948297384864416948e+00 1.650177124507309810e-21 7.584627132556007274e-22
3.948962384863988540e+00 3.382707780680303058e-21 6.971824243650770941e-22
3.949627384863560131e+00 2.968008064864488021e-21 2.939657467415847793e-21
3.950292384863131723e+00 7.226852180077222202e-21 5.013600373150000115e-21
3.950957384862703314e+00 3.772030265563627082e-21 1.244781344149844184e-21
3.951622384862274906e+00 2.240172216937644147e-21 7.291322894021011178e-22
3.952287384861846498e+00 2.937809925964257063e-21 5.772434983219424412e-22
3.952952384861418089e+00 2.470452435984357725e-21 7.245648515151456745e-22
3.953617384860989681e+00 2.390570758903874174e-21 6.194711439748677324e-22
3.954282384860561272e+00 4.097262026231383278e-21 6.791884667623050941e-22
3.954947384860132864e+00 7.699376098870126105e-21 5.810297436151901703e-22
3.955612384859704456e+00 4.797122353442858778e-22 8.047953886017836241e-22
3.956277384859276047e+00 -1.594934251576239073e-22 5.975937055626166036e-22
3.956942384858847639e+00 1.068903577615663568e-21 6.575258661565430021e-22
3.957607384858419231e+00 -3.764396123506524350e-21 5.732228014960720297e-22
3.958272384857990822e+00 -1.292515407952853784e-21 4.526646789402967009e-22
3.958937384857562414e+00 3.127121603757825979e-22 6.512428866140621129e-22
3.959602384857134005e+00 -6.134770403355722909e-22 6.531031350467679607e-22
3.960267384856705597e+00 5.571911504025914469e-22 5.494469435106119607e-22
3.960932384856277189e+00 3.606660530788463345e-21 1.115211752472618585e-21
3.961597384855848780e+00 2.833329031800676204e-21 6.921005999568199573e-22
3.962262384855420372e+00 2.647080064621815568e-21 1.030972796660123260e-21
3.962927384854991963e+00 2.779379063514476504e-21 7.365348122307960494e-22
3.963592384854563555e+00 -1.021419704360644145e-22 5.392809733237351272e-22
3.964257384854135147e+00 6.043908889101222231e-22 7.314384484121935581e-22
3.964922384853706738e+00 6.024744798790850720e-22 6.591206963872867824e-22
3.965587384853278330e+00 1.413682753186902366e-22 6.360364056377569030e-22
3.966252384852849922e+00 -1.424466751303938032e-21 6.468881213753861094e-22
3.966917384852421513e+00 4.686786139434458658e-22 5.887063525108911353e-22
3.967582384851993105e+00 7.715453081478060060e-22 7.635470243232170798e-22
3.968247384851564696e+00 3.686148892194564579e-21 6.504198788927028564e-22
3.968912384851136288e+00 -2.079807036494218168e-21 5.603808275303934549e-22
3.969577384850707880e+00 -5.199562001008668196e-22 7.346289762073275329e-22
3.970242384850279471e+00 2.273807537460365008e-21 6.994153696243898697e-22
3.970907384849851063e+00 2.145475081452746226e-21 6.811836312513975682e-22
3.971572384849422654e+00 4.802449539423058967e-21 6.354188393366266839e-22
3.972237384848994246e+00 6.537491418665933391e-21 6.472089218324952930e-22
3.972902384848565838e+00 3.461848259452560922e-21 5.804531468961361189e-22
3.973567384848137429e+00 6.263993636789039315e-21 6.520143055104516680e-22
3.974232384847709021e+00 6.382049246159026688e-22 1.083763956610377603e-21
3.974897384847280613e+00 -2.418798509626890443e-22 7.434174602504978540e-22
3.975562384846852204e+00 2.872547135505712026e-22 7.058684731734075133e-22
3.976227384846423796e+00 6.104571251589025837e-22 7.291383623832008412e-22
3.976892384845995387e+00 1.708461967057797115e-22 6.332715730692792777e-22
3.977557384845566979e+00 -4.650234332842825416e-23 5.855197338500706322e-22
3.978222384845138571e+00 1.840610283253422429e-21 7.711959043050257293e-22
3.978887384844710162e+00 -3.014546958602654820e-22 5.307506949135555221e-22
3.979552384844281754e+00 4.092407360251609905e-22 7.803007456004369921e-22
3.980217384843853345e+00 9.953212657209687642e-22 6.083426966643087337e-22
3.980882384843424937e+00 3.234494072261483450e-21 6.613571002278113240e-22
3.981547384842996529e+00 -3.380664011322930087e-22 7.633506908321621688e-22
3.982212384842568120e+00 -1.395005607627696109e-21 7.074614219817723410e-22
3.982877384842139712e+00 -9.083477902891178960e-22 4.786780292607589053e-22
3.983542384841711304e+00 1.840562392961688535e-21 6.332842542863007010e-22
3.984207384841282895e+00 -1.604607994895293501e-21 7.619054138223376961e-22
3.984872384840854487e+00 -2.658085557042833314e-21 5.233016049892880784e-22
3.985537384840426078e+00 -1.149706912095147837e-22 5.732065309531413160e-22
3.986202384839997670e+00 3.474617669221722240e-22 7.256691261706303698e-22
3.986867384839569262e+00 4.762072421767554834e-22 6.143204935516888836e-22
3.987532384839140853e+00 1.217919193600170446e-21 5.615035353784079099e-22
3.988197384838712445e+00 4.061448895714371630e-21 5.562242315065574185e-22
3.988862384838284036e+00 -6.288046397405545407e-22 7.251887664817384856e-22
3.989527384837855628e+00 1.600662912176476559e-21 6.513919324062968654e-22
3.990192384837427220e+00 6.475464231121267567e-22 6.990949883057209249e-22
3.990857384836998811e+00 -1.083309664768688948e-21 6.087083873633432802e-22
3.991522384836570403e+00 1.492424924873967530e-21 7.478506273206506398e-22
3.992187384836141995e+00 6.476612421197504276e-23 1.457511917978891206e-21
3.992852384835713586e+00 3.611708384985196434e-21 1.345823291819405809e-21
3.993517384835285178e+00 9.872291400832108022e-22 1.018742065717822684e-21
3.994182384834856769e+00 4.316687168388969624e-22 8.287971026082031350e-22
3.994847384834428361e+00 1.660500382550789861e-21 5.580689543244086727e-22
3.995512384833999953e+00 2.433796932269686854e-21 7.921115537998360419e-22
3.996177384833571544e+00 1.360031193509049159e-21 5.391199987869040522e-22
3.996842384833143136e+00 3.061795032259406318e-21 7.038464795278518800e-22
3.997507384832714727e+00 1.812563250204994994e-21 8.472873528810911087e-22
3.998172384832286319e+00 -7.368100028077979455e-22 6.251577846110890343e-22
3.998837384831857911e+00 1.671043612415627271e-21 4.943188765900811602e-22
3.999502384831429502e+00 1.013127791347188084e-21 6.054444492966550231e-22
4.000167384831001094e+00 8.204529310962042455e-22 9.460959242081600469e-22
4.000832384830572686e+00 -1.431951357597638395e-21 7.084900510113941462e-22
4.001497384830144277e+00 -1.511272731396333776e-21 1.082591422446983001e-20
4.002162384829715869e+00 -2.554828405758231308e-22 1.081032964873896646e-21
4.002827384829287460e+00 -9.343365554082089823e-23 8.008247930068110013e-22
4.003492384828859052e+00 9.320622916570620097e-22 6.070816863474719010e-22
4.004157384828430644e+00 3.346258016239463094e-22 6.812546504844952587e-22
4.004822384828002235e+00 9.792094889167797954e-22 6.191072804998776704e-22
4.005487384827573827e+00 5.533806131664458346e-22 5.521709545296032929e-22
4.006152384827145418e+00 -1.699387215314959427e-22 5.527862974368061747e-22
4.006817384826717010e+00 1.138450848957252332e-21 6.366918249390347105e-22
4.007482384826288602e+00 5.105754842895017781e-22 6.618030614196994078e-22
4.008147384825860193e+00 -2.742091990354300333e-22 7.105061489242280598e-22
4.008812384825431785e+00 -1.204017647600846991e-23 8.566919594314503832e-22
4.009477384825003377e+00 2.730173133193137624e-21 7.532709722492615214e-22
4.010142384824574968e+00 2.879717613800778726e-21 7.425817739593986310e-22
4.010807384824146560e+00 -8.179302590465718462e-22 6.263407451153671025e-22
4.011472384823718151e+00 2.466665075845932608e-21 5.071328240309180531e-22
4.012137384823289743e+00 2.695787770811434715e-21 4.548220229060693233e-22
4.012802384822861335e+00 1.066534812079303895e-21 4.870079562244983600e-22
4.013467384822432926e+00 1.754260861440092378e-21 5.392975794594966341e-22
4.014132384822004518e+00 2.139718657675877765e-21 4.501368527618579755e-22
4.014797384821576109e+00 3.370906118393059636e-21 5.908115891047062102e-22
4.015462384821147701e+00 3.161746618278181760e-21 6.549290556727703539e-22
4.016127384820719293e+00 1.481250541771102021e-21 5.887390644930352887e-22
4.016792384820290884e+00 2.658780561199655334e-23 7.821304977283083461e-22
4.017457384819862476e+00 1.277049286770752358e-22 5.901294116198651517e-22
4.018122384819434068e+00 2.132070284577019980e-21 5.573291677226170593e-22
4.018787384819005659e+00 2.241913784104160239e-21 6.530351010154933079e-22
4.019452384818577251e+00 1.493690083790366937e-21 6.976183009532827153e-22
4.020117384818148842e+00 5.057631086282589979e-21 1.270239121216326324e-21
4.020782384817720434e+00 1.539685023588980148e-21 1.041503963651147565e-21
4.021447384817292026e+00 2.412299917397174218e-21 1.040383852296618196e-21
4.022112384816863617e+00 2.737846507655695529e-21 1.194293568098447266e-21
4.022777384816435209e+00 1.497783255831537123e-21 9.756126095281872069e-22
4.023442384816006800e+00 7.519511392024307991e-22 1.232455495625158436e-21
4.024107384815578392e+00 2.362906215393379828e-21 1.411036337418689358e-21
4.024772384815149984e+00 4.670076108836166503e-22 1.123637623859336670e-21
4.025437384814721575e+00 1.441110531978057661e-21 1.131332502595204829e-21
4.026102384814293167e+00 -6.340391249184347993e-22 1.071799115965073103e-21
4.026767384813864759e+00 3.510761924650486025e-22 1.119680481983650229e-21
4.027432384813436350e+00 -5.295083410276397867e-22 7.995363044102144521e-22
4.028097384813007942e+00 1.538298931355359113e-22 8.292166378234377496e-22
4.028762384812579533e+00 -4.752655529713643284e-22 8.608975211728898101e-22
4.029427384812151125e+00 6.801569258523955537e-23 7.706661433307303209e-22
4.030092384811722717e+00 1.802454930241873604e-21 1.146928686287928520e-21
4.030757384811294308e+00 3.156361143061093171e-21 1.137142189550938397e-21
4.031422384810865900e+00 2.616183265507672165e-21 1.020056246853396404e-21
4.032087384810437491e+00 1.526789441717209118e-21 9.780211201468990267e-22
4.032752384810009083e+00 8.640541782838791026e-22 8.501796807970548527e-22
4.033417384809580675e+00 2.068032411080226335e-21 8.693956732239118514e-22
4.034082384809152266e+00 4.081185625314000118e-21 1.185079928699578324e-21
4.034747384808723858e+00 3.610138426767535125e-21 1.230044334910562636e-21
4.035412384808295450e+00 1.779086256841831305e-21 1.010391080281273908e-21
4.036077384807867041e+00 3.833951757114740432e-21 1.056670270502585211e-21
4.036742384807438633e+00 2.426584006132893851e-21 9.058004403510803327e-22
4.037407384807010224e+00 1.008495864430440243e-22 1.024379068066073277e-21
4.038072384806581816e+00 4.750298478164078483e-21 1.358733070734673396e-21
4.038737384806153408e+00 3.028282646693759924e-21 1.127049168035144128e-21
4.039402384805724999e+00 1.699625021127844470e-21 1.271830446153491971e-21
4.040067384805296591e+00 2.802208684784416856e-21 1.081166213917047186e-21
4.040732384804868182e+00 1.255473022399494788e-21 9.389945475425841261e-22
4.041397384804439774e+00 3.236020573519082847e-21 1.052769247328112215e-21
4.042062384804011366e+00 2.307064813288885560e-21 8.660652372586082558e-22
4.042727384803582957e+00 4.600038067180216593e-22 9.010979453993478896e-22
4.043392384803154549e+00 5.258056135096830795e-22 1.051986099325272571e-21
4.044057384802726141e+00 -2.137193390746116496e-21 9.547672399917628792e-22
4.044722384802297732e+00 4.424267907841465258e-22 1.048925622225583377e-21
4.045387384801869324e+00 3.171893818761837163e-21 1.142183025642039245e-21
4.046052384801440915e+00 1.852272699132940138e-21 1.087299787421552642e-21
4.046717384801012507e+00 2.707603865836370775e-22 1.039608027141594628e-21
4.047382384800584099e+00 6.841507661796808261e-22 8.561649058950244841e-22
4.048047384800155690e+00 2.091286438353154441e-21 1.250474222327422042e-21
4.048712384799727282e+00 1.149187357863349923e-21 1.338252535772677653e-21
4.049377384799298873e+00 6.791228388425336348e-21 3.727312464394756660e-21
4.050042384798870465e+00 6.630426481198456109e-21 3.255559103522639835e-21
4.050707384798442057e+00 3.273527537059430332e-21 2.959810265748225865e-21
4.051372384798013648e+00 7.888589704318647552e-21 3.376615438791909017e-21
4.052037384797585240e+00 9.220677212483466087e-22 1.065328120476323776e-21
4.052702384797156832e+00 1.183935318618837001e-21 1.078115363257693718e-21
4.053367384796728423e+00 3.445232063347531789e-21 1.388640204556477921e-21
4.054032384796300015e+00 1.097102674369598232e-21 1.080991909258342879e-21
4.054697384795871606e+00 2.535812210835298985e-21 1.115582756335459506e-21
4.055362384795443198e+00 3.199655571037260846e-22 9.090485763006903065e-22
4.056027384795014790e+00 -1.619774114806069697e-21 1.055578633705177550e-21
4.056692384794586381e+00 5.909549498345987888e-22 1.066633387555701288e-21
4.057357384794157973e+00 2.313477590485067400e-21 9.609070345754958811e-22
4.058022384793729564e+00 9.412140573713974829e-22 1.189284971450207907e-21
4.058687384793301156e+00 8.562269964497900826e-22 9.272403084490047277e-22
4.059352384792872748e+00 4.835577730657504911e-21 1.097581217366513245e-21
4.060017384792444339e+00 2.428933017603520245e-21 9.760936415058156425e-22
4.060682384792015931e+00 3.129214590972769346e-21 1.186865347534318256e-21
4.061347384791587523e+00 8.131274046584500866e-22 1.061255208338925289e-21
4.062012384791159114e+00 3.767706637405143770e-21 1.070751675248496037e-21
4.062677384790730706e+00 5.396544359449425133e-21 1.365259210183566270e-21
4.063342384790302297e+00 1.903323628063721358e-21 1.349095959484600998e-21
4.064007384789873889e+00 2.868549025551165763e-21 1.347732673721159087e-21
4.064672384789445481e+00 1.153649283731202837e-21 1.111499797436994183e-21
4.065337384789017072e+00 -5.016872650004788700e-22 1.163235956429062144e-21
4.066002384788588664e+00 -2.374225358628010111e-21 9.021219423214167395e-22
4.066667384788160255e+00 1.151061463291332565e-21 1.258113880992392652e-21
4.067332384787731847e+00 1.116043110447350906e-21 1.868617971981755164e-21
4.067997384787303439e+00 1.395435732723951615e-21 1.526166736928070044e-21
4.068662384786875030e+00 2.661534488601676896e-21 1.350142602982980087e-21
4.069327384786446622e+00 4.084737240334106041e-21 1.983576143428501594e-21
4.069992384786018214e+00 -2.587567847878660142e-21 1.773205232798167230e-21
4.070657384785589805e+00 -1.992497720064013106e-21 1.692136744302214505e-21
4.071322384785161397e+00 -7.231578516675997699e-22 1.959944584658998162e-21
4.071987384784732988e+00 -7.597827053708633340e-23 2.313305752572713529e-21
4.072652384784304580e+00 3.212504161144211751e-21 3.420403585681679789e-21
4.073317384783876172e+00 4.361329099255878645e-21 3.018043250555381169e-21
4.073982384783447763e+00 5.835928070877949666e-22 1.469614196910821337e-21
4.074647384783019355e+00 1.111873752860333898e-21 1.916842226940082322e-21
4.075312384782590946e+00 6.451898333150462527e-22 1.314253101644813484e-21
4.075977384782162538e+00 0.000000000000000000e+00 0.000000000000000000e+00
4.076642384781734130e+00 0.000000000000000000e+00 0.000000000000000000e+00
4.077307384781305721e+00 0.000000000000000000e+00 0.000000000000000000e+00
4.077972384780877313e+00 0.000000000000000000e+00 0.000000000000000000e+00
4.078637384780448905e+00 0.000000000000000000e+00 0.000000000000000000e+00
4.079302384780020496e+00 0.000000000000000000e+00 0.000000000000000000e+00
4.079967384779592088e+00 0.000000000000000000e+00 0.000000000000000000e+00
4.080632384779163679e+00 0.000000000000000000e+00 0.000000000000000000e+00
4.081297384778735271e+00 0.000000000000000000e+00 0.000000000000000000e+00
4.081962384778306863e+00 0.000000000000000000e+00 0.000000000000000000e+00
4.082627384777878454e+00 0.000000000000000000e+00 0.000000000000000000e+00
4.083292384777450046e+00 0.000000000000000000e+00 0.000000000000000000e+00
4.083957384777021637e+00 0.000000000000000000e+00 0.000000000000000000e+00
4.084622384776593229e+00 0.000000000000000000e+00 0.000000000000000000e+00
4.085287384776164821e+00 0.000000000000000000e+00 0.000000000000000000e+00
4.085952384775736412e+00 0.000000000000000000e+00 0.000000000000000000e+00
4.086617384775308004e+00 0.000000000000000000e+00 0.000000000000000000e+00
4.087282384774879596e+00 0.000000000000000000e+00 0.000000000000000000e+00
4.087947384774451187e+00 0.000000000000000000e+00 0.000000000000000000e+00
4.088612384774022779e+00 0.000000000000000000e+00 0.000000000000000000e+00
4.089277384773594370e+00 0.000000000000000000e+00 0.000000000000000000e+00
4.089942384773165962e+00 0.000000000000000000e+00 0.000000000000000000e+00
4.090607384772737554e+00 0.000000000000000000e+00 0.000000000000000000e+00
4.091272384772309145e+00 0.000000000000000000e+00 0.000000000000000000e+00
4.091937384771880737e+00 0.000000000000000000e+00 0.000000000000000000e+00
4.092602384771452328e+00 0.000000000000000000e+00 0.000000000000000000e+00
4.093267384771023920e+00 0.000000000000000000e+00 0.000000000000000000e+00
4.093932384770595512e+00 0.000000000000000000e+00 0.000000000000000000e+00
4.094597384770167103e+00 0.000000000000000000e+00 0.000000000000000000e+00
4.095262384769738695e+00 0.000000000000000000e+00 0.000000000000000000e+00
4.095927384769310287e+00 0.000000000000000000e+00 0.000000000000000000e+00
4.096592384768881878e+00 0.000000000000000000e+00 0.000000000000000000e+00
4.097257384768453470e+00 0.000000000000000000e+00 0.000000000000000000e+00
4.097922384768025061e+00 0.000000000000000000e+00 0.000000000000000000e+00
4.098587384767596653e+00 0.000000000000000000e+00 0.000000000000000000e+00
4.099252384767168245e+00 0.000000000000000000e+00 0.000000000000000000e+00
4.099917384766739836e+00 0.000000000000000000e+00 0.000000000000000000e+00
4.100582384766311428e+00 0.000000000000000000e+00 0.000000000000000000e+00
4.101247384765883019e+00 0.000000000000000000e+00 0.000000000000000000e+00
4.101912384765454611e+00 0.000000000000000000e+00 0.000000000000000000e+00
4.102577384765026203e+00 0.000000000000000000e+00 0.000000000000000000e+00
4.103242384764597794e+00 0.000000000000000000e+00 0.000000000000000000e+00
4.103907384764169386e+00 0.000000000000000000e+00 0.000000000000000000e+00
4.104572384763740978e+00 0.000000000000000000e+00 0.000000000000000000e+00
4.105237384763312569e+00 0.000000000000000000e+00 0.000000000000000000e+00
4.105902384762884161e+00 0.000000000000000000e+00 0.000000000000000000e+00
4.106567384762455752e+00 0.000000000000000000e+00 0.000000000000000000e+00
4.107232384762027344e+00 0.000000000000000000e+00 0.000000000000000000e+00
4.107897384761598936e+00 0.000000000000000000e+00 0.000000000000000000e+00
4.108562384761170527e+00 0.000000000000000000e+00 0.000000000000000000e+00
4.109227384760742119e+00 0.000000000000000000e+00 0.000000000000000000e+00
4.109892384760313711e+00 0.000000000000000000e+00 0.000000000000000000e+00
4.110557384759885302e+00 0.000000000000000000e+00 0.000000000000000000e+00
4.111222384759456894e+00 0.000000000000000000e+00 0.000000000000000000e+00
4.111887384759028485e+00 0.000000000000000000e+00 0.000000000000000000e+00
4.112552384758600077e+00 0.000000000000000000e+00 0.000000000000000000e+00
4.113217384758171669e+00 0.000000000000000000e+00 0.000000000000000000e+00
4.113882384757743260e+00 0.000000000000000000e+00 0.000000000000000000e+00
4.114547384757314852e+00 0.000000000000000000e+00 0.000000000000000000e+00
4.115212384756886443e+00 0.000000000000000000e+00 0.000000000000000000e+00
4.115877384756458035e+00 0.000000000000000000e+00 0.000000000000000000e+00
4.116542384756029627e+00 0.000000000000000000e+00 0.000000000000000000e+00
4.117207384755601218e+00 0.000000000000000000e+00 0.000000000000000000e+00
4.117872384755172810e+00 0.000000000000000000e+00 0.000000000000000000e+00
4.118537384754744402e+00 0.000000000000000000e+00 0.000000000000000000e+00
4.119202384754315105e+00 0.000000000000000000e+00 0.000000000000000000e+00
4.119867384753886697e+00 0.000000000000000000e+00 0.000000000000000000e+00
4.120532384753458288e+00 0.000000000000000000e+00 0.000000000000000000e+00
4.121197384753029880e+00 0.000000000000000000e+00 0.000000000000000000e+00
4.121862384752601471e+00 0.000000000000000000e+00 0.000000000000000000e+00
4.122527384752173063e+00 0.000000000000000000e+00 0.000000000000000000e+00
4.123192384751744655e+00 0.000000000000000000e+00 0.000000000000000000e+00
4.123857384751316246e+00 0.000000000000000000e+00 0.000000000000000000e+00
4.124522384750887838e+00 0.000000000000000000e+00 0.000000000000000000e+00
4.125187384750459429e+00 0.000000000000000000e+00 0.000000000000000000e+00
4.125852384750031021e+00 0.000000000000000000e+00 0.000000000000000000e+00
4.126517384749602613e+00 0.000000000000000000e+00 0.000000000000000000e+00
4.127182384749174204e+00 0.000000000000000000e+00 0.000000000000000000e+00
4.127847384748745796e+00 0.000000000000000000e+00 0.000000000000000000e+00
4.128512384748317388e+00 0.000000000000000000e+00 0.000000000000000000e+00
4.129177384747888979e+00 0.000000000000000000e+00 0.000000000000000000e+00
4.129842384747460571e+00 0.000000000000000000e+00 0.000000000000000000e+00
4.130507384747032162e+00 0.000000000000000000e+00 0.000000000000000000e+00
4.131172384746603754e+00 0.000000000000000000e+00 0.000000000000000000e+00
4.131837384746175346e+00 0.000000000000000000e+00 0.000000000000000000e+00
4.132502384745746937e+00 0.000000000000000000e+00 0.000000000000000000e+00
4.133167384745318529e+00 0.000000000000000000e+00 0.000000000000000000e+00
4.133832384744890120e+00 0.000000000000000000e+00 0.000000000000000000e+00
4.134497384744461712e+00 0.000000000000000000e+00 0.000000000000000000e+00
4.135162384744033304e+00 0.000000000000000000e+00 0.000000000000000000e+00
4.135827384743604895e+00 0.000000000000000000e+00 0.000000000000000000e+00
4.136492384743176487e+00 0.000000000000000000e+00 0.000000000000000000e+00
4.137157384742748079e+00 0.000000000000000000e+00 0.000000000000000000e+00
4.137822384742319670e+00 0.000000000000000000e+00 0.000000000000000000e+00
4.138487384741891262e+00 0.000000000000000000e+00 0.000000000000000000e+00
4.139152384741462853e+00 0.000000000000000000e+00 0.000000000000000000e+00
4.139817384741034445e+00 0.000000000000000000e+00 0.000000000000000000e+00
4.140482384740606037e+00 0.000000000000000000e+00 0.000000000000000000e+00
4.141147384740177628e+00 0.000000000000000000e+00 0.000000000000000000e+00
4.141812384739749220e+00 0.000000000000000000e+00 0.000000000000000000e+00
4.142477384739320811e+00 0.000000000000000000e+00 0.000000000000000000e+00
4.143142384738892403e+00 0.000000000000000000e+00 0.000000000000000000e+00
4.143807384738463995e+00 0.000000000000000000e+00 0.000000000000000000e+00
4.144472384738035586e+00 0.000000000000000000e+00 0.000000000000000000e+00
4.145137384737607178e+00 0.000000000000000000e+00 0.000000000000000000e+00
4.145802384737178770e+00 0.000000000000000000e+00 0.000000000000000000e+00
4.146467384736750361e+00 0.000000000000000000e+00 0.000000000000000000e+00
4.147132384736321953e+00 0.000000000000000000e+00 0.000000000000000000e+00
4.147797384735893544e+00 0.000000000000000000e+00 0.000000000000000000e+00
4.148462384735465136e+00 0.000000000000000000e+00 0.000000000000000000e+00
4.149127384735036728e+00 0.000000000000000000e+00 0.000000000000000000e+00
4.149792384734608319e+00 0.000000000000000000e+00 0.000000000000000000e+00
4.150457384734179911e+00 0.000000000000000000e+00 0.000000000000000000e+00
4.151122384733751502e+00 0.000000000000000000e+00 0.000000000000000000e+00
4.151787384733323094e+00 0.000000000000000000e+00 0.000000000000000000e+00
4.152452384732894686e+00 0.000000000000000000e+00 0.000000000000000000e+00
4.153117384732466277e+00 0.000000000000000000e+00 0.000000000000000000e+00
4.153782384732037869e+00 0.000000000000000000e+00 0.000000000000000000e+00
4.154447384731609461e+00 0.000000000000000000e+00 0.000000000000000000e+00
4.155112384731181052e+00 0.000000000000000000e+00 0.000000000000000000e+00
4.155777384730752644e+00 0.000000000000000000e+00 0.000000000000000000e+00
4.156442384730324235e+00 0.000000000000000000e+00 0.000000000000000000e+00
4.157107384729895827e+00 0.000000000000000000e+00 0.000000000000000000e+00
4.157772384729467419e+00 0.000000000000000000e+00 0.000000000000000000e+00
4.158437384729039010e+00 0.000000000000000000e+00 0.000000000000000000e+00
4.159102384728610602e+00 0.000000000000000000e+00 0.000000000000000000e+00
4.159767384728182193e+00 0.000000000000000000e+00 0.000000000000000000e+00
4.160432384727753785e+00 0.000000000000000000e+00 0.000000000000000000e+00
4.161097384727325377e+00 0.000000000000000000e+00 0.000000000000000000e+00
4.161762384726896968e+00 0.000000000000000000e+00 0.000000000000000000e+00
4.162427384726468560e+00 0.000000000000000000e+00 0.000000000000000000e+00
4.163092384726040152e+00 0.000000000000000000e+00 0.000000000000000000e+00
4.163757384725611743e+00 0.000000000000000000e+00 0.000000000000000000e+00
4.164422384725183335e+00 0.000000000000000000e+00 0.000000000000000000e+00
4.165087384724754926e+00 1.473971302789391129e-22 1.975643480491635728e-21
4.165752384724326518e+00 -3.390854546786326482e-21 2.386051739004454700e-21
4.166417384723898110e+00 1.262388718224006452e-22 1.365650215576770537e-21
4.167082384723469701e+00 3.251114049394900818e-21 2.414399199365269346e-21
4.167747384723041293e+00 -7.194939849024578461e-23 2.013295728300933224e-21
4.168412384722612885e+00 5.368244514917911182e-21 3.296906541361858862e-21
4.169077384722184476e+00 3.528166231345518963e-21 2.321891141133004266e-21
4.169742384721756068e+00 1.606791507408198314e-21 2.645343630234255859e-21
4.170407384721327659e+00 2.573983065692828216e-21 1.753641553597442408e-21
4.171072384720899251e+00 -1.589322285291032003e-21 2.011630468307586551e-21
4.171737384720470843e+00 3.544009794763023674e-21 1.725402404168480717e-21
4.172402384720042434e+00 -2.542792896593425264e-21 1.485187250599455252e-21
4.173067384719614026e+00 -3.975582129765184853e-21 1.199505984490847609e-21
4.173732384719185617e+00 2.839314104708353130e-21 1.916677002511231565e-21
4.174397384718757209e+00 4.829974020091313775e-21 1.866326073403057194e-21
4.175062384718328801e+00 7.449390372365027569e-22 1.230403225348230781e-21
4.175727384717900392e+00 -1.187705141669835867e-21 1.405738154169317138e-21
4.176392384717471984e+00 -4.371808701153074915e-21 2.131718296021517718e-21
4.177057384717043576e+00 -2.442071690545108228e-21 1.767658317044341538e-21
4.177722384716615167e+00 -3.156541675655583044e-22 1.764110971231754938e-21
4.178387384716186759e+00 6.867745350862270745e-21 1.755002942002116675e-21
4.179052384715758350e+00 1.689962999320408323e-21 1.102972096810249956e-21
4.179717384715329942e+00 2.286384188609291410e-21 1.360208077788786031e-21
4.180382384714901534e+00 6.051624352168249352e-21 1.580985367310044873e-21
4.181047384714473125e+00 3.454314092804622309e-21 1.109159581779266384e-21
4.181712384714044717e+00 2.605023390650261087e-21 1.454559980221350991e-21
4.182377384713616308e+00 2.351952846757380308e-21 1.280309025759910642e-21
4.183042384713187900e+00 6.098394360346001791e-22 1.017726961779122553e-21
4.183707384712759492e+00 1.139255683900337301e-21 1.123621510937084869e-21
4.184372384712331083e+00 1.866337861759814792e-21 9.694766873430946733e-22
4.185037384711902675e+00 3.520907078542259522e-21 1.082537020872257328e-21
4.185702384711474267e+00 1.482765627587401003e-21 1.372641366655619342e-21
4.186367384711045858e+00 2.708549107077201465e-21 9.901781309738629286e-22
4.187032384710617450e+00 4.124860999756760410e-21 7.844516899553753132e-22
4.187697384710189041e+00 1.002400775088353049e-21 8.372375855306340277e-22
4.188362384709760633e+00 8.281273261941988868e-22 9.469083152153324782e-22
4.189027384709332225e+00 3.898247138610844518e-21 7.853599140532172492e-22
4.189692384708903816e+00 3.215726766760452948e-21 9.423821879676279782e-22
4.190357384708475408e+00 3.675018751563328644e-21 8.362533700919010369e-22
4.191022384708046999e+00 2.755430961220337149e-21 7.204819477050399906e-22
4.191687384707618591e+00 2.733251714439368127e-21 8.360866633569034986e-22
4.192352384707190183e+00 4.466915297685111785e-21 6.626887001554471815e-22
4.193017384706761774e+00 3.941992555262540549e-21 1.006161911064722418e-21
4.193682384706333366e+00 3.456517906490015078e-21 8.183615037642602208e-22
4.194347384705904958e+00 2.278824244797265990e-22 1.020558549191773263e-21
4.195012384705476549e+00 3.357525955551118666e-21 9.132242135974559197e-22
4.195677384705048141e+00 2.133050373813633758e-21 7.030075859250781218e-22
4.196342384704619732e+00 -1.881823039712266387e-21 7.491950218250860045e-22
4.197007384704191324e+00 3.731047789193930096e-21 7.841993718548948711e-22
4.197672384703762916e+00 1.309659425053987844e-21 7.883552087055435762e-22
4.198337384703334507e+00 1.239390156429316698e-21 7.634622380432139454e-22
4.199002384702906099e+00 1.865813782548672281e-21 7.427901935646406445e-22
4.199667384702477690e+00 7.195738304049432120e-22 7.544953001943589917e-22
4.200332384702049282e+00 1.063490895475817612e-21 7.256663006091260343e-22
4.200997384701620874e+00 3.134373719753395140e-21 6.772225671868903179e-22
4.201662384701192465e+00 9.986077162256725587e-22 9.469719786116716288e-22
4.202327384700764057e+00 1.331124406971651108e-21 8.789443707686658841e-22
4.202992384700335649e+00 1.948556965867968879e-21 8.294448658172919832e-22
4.203657384699907240e+00 1.007251661978236046e-21 8.233953457690241270e-22
4.204322384699478832e+00 -8.198147770524037290e-22 6.892901610754008281e-22
4.204987384699050423e+00 -7.470637321333298194e-22 7.318526609349137503e-22
4.205652384698622015e+00 2.464837163534657714e-21 7.317652923057282260e-22
4.206317384698193607e+00 1.905253194765729054e-21 7.831717229340676115e-22
4.206982384697765198e+00 -7.075132028043215091e-22 7.128951956375609364e-22
4.207647384697336790e+00 -1.068169490383970631e-21 8.602526708613790322e-22
4.208312384696908381e+00 1.816424578831340756e-21 6.801785675913592392e-22
4.208977384696479973e+00 7.974862622082619087e-22 8.809221255026990241e-22
4.209642384696051565e+00 1.154829445063959504e-21 7.854286062567288315e-22
4.210307384695623156e+00 4.141906525804186680e-21 1.517713613353339541e-21
4.210972384695194748e+00 -7.687389316708110037e-22 7.622906047423504683e-22
4.211637384694766340e+00 6.179060984712329734e-22 8.531822944440443226e-22
4.212302384694337931e+00 1.538243120803039555e-21 7.759234847269774368e-22
4.212967384693909523e+00 8.643577922299820348e-22 6.803706152629459588e-22
4.213632384693481114e+00 8.011456866291682595e-21 8.258868148559052917e-22
4.214297384693052706e+00 4.253374903732014405e-21 1.028622232950005377e-21
4.214962384692624298e+00 5.863690477881419636e-22 7.573245762158298277e-22
4.215627384692195889e+00 3.836869739671136639e-22 9.948324287730627324e-22
4.216292384691767481e+00 -2.421382426880704915e-21 7.934062304442875927e-22
4.216957384691339072e+00 -1.005253968316866102e-21 8.157714846317366631e-22
4.217622384690910664e+00 -1.563011706369533826e-22 1.141456258844879252e-21
4.218287384690482256e+00 3.791749821812297806e-22 8.450810879815003559e-22
4.218952384690053847e+00 8.050139164182860323e-22 7.025071697866423748e-22
4.219617384689625439e+00 2.878792250085050509e-21 8.289195285583248679e-22
4.220282384689197031e+00 4.769816226493799909e-21 9.282663278976775726e-22
4.220947384688768622e+00 2.333423647183380110e-21 7.593049305771126440e-22
4.221612384688340214e+00 1.294900446626634083e-21 6.836779654712120609e-22
4.222277384687911805e+00 1.060535996793199283e-21 8.282998984362426945e-22
4.222942384687483397e+00 1.326331579792336371e-21 1.073600349732171451e-21
4.223607384687054989e+00 1.210441710662576617e-21 8.929644249939996553e-22
4.224272384686626580e+00 6.133474568398238289e-23 8.884206868462048537e-22
4.224937384686198172e+00 -2.553552592464507970e-21 8.803234961950732647e-22
4.225602384685769763e+00 7.622945266598108522e-22 8.076877060609617985e-22
4.226267384685341355e+00 5.404937515032269729e-22 8.958357108691925955e-22
4.226932384684912947e+00 2.163369288881164142e-21 9.555558350824843315e-22
4.227597384684484538e+00 2.409649020166838824e-21 8.062245329180219508e-22
4.228262384684056130e+00 3.689335038743729865e-21 6.753602443482232702e-22
4.228927384683627722e+00 3.361826001730062802e-21 7.916970352188623634e-22
4.229592384683199313e+00 1.128118937257315318e-21 7.885940074650656874e-22
4.230257384682770905e+00 3.161875505103414353e-21 8.807717714014210604e-22
4.230922384682342496e+00 2.919049716415169652e-21 7.523167200654474931e-22
4.231587384681914088e+00 1.608114805583140696e-21 8.082889200542650862e-22
4.232252384681485680e+00 2.652863656650863878e-21 8.764959966099761386e-22
4.232917384681057271e+00 -1.408180228082456228e-21 8.653024895480122965e-22
4.233582384680628863e+00 1.481895112197005567e-21 1.074370444832499623e-21
4.234247384680200454e+00 -1.502664477802156591e-22 9.323196158798231863e-22
4.234912384679772046e+00 2.096032625376393364e-22 9.557806738232528183e-22
4.235577384679343638e+00 1.253343718769307421e-21 8.869166976571893568e-22
4.236242384678915229e+00 3.087175881351422822e-21 9.838866868400681874e-22
4.236907384678486821e+00 1.820734466198942881e-21 9.370535784550526056e-22
4.237572384678058413e+00 6.016826218844878101e-23 1.036139115914352008e-21
4.238237384677630004e+00 1.004286216785429130e-21 9.995236212457324105e-22
4.238902384677201596e+00 2.521698204568605292e-21 7.110345813784577987e-22
4.239567384676773187e+00 3.753119263207661465e-21 6.113372551777221143e-22
4.240232384676344779e+00 1.745593226357149263e-21 9.869933030494625867e-22
4.240897384675916371e+00 -1.132464648060452016e-21 1.301911542128442920e-21
4.241562384675487962e+00 -1.257556978857564474e-21 6.184780988392196202e-22
4.242227384675059554e+00 9.317861986237249107e-21 8.536186285481091895e-22
4.242892384674631145e+00 6.374778265796553851e-21 9.546595495496640261e-22
4.243557384674202737e+00 -5.196383612163301993e-22 9.523659878128996744e-22
4.244222384673774329e+00 -1.736453052749219622e-21 7.714482141410717328e-22
4.244887384673345920e+00 4.966867620339403675e-22 8.846097833158494301e-22
4.245552384672917512e+00 9.979315510274710232e-23 9.209879406748126732e-22
4.246217384672489104e+00 -5.178757594219978765e-22 9.982229605656525866e-22
4.246882384672060695e+00 4.231186846896929847e-22 8.449979671858784903e-22
4.247547384671632287e+00 1.269255636001007754e-21 7.480206449476575480e-22
4.248212384671203878e+00 8.708328053441907898e-22 1.114945403967633976e-21
4.248877384670775470e+00 1.377818302990883474e-21 9.203166481574685423e-22
4.249542384670347062e+00 1.845330544071001728e-21 7.026622191730276835e-22
4.250207384669918653e+00 3.880443877480092500e-21 8.338946826960778104e-22
4.250872384669490245e+00 5.839491862115896188e-21 8.717513975866502803e-22
4.251537384669061836e+00 3.786270396924719650e-21 7.959038655390419291e-22
4.252202384668633428e+00 3.309856168691282609e-21 9.863883778662672955e-22
4.252867384668205020e+00 1.182532115123268054e-21 8.228295358850979411e-22
4.253532384667776611e+00 3.551938711844634242e-21 8.996761876306330201e-22
4.254197384667348203e+00 2.055361170540883690e-21 9.361024227404314485e-22
4.254862384666919795e+00 1.904784184922581065e-21 9.429240121773966067e-22
4.255527384666491386e+00 1.129509091334434042e-21 8.676095369619208953e-22
4.256192384666062978e+00 -3.172805738044446931e-21 7.420288622700499494e-22
4.256857384665634569e+00 -9.003686573479050517e-22 7.460376135395777121e-22
4.257522384665206161e+00 -1.927431966153250899e-21 8.701731803173783280e-22
4.258187384664777753e+00 -7.470599722091788473e-22 1.122332493239900249e-21
4.258852384664349344e+00 2.514502273062963328e-21 1.103922347938080462e-21
4.259517384663920936e+00 -8.148121860708676669e-22 9.809806553668050097e-22
4.260182384663492527e+00 -4.569741501962866318e-21 8.398403788811003269e-22
4.260847384663064119e+00 -1.227946354379254302e-21 8.442546656702125711e-22
4.261512384662635711e+00 9.435076657668098970e-22 7.842287136538747513e-22
4.262177384662207302e+00 8.058238741210388068e-22 9.783294715385146691e-22
4.262842384661778894e+00 1.139744832052994370e-21 7.885424976654661318e-22
4.263507384661350486e+00 1.096691636058426212e-21 1.062625652395150057e-21
4.264172384660922077e+00 1.749962663104685460e-21 9.035846366874819516e-22
4.264837384660493669e+00 -1.983891667085832172e-22 8.459739597085780502e-22
4.265502384660065260e+00 -1.129078997558286623e-21 1.058900375498409915e-21
4.266167384659636852e+00 1.502725222495989765e-21 1.119852538741531860e-21
4.266832384659208444e+00 4.929502002093624001e-21 1.498152316659607908e-21
4.267497384658780035e+00 3.425946674133614735e-21 1.397356501753448400e-21
4.268162384658351627e+00 -1.240004748227699711e-21 1.575348494562631982e-21
4.268827384657923218e+00 3.570111867600039922e-21 8.381403924030449549e-22
4.269492384657494810e+00 5.077270063066596891e-21 1.776326547156654339e-21
4.270157384657066402e+00 6.123194977154285010e-21 2.590738107726301714e-21
4.270822384656637993e+00 1.645966858202437451e-21 1.317997200977451447e-21
4.271487384656209585e+00 8.508837008726799552e-22 1.706297545362674199e-21
4.272152384655781177e+00 1.605220167038246107e-21 1.105465057272673286e-21
4.272817384655352768e+00 3.280901520527432782e-21 1.199587736761074833e-21
4.273482384654924360e+00 -3.117045150173191839e-23 7.247855900628170910e-22
4.274147384654495951e+00 1.900399347341276383e-21 9.952158297172412836e-22
4.274812384654067543e+00 3.745288476346164095e-21 9.316403267989751221e-22
4.275477384653639135e+00 2.348221818172165733e-21 7.816328970297932653e-22
4.276142384653210726e+00 -5.247290878974068967e-22 8.738088704990608460e-22
4.276807384652782318e+00 8.006474180727485039e-22 1.052498971594551656e-21
4.277472384652353909e+00 1.136967465082641073e-22 9.720135150618174524e-22
4.278137384651925501e+00 2.108194723863695030e-21 1.061450085557490444e-21
4.278802384651497093e+00 1.369545665037014676e-21 7.317520378190225075e-22
4.279467384651068684e+00 2.214644300388557898e-21 8.422662840093342673e-22
4.280132384650640276e+00 3.890085267638379318e-21 1.045061663098020677e-21
4.280797384650211868e+00 4.312716235498464333e-21 7.842937128390973783e-22
4.281462384649783459e+00 4.499217767456285826e-22 8.729832790763290518e-22
4.282127384649355051e+00 4.420631787084600142e-21 7.192466678330619074e-22
4.282792384648926642e+00 2.700240697260680412e-21 9.379793212880350464e-22
4.283457384648498234e+00 -2.477358191891754606e-22 6.676556719536491860e-22
4.284122384648069826e+00 -4.300080286670547988e-21 2.097036619617988990e-21
4.284787384647641417e+00 1.781415928937189862e-21 1.017120471252657259e-21
4.285452384647213009e+00 2.681521709356945606e-21 1.054963982100981687e-21
4.286117384646784600e+00 3.296032446518155687e-21 1.177735787453996736e-21
4.286782384646356192e+00 1.087165003563859022e-21 1.284252831610313826e-21
4.287447384645927784e+00 1.777486145228200983e-21 9.379900006309624933e-22
4.288112384645499375e+00 -1.359799269191809130e-21 1.384163903010542057e-21
4.288777384645070967e+00 3.580945722528524433e-21 9.101761571038394637e-22
4.289442384644642559e+00 6.665018185420867872e-21 1.326839984609090885e-21
4.290107384644214150e+00 2.632543063248368211e-21 1.443659767046737745e-21
4.290772384643785742e+00 1.861954490442654547e-21 1.160716077668574665e-21
4.291437384643357333e+00 1.052163114577029707e-21 9.102957569475328507e-22
4.292102384642928925e+00 3.544015971262444416e-21 7.107659467877446611e-22
4.292767384642500517e+00 6.482662154422534997e-21 8.240317455490689941e-22
4.293432384642072108e+00 1.363426978079467679e-21 1.208228972420176233e-21
4.294097384641643700e+00 1.659069301864587795e-22 9.811626340513753433e-22
4.294762384641215291e+00 2.430859366523262831e-22 9.542464422585452098e-22
4.295427384640786883e+00 -1.766142615082896014e-21 8.251787631832878985e-22
4.296092384640358475e+00 6.055645146339556296e-21 8.781917936252298626e-22
4.296757384639930066e+00 4.679192780997084186e-21 1.003929525253501586e-21
4.297422384639501658e+00 3.226541536255488535e-21 1.143396219889567484e-21
4.298087384639073250e+00 3.958375194992298126e-21 1.091351046209985399e-21
4.298752384638644841e+00 4.467899361253047392e-21 1.108127939767043344e-21
4.299417384638216433e+00 3.748391284384379207e-21 8.088372641451812545e-22
4.300082384637788024e+00 7.310762730523108107e-22 8.021243817121751305e-22
4.300747384637359616e+00 1.666065959795958204e-21 1.325052671106749731e-21
4.301412384636931208e+00 3.551619020067457921e-21 1.183065094514858550e-21
4.302077384636502799e+00 3.428868983407228275e-21 2.252436675518343789e-21
4.302742384636074391e+00 2.226641377998047159e-21 9.750020242220958753e-22
4.303407384635645982e+00 2.633714455613073902e-21 8.056900877115296436e-22
4.304072384635217574e+00 3.784713358105829249e-21 8.153065137777619189e-22
4.304737384634789166e+00 4.993389716724191587e-21 9.520083070352857853e-22
4.305402384634360757e+00 -1.053897465859535393e-22 9.467531422292339178e-22
4.306067384633932349e+00 2.166972453992407017e-21 9.320209789940259193e-22
4.306732384633503941e+00 2.276147431033857177e-21 7.425996334805635699e-22
4.307397384633075532e+00 2.951620959217624933e-21 8.578025445858074310e-22
4.308062384632647124e+00 9.893041135838829501e-22 9.353795727662581889e-22
4.308727384632218715e+00 2.724702363074049510e-21 8.286508624045802127e-22
4.309392384631790307e+00 1.642845382581719846e-22 8.564450374425599920e-22
4.310057384631361899e+00 1.800417746928737032e-21 1.140168788892301858e-21
4.310722384630933490e+00 1.244594717097751617e-22 9.236278728440199395e-22
4.311387384630505082e+00 4.633549337308902057e-21 9.295271511759550586e-22
4.312052384630076673e+00 2.749118420636931676e-21 1.070222149879613314e-21
4.312717384629648265e+00 1.419705249369009727e-21 1.132245020785262585e-21
4.313382384629219857e+00 6.356320162208256388e-21 8.360538758437151463e-22
4.314047384628791448e+00 3.810634477734183226e-21 7.890620277986352444e-22
4.314712384628363040e+00 3.699715856971587706e-21 6.514027333327305937e-22
4.315377384627934632e+00 3.410320990858060376e-21 8.020250604505064984e-22
4.316042384627506223e+00 4.277717918085024463e-22 1.031656010777197084e-21
4.316707384627077815e+00 1.168927198607363621e-21 1.075307186831327097e-21
4.317372384626649406e+00 -1.094163680607489244e-21 9.024799473693453276e-22
4.318037384626220998e+00 -2.914720332764190124e-21 8.802641101006168830e-22
4.318702384625792590e+00 3.219543292021287414e-21 1.040777632094206582e-21
4.319367384625364181e+00 2.074412860465763000e-21 1.034398668173239397e-21
4.320032384624935773e+00 2.090764958249143160e-22 9.825712743428428623e-22
4.320697384624507364e+00 2.645566397668529349e-21 9.308595974639894464e-22
4.321362384624078956e+00 7.884096367129284407e-22 9.378528620143556728e-22
4.322027384623650548e+00 -3.044213772808361059e-22 9.244035125756778167e-22
4.322692384623222139e+00 -1.575684809075552522e-21 8.344444362123398868e-22
4.323357384622793731e+00 1.023961551560656723e-22 8.861738617335033030e-22
4.324022384622365323e+00 6.044288207921859181e-22 1.249025368293473922e-21
4.324687384621936914e+00 -1.478017961067737991e-22 1.059616143904636518e-21
4.325352384621508506e+00 -2.192239898070805082e-21 1.077903230909437131e-21
4.326017384621080097e+00 1.303035746970330462e-22 1.255048433221463684e-21
4.326682384620651689e+00 -1.013102113699337614e-22 1.070200393736842507e-21
4.327347384620223281e+00 -1.979987952986017292e-21 1.028049182113927625e-21
4.328012384619794872e+00 1.123096671454237876e-21 1.109855658426933505e-21
4.328677384619366464e+00 7.680784773823896453e-22 7.890806377052647446e-22
4.329342384618938055e+00 1.498109138345850599e-21 1.195570893067965687e-21
4.330007384618509647e+00 4.336177391806059981e-21 1.072641012965460108e-21
4.330672384618081239e+00 6.113760741742124646e-21 1.191314554571351619e-21
4.331337384617652830e+00 1.364082055849084673e-21 1.150989526451899662e-21
4.332002384617224422e+00 3.107046443976156572e-21 1.230442457473968515e-21
4.332667384616796014e+00 5.299764129730278523e-21 7.744149373029027827e-22
4.333332384616367605e+00 3.667889883006069163e-22 7.041252058168954863e-22
4.333997384615939197e+00 -9.857785233202235858e-22 1.136845210475660084e-21
4.334662384615510788e+00 1.198201759494797144e-20 1.336160946555284381e-21
4.335327384615082380e+00 1.827717259947727938e-21 9.090857528784551462e-22
4.335992384614653972e+00 7.544572389165243715e-22 1.015928916261163133e-21
4.336657384614225563e+00 1.363415814022755582e-21 1.135544648756727946e-21
4.337322384613797155e+00 8.239881711641923629e-22 9.016097320673213102e-22
4.337987384613368746e+00 3.263545547975481285e-21 1.138783816714379768e-21
4.338652384612940338e+00 9.786456488419191369e-22 1.006371178309715436e-21
4.339317384612511930e+00 -1.378702415591795326e-21 8.832092808662516293e-22
4.339982384612083521e+00 -3.501902475440225860e-21 9.014236245943861112e-22
4.340647384611655113e+00 -3.119976486394795599e-21 1.125333458716622129e-21
4.341312384611226705e+00 1.491798118885990832e-21 1.201081017562746972e-21
4.341977384610798296e+00 4.670680407760755378e-22 1.065585384649439217e-21
4.342642384610369888e+00 -6.640447612333939100e-23 8.929684667999488879e-22
4.343307384609941479e+00 -1.587630896279396229e-21 1.300608587727172926e-21
4.343972384609513071e+00 -6.181422129627865236e-22 7.743398935492573842e-22
4.344637384609084663e+00 3.120582207180996435e-21 2.058238678989843868e-21
4.345302384608656254e+00 5.993242108814222002e-21 1.039392473152461403e-21
4.345967384608227846e+00 2.818892979246889964e-21 8.412325130157971866e-22
4.346632384607799438e+00 -2.361138617670163365e-21 1.300105838156267008e-21
4.347297384607371029e+00 -5.514154076296831372e-22 1.096357870566428151e-21
4.347962384606942621e+00 -1.263394357497113552e-21 1.311682601440997341e-21
4.348627384606514212e+00 -4.109581799347383321e-22 9.722910003584100038e-22
4.349292384606085804e+00 -1.044860683120574258e-21 8.759760076917039934e-22
4.349957384605657396e+00 1.851445016715087255e-21 7.867409512466365219e-22
4.350622384605228987e+00 2.346379428419461661e-21 1.336539657785778359e-21
4.351287384604800579e+00 5.150264432369804397e-22 9.453866008265668532e-22
4.351952384604372170e+00 2.617663643236818644e-21 7.219580701179767518e-22
4.352617384603943762e+00 4.383035532597886519e-21 8.662023447980218626e-22
4.353282384603515354e+00 4.831490718608492928e-21 9.113137295011905678e-22
4.353947384603086945e+00 3.705838184124982853e-21 8.186250127454174884e-22
4.354612384602658537e+00 2.646118755319981346e-21 1.012080486356475069e-21
4.355277384602230129e+00 1.578993137978979838e-21 1.147210156390339972e-21
4.355942384601801720e+00 2.594194115556744170e-21 1.001637240463489133e-21
4.356607384601373312e+00 8.598758011096735026e-22 1.043718682595853234e-21
4.357272384600944903e+00 -1.201379216126384612e-21 1.107289091320463587e-21
4.357937384600516495e+00 -3.092281423892030447e-21 8.370985523034907823e-22
4.358602384600088087e+00 -3.694846667063756773e-22 9.451984307827634932e-22
4.359267384599659678e+00 -1.117469758909408304e-22 7.566635551700555066e-22
4.359932384599231270e+00 -4.657634027931983272e-22 1.331245263386966554e-21
4.360597384598802861e+00 -8.837607174725733827e-22 1.040905513110452688e-21
4.361262384598374453e+00 1.578359966029679852e-21 9.829778593636465093e-22
4.361927384597946045e+00 -8.538097767490810738e-22 9.930307464633506345e-22
4.362592384597517636e+00 1.225963440896930993e-21 9.653780567060742954e-22
4.363257384597089228e+00 2.032784421770606585e-21 8.936006070982054884e-22
4.363922384596660820e+00 1.787649576789405848e-21 8.725977912096209974e-22
4.364587384596232411e+00 7.129753218780650026e-22 8.945576655398530702e-22
4.365252384595804003e+00 -5.885989322321760386e-22 7.468794419441284193e-22
4.365917384595375594e+00 -3.749018435728487589e-21 8.683260014383015147e-22
4.366582384594947186e+00 -1.163483417698643864e-21 9.193835253363477931e-22
4.367247384594518778e+00 7.571488301747920717e-22 8.265998513648633176e-22
4.367912384594090369e+00 -9.509194047698813064e-22 1.036239257893433743e-21
4.368577384593661961e+00 -1.942947051738815427e-22 9.185115236569808520e-22
4.369242384593233552e+00 7.674153917325220441e-22 2.445965283081983633e-21
4.369907384592805144e+00 5.939520187245147005e-22 2.921303059699950390e-21
4.370572384592376736e+00 4.824920209504835581e-21 2.074817987211722041e-21
4.371237384591948327e+00 6.728596589085531737e-22 9.296440160545995389e-22
4.371902384591519919e+00 4.800218524816450605e-23 9.776757553343450542e-22
4.372567384591091511e+00 1.436354439168412076e-21 1.014348745102255064e-21
4.373232384590663102e+00 1.176929865308949852e-20 1.049406383830969323e-21
4.373897384590234694e+00 2.921257534977628945e-22 1.877668463653145312e-21
4.374562384589806285e+00 -4.366598852905926233e-21 1.966127611378770449e-21
4.375227384589377877e+00 1.601966003419527518e-21 9.357582032299289883e-22
4.375892384588949469e+00 -5.700120670444034553e-22 9.294312104549121689e-22
4.376557384588521060e+00 -1.087539591969973640e-21 1.003018241200627746e-21
4.377222384588092652e+00 -9.783624450093860967e-23 7.241948299827406455e-22
4.377887384587664243e+00 3.694461280606552339e-22 9.467076698906581281e-22
4.378552384587235835e+00 -1.172610545858896178e-21 7.868080945471330429e-22
4.379217384586807427e+00 -1.331516665226702086e-21 8.887253347230086198e-22
4.379882384586379018e+00 3.744029169467475048e-22 8.315053552077089290e-22
4.380547384585950610e+00 1.827552194071352127e-21 1.325632870071695239e-21
4.381212384585522202e+00 -1.679643034674045626e-22 1.014355779539411369e-21
4.381877384585093793e+00 -1.217747419870062036e-21 1.136119236578435310e-21
4.382542384584665385e+00 1.392326920723962032e-21 1.348617234560004829e-21
4.383207384584236976e+00 2.087937656469326838e-21 1.054562504028798612e-21
4.383872384583808568e+00 2.083562921182839586e-21 7.711686602941120931e-22
4.384537384583380160e+00 -1.646313193890133492e-21 9.136746096743038776e-22
4.385202384582951751e+00 9.842271145811456636e-22 8.090961502273013660e-22
4.385867384582523343e+00 -7.268785513347453327e-22 1.188300784706675247e-21
4.386532384582094934e+00 -1.346933573923663456e-21 9.815467119271793217e-22
4.387197384581666526e+00 9.734198441185413894e-22 1.185179243657707683e-21
4.387862384581238118e+00 4.091920044238124857e-21 9.169337019459362447e-22
4.388527384580809709e+00 3.360920380669061778e-21 7.524385165184327088e-22
4.389192384580381301e+00 1.799771358650095158e-21 7.345455116005881809e-22
4.389857384579952893e+00 4.243564595887462889e-22 8.996226567105605138e-22
4.390522384579524484e+00 9.643166080121323264e-22 1.028504154756992621e-21
4.391187384579096076e+00 -1.614881033950842642e-21 1.025863205239785020e-21
4.391852384578667667e+00 -4.241104066699767409e-21 1.121845140597341762e-21
4.392517384578239259e+00 -3.210787937196974311e-21 9.534508818684164253e-22
4.393182384577810851e+00 -8.191626438794937420e-22 7.721063908102884850e-22
4.393847384577382442e+00 3.018616334102746328e-21 8.862643987412208436e-22
4.394512384576954034e+00 7.443773968782774288e-21 1.234972498087440021e-21
4.395177384576525625e+00 3.325607844943081503e-21 9.109990626197728596e-22
4.395842384576097217e+00 -1.970093033393822109e-21 9.863128007188933581e-22
4.396507384575668809e+00 -3.898585388176872130e-21 1.119573745225211380e-21
4.397172384575240400e+00 -3.621802217002524519e-22 1.059236600861255092e-21
4.397837384574811992e+00 4.429737627296248469e-21 1.076374049968834107e-21
4.398502384574383584e+00 1.013921908934042651e-21 1.093652067149070527e-21
4.399167384573955175e+00 1.181469815770371960e-22 8.316709048559812199e-22
4.399832384573526767e+00 7.067734846322945605e-23 7.686366199492985900e-22
4.400497384573098358e+00 -6.994959426353009000e-22 8.779660219929383021e-22
4.401162384572669950e+00 -3.007762233360173987e-21 9.080608064661225853e-22
4.401827384572241542e+00 2.444106891014657125e-21 9.782618574495470510e-22
4.402492384571813133e+00 1.876345793900982655e-21 8.450868027207208569e-22
4.403157384571384725e+00 2.230952532786271136e-21 7.231081343051282354e-22
4.403822384570956316e+00 2.329199092503617230e-21 9.590450043235234097e-22
4.404487384570527908e+00 4.798275814086142461e-22 9.686432996376579090e-22
4.405152384570099500e+00 3.197466602486922652e-21 8.584576533437100169e-22
4.405817384569671091e+00 4.751867691923801697e-21 1.179011601188826210e-21
4.406482384569242683e+00 -5.580241834733162808e-22 1.006699076826058471e-21
4.407147384568814275e+00 2.011399665645012597e-21 9.613646234642488081e-22
4.407812384568385866e+00 3.775050294851009441e-21 1.121475082122056989e-21
4.408477384567957458e+00 2.170545252869519257e-21 1.007444441553946783e-21
4.409142384567529049e+00 3.255723848043857347e-21 1.028555995577626488e-21
4.409807384567100641e+00 6.107980728887883696e-22 9.104721346363232214e-22
4.410472384566672233e+00 4.072630678571542225e-21 1.011687450245323762e-21
4.411137384566243824e+00 2.518888746825665330e-21 1.182036283150237863e-21
4.411802384565815416e+00 -2.198402460674004999e-21 1.037760242312846047e-21
4.412467384565387007e+00 4.613241574994193124e-21 8.565584885289809867e-22
4.413132384564958599e+00 4.735176131101954480e-21 1.141896567238613011e-21
4.413797384564530191e+00 3.544900364169186368e-21 1.038218673760004531e-21
4.414462384564101782e+00 3.795530535237217778e-21 1.080834146397563928e-21
4.415127384563673374e+00 5.522084517268647514e-21 1.068525640571164591e-21
4.415792384563244966e+00 4.775244927842634295e-21 1.043506836613731319e-21
4.416457384562816557e+00 1.003614330554375423e-21 9.505532964062469807e-22
4.417122384562388149e+00 -1.523756561189912750e-21 1.182611042903001242e-21
4.417787384561959740e+00 2.922006079625111302e-21 9.745114595476607736e-22
4.418452384561531332e+00 1.890819942793010024e-21 8.872964389228820306e-22
4.419117384561102924e+00 1.950290240260129515e-21 1.218116892961347625e-21
4.419782384560674515e+00 4.752781046168334700e-22 9.149286579641442353e-22
4.420447384560246107e+00 5.962339389523188175e-22 1.071067075512357232e-21
4.421112384559817698e+00 1.929797070717307340e-21 9.836572537886672391e-22
4.421777384559389290e+00 4.821334905615081447e-22 1.142528202479007545e-21
4.422442384558960882e+00 -4.475726252853018207e-21 1.126675492648886598e-21
4.423107384558532473e+00 2.090583957665017782e-21 9.129023620902315149e-22
4.423772384558104065e+00 5.057223928845773118e-22 1.188669891294601710e-21
4.424437384557675657e+00 -1.956181958200173726e-21 7.910328595922584767e-22
4.425102384557247248e+00 -1.481379820070152753e-22 9.119029789404957404e-22
4.425767384556818840e+00 4.626922701779623539e-21 9.309372300449698936e-22
4.426432384556390431e+00 5.731746428728047139e-22 1.125899542864972406e-21
4.427097384555962023e+00 -7.848836948578277608e-22 9.285159858511929434e-22
4.427762384555533615e+00 3.033646356278953726e-21 8.164389890595145442e-22
4.428427384555105206e+00 3.657611019770227645e-21 8.617831268542209305e-22
4.429092384554676798e+00 3.605123181836193170e-22 7.922887428606657053e-22
4.429757384554248389e+00 1.978244571244993178e-21 9.442168565914737613e-22
4.430422384553819981e+00 6.532525932684153034e-22 1.053940757259684160e-21
4.431087384553391573e+00 -7.996912170963719210e-22 1.022608287038313374e-21
4.431752384552963164e+00 1.917999242373931081e-21 9.420438534107676362e-22
4.432417384552534756e+00 7.163114208585034133e-22 1.221751577354534497e-21
4.433082384552106348e+00 5.637930524096558650e-21 1.135380546127761579e-21
4.433747384551677939e+00 4.022336768260750500e-21 9.691060701981743267e-22
4.434412384551249531e+00 4.666740453112538714e-22 1.252528291615287310e-21
4.435077384550821122e+00 -1.978888724661688695e-22 9.184187761570512398e-22
4.435742384550392714e+00 2.033125579352929940e-21 9.605569557689287522e-22
4.436407384549964306e+00 -8.163452569156284209e-22 8.605205993726661035e-22
4.437072384549535897e+00 3.940766387767357330e-21 9.997542182471999810e-22
4.437737384549107489e+00 -5.844249314373172826e-22 9.160829722077429871e-22
4.438402384548679080e+00 4.510428964480070413e-22 8.368563241373733916e-22
4.439067384548250672e+00 1.168656008269435635e-21 9.653326764004769623e-22
4.439732384547822264e+00 6.772135619757751385e-22 1.158700132830736930e-21
4.440397384547393855e+00 2.859136469963519240e-21 9.151463639681673593e-22
4.441062384546965447e+00 3.296770390194477202e-22 8.749229544393786150e-22
4.441727384546537039e+00 -8.667859921349953710e-22 8.059693742367640964e-22
4.442392384546108630e+00 6.077237112101025511e-22 9.411008591178880096e-22
4.443057384545680222e+00 2.710044721670715626e-21 9.006241622010882336e-22
4.443722384545251813e+00 6.585139645045139053e-22 9.265350928379804767e-22
4.444387384544823405e+00 -1.520928304625952625e-22 1.062434725534152717e-21
4.445052384544394997e+00 1.820535558572673789e-21 9.054232925755616033e-22
4.445717384543966588e+00 1.729527272070263681e-21 1.154802467688451531e-21
4.446382384543538180e+00 -1.207694645178202238e-22 8.899442161356456450e-22
4.447047384543109771e+00 3.561001143935213070e-21 1.032708123908603431e-21
4.447712384542681363e+00 -7.423807739489854574e-22 8.718651775257106537e-22
4.448377384542252955e+00 -4.407336089321963871e-21 1.010663964720677631e-21
4.449042384541824546e+00 1.042705141744356229e-21 1.081047897229960610e-21
4.449707384541396138e+00 -7.034345686900866593e-22 1.188920553886499837e-21
4.450372384540967730e+00 2.298068459695595874e-22 1.175540706321533042e-21
4.451037384540539321e+00 2.077768782137540146e-21 9.473076657951320282e-22
4.451702384540110913e+00 -2.716955002813442394e-21 8.955405345333125260e-22
4.452367384539682504e+00 -3.286425205520936283e-22 9.124917300972923062e-22
4.453032384539254096e+00 8.917514016025508251e-22 8.204420496377628673e-22
4.453697384538825688e+00 1.832879290289142196e-21 9.669952661967026330e-22
4.454362384538397279e+00 4.076900336724591189e-21 8.513939990850624057e-22
4.455027384537968871e+00 -2.097061190268875119e-21 1.315088059368858318e-21
4.455692384537540462e+00 9.049464099861479736e-22 8.699611506652323284e-22
4.456357384537112054e+00 2.181632907966045134e-21 9.009996509720898727e-22
4.457022384536683646e+00 2.453277892544522989e-21 8.302564037616731019e-22
4.457687384536255237e+00 1.043234436440266579e-21 8.204860971364627999e-22
4.458352384535826829e+00 -3.374091470081795146e-21 9.925533832958941289e-22
4.459017384535398421e+00 -8.796523462801582843e-23 9.144993647507792167e-22
4.459682384534970012e+00 1.095986576678950205e-21 1.014949411862455430e-21
4.460347384534541604e+00 -1.015274853067405229e-21 9.236750469001341597e-22
4.461012384534113195e+00 9.142459084604331740e-22 9.848488932816303431e-22
4.461677384533684787e+00 2.982091189756612665e-21 9.421327640468289559e-22
4.462342384533256379e+00 -4.675797579086132257e-22 1.025189107612218397e-21
4.463007384532827970e+00 2.155594779425142048e-22 1.003443743323902893e-21
4.463672384532399562e+00 -1.010526405869007095e-21 9.852912558907796731e-22
4.464337384531971153e+00 -4.337456507646666206e-22 1.047336557687764214e-21
4.465002384531542745e+00 1.324646923496445472e-21 8.663539296430484065e-22
4.465667384531114337e+00 3.490952701835561184e-21 1.072965359109937689e-21
4.466332384530685928e+00 3.573972089607617373e-21 1.060587529989564554e-21
4.466997384530257520e+00 3.646304440121751098e-21 1.099570774916105115e-21
4.467662384529829112e+00 7.086264206710600272e-21 9.616635782937350736e-22
4.468327384529400703e+00 4.876850437467715749e-21 1.196738310520626376e-21
4.468992384528972295e+00 6.290614540116780189e-21 8.282032720029692730e-22
4.469657384528543886e+00 4.207456128489216705e-21 9.196483304945790567e-22
4.470322384528115478e+00 2.283433561875771547e-21 8.856193434059975317e-22
4.470987384527687070e+00 1.240699544756685804e-21 8.136521072414553464e-22
4.471652384527258661e+00 -8.732464308199204121e-22 1.214679152800966852e-21
4.472317384526830253e+00 -1.355475261625599604e-21 1.117342070279403214e-21
4.472982384526401844e+00 -3.720074793452636672e-22 1.011649701427942083e-21
4.473647384525973436e+00 9.415939416364859359e-22 7.953602692979525119e-22
4.474312384525545028e+00 1.366056145832059155e-21 9.191852675635505957e-22
4.474977384525116619e+00 1.949689654324590977e-21 2.452413136189961529e-21
4.475642384524688211e+00 1.394580014999532876e-21 2.397152134221526639e-21
4.476307384524259803e+00 4.559734475513297502e-21 3.152424552015250725e-21
4.476972384523831394e+00 4.565219604371443944e-21 2.857359930204426169e-21
4.477637384523402986e+00 1.160235066184176764e-21 1.281872799404039367e-21
4.478302384522974577e+00 7.325747846543053349e-22 1.107420763674321059e-21
4.478967384522546169e+00 4.135497954153635632e-21 9.588752191925435037e-22
4.479632384522117761e+00 1.533098341963193287e-21 1.005777563369816572e-21
4.480297384521689352e+00 3.858406256464544057e-21 8.727289781490487810e-22
4.480962384521260944e+00 3.627694371608537409e-21 9.082346380134863292e-22
4.481627384520832535e+00 3.216034639348261217e-21 1.132869080031525989e-21
4.482292384520404127e+00 6.860024324659033019e-22 3.548383459737885297e-21
4.482957384519975719e+00 1.046891028057871942e-21 9.786494642017814645e-22
4.483622384519547310e+00 -2.114597495252142898e-22 8.754810130922028590e-22
4.484287384519118902e+00 -1.578060700431464436e-21 8.258381868201234535e-22
4.484952384518690494e+00 2.753787337160571245e-21 9.280623173844776765e-22
4.485617384518262085e+00 2.163042395127272496e-21 1.152013900677750737e-21
4.486282384517833677e+00 -1.240700904504030113e-21 1.013019009886212222e-21
4.486947384517405268e+00 1.173279666879024141e-21 1.044226253858828777e-21
4.487612384516976860e+00 5.764698374272818218e-21 1.082039255747370460e-21
4.488277384516548452e+00 1.994250642220555636e-21 1.117002508282362426e-21
4.488942384516120043e+00 8.713404339932994811e-22 9.215665511469881704e-22
4.489607384515691635e+00 -1.210592541294125353e-21 7.823387421208836926e-22
4.490272384515263226e+00 -8.979753157423769661e-22 8.756594959185105505e-22
4.490937384514834818e+00 -5.756099341616561808e-22 1.109763811644660154e-21
4.491602384514406410e+00 -3.190161473304538133e-22 1.033622573170400489e-21
4.492267384513978001e+00 -8.889728791348430986e-22 1.372982258229361309e-21
4.492932384513549593e+00 2.415990496093449594e-22 1.156055796500316302e-21
4.493597384513121185e+00 -4.367183675982307281e-22 1.008253578079352566e-21
4.494262384512692776e+00 9.039805919680643534e-22 9.866851727551770728e-22
4.494927384512264368e+00 1.844843027870547087e-21 1.130754513497268641e-21
4.495592384511835959e+00 1.685325794132263053e-21 9.811081360458716121e-22
4.496257384511407551e+00 3.996715129999149510e-21 8.655718942080375618e-22
4.496922384510979143e+00 2.498165081924537012e-21 9.853848104024831507e-22
4.497587384510550734e+00 9.348718764878588229e-22 1.005334340089327842e-21
4.498252384510122326e+00 9.059109608970475056e-22 8.737297600472313199e-22
4.498917384509693917e+00 1.723568476924605206e-21 1.003283787366029054e-21
4.499582384509265509e+00 4.387152166072230805e-22 7.749025107902746168e-22
4.500247384508837101e+00 1.036371847839025566e-21 9.869819410022395806e-22
4.500912384508408692e+00 -2.940863229422761496e-22 9.759259580293612269e-22
4.501577384507980284e+00 1.770003692444313612e-22 8.299347806534246160e-22
4.502242384507551876e+00 1.930367238394747031e-21 1.082761679216500907e-21
4.502907384507123467e+00 -7.163604637462836474e-22 1.436410198203899614e-21
4.503572384506695059e+00 6.437087513123371537e-22 1.187872146273729773e-21
4.504237384506266650e+00 2.037267605992939397e-21 1.044222412180430908e-21
4.504902384505838242e+00 2.580940987272220709e-21 9.640729223179074412e-22
4.505567384505409834e+00 3.447430749953003272e-21 8.323194074270164320e-22
4.506232384504981425e+00 2.403036242640370518e-21 9.956590009027649513e-22
4.506897384504553017e+00 2.439187463443344829e-21 1.032003081150525197e-21
4.507562384504124608e+00 2.258206455871040324e-21 1.101848102296780873e-21
4.508227384503696200e+00 1.799436103109249170e-21 8.813608054958915562e-22
4.508892384503267792e+00 -1.311085923169599921e-21 8.756114434603575510e-22
4.509557384502839383e+00 -1.905910715566651944e-22 1.263317101797306868e-21
4.510222384502410975e+00 1.284907030814853795e-21 9.968538813868538524e-22
4.510887384501982567e+00 2.882194693993764129e-21 8.949246483889200576e-22
4.511552384501554158e+00 -1.302926598323986535e-21 8.415691000476748951e-22
4.512217384501125750e+00 -1.654315294897432864e-21 1.301053222885737088e-21
4.512882384500697341e+00 -3.702350493959385203e-22 1.372871719640269611e-21
4.513547384500268933e+00 1.055225564399086746e-21 1.301726990023917472e-21
4.514212384499840525e+00 8.625149468312891481e-22 1.333495952460073722e-21
4.514877384499412116e+00 -6.616414522947850244e-22 1.100477233691367937e-21
4.515542384498983708e+00 2.281429902635597858e-21 1.431286600663889063e-21
4.516207384498555300e+00 3.099147124572393037e-21 1.132437869931679998e-21
4.516872384498126891e+00 2.515085129556720824e-21 8.048195658930492379e-22
4.517537384497698483e+00 -1.008713673448950063e-21 8.660320994939876049e-22
4.518202384497270074e+00 -7.956720344378095313e-22 8.925737657495668631e-22
4.518867384496841666e+00 1.809618382017588193e-21 9.707878444796986928e-22
4.519532384496413258e+00 2.656637340621288361e-21 1.243916543763379104e-21
4.520197384495984849e+00 -3.901935336478627972e-21 9.156076458897886629e-22
4.520862384495556441e+00 -1.738054965247154661e-21 1.295781369729900727e-21
4.521527384495128032e+00 4.571480034040698194e-22 9.648842991677120057e-22
4.522192384494699624e+00 6.126909119925976679e-22 1.164420718668539963e-21
4.522857384494271216e+00 1.355942564620233686e-21 1.058230531809061513e-21
4.523522384493842807e+00 -3.508078194441977102e-22 1.537982041828859641e-21
4.524187384493414399e+00 -4.090856674228084861e-22 1.141196014787150480e-21
4.524852384492985991e+00 1.990647354368991440e-22 9.189398217733870010e-22
4.525517384492557582e+00 8.272998975165432568e-23 1.088139582157927858e-21
4.526182384492129174e+00 1.540114623234616034e-21 8.541667308546894356e-22
4.526847384491700765e+00 1.457643515644566843e-21 8.666960271018039545e-22
4.527512384491272357e+00 -6.493626093007691511e-22 8.824499129408597479e-22
4.528177384490843949e+00 -5.027673077073784169e-21 1.280664268599283479e-21
4.528842384490415540e+00 4.311547075768922745e-21 1.166656868977871629e-21
4.529507384489987132e+00 1.457208831376221811e-21 1.113267064226190000e-21
4.530172384489558723e+00 -8.148161637607886332e-22 1.226525038228365051e-21
4.530837384489130315e+00 -4.186323116555731687e-21 9.749880708450220666e-22
4.531502384488701907e+00 -2.417736285599728821e-21 1.312431323184630243e-21
4.532167384488273498e+00 2.649302466022442931e-21 1.025340080168611176e-21
4.532832384487845090e+00 3.054046952821751486e-22 9.938705318488420746e-22
4.533497384487416682e+00 1.160397657097986948e-21 8.430248324776518514e-22
4.534162384486988273e+00 -6.707698606447028031e-22 1.267059090080478600e-21
4.534827384486559865e+00 -1.175942917973322167e-21 1.223822194080011296e-21
4.535492384486131456e+00 3.293962300239032511e-21 1.921935293192415032e-21
4.536157384485703048e+00 1.949258183727804818e-22 3.693889893230752479e-21
4.536822384485274640e+00 1.531221121584202894e-21 1.595681500596033950e-21
4.537487384484846231e+00 -5.675680967861672909e-21 1.684034142401784030e-21
4.538152384484417823e+00 -1.287737267965350338e-23 1.793279019899506655e-21
4.538817384483989414e+00 4.534304561039893218e-22 1.382827607581355832e-21
4.539482384483561006e+00 1.571185950020500026e-21 9.602824423474227373e-22
4.540147384483132598e+00 2.194857393705973363e-21 9.500358641105149688e-22
4.540812384482704189e+00 1.327776530726493144e-21 1.030163704086271827e-21
4.541477384482275781e+00 3.152748009716367296e-22 8.598504067885797631e-22
4.542142384481847373e+00 5.287001449743851236e-21 2.016207348012014184e-21
4.542807384481418964e+00 6.534044550114480337e-21 3.511905277456346233e-21
4.543472384480990556e+00 3.903166027422050369e-21 2.043210997592761922e-21
4.544137384480562147e+00 1.187727851652463546e-21 1.161437777146290696e-21
4.544802384480133739e+00 4.994369939280788139e-21 1.016356704821667550e-21
4.545467384479705331e+00 4.159383780220833860e-21 8.847945065806678993e-22
4.546132384479276922e+00 9.581916577848566592e-22 1.319053221088978749e-21
4.546797384478848514e+00 5.360259082656056731e-21 1.787208278325103177e-21
4.547462384478420105e+00 2.644323156556289112e-21 1.329240154693035602e-21
4.548127384477991697e+00 1.962583940979948073e-21 8.887154813554429857e-22
4.548792384477563289e+00 7.003295186392096298e-22 1.489452583759405605e-21
4.549457384477134880e+00 3.363553141835709117e-21 1.082200486983232444e-21
4.550122384476706472e+00 5.908039748255983597e-21 9.525992884224821777e-22
4.550787384476278064e+00 -3.872856346729647539e-22 1.991514004431971843e-21
4.551452384475849655e+00 -1.841561368608796680e-21 1.220145497182620790e-21
4.552117384475421247e+00 2.243927314901463035e-21 8.325453055960522782e-22
4.552782384474992838e+00 7.163577957456975960e-22 1.107600140193515725e-21
4.553447384474564430e+00 4.635641282923711538e-22 1.232371624727398027e-21
4.554112384474136022e+00 7.325412659168681839e-21 1.372928672580672470e-21
4.554777384473707613e+00 2.647144714155851116e-21 1.202150678521260080e-21
4.555442384473279205e+00 5.543997496275772740e-21 9.165494398590659358e-22
4.556107384472850796e+00 5.371273978234829305e-21 8.340271677055048503e-22
4.556772384472422388e+00 1.055568785499616870e-21 1.525291323756416881e-21
4.557437384471993980e+00 1.834703222932108662e-21 8.288583897996310396e-22
4.558102384471565571e+00 3.332418678196787967e-22 1.017400412523283876e-21
4.558767384471137163e+00 4.313016391867442556e-21 1.190678297147274163e-21
4.559432384470708755e+00 -1.096293093055294212e-21 7.326091337225595465e-22
4.560097384470280346e+00 3.277981595330025166e-21 1.364391367614134969e-21
4.560762384469851938e+00 4.064225549848691574e-21 1.127404108195545769e-21
4.561427384469423529e+00 6.502887270681855870e-21 1.293902655393299942e-21
4.562092384468995121e+00 -3.096413747791245324e-21 1.550027332172780632e-21
4.562757384468566713e+00 4.336449764130276799e-21 1.080323599933838934e-21
4.563422384468138304e+00 4.441043849331288302e-22 1.317593594959765253e-21
4.564087384467709896e+00 2.039158695656558507e-21 1.132499321542365316e-21
4.564752384467281487e+00 7.846101585119436433e-21 1.465527472751374736e-21
4.565417384466853079e+00 2.634482052658749653e-21 8.433854274279176734e-22
4.566082384466424671e+00 2.191362640704245159e-21 9.725589646093889494e-22
4.566747384465996262e+00 1.707224022951651169e-21 9.931478987640231352e-22
4.567412384465567854e+00 2.245694162547525194e-21 1.139307191149947682e-21
4.568077384465139446e+00 2.531015859003109905e-21 1.281101524157653502e-21
4.568742384464711037e+00 1.575486658603763315e-23 1.146255968327301138e-21
4.569407384464282629e+00 -2.934170916921028039e-21 1.531953351886666175e-21
4.570072384463854220e+00 3.394666323902996430e-21 9.779289471398167075e-22
4.570737384463425812e+00 2.231966049706212680e-21 9.786973503235153537e-22
4.571402384462997404e+00 2.373534730501941779e-21 1.149962031148584896e-21
4.572067384462568995e+00 9.019741010826761598e-22 1.045141840760145200e-21
4.572732384462140587e+00 5.207535709761815589e-22 8.486194808295373356e-22
4.573397384461712178e+00 -8.504669010793789970e-22 1.061585572297762119e-21
4.574062384461283770e+00 4.451633885716823849e-21 1.128789625527126635e-21
4.574727384460855362e+00 1.288831525835021950e-21 1.144110885875512053e-21
4.575392384460426953e+00 -2.475980977166384259e-21 1.031294119080558769e-21
4.576057384459998545e+00 -2.475009315739512884e-22 8.529247804317887553e-22
4.576722384459570137e+00 -1.960076429068644765e-21 9.540186325848645192e-22
4.577387384459141728e+00 1.384281563874050763e-21 1.095379581403408472e-21
4.578052384458713320e+00 1.529393591886654625e-21 9.943583935611821534e-22
4.578717384458284911e+00 9.006437372837849272e-22 1.011901033791774613e-21
4.579382384457856503e+00 3.259786374305029539e-21 9.720999396759256318e-22
4.580047384457428095e+00 1.416058589075581527e-21 1.452164414220801226e-21
4.580712384456999686e+00 3.537493403498970301e-21 1.108525693170914473e-21
4.581377384456571278e+00 1.786828356748511801e-21 1.094219237970966713e-21
4.582042384456142869e+00 -1.276604324500069495e-21 1.277560093287285380e-21
4.582707384455714461e+00 2.560311161718975931e-21 9.657714858093472754e-22
4.583372384455286053e+00 1.733535376172562531e-21 1.055996527240284173e-21
4.584037384454857644e+00 2.795091062128385777e-21 1.034867757532289726e-21
4.584702384454429236e+00 2.205448477002306503e-21 1.057036921666907822e-21
4.585367384454000828e+00 -1.236330088124628040e-21 1.396401304494346511e-21
4.586032384453572419e+00 -1.443340682820276433e-21 1.160909298757100255e-21
4.586697384453144011e+00 4.304337577578349990e-21 9.396104231257180711e-22
4.587362384452715602e+00 3.024343563676246701e-21 8.471209673875906867e-22
4.588027384452287194e+00 1.403158828795468879e-21 1.084587562965636874e-21
4.588692384451858786e+00 1.114285108776307357e-21 1.022576593805410448e-21
4.589357384451430377e+00 2.026758395371937427e-21 1.037709238814615507e-21
4.590022384451001969e+00 2.022190413153504299e-21 1.148997242050916236e-21
4.590687384450573560e+00 1.933550628572612120e-21 1.805126307721159761e-21
4.591352384450145152e+00 2.398664507098411777e-21 1.338927811732580578e-21
4.592017384449716744e+00 2.967774826291433872e-21 1.018301799065126336e-21
4.592682384449288335e+00 3.318287384767551530e-21 9.933088110618001222e-22
4.593347384448859927e+00 2.974183712329443148e-21 9.331707430222277042e-22
4.594012384448431519e+00 -1.073843337460424402e-21 8.730680490722648978e-22
4.594677384448003110e+00 -2.170563742892140234e-22 1.041281451720462305e-21
4.595342384447574702e+00 1.234948867949370327e-21 1.257654821964960020e-21
4.596007384447146293e+00 2.844349425463132070e-21 1.234567944691054505e-21
4.596672384446717885e+00 -1.250854831708331525e-22 1.029473862033090775e-21
4.597337384446289477e+00 3.195826862463328023e-21 8.844912986308106912e-22
4.598002384445861068e+00 1.285574405859710127e-21 1.079994163895951453e-21
4.598667384445432660e+00 3.830637544349964423e-21 1.223862590295756656e-21
4.599332384445004251e+00 1.641748808769019382e-21 1.590395761354902379e-21
4.599997384444575843e+00 3.721696644189452412e-21 1.148586810587740240e-21
4.600662384444147435e+00 1.758201601746179861e-21 1.071049789971728115e-21
4.601327384443719026e+00 -2.901916568413238711e-21 9.675270571547433481e-22
4.601992384443290618e+00 -1.274748294354375285e-22 9.862181966420651059e-22
4.602657384442862210e+00 2.356273704080387555e-21 1.094255791120285208e-21
4.603322384442433801e+00 3.466582145330242348e-21 9.231711425083238386e-22
4.603987384442005393e+00 2.346426234249728771e-21 9.140393599776709096e-22
4.604652384441576984e+00 -4.543983473412718971e-21 9.686384554558063617e-22
4.605317384441148576e+00 -3.847891252327608462e-21 1.015616409867629262e-21
4.605982384440720168e+00 -1.323369377896425037e-21 8.793315118046735006e-22
4.606647384440291759e+00 2.063700747670344188e-21 1.155047307915402078e-21
4.607312384439863351e+00 2.462458462678692128e-21 1.314355119768670727e-21
4.607977384439434942e+00 1.111552171403704003e-21 1.222014517273031974e-21
4.608642384439006534e+00 -1.776624890516854427e-21 9.805601197125970084e-22
4.609307384438578126e+00 8.632475449368780408e-22 8.659295984409227428e-22
4.609972384438149717e+00 1.879062936084414680e-21 1.072591410616375091e-21
4.610637384437721309e+00 5.723211288871291877e-22 8.626756438996730910e-22
4.611302384437292901e+00 1.616764858736640285e-21 1.421302643841203476e-21
4.611967384436864492e+00 -2.521761840024456060e-22 9.762671429569093023e-22
4.612632384436436084e+00 3.928250616608696041e-21 8.790289535190885155e-22
4.613297384436007675e+00 -6.874272855661877345e-22 8.279233053789951821e-22
4.613962384435579267e+00 2.628175200188170554e-21 9.287962051188228366e-22
4.614627384435150859e+00 5.566655683226041365e-22 8.625229078224964927e-22
4.615292384434722450e+00 3.388702684310676495e-21 1.602515711089659402e-21
4.615957384434294042e+00 5.189816919686648130e-21 8.406836606286479662e-22
4.616622384433865633e+00 2.393428547746612455e-21 1.103923097078421440e-21
4.617287384433437225e+00 2.394951304937610858e-22 1.508741120111949190e-21
4.617952384433008817e+00 -5.579912347874351667e-22 1.097752498410628298e-21
4.618617384432580408e+00 9.150199437814891734e-22 1.193778493386748570e-21
4.619282384432152000e+00 2.087701095736602562e-21 1.043839517699652266e-21
4.619947384431723592e+00 2.082533573607459902e-21 8.259316579309876082e-22
4.620612384431295183e+00 1.685080606779227693e-21 1.201540637814599241e-21
4.621277384430866775e+00 4.052577755683846693e-21 9.110592975486764377e-22
4.621942384430438366e+00 5.318792498474479048e-21 1.101890358748306582e-21
4.622607384430009958e+00 3.722569698217442340e-21 9.021381859303600270e-22
4.623272384429581550e+00 -1.559226036760533496e-21 1.193779335976001356e-21
4.623937384429153141e+00 6.823417303518853965e-22 1.183359567833080842e-21
4.624602384428724733e+00 -1.177288219864266242e-21 1.099684884655376130e-21
4.625267384428296324e+00 -3.930856056740435686e-22 1.118685609855527575e-21
4.625932384427867916e+00 2.008635854363368517e-21 1.160052064021639472e-21
4.626597384427439508e+00 3.804352642635365368e-21 8.193739310403828770e-22
4.627262384427011099e+00 4.292967302711060357e-21 9.756581664103895274e-22
4.627927384426582691e+00 3.733463499226979671e-21 8.504914612522489058e-22
4.628592384426154283e+00 3.298043988123718327e-21 1.318079815250893231e-21
4.629257384425725874e+00 2.890377103743473769e-21 9.465937818632980382e-22
4.629922384425297466e+00 4.339132277667065837e-21 9.560411180714482328e-22
4.630587384424869057e+00 1.476711660041930826e-21 1.120943667917081277e-21
4.631252384424440649e+00 7.792919773474389319e-23 9.295994886334814637e-22
4.631917384424012241e+00 1.101220327371413762e-21 9.951025872266543966e-22
4.632582384423583832e+00 -1.474973080343065317e-23 1.051403116581810899e-21
4.633247384423155424e+00 1.006533083511031308e-21 8.663238964807573306e-22
4.633912384422727015e+00 -3.498122833096299528e-21 9.663176711556621794e-22
4.634577384422298607e+00 -1.287810562631691186e-21 1.237014399640598160e-21
4.635242384421870199e+00 -1.786078791413697923e-21 9.425018667909541542e-22
4.635907384421441790e+00 2.015045862160641236e-21 1.003749949653011733e-21
4.636572384421013382e+00 3.569215091433963833e-21 1.128452894745694971e-21
4.637237384420584974e+00 -1.759104779735160661e-21 1.164460826117993561e-21
4.637902384420156565e+00 2.345656546270804313e-21 1.374904579202863969e-21
4.638567384419728157e+00 4.783233667796011903e-21 1.141526574488239824e-21
4.639232384419299748e+00 1.529043399940624231e-21 9.654498266222747262e-22
4.639897384418871340e+00 4.131183138553134205e-21 1.102412254938798421e-21
4.640562384418442932e+00 1.758780658924134865e-21 1.114208164560671983e-21
4.641227384418014523e+00 6.357307593311494588e-22 9.039775856570460994e-22
4.641892384417586115e+00 5.877378813241844999e-21 1.398965423160850471e-21
4.642557384417157706e+00 1.847762982200512190e-21 1.270019533728331729e-21
4.643222384416729298e+00 3.675995625846264007e-21 7.383191824930954974e-22
4.643887384416300890e+00 4.954233685950039250e-21 1.106661686425630786e-21
4.644552384415872481e+00 4.446832725549569402e-21 1.061676274438857602e-21
4.645217384415444073e+00 -6.377771622863621917e-22 1.031118751918073712e-21
4.645882384415015665e+00 -3.204252497760599643e-21 9.630556886121762005e-22
4.646547384414587256e+00 1.571308127246656101e-21 1.192768693995451788e-21
4.647212384414158848e+00 -2.487857001119186893e-21 9.809559810166062443e-22
4.647877384413730439e+00 9.225814465024419521e-22 1.043394993351026253e-21
4.648542384413302031e+00 6.295727956008115595e-22 9.682811675525015873e-22
4.649207384412873623e+00 -2.244424813471369025e-21 1.080264727880616198e-21
4.649872384412445214e+00 -3.738072187107517854e-21 1.236903261589769817e-21
4.650537384412016806e+00 -5.963519249856905442e-23 1.070108015669855782e-21
4.651202384411588397e+00 2.257445292734022170e-21 1.154569225619583823e-21
4.651867384411159989e+00 2.028985438286115561e-21 1.236074273887846970e-21
4.652532384410731581e+00 5.178961151650071278e-21 1.142525301264178540e-21
4.653197384410303172e+00 -2.390233929141516425e-22 1.308241778975047476e-21
4.653862384409874764e+00 2.547583374255322821e-21 9.296947720576557797e-22
4.654527384409446356e+00 9.665664014419149284e-22 9.259299406193296752e-22
4.655192384409017947e+00 -1.512711214863222510e-21 9.962292103114839451e-22
4.655857384408589539e+00 8.205731101146962309e-22 1.006369542194184356e-21
4.656522384408161130e+00 1.204788029299813613e-21 1.247484489482028907e-21
4.657187384407732722e+00 1.579956006475669277e-22 8.914766339032492990e-22
4.657852384407304314e+00 1.533868243255714358e-21 8.474805953325973839e-22
4.658517384406875905e+00 8.266178559852714726e-22 8.473294862809142360e-22
4.659182384406447497e+00 5.917704837631752965e-21 1.022052317157910644e-21
4.659847384406019088e+00 4.182924760638341025e-21 8.416344579002541658e-22
4.660512384405590680e+00 3.297501968436821378e-21 9.325443854246739738e-22
4.661177384405162272e+00 1.724674300851361247e-22 1.265908396924917238e-21
4.661842384404733863e+00 -2.056126395557809671e-21 1.119686045307366100e-21
4.662507384404305455e+00 4.720440353428623198e-22 1.092943581030950213e-21
4.663172384403877047e+00 4.204618534152422191e-21 1.218478507483383901e-21
4.663837384403448638e+00 2.542269248988077860e-21 1.105253139064605329e-21
4.664502384403020230e+00 2.125189967768522029e-21 1.242240118635811054e-21
4.665167384402591821e+00 6.937360819809634408e-22 1.013586679418171016e-21
4.665832384402163413e+00 2.289640328915771491e-21 9.063782444257845917e-22
4.666497384401735005e+00 3.005006099951739667e-21 1.303367097725509819e-21
4.667162384401306596e+00 1.935980562541639162e-21 1.256342063232888556e-21
4.667827384400878188e+00 -1.714116025250132596e-21 1.411501136836036058e-21
4.668492384400449779e+00 -1.979322081753747355e-21 1.132136557504018749e-21
4.669157384400021371e+00 -8.624974757539904138e-22 9.165696977403892593e-22
4.669822384399592963e+00 -1.145436910750769011e-21 1.209584434402073346e-21
4.670487384399164554e+00 3.490290996621746460e-22 1.495030285099802422e-21
4.671152384398736146e+00 -8.026354171729179883e-22 1.078029482667832352e-21
4.671817384398307738e+00 -8.514932983551408308e-22 1.112950543380760802e-21
4.672482384397879329e+00 1.900550203685776111e-23 1.147225743253139244e-21
4.673147384397450921e+00 7.549656094572510750e-22 8.805150686501332650e-22
4.673812384397022512e+00 3.123665368563610467e-21 1.136411415775514224e-21
4.674477384396594104e+00 8.774160080770582914e-22 1.363639438832426193e-21
4.675142384396165696e+00 -5.946253810044796717e-22 1.549812210208557785e-21
4.675807384395737287e+00 -5.203505530222550564e-23 1.002928254537931955e-21
4.676472384395308879e+00 1.402588633253269255e-21 1.182276501779129063e-21
4.677137384394880470e+00 -1.368256393884461362e-21 1.472876192501850367e-21
4.677802384394452062e+00 -7.899066570438729375e-22 1.450717247013804058e-21
4.678467384394023654e+00 2.872266728466004625e-21 1.416739046286992161e-21
4.679132384393595245e+00 1.223188619848949869e-21 8.714342327564415979e-22
4.679797384393166837e+00 4.906631346893575751e-22 9.601688965658165305e-22
4.680462384392738429e+00 3.015653420710887723e-21 1.339028973677693385e-21
4.681127384392310020e+00 2.239853954282466853e-21 1.110593934268056055e-21
4.681792384391881612e+00 1.375498694380869357e-21 8.769202066757465189e-22
4.682457384391453203e+00 2.205130591317773891e-21 1.088128199577701984e-21
4.683122384391024795e+00 5.515431864575873595e-21 1.447843742516275558e-21
4.683787384390596387e+00 4.027421578643687742e-21 1.295119838588135237e-21
4.684452384390167978e+00 5.689417032215412950e-22 1.856910044338208384e-21
4.685117384389739570e+00 3.868124024489986050e-21 1.050442319962454522e-21
4.685782384389311161e+00 4.733557442398119691e-21 1.028733028897480915e-21
4.686447384388882753e+00 3.774192556727584085e-21 1.192137590943640396e-21
4.687112384388454345e+00 1.745025292720426001e-21 1.236367141331940053e-21
4.687777384388025936e+00 5.110413946051188891e-21 1.435207103594083319e-21
4.688442384387597528e+00 3.324436798604203930e-21 9.589998331990565011e-22
4.689107384387169120e+00 1.753499594457636920e-21 1.551814068242737211e-21
4.689772384386740711e+00 5.945189577538029007e-21 1.389811098471679953e-21
4.690437384386312303e+00 4.454615473385396617e-21 1.073557875641843432e-21
4.691102384385883894e+00 7.360571176546531507e-22 9.931814856554942158e-22
4.691767384385455486e+00 -1.960838157137316391e-21 1.110171153143468657e-21
4.692432384385027078e+00 -4.939208243490021477e-21 1.065812591458897184e-21
4.693097384384598669e+00 3.156145017815785755e-21 1.277745021577564390e-21
4.693762384384170261e+00 3.161289088263912931e-21 1.147613473834026659e-21
4.694427384383741853e+00 -3.528991836301935766e-21 1.016533771322378000e-21
4.695092384383313444e+00 7.113837136592763429e-22 1.463391007066389630e-21
4.695757384382885036e+00 -2.154995283661496308e-21 1.005199760621568351e-21
4.696422384382456627e+00 1.533482778555799057e-21 1.196747375278910477e-21
4.697087384382028219e+00 2.265174651343781291e-21 1.098017253803839784e-21
4.697752384381599811e+00 2.272535960294419208e-21 9.624704464413672083e-22
4.698417384381171402e+00 7.256894147369158137e-21 8.856056158724836329e-22
4.699082384380742994e+00 3.475444334242672625e-21 1.113897065286495499e-21
4.699747384380314585e+00 -7.671868070340728286e-22 9.129280101224619589e-22
4.700412384379886177e+00 2.325228845396910988e-21 9.280779706640203734e-22
4.701077384379457769e+00 4.092993607295000753e-22 1.019176612481164565e-21
4.701742384379029360e+00 1.884292470335632625e-21 1.248443607336124489e-21
4.702407384378600952e+00 3.349677095861385900e-21 1.178145389469682538e-21
4.703072384378172544e+00 2.541621961920442083e-21 1.182537066023387799e-21
4.703737384377744135e+00 3.088094514492937759e-21 1.331511698822099051e-21
4.704402384377315727e+00 1.696613799061799326e-21 1.412328385409176951e-21
4.705067384376887318e+00 1.702028908657188260e-21 1.143259297177550892e-21
4.705732384376458910e+00 2.161823154730521750e-21 1.158913758324920734e-21
4.706397384376030502e+00 7.699207141148848852e-22 1.163325966748199193e-21
4.707062384375602093e+00 1.043475180187899607e-21 1.155224191954741327e-21
4.707727384375173685e+00 2.965996185850242730e-21 1.213968479893253844e-21
4.708392384374745276e+00 5.202807181368275395e-21 1.161974168154140691e-21
4.709057384374316868e+00 1.489865330783041139e-21 1.256368233480588205e-21
4.709722384373888460e+00 3.807861376194406110e-21 1.134721062640765723e-21
4.710387384373460051e+00 2.961261470188788319e-21 9.609663992065166517e-22
4.711052384373031643e+00 6.044643751982238512e-22 1.059062298017119472e-21
4.711717384372603235e+00 3.556494540115156831e-21 1.239145118214479321e-21
4.712382384372174826e+00 2.655504701555769753e-21 1.105322484179846316e-21
4.713047384371746418e+00 -2.128035641305858554e-21 9.793839386548761342e-22
4.713712384371318009e+00 1.347673442351502666e-21 9.584339635773861119e-22
4.714377384370889601e+00 5.915252450508961188e-22 9.458000573385730733e-22
4.715042384370461193e+00 5.777733695884417378e-22 9.902158089680161634e-22
4.715707384370032784e+00 -1.531078530030700383e-21 1.073059128430320080e-21
4.716372384369604376e+00 3.597074541149937165e-22 7.796092550973717237e-22
4.717037384369175967e+00 5.517464245607193396e-22 1.287706499523610303e-21
4.717702384368747559e+00 2.891245529503529221e-21 1.161422778325825192e-21
4.718367384368319151e+00 1.221486654074553995e-21 8.677561080448730370e-22
4.719032384367890742e+00 1.296305669307308792e-21 8.315250184643046803e-22
4.719697384367462334e+00 1.572495994241772033e-21 1.159615578556865503e-21
4.720362384367033926e+00 -1.360102133133024517e-21 1.323882737820133652e-21
4.721027384366605517e+00 3.003096556343122193e-21 1.170959149538441731e-21
4.721692384366177109e+00 2.179195219865405845e-21 1.229746010391099487e-21
4.722357384365748700e+00 8.629958846965530784e-21 1.156657416197236716e-21
4.723022384365320292e+00 -1.007810753319908894e-21 1.053340793044447459e-21
4.723687384364891884e+00 1.869175982076187842e-21 1.069857511235689185e-21
4.724352384364463475e+00 2.543143449530113033e-21 1.034166288312180383e-21
4.725017384364035067e+00 3.068727714828201017e-21 9.575927807867328859e-22
4.725682384363606658e+00 4.802460356042014927e-21 1.039548897767891632e-21
4.726347384363178250e+00 5.210400784872743912e-21 1.178033668872060902e-21
4.727012384362749842e+00 2.543998022650046632e-21 1.000769627483393309e-21
4.727677384362321433e+00 3.009427205410880109e-21 1.129297699387159545e-21
4.728342384361893025e+00 9.348691952376379792e-22 1.125787505197630725e-21
4.729007384361464617e+00 2.603384694759056387e-21 1.020881184197551380e-21
4.729672384361036208e+00 3.111872659866020016e-21 9.603172735190927340e-22
4.730337384360607800e+00 1.696387271083657250e-21 8.645920933492994874e-22
4.731002384360179391e+00 -2.173299318814696923e-21 9.301496806559737342e-22
4.731667384359750983e+00 5.619364167928065357e-22 9.726704241040095571e-22
4.732332384359322575e+00 3.389627440974447441e-21 1.250511828628664954e-21
4.732997384358894166e+00 -8.355420733059678292e-22 1.146268100663278780e-21
4.733662384358465758e+00 -5.999740784281981456e-22 9.765753674331546809e-22
4.734327384358037349e+00 2.373027639365583264e-22 1.059800874257822844e-21
4.734992384357608941e+00 3.347328915948770250e-21 1.007569118053814956e-21
4.735657384357180533e+00 8.880149520434007401e-22 9.870008180416258396e-22
4.736322384356752124e+00 8.602546936048613353e-23 1.005533732492982976e-21
4.736987384356323716e+00 1.132391406022057759e-21 1.024255021199263281e-21
4.737652384355895308e+00 -7.801562378971905497e-22 9.143851172420498543e-22
4.738317384355466899e+00 2.685722451897272384e-21 1.039081033577944281e-21
4.738982384355038491e+00 -1.807911996825795620e-22 1.146360105647225897e-21
4.739647384354610082e+00 -1.799163574266658785e-21 1.264808743326526381e-21
4.740312384354181674e+00 4.451613961367851376e-21 1.225190750482428398e-21
4.740977384353753266e+00 1.724474593205018616e-21 1.169746998519654082e-21
4.741642384353324857e+00 4.295461226702566780e-21 8.865674069013332960e-22
4.742307384352896449e+00 -1.346510640493245423e-23 1.112138234062180053e-21
4.742972384352468040e+00 3.934046851883895344e-21 8.714541485364347192e-22
4.743637384352039632e+00 -2.204934742265448767e-21 1.171217515289914979e-21
4.744302384351611224e+00 3.047546592350097401e-21 1.079958055633220417e-21
4.744967384351182815e+00 2.279007308340150095e-21 9.742896157681640731e-22
4.745632384350754407e+00 3.371882631531721013e-21 1.011971263466918399e-21
4.746297384350325999e+00 1.596245997159624734e-21 1.082292243741689430e-21
4.746962384349897590e+00 3.279056266839877374e-21 1.234647148111882496e-21
4.747627384349469182e+00 2.525892102454386744e-22 9.841859935092897978e-22
4.748292384349040773e+00 5.674676158402324809e-21 9.301402167916606585e-22
4.748957384348612365e+00 2.484729836493701828e-21 1.054169491356460923e-21
4.749622384348183957e+00 2.597710088471729501e-21 1.111754317568103235e-21
4.750287384347755548e+00 1.970575839279633416e-22 1.416536729543442498e-21
4.750952384347327140e+00 -2.607530749951700987e-22 3.979934551033050728e-21
4.751617384346898731e+00 -9.358641746519150422e-22 1.076529092490144234e-21
4.752282384346470323e+00 -1.568406798912936759e-21 1.128458381409328205e-21
4.752947384346041915e+00 4.617006304809168171e-21 1.679037149736231172e-21
4.753612384345613506e+00 7.484716372811951884e-21 1.482665423978056432e-21
4.754277384345185098e+00 3.748121228874642498e-21 8.868777706371628221e-22
4.754942384344756690e+00 1.210254802397815730e-21 1.139282741124235156e-21
4.755607384344328281e+00 -5.314888534401772438e-23 1.023390523475887621e-21
4.756272384343899873e+00 2.246213484209134026e-21 1.035269083237876820e-21
4.756937384343471464e+00 2.546527207222071692e-21 1.208049708942086612e-21
4.757602384343043056e+00 2.852225172809328086e-21 8.039346688399844773e-22
4.758267384342614648e+00 1.328404942410171233e-21 9.986224895343887991e-22
4.758932384342186239e+00 -4.610487892391854841e-23 1.519202674836295640e-21
4.759597384341757831e+00 -9.470568400362402115e-22 9.867087523939624356e-22
4.760262384341329422e+00 9.908083108998323721e-22 1.092895960717777474e-21
4.760927384340901014e+00 4.268997223005610349e-21 9.546049243314277642e-22
4.761592384340472606e+00 6.381929141396366330e-21 1.350772700851694984e-21
4.762257384340044197e+00 5.916974429152090534e-21 9.477396678750834550e-22
4.762922384339615789e+00 -3.783987942604108185e-21 1.047378250752684972e-21
4.763587384339187381e+00 9.383986658729842220e-22 9.282679908444333281e-22
4.764252384338758972e+00 -4.273164266311880371e-22 1.211056062790488680e-21
4.764917384338330564e+00 8.883798820101584826e-22 1.474870721513431419e-21
4.765582384337902155e+00 1.646009469563645412e-22 1.138147699580518017e-21
4.766247384337473747e+00 1.771989154742964608e-21 1.263324696091703511e-21
4.766912384337045339e+00 4.787416460222606190e-22 8.996548976406600891e-22
4.767577384336616930e+00 1.315917666604202153e-21 1.407487865017894980e-21
4.768242384336188522e+00 4.583946977385637486e-21 9.966649866769809358e-22
4.768907384335760113e+00 2.444175472834223128e-21 9.127416597138781925e-22
4.769572384335331705e+00 2.946008941814574722e-21 1.081968422521015713e-21
4.770237384334903297e+00 7.459649055736495416e-21 1.256965058487150787e-21
4.770902384334474888e+00 3.151055235845760779e-21 1.188009846817271151e-21
4.771567384334046480e+00 6.571143712185165042e-21 1.347912855298779879e-21
4.772232384333618072e+00 6.046543196380835531e-21 1.646909981788985127e-21
4.772897384333189663e+00 2.013963121445124904e-21 9.195646303972719710e-22
4.773562384332761255e+00 8.587587920275970739e-22 1.425327029968787589e-21
4.774227384332332846e+00 -3.364142103305062304e-22 1.068766478312008826e-21
4.774892384331904438e+00 -1.184261750626702657e-22 1.174619927049508670e-21
4.775557384331476030e+00 3.603523327944111906e-21 1.188494812164927212e-21
4.776222384331047621e+00 7.244354351629092254e-21 1.104303331163353046e-21
4.776887384330619213e+00 -2.354867148993912362e-21 9.766717948065625534e-22
4.777552384330190804e+00 7.917002719518910599e-22 1.077457962238334548e-21
4.778217384329762396e+00 -2.894757863985998959e-21 1.225568580603427268e-21
4.778882384329333988e+00 -1.127970840621091518e-21 9.670199130793284043e-22
4.779547384328905579e+00 -7.228139797993427261e-22 8.787956335524278197e-22
4.780212384328477171e+00 2.866080660828244365e-21 9.755246266634541775e-22
4.780877384328048763e+00 2.698582511645640786e-21 1.289682396940884709e-21
4.781542384327620354e+00 4.658815056215039402e-21 1.131692092444879754e-21
4.782207384327191946e+00 4.413637226270387936e-21 1.886704500684108891e-21
4.782872384326763537e+00 1.642135076774698356e-21 7.773326244478509569e-22
4.783537384326335129e+00 -1.541939254251174122e-21 1.084833810558033893e-21
4.784202384325906721e+00 9.033077976610176056e-22 9.956539176738834680e-22
4.784867384325478312e+00 7.147805750325169054e-22 1.264680434973447879e-21
4.785532384325049904e+00 1.031753760076792053e-21 1.473200794974253880e-21
4.786197384324621495e+00 3.395969702276858438e-21 1.370272541775703860e-21
4.786862384324193087e+00 3.488040273856130170e-21 1.280276338098601384e-21
4.787527384323764679e+00 -1.513930418816751963e-21 1.268710293540586619e-21
4.788192384323336270e+00 -1.622840039026531595e-21 1.194522696321427668e-21
4.788857384322907862e+00 5.159726341070336767e-21 1.262378070993145096e-21
4.789522384322479454e+00 -1.265322375782597784e-22 1.083209641997991517e-21
4.790187384322051045e+00 6.917034294616056434e-22 1.333354043352130683e-21
4.790852384321622637e+00 2.377841686110181811e-21 1.123900129356563995e-21
4.791517384321194228e+00 1.326538126467404238e-21 9.637623168059522098e-22
4.792182384320765820e+00 1.449915326756093822e-21 1.058932922262328286e-21
4.792847384320337412e+00 -1.002261183559885479e-21 1.497889621817828295e-21
4.793512384319909003e+00 1.553811440143088272e-21 9.857284378169022108e-22
4.794177384319480595e+00 3.473094984987120000e-21 8.969637745075579724e-22
4.794842384319052186e+00 1.761739353005585635e-21 1.217171491763124712e-21
4.795507384318623778e+00 -1.006387336038323964e-21 1.066480122327000285e-21
4.796172384318195370e+00 1.097948993950254303e-21 9.406104374039755591e-22
4.796837384317766961e+00 5.100258111105282922e-21 1.739652786527339062e-21
4.797502384317338553e+00 -7.370419156964580041e-21 1.209954301653642506e-21
4.798167384316910145e+00 -2.387142071327597413e-21 9.170152315509490071e-22
4.798832384316481736e+00 1.255137072937946954e-21 1.298872565048238626e-21
4.799497384316053328e+00 2.009034463519784249e-21 1.225159055809058709e-21
4.800162384315624919e+00 1.291182468790893082e-21 9.240552404333527254e-22
4.800827384315196511e+00 5.002414569910934205e-21 9.750659372266104497e-22
4.801492384314768103e+00 1.338107063160784233e-22 1.185931650605025380e-21
4.802157384314339694e+00 2.280968042215778399e-21 9.892492503256258992e-22
4.802822384313911286e+00 4.818509859803808998e-21 1.037521433357272323e-21
4.803487384313482877e+00 3.395287762143432544e-21 1.269474330867141568e-21
4.804152384313054469e+00 6.136020707187169159e-21 8.613196607219343335e-22
4.804817384312626061e+00 5.420093547808442405e-21 9.819784802719055010e-22
4.805482384312197652e+00 1.919402241912514575e-21 9.683311529020168266e-22
4.806147384311769244e+00 1.335779456732642207e-21 1.055846180835532337e-21
4.806812384311340836e+00 3.297670474085300243e-21 1.008484944677851642e-21
4.807477384310912427e+00 -2.547283852894125940e-22 9.739660675029213660e-22
4.808142384310484019e+00 -5.207255752479902671e-22 1.067853729005152655e-21
4.808807384310055610e+00 2.406426536776313618e-21 1.157594197741840699e-21
4.809472384309627202e+00 1.536508539013324466e-21 1.013502997564596253e-21
4.810137384309198794e+00 -6.897394790572016652e-22 9.357465311601644718e-22
4.810802384308770385e+00 1.135794988592977787e-21 1.097867050798610720e-21
4.811467384308341977e+00 1.595362849843018749e-21 1.154182798497855216e-21
4.812132384307913568e+00 2.672461177673818329e-21 8.113168621552218301e-22
4.812797384307485160e+00 -8.995293930397343920e-22 1.237075300487816585e-21
4.813462384307056752e+00 -5.166587231941312802e-22 9.168003717465383626e-22
4.814127384306628343e+00 9.799591785288258513e-22 1.096079741071034141e-21
4.814792384306199935e+00 3.312252449322658885e-21 8.955188808237897637e-22
4.815457384305771527e+00 -4.931023794929094278e-21 8.932378013996422949e-22
4.816122384305343118e+00 5.698522676531762220e-22 1.160962426295842809e-21
4.816787384304914710e+00 -4.778158957617086368e-22 9.058623535556330651e-22
4.817452384304486301e+00 -1.383823892944389244e-21 1.220763638404128701e-21
4.818117384304057893e+00 7.862174440638023867e-22 1.268822207791847861e-21
4.818782384303629485e+00 1.434609897089081712e-21 1.066638265283818330e-21
4.819447384303201076e+00 2.919944417363583874e-21 1.052628324383410477e-21
4.820112384302772668e+00 1.534607740152765347e-21 1.278554420113995825e-21
4.820777384302344259e+00 2.619829370814012868e-21 1.026657707743116574e-21
4.821442384301915851e+00 4.085845187099034322e-21 1.078635549302458707e-21
4.822107384301487443e+00 2.277985094136959808e-21 1.137295610511533142e-21
4.822772384301059034e+00 4.158480509350701451e-21 1.054485391804148263e-21
4.823437384300630626e+00 -2.715005919030014681e-21 7.894031847912029269e-22
4.824102384300202218e+00 -3.516323535416936387e-21 1.030897981633201730e-21
4.824767384299773809e+00 2.020298352288488519e-21 1.048535825569287936e-21
4.825432384299345401e+00 1.154809736352626441e-21 1.002635992464515160e-21
4.826097384298916992e+00 -7.584902507951288016e-22 9.650717478396910506e-22
4.826762384298488584e+00 3.931300605758669530e-21 1.070841433489737824e-21
4.827427384298060176e+00 -2.088642387408044791e-22 1.427665578237432192e-21
4.828092384297631767e+00 -2.740815989485865835e-21 1.247086735808646451e-21
4.828757384297203359e+00 9.425786493689553662e-22 1.107347140726378474e-21
4.829422384296774950e+00 3.453168087804380434e-21 1.176978309521376762e-21
4.830087384296346542e+00 3.884467760784665536e-21 1.105488145334447540e-21
4.830752384295918134e+00 2.309887059048162752e-21 1.120936246192481146e-21
4.831417384295489725e+00 3.375601031323717095e-21 1.286275661606119774e-21
4.832082384295061317e+00 3.749106453696948231e-21 9.445270465592589921e-22
4.832747384294632909e+00 1.820369961764380175e-21 1.071779618626356056e-21
4.833412384294204500e+00 2.771119515151073317e-21 9.474703302282592978e-22
4.834077384293776092e+00 -2.990361813420025469e-21 1.085067164430411774e-21
4.834742384293347683e+00 -1.668971394842106723e-21 1.042852431096231030e-21
4.835407384292919275e+00 -2.561754976585050864e-22 1.149017165869540265e-21
4.836072384292490867e+00 -3.332578396759371457e-21 9.129168790846067766e-22
4.836737384292062458e+00 2.711659969486102005e-21 9.616920535534884987e-22
4.837402384291634050e+00 3.080338864843397788e-21 1.498944848018464015e-21
4.838067384291205641e+00 5.174046615432516289e-21 1.128379524785492312e-21
4.838732384290777233e+00 7.460444778175118464e-21 1.183966879644245383e-21
4.839397384290348825e+00 -1.160573654445193631e-21 1.025567919170521391e-21
4.840062384289920416e+00 8.242369394953003807e-23 1.085248144291728527e-21
4.840727384289492008e+00 4.034152675943054097e-21 1.336677187301952182e-21
4.841392384289063600e+00 4.486515339882656395e-21 1.151033482518848506e-21
4.842057384288635191e+00 9.436845513461161466e-22 1.003902362515003192e-21
4.842722384288206783e+00 4.537742868982051943e-21 1.171668627670660966e-21
4.843387384287778374e+00 3.972966898839278674e-21 1.002132435966145029e-21
4.844052384287349966e+00 5.638276379960918874e-21 9.839532371605038201e-22
4.844717384286921558e+00 4.287938213439509476e-21 1.093729178252142784e-21
4.845382384286493149e+00 1.323839267038623270e-21 1.321562387756526265e-21
4.846047384286064741e+00 2.052024849723232111e-21 1.626189169043409523e-21
4.846712384285636332e+00 8.672021164102689218e-23 1.523467534318593065e-21
4.847377384285207924e+00 1.163735165981740812e-21 1.359041142613543349e-21
4.848042384284779516e+00 3.992317809349467833e-21 1.233464608815630647e-21
4.848707384284351107e+00 1.427007592482453059e-22 8.976228005709995718e-22
4.849372384283922699e+00 -9.704223547065720583e-22 1.301369244009401016e-21
4.850037384283494291e+00 8.634179357313230205e-21 1.411330567515423105e-21
4.850702384283065882e+00 -1.890660151485341186e-21 1.584552087511637095e-21
4.851367384282637474e+00 2.511371474379435687e-21 3.247605589725774865e-21
4.852032384282209065e+00 2.794747642829969391e-22 1.282251414643884710e-21
4.852697384281780657e+00 2.927927546184425039e-21 1.045175141527197290e-21
4.853362384281352249e+00 1.158158275097579431e-21 1.205412124198178199e-21
4.854027384280923840e+00 -1.947731505422424259e-21 1.047297116748249701e-21
4.854692384280495432e+00 3.544902454583686221e-21 2.064901599648676492e-21
4.855357384280067023e+00 -5.010503128570204063e-21 1.028851388282597046e-21
4.856022384279638615e+00 -2.857831839538629283e-21 1.506709213346310106e-21
4.856687384279210207e+00 -5.493211104908904970e-21 1.360001252623949911e-21
4.857352384278781798e+00 -5.912495284874252570e-24 1.807155435204831067e-21
4.858017384278353390e+00 2.020570111487041730e-21 1.058514579226216459e-21
4.858682384277924982e+00 2.182317232788341600e-21 1.526458673454217204e-21
4.859347384277496573e+00 2.429479429050577236e-21 1.928686066560488513e-21
4.860012384277068165e+00 -4.463365616392446641e-22 1.391665639010138588e-21
4.860677384276639756e+00 2.682927247849859134e-21 2.093961223492042160e-21
4.861342384276211348e+00 9.250289531537428925e-22 1.500267824185365560e-21
4.862007384275782940e+00 4.452610950151323731e-21 1.156380077356811855e-21
4.862672384275354531e+00 9.942396014126576196e-22 1.372869793959439560e-21
4.863337384274926123e+00 3.368523717999264126e-21 1.668626684441094268e-21
4.864002384274497715e+00 2.648987062271129986e-22 1.293184211593496747e-21
4.864667384274069306e+00 3.406488409528503179e-21 1.505727546929987769e-21
4.865332384273640898e+00 8.510667989681699870e-22 1.014102724515222029e-21
4.865997384273212489e+00 -8.062603777409693412e-22 1.332133888511886718e-21
4.866662384272784081e+00 4.955709107469227098e-21 9.353402185098135598e-22
4.867327384272355673e+00 6.524184593499940509e-21 1.188882625205350235e-21
4.867992384271927264e+00 -3.892638729728658080e-21 1.092845025472818411e-21
4.868657384271498856e+00 -1.532726449584442758e-21 1.581187337612689959e-21
4.869322384271070447e+00 -1.996699062620552701e-22 1.196290107538940982e-21
4.869987384270642039e+00 1.845749196676096683e-21 9.712354784920421847e-22
4.870652384270213631e+00 1.962123499154333491e-23 1.383751441370025674e-21
4.871317384269785222e+00 -3.130283158012323208e-21 1.166102312483349055e-21
4.871982384269356814e+00 -6.320441138396730372e-21 1.410137303264667998e-21
4.872647384268928406e+00 -1.334093552018454174e-21 1.043931670875519900e-21
4.873312384268499997e+00 4.377169801001669917e-22 1.413441781005158081e-21
4.873977384268071589e+00 1.326500548339414048e-21 1.283803904159119210e-21
4.874642384267643180e+00 3.902994090814137560e-21 1.293772066869806273e-21
4.875307384267214772e+00 -4.071346599713720805e-22 1.097245256079867271e-21
4.875972384266786364e+00 -5.970910924183384537e-22 1.087774813381733683e-21
4.876637384266357955e+00 -1.333171077893828410e-21 1.439849689662253821e-21
4.877302384265929547e+00 -2.755926291886090022e-22 9.976767364064149458e-22
4.877967384265501138e+00 4.677578309519729562e-21 1.419849192809418546e-21
4.878632384265072730e+00 -1.012271500723386082e-21 1.021945733985349197e-21
4.879297384264644322e+00 7.786375692229578814e-22 8.160477900628563812e-22
4.879962384264215913e+00 5.592701513514483879e-21 1.554121740145842082e-21
4.880627384263787505e+00 4.952300928118902126e-21 1.083057699398855627e-21
4.881292384263359097e+00 2.431420715913301078e-21 1.289357868414382172e-21
4.881957384262930688e+00 -3.848498539239645949e-21 1.179992592408582122e-21
4.882622384262502280e+00 -2.318223454728676636e-21 3.193489402154725141e-21
4.883287384262073871e+00 -2.646177233130801979e-21 1.090692241817919917e-21
4.883952384261645463e+00 1.034384981405183096e-21 1.361661780244845660e-21
4.884617384261217055e+00 3.892421344530727178e-21 1.508554446445574726e-21
4.885282384260788646e+00 2.983893273004911251e-21 1.421925741509796568e-21
4.885947384260360238e+00 3.480146654734322422e-21 1.231817861596705694e-21
4.886612384259931829e+00 3.905223699633447613e-22 1.166468217308434796e-21
4.887277384259503421e+00 3.942058167069626737e-21 9.921003001531928515e-22
4.887942384259075013e+00 -1.224371677178590973e-21 1.610631574969523540e-21
4.888607384258646604e+00 -1.440516950759886855e-21 1.235709084145183705e-21
4.889272384258218196e+00 1.681390742379410731e-22 1.028669265682273277e-21
4.889937384257789788e+00 2.362449211715484231e-22 1.255733069015089794e-21
4.890602384257361379e+00 9.911168935023215249e-22 1.366445403825735188e-21
4.891267384256932971e+00 2.180702789198261482e-21 1.096336772765783958e-21
4.891932384256504562e+00 4.015668659712895175e-21 1.128201244052969397e-21
4.892597384256076154e+00 8.888525926628826692e-22 1.393845364557748725e-21
4.893262384255647746e+00 1.616661754303395316e-21 8.552203456060995209e-22
4.893927384255219337e+00 -6.961669595175082272e-22 1.139243659625896285e-21
4.894592384254790929e+00 6.848922233651230936e-22 1.285661397913757422e-21
4.895257384254362520e+00 5.956853642464233364e-22 9.882095602835664249e-22
4.895922384253934112e+00 -7.064960553354639375e-22 2.639259205945501890e-21
4.896587384253505704e+00 9.015897490417771747e-22 1.801334925701084579e-21
4.897252384253077295e+00 -2.132626504653529815e-21 1.168273160581030610e-21
4.897917384252648887e+00 -5.551385200366684424e-23 1.219749981308534943e-21
4.898582384252220479e+00 -1.836720471101943988e-21 1.078017093134600488e-21
4.899247384251792070e+00 -2.369911250559888179e-22 1.262896001052716229e-21
4.899912384251363662e+00 -1.620814240653563763e-22 1.134324917852565516e-21
4.900577384250935253e+00 -1.439925514650918940e-21 1.069081402146230217e-21
4.901242384250506845e+00 -2.775953926653925311e-21 9.949003300574161011e-22
4.901907384250078437e+00 -1.797073957377527718e-21 9.721774747887526389e-22
4.902572384249650028e+00 -1.892210382789342723e-21 3.509799847383186802e-21
4.903237384249221620e+00 2.797357293160643866e-21 1.158605097815197963e-21
4.903902384248793211e+00 7.853376024619813625e-22 1.188919862233061965e-21
4.904567384248364803e+00 -2.690696860770718890e-21 1.026673425947678548e-21
4.905232384247936395e+00 6.445464587273931164e-22 1.012285920561427246e-21
4.905897384247507986e+00 4.373725349728575758e-21 1.221721196858993058e-21
4.906562384247079578e+00 2.240922320138169375e-21 1.168662731670848590e-21
4.907227384246651170e+00 2.010771909667416921e-21 1.135953279130789365e-21
4.907892384246222761e+00 3.522720777102662171e-21 1.167921328578215817e-21
4.908557384245794353e+00 4.551284873947347355e-21 1.268087803045755522e-21
4.909222384245365944e+00 1.444549411355152611e-21 1.233349554799814164e-21
4.909887384244937536e+00 1.489564609607990610e-21 1.209743372772368313e-21
4.910552384244509128e+00 -1.335233094800358421e-21 9.741226671488803968e-22
4.911217384244080719e+00 -1.867112762522230850e-21 1.159698072589416517e-21
4.911882384243652311e+00 -1.878642164917492161e-21 1.240653347148331950e-21
4.912547384243223902e+00 -4.525063260239663415e-21 1.196688629592190917e-21
4.913212384242795494e+00 -9.495051973582320234e-22 1.582069568613581400e-21
4.913877384242367086e+00 1.878653455144529651e-21 1.467958925092367235e-21
4.914542384241938677e+00 1.360618110273455569e-21 1.086889496734387491e-21
4.915207384241510269e+00 1.947919071134333431e-21 9.542805506478503325e-22
4.915872384241081861e+00 1.149350007998705621e-21 1.095311919724168944e-21
4.916537384240653452e+00 -1.110354010634510833e-21 8.841153378400372450e-22
4.917202384240225044e+00 1.685475456453639137e-21 1.011922769345971762e-21
4.917867384239796635e+00 2.869103385810800717e-22 1.139091319831625945e-21
4.918532384239368227e+00 4.997953677761147234e-21 1.358569671133534432e-21
4.919197384238939819e+00 3.701339563323057927e-21 9.632225631207908927e-22
4.919862384238511410e+00 8.668827456905647123e-22 1.038287044460188915e-21
4.920527384238083002e+00 1.016623147046304201e-21 8.853505633456913385e-22
4.921192384237654593e+00 -7.792946772844803522e-22 8.792817974894070076e-22
4.921857384237226185e+00 -3.312944806612829359e-22 1.119742854365931076e-21
4.922522384236797777e+00 -5.095656454318363281e-22 1.202780328282107374e-21
4.923187384236369368e+00 6.923758969432726765e-21 9.554680403562792996e-22
4.923852384235940960e+00 7.112514856576366489e-21 1.287702358508730272e-21
4.924517384235512552e+00 4.070228506405575696e-21 1.056440951114108892e-21
4.925182384235084143e+00 7.914127585007917049e-21 1.100882778384542588e-21
4.925847384234655735e+00 1.958235121471424976e-21 1.115181634244196184e-21
4.926512384234227326e+00 2.327997005307621209e-21 1.504109372693381077e-21
4.927177384233798918e+00 1.131456514263216849e-22 1.227928304768342306e-21
4.927842384233370510e+00 -4.617757335102745275e-22 1.337028343942616466e-21
4.928507384232942101e+00 1.875292112223893505e-21 1.216855095370116035e-21
4.929172384232513693e+00 5.713851575880698482e-21 1.282672317118081491e-21
4.929837384232085284e+00 4.050993688835248879e-21 1.225106730026161939e-21
4.930502384231656876e+00 1.559804342636120008e-21 1.048055444140010869e-21
4.931167384231228468e+00 3.412902939821453512e-21 1.973954533436743299e-21
4.931832384230800059e+00 2.082680734075813558e-21 1.394549360445622665e-21
4.932497384230371651e+00 4.863425974713845653e-21 1.006098716752452725e-21
4.933162384229943243e+00 4.129796764985315380e-21 1.607881346829430800e-21
4.933827384229514834e+00 3.144548931168820764e-21 1.088912413877023868e-21
4.934492384229086426e+00 1.723316907440238050e-21 1.717207313166593157e-21
4.935157384228658017e+00 -1.720055999699467091e-21 1.352651442209066935e-21
4.935822384228229609e+00 -3.370987242373745187e-22 1.324781538777260286e-21
4.936487384227801201e+00 6.077881519643571810e-22 1.218252739712929637e-21
4.937152384227372792e+00 5.164646728405153553e-21 1.285813356002172289e-21
4.937817384226944384e+00 1.915163796593480592e-21 1.170601052833875127e-21
4.938482384226515975e+00 1.561150359879336428e-21 1.239735337348232953e-21
4.939147384226087567e+00 5.922332442542919254e-22 1.146923719240853310e-21
4.939812384225659159e+00 -2.532433925268931321e-21 1.063048253708119352e-21
4.940477384225230750e+00 3.297219655368772876e-21 1.640070976842542545e-21
4.941142384224802342e+00 1.577097883045790868e-21 1.042012167967570800e-21
4.941807384224373934e+00 1.992984384278478067e-21 1.858602475564750211e-21
4.942472384223945525e+00 -1.713694273485411480e-21 1.483934761983644161e-21
4.943137384223517117e+00 1.941924521052840615e-21 1.166275471538221981e-21
4.943802384223088708e+00 1.091243998254888744e-21 1.245932861000768736e-21
4.944467384222660300e+00 5.504216008489514989e-22 1.756784227667791615e-21
4.945132384222231892e+00 1.994144153445664226e-21 1.416991932944822826e-21
4.945797384221803483e+00 -2.166319779404181970e-22 2.239383633266738970e-21
4.946462384221375075e+00 2.606783253491233042e-21 1.152873622772338762e-21
4.947127384220946666e+00 3.677743237379275898e-21 1.296991408942081156e-21
4.947792384220518258e+00 2.791354234998586720e-21 1.106338722450116751e-21
4.948457384220089850e+00 5.665480427250989763e-21 1.013961175645045776e-21
4.949122384219661441e+00 6.122483552133800401e-21 1.295057498263751256e-21
4.949787384219233033e+00 8.703462014597581896e-21 1.409036087640982696e-21
4.950452384218804625e+00 5.432634300442858267e-21 1.333890382292524629e-21
4.951117384218376216e+00 2.903961014091957118e-21 1.303722473709089152e-21
4.951782384217947808e+00 9.102839560179517390e-22 1.203733678256872952e-21
4.952447384217519399e+00 -9.079207607166184147e-23 1.243095399531071560e-21
4.953112384217090991e+00 1.520063125152078275e-21 1.172908036296672050e-21
4.953777384216662583e+00 2.141488463732043737e-21 1.408758930353164511e-21
4.954442384216234174e+00 -2.373803503974089073e-21 1.247829405618662615e-21
4.955107384215805766e+00 3.227503516399806385e-21 1.088618783557053233e-21
4.955772384215377357e+00 2.626662553872768545e-22 1.088657778484101013e-21
4.956437384214948949e+00 -2.790168700819320164e-21 1.195333475822960704e-21
4.957102384214520541e+00 -3.615313518070244250e-21 1.067504555039569025e-21
4.957767384214092132e+00 -1.147088766403949625e-21 9.920957693257384210e-22
4.958432384213663724e+00 -2.092870985985743810e-21 1.005798125930884104e-21
4.959097384213235316e+00 -4.740492154265187751e-22 1.110274558865754536e-21
4.959762384212806907e+00 2.870331013001925604e-22 1.098946781456701661e-21
4.960427384212378499e+00 1.281820068121151279e-21 1.165176414056535717e-21
4.961092384211950090e+00 2.304643695072724587e-21 9.989312281193135517e-22
4.961757384211521682e+00 -1.522734539633646890e-21 1.158850130484181074e-21
4.962422384211093274e+00 -4.414620041112382422e-21 1.035622683362475425e-21
4.963087384210664865e+00 -1.001708936932057698e-21 1.171964753060072860e-21
4.963752384210236457e+00 2.261953389465104051e-21 1.244471256489403842e-21
4.964417384209808048e+00 1.375438942769607889e-21 1.170586967418415649e-21
4.965082384209379640e+00 2.007622501352494635e-21 1.200421333934206292e-21
4.965747384208951232e+00 4.005574316041403521e-21 1.294234965180402277e-21
4.966412384208522823e+00 5.788477200890722562e-22 8.436247955687852159e-22
4.967077384208094415e+00 5.046341199965567752e-21 1.253559615963399424e-21
4.967742384207666007e+00 2.072502051615384645e-21 1.085927359526729746e-21
4.968407384207237598e+00 7.798022284008224099e-22 1.087883075941268304e-21
4.969072384206809190e+00 8.903889387196925829e-22 1.223713822161659969e-21
4.969737384206380781e+00 3.321301417522792844e-21 1.116894767091762214e-21
4.970402384205952373e+00 -9.342521136291230736e-22 9.746699988534100556e-22
4.971067384205523965e+00 2.990048510419248628e-21 1.061003518317414950e-21
4.971732384205095556e+00 4.130391189677431067e-21 1.429729699525166647e-21
4.972397384204667148e+00 1.808774323370127954e-21 1.422815533810589058e-21
4.973062384204238739e+00 1.360326343524691572e-22 1.036923083408766991e-21
4.973727384203810331e+00 1.020133951603973643e-21 8.683510982160851493e-22
4.974392384203381923e+00 3.670054015867008089e-21 1.094978224613196972e-21
4.975057384202953514e+00 1.432831867262394496e-22 1.067128513666396178e-21
4.975722384202525106e+00 1.066510056119985705e-21 1.313577219222669652e-21
4.976387384202096698e+00 1.055740209949164930e-20 1.133427941434092289e-21
4.977052384201668289e+00 7.973052339762525588e-21 1.417450526061388425e-21
4.977717384201239881e+00 3.088221747313935584e-21 1.198120947817680894e-21
4.978382384200811472e+00 3.536072102864848915e-21 1.051626714416951096e-21
4.979047384200383064e+00 -2.222726962107350949e-22 8.065171187757595052e-22
4.979712384199954656e+00 2.369650844235512670e-22 1.105650738690423974e-21
4.980377384199526247e+00 -2.401464851724783392e-21 1.012512642916679621e-21
4.981042384199097839e+00 3.221690551446284389e-21 1.024872882978672524e-21
4.981707384198669430e+00 1.225307848824034262e-21 9.405018117841034483e-22
4.982372384198241022e+00 3.365799943140240738e-21 1.120514958481229756e-21
4.983037384197812614e+00 1.549073108695046089e-21 9.612914081572285989e-22
4.983702384197384205e+00 3.444483746680410559e-21 8.945182315329235083e-22
4.984367384196955797e+00 -2.294965453636975245e-22 9.314359487346063903e-22
4.985032384196527389e+00 -2.496864536218493422e-21 1.097481235849181244e-21
4.985697384196098980e+00 3.244992391635874299e-21 9.532707705868090304e-22
4.986362384195670572e+00 4.406969324343851053e-21 1.260640383668267236e-21
4.987027384195242163e+00 1.365548141624220635e-21 1.195626103099720371e-21
4.987692384194813755e+00 1.091618262068034648e-21 1.646443533957007945e-21
4.988357384194385347e+00 2.371143798835516247e-21 1.267799037568984290e-21
4.989022384193956938e+00 -9.977029249561530359e-23 1.331601167003636466e-21
4.989687384193528530e+00 -2.759473640997682898e-21 1.149705141568603274e-21
4.990352384193100121e+00 3.096170427050857582e-21 9.298933661402615033e-22
4.991017384192671713e+00 1.889005354983467838e-21 1.121160394473771530e-21
4.991682384192243305e+00 1.564078897617394935e-21 1.310033693437667185e-21
4.992347384191814896e+00 8.155049150454565153e-22 1.091173172548693467e-21
4.993012384191386488e+00 -2.275713716766322832e-21 1.166617641627517065e-21
4.993677384190958080e+00 -1.160730392170128264e-21 1.214649356565723091e-21
4.994342384190529671e+00 -5.428656754309596936e-21 1.613772010493655179e-21
4.995007384190101263e+00 -1.706972555026988539e-21 1.534494463520056571e-21
4.995672384189672854e+00 3.359185037438975128e-21 1.381804803925938587e-21
4.996337384189244446e+00 5.573870077294361305e-21 1.265729882053770636e-21
4.997002384188816038e+00 2.733342597296072981e-21 1.075915243118940854e-21
4.997667384188387629e+00 3.321470745699533202e-21 9.319017947986528370e-22
4.998332384187959221e+00 1.207906524295265272e-21 1.150971811110877902e-21
4.998997384187530812e+00 7.579236802947858263e-22 1.088771246481924959e-21
4.999662384187102404e+00 -6.527640898189763560e-22 9.158861521916926083e-22
5.000327384186673996e+00 -2.720081960493683586e-22 1.148413928459896700e-21
5.000992384186245587e+00 -1.507203040172316740e-22 9.435092081772453162e-22
5.001657384185817179e+00 4.155169729175937440e-21 9.575827161503915861e-22
5.002322384185388771e+00 -9.825525814196955930e-23 1.329328636855933321e-21
5.002987384184960362e+00 1.087284396626103236e-21 1.893544718101070911e-21
5.003652384184531954e+00 3.353259109598654818e-21 1.544352296132908801e-21
5.004317384184103545e+00 2.783103384891729562e-21 1.449609820307333914e-21
5.004982384183675137e+00 -3.785572908131756856e-22 1.236341556044236894e-21
5.005647384183246729e+00 2.886846229490484115e-21 1.597305683544229307e-21
5.006312384182818320e+00 3.271360957374696362e-22 1.663620657215542613e-21
5.006977384182389912e+00 -9.370945684367933425e-22 9.831601140674172085e-22
5.007642384181961503e+00 7.522166333762403940e-22 1.061425848269728929e-21
5.008307384181533095e+00 2.777095655265665722e-21 1.384286615302061640e-21
5.008972384181104687e+00 1.229823048518846549e-21 1.197115747867856822e-21
5.009637384180676278e+00 4.381910368362647221e-21 1.219205185582097409e-21
5.010302384180247870e+00 3.820860432477280919e-21 9.251533768646760104e-22
5.010967384179819462e+00 -6.597794698568437625e-22 1.445016668184436810e-21
5.011632384179391053e+00 2.715411199081862287e-21 1.554020420768221147e-21
5.012297384178962645e+00 3.065643329451561009e-21 1.663656683645887034e-21
5.012962384178534236e+00 4.902512108223627527e-22 1.140503281024218589e-21
5.013627384178105828e+00 3.039997953926621033e-22 1.130706155660959459e-21
5.014292384177677420e+00 5.975225584445780195e-21 1.200340207185869884e-21
5.014957384177249011e+00 6.273506828352441457e-21 1.276741434736050780e-21
5.015622384176820603e+00 7.343116669564785362e-21 1.442387630615473197e-21
5.016287384176392194e+00 1.939163560114493933e-21 1.184202672184263450e-21
5.016952384175963786e+00 1.182157265396997976e-21 1.004074031511398543e-21
5.017617384175535378e+00 3.446270520121741467e-21 1.019009361497435116e-21
5.018282384175106969e+00 8.496463010246838293e-21 1.207438809845451579e-21
5.018947384174678561e+00 4.843417924424425316e-21 8.799407286390154271e-22
5.019612384174250153e+00 -3.056050273424750306e-22 1.177407763644213804e-21
5.020277384173821744e+00 -3.909267838441623871e-21 1.047710349984898953e-21
5.020942384173393336e+00 1.026919153802659608e-21 1.645200387047413263e-21
5.021607384172964927e+00 8.260124121428593757e-22 1.339872183134710126e-21
5.022272384172536519e+00 2.181004644168296603e-21 1.106192404202918570e-21
5.022937384172108111e+00 1.120626686284575150e-21 1.118182514424191236e-21
5.023602384171679702e+00 -2.005938768499408426e-21 1.065644442458344599e-21
5.024267384171251294e+00 1.169312343376978657e-22 9.733355037214665445e-22
5.024932384170822885e+00 1.916064708193424633e-21 1.185240193112195481e-21
5.025597384170394477e+00 2.184027033745239104e-21 8.992862887469432343e-22
5.026262384169966069e+00 5.425501147056493518e-21 9.638330074459716173e-22
5.026927384169537660e+00 5.223713917630823958e-22 1.004532536182598018e-21
5.027592384169109252e+00 6.596792084310589383e-22 1.039234546681034248e-21
5.028257384168680844e+00 3.534999065833789577e-21 1.176182566057941312e-21
5.028922384168252435e+00 2.356451744477172723e-21 1.396373502036402923e-21
5.029587384167824027e+00 3.781410128290557233e-21 1.186908571031797764e-21
5.030252384167395618e+00 6.080198042026367378e-21 1.118330448316566963e-21
5.030917384166967210e+00 2.572676063681038761e-22 1.550089830942188467e-21
5.031582384166538802e+00 7.556464951034125990e-22 1.285340076644007879e-21
5.032247384166110393e+00 3.025422497273805808e-21 1.125250293003300712e-21
5.032912384165681985e+00 2.099006996888171236e-21 1.167124477950873260e-21
5.033577384165253576e+00 2.952098048107981474e-22 1.065454419719016800e-21
5.034242384164825168e+00 -5.833248719888654609e-22 9.366104161580053974e-22
5.034907384164396760e+00 2.097227878309985902e-21 8.930463866136860260e-22
5.035572384163968351e+00 2.073287434375355436e-21 9.964625203811495115e-22
5.036237384163539943e+00 2.262987376590678703e-21 1.160604997702796062e-21
5.036902384163111535e+00 -5.414467295639014830e-22 1.093756657052594306e-21
5.037567384162683126e+00 -2.360794997934619962e-21 1.058236237626700249e-21
5.038232384162254718e+00 1.108569100125524566e-21 8.770052227486652356e-22
5.038897384161826309e+00 4.312234689293239377e-21 1.017836101887195272e-21
5.039562384161397901e+00 -2.303787612478849827e-21 1.247901001867220263e-21
5.040227384160969493e+00 3.854149981717386642e-21 9.740022115662367643e-22
5.040892384160541084e+00 1.352188389855260022e-21 9.983074823509277737e-22
5.041557384160112676e+00 -1.028232171448599191e-21 1.304358174283753379e-21
5.042222384159684268e+00 1.769622852035822819e-21 1.054723503695205825e-21
5.042887384159255859e+00 3.463311127567263676e-21 1.013093793582181400e-21
5.043552384158827451e+00 2.257352566474525794e-21 1.102004773516836336e-21
5.044217384158399042e+00 3.466140120319053017e-21 1.191056809337807285e-21
5.044882384157970634e+00 2.229347590362726065e-21 9.387911110581929969e-22
5.045547384157542226e+00 -6.849095347383304884e-22 1.405517947835162133e-21
5.046212384157113817e+00 4.781200964669769441e-21 1.261245860664898466e-21
5.046877384156685409e+00 3.684363923978132340e-21 1.263755309477516232e-21
5.047542384156257000e+00 4.065869155207541173e-21 1.113625540990063474e-21
5.048207384155828592e+00 8.647017247051638353e-21 1.231187791602914525e-21
5.048872384155400184e+00 2.643401890886742795e-21 1.563031368010564937e-21
5.049537384154971775e+00 6.399440928947488228e-21 1.394381564763190251e-21
5.050202384154543367e+00 1.174787994442346218e-21 1.206897265979231749e-21
5.050867384154114959e+00 4.780737390847901407e-21 1.291229303017680292e-21
5.051532384153686550e+00 2.620652005061879654e-21 9.688272883480022050e-22
5.052197384153258142e+00 1.612729792534029903e-21 8.748091446576794123e-22
5.052862384152829733e+00 1.996821527434303013e-21 1.016516388445162413e-21
5.053527384152401325e+00 4.395419638711402823e-21 1.157413959729512514e-21
5.054192384151972917e+00 3.162132218910323378e-21 1.699928813011194435e-21
5.054857384151544508e+00 5.536925214679287967e-21 1.227828127548582223e-21
5.055522384151116100e+00 -2.546678599472617220e-21 1.065487222385467752e-21
5.056187384150687691e+00 8.866432475323451876e-22 1.107994621066877571e-21
5.056852384150259283e+00 3.530978499289437497e-21 1.166649432788461427e-21
5.057517384149830875e+00 -1.337140022704748121e-21 1.357907619805557891e-21
5.058182384149402466e+00 8.590160293345858123e-22 1.089000823300943356e-21
5.058847384148974058e+00 5.422830214564972534e-22 1.811584761082050010e-21
5.059512384148545650e+00 3.187429774944098868e-21 1.229428039890922300e-21
5.060177384148117241e+00 8.049142982176994707e-22 1.022215318340584394e-21
5.060842384147688833e+00 2.466183325826579557e-21 1.138934218052352602e-21
5.061507384147260424e+00 1.803064338659356031e-22 1.123659821520084160e-21
5.062172384146832016e+00 8.432786869936274351e-21 1.379559434146909013e-21
5.062837384146403608e+00 3.099888165589130234e-21 1.500233695430602941e-21
5.063502384145975199e+00 -3.013707569590828240e-21 2.680988680248080338e-21
5.064167384145546791e+00 5.726394566049232969e-22 1.164663098015599422e-21
5.064832384145118382e+00 1.737156275894314572e-22 1.173503423151869658e-21
5.065497384144689974e+00 1.215844350331077116e-21 1.438828676881230998e-21
5.066162384144261566e+00 -5.333800047979940928e-22 1.317957392674948381e-21
5.066827384143833157e+00 -2.339746883442339237e-22 9.436344658335565145e-22
5.067492384143404749e+00 2.622723040450715948e-21 1.267154834450234068e-21
5.068157384142976341e+00 -3.058149920965207015e-21 1.234374106989491987e-21
5.068822384142547932e+00 3.045183775481009124e-22 1.076415339382853966e-21
5.069487384142119524e+00 -1.412936900928864088e-21 1.434452925369540069e-21
5.070152384141691115e+00 4.642082631565876070e-22 1.212564393571903149e-21
5.070817384141262707e+00 5.919661210287717386e-21 1.261298797057325973e-21
5.071482384140834299e+00 -3.626595389683304407e-23 1.157263444382871505e-21
5.072147384140405890e+00 5.326154187334749925e-21 1.039793870447229812e-21
5.072812384139977482e+00 2.398862606275711687e-21 1.192167216162660100e-21
5.073477384139549073e+00 -7.970125244874436260e-22 1.513344560311294138e-21
5.074142384139120665e+00 1.523016849023128760e-21 1.066254479530229827e-21
5.074807384138692257e+00 5.948399477592186005e-21 1.243521655701038605e-21
5.075472384138263848e+00 -2.194661344090407135e-21 1.300255169631193954e-21
5.076137384137835440e+00 -9.653139542687836671e-22 1.132602529989935847e-21
5.076802384137407032e+00 2.027588492370840120e-21 2.177541431880512843e-21
5.077467384136978623e+00 1.248961870778484095e-21 1.336311954917394390e-21
5.078132384136550215e+00 3.019657603369127669e-21 1.506222210623516682e-21
5.078797384136121806e+00 5.182691879389738462e-21 1.422679750971835220e-21
5.079462384135693398e+00 3.296728515514086400e-21 1.195762315767323971e-21
5.080127384135264990e+00 5.112688930115739328e-21 1.384014758356936424e-21
5.080792384134836581e+00 -2.307818093176325215e-21 1.175935244096656279e-21
5.081457384134408173e+00 -2.234763047965625725e-21 1.276924514526428312e-21
5.082122384133979764e+00 3.746161132305570095e-21 1.151735850774576110e-21
5.082787384133551356e+00 3.554388254299047652e-21 1.072803092100433511e-21
5.083452384133122948e+00 4.821546973105127273e-21 1.283398984515009230e-21
5.084117384132694539e+00 1.720310310506488115e-21 1.678386024694563342e-21
5.084782384132266131e+00 -1.472288898768034579e-21 1.186217017967054203e-21
5.085447384131837723e+00 -4.982888753057324658e-22 1.325294369907253693e-21
5.086112384131409314e+00 -2.444703143742605796e-21 1.294021156274919943e-21
5.086777384130980906e+00 -2.881716826844877896e-21 1.196270047872567679e-21
5.087442384130552497e+00 1.392793698827273321e-21 1.386227038531779226e-21
5.088107384130124089e+00 -3.538127978968092821e-21 1.278809078356002768e-21
5.088772384129695681e+00 -8.350051891631651747e-21 1.355137106334582109e-21
5.089437384129267272e+00 -2.718443403249660810e-21 1.004753308646392472e-21
5.090102384128838864e+00 3.484975255585836390e-22 1.096470725075704732e-21
5.090767384128410455e+00 6.652876157797014276e-21 1.076614466314687020e-21
5.091432384127982047e+00 3.176360696294330659e-21 1.251829977649184089e-21
5.092097384127553639e+00 1.584340163031105516e-21 9.800494469912329697e-22
5.092762384127125230e+00 -9.942377470040130406e-22 1.163585168081806035e-21
5.093427384126696822e+00 2.171432894099052100e-21 1.273936653885291063e-21
5.094092384126268414e+00 6.405190712641729977e-22 1.214625691291062159e-21
5.094757384125840005e+00 4.140163133337878759e-21 1.396457410763036113e-21
5.095422384125411597e+00 1.765796770788375238e-21 2.208772212422141042e-21
5.096087384124983188e+00 3.482351230094403214e-21 1.178899939151500097e-21
5.096752384124554780e+00 3.177051980818764257e-21 1.143634166571992896e-21
5.097417384124126372e+00 1.064068301323455914e-21 1.077417158277067751e-21
5.098082384123697963e+00 2.243333424835062616e-21 1.201976670246057135e-21
5.098747384123269555e+00 -1.688682252644795943e-22 1.222321122142858757e-21
5.099412384122841146e+00 2.814193039707996230e-21 1.056415081877643033e-21
5.100077384122412738e+00 2.357234015717020469e-21 1.374723847337041251e-21
5.100742384121984330e+00 7.984878256568961342e-22 1.277903517523308893e-21
5.101407384121555921e+00 1.746852822779126008e-21 1.351268498121748224e-21
5.102072384121127513e+00 -3.043138620143945805e-21 1.185442858106128237e-21
5.102737384120699105e+00 1.656815601464377175e-21 1.313057773386410178e-21
5.103402384120270696e+00 5.335267761648663326e-21 1.262961433324657012e-21
5.104067384119842288e+00 1.957755097736424027e-21 1.227060128727211902e-21
5.104732384119413879e+00 2.397621519993654521e-21 1.368744473917782996e-21
5.105397384118985471e+00 3.375592078380713910e-21 1.150438200857497961e-21
5.106062384118557063e+00 1.817271857687649720e-21 9.653871571501118187e-22
5.106727384118128654e+00 1.432563828793974627e-21 1.288879356071354700e-21
5.107392384117700246e+00 1.081426573469192256e-21 1.195130291213542538e-21
5.108057384117271837e+00 4.164950568583164086e-21 1.145949069038983704e-21
5.108722384116843429e+00 -2.029898460145753060e-24 1.443923903652813119e-21
5.109387384116415021e+00 1.358122740734619348e-21 1.142302390928393531e-21
5.110052384115986612e+00 2.741979843794978526e-21 1.122776903713620128e-21
5.110717384115558204e+00 5.247548399606867080e-22 1.107174194664589426e-21
5.111382384115129796e+00 -3.513417969169264651e-21 1.145531313487026008e-21
5.112047384114701387e+00 -1.946665488977369047e-21 1.234584422672288316e-21
5.112712384114272979e+00 4.971219224736751142e-21 1.078099552631090236e-21
5.113377384113844570e+00 -5.982461408038705077e-23 1.312516713239367787e-21
5.114042384113416162e+00 -1.324561706621965739e-21 1.127087983832505914e-21
5.114707384112987754e+00 2.016986505563685315e-21 1.187900116267537002e-21
5.115372384112559345e+00 1.532427358279042409e-21 1.189371950182348008e-21
5.116037384112130937e+00 3.261098913680232261e-21 1.007243416895667251e-21
5.116702384111702528e+00 -2.345575922980856438e-21 1.036659172031071698e-21
5.117367384111274120e+00 -5.066747602894508991e-21 1.268386818551885866e-21
5.118032384110845712e+00 1.477496160016933786e-21 1.089368596920032178e-21
5.118697384110417303e+00 4.490883266905876776e-21 1.125745297144531926e-21
5.119362384109988895e+00 8.745421560449885275e-22 1.292814953644919487e-21
5.120027384109560487e+00 2.694684373813174137e-21 1.722318095540931026e-21
5.120692384109132078e+00 3.263789341229004465e-21 1.439509816576852676e-21
5.121357384108703670e+00 -1.874893433049691287e-21 1.995380700391942178e-21
5.122022384108275261e+00 -2.878878039597941439e-22 1.533317964181354487e-21
5.122687384107846853e+00 7.771797737851464372e-22 1.231080472136664671e-21
5.123352384107418445e+00 -8.574398400409651766e-22 1.011150626453267390e-21
5.124017384106990036e+00 -3.180370599817216184e-21 1.098031185656375033e-21
5.124682384106561628e+00 -2.126747780522940994e-21 1.081738144235290358e-21
5.125347384106133219e+00 2.296602417309340381e-21 1.190282222298513274e-21
5.126012384105704811e+00 5.398996156853375044e-22 1.817616557732982755e-21
5.126677384105276403e+00 2.328788641475743092e-21 1.383921156530142383e-21
5.127342384104847994e+00 2.669765466074050531e-21 1.305080428302370472e-21
5.128007384104419586e+00 6.065662542990261945e-21 1.437006373618108786e-21
5.128672384103991178e+00 5.618346680584296986e-22 1.868905015321218681e-21
5.129337384103562769e+00 -2.110671311306731909e-21 1.510122222056548770e-21
5.130002384103134361e+00 4.331754801865721237e-21 1.222247122794970800e-21
5.130667384102705952e+00 1.133329685248899524e-21 1.298658547679123356e-21
5.131332384102277544e+00 -4.941384872186727891e-21 1.321273173016880535e-21
5.131997384101849136e+00 -3.157664365585751238e-21 1.215155001876560350e-21
5.132662384101420727e+00 2.625768593045901093e-21 1.082699316859740921e-21
5.133327384100992319e+00 2.021775534544722173e-21 1.326773607135569384e-21
5.133992384100563910e+00 -2.832368203971637491e-21 1.596401396932898035e-21
5.134657384100135502e+00 -1.478476781030947672e-21 1.311072968993731783e-21
5.135322384099707094e+00 -1.600053703972605693e-21 9.880050624085803610e-22
5.135987384099278685e+00 1.134676281618920707e-21 1.436067772958944948e-21
5.136652384098850277e+00 -4.416372459687941011e-21 1.348146873300780970e-21
5.137317384098421869e+00 -1.164416258319466817e-21 1.241163597742557883e-21
5.137982384097993460e+00 -1.143689836848988381e-21 1.521892172438841222e-21
5.138647384097565052e+00 -3.177697255955374108e-22 1.135120326137342442e-21
5.139312384097136643e+00 3.760095373996958631e-21 1.199788735662323323e-21
5.139977384096708235e+00 1.237523134198090448e-21 1.041100114898922961e-21
5.140642384096279827e+00 -4.116661985770903086e-22 1.281837681603874704e-21
5.141307384095851418e+00 3.848438849418283871e-22 1.616578109756040334e-21
5.141972384095423010e+00 -1.677066526672131114e-21 1.561808602258246252e-21
5.142637384094994601e+00 1.909107632640794763e-22 1.414670589443083163e-21
5.143302384094566193e+00 -1.354714119529504801e-22 1.235601561553283958e-21
5.143967384094137785e+00 2.339497867082389421e-21 1.475300513842634054e-21
5.144632384093709376e+00 3.031246318121091521e-21 1.081395914534175856e-21
5.145297384093280968e+00 2.740778759777666470e-21 1.438198381177590803e-21
5.145962384092852560e+00 1.434662453159894829e-21 9.993225663106349604e-22
5.146627384092424151e+00 4.122915877025452571e-21 1.223532542876567903e-21
5.147292384091995743e+00 2.155518162780429989e-21 1.375064322656281541e-21
5.147957384091567334e+00 2.393763469415707015e-21 1.289782897243318240e-21
5.148622384091138926e+00 2.597763851362343914e-21 1.185577659301742495e-21
5.149287384090710518e+00 -1.720243193655294111e-21 1.395725458648265555e-21
5.149952384090282109e+00 3.163912639416738096e-21 1.193073062999340279e-21
5.150617384089853701e+00 4.626138250967936209e-21 1.876475580617675775e-21
5.151282384089425292e+00 2.275328911970035074e-21 1.252276642662798556e-21
5.151947384088996884e+00 1.210653115377840167e-21 1.141742883661778157e-21
5.152612384088568476e+00 -1.241221609915411619e-21 1.202864480373109601e-21
5.153277384088140067e+00 -5.377538258002443563e-24 1.133696322834823578e-21
5.153942384087711659e+00 1.288158525996686277e-21 1.317565237400797545e-21
5.154607384087283251e+00 5.610557336861163152e-21 1.420656210817539349e-21
5.155272384086854842e+00 6.133567068522852508e-21 1.268559533747882910e-21
5.155937384086426434e+00 4.852343876056765770e-21 1.272538848931579686e-21
5.156602384085998025e+00 -1.059108787265384363e-22 9.684001422854700762e-22
5.157267384085569617e+00 4.485151790397843048e-21 1.324984205124391106e-21
5.157932384085141209e+00 3.203649476612036504e-21 1.116072504175831006e-21
5.158597384084712800e+00 3.148444139275520766e-21 1.210511039883213316e-21
5.159262384084284392e+00 -1.346801876896954069e-22 1.431591402473778725e-21
5.159927384083855983e+00 3.555040299290105939e-21 1.231212077434043283e-21
5.160592384083427575e+00 1.825673194116276592e-21 8.238724953380118970e-22
5.161257384082999167e+00 3.883713948499204063e-21 1.216189213749249828e-21
5.161922384082570758e+00 -7.685057126497580831e-23 1.175254012063554207e-21
5.162587384082142350e+00 2.380397849596937239e-21 1.049392940646531503e-21
5.163252384081713942e+00 1.677526602796910317e-21 1.276752723756460246e-21
5.163917384081285533e+00 4.247458095873993175e-21 1.156775945719156290e-21
5.164582384080857125e+00 2.380725764965064220e-21 1.206137579904912564e-21
5.165247384080428716e+00 -2.857244606549935480e-22 1.446334564524422722e-21
5.165912384080000308e+00 2.581793510110339869e-21 1.134351763989518250e-21
5.166577384079571900e+00 1.809345071405564501e-21 1.154961237811287101e-21
5.167242384079143491e+00 -1.219548148362804795e-21 1.022638106658687525e-21
5.167907384078715083e+00 4.249657206465219388e-21 1.222516905873281600e-21
5.168572384078286674e+00 1.379503300053391302e-21 9.738872836951214021e-22
5.169237384077858266e+00 1.772358944424955729e-21 1.085428728554763295e-21
5.169902384077429858e+00 6.466863112892608386e-21 1.376239945841941639e-21
5.170567384077001449e+00 2.112051546126234888e-21 1.219340456460591301e-21
5.171232384076573041e+00 6.148963116317601517e-21 1.756395968528469358e-21
5.171897384076144633e+00 7.291271360065487957e-22 1.160606878751149451e-21
5.172562384075716224e+00 -1.827287894204726831e-22 1.289328865976107476e-21
5.173227384075287816e+00 -6.756785568596818445e-23 1.439895108099679487e-21
5.173892384074859407e+00 5.478697163750207415e-22 1.258127712976703134e-21
5.174557384074430999e+00 -2.627410341996525899e-21 1.221087623200868894e-21
5.175222384074002591e+00 -3.079462740941376137e-21 1.181142514079673550e-21
5.175887384073574182e+00 -7.319136358567826956e-22 1.154944844170432710e-21
5.176552384073145774e+00 -1.584101154715743938e-21 1.186262107808862611e-21
5.177217384072717365e+00 1.238563832146400203e-21 1.012283516800937976e-21
5.177882384072288957e+00 3.914225580616142689e-21 1.231689015787325478e-21
5.178547384071860549e+00 -5.330002801825164838e-21 1.728993432909989689e-21
5.179212384071432140e+00 2.013618380967001805e-21 1.382974033967348264e-21
5.179877384071003732e+00 3.093380756879969522e-21 1.171097126366769026e-21
5.180542384070575324e+00 1.017354705138039275e-20 9.994907567811130777e-22
5.181207384070146915e+00 7.265120025701939849e-21 1.222163555187742022e-21
5.181872384069718507e+00 4.251917885522905468e-21 1.161928180394157759e-21
5.182537384069290098e+00 1.940769425609740692e-21 1.402839153994358794e-21
5.183202384068861690e+00 -1.339075005999760427e-21 1.207803607251603610e-21
5.183867384068433282e+00 6.100074440517602660e-21 5.227845953436760659e-21
5.184532384068004873e+00 2.656178589154090352e-21 1.655909576888362962e-21
5.185197384067576465e+00 1.387523437904300669e-21 1.524512906574930263e-21
5.185862384067148056e+00 -4.986716687727495476e-21 1.328769352910546654e-21
5.186527384066719648e+00 -3.293667241417822138e-22 1.517863573732233790e-21
5.187192384066291240e+00 -2.008962127150493321e-23 9.449000223580787765e-22
5.187857384065862831e+00 -4.876641437701035050e-22 1.265866060249313841e-21
5.188522384065434423e+00 2.319293872387223101e-21 1.046633094628954584e-21
5.189187384065006015e+00 3.669598081260278241e-22 1.099789836956396258e-21
5.189852384064577606e+00 -2.664242928690933256e-22 1.212561774079690344e-21
5.190517384064149198e+00 -1.485838026260335533e-21 1.086045471974509663e-21
5.191182384063720789e+00 4.268679617137210996e-21 1.451905435620116756e-21
5.191847384063292381e+00 2.021265650975123351e-21 1.180303364625866463e-21
5.192512384062863973e+00 -1.189922772176005990e-21 1.265478494161898534e-21
5.193177384062435564e+00 -1.494964943861178636e-21 1.147304028931729922e-21
5.193842384062007156e+00 1.279813847239085607e-21 1.477409478189513004e-21
5.194507384061578747e+00 5.143647542303386711e-21 1.832310440495680315e-21
5.195172384061150339e+00 4.704452028854929782e-23 1.567246568401287163e-21
5.195837384060721931e+00 -1.954914024521732596e-21 1.493666297650050332e-21
5.196502384060293522e+00 4.707650668893993815e-21 1.271485139417481673e-21
5.197167384059865114e+00 5.884558128818727535e-21 8.686042329335087095e-22
5.197832384059436706e+00 2.604719975081716472e-21 1.168246058635585406e-21
5.198497384059008297e+00 -2.064565946410233346e-21 1.348377811385478007e-21
5.199162384058579889e+00 9.615005107294715737e-22 1.080884783720468042e-21
5.199827384058151480e+00 1.883795237481056225e-21 1.265510723732743302e-21
5.200492384057723072e+00 3.847719974777179981e-21 1.276845523538767464e-21
5.201157384057294664e+00 1.327619815742634042e-21 1.195059477744800543e-21
5.201822384056866255e+00 6.612445764082415644e-21 1.819929578303567769e-21
5.202487384056437847e+00 3.258528513784344233e-21 1.209903124246259261e-21
5.203152384056009438e+00 3.820531866273106816e-21 1.529468687739624382e-21
5.203817384055581030e+00 -6.798545334693744623e-22 1.499507673826838018e-21
5.204482384055152622e+00 1.962987437090621540e-21 1.538257841278511444e-21
5.205147384054724213e+00 7.012591622951127752e-21 9.927306043028652817e-22
5.205812384054295805e+00 1.052346432225414295e-21 1.416198202576646606e-21
5.206477384053867397e+00 2.780019668715535844e-21 1.134762632249408837e-21
5.207142384053438988e+00 -3.447091256064307732e-21 1.312092597395715732e-21
5.207807384053010580e+00 -2.552056406241038745e-21 1.512279002780984880e-21
5.208472384052582171e+00 2.312824727772207852e-21 1.347984191206608473e-21
5.209137384052153763e+00 -7.530639207213988572e-23 1.272586736344648663e-21
5.209802384051725355e+00 2.727156534284950904e-21 1.156741170117124072e-21
5.210467384051296946e+00 3.566454448507524249e-23 1.248482075397214570e-21
5.211132384050868538e+00 4.479367765941266637e-21 1.230253716314005507e-21
5.211797384050440129e+00 3.285293894793110850e-21 1.791657779720831767e-21
5.212462384050011721e+00 5.976116964863569877e-22 1.401447868881100283e-21
5.213127384049583313e+00 3.210688209107111727e-21 1.329501265409835958e-21
5.213792384049154904e+00 -5.665645100905177091e-21 1.064364760439281303e-21
5.214457384048726496e+00 -1.850774914445416411e-21 1.476031184240014780e-21
5.215122384048298088e+00 3.009122809756649568e-21 1.201232143640626959e-21
5.215787384047869679e+00 2.907048334727238888e-21 1.349064873486404653e-21
5.216452384047441271e+00 2.355971121781556647e-21 1.358977298641827542e-21
5.217117384047012862e+00 -2.156393453706981472e-22 1.162387262056731312e-21
5.217782384046584454e+00 6.177224649973965393e-22 1.449093398845986606e-21
5.218447384046156046e+00 4.012997812618947526e-21 1.809812287508679509e-21
5.219112384045727637e+00 4.056469079335723012e-21 1.341557370722039732e-21
5.219777384045299229e+00 8.467743088703006170e-21 1.423628136413979100e-21
5.220442384044870821e+00 4.605587315555549341e-22 1.114237905119171435e-21
5.221107384044442412e+00 -3.306097038204425914e-21 1.479297884032781833e-21
5.221772384044014004e+00 1.212738937723321843e-21 1.556782420370157617e-21
5.222437384043585595e+00 3.733582393721685734e-21 1.508901641807137007e-21
5.223102384043157187e+00 7.684209165578451615e-21 1.076586071408724734e-21
5.223767384042728779e+00 7.154418429114533819e-21 1.793197774503310926e-21
5.224432384042300370e+00 1.992134442816168638e-23 1.479262374614876346e-21
5.225097384041871962e+00 2.671403557501271213e-21 9.608318316439557415e-22
5.225762384041443553e+00 -3.888633671655111136e-21 1.130450469520624250e-21
5.226427384041015145e+00 -6.221415539238354810e-21 1.251344605034410599e-21
5.227092384040586737e+00 1.909926895986296919e-22 2.039717506555271470e-21
5.227757384040158328e+00 -5.716012618557472126e-23 1.312914074020521328e-21
5.228422384039729920e+00 -1.044514750174934104e-23 1.388460798020374097e-21
5.229087384039301512e+00 5.349453052921210396e-21 1.433142968540875740e-21
5.229752384038873103e+00 -1.029076609887228703e-21 1.448350378824633127e-21
5.230417384038444695e+00 5.079001609570079825e-21 1.647850180766965969e-21
5.231082384038016286e+00 7.115754293419200449e-21 1.710634025422459373e-21
5.231747384037587878e+00 4.337634386673077044e-21 1.331682176957798742e-21
5.232412384037159470e+00 4.176086600438191449e-21 1.387081824520262010e-21
5.233077384036731061e+00 1.974681041025199749e-21 1.778566681754052118e-21
5.233742384036302653e+00 1.953665979444178940e-22 1.602406156390890807e-21
5.234407384035874244e+00 1.624878958547005673e-21 1.933528668548887399e-21
5.235072384035445836e+00 1.533846594423703784e-21 1.074350876837851616e-21
5.235737384035017428e+00 2.645623413767209807e-21 1.581091803081986095e-21
5.236402384034589019e+00 3.099074903373856429e-21 1.527683210247877904e-21
5.237067384034160611e+00 2.578786770300271423e-21 1.472781569693159463e-21
5.237732384033732203e+00 -2.797874508969900147e-21 1.357350714731588714e-21
5.238397384033303794e+00 2.933670469779810034e-21 1.562566562055232822e-21
5.239062384032875386e+00 7.570850450042517394e-23 1.387219169542078185e-21
5.239727384032446977e+00 -8.689925407389034575e-22 1.290794897600022971e-21
5.240392384032018569e+00 -3.214655196679183965e-22 1.482265543704883372e-21
5.241057384031590161e+00 9.808035959257711386e-22 1.855186015304103680e-21
5.241722384031161752e+00 2.033535951091254978e-22 1.629989039949314888e-21
5.242387384030733344e+00 -3.296410271605154731e-21 1.264352110831221968e-21
5.243052384030304935e+00 1.715976547897226442e-21 2.068080546763011301e-21
5.243717384029876527e+00 1.990187034947129673e-21 1.264475526635909318e-21
5.244382384029448119e+00 2.747576172896465628e-21 1.290650377083784285e-21
5.245047384029019710e+00 2.959248135298173709e-21 1.842022171429814837e-21
5.245712384028591302e+00 -3.087320628161631169e-22 1.116921337223913542e-21
5.246377384028162894e+00 -3.665186974597937630e-21 1.193995884514800584e-21
5.247042384027734485e+00 2.817513996298384494e-21 1.290846232536964663e-21
5.247707384027306077e+00 -4.618785452582911470e-21 1.518846566767299180e-21
5.248372384026877668e+00 -2.114398336559773317e-21 1.191794166346395933e-21
5.249037384026449260e+00 5.667079824168392641e-21 1.739303639587671313e-21
5.249702384026020852e+00 5.833806991706860863e-22 1.153943047042501001e-21
5.250367384025592443e+00 1.870475207978137768e-22 1.370446083143529389e-21
5.251032384025164035e+00 2.657559715004594977e-21 2.150884493211214770e-21
5.251697384024735626e+00 3.460833226296923627e-21 3.056309042551697852e-21
5.252362384024307218e+00 -2.229941417823696668e-21 1.269926227196859292e-21
5.253027384023878810e+00 -4.468153509572442001e-22 1.253460486149458106e-21
5.253692384023450401e+00 -5.052880700748792711e-21 1.677409041740871187e-21
5.254357384023021993e+00 -1.077402353497313899e-21 1.618705010791509280e-21
5.255022384022593585e+00 -2.770326259502167607e-21 1.319339301949857286e-21
5.255687384022165176e+00 -8.509497517020449399e-22 1.265990193088536668e-21
5.256352384021736768e+00 -1.868884312385212394e-21 1.204164766975169644e-21
5.257017384021308359e+00 7.791972726968950632e-22 1.551079324280568187e-21
5.257682384020879951e+00 1.346117550501270640e-21 1.446583274526334797e-21
5.258347384020451543e+00 1.898926757582103181e-22 1.302618572075733897e-21
5.259012384020023134e+00 2.882637327149987317e-21 1.390652736947213366e-21
5.259677384019594726e+00 5.497936503729633771e-23 1.879083955382953454e-21
5.260342384019166317e+00 2.992411672879235123e-21 1.763249583457509796e-21
5.261007384018737909e+00 1.539124116641329222e-22 1.297131514380181359e-21
5.261672384018309501e+00 1.306289096009760127e-21 1.408451837493365874e-21
5.262337384017881092e+00 2.306833026826256876e-21 1.295698103791410323e-21
5.263002384017452684e+00 4.792820168511030626e-22 1.194041982417618089e-21
5.263667384017024276e+00 -1.851400872177478528e-21 1.345791169429427643e-21
5.264332384016595867e+00 1.547180000943046350e-21 1.261838360441798430e-21
5.264997384016167459e+00 2.152231679132259544e-21 1.108205043820441820e-21
5.265662384015739050e+00 1.768030303803252316e-21 1.290065467011352998e-21
5.266327384015310642e+00 -6.765101176675767316e-22 1.180685019673343614e-21
5.266992384014882234e+00 -1.607916696398529556e-21 1.587623031378187481e-21
5.267657384014453825e+00 5.449886059543601417e-21 1.292145326014174960e-21
5.268322384014025417e+00 -4.347331542399553861e-21 1.381135844988041011e-21
5.268987384013597008e+00 -3.819906770515859127e-21 1.238280065323705488e-21
5.269652384013168600e+00 -3.334293645917152454e-21 2.015475818968264762e-21
5.270317384012740192e+00 0.000000000000000000e+00 0.000000000000000000e+00
