Wavelength_um Flux Err
2.870332385558867827e+00 -6.979271132705583218e-21 1.098225008041444959e-20
2.870997385558439419e+00 -1.538025349568523563e-20 8.336987530166129367e-21
2.871662385558011010e+00 -4.502910618659700123e-20 8.025580446542626811e-21
2.872327385557582602e+00 -7.063599909685558730e-21 8.507211273034747389e-21
2.872992385557154194e+00 1.034596526745081354e-20 8.523864334609029646e-21
2.873657385556725785e+00 4.782284923955334430e-20 7.926624107193149298e-21
2.874322385556297377e+00 1.634181127192497999e-20 7.941406208944529650e-21
2.874987385555868968e+00 7.650375653108815178e-20 7.682450480269254843e-21
2.875652385555440560e+00 -4.171793003276720374e-21 9.376720616531212279e-21
2.876317385555012152e+00 1.151072319355817888e-22 7.906223330330122797e-21
2.876982385554583743e+00 3.653800127109106729e-20 7.513692110976317346e-21
2.877647385554155335e+00 8.602865478555263451e-21 7.350381584346868065e-21
2.878312385553726926e+00 2.384436597717382462e-20 7.703214103913802220e-21
2.878977385553298518e+00 6.168580135913853919e-20 8.516758235390846756e-21
2.879642385552870110e+00 8.595549602786436559e-20 8.641135297325843446e-21
2.880307385552441701e+00 3.022603755508861017e-20 8.518444134616051317e-21
2.880972385552013293e+00 5.197260197852723058e-20 7.911546530260632638e-21
2.881637385551584885e+00 -5.794995432197590829e-21 8.274713666292213398e-21
2.882302385551156476e+00 -1.865923519263007858e-20 8.006699559649953375e-21
2.882967385550728068e+00 1.510729548671029305e-20 7.420195931341766868e-21
2.883632385550299659e+00 4.529352919234257777e-20 7.846342747850053394e-21
2.884297385549871251e+00 3.137952508511173260e-20 7.586635818443723888e-21
2.884962385549442843e+00 2.512434926104308499e-20 9.502043403676781053e-21
2.885627385549014434e+00 -1.838882409042678949e-20 7.633372434211902686e-21
2.886292385548586026e+00 -3.160110920536197989e-20 7.948874421925940775e-21
2.886957385548157617e+00 2.281159347799470789e-20 7.324184212948086122e-21
2.887622385547729209e+00 -2.799918243938112459e-20 7.564542266410584216e-21
2.888287385547300801e+00 -3.533938307451389879e-20 7.983916355783326189e-21
2.888952385546872392e+00 2.722872046707935391e-20 8.173337740694055629e-21
2.889617385546443984e+00 5.772319122283311147e-20 7.322190285307975793e-21
2.890282385546015576e+00 6.506755401648468293e-20 7.417778906423247273e-21
2.890947385545587167e+00 7.545373802050760100e-20 7.446426690649779381e-21
2.891612385545158759e+00 4.100002195158936596e-20 7.027600631192946486e-21
2.892277385544730350e+00 4.441713968281290828e-20 7.676362885292751395e-21
2.892942385544301942e+00 -3.197704027440106505e-20 7.788425558783184636e-21
2.893607385543873534e+00 1.939771817680110108e-20 7.629233872461409629e-21
2.894272385543445125e+00 7.814418064288989959e-20 7.314860112243095053e-21
2.894937385543016717e+00 8.602288483563218382e-20 8.644233350852495424e-21
2.895602385542588308e+00 5.250246081650204872e-20 8.882797263527296859e-21
2.896267385542159900e+00 1.305502702298056344e-19 9.275489239593201065e-21
2.896932385541731492e+00 9.229413888507144887e-20 7.336133185116401808e-21
2.897597385541303083e+00 7.508568074844084318e-20 6.977299168807857626e-21
2.898262385540874675e+00 5.204398023780713844e-20 7.024301090709195135e-21
2.898927385540446267e+00 4.453784936486964006e-20 7.221913810733320597e-21
2.899592385540017858e+00 5.654257672377592230e-20 6.904421003565426984e-21
2.900257385539589450e+00 4.277005949478670543e-20 6.650220069580291761e-21
2.900922385539161041e+00 7.393935916826272934e-20 7.068747224750658446e-21
2.901587385538732633e+00 5.205004209340483517e-20 7.151780693247580762e-21
2.902252385538304225e+00 7.755666626692314105e-20 7.413794030449656146e-21
2.902917385537875816e+00 6.513969259024403660e-20 7.070728163402034902e-21
2.903582385537447408e+00 3.643121604475400795e-20 6.785928682448061790e-21
2.904247385537018999e+00 1.021368417619610635e-20 7.151886570852232697e-21
2.904912385536590591e+00 -3.488902906502663548e-20 6.998320986390384273e-21
2.905577385536162183e+00 5.021178096701710839e-20 7.241153891185800200e-21
2.906242385535733774e+00 2.319066834942019131e-20 7.719513789526770459e-21
2.906907385535305366e+00 4.067751932294153751e-20 7.202299640391060746e-21
2.907572385534876958e+00 5.279226716451531818e-20 7.307618006366575686e-21
2.908237385534448549e+00 4.149786517767202678e-20 7.144637051796406810e-21
2.908902385534020141e+00 7.040685285670233242e-20 7.216411596259361053e-21
2.909567385533591732e+00 4.998267267809224771e-20 6.860178678942470561e-21
2.910232385533163324e+00 3.373305966805247284e-20 6.847195590066168819e-21
2.910897385532734916e+00 4.631500965720539595e-20 7.294827810711239091e-21
2.911562385532306507e+00 4.970871212837550478e-20 6.592413733328365402e-21
2.912227385531878099e+00 4.345168282409931973e-20 7.250297418220283927e-21
2.912892385531449690e+00 -1.134633453989962641e-20 7.096143171672793867e-21
2.913557385531021282e+00 3.562424162367558267e-20 6.559684212558785854e-21
2.914222385530592874e+00 2.521347575831177003e-20 7.410637213091682758e-21
2.914887385530164465e+00 -1.704163280881018753e-20 9.922648706584413706e-21
2.915552385529736057e+00 3.152687327017595108e-20 7.996918132440122150e-21
2.916217385529307649e+00 -1.067727146740732025e-20 6.834757203384306229e-21
2.916882385528879240e+00 3.537482658345605572e-20 6.635847077606290784e-21
2.917547385528450832e+00 2.420738101252439722e-20 6.500404502103517107e-21
2.918212385528022423e+00 4.189440899990111733e-20 7.609662029210843912e-21
2.918877385527594015e+00 7.054773132059383529e-20 7.342829868435902363e-21
2.919542385527165607e+00 5.846285502128707206e-20 1.006277522448025480e-20
2.920207385526737198e+00 -6.829333679398968417e-21 6.102112117136461861e-21
2.920872385526308790e+00 3.641881921537121608e-20 6.472861700636223892e-21
2.921537385525880381e+00 1.981079651112504245e-20 6.258448152034062227e-21
2.922202385525451973e+00 1.028085279482147188e-19 6.175572803195842924e-21
2.922867385525023565e+00 6.807803176435464126e-20 6.182235619486768432e-21
2.923532385524595156e+00 5.036803955196882102e-20 6.027494898149122702e-21
2.924197385524166748e+00 7.875948827243972357e-20 6.795449636717298989e-21
2.924862385523738340e+00 6.261560135479937180e-20 5.958603514331187045e-21
2.925527385523309931e+00 4.875718746023470386e-20 6.235985404713869326e-21
2.926192385522881523e+00 3.579775633297792892e-20 6.006701706057689890e-21
2.926857385522453114e+00 7.195269492362109004e-20 6.096145149576200363e-21
2.927522385522024706e+00 9.654640639323758536e-20 6.480213211030434091e-21
2.928187385521596298e+00 9.117024741595068923e-20 5.846297330940929684e-21
2.928852385521167889e+00 6.182106792007833277e-20 6.443954981778413003e-21
2.929517385520739481e+00 -5.559668113304647823e-20 6.472514087386734550e-21
2.930182385520311072e+00 5.891116246926706015e-21 6.100623779449077553e-21
2.930847385519882664e+00 3.642777480491163244e-20 5.823931738277824592e-21
2.931512385519454256e+00 2.859248248909019603e-20 6.732678243077627913e-21
2.932177385519025847e+00 3.533430717769624273e-20 5.898055055964198202e-21
2.932842385518597439e+00 4.313247044954451723e-20 6.353568470278704338e-21
2.933507385518169031e+00 6.862677140652997292e-20 6.124562582702882822e-21
2.934172385517740622e+00 1.599416818847726986e-20 6.633820442832443532e-21
2.934837385517312214e+00 -4.887797130460271753e-22 6.053511916754022631e-21
2.935502385516883805e+00 4.484264587568279095e-21 6.041401246093584019e-21
2.936167385516455397e+00 3.196857851239495395e-20 6.057068391501242702e-21
2.936832385516026989e+00 3.718540924271834498e-20 6.294473836609039049e-21
2.937497385515598580e+00 4.269884756506216437e-20 6.169473337336581186e-21
2.938162385515170172e+00 7.808415466201717154e-20 2.374082266936000505e-20
2.938827385514741763e+00 -1.760720837007906809e-21 7.046609440607963121e-21
2.939492385514313355e+00 -1.435433197071944079e-20 6.079599772084387704e-21
2.940157385513884947e+00 -6.070167315633061372e-21 9.680887543256691418e-21
2.940822385513456538e+00 -1.911075020785752622e-20 1.326124698175589715e-20
2.941487385513028130e+00 1.513157053133475880e-20 6.662606286100642630e-21
2.942152385512599722e+00 2.356619163790097132e-20 5.792638418970379990e-21
2.942817385512171313e+00 2.696897780631139750e-20 6.315231588851166564e-21
2.943482385511742905e+00 1.598012301354054448e-20 6.138693717835609430e-21
2.944147385511314496e+00 3.054980137254997250e-20 6.333398681132584667e-21
2.944812385510886088e+00 2.108134013530756663e-20 6.001737242218263071e-21
2.945477385510457680e+00 -1.559217228056980886e-20 5.679146229299859863e-21
2.946142385510029271e+00 -2.281801351450660276e-20 5.919821870554409930e-21
2.946807385509600863e+00 7.438643868788615421e-21 6.175399667947951081e-21
2.947472385509172454e+00 -2.750365333951865341e-20 6.082615751224347594e-21
2.948137385508744046e+00 -2.132284436554217548e-20 5.869245186227043985e-21
2.948802385508315638e+00 3.395491060730946138e-20 6.301336545147319836e-21
2.949467385507887229e+00 4.532756796936976972e-20 6.274594446679357083e-21
2.950132385507458821e+00 1.841003208292227519e-20 5.668983458231847502e-21
2.950797385507030413e+00 3.129051111293174137e-20 5.360641933508181986e-21
2.951462385506602004e+00 4.458383531936118753e-20 5.883033708773777715e-21
2.952127385506173596e+00 4.783875536846215880e-20 5.642395688099270783e-21
2.952792385505745187e+00 4.879709585616750188e-20 6.133804006724705549e-21
2.953457385505316779e+00 3.626153438815979352e-20 6.211267013117087510e-21
2.954122385504888371e+00 1.393309270209548843e-20 6.501729945502933050e-21
2.954787385504459962e+00 1.934833156277109514e-20 5.925296639917488809e-21
2.955452385504031554e+00 1.799165922841932402e-20 6.066589650861630768e-21
2.956117385503603145e+00 1.806842229977279145e-20 6.024560655798926891e-21
2.956782385503174737e+00 3.145874729111054715e-20 6.138830329701350168e-21
2.957447385502746329e+00 2.477520677433827817e-20 5.867969108203682473e-21
2.958112385502317920e+00 3.318100038124528525e-20 6.191279929795997194e-21
2.958777385501889512e+00 8.651347702302095335e-20 5.873973520510216870e-21
2.959442385501461104e+00 2.316693282791434038e-20 5.605205436947979178e-21
2.960107385501032695e+00 5.511157634331685660e-20 5.898583510298763438e-21
2.960772385500604287e+00 2.787811706652457572e-20 5.524791498121947438e-21
2.961437385500175878e+00 2.568089722339674928e-20 5.828222833231655181e-21
2.962102385499747470e+00 3.314743412195610040e-20 5.367504741092030890e-21
2.962767385499319062e+00 7.757236717227083207e-21 5.957363749662500625e-21
2.963432385498890653e+00 2.790627478152457207e-20 5.883097902553554836e-21
2.964097385498462245e+00 3.772903844804929711e-20 6.021377681805693598e-21
2.964762385498033836e+00 5.547079539694245772e-20 5.629059354873208161e-21
2.965427385497605428e+00 1.769644986657907367e-20 5.646226381323141100e-21
2.966092385497177020e+00 3.470130531148380354e-20 5.769293319417684321e-21
2.966757385496748611e+00 1.380834891437971840e-20 5.551637447296466734e-21
2.967422385496320203e+00 2.411328917933972085e-20 5.233661666900479240e-21
2.968087385495891795e+00 4.862660473472283594e-20 5.991178628691605910e-21
2.968752385495463386e+00 1.145847567603693643e-20 6.037866119082726696e-21
2.969417385495034978e+00 4.896631288454580870e-20 5.682948315920418650e-21
2.970082385494606569e+00 2.450827571912359653e-20 5.400109264665734431e-21
2.970747385494178161e+00 3.946024875361268057e-20 5.419902545738466381e-21
2.971412385493749753e+00 2.194480214595652755e-20 5.429727980103463231e-21
2.972077385493321344e+00 -2.624281168008193550e-20 5.304452083351805544e-21
2.972742385492892936e+00 2.399681510676423191e-20 5.792150973746466092e-21
2.973407385492464527e+00 3.654129781838673607e-20 5.530140005865895361e-21
2.974072385492036119e+00 -5.543564649072769577e-21 6.178754564016235957e-21
2.974737385491607711e+00 2.335703076560972958e-20 5.454903328601627738e-21
2.975402385491179302e+00 4.786283235701112597e-20 5.635320101858284141e-21
2.976067385490750894e+00 1.072869608720543818e-19 5.407945260166137206e-21
2.976732385490322486e+00 7.045417020654997828e-20 5.253275307211531327e-21
2.977397385489894077e+00 5.814258291663893204e-20 5.745380160566308202e-21
2.978062385489465669e+00 2.165759566732385394e-20 5.738216905549060053e-21
2.978727385489037260e+00 7.693449602300092461e-21 5.423518993859592804e-21
2.979392385488608852e+00 2.440421923652457602e-20 5.586027793439886224e-21
2.980057385488180444e+00 1.330513596418092713e-20 5.244101477900847635e-21
2.980722385487752035e+00 2.313749269013281858e-20 5.350826479270885627e-21
2.981387385487323627e+00 1.671401963055053523e-20 5.273776817535522088e-21
2.982052385486895218e+00 4.511883549350831560e-20 5.260211571656813805e-21
2.982717385486466810e+00 2.090394286125273749e-20 5.318051780203864684e-21
2.983382385486038402e+00 1.444905010854096194e-20 5.471196765329368356e-21
2.984047385485609993e+00 2.371470110632750097e-22 5.416772240607869148e-21
2.984712385485181585e+00 -1.282721198183022749e-20 5.178644065792104441e-21
2.985377385484753177e+00 6.706097477799634851e-21 6.070796789410421828e-21
2.986042385484324768e+00 5.166221868094897033e-20 5.103241886457991309e-21
2.986707385483896360e+00 4.413478150998122293e-20 5.377135201769886910e-21
2.987372385483467951e+00 7.042535599263116349e-20 1.091580732035698478e-20
2.988037385483039543e+00 6.631494487054470679e-20 1.751154064016555549e-20
2.988702385482611135e+00 6.981863379854236527e-20 5.328580060282312916e-21
2.989367385482182726e+00 4.916037038100834535e-20 4.788432237014957341e-21
2.990032385481754318e+00 6.246500994153616378e-20 5.095360691404777790e-21
2.990697385481325909e+00 6.426841513300879646e-20 5.470877000714680105e-21
2.991362385480897501e+00 6.585748550181364355e-20 5.520096854357779576e-21
2.992027385480469093e+00 4.255577653834631997e-20 5.167447768879902521e-21
2.992692385480040684e+00 1.300990517573285005e-20 5.284548727199214476e-21
2.993357385479612276e+00 1.664449866391701207e-20 5.870171948641100401e-21
2.994022385479183868e+00 -2.698001756737128604e-20 6.066282529353002796e-21
2.994687385478755459e+00 3.427135465422862821e-20 5.479237086691753614e-21
2.995352385478327051e+00 -4.496291675289708516e-21 5.625057354002870062e-21
2.996017385477898642e+00 3.184140856708142157e-20 5.640526797791762567e-21
2.996682385477470234e+00 3.944422647747494706e-20 6.023706736255914448e-21
2.997347385477041826e+00 1.298986804236594971e-20 6.254625920155459738e-21
2.998012385476613417e+00 3.678661874324156033e-20 5.837741824033978295e-21
2.998677385476185009e+00 5.554729436948300728e-20 4.993473438952367563e-21
2.999342385475756600e+00 5.596326824002497364e-20 5.324119189169829619e-21
3.000007385475328192e+00 3.808724445884764658e-20 5.684424355762780256e-21
3.000672385474899784e+00 2.542037198875322102e-20 5.082956569100448195e-21
3.001337385474471375e+00 2.445801096795417627e-20 4.940184825798044913e-21
3.002002385474042967e+00 2.121704729349741299e-21 4.894602536126942450e-21
3.002667385473614559e+00 -1.704026740442755168e-21 5.529615416408854742e-21
3.003332385473186150e+00 5.240442375729808187e-21 5.406069696033240020e-21
3.003997385472757742e+00 3.132807519469145134e-20 5.566551983441274866e-21
3.004662385472329333e+00 3.827223952548715294e-20 5.663214489910732022e-21
3.005327385471900925e+00 2.238609752739013951e-20 5.241734732410902320e-21
3.005992385471472517e+00 3.276664846952282969e-20 5.003658187220728274e-21
3.006657385471044108e+00 -5.807510412434033106e-21 5.309532419321030570e-21
3.007322385470615700e+00 -1.878729021001472490e-20 5.159857578189599358e-21
3.007987385470187292e+00 2.437464945925554234e-20 5.374084373137896387e-21
3.008652385469758883e+00 1.277299695851537339e-20 5.139961753989185605e-21
3.009317385469330475e+00 4.033789293395580309e-20 5.869795096422084202e-21
3.009982385468902066e+00 6.225463154677740559e-20 4.939049203087662838e-21
3.010647385468473658e+00 9.653305566912980368e-20 5.268602872283737883e-21
3.011312385468045250e+00 4.275911530257269046e-20 5.245676762695989596e-21
3.011977385467616841e+00 1.177701154286315697e-20 5.194810291998814654e-21
3.012642385467188433e+00 1.457155385790196819e-20 5.152880578144450865e-21
3.013307385466760024e+00 4.024296589643944814e-20 4.935733400207915806e-21
3.013972385466331616e+00 3.885152285209347177e-20 5.285066009750644621e-21
3.014637385465903208e+00 3.466876307634770931e-20 5.240425172570177550e-21
3.015302385465474799e+00 6.517533488381266686e-20 5.343159049332290546e-21
3.015967385465046391e+00 4.030701102859411508e-20 4.839868662781298301e-21
3.016632385464617983e+00 3.509408850232879190e-20 4.774236597038489183e-21
3.017297385464189574e+00 4.222574453342351616e-20 5.280550290672489379e-21
3.017962385463761166e+00 5.625143100897737482e-20 5.423277189503169959e-21
3.018627385463332757e+00 1.618104617792114739e-20 5.581194577536663894e-21
3.019292385462904349e+00 -4.804438288216143933e-21 5.199931099059340488e-21
3.019957385462475941e+00 2.377393596280212583e-20 5.017066567783767461e-21
3.020622385462047532e+00 6.268813872675558633e-20 5.395544645553057559e-21
3.021287385461619124e+00 5.842700620620824302e-20 6.154388399247360764e-21
3.021952385461190715e+00 6.070975625774234816e-20 5.532484196856094155e-21
3.022617385460762307e+00 3.030494584886205242e-20 4.787025634444780555e-21
3.023282385460333899e+00 1.111901646952607365e-20 5.076528555413002084e-21
3.023947385459905490e+00 7.024671289273316880e-21 4.868492147869052544e-21
3.024612385459477082e+00 5.696168029553345737e-20 4.999856209082511461e-21
3.025277385459048674e+00 1.956214506673324002e-20 5.174393717753436451e-21
3.025942385458620265e+00 1.427193461448388467e-20 5.784142500197013787e-21
3.026607385458191857e+00 7.731661253410598803e-20 6.386621025969120356e-21
3.027272385457763448e+00 2.486209721026663245e-20 5.831368947023589398e-21
3.027937385457335040e+00 1.056654167761237749e-19 5.656032236471968769e-20
3.028602385456906632e+00 7.676141369384280833e-20 5.090158225470058365e-20
3.029267385456478223e+00 6.317239222992818370e-20 4.053152893402934956e-20
3.029932385456049815e+00 2.866512066798362894e-20 7.422882523962330243e-21
3.030597385455621406e+00 1.984748503344072434e-20 8.196002506993778398e-21
3.031262385455192998e+00 9.414572096304860721e-21 6.928243528811636023e-21
3.031927385454764590e+00 4.929810360908708966e-20 5.977018138353268425e-21
3.032592385454336181e+00 2.884127171781904280e-20 6.068917242901422284e-21
3.033257385453907773e+00 5.800501648625446371e-20 5.866997799170549595e-21
3.033922385453479365e+00 5.050960047218120534e-20 5.057432144397065782e-21
3.034587385453050956e+00 3.186774001224696222e-20 5.401743851177911363e-21
3.035252385452622548e+00 4.432276826331158611e-20 4.827784119118144675e-21
3.035917385452194139e+00 4.256293515750203305e-20 5.522764945272945543e-21
3.036582385451765731e+00 3.152125729865921520e-20 4.701822649701753965e-21
3.037247385451337323e+00 4.249655786348941379e-21 4.964649255101763785e-21
3.037912385450908914e+00 1.964865002339316117e-20 4.984110180566323242e-21
3.038577385450480506e+00 3.545982361890233104e-20 4.792243695284519536e-21
3.039242385450052097e+00 -7.330223820936364623e-21 4.664006832085700998e-21
3.039907385449623689e+00 6.229255855486491768e-21 4.729804768840730112e-21
3.040572385449195281e+00 1.857699107571241669e-20 4.886433514400964578e-21
3.041237385448766872e+00 4.758441239934353881e-20 4.739450862958929622e-21
3.041902385448338464e+00 2.756602519883314169e-20 4.512940839305130721e-21
3.042567385447910056e+00 3.011546882696640353e-20 5.175455061343966182e-21
3.043232385447481647e+00 5.265053792868647870e-20 4.630043309616064409e-21
3.043897385447053239e+00 7.078352208704083002e-20 4.575579019624689292e-21
3.044562385446624830e+00 4.944155012923985138e-20 4.972528472859172270e-21
3.045227385446196422e+00 5.926430860820882988e-20 5.007253600394819528e-21
3.045892385445768014e+00 4.060034805110836262e-20 6.248596392521317239e-21
3.046557385445339605e+00 4.394819566696687549e-20 5.143991835698046788e-21
3.047222385444911197e+00 2.743860060036530216e-20 5.184093248442958744e-21
3.047887385444482788e+00 4.542846502293331305e-20 5.355254364442500209e-21
3.048552385444054380e+00 3.457400383162753024e-20 4.939416549209620391e-21
3.049217385443625972e+00 9.868608487004522166e-21 5.087963393009146465e-21
3.049882385443197563e+00 3.191667009135810071e-20 5.000169693904679189e-21
3.050547385442769155e+00 2.489381096344265954e-20 5.193294964132854688e-21
3.051212385442340747e+00 2.776193038213288923e-20 4.815740111521255725e-21
3.051877385441912338e+00 1.498064583642783215e-20 5.646141069440583257e-21
3.052542385441483930e+00 2.687972112439454620e-20 4.900536170004425294e-21
3.053207385441055521e+00 3.686311162865446462e-20 4.901752848454353675e-21
3.053872385440627113e+00 5.861915341507220063e-20 4.750218578529714188e-21
3.054537385440198705e+00 5.055062731722583245e-20 5.208065476803394996e-21
3.055202385439770296e+00 5.164470985948309604e-20 5.006715258260661086e-21
3.055867385439341888e+00 2.537000994061672655e-20 4.928642161929521004e-21
3.056532385438913479e+00 -9.831532350163409102e-21 4.763387320301321733e-21
3.057197385438485071e+00 2.050119051971626745e-20 4.702235533556080190e-21
3.057862385438056663e+00 2.937081314185931704e-20 5.047654537192825850e-21
3.058527385437628254e+00 1.697633530499213188e-20 4.796940717104135389e-21
3.059192385437199846e+00 1.672023373451159306e-20 5.022440136612310077e-21
3.059857385436771438e+00 1.412290603336231034e-20 5.014025812923192723e-21
3.060522385436343029e+00 4.093268233649405790e-20 4.634693154204979543e-21
3.061187385435914621e+00 4.316890064820812976e-20 5.018138894950224193e-21
3.061852385435486212e+00 4.588111261687066442e-21 4.824681496014125035e-21
3.062517385435057804e+00 4.359828848408238598e-20 4.875759347790837866e-21
3.063182385434629396e+00 2.993261765721460996e-20 4.641023211138727345e-21
3.063847385434200987e+00 3.413436125445953615e-20 5.078597931498479967e-21
3.064512385433772579e+00 4.459265314939397641e-20 4.981408885171585704e-21
3.065177385433344170e+00 7.633196725305941762e-21 5.085589686412860972e-21
3.065842385432915762e+00 9.225790894631670985e-21 4.453200298112518613e-21
3.066507385432487354e+00 4.189450749097694116e-20 7.598331645164634743e-21
3.067172385432058945e+00 5.060135786669599824e-20 6.551605680538166598e-21
3.067837385431630537e+00 2.935200171285752972e-20 5.941113257621071170e-21
3.068502385431202129e+00 8.194107829439480546e-21 5.454439882025229659e-21
3.069167385430773720e+00 4.148628499011383852e-20 5.084015201968835880e-21
3.069832385430345312e+00 4.071095612188159815e-20 4.655549321896611454e-21
3.070497385429916903e+00 2.107476119910169167e-20 4.900524738699523363e-21
3.071162385429488495e+00 6.998091967550860479e-20 4.671209979852645325e-21
3.071827385429060087e+00 4.667609401853067721e-20 4.479603950273040070e-21
3.072492385428631678e+00 4.557621212381009149e-20 4.466437395730976455e-21
3.073157385428203270e+00 5.120026604284100297e-20 4.747489385550586621e-21
3.073822385427774861e+00 8.997475932457133003e-21 5.097768186317590185e-21
3.074487385427346453e+00 5.631605586592338800e-21 4.668367692244469391e-21
3.075152385426918045e+00 6.840724143331659395e-20 4.704913503840220962e-21
3.075817385426489636e+00 4.659177630062063750e-20 4.608445797148279851e-21
3.076482385426061228e+00 2.359784315804093664e-20 4.841049307589807840e-21
3.077147385425632820e+00 1.677743549170046225e-20 4.655965419130763823e-21
3.077812385425204411e+00 5.022571175509000442e-20 4.702287396925558270e-21
3.078477385424776003e+00 7.520837060714841184e-21 4.433983105148369434e-21
3.079142385424347594e+00 9.105383747607826878e-21 4.507003758696740517e-21
3.079807385423919186e+00 4.184581805211579462e-21 4.991636632088980473e-21
3.080472385423490778e+00 4.163717984853086444e-20 5.005601166335314952e-21
3.081137385423062369e+00 5.644773875411492357e-20 4.300614576178852113e-21
3.081802385422633961e+00 3.512712206456482608e-20 5.127731893545747090e-21
3.082467385422205552e+00 7.937549340384269841e-21 4.690262297155760457e-21
3.083132385421777144e+00 8.656069592716553927e-21 4.572842727580845270e-21
3.083797385421348736e+00 2.858326864120997899e-20 4.808815705753404045e-21
3.084462385420920327e+00 1.635436197336727451e-20 5.222767333995497905e-21
3.085127385420491919e+00 1.354012568096647139e-20 4.883270745691349421e-21
3.085792385420063511e+00 4.977094691511573359e-20 4.485804521847482477e-21
3.086457385419635102e+00 3.674617212488339913e-20 4.912580954673907716e-21
3.087122385419206694e+00 4.125464202948044639e-20 5.118484257327510967e-21
3.087787385418778285e+00 7.907640419751874032e-20 4.850565829945778329e-21
3.088452385418349877e+00 4.249888873082217295e-20 4.710798045744824115e-21
3.089117385417921469e+00 4.304508798607481720e-21 5.005519910093796941e-21
3.089782385417493060e+00 1.574175332443685400e-20 4.651811386291604101e-21
3.090447385417064652e+00 2.309072282554552512e-20 4.895578444660588699e-21
3.091112385416636243e+00 2.116377379802440740e-20 4.472435642732715898e-21
3.091777385416207835e+00 -2.664992165021679632e-21 4.434621674819925123e-21
3.092442385415779427e+00 9.772763769066278653e-21 4.633902356815330606e-21
3.093107385415351018e+00 3.434684575390474197e-20 4.962294425160738011e-21
3.093772385414922610e+00 1.043412249231441716e-20 4.632281835553220093e-21
3.094437385414494202e+00 3.861524305759002524e-20 4.782704954404944628e-21
3.095102385414065793e+00 -3.690560882838511624e-23 4.634425777156075956e-21
3.095767385413637385e+00 2.288910726137525594e-20 4.769451100594993958e-21
3.096432385413208976e+00 6.168716126763236277e-20 4.662879727930290611e-21
3.097097385412780568e+00 3.525714797991543724e-20 5.048778585660464930e-21
3.097762385412352160e+00 7.216116520742176817e-20 4.667564708294874855e-21
3.098427385411923751e+00 7.612977967604181819e-20 3.186596811722416952e-20
3.099092385411495343e+00 4.067471396912840026e-20 1.278406046117398394e-20
3.099757385411066934e+00 5.397798180358147610e-20 1.501050090613177281e-20
3.100422385410638526e+00 2.681224281707128582e-20 6.538257088577820113e-21
3.101087385410210118e+00 3.653554238126126802e-20 4.633586099468220816e-21
3.101752385409781709e+00 1.492028913323236487e-20 8.895800530801780895e-21
3.102417385409353301e+00 2.689644785002314607e-20 1.755388839892777188e-20
3.103082385408924893e+00 6.643432956182733439e-20 1.119441859896083001e-20
3.103747385408496484e+00 1.152667701870308821e-19 1.720705084859659510e-20
3.104412385408068076e+00 5.319634500376959065e-20 4.258276480602076244e-21
3.105077385407639667e+00 3.467318273261920917e-20 4.499322106951027360e-21
3.105742385407211259e+00 4.426787367881261882e-20 4.467930944763090912e-21
3.106407385406782851e+00 3.988148753736154902e-20 4.492482393722591030e-21
3.107072385406354442e+00 3.140181847528226205e-20 4.826552380752009684e-21
3.107737385405926034e+00 4.136988511240004712e-22 4.271738835061205120e-21
3.108402385405497625e+00 7.694333086210712730e-21 4.609670629993588386e-21
3.109067385405069217e+00 3.745800600683769417e-20 4.700153366510690303e-21
3.109732385404640809e+00 4.416161575323926790e-20 4.598317097406898898e-21
3.110397385404212400e+00 1.736588461828081308e-20 4.444867835543167057e-21
3.111062385403783992e+00 2.545691546941596500e-20 4.416851579056993219e-21
3.111727385403355139e+00 6.336533734431223210e-20 4.612888285685328772e-21
3.112392385402926731e+00 4.692836274265246061e-20 4.831982717449494485e-21
3.113057385402498323e+00 6.127049702343374911e-20 5.258749089970483482e-21
3.113722385402069914e+00 3.116992769702820244e-20 4.641591895854364582e-21
3.114387385401641506e+00 3.381169744126073570e-20 4.759802513785134698e-21
3.115052385401213098e+00 3.489139338211433284e-20 4.072873371494048350e-21
3.115717385400784689e+00 2.419264424265485134e-20 4.517050792378968917e-21
3.116382385400356281e+00 9.956163812366328465e-21 4.569963183211693009e-21
3.117047385399927872e+00 1.470881598866290569e-20 4.614140548682752385e-21
3.117712385399499464e+00 6.403997684894814879e-20 5.018018437087002278e-21
3.118377385399071056e+00 3.070104806323025724e-20 4.702911748753470182e-21
3.119042385398642647e+00 3.533402191532200866e-20 4.335428608160315845e-21
3.119707385398214239e+00 1.228269331983187659e-20 4.576045454491263019e-21
3.120372385397786275e+00 2.675972282569336707e-20 4.552843855424258192e-21
3.121037385397357866e+00 5.111203977814151641e-20 4.324811263292803273e-21
3.121702385396929458e+00 8.776895313422290322e-21 4.370424430698525495e-21
3.122367385396501049e+00 2.142898721584350606e-20 4.361678817703787576e-21
3.123032385396072641e+00 3.226045845785925242e-20 4.546833697272023720e-21
3.123697385395644233e+00 1.322473013244024356e-20 4.828647029963698817e-21
3.124362385395215824e+00 2.862809582390312595e-20 4.469798929446308322e-21
3.125027385394787416e+00 2.476644358405710927e-20 4.530880509649013200e-21
3.125692385394359007e+00 1.871438838016607039e-20 4.354670777704905158e-21
3.126357385393930155e+00 2.975203786474695880e-20 4.418846693826334955e-21
3.127022385393501747e+00 3.608266797450414304e-20 5.315365938414667459e-21
3.127687385393073338e+00 8.036716653040118624e-21 6.230470873575978601e-21
3.128352385392644930e+00 -5.737089398978529238e-21 5.594370540488522260e-21
3.129017385392216521e+00 1.606095341172549314e-20 5.166435910736934522e-21
3.129682385391788113e+00 3.542594770996377287e-20 5.538657837988632303e-21
3.130347385391359705e+00 1.310315192201913568e-20 4.359031040907484307e-21
3.131012385390931296e+00 5.519338325707758465e-21 4.807919770542835623e-21
3.131677385390502888e+00 -1.102589145568431906e-20 6.029877570011410558e-21
3.132342385390074480e+00 -1.569810737801060709e-20 5.745857339039803605e-21
3.133007385389646071e+00 2.388835611397600613e-20 7.317936742247810763e-21
3.133672385389217663e+00 2.129049474171729940e-20 4.389298279997319127e-21
3.134337385388789254e+00 2.280340665790521223e-20 4.490181974954215357e-21
3.135002385388360846e+00 4.853317912196290249e-20 4.378337194758307538e-21
3.135667385387932438e+00 1.502948824286246252e-20 5.622433617189159945e-21
3.136332385387504029e+00 3.651125375817462029e-20 1.140066003827189253e-20
3.136997385387075621e+00 5.670039842895018569e-20 1.406114977658192668e-20
3.137662385386647212e+00 1.761828019457473149e-20 1.203556473552539209e-20
3.138327385386218804e+00 3.719791225533497753e-20 3.918205919621041370e-21
3.138992385385790396e+00 4.067647366031633886e-20 4.331708161884535472e-21
3.139657385385361987e+00 5.358837954940796315e-20 4.299504465372152878e-21
3.140322385384933579e+00 3.888420092441069411e-20 4.458834907783433877e-21
3.140987385384505171e+00 3.172717476371682115e-20 5.761221158188127888e-21
3.141652385384076762e+00 1.534691613757020362e-20 4.988108925928456787e-21
3.142317385383648354e+00 2.514430172244060092e-20 4.369743946828921261e-21
3.142982385383219945e+00 2.041570894447608891e-20 4.125051946590001853e-21
3.143647385382791537e+00 3.018885460876883264e-20 4.276672437175372552e-21
3.144312385382363129e+00 3.113038306216650230e-20 4.190562369635423665e-21
3.144977385381934720e+00 3.545910210886458189e-20 4.196643770884883967e-21
3.145642385381506312e+00 3.469036548736008640e-20 4.188751189676552594e-21
3.146307385381077903e+00 1.731584551788164377e-20 4.237218258429479686e-21
3.146972385380649495e+00 1.179860605960434562e-20 4.344196868229507853e-21
3.147637385380221087e+00 4.096055194352000735e-20 4.283188116457987074e-21
3.148302385379792678e+00 2.614260970602970387e-20 4.322025376351310355e-21
3.148967385379364270e+00 3.643083433216316202e-20 4.622874868683305257e-21
3.149632385378935862e+00 4.630215821743539269e-20 4.742926009139946749e-21
3.150297385378507453e+00 2.380687182487224731e-20 6.194980301635610397e-21
3.150962385378079045e+00 4.796437151878050497e-20 4.213408207222571339e-21
3.151627385377650636e+00 3.958440476138749123e-20 6.838685517941447800e-21
3.152292385377222228e+00 5.529999082783965547e-20 4.581395377018201493e-21
3.152957385376793820e+00 2.280965321941379149e-20 4.982599216459920246e-21
3.153622385376365411e+00 3.280422073038283131e-20 4.251029527181587421e-21
3.154287385375937003e+00 2.611881037631039900e-20 4.658213100643588685e-21
3.154952385375508594e+00 3.624275594570447907e-20 4.610603109915389222e-21
3.155617385375080186e+00 4.121309791052121294e-20 4.838063342348606108e-21
3.156282385374651778e+00 4.619806760728760715e-21 4.298949135186899661e-21
3.156947385374223369e+00 4.854127996188466890e-20 5.928488159979327355e-21
3.157612385373794961e+00 4.439541451225381276e-20 1.237609764854621988e-20
3.158277385373366553e+00 4.818850237062445228e-20 7.162649477754713354e-21
3.158942385372938144e+00 5.268029808695345590e-20 8.028425699066199124e-21
3.159607385372509736e+00 1.999582139324108532e-20 4.354600651086430683e-21
3.160272385372081327e+00 2.520593510629154741e-20 4.064655714500673913e-21
3.160937385371652919e+00 3.228670969774513745e-20 4.248737204664780423e-21
3.161602385371224511e+00 9.838594776023281689e-21 5.208043780067210193e-21
3.162267385370796102e+00 5.116295049234049577e-20 4.339709297101908607e-21
3.162932385370367694e+00 5.227221120131070345e-20 4.013470860712702651e-21
3.163597385369939285e+00 1.407776852088318230e-20 4.025315268682413774e-21
3.164262385369510877e+00 4.214882295938662339e-20 4.389260609832891518e-21
3.164927385369082469e+00 1.986037242354490017e-20 4.186965749802314481e-21
3.165592385368654060e+00 3.687460396787050670e-21 4.176717644152390895e-21
3.166257385368225652e+00 2.208095887160193981e-20 4.022526056727603340e-21
3.166922385367797244e+00 6.786513047858130754e-21 4.299686095979467491e-21
3.167587385367368835e+00 2.327389460906228257e-20 4.201437991425513598e-21
3.168252385366940427e+00 -9.588168945582010558e-21 4.192317048375309613e-21
3.168917385366512018e+00 6.008759679739319025e-21 4.734094342186792573e-21
3.169582385366083610e+00 6.863807657348725356e-20 4.126093519432767216e-21
3.170247385365655202e+00 2.836469701813592263e-20 4.220094396189081861e-21
3.170912385365226793e+00 3.647342736700718669e-20 4.367727609366039775e-21
3.171577385364798385e+00 2.514925323753913861e-20 1.844899400281555142e-20
3.172242385364369976e+00 4.227333319941693056e-20 6.337140828711998783e-21
3.172907385363941568e+00 3.246238067557947434e-20 4.385619067145312405e-21
3.173572385363513160e+00 9.295384531100059803e-22 4.234681974044150268e-21
3.174237385363084751e+00 3.433464860632428474e-20 4.057125027911065150e-21
3.174902385362656343e+00 3.210769482959372119e-20 4.585055692289278040e-21
3.175567385362227935e+00 3.005803503643484065e-20 4.099182749030696870e-21
3.176232385361799526e+00 2.422098750955393958e-20 4.178355890683035260e-21
3.176897385361371118e+00 2.981741791062265687e-20 4.247524406584958115e-21
3.177562385360942709e+00 3.870587401448596267e-20 4.299699084169057800e-21
3.178227385360514301e+00 4.754334090720133311e-20 4.318399642188605556e-21
3.178892385360085893e+00 2.315559618699423270e-20 4.201987410415941762e-21
3.179557385359657484e+00 2.529601260108672191e-20 4.284916307650854266e-21
3.180222385359229076e+00 1.529275934619965813e-20 8.175557797292271831e-21
3.180887385358800667e+00 1.158477165020856700e-20 7.776010909336141095e-21
3.181552385358372259e+00 5.410053953904462250e-20 7.366638028703881520e-21
3.182217385357943851e+00 5.721615397312287014e-20 4.362660113918192664e-21
3.182882385357515442e+00 1.167570628724220694e-20 4.310814701209865141e-21
3.183547385357087034e+00 3.416596634913374564e-20 4.540889550337086238e-21
3.184212385356658626e+00 4.532096318603567225e-20 3.928674427656345052e-21
3.184877385356230217e+00 3.273928866354605830e-20 4.393432999800632172e-21
3.185542385355801809e+00 -5.170024027307870594e-22 4.043470104404691035e-21
3.186207385355373400e+00 4.451286561953501531e-20 3.892372893685470213e-21
3.186872385354944992e+00 3.859830070157715352e-20 5.661404517164988488e-21
3.187537385354516584e+00 2.578118589698731553e-20 4.720022861206564594e-21
3.188202385354088175e+00 4.353319015425581377e-20 4.050736857507468720e-21
3.188867385353659767e+00 3.510438279588866825e-20 3.961167026068922906e-21
3.189532385353231358e+00 4.664918540232547835e-21 4.205660053847241359e-21
3.190197385352802950e+00 1.169479242653329897e-20 4.100878723866708959e-21
3.190862385352374542e+00 2.721695326945682435e-20 4.372369164024824831e-21
3.191527385351946133e+00 5.804094774094209687e-20 4.159182273540760639e-21
3.192192385351517725e+00 5.455214563891350707e-20 4.220177767951904657e-21
3.192857385351089317e+00 6.079835021341871292e-20 4.084988512577653524e-21
3.193522385350660908e+00 2.408497250507600901e-20 4.129093225694835886e-21
3.194187385350232500e+00 4.838091299820525180e-20 4.408672616184856899e-21
3.194852385349804091e+00 3.440174591353113021e-20 4.430798083089419325e-21
3.195517385349375683e+00 5.615623849104447807e-20 5.291785704709099513e-21
3.196182385348947275e+00 2.230897595883346909e-20 4.508402825253776769e-21
3.196847385348518866e+00 2.355661616624913325e-20 4.182333203472486511e-21
3.197512385348090458e+00 1.896460579803906093e-20 4.018819360921939425e-21
3.198177385347662049e+00 5.132605077964828754e-20 4.476558673091461666e-21
3.198842385347233641e+00 3.646099696077068008e-20 4.604475060602025944e-21
3.199507385346805233e+00 5.392691359510554210e-20 4.923830796573225989e-21
3.200172385346376824e+00 6.948594175427927951e-20 4.425917810015232834e-21
3.200837385345948416e+00 3.500121697934419236e-20 4.408700664786665789e-21
3.201502385345520008e+00 2.635000156804364440e-20 4.246818711125718944e-21
3.202167385345091599e+00 1.957310128896974226e-20 4.469890142528318685e-21
3.202832385344663191e+00 3.092347880317210340e-20 4.155972093599155302e-21
3.203497385344234782e+00 2.139913688126139248e-20 4.254614813083712023e-21
3.204162385343806374e+00 2.379587651811007999e-20 4.068361453960840268e-21
3.204827385343377966e+00 1.481367884907798706e-20 4.275390196720142335e-21
3.205492385342949557e+00 2.833678972684497813e-20 4.004238017234722040e-21
3.206157385342521149e+00 1.352573499663671311e-20 4.270486427982435337e-21
3.206822385342092741e+00 2.865138702560122919e-20 4.499517881667662284e-21
3.207487385341664332e+00 4.797542224874138734e-20 4.588159916294768870e-21
3.208152385341235924e+00 6.441186086556271485e-20 3.966280560026966955e-21
3.208817385340807515e+00 3.383756686663784919e-20 3.726231116411234666e-21
3.209482385340379107e+00 3.059218084255411403e-20 4.230565968943922686e-21
3.210147385339950699e+00 1.800572014551715521e-20 4.307630297918804068e-21
3.210812385339522290e+00 2.526133817876908219e-20 4.561941415285953838e-21
3.211477385339093882e+00 3.378308795422036084e-20 4.517339239733017907e-21
3.212142385338665473e+00 1.159368403282713089e-20 4.309824655435217657e-21
3.212807385338237065e+00 4.510360922108013020e-20 4.344156115297734841e-21
3.213472385337808657e+00 4.707552010071273066e-20 4.131590727916413510e-21
3.214137385337380248e+00 2.183930385072042946e-20 4.161130378613272222e-21
3.214802385336951840e+00 3.187588018950496124e-20 4.119993652188207627e-21
3.215467385336523432e+00 5.033428623007587783e-20 3.859689933029400353e-21
3.216132385336095023e+00 4.579054058602125504e-20 4.194417036793462577e-21
3.216797385335666615e+00 5.205554131771634508e-20 4.205078977436435022e-21
3.217462385335238206e+00 3.275834540975800522e-20 3.761984652991731138e-21
3.218127385334809798e+00 4.814177299233920982e-20 4.102633822229976124e-21
3.218792385334381390e+00 5.009488027848957042e-20 4.568248903271962704e-21
3.219457385333952981e+00 4.120716857484416081e-20 4.040245128026845740e-21
3.220122385333524573e+00 2.928739365972669560e-20 4.047819491806857581e-21
3.220787385333096164e+00 2.893443759397749719e-20 3.908202471517505803e-21
3.221452385332667756e+00 2.786024787293223479e-20 4.064304319669185140e-21
3.222117385332239348e+00 4.278408036252540123e-20 5.770738200821010385e-21
3.222782385331810939e+00 2.354672437083604027e-20 1.097288214585718128e-20
3.223447385331382531e+00 -1.625445586215564704e-21 1.167871425203718329e-20
3.224112385330954123e+00 6.287661752783073521e-21 2.546584342435463322e-20
3.224777385330525714e+00 2.788215849014143825e-20 4.377838534696269352e-21
3.225442385330097306e+00 2.395831624045761788e-20 4.146467390738491728e-21
3.226107385329668897e+00 4.152405963373232331e-20 3.828634584202436952e-21
3.226772385329240489e+00 2.756031159280484607e-20 4.061900667088579256e-21
3.227437385328812081e+00 3.817663020886696039e-20 3.714996237715705412e-21
3.228102385328383672e+00 1.648455882207208864e-20 3.959451184533071708e-21
3.228767385327955264e+00 4.513603453755797406e-20 4.177783737660776721e-21
3.229432385327526855e+00 3.775752358378550131e-20 4.031129166961909143e-21
3.230097385327098447e+00 5.502651099754970936e-20 3.995969319818101072e-21
3.230762385326670039e+00 2.890597550862009418e-20 3.910321380709549892e-21
3.231427385326241630e+00 4.683027173556553959e-20 4.069709055829639492e-21
3.232092385325813222e+00 2.140174286340112203e-20 3.954591738673086082e-21
3.232757385325384814e+00 3.109102393856779537e-20 4.074041093345856351e-21
3.233422385324956405e+00 2.698068547019216196e-20 4.413879277627587955e-21
3.234087385324527997e+00 3.866976927350121624e-20 3.999577509182408642e-21
3.234752385324099588e+00 4.937583514768673169e-20 3.729904364367896013e-21
3.235417385323671180e+00 2.959996348798665109e-20 3.999957607340540389e-21
3.236082385323242772e+00 6.218608483074248443e-20 4.066224055653263002e-21
3.236747385322814363e+00 2.928559568496070917e-20 4.390592896030546621e-21
3.237412385322385955e+00 6.126394203441979828e-21 3.829801439836588801e-21
3.238077385321957546e+00 3.111033237397392485e-20 3.732409477159801737e-21
3.238742385321529138e+00 4.103073502095571257e-20 3.722207140917526743e-21
3.239407385321100730e+00 1.676760021645557686e-20 3.688610739688024613e-21
3.240072385320672321e+00 3.099105476997896451e-20 4.212254508566507114e-21
3.240737385320243913e+00 2.983306354929064437e-20 4.071711507123311835e-21
3.241402385319815505e+00 4.755895292757471524e-20 4.148494107804347084e-21
3.242067385319387096e+00 2.005930540675228615e-20 4.281318982741831113e-21
3.242732385318958688e+00 3.528622645930782458e-20 4.387858608086962636e-21
3.243397385318530279e+00 3.427524011568035323e-20 4.346549367766524063e-21
3.244062385318101871e+00 6.550464078473263851e-20 4.788890414104164952e-21
3.244727385317673463e+00 2.912851570770018703e-20 3.830431305779050093e-21
3.245392385317245054e+00 2.350089209728540570e-20 3.977582476560649310e-21
3.246057385316816646e+00 3.530753036535263688e-20 2.392577971884536462e-20
3.246722385316388237e+00 8.255242835887579138e-20 2.487219961254244253e-20
3.247387385315959829e+00 1.282683363510477033e-19 3.476614017473550483e-20
3.248052385315531421e+00 1.170717198435693109e-19 2.693839723449112311e-20
3.248717385315103012e+00 4.590217744844300268e-20 4.305187015018357611e-21
3.249382385314674604e+00 4.061989403657772376e-20 4.405616538424993561e-21
3.250047385314246196e+00 2.066497279434261301e-20 4.119379296919974066e-21
3.250712385313817787e+00 1.953976723273803043e-20 4.371586849454410635e-21
3.251377385313389379e+00 2.249487966760834878e-20 3.864251285226505352e-21
3.252042385312960970e+00 -3.581121626479518130e-21 3.739658259266723368e-21
3.252707385312532562e+00 1.096143888464057562e-20 3.830756577194246768e-21
3.253372385312104154e+00 -7.464504989112385908e-21 3.695188062233762415e-21
3.254037385311675745e+00 7.921351500478675272e-20 3.798559260342807136e-21
3.254702385311247337e+00 6.816431777305296449e-20 3.796090280554979196e-21
3.255367385310818928e+00 4.849600361614328849e-20 3.852107123625538728e-21
3.256032385310390520e+00 2.690426344451958866e-21 4.426792120060569142e-21
3.256697385309962112e+00 1.043330837515917136e-21 3.906839867641250947e-21
3.257362385309533703e+00 -9.162069378177848877e-22 3.790372632968869540e-21
3.258027385309105295e+00 1.426386740352927345e-20 3.959667362450320824e-21
3.258692385308676887e+00 3.007903086150662305e-20 3.931125171650355930e-21
3.259357385308248478e+00 3.209847386834072086e-20 4.110657810313946507e-21
3.260022385307820070e+00 3.241609159055031125e-20 3.969838528994994366e-21
3.260687385307391661e+00 2.892739011407989518e-20 1.503547965518796447e-20
3.261352385306963253e+00 4.527492382464475076e-20 8.881011476051266228e-21
3.262017385306534845e+00 3.790969613339299987e-20 4.092551967922683572e-21
3.262682385306106436e+00 2.765254940620239573e-20 4.072391903566104891e-21
3.263347385305678028e+00 2.095144020899210298e-20 3.818684574945468902e-21
3.264012385305249619e+00 1.783823903971900850e-20 3.984966258021096472e-21
3.264677385304821211e+00 3.054386232916310918e-20 4.141014875863231946e-21
3.265342385304392803e+00 2.387626015762126377e-20 4.060019409297601591e-21
3.266007385303964394e+00 3.030322712951728046e-20 4.112625944658156720e-21
3.266672385303535986e+00 4.561526252047066192e-20 4.378410807447847093e-21
3.267337385303107578e+00 2.636238778457726312e-20 3.785279653469883409e-21
3.268002385302679169e+00 5.387313828184031186e-20 4.131830416363407033e-21
3.268667385302250761e+00 6.714882657752970676e-20 4.028035526644186409e-21
3.269332385301822352e+00 4.661114836122023280e-20 4.236656476321314677e-21
3.269997385301393944e+00 4.714930198372561095e-20 4.013199161146267670e-21
3.270662385300965536e+00 5.259017655118966078e-20 4.613180433036936943e-21
3.271327385300537127e+00 3.337667362939077963e-20 3.825939781638390889e-21
3.271992385300108719e+00 4.781780433804027906e-20 4.247227671074223490e-21
3.272657385299680310e+00 5.888007331923657224e-20 4.329617609011074443e-21
3.273322385299251902e+00 6.591532030872976823e-20 4.201206973379268138e-21
3.273987385298823494e+00 2.876840675511898837e-20 4.159354072389699382e-21
3.274652385298395085e+00 2.764015750431943140e-20 3.935023388652367107e-21
3.275317385297966677e+00 5.219921270043712659e-20 4.557854570905656107e-21
3.275982385297538269e+00 4.179693736322638347e-20 4.135873981965053981e-21
3.276647385297109860e+00 6.037211893533743815e-20 4.028983571587277503e-21
3.277312385296681452e+00 6.629318868118787096e-20 3.838772473294745461e-21
3.277977385296253043e+00 6.271234120099415448e-20 4.383806578635992114e-21
3.278642385295824635e+00 2.630411432797768237e-20 4.249486849169398001e-21
3.279307385295396227e+00 3.294286914482805721e-20 4.264202686630622481e-21
3.279972385294967818e+00 4.668946344095543598e-20 4.012747627223845593e-21
3.280637385294539410e+00 4.682453661397099146e-20 3.720917135875647186e-21
3.281302385294111001e+00 4.960286889616451154e-20 4.073535636374353687e-21
3.281967385293682593e+00 3.993007999680027083e-20 4.123747338886547644e-21
3.282632385293254185e+00 2.293120474685062995e-20 3.896899589216345581e-21
3.283297385292825776e+00 2.202190049524753558e-20 4.109860282216050098e-21
3.283962385292397368e+00 5.063666150218986972e-20 4.720267472032346217e-21
3.284627385291968960e+00 6.110938376627793692e-20 4.262825621150181618e-21
3.285292385291540551e+00 4.915567559414116762e-20 4.023647517111056028e-21
3.285957385291112143e+00 2.389619991059685241e-20 3.805854142988659123e-21
3.286622385290683734e+00 2.521953307145772850e-20 4.024310137379771403e-21
3.287287385290255326e+00 -8.077487236879865786e-21 4.300522428887940089e-21
3.287952385289826918e+00 4.030122341502924037e-20 4.715989763478572973e-21
3.288617385289398509e+00 1.778538698852088460e-20 4.427398015261962657e-21
3.289282385288970101e+00 4.759472193597044673e-20 3.895922669548425706e-21
3.289947385288541692e+00 4.352179096663351230e-20 4.021821845052114025e-21
3.290612385288113284e+00 4.990565581574991926e-20 3.798394370225186212e-21
3.291277385287684876e+00 2.616894980873586846e-20 4.012883451914582255e-21
3.291942385287256467e+00 2.929108499504032975e-20 3.705358679742247046e-21
3.292607385286828059e+00 6.132551190864859289e-20 3.829730333579830955e-21
3.293272385286399651e+00 4.122653163953321110e-20 3.776735102460210876e-21
3.293937385285971242e+00 4.531856815997339306e-20 3.714831283365882585e-21
3.294602385285542834e+00 1.864760074348737907e-20 4.927433744133514914e-21
3.295267385285114425e+00 3.946246979951862440e-20 3.940115253037093909e-21
3.295932385284686017e+00 1.007334022913717925e-20 3.921716294432851327e-21
3.296597385284257609e+00 3.938906817610597132e-20 3.750576157358724033e-21
3.297262385283829200e+00 4.302104382058269532e-20 3.996584916046995431e-21
3.297927385283400792e+00 2.595650718142641399e-20 3.990195609411043235e-21
3.298592385282972383e+00 1.122753256665823494e-20 4.029318991875646259e-21
3.299257385282543975e+00 3.229361616292509404e-20 3.963062012787285390e-21
3.299922385282115567e+00 4.487542466279714405e-20 4.273457103332339677e-21
3.300587385281687158e+00 2.437569559990324580e-20 5.327164172324313921e-21
3.301252385281258750e+00 3.027314967518619279e-20 4.619061268639216023e-21
3.301917385280830342e+00 3.846631662038552951e-20 5.258761093775539196e-21
3.302582385280401933e+00 2.449641770758805671e-20 4.047469996580070189e-21
3.303247385279973525e+00 3.585317242135195014e-20 4.005805158157104529e-21
3.303912385279545116e+00 3.620506379438928891e-20 4.226242945835835205e-21
3.304577385279116708e+00 3.732013849909089743e-20 4.097465834376295263e-21
3.305242385278688300e+00 4.062678757099645164e-20 3.818331640265344312e-21
3.305907385278259891e+00 2.415863441839685627e-20 4.111892715483493966e-21
3.306572385277831483e+00 2.704299810274599696e-20 3.998470630427946212e-21
3.307237385277403074e+00 2.764989130214981474e-20 4.340931784808314046e-21
3.307902385276974666e+00 6.949343717740922399e-20 3.925162227156503625e-21
3.308567385276546258e+00 3.006699859972893179e-20 3.973260579244400209e-21
3.309232385276117849e+00 2.249802472441785375e-20 4.138627463482504829e-21
3.309897385275689441e+00 3.431754909910482512e-20 4.043698857470370673e-21
3.310562385275261033e+00 4.771947876290755347e-20 3.725209541191659826e-21
3.311227385274832624e+00 8.437609756244356088e-21 3.903091815551931917e-21
3.311892385274404216e+00 1.105118225233244477e-20 4.108227157341726236e-21
3.312557385273975807e+00 3.083541821800009771e-20 4.145902442076926288e-21
3.313222385273547399e+00 1.789887854236070173e-20 3.970069184478818986e-21
3.313887385273118991e+00 2.127343616014085401e-20 4.089618031940816814e-21
3.314552385272690582e+00 7.015239494665720735e-21 3.689161775782856096e-21
3.315217385272262174e+00 3.770186318083555647e-20 4.163179694471569699e-21
3.315882385271833765e+00 2.161449144970486615e-20 4.248191182025901666e-21
3.316547385271405357e+00 1.723788572620008193e-20 4.022696168694565393e-21
3.317212385270976949e+00 2.526078622580654565e-20 3.792408739898049757e-21
3.317877385270548540e+00 2.877080328771081881e-20 3.931223701140758864e-21
3.318542385270120132e+00 1.744676560329080847e-21 3.865167609697391749e-21
3.319207385269691724e+00 2.845086632379291667e-20 5.437126986652034608e-21
3.319872385269263315e+00 2.780718867193820743e-20 5.635836029270065023e-21
3.320537385268834907e+00 4.630157324426250609e-20 5.791401312356319417e-21
3.321202385268406498e+00 2.793905382025059229e-20 4.206427404393063029e-21
3.321867385267978090e+00 2.246013272971742467e-20 4.126075913698284336e-21
3.322532385267549682e+00 5.726520618115326461e-21 3.754080265389164341e-21
3.323197385267121273e+00 1.185483024513800702e-20 4.265355931302562903e-21
3.323862385266692865e+00 2.432122993810477831e-20 3.682543758051067794e-21
3.324527385266264456e+00 4.867890367915613741e-20 3.756801065043008828e-21
3.325192385265836048e+00 7.297157344735029428e-20 4.012559108277865954e-21
3.325857385265407640e+00 6.904173754841489048e-20 3.986541579853287122e-21
3.326522385264979231e+00 3.147651710155503165e-20 3.858580194587679564e-21
3.327187385264550823e+00 6.270742715332231253e-21 6.931574390318275863e-21
3.327852385264122415e+00 1.454111774977503530e-20 5.344274510845065453e-21
3.328517385263694006e+00 1.434712099128257452e-20 4.735172381787295291e-21
3.329182385263265598e+00 3.030856970278889330e-20 4.599055946077536523e-21
3.329847385262837189e+00 4.215488414357053345e-21 4.116111440373109803e-21
3.330512385262408781e+00 3.639174317694024729e-20 4.095674977954269387e-21
3.331177385261980373e+00 7.958313781693014366e-21 4.277863722231821383e-21
3.331842385261551964e+00 1.914472217246820150e-20 4.248250442285167787e-21
3.332507385261123556e+00 4.722480156307389212e-20 3.931354570557093477e-21
3.333172385260695147e+00 1.770740052145894825e-20 3.975323743346630533e-21
3.333837385260266739e+00 1.994699660893354999e-20 3.964043952051209982e-21
3.334502385259838331e+00 3.022542252204150583e-20 4.310984776188514312e-21
3.335167385259409922e+00 9.324103150351198732e-21 3.829954291838536762e-21
3.335832385258981514e+00 4.310858621914219495e-20 4.228175328339960272e-21
3.336497385258553106e+00 6.180380566611659720e-20 3.988405413719043950e-21
3.337162385258124697e+00 4.802259300374415037e-20 4.152003803979122716e-21
3.337827385257696289e+00 3.157152886388010648e-20 3.879300670705710895e-21
3.338492385257267880e+00 2.614036515167564197e-20 4.114666381350744156e-21
3.339157385256839472e+00 4.262899221283830045e-20 4.210147870439662316e-21
3.339822385256411064e+00 2.108456046758002401e-20 4.044347368454102229e-21
3.340487385255982655e+00 1.219482095297291979e-20 3.554872800428133409e-21
3.341152385255554247e+00 5.081207320817921248e-22 3.906385925458539324e-21
3.341817385255125838e+00 2.133264511110605690e-20 3.635015701489832433e-21
3.342482385254697430e+00 3.409725567793269566e-20 3.909778684860376154e-21
3.343147385254269022e+00 1.940475957537403521e-20 4.121060730431849669e-21
3.343812385253840613e+00 2.700271825911132862e-20 3.802844089913087718e-21
3.344477385253412205e+00 1.972248375449487388e-20 3.941639403812480391e-21
3.345142385252983797e+00 3.724132153311386705e-20 3.592566833647191781e-21
3.345807385252555388e+00 4.156315583475773188e-20 4.169427847759489824e-21
3.346472385252126980e+00 2.769957667029717547e-20 4.749504199197877085e-21
3.347137385251698571e+00 1.054310586878181787e-20 4.067039559657320559e-21
3.347802385251270163e+00 2.400383484219415423e-20 4.020057294002950352e-21
3.348467385250841755e+00 1.307389125452421970e-20 3.873791759936673888e-21
3.349132385250413346e+00 4.094332308762522551e-20 3.568206492629782512e-21
3.349797385249984938e+00 3.509279830840374798e-20 3.833626783036490657e-21
3.350462385249556529e+00 2.416989200856735501e-20 3.631246162719289740e-21
3.351127385249128121e+00 3.216087383774694246e-20 3.636530770295452043e-21
3.351792385248699713e+00 4.610963071120064618e-20 3.557294736909895504e-21
3.352457385248271304e+00 4.571629812989541794e-20 3.396807520192805494e-21
3.353122385247842896e+00 3.506739859980542331e-20 3.730855149580796012e-21
3.353787385247414488e+00 3.003237426062155781e-20 3.882156276947232004e-21
3.354452385246986079e+00 2.355514639822987455e-20 3.761789745511629492e-21
3.355117385246557671e+00 3.130662774015768977e-20 3.721038020673023211e-21
3.355782385246129262e+00 3.744740881692148112e-20 4.051653391335478863e-21
3.356447385245700854e+00 3.313338989107687305e-20 3.700602285334205233e-21
3.357112385245272446e+00 3.760542465472184799e-20 4.013543589727021909e-21
3.357777385244844037e+00 4.675777011922210986e-20 3.725235659135605552e-21
3.358442385244415629e+00 1.363987575562930949e-20 3.736124114160519828e-21
3.359107385243987220e+00 1.069188446691355923e-20 3.905106362951817781e-21
3.359772385243558812e+00 1.256186881857346209e-20 3.813839366988682738e-21
3.360437385243130404e+00 2.683100686270214225e-20 3.683037414729527625e-21
3.361102385242701995e+00 2.353478304946887251e-20 3.659068916497981016e-21
3.361767385242273587e+00 1.527204268383363629e-20 3.824533149504547731e-21
3.362432385241845179e+00 1.495228452095632137e-20 4.713142282197811228e-21
3.363097385241416770e+00 4.753720559209937252e-20 5.739292543164100440e-21
3.363762385240988362e+00 3.254943385356895430e-20 4.731006839562643004e-21
3.364427385240559953e+00 2.741320523686118429e-20 6.017878289382154346e-21
3.365092385240131545e+00 5.964311821835995096e-21 3.671523880004959291e-21
3.365757385239703137e+00 2.723970630809910541e-20 3.781820072720771576e-21
3.366422385239274728e+00 3.267473941619013102e-20 3.633811813825150762e-21
3.367087385238846320e+00 3.239891769047560516e-20 4.172004779918128512e-21
3.367752385238417911e+00 3.775281085198473834e-20 3.348419300946010050e-21
3.368417385237989503e+00 3.902835700695206550e-20 3.623437949797898320e-21
3.369082385237561095e+00 3.238099505964463756e-20 3.732207042431435136e-21
3.369747385237132686e+00 2.570860652140222692e-20 3.706762611235663291e-21
3.370412385236704278e+00 2.007217432986620160e-20 3.799988381946263329e-21
3.371077385236275870e+00 1.709366381844446478e-20 3.783136801336344767e-21
3.371742385235847461e+00 2.849478914725089559e-20 3.773110813342053056e-21
3.372407385235419053e+00 2.152637717170126907e-22 3.979824028518858383e-21
3.373072385234990644e+00 3.167087856473630222e-20 3.624858514349704179e-21
3.373737385234562236e+00 2.708773420041182586e-20 4.152386311160573378e-21
3.374402385234133828e+00 2.084784647626172091e-20 3.538754541568644430e-21
3.375067385233705419e+00 4.899458082698313905e-20 3.854512272408256144e-21
3.375732385233277011e+00 3.601359675333553915e-20 3.932923846484020709e-21
3.376397385232848602e+00 2.963300533115644450e-20 3.627464368477039666e-21
3.377062385232420194e+00 5.149376814676654025e-21 3.984729228104952589e-21
3.377727385231991786e+00 2.660220422195403103e-20 3.862601227730192355e-21
3.378392385231563377e+00 2.907363920379194173e-20 4.931400333764944217e-21
3.379057385231134969e+00 1.891797778750114494e-20 3.782848264629542618e-21
3.379722385230706561e+00 3.402717320259591105e-20 4.022742090792353407e-21
3.380387385230278152e+00 3.097190004971260031e-20 3.778555805349717730e-21
3.381052385229849744e+00 8.856030094227700499e-21 3.567079565378546386e-21
3.381717385229421335e+00 1.665188330651825045e-20 3.770020150305545846e-21
3.382382385228992927e+00 4.477030752969866767e-20 3.948260162259011050e-21
3.383047385228564519e+00 2.436402068067565899e-20 3.848517003425580814e-21
3.383712385228136110e+00 2.665936084038661593e-20 3.621980851201426689e-21
3.384377385227707702e+00 2.209858356968355830e-20 3.585380213746294261e-21
3.385042385227279294e+00 1.812957170648486033e-20 3.871693957338005778e-21
3.385707385226850885e+00 3.032433176697607446e-20 3.599604028742911529e-21
3.386372385226422477e+00 2.002619613494561765e-20 3.651924419925917642e-21
3.387037385225994068e+00 4.029898004159607766e-20 3.903933348103633454e-21
3.387702385225565660e+00 1.574186299752643854e-20 3.560475945535588058e-21
3.388367385225137252e+00 3.014037990829937147e-20 3.296697216861648348e-21
3.389032385224708843e+00 2.422234819146402226e-20 3.715361440379866384e-21
3.389697385224280435e+00 3.836329723027994988e-20 3.381368158075660647e-21
3.390362385223852026e+00 2.449983880635139319e-20 3.652010047079641402e-21
3.391027385223423618e+00 2.598670300126561533e-20 3.634706239056777750e-21
3.391692385222995210e+00 4.260985797208191822e-20 3.515540896336771141e-21
3.392357385222566801e+00 4.470516787321491535e-20 3.683342657338420624e-21
3.393022385222138393e+00 2.595250538543328722e-20 4.066544184736104600e-21
3.393687385221709985e+00 2.007451558989061622e-20 3.977476766301640639e-21
3.394352385221281576e+00 3.558096994216142726e-20 3.723562807706098192e-21
3.395017385220853168e+00 6.539252920105574955e-20 3.201803059476841260e-21
3.395682385220424759e+00 2.223812351396531027e-20 3.864333994281208251e-21
3.396347385219996351e+00 4.098090291786995264e-20 3.610916115635311777e-21
3.397012385219567943e+00 5.494468786883241228e-20 3.630610152213425555e-21
3.397677385219139534e+00 2.450616134522249584e-20 3.823635109417213343e-21
3.398342385218711126e+00 4.089685739244727198e-20 5.345092530574549801e-21
3.399007385218282717e+00 4.427621684450381938e-20 3.809802014651149388e-21
3.399672385217854309e+00 4.070291797264918846e-20 3.729008854413087922e-21
3.400337385217425901e+00 4.179826903624898389e-20 3.630535653009529745e-21
3.401002385216997492e+00 3.217588027539650551e-20 3.540767004484091366e-21
3.401667385216569084e+00 3.743545110680428019e-20 3.593892066399621738e-21
3.402332385216140676e+00 3.464220486404061895e-20 3.550893725533877393e-21
3.402997385215712267e+00 6.130084152055474913e-20 3.643718417417887424e-21
3.403662385215283859e+00 5.338116347233883641e-20 3.710758588496197512e-21
3.404327385214855450e+00 5.603527728776548181e-20 3.978026415098488746e-21
3.404992385214427042e+00 4.299489037243222679e-20 3.301487799752718435e-20
3.405657385213998634e+00 5.273566379671416145e-20 1.420191650765644182e-20
3.406322385213570225e+00 5.613790895800091555e-20 3.826158545293801479e-21
3.406987385213141817e+00 4.248328866791101281e-20 3.658895987692942370e-21
3.407652385212713408e+00 3.123839436544898260e-20 3.578637176084298373e-21
3.408317385212285000e+00 4.497707208419320585e-20 3.896606730857064537e-21
3.408982385211856592e+00 3.996847113866799998e-20 3.662246723346027193e-21
3.409647385211428183e+00 4.644919421623375166e-20 4.125965856057925494e-21
3.410312385210999775e+00 6.011557108267763654e-21 5.173596605235162012e-21
3.410977385210571367e+00 9.284551708612294154e-21 5.836835516726889397e-21
3.411642385210142958e+00 9.972954691772533396e-21 6.077563779795527644e-21
3.412307385209714550e+00 1.088619241945612105e-20 3.668239413836021907e-21
3.412972385209286141e+00 -6.672741822315789420e-21 3.858684441263691060e-21
3.413637385208857733e+00 -1.867511614523701098e-20 5.508970330186431068e-21
3.414302385208429325e+00 2.263867334116294771e-21 4.308860908957947939e-21
3.414967385208000916e+00 5.199714930729770867e-20 1.105465228518480154e-20
3.415632385207572508e+00 3.002289783268197187e-20 6.215874345489284223e-21
3.416297385207144099e+00 2.889608548282256412e-20 3.728333235534791805e-21
3.416962385206715691e+00 2.101573767339678241e-20 3.236339956878622540e-21
3.417627385206287283e+00 -6.192050262767698827e-21 3.552955384598902405e-21
3.418292385205858874e+00 4.725648304860682712e-20 3.839826281428741954e-21
3.418957385205430466e+00 4.428191131220237122e-20 3.719804053211288824e-21
3.419622385205002058e+00 7.376524953262375788e-21 4.727452992111387263e-21
3.420287385204573649e+00 1.353433741202627901e-20 4.241313994746310112e-21
3.420952385204145241e+00 2.949767023851058931e-20 3.515571163332509704e-21
3.421617385203716832e+00 3.260950108302553844e-20 3.536679954655034757e-21
3.422282385203288424e+00 2.517297735438803371e-20 3.724393096489199162e-21
3.422947385202860016e+00 4.775757635571341715e-20 3.757311900161935914e-21
3.423612385202431607e+00 3.952726422422413011e-20 3.540376208978682034e-21
3.424277385202003199e+00 3.583272753171405436e-20 3.292507697849142837e-21
3.424942385201574790e+00 2.040990823738191811e-20 3.831712108066989174e-21
3.425607385201146382e+00 2.001256704009648433e-20 3.571080122168819901e-21
3.426272385200717974e+00 2.631556312200507694e-20 3.713607946052315259e-21
3.426937385200289565e+00 2.081141412248171821e-20 3.571924382543145922e-21
3.427602385199861157e+00 2.742114511168952317e-20 5.747896829124657838e-21
3.428267385199432749e+00 3.069557080545976256e-20 3.553879418895846106e-21
3.428932385199004340e+00 2.292266136307888945e-20 3.345443405646348405e-21
3.429597385198575932e+00 1.893919511289984615e-20 3.451645061396454416e-21
3.430262385198147523e+00 3.151427044368800998e-21 3.826580042619527123e-21
3.430927385197719115e+00 3.419260355786415312e-20 4.125038701721460995e-21
3.431592385197290707e+00 4.884211124221457856e-20 3.385797103840688076e-21
3.432257385196862298e+00 3.460587916421133769e-20 3.324359817827959764e-21
3.432922385196433890e+00 2.166107975369381133e-20 3.560159226396714217e-21
3.433587385196005481e+00 4.458022440305322207e-20 3.558987452833146398e-21
3.434252385195577073e+00 -5.231238165093864976e-21 3.589872285803134368e-21
3.434917385195148665e+00 1.170545127458895078e-20 3.864674456726451714e-21
3.435582385194720256e+00 1.902744686375439673e-20 3.686900689477088637e-21
3.436247385194291848e+00 4.198235543882655950e-21 3.347378667410453804e-21
3.436912385193863440e+00 1.389490424795761927e-20 3.641893974637667492e-21
3.437577385193435031e+00 1.026295550552639491e-20 3.860019215179316659e-21
3.438242385193006623e+00 1.329724870428137532e-20 3.762261762207957428e-21
3.438907385192578214e+00 1.181744154304820412e-20 3.414564498215032047e-21
3.439572385192149806e+00 3.135160250635198934e-20 3.770898401439704849e-21
3.440237385191721398e+00 1.792213398467651184e-20 3.678075511338741515e-21
3.440902385191292989e+00 1.048785497330861750e-20 3.559212442858234910e-21
3.441567385190864581e+00 2.865195633317432250e-20 3.365807447939408475e-21
3.442232385190436172e+00 5.100166538309301806e-20 3.487804111207049316e-21
3.442897385190007764e+00 5.602783485288389754e-20 3.473305395130521204e-21
3.443562385189579356e+00 4.428593111354750072e-20 3.651305698857081475e-21
3.444227385189150947e+00 4.139932789493725522e-20 3.506618663115029676e-21
3.444892385188722539e+00 2.505287798478009215e-20 3.453610931459595057e-21
3.445557385188294131e+00 2.948953223336047934e-20 3.402510234911600480e-21
3.446222385187865722e+00 8.760280433040493431e-21 3.761722832849378138e-21
3.446887385187437314e+00 1.708491776510985751e-20 3.865061755236557201e-21
3.447552385187008905e+00 9.781245199618448742e-21 3.645181812023825857e-21
3.448217385186580497e+00 1.771152765807366915e-20 3.507954718067747031e-21
3.448882385186152089e+00 2.389081557170007666e-20 3.598872264618305782e-21
3.449547385185723680e+00 2.901184528392081460e-20 3.589902005179838192e-21
3.450212385185295272e+00 3.247220124637173761e-20 3.548900803573400083e-21
3.450877385184866863e+00 8.926989860326984733e-21 3.622635885011469076e-21
3.451542385184438455e+00 2.956498495585293329e-20 3.962601822246058647e-21
3.452207385184010047e+00 4.162117794812346303e-20 5.129153698879021012e-21
3.452872385183581638e+00 2.858145613151807370e-20 4.874416345110963631e-21
3.453537385183153230e+00 2.075466220898032184e-20 3.448282698758847744e-21
3.454202385182724822e+00 2.108975339999845685e-20 3.634663429555867112e-21
3.454867385182296413e+00 1.376126951839558091e-21 3.421147365372697503e-21
3.455532385181868005e+00 3.745030556446030067e-20 3.533083622890169857e-21
3.456197385181439596e+00 5.292518969829220496e-20 3.690396933507382132e-21
3.456862385181011188e+00 3.224396616551348450e-20 3.378288807203049836e-21
3.457527385180582780e+00 4.939095382772807788e-20 3.330802246604623270e-21
3.458192385180154371e+00 2.517454766183487277e-20 3.347891566739464262e-21
3.458857385179725963e+00 3.876446583944306669e-20 3.588798485579563124e-21
3.459522385179297554e+00 1.980267500058664809e-20 3.994330318826323494e-21
3.460187385178869146e+00 4.375979432150994596e-20 3.574339623407091343e-21
3.460852385178440738e+00 4.171871723801168711e-20 3.397063254171724792e-21
3.461517385178012329e+00 2.680665957773025041e-20 3.962770875255444224e-21
3.462182385177583921e+00 3.122094004742398507e-20 3.447802830360791364e-21
3.462847385177155513e+00 4.248255487058002293e-20 3.338439990453116330e-21
3.463512385176727104e+00 5.019629496897479602e-20 3.470406267306486451e-21
3.464177385176298696e+00 2.943827854951764832e-20 3.379645623162654655e-21
3.464842385175870287e+00 1.251181684303471983e-20 3.425014019169251797e-21
3.465507385175441879e+00 4.834482811409843730e-20 3.449273187868886048e-21
3.466172385175013471e+00 3.519264158454933611e-20 3.546365650916753607e-21
3.466837385174585062e+00 2.912588448951931001e-20 3.805400527314562558e-21
3.467502385174156654e+00 6.017047212441933662e-20 3.712815410537124785e-21
3.468167385173728245e+00 5.083356801393717079e-20 3.503065239809357528e-21
3.468832385173299837e+00 4.738057913089785577e-20 3.305489884858199230e-21
3.469497385172871429e+00 4.364228954354650513e-20 3.406970259925184591e-21
3.470162385172443020e+00 3.336221594849935368e-20 3.403378559104337212e-21
3.470827385172014612e+00 3.610560277473096350e-20 3.523284455863833282e-21
3.471492385171586204e+00 4.035716983663368060e-20 3.924107908884548745e-21
3.472157385171157795e+00 2.047980048403488186e-20 3.464239385976262498e-21
3.472822385170729387e+00 2.960336654987730657e-20 3.425118737295558492e-21
3.473487385170300978e+00 8.642882177217613139e-21 3.377377645220891678e-21
3.474152385169872570e+00 1.401260262251983775e-20 3.697926581020267129e-21
3.474817385169444162e+00 3.161386430758595037e-20 3.576097191419605597e-21
3.475482385169015753e+00 2.732042842180200852e-20 3.605223580875234866e-21
3.476147385168587345e+00 4.511784170920466499e-20 3.388764979972432478e-21
3.476812385168158936e+00 4.057458200942260966e-20 3.324673818273539482e-21
3.477477385167730528e+00 2.735403457492658065e-20 3.523576001900362674e-21
3.478142385167302120e+00 2.038085589713710378e-20 5.727267633039211401e-21
3.478807385166873711e+00 3.650762382884947482e-20 7.261671923617480268e-21
3.479472385166445303e+00 1.823514321989329050e-20 6.907000199114220363e-21
3.480137385166016895e+00 2.605741163626481099e-20 7.668597072177624754e-21
3.480802385165588486e+00 2.688562253765034201e-20 7.391170180409145841e-21
3.481467385165160078e+00 2.278851591128718000e-20 1.021440716370111787e-20
3.482132385164731669e+00 2.937375735141213574e-20 8.350988511259771175e-21
3.482797385164303261e+00 2.690786779363079504e-20 5.526973915421876474e-21
3.483462385163874853e+00 3.411140134633489091e-20 4.314297242531509889e-21
3.484127385163446444e+00 8.841403154197680230e-20 3.515163321705699941e-21
3.484792385163018036e+00 2.163468549005271887e-20 3.409547296518548880e-21
3.485457385162589627e+00 7.005531238883942805e-21 3.591883753054665711e-21
3.486122385162161219e+00 1.861399278509490436e-20 3.293821630336070465e-21
3.486787385161732811e+00 5.202007817938319523e-20 3.294899482904056724e-21
3.487452385161304402e+00 3.144533933678453261e-20 3.663344432773559518e-21
3.488117385160875994e+00 2.268695886953807189e-20 3.670834649127039050e-21
3.488782385160447586e+00 3.595756849289788223e-21 3.457603733746093684e-21
3.489447385160019177e+00 1.773944510582129288e-20 3.404410089217537495e-21
3.490112385159590769e+00 3.114219253569410924e-20 4.265407699317686875e-21
3.490777385159162360e+00 2.029073641229880275e-20 3.794222507070632024e-21
3.491442385158733952e+00 5.401822944785530061e-20 3.459946444091226138e-21
3.492107385158305544e+00 3.326549529532924464e-20 3.473361911327451468e-21
3.492772385157877135e+00 4.554979333484931921e-20 3.415340564025739602e-21
3.493437385157448727e+00 2.031257969950166583e-20 3.555129924319515323e-21
3.494102385157020318e+00 3.201129822510390320e-20 3.312850468375062009e-21
3.494767385156591466e+00 2.456772871575846984e-20 3.616304379909966680e-21
3.495432385156163058e+00 1.327916770775139030e-20 3.410100754259145580e-21
3.496097385155734649e+00 3.288458395147463629e-20 3.752257917633095894e-21
3.496762385155306241e+00 1.909449592283350537e-20 3.619244073142774035e-21
3.497427385154877832e+00 1.184741977154314010e-20 3.392992735993213974e-21
3.498092385154449424e+00 2.675827463483610237e-20 3.456552849938825433e-21
3.498757385154021016e+00 3.364620953585821225e-20 3.380497493511595322e-21
3.499422385153592607e+00 3.174367608748818503e-20 3.404546648861413948e-21
3.500087385153164199e+00 2.605330818127160259e-20 3.408052654731890729e-21
3.500752385152735791e+00 1.394005824209876577e-20 3.375686787337259895e-21
3.501417385152307382e+00 9.280265205602896240e-21 3.225765714639928110e-21
3.502082385151878974e+00 2.626462622063527483e-20 3.468334198832365425e-21
3.502747385151450565e+00 2.432497299739724962e-22 3.614577835895154678e-21
3.503412385151022157e+00 2.341888077214876351e-20 3.544871507501506607e-21
3.504077385150593749e+00 2.489288603358731594e-20 3.836494584876401512e-21
3.504742385150165340e+00 2.192061604704278029e-20 3.705461983003633679e-21
3.505407385149736932e+00 5.638539880612068923e-20 3.542505481770480780e-21
3.506072385149308523e+00 2.688720172823649910e-20 3.553811129703572964e-21
3.506737385148880115e+00 2.523970881885472772e-20 3.359079838429544148e-21
3.507402385148451707e+00 5.092902774535527122e-20 3.448856677495612519e-21
3.508067385148023298e+00 4.137122894341986359e-20 3.267057556868442773e-21
3.508732385147594890e+00 5.880812707532667306e-20 3.873910534338925153e-21
3.509397385147166482e+00 5.347484626352723211e-21 4.313353584063837225e-21
3.510062385146738073e+00 1.033513957233874758e-20 3.378471101513420131e-21
3.510727385146309665e+00 2.818998576670923088e-20 3.538719979205998079e-21
3.511392385145881256e+00 4.170548973341810719e-20 3.533075973884257973e-21
3.512057385145452848e+00 4.343612448024444778e-20 3.365362148853183634e-21
3.512722385145024440e+00 4.463643995511712178e-20 3.467635434624113455e-21
3.513387385144596031e+00 1.822793949286099482e-20 3.404459440438420609e-21
3.514052385144167623e+00 1.795121661382424401e-20 3.509691970753189007e-21
3.514717385143739214e+00 5.592173776982309524e-20 3.339998701269054301e-21
3.515382385143310806e+00 5.096358217816344096e-20 3.440816202948138138e-21
3.516047385142882398e+00 2.630823488196234150e-20 3.390987214885849068e-21
3.516712385142453989e+00 2.746658817172966852e-20 3.983219032128896861e-21
3.517377385142025581e+00 4.349803703017531789e-20 3.745962095019726764e-21
3.518042385141597173e+00 2.357751546630793453e-20 3.553458764195660664e-21
3.518707385141168764e+00 2.969546615215570544e-20 3.248137897821023553e-21
3.519372385140740356e+00 2.593505404437303957e-20 3.402550637767748787e-21
3.520037385140311947e+00 3.362400398106950310e-20 3.539259583830072714e-21
3.520702385139883539e+00 4.403507757004114005e-20 3.719839523927401870e-21
3.521367385139455131e+00 3.142684024910360563e-20 3.700245917073894645e-21
3.522032385139026722e+00 1.697689215900214009e-20 3.911862781969541508e-21
3.522697385138598314e+00 3.444879456333792484e-20 3.856599858304257695e-21
3.523362385138169905e+00 1.322434297418810329e-20 3.891762254109071810e-21
3.524027385137741497e+00 3.636440493759335949e-20 3.650918658117417994e-21
3.524692385137313089e+00 3.107196174496458753e-20 3.376705385461758082e-21
3.525357385136884680e+00 3.917575565894217835e-20 3.177763314044816017e-21
3.526022385136456272e+00 3.060610479976194493e-20 3.436410971736451791e-21
3.526687385136027864e+00 9.730088767743535887e-21 3.339747369819931289e-21
3.527352385135599455e+00 3.732177545046278990e-21 3.180607353769675760e-21
3.528017385135171047e+00 3.018853028778697623e-20 3.301318128002064085e-21
3.528682385134742638e+00 1.787639981452178641e-20 3.313416000245303431e-21
3.529347385134314230e+00 7.455146880089609367e-21 3.461773501233018366e-21
3.530012385133885822e+00 2.646337281339382160e-20 3.170237464785653866e-21
3.530677385133457413e+00 1.943207028647333868e-20 3.451922508522681416e-21
3.531342385133029005e+00 1.523322245738679458e-20 3.252233157695536327e-21
3.532007385132600596e+00 -8.616238448203483464e-22 3.408782885915598103e-21
3.532672385132172188e+00 7.728603403403143426e-21 3.220482556171958388e-21
3.533337385131743780e+00 -3.904280925011140436e-22 3.181105932494628553e-21
3.534002385131315371e+00 1.406518205462894975e-20 3.506819141150187702e-21
3.534667385130886963e+00 2.674716796207340435e-20 3.432635153507757096e-21
3.535332385130458555e+00 4.041639227319373166e-20 3.227974750100425685e-21
3.535997385130030146e+00 2.267784164572507528e-20 3.297861576415108984e-21
3.536662385129601738e+00 1.011798733988332764e-20 3.580981816680165190e-21
3.537327385129173329e+00 1.937972123939535985e-21 3.498896123924428702e-21
3.537992385128744921e+00 -5.221051060062864648e-21 3.255853664036864706e-21
3.538657385128316513e+00 3.182159948910417468e-21 3.484932477664394348e-21
3.539322385127888104e+00 3.582875638299485590e-20 3.403577200608187785e-21
3.539987385127459696e+00 4.347402032835806425e-20 3.428964792101164035e-21
3.540652385127031287e+00 2.895845108547277932e-20 3.492821467666858001e-21
3.541317385126602879e+00 2.989595963764585228e-20 3.466018802825457965e-21
3.541982385126174471e+00 3.046652475362542837e-20 3.264768469250918769e-21
3.542647385125746062e+00 5.862957272375620538e-20 3.483928807277045786e-21
3.543312385125317654e+00 2.901232134326662332e-20 3.063539792087029426e-21
3.543977385124889246e+00 3.797512195888634139e-20 3.364662650155541133e-21
3.544642385124460837e+00 4.117935863074377979e-20 3.318336233782040694e-21
3.545307385124032429e+00 3.612712293065710805e-20 3.311511092925689080e-21
3.545972385123604020e+00 1.870453423294156108e-20 7.451209690173596774e-21
3.546637385123175612e+00 3.233163715815553283e-20 7.306335554379888945e-21
3.547302385122747204e+00 3.457882439190012084e-20 3.965101757845290260e-21
3.547967385122318795e+00 3.890693020370704193e-20 3.615631296389923389e-21
3.548632385121890387e+00 3.082837824150158121e-20 3.485871717540552520e-21
3.549297385121461978e+00 3.309110237736819596e-20 3.374504441983415268e-21
3.549962385121033570e+00 3.046757546276013575e-20 3.509095463358311432e-21
3.550627385120605162e+00 3.765004314535722934e-20 3.481287836887890643e-21
3.551292385120176753e+00 4.789212385132614349e-20 3.261562062661028416e-21
3.551957385119748345e+00 3.400641975846135061e-20 3.293448240841613255e-21
3.552622385119319937e+00 2.789467949921838901e-20 3.469475614596742314e-21
3.553287385118891528e+00 1.468900559222668670e-20 3.464471198479556974e-21
3.553952385118463120e+00 2.331065172246332312e-20 3.220041317114086180e-21
3.554617385118034711e+00 3.005091803415677341e-20 3.387918542492711312e-21
3.555282385117606303e+00 3.442525792717521919e-20 3.499200382640191894e-21
3.555947385117177895e+00 4.069442124451441066e-20 3.547738816714425647e-21
3.556612385116749486e+00 3.121641207336651578e-20 3.436182378736331015e-21
3.557277385116321078e+00 3.899723756793883749e-20 3.685965891700998868e-21
3.557942385115892669e+00 2.522197466048621384e-20 3.342689192844146120e-21
3.558607385115464261e+00 5.562174053783212185e-20 3.638010280162171867e-21
3.559272385115035853e+00 1.417218246844253760e-20 3.555628182372766684e-21
3.559937385114607444e+00 3.326143411151509219e-20 3.288040973855250430e-21
3.560602385114179036e+00 1.286776773273903914e-20 3.316078572181960622e-21
3.561267385113750628e+00 4.662531311402333477e-20 3.309273636818734844e-21
3.561932385113322219e+00 5.067002179336186462e-20 3.488878072475284590e-21
3.562597385112893811e+00 6.657649490805786737e-20 3.408665413629403292e-21
3.563262385112465402e+00 3.278776999482351626e-20 3.600066086171122197e-21
3.563927385112036994e+00 2.371657895016676107e-20 3.610810849117854496e-21
3.564592385111608586e+00 8.367898169716398355e-21 3.623598436131899306e-21
3.565257385111180177e+00 2.529367883170358446e-20 3.975815269930522707e-21
3.565922385110751769e+00 3.768442186276075469e-20 3.638668705055610251e-21
3.566587385110323360e+00 3.531538071477988479e-20 3.447638388857949012e-21
3.567252385109894952e+00 3.374821125760723487e-20 3.384161694250089331e-21
3.567917385109466544e+00 1.702399768904987138e-20 3.397276436484393936e-21
3.568582385109038135e+00 6.832078361604465943e-21 3.277400068720928996e-21
3.569247385108609727e+00 5.265198222751972615e-20 3.435083962872398781e-21
3.569912385108181319e+00 3.270432539824433647e-20 3.603040615167232639e-21
3.570577385107752910e+00 2.046103471975277881e-20 3.496432277064012489e-21
3.571242385107324502e+00 1.814563180314724982e-20 4.389080749826612591e-21
3.571907385106896093e+00 1.147799522026490073e-20 4.002988888682669885e-21
3.572572385106467685e+00 2.512682291221771165e-20 3.491860929143059412e-21
3.573237385106039277e+00 3.109035214904906145e-20 3.422289966847812503e-21
3.573902385105610868e+00 1.267597694562972434e-20 3.573767636597591413e-21
3.574567385105182460e+00 1.903941093929125992e-20 3.506926172723054920e-21
3.575232385104754051e+00 5.025640858045589026e-20 3.366310222017082685e-21
3.575897385104325643e+00 4.993432307195106075e-20 3.372157446824599939e-21
3.576562385103897235e+00 3.558250873628445066e-20 3.276503056977920287e-21
3.577227385103468826e+00 2.277860277590104256e-20 3.491046392339602563e-21
3.577892385103040418e+00 9.848044612559231772e-21 3.337671076418275778e-21
3.578557385102612010e+00 3.880152674613832051e-20 3.570521430118693863e-21
3.579222385102183601e+00 3.385224202296359091e-20 3.485783130080595761e-21
3.579887385101755193e+00 3.734796033014423016e-20 3.798671168736873996e-21
3.580552385101326784e+00 3.820120619096211775e-20 3.550284869856524540e-21
3.581217385100898376e+00 2.249357314437486054e-20 3.513588536114770579e-21
3.581882385100469968e+00 2.376366826547841973e-20 3.551808137721755112e-21
3.582547385100041559e+00 2.313413330354191913e-21 3.486393812846013792e-21
3.583212385099613151e+00 3.093387619060501473e-20 3.752852225632855197e-21
3.583877385099184743e+00 4.298584295773583489e-20 3.453338092240243644e-21
3.584542385098756334e+00 2.145010523244118999e-20 3.426466509162059929e-21
3.585207385098327926e+00 1.797861989178880623e-20 3.958437834550401801e-21
3.585872385097899517e+00 1.801414513902897113e-20 5.098278413341241243e-21
3.586537385097471109e+00 3.130448779166999913e-20 4.383224237968079901e-21
3.587202385097042701e+00 4.668049831328179326e-20 9.905830988818277200e-21
3.587867385096614292e+00 6.499979383395248314e-20 8.182040176315590459e-21
3.588532385096185884e+00 5.514423777389285310e-20 7.691041374543634665e-21
3.589197385095757475e+00 4.052244374623782032e-20 8.163880845143256511e-21
3.589862385095329067e+00 3.174149798671162835e-20 4.163740483312451604e-21
3.590527385094900659e+00 3.974870549789491165e-20 3.738604943268590004e-21
3.591192385094472250e+00 6.550338839269958403e-21 3.198365240620366151e-21
3.591857385094043842e+00 2.013662515661941899e-20 3.346440253023511913e-21
3.592522385093615434e+00 3.389077682337949806e-20 3.584152806505782758e-21
3.593187385093187025e+00 4.853343916706639423e-20 3.464522929107950334e-21
3.593852385092758617e+00 1.374723081743490990e-20 3.351707439953613548e-21
3.594517385092330208e+00 1.416709891143843024e-20 3.472315325438956456e-21
3.595182385091901800e+00 3.426037359927485499e-20 3.476967726052709146e-21
3.595847385091473392e+00 4.781816868463813116e-21 3.173515784620788165e-21
3.596512385091044983e+00 6.285404442957799941e-21 3.768430524943748318e-21
3.597177385090616575e+00 9.612755178537296664e-21 3.213204150827388765e-21
3.597842385090188166e+00 4.579739860263199986e-21 3.302734687148839444e-21
3.598507385089759758e+00 4.706827333112130937e-20 3.542443034832787458e-21
3.599172385089331350e+00 3.638449180121882315e-20 3.051316982641264163e-21
3.599837385088902941e+00 3.169073093730788168e-20 3.480801137785372882e-21
3.600502385088474533e+00 1.781053442325925495e-20 3.333855632760217931e-21
3.601167385088046125e+00 3.893613482579433165e-20 3.581472737451453691e-21
3.601832385087617716e+00 2.882405841571599688e-20 3.280944119477164173e-21
3.602497385087189308e+00 3.983178893463184743e-20 3.757663156774177438e-21
3.603162385086760899e+00 4.455536441810945401e-20 5.261065907085526634e-21
3.603827385086332491e+00 5.098650584630793475e-20 3.382979662810611407e-21
3.604492385085904083e+00 2.737494647511362563e-20 3.359122458474942414e-21
3.605157385085475674e+00 3.803016580400146569e-20 3.539046047812367646e-21
3.605822385085047266e+00 1.916999980843233660e-20 3.099012851966818245e-21
3.606487385084618857e+00 3.262127076874230803e-20 3.137676539768064304e-21
3.607152385084190449e+00 3.407393585631352498e-20 3.384378830736887494e-21
3.607817385083762041e+00 4.025152853836747573e-20 3.218502823825689171e-21
3.608482385083333632e+00 1.697000003081889470e-20 5.401974313124250454e-21
3.609147385082905224e+00 4.779891392820727474e-20 5.270893796629743564e-21
3.609812385082476816e+00 2.556335122760800404e-20 5.044189823076600446e-21
3.610477385082048407e+00 9.336453013767306212e-21 3.206905362608438425e-21
3.611142385081619999e+00 2.644554861270753264e-20 3.145571165472856117e-21
3.611807385081191590e+00 4.003406573246675139e-20 3.392224750492845999e-21
3.612472385080763182e+00 2.294659057854112742e-20 3.535763886490126024e-21
3.613137385080334774e+00 3.423775583389828469e-20 3.308234991300768416e-21
3.613802385079906365e+00 8.196855606278549623e-21 3.243085250560651117e-21
3.614467385079477957e+00 2.002461706841541222e-20 3.381760572555280442e-21
3.615132385079049548e+00 3.037301018732295222e-20 3.385574742310343566e-21
3.615797385078621140e+00 1.502161645596032967e-20 3.391283491111137603e-21
3.616462385078192732e+00 2.703768441084132624e-20 3.816915715674767495e-21
3.617127385077764323e+00 1.965123042251746535e-20 4.167262638853950265e-21
3.617792385077335915e+00 3.105963131150906160e-20 3.508608511214336475e-21
3.618457385076907507e+00 1.628408452688208360e-20 3.522923141336047250e-21
3.619122385076479098e+00 -1.220149002578451171e-20 4.845411237372760727e-21
3.619787385076050690e+00 7.079060437070539654e-21 5.795242689541459760e-21
3.620452385075622281e+00 -3.122314225807740683e-20 5.614910037474149035e-21
3.621117385075193873e+00 -2.907891123307097441e-20 4.952857720674838299e-21
3.621782385074765465e+00 2.187971542222475691e-20 3.311027154264880820e-21
3.622447385074337056e+00 4.806287597321207920e-20 3.495309842563528632e-21
3.623112385073908648e+00 4.299382507837424855e-20 3.357432452651242856e-21
3.623777385073480239e+00 3.672100046553452244e-20 3.288126284684729716e-21
3.624442385073051831e+00 2.639138224976166648e-20 3.478782783798053527e-21
3.625107385072623423e+00 2.676580828015936591e-20 3.611200599974777336e-21
3.625772385072195014e+00 2.901139229611986143e-20 3.483347921392350697e-21
3.626437385071766606e+00 2.870371557967026870e-20 3.561560553837557107e-21
3.627102385071338198e+00 4.482497950547994747e-21 3.163502921214234089e-21
3.627767385070909789e+00 3.338176980593250823e-20 3.409621465350739164e-21
3.628432385070481381e+00 3.462185515092811775e-20 3.203098260369488255e-21
3.629097385070052972e+00 4.668707770341079797e-20 3.152017606913961625e-21
3.629762385069624564e+00 3.809288255471471908e-20 3.343582641158542115e-21
3.630427385069196156e+00 2.720361411010311702e-20 3.336005743496779602e-21
3.631092385068767747e+00 2.976324658114380696e-20 3.244266269804919666e-21
3.631757385068339339e+00 4.057628342784036464e-20 3.080107996074317818e-21
3.632422385067910930e+00 2.365484712982561206e-20 3.396269105055792532e-21
3.633087385067482522e+00 8.720124127249470215e-21 3.304447463835238615e-21
3.633752385067054114e+00 2.894359559110316240e-20 3.257248013204522774e-21
3.634417385066625705e+00 2.992133955771390569e-20 3.359976439632848434e-21
3.635082385066197297e+00 2.876719685543524726e-20 3.353824529685412540e-21
3.635747385065768889e+00 4.440190623345206253e-20 3.138198295324967818e-21
3.636412385065340480e+00 2.238886224823643941e-20 3.576603911801230020e-21
3.637077385064912072e+00 1.301134452440171271e-20 3.767053822478591914e-21
3.637742385064483663e+00 1.658896602212820928e-20 3.288544994706429829e-21
3.638407385064055255e+00 5.467683405966291363e-20 3.095165761339841676e-21
3.639072385063626847e+00 1.733306198201823798e-20 3.258215262416765548e-21
3.639737385063198438e+00 1.437918754913565257e-20 3.121015773966792792e-21
3.640402385062770030e+00 1.426201387841897727e-20 3.428624453673592877e-21
3.641067385062341621e+00 1.917650190307266533e-20 3.404658052080134569e-21
3.641732385061913213e+00 4.238549638661526317e-20 3.233891000601507511e-21
3.642397385061484805e+00 4.345587592193831971e-20 3.044666912546599361e-21
3.643062385061056396e+00 4.247360253485765863e-20 3.249179914965074228e-21
3.643727385060627988e+00 3.516404356024561765e-20 3.245334961706444180e-21
3.644392385060199580e+00 2.895466720706539898e-20 3.427858054083310819e-21
3.645057385059771171e+00 2.322458879865153277e-20 3.364045797429384608e-21
3.645722385059342763e+00 3.395167041180157734e-20 3.392592710192675510e-21
3.646387385058914354e+00 2.900858109519678018e-20 3.198442021112375149e-21
3.647052385058485946e+00 1.863788920545900549e-20 3.256134207713917112e-21
3.647717385058057538e+00 2.122025302563318535e-20 3.285700920450253678e-21
3.648382385057629129e+00 2.259794020558693547e-20 3.352616059230128868e-21
3.649047385057200721e+00 1.527712139249157548e-20 3.370520703052650723e-21
3.649712385056772312e+00 5.194143096021727287e-20 3.257880182797132280e-21
3.650377385056343904e+00 3.477114226518391265e-20 3.297595241615058034e-21
3.651042385055915496e+00 3.052055332973006579e-20 3.395502496860536851e-21
3.651707385055487087e+00 4.327215643390550585e-20 3.291626477549635215e-21
3.652372385055058679e+00 8.674499747769913211e-21 3.276589892839809685e-21
3.653037385054630271e+00 2.744953030394641061e-20 3.461020372475441411e-21
3.653702385054201862e+00 1.635706573821949896e-20 3.204161698689384828e-21
3.654367385053773454e+00 3.426020364896623348e-20 3.549002856290374267e-21
3.655032385053345045e+00 4.716852956097895038e-20 3.447696300976338862e-21
3.655697385052916637e+00 2.189060108416739729e-20 3.624087609078113880e-21
3.656362385052488229e+00 3.187877733142286524e-20 3.216019739440573217e-21
3.657027385052059820e+00 4.342492775270429730e-20 3.021548395389018423e-21
3.657692385051631412e+00 2.508092664201939154e-20 3.620940810297119181e-21
3.658357385051203003e+00 1.785587252348038173e-20 3.241949032169035264e-21
3.659022385050774595e+00 2.714963346454847857e-20 3.351375478059664769e-21
3.659687385050346187e+00 7.591902849072080331e-21 3.257040458174742058e-21
3.660352385049917778e+00 1.340087744101619571e-20 3.232866318476973856e-21
3.661017385049489370e+00 2.008142241436122687e-20 3.229866654613892175e-21
3.661682385049060962e+00 6.177520675499191820e-20 3.889743269223319937e-21
3.662347385048632553e+00 2.147815486909189821e-20 4.675491237779577245e-21
3.663012385048204145e+00 1.526146376580503095e-20 4.221983913472066025e-21
3.663677385047775736e+00 3.298033634481908313e-20 3.459445397804420600e-21
3.664342385047347328e+00 1.834984259783530160e-20 3.074830625331791282e-21
3.665007385046918920e+00 2.949344623028966969e-20 3.196163329608267971e-21
3.665672385046490511e+00 3.436717368345180231e-20 3.212912813276643511e-21
3.666337385046062103e+00 7.958191261901714129e-21 3.414596496771359386e-21
3.667002385045633694e+00 3.229864830296845221e-21 3.463208774852270142e-21
3.667667385045205286e+00 1.907608382932830948e-20 3.295726866160248280e-21
3.668332385044776878e+00 2.471073467972110241e-20 3.885507131083885860e-21
3.668997385044348469e+00 2.039663281883869377e-20 3.375080717186425247e-21
3.669662385043920061e+00 1.626229863320323138e-20 3.541569362131392660e-21
3.670327385043491653e+00 2.714334066863555117e-20 3.421126008169903834e-21
3.670992385043063244e+00 3.703744487524952679e-20 2.995307110943338885e-21
3.671657385042634836e+00 2.410463653325573253e-20 3.133531980054261880e-21
3.672322385042206427e+00 2.363503032368469304e-20 3.270581673326431882e-21
3.672987385041778019e+00 4.172105876428028041e-20 3.354370965349514389e-21
3.673652385041349611e+00 3.909567724604415239e-20 3.400199207015046107e-21
3.674317385040921202e+00 3.304959728106608716e-20 3.576861882636892050e-21
3.674982385040492794e+00 1.284802712187582505e-20 3.006536850943121690e-21
3.675647385040064385e+00 3.359050535675620883e-20 3.179973452735946448e-21
3.676312385039635977e+00 2.210848122138461744e-20 3.220322984386527214e-21
3.676977385039207569e+00 4.346631586049698626e-21 3.492644714546420402e-21
3.677642385038779160e+00 1.477024338361709085e-20 3.846800683461900066e-21
3.678307385038350752e+00 3.125318406060182907e-20 3.068900619433282920e-21
3.678972385037922344e+00 5.293039794729764362e-20 2.890896509259030045e-21
3.679637385037493935e+00 2.934503966386341162e-20 3.177505366586437341e-21
3.680302385037065527e+00 2.691038627017010326e-20 7.645833729363688089e-21
3.680967385036637118e+00 2.388281806070541647e-20 6.365303065367975934e-21
3.681632385036208710e+00 3.954082066050928625e-20 7.922447404731439831e-21
3.682297385035780302e+00 2.237043412968941507e-20 6.537550867515481085e-21
3.682962385035351893e+00 3.484939112611756251e-20 3.440650132752180786e-21
3.683627385034923485e+00 3.899072696932995871e-20 3.209200366640834399e-21
3.684292385034495076e+00 5.046311576897751648e-20 3.174440622681069975e-21
3.684957385034066668e+00 2.471997696676893244e-20 3.492976221760434349e-21
3.685622385033638260e+00 2.743677711843162778e-20 3.281252126640851499e-21
3.686287385033209851e+00 2.737008104446511973e-20 3.294293816725383137e-21
3.686952385032781443e+00 1.571079551577346309e-20 3.015869988542341659e-21
3.687617385032353035e+00 2.378233119957607780e-20 3.321414308693678009e-21
3.688282385031924626e+00 2.892668312312811563e-20 1.023701228084757316e-20
3.688947385031496218e+00 1.444457295361185453e-20 7.702482882787020239e-21
3.689612385031067809e+00 3.304917159685216277e-20 3.419499402928522914e-21
3.690277385030639401e+00 2.176988077678576355e-20 3.431644579282093513e-21
3.690942385030210993e+00 3.763899488619521249e-20 3.347887065373198675e-21
3.691607385029782584e+00 1.544515886365101244e-20 3.644181549035919198e-21
3.692272385029354176e+00 4.077121484404620165e-20 3.595974170200843381e-21
3.692937385028925767e+00 2.600235217250573559e-20 3.549593628846149617e-21
3.693602385028497359e+00 2.571661104593970261e-20 3.381371592025774529e-21
3.694267385028068951e+00 3.129562320130096914e-20 3.339670656126019970e-21
3.694932385027640542e+00 2.317035009630127180e-20 3.419724889013574119e-21
3.695597385027212134e+00 1.508004664610883404e-20 3.279192857201552527e-21
3.696262385026783726e+00 1.400078106423593697e-20 3.003468903367409204e-21
3.696927385026355317e+00 1.232374329382321373e-20 3.285421106080970199e-21
3.697592385025926909e+00 3.238945671934423658e-20 3.474730556802765677e-21
3.698257385025498500e+00 2.630129340555492087e-20 3.458217638215295100e-21
3.698922385025070092e+00 2.587657925464036755e-20 3.271188551209275188e-21
3.699587385024641684e+00 7.394409762440415955e-21 3.300715309236814307e-21
3.700252385024213275e+00 -3.376033350738367375e-21 3.252853135783270906e-21
3.700917385023784867e+00 2.368126152101854125e-20 3.935876903626212555e-21
3.701582385023356458e+00 2.727853096921349753e-20 3.826916949826715124e-21
3.702247385022928050e+00 4.002497129107136863e-20 4.335032856488586746e-21
3.702912385022499642e+00 2.448237923138717217e-20 3.599606995015871851e-21
3.703577385022071233e+00 1.402030515427375116e-20 3.202448915399958541e-21
3.704242385021642825e+00 9.050553739301303770e-21 3.327064895590752626e-21
3.704907385021214417e+00 1.098547016391945619e-20 3.061938563834394580e-21
3.705572385020786008e+00 1.953673702042333002e-20 2.860633855475501462e-21
3.706237385020357600e+00 4.400428849607371043e-20 3.157709117996774128e-21
3.706902385019929191e+00 3.828700410042408921e-20 3.332281999546029322e-21
3.707567385019500783e+00 3.983813820211601320e-20 3.163996432019598698e-21
3.708232385019072375e+00 2.863874194183800114e-20 3.367607084721327845e-21
3.708897385018643966e+00 2.367752714329086720e-20 3.063489128316537041e-21
3.709562385018215558e+00 2.339882490849592054e-20 3.263672871979551077e-21
3.710227385017787149e+00 2.321126202793486004e-20 3.399566513179057204e-21
3.710892385017358741e+00 2.965090795945718830e-20 4.537275962627807938e-21
3.711557385016930333e+00 1.918626684679254187e-20 4.711530254769422094e-21
3.712222385016501924e+00 4.020203154485196598e-20 4.900236661910502767e-21
3.712887385016073516e+00 3.848694060885585051e-20 4.390403500356176748e-21
3.713552385015645108e+00 3.001923853281176732e-20 3.708189617214593129e-21
3.714217385015216699e+00 1.102957026442813915e-20 4.120600029389494337e-21
3.714882385014788291e+00 5.163229163843328077e-21 3.188398586751592108e-21
3.715547385014359882e+00 2.618115742271031387e-20 3.368650431829329855e-21
3.716212385013931474e+00 2.867209947693929965e-20 3.389324904327115894e-21
3.716877385013503066e+00 1.942964339674160150e-20 3.343388644909725350e-21
3.717542385013074657e+00 1.855078148728483946e-20 3.595301579263128386e-21
3.718207385012646249e+00 1.599433390865511333e-20 2.120054689172016290e-20
3.718872385012217840e+00 5.251391418754133237e-20 3.491964087883894561e-21
3.719537385011789432e+00 3.672805874470782246e-20 3.303114503598085516e-21
3.720202385011361024e+00 2.808431583935509176e-20 4.031592593455424463e-21
3.720867385010932615e+00 2.935971747122968752e-20 3.786578788568291631e-21
3.721532385010504207e+00 5.059407090449836536e-20 3.416259677906854161e-21
3.722197385010075799e+00 3.066033007741044775e-20 3.556038117562585068e-21
3.722862385009647390e+00 2.823286243562022641e-20 3.262779556094227489e-21
3.723527385009218982e+00 3.067851008282848457e-20 3.573216151479654869e-21
3.724192385008790573e+00 2.719523865355721876e-20 3.640745417450715919e-21
3.724857385008362165e+00 2.749264595652634430e-20 3.472015386061249795e-21
3.725522385007933757e+00 2.419466289960975510e-20 3.439599993297868639e-21
3.726187385007505348e+00 1.990870370146655424e-20 3.150613683124051875e-21
3.726852385007076940e+00 3.850542883804982584e-20 3.213747756130008287e-21
3.727517385006648531e+00 5.027316111577028729e-20 3.329966853784619666e-21
3.728182385006220123e+00 1.720011710971476723e-20 3.485132758472911924e-21
3.728847385005791715e+00 3.401523126002901937e-20 1.206817981595920428e-20
3.729512385005363306e+00 3.786180754375903607e-20 1.615367874522443920e-20
3.730177385004934898e+00 5.483771652627621183e-20 1.010440294771521852e-20
3.730842385004506490e+00 1.551666909864176020e-20 3.221685497560422970e-21
3.731507385004078081e+00 1.392711632502696224e-20 3.362312032687641307e-21
3.732172385003649673e+00 2.331364682545120828e-20 3.245821668592894443e-21
3.732837385003221264e+00 2.026229160952799952e-20 3.084115087788962129e-21
3.733502385002792856e+00 8.093239138660839096e-21 3.202487086874650163e-21
3.734167385002364448e+00 2.239464663317139238e-20 3.141541974268905493e-21
3.734832385001936039e+00 3.390916943599336897e-20 3.178186336990349498e-21
3.735497385001507631e+00 3.450482487936798477e-20 3.309701895088157881e-21
3.736162385001079222e+00 1.075141207989388156e-20 2.989772589053834620e-21
3.736827385000650814e+00 1.860465734623177654e-20 3.322064560654449123e-21
3.737492385000222406e+00 1.454907560977864570e-20 3.292689839966970061e-21
3.738157384999793997e+00 9.732770856214495883e-25 3.067299578202746079e-21
3.738822384999365589e+00 3.579717752495025592e-20 3.323103500643589225e-21
3.739487384998937181e+00 1.099947586352061506e-20 3.528422569252022953e-21
3.740152384998508772e+00 2.487657650696696035e-20 3.819957046621617445e-21
3.740817384998080364e+00 2.196385932852338562e-20 3.815366493461812981e-21
3.741482384997651955e+00 4.484864350670353421e-20 4.147164240354680433e-21
3.742147384997223547e+00 1.912646164903989150e-20 3.313629907333470124e-21
3.742812384996795139e+00 2.724806859426596899e-20 3.574217458847269451e-21
3.743477384996366730e+00 3.773614049830902662e-20 3.242837819652752365e-21
3.744142384995938322e+00 2.126417845750646623e-20 3.234304804394014302e-21
3.744807384995509913e+00 2.347150240402597991e-20 3.298812306183956319e-21
3.745472384995081505e+00 1.515579653039491298e-20 3.204987153701505670e-21
3.746137384994653097e+00 4.530556691984728579e-20 3.414260380899841665e-21
3.746802384994224688e+00 4.368512049413979993e-20 3.482839801841593591e-21
3.747467384993796280e+00 3.144354787740916047e-20 3.102578562048934532e-21
3.748132384993367872e+00 4.153033617424255041e-20 3.702107012227257103e-21
3.748797384992939463e+00 3.773832428753780968e-20 3.190414166460022368e-21
3.749462384992511055e+00 3.651165715561187285e-20 3.139155369108347453e-21
3.750127384992082646e+00 2.790595602435511161e-20 3.459805480155831928e-21
3.750792384991654238e+00 1.798331031527184340e-20 3.307699437781998572e-21
3.751457384991225830e+00 6.641963075857095648e-20 3.103531585503252808e-21
3.752122384990797421e+00 2.567763801614064135e-20 3.382311982416606143e-21
3.752787384990369013e+00 2.772689292240238864e-20 3.234877666414934838e-21
3.753452384989940604e+00 2.369461772059180145e-20 3.003568645960743773e-21
3.754117384989512196e+00 4.919661822022860530e-20 3.022308710216486917e-21
3.754782384989083788e+00 2.971147352554527022e-20 3.015629356426609982e-21
3.755447384988655379e+00 2.652895236093820925e-20 3.044176641386231061e-21
3.756112384988226971e+00 4.892478631122343661e-20 3.299571678309849181e-21
3.756777384987798563e+00 4.302274117165258738e-20 3.256285808458582068e-21
3.757442384987370154e+00 2.052541535892872290e-20 3.294845812353956797e-21
3.758107384986941746e+00 7.265522961138887015e-21 3.305468226845212150e-21
3.758772384986513337e+00 3.494256062883996475e-20 3.176207890854039311e-21
3.759437384986084929e+00 4.093368780090213696e-20 3.308065895522340823e-21
3.760102384985656521e+00 3.370203173518419039e-20 3.209911988390528616e-21
3.760767384985228112e+00 1.980152583923175953e-20 2.972093494838311121e-21
3.761432384984799704e+00 3.134265054958619351e-20 3.033554018200582888e-21
3.762097384984371296e+00 1.768376394750040830e-20 3.408685632100131582e-21
3.762762384983942887e+00 2.077527073398447062e-20 3.201490730674381868e-21
3.763427384983514479e+00 4.192484451349065972e-20 3.049625597156034140e-21
3.764092384983086070e+00 2.383235560545632489e-20 2.954366483206310181e-21
3.764757384982657662e+00 4.204526250054901536e-20 3.004713950724555216e-21
3.765422384982229254e+00 6.846455008995369820e-20 3.100897536300643671e-21
3.766087384981800845e+00 4.642786117232621392e-20 3.261889811919510777e-21
3.766752384981372437e+00 3.687008531072294547e-20 4.292849791853662440e-21
3.767417384980944028e+00 4.440291743896895378e-20 4.552171595978924788e-21
3.768082384980515620e+00 6.062544696820051279e-20 4.424176983760095469e-21
3.768747384980087212e+00 1.859172879778669194e-20 4.270261082536633074e-21
3.769412384979658803e+00 3.247050202753279475e-20 3.182717596879999085e-21
3.770077384979230395e+00 2.590323140768337678e-20 3.146493651330872842e-21
3.770742384978801987e+00 2.694725140765525529e-20 3.138740846639110613e-21
3.771407384978373578e+00 3.534007008774521788e-20 3.238708436418483152e-21
3.772072384977945170e+00 1.183256924115589108e-20 3.404408337875608659e-21
3.772737384977516761e+00 2.726149408442156424e-20 3.306466011863263416e-21
3.773402384977088353e+00 1.470038057740959176e-20 3.241631541673951841e-21
3.774067384976659945e+00 5.160763501118493830e-21 3.325743023414941326e-21
3.774732384976231536e+00 1.666446972798720899e-20 3.379985851487079878e-21
3.775397384975803128e+00 2.202856807617394430e-20 3.135763768571896685e-21
3.776062384975374719e+00 1.832433419669713714e-20 3.161855484270218400e-21
3.776727384974946311e+00 3.150358223102257958e-20 3.371272465519213828e-21
3.777392384974517903e+00 3.958349760001103530e-20 8.284277353442730650e-21
3.778057384974089494e+00 3.400214117962814925e-20 1.457972235116393896e-20
3.778722384973661086e+00 3.183228972562988077e-20 3.472685934585052648e-21
3.779387384973232678e+00 2.899397144510031147e-20 3.307307410194723906e-21
3.780052384972804269e+00 2.751779462869065303e-20 3.080984850002438135e-21
3.780717384972375861e+00 1.979763652887749843e-20 3.240075078354661528e-21
3.781382384971947452e+00 3.651246192582575954e-20 3.193017443475679600e-21
3.782047384971519044e+00 3.299480409047143379e-20 3.313753150287552854e-21
3.782712384971090636e+00 2.321459953476362973e-20 3.133813055732486578e-21
3.783377384970662227e+00 1.027686502326842245e-20 3.294855714455907883e-21
3.784042384970233819e+00 2.789562253761555713e-20 3.316901921633012276e-21
3.784707384969805410e+00 3.372737595138152298e-20 3.125653270805203839e-21
3.785372384969377002e+00 -7.079047358599274283e-21 3.431027371594634640e-21
3.786037384968948594e+00 1.805548679793495759e-20 3.200811033140247406e-21
3.786702384968520185e+00 3.215723536943804703e-20 3.314950105162037717e-21
3.787367384968091777e+00 4.662498739934513892e-20 3.212928026642054205e-21
3.788032384967663369e+00 3.871150226250492972e-20 3.296123796954222374e-21
3.788697384967234960e+00 2.241738879807323025e-20 3.242415422806072985e-21
3.789362384966806552e+00 3.285790034195553974e-20 3.034765715246852907e-21
3.790027384966378143e+00 3.884800253910907600e-20 2.975480547221310283e-21
3.790692384965949735e+00 4.786303196945566775e-20 3.353184952910085907e-21
3.791357384965521327e+00 3.353047606603027279e-21 3.296239136839336265e-21
3.792022384965092918e+00 -6.493145156112409671e-21 3.081746257377176627e-21
3.792687384964664510e+00 2.005395667462965305e-21 3.417319608913148565e-21
3.793352384964236101e+00 1.206075667015547370e-20 3.213744304562031575e-21
3.794017384963807693e+00 9.903569566025969118e-21 3.211265102532001328e-21
3.794682384963379285e+00 2.506790627646308221e-20 3.211846550229530534e-21
3.795347384962950876e+00 2.584396415515131121e-20 3.010920199457782969e-21
3.796012384962522468e+00 2.786990159561679098e-20 3.093387826342249355e-21
3.796677384962094060e+00 2.869801633439633918e-20 3.093399115513631605e-21
3.797342384961665651e+00 3.612075856497613659e-20 3.336677583595145994e-21
3.798007384961237243e+00 3.484031246576631252e-20 3.224581079651053864e-21
3.798672384960808834e+00 1.612087076829284554e-20 3.304148129651517524e-21
3.799337384960380426e+00 4.956053354632431026e-20 3.218663738115860058e-21
3.800002384959952018e+00 2.667248548352058954e-20 3.302235542061423712e-21
3.800667384959523609e+00 2.975607788574890356e-20 3.132249994648463420e-21
3.801332384959095201e+00 3.416581638790231198e-20 3.054154425210554803e-21
3.801997384958666792e+00 4.149174565774927893e-20 2.978008986647994482e-21
3.802662384958238384e+00 5.298516379963977523e-23 3.160090682813510231e-21
3.803327384957809976e+00 1.383804552596373387e-20 3.373565967470105852e-21
3.803992384957381567e+00 3.056822333014332000e-20 3.261321854135269856e-21
3.804657384956953159e+00 2.406068323475691152e-20 2.988965678504015705e-21
3.805322384956524751e+00 2.510900611036048376e-20 3.124265751250976113e-21
3.805987384956096342e+00 1.516643101931731701e-20 3.182890516003404452e-21
3.806652384955667934e+00 2.211295350690731111e-20 3.050838607585301310e-21
3.807317384955239525e+00 2.396632697429179073e-20 2.949167987938333886e-21
3.807982384954811117e+00 3.038020143237008010e-20 2.876657650781945613e-21
3.808647384954382709e+00 5.292886051612579319e-20 3.020104563375560707e-21
3.809312384953954300e+00 3.825885653171043259e-20 3.195939130371233753e-21
3.809977384953525892e+00 2.735509574196560248e-20 3.389641775524585883e-21
3.810642384953097483e+00 1.653514496894721981e-20 3.122251865771997942e-21
3.811307384952669075e+00 4.806065891180962221e-20 3.164282304449981580e-21
3.811972384952240667e+00 5.255844241817668028e-20 3.234427640384195644e-21
3.812637384951812258e+00 4.798149763745795385e-20 3.104827137762301566e-21
3.813302384951383850e+00 2.823632888756630894e-20 2.985462023579794503e-21
3.813967384950955442e+00 4.227376726043466235e-20 3.354373608033750381e-21
3.814632384950527033e+00 4.017915632205732354e-20 3.066042573715853026e-21
3.815297384950098625e+00 4.719511485246154572e-20 3.138147784418086976e-21
3.815962384949670216e+00 4.040917557203429550e-20 3.121548573295216354e-21
3.816627384949241808e+00 3.587259556012331981e-20 3.226575807458527033e-21
3.817292384948813400e+00 4.100163809387136738e-20 3.279119750104900446e-21
3.817957384948384991e+00 4.044359078290139656e-20 3.051648588333808065e-21
3.818622384947956583e+00 3.732574442407208459e-20 3.212287102617343208e-21
3.819287384947528174e+00 4.782334715105775042e-20 3.198672955153893915e-21
3.819952384947099766e+00 6.042830587874120688e-20 3.396791823151202274e-21
3.820617384946671358e+00 4.583752146269208980e-20 3.561529008181437940e-21
3.821282384946242949e+00 3.720985944231892189e-20 3.482039194299202347e-21
3.821947384945814541e+00 4.106635756384597370e-20 3.724480733376567918e-21
3.822612384945386133e+00 4.407104679352291240e-20 3.211514326078427523e-21
3.823277384944957724e+00 3.884118053143231676e-20 3.322482917585179148e-21
3.823942384944529316e+00 4.544194949077076920e-20 3.273244552359955671e-21
3.824607384944100907e+00 3.800942276576422599e-20 3.192607449020405816e-21
3.825272384943672499e+00 3.038766447408172728e-20 3.123231051970428047e-21
3.825937384943244091e+00 4.212543886511077761e-20 3.280362919666361357e-21
3.826602384942815682e+00 2.353194733683334514e-20 4.230267637910096668e-21
3.827267384942387274e+00 1.425328690641721917e-20 3.087246838919822368e-21
3.827932384941958865e+00 1.926440430013605249e-20 3.277667931926446083e-21
3.828597384941530457e+00 5.026397695303626723e-20 3.229325215415253408e-21
3.829262384941102049e+00 1.303232787617882287e-20 3.236137444858073692e-21
3.829927384940673640e+00 1.405789213959796364e-20 3.137188194436533960e-21
3.830592384940245232e+00 7.316828700949512437e-21 3.020742713584186584e-21
3.831257384939816824e+00 9.837172030275652996e-21 3.274124426994364701e-21
3.831922384939388415e+00 9.453616090055923532e-21 3.268995269723984954e-21
3.832587384938960007e+00 2.357541860803687010e-20 3.192434978906576604e-21
3.833252384938531598e+00 4.063590222931827834e-21 3.165795997546730101e-21
3.833917384938103190e+00 1.019308932099127388e-20 3.230155508761170178e-21
3.834582384937674782e+00 2.978526010680147055e-20 3.046799523769273451e-21
3.835247384937246373e+00 4.342905315060765541e-20 2.954955072049315633e-21
3.835912384936817965e+00 1.745823617922363523e-20 3.104003006549653486e-21
3.836577384936389556e+00 2.989241176690469232e-20 3.293941018636288510e-21
3.837242384935961148e+00 1.744969033578474480e-20 3.203812447064933173e-21
3.837907384935532740e+00 2.627789201535036091e-20 3.164844683753492321e-21
3.838572384935104331e+00 4.102704286782729613e-20 3.267333222136402410e-21
3.839237384934675923e+00 2.129560810874234045e-20 4.387966257777517419e-21
3.839902384934247515e+00 3.889089660398883033e-20 8.500864812767104168e-21
3.840567384933819106e+00 1.268789393757869707e-20 6.373731105188457369e-21
3.841232384933390698e+00 5.316891402100785535e-20 3.266708237466484335e-21
3.841897384932962289e+00 1.376596099544447129e-20 3.389813835423689910e-21
3.842562384932533881e+00 5.885708340977963754e-21 3.120925161863431715e-21
3.843227384932105473e+00 3.229906263993736684e-20 3.054943913020077516e-21
3.843892384931677064e+00 4.860497465998656151e-20 3.363347221509101890e-21
3.844557384931248656e+00 2.451139557092282618e-20 3.170458335961595458e-21
3.845222384930820247e+00 3.143779107865504350e-20 2.961225277326162753e-21
3.845887384930391839e+00 4.983565300889736747e-20 3.258209499831587693e-21
3.846552384929963431e+00 3.365984631210472538e-20 3.415699243068337157e-21
3.847217384929535022e+00 4.523020628747877459e-20 2.892991508042335916e-21
3.847882384929106614e+00 3.495806757615021934e-20 3.121207859000838986e-21
3.848547384928678206e+00 3.020735721955206476e-20 3.107732167707842094e-21
3.849212384928249797e+00 2.728014738297096677e-20 3.160847327566973761e-21
3.849877384927821389e+00 4.863132158692608920e-20 3.264356978075352222e-21
3.850542384927392980e+00 3.180217069812034122e-20 3.107405758060237361e-21
3.851207384926964572e+00 4.745259973692293267e-20 3.145599174369422815e-21
3.851872384926536164e+00 5.347469559012295602e-20 3.203674475639629868e-21
3.852537384926107755e+00 3.307862245962618338e-20 3.132870177366871866e-21
3.853202384925679347e+00 3.306587873200927199e-20 3.152870536046409684e-21
3.853867384925250938e+00 2.060824630577258972e-20 3.058084948065084639e-21
3.854532384924822530e+00 4.519095685259193225e-20 3.193581468120132178e-21
3.855197384924394122e+00 4.554034960244801099e-20 3.225441591172786124e-21
3.855862384923965713e+00 3.388331169643456902e-20 3.050286705066770391e-21
3.856527384923537305e+00 6.801097425458833703e-20 3.228323019667838112e-21
3.857192384923108897e+00 5.385748501428555990e-20 3.630777339318013864e-21
3.857857384922680488e+00 4.865657942880698844e-20 3.271816284925200484e-21
3.858522384922252080e+00 5.382405763421025361e-20 3.073041565830635321e-21
3.859187384921823671e+00 3.749184390470877542e-20 3.200786040037759460e-21
3.859852384921395263e+00 2.678243569009861706e-21 3.079795047327170898e-21
3.860517384920966855e+00 1.899514660331325622e-20 3.349746732579637415e-21
3.861182384920538446e+00 3.948105567598414350e-20 3.099722057449872966e-21
3.861847384920110038e+00 9.352231572483075029e-21 3.309369604761254496e-21
3.862512384919681629e+00 3.402251067425075661e-20 2.973742913018733468e-21
3.863177384919253221e+00 3.450509825410851107e-20 3.096830896083812374e-21
3.863842384918824813e+00 3.190033277568529277e-20 3.138204792614926265e-21
3.864507384918396404e+00 6.164439410386580114e-20 2.863402868612377621e-21
3.865172384917967996e+00 4.217701434048495493e-20 2.886802185524026029e-21
3.865837384917539588e+00 2.673623265408853100e-20 2.988140892595416096e-21
3.866502384917111179e+00 1.954486346020031758e-20 3.101736126617666581e-21
3.867167384916682771e+00 3.121649923305937162e-20 3.234531632956543531e-21
3.867832384916254362e+00 4.270692056424739096e-20 3.005281521397108651e-21
3.868497384915825954e+00 2.751198035230478420e-20 3.376295301755908117e-21
3.869162384915397546e+00 3.531250328151383816e-20 3.215256625964616054e-21
3.869827384914969137e+00 3.647646629155159392e-20 3.221793696834966591e-21
3.870492384914540729e+00 3.131521592318981362e-20 3.230654372478142550e-21
3.871157384914112320e+00 2.190441934095769445e-20 3.051453768524261334e-21
3.871822384913683912e+00 3.912649705911820448e-20 3.200081282203071120e-21
3.872487384913255504e+00 3.935525536226474931e-20 3.150758032403553921e-21
3.873152384912827095e+00 3.156402166720360895e-20 3.090986369420342171e-21
3.873817384912398687e+00 3.409526118583336059e-20 3.386643370399376341e-21
3.874482384911970279e+00 4.337199480047424132e-20 3.083001168226761540e-21
3.875147384911541870e+00 4.960979691330015582e-20 3.318435282817568083e-21
3.875812384911113462e+00 5.292099582143224900e-20 3.347651167272898102e-21
3.876477384910685053e+00 4.219592112472849907e-20 3.486695196602677328e-21
3.877142384910256645e+00 3.883507930013056476e-20 3.520245684314328849e-21
3.877807384909828237e+00 3.941506381504073180e-20 3.435450500365120110e-21
3.878472384909399828e+00 2.765333847308800902e-20 3.149218009015245197e-21
3.879137384908971420e+00 4.716603000277726951e-20 3.376596981550543880e-21
3.879802384908543011e+00 6.808636052529999783e-20 3.252325598630169923e-21
3.880467384908114603e+00 5.134677027927378327e-20 3.454114873031705452e-21
3.881132384907686195e+00 2.980022513983257046e-20 3.315252887502174062e-21
3.881797384907257786e+00 3.732701569078185484e-20 3.152405969624907363e-21
3.882462384906829378e+00 2.794898148207996537e-20 3.115429362994180725e-21
3.883127384906400970e+00 2.949690335906676142e-20 3.203962986388575194e-21
3.883792384905972561e+00 2.808307461813588795e-20 3.463056715716292761e-21
3.884457384905544153e+00 2.488618911386938638e-20 3.122929537940602910e-21
3.885122384905115744e+00 3.555275129400301352e-20 2.963100251201961842e-21
3.885787384904687336e+00 4.777095370205524762e-20 3.115191513918225694e-21
3.886452384904258928e+00 5.939306865308172032e-20 3.077876416571096553e-21
3.887117384903830519e+00 4.894963011865293309e-20 3.195834500293308428e-21
3.887782384903402111e+00 4.380576234674433396e-20 3.466366069171843805e-21
3.888447384902973702e+00 6.562697947610358456e-20 3.145990956201264225e-21
3.889112384902545294e+00 7.673755718301637585e-20 3.282457377957610351e-21
3.889777384902116886e+00 6.004335756089663729e-20 3.007406720574826765e-21
3.890442384901688477e+00 5.248376630427897267e-20 3.240033108219306339e-21
3.891107384901260069e+00 4.487785458010247489e-20 3.352098446578264944e-21
3.891772384900831661e+00 3.427353521380890732e-20 3.258811665352312262e-21
3.892437384900403252e+00 4.473066292384652391e-20 3.571340816436312648e-21
3.893102384899974844e+00 5.201211388340358437e-20 3.351020300373345639e-21
3.893767384899546435e+00 6.899020675561696069e-20 3.373156958730911367e-21
3.894432384899118027e+00 7.329832873299251444e-20 3.129111713578104445e-21
3.895097384898689619e+00 5.227372125671332588e-20 2.998795229493220631e-21
3.895762384898261210e+00 3.362200374003689832e-20 3.347646214007934621e-21
3.896427384897832802e+00 3.701641368778896756e-20 3.629173507527353205e-21
3.897092384897404393e+00 2.452639706731774457e-20 4.718019605070306636e-21
3.897757384896975985e+00 2.613100955706901721e-20 5.434298796456664018e-21
3.898422384896547577e+00 3.341019686755274377e-20 1.082998003990818352e-20
3.899087384896119168e+00 3.983715197298151028e-20 3.436311017380846646e-21
3.899752384895690760e+00 4.056379880366017604e-20 3.014572416073679114e-21
3.900417384895262352e+00 4.826266095360953585e-20 3.328123432122988495e-21
3.901082384894833943e+00 1.756272563645387402e-20 3.324031388258368348e-21
3.901747384894405535e+00 3.438231023679371946e-20 3.134824111273096378e-21
3.902412384893977126e+00 5.236854130247006473e-20 2.916348814877108817e-21
3.903077384893548718e+00 6.982198609666492228e-20 3.114125372386073290e-21
3.903742384893120310e+00 5.507415591733274985e-20 3.088001381658164821e-21
3.904407384892691901e+00 4.500582008062230847e-20 3.520408145257436267e-21
3.905072384892263493e+00 2.631704248011172201e-20 3.388945740835947181e-21
3.905737384891835084e+00 2.782804503646499692e-20 3.076320536492469210e-21
3.906402384891406676e+00 4.742771378867770734e-20 3.122034198931141833e-21
3.907067384890978268e+00 4.813206010917039558e-20 3.131338506442332869e-21
3.907732384890549859e+00 3.928818774921658629e-20 3.289819821018653541e-21
3.908397384890121451e+00 4.454280358972371360e-20 3.183130042597776617e-21
3.909062384889693043e+00 3.923288876867186571e-20 3.230930766641229714e-21
3.909727384889264634e+00 6.376417936816917213e-20 3.165768391497881926e-21
3.910392384888836226e+00 5.208975496719236982e-20 3.124389863853639949e-21
3.911057384888407817e+00 6.922461221201099897e-20 3.128032748228365402e-21
3.911722384887979409e+00 6.244965208372959435e-20 3.133336360741327191e-21
3.912387384887551001e+00 5.825212271050022856e-20 3.281285355656793130e-21
3.913052384887122592e+00 4.438515551446019230e-20 3.396319986162750457e-21
3.913717384886694184e+00 4.474301200004229800e-20 3.123971792892771532e-21
3.914382384886265775e+00 6.348521249347336611e-20 3.212077184535002690e-21
3.915047384885837367e+00 5.571531821236164257e-20 3.024292192612400970e-21
3.915712384885408959e+00 3.371244291408340406e-20 3.020987768565357931e-21
3.916377384884980550e+00 5.732238734523206329e-20 3.268116344014203603e-21
3.917042384884552142e+00 6.294463233562954184e-20 3.238059814884931726e-21
3.917707384884123734e+00 7.351504755472137365e-20 3.368784845344077938e-21
3.918372384883695325e+00 5.931974029438147236e-20 3.295405324051039907e-21
3.919037384883266917e+00 5.729638636578129313e-20 3.349936468335937126e-21
3.919702384882838508e+00 2.471938156354317307e-20 3.285712115021594100e-21
3.920367384882410100e+00 3.686493095989543505e-20 3.188167976869286709e-21
3.921032384881981692e+00 3.651244946942627615e-20 3.399577066264650858e-21
3.921697384881553283e+00 2.244164239027720047e-20 3.141347784610848692e-21
3.922362384881124875e+00 5.018830076197328217e-20 3.160921941623347840e-21
3.923027384880696466e+00 5.149747459484601570e-20 3.082086522901006811e-21
3.923692384880268058e+00 4.373333017027975473e-20 3.111994230611498543e-21
3.924357384879839650e+00 6.251407552605686268e-20 3.194466623370576048e-21
3.925022384879411241e+00 4.645232954653918586e-20 3.344856887551347605e-21
3.925687384878982833e+00 6.013652719261788138e-20 3.230173533294128011e-21
3.926352384878554425e+00 6.859699954932209972e-20 3.135890183096899806e-21
3.927017384878126016e+00 5.785982546387575338e-20 3.197196887061496861e-21
3.927682384877697608e+00 3.861513540087853423e-20 3.649257605375288369e-21
3.928347384877269199e+00 4.662345461396077083e-20 3.288526507381610892e-21
3.929012384876840791e+00 4.811373329343234532e-20 1.191819932746501188e-20
3.929677384876412383e+00 5.865131124871631584e-20 1.437418897223968181e-20
3.930342384875983974e+00 4.375240769342782968e-20 3.281962965696370000e-21
3.931007384875555566e+00 6.760508929608038561e-20 3.211218949720567896e-21
3.931672384875127157e+00 8.372037945637835688e-20 3.172113431277775877e-21
3.932337384874698749e+00 1.001613609923748122e-19 7.820043736297560859e-21
3.933002384874270341e+00 4.491351039533942466e-20 3.655760387337175098e-21
3.933667384873841932e+00 3.630888293025343140e-20 6.156379861835038862e-21
3.934332384873413524e+00 4.011849460768195511e-20 3.701735560608166398e-21
3.934997384872985116e+00 1.043897073489029892e-19 3.087298809484409904e-21
3.935662384872556707e+00 5.294755921724214087e-20 3.123353195481759696e-21
3.936327384872128299e+00 4.190537109794659197e-20 3.360100077077692842e-21
3.936992384871699890e+00 3.368439841276063180e-20 3.849387093334851084e-21
3.937657384871271482e+00 2.266719276442110189e-20 4.339802269668784935e-21
3.938322384870843074e+00 4.305169856750418384e-20 4.030014014393049277e-21
3.938987384870414665e+00 4.245352282142638748e-20 3.414151960472974340e-21
3.939652384869986257e+00 3.164251651717755954e-20 3.234248824366408082e-21
3.940317384869557849e+00 2.899910841992616587e-20 3.348083643478520782e-21
3.940982384869129440e+00 2.647966999519885579e-20 3.209718650419790386e-21
3.941647384868701032e+00 1.364818976814029802e-20 3.408914634812533266e-21
3.942312384868272623e+00 1.819464510118219580e-20 3.031391074262781780e-21
3.942977384867844215e+00 1.751562408307382409e-20 3.055199557233665450e-21
3.943642384867415807e+00 2.267705549068775609e-20 3.458906832494334521e-21
3.944307384866987398e+00 1.761809385806027843e-20 3.466071697389938968e-21
3.944972384866558990e+00 -1.122178616686301729e-20 3.391928756580144311e-21
3.945637384866130581e+00 2.696401507549530776e-21 3.055277894026766179e-21
3.946302384865702173e+00 1.547170227580230230e-20 3.130336795806548192e-21
3.946967384865273765e+00 3.879354765794360258e-20 3.043299496548600317e-21
3.947632384864845356e+00 4.276564443452558405e-20 2.917549590403115544e-21
3.948297384864416948e+00 1.650087778336996514e-20 3.187476928758174601e-21
3.948962384863988540e+00 2.773709880479721831e-20 3.427150751222681686e-21
3.949627384863560131e+00 3.242977930624272736e-20 5.420511484126335676e-21
3.950292384863131723e+00 5.589415869996920102e-20 7.766674528763148630e-21
3.950957384862703314e+00 2.692512367952811816e-20 3.548818228209705471e-21
3.951622384862274906e+00 4.329652494314345398e-20 3.662188118823771400e-21
3.952287384861846498e+00 3.480643580166697592e-20 3.109157712019426555e-21
3.952952384861418089e+00 2.635513339606925557e-20 3.244983131448076545e-21
3.953617384860989681e+00 8.197608958742955612e-21 3.212011115149604558e-21
3.954282384860561272e+00 2.255296813127610462e-20 3.185890694822205294e-21
3.954947384860132864e+00 2.424593559326349901e-20 3.179457036571780302e-21
3.955612384859704456e+00 1.947006853643826104e-20 3.318777701031957429e-21
3.956277384859276047e+00 5.057706940676665136e-21 3.007063820404169923e-21
3.956942384858847639e+00 1.804635280382638287e-20 2.945071745187364896e-21
3.957607384858419231e+00 1.218823161294266868e-20 3.047562910184236677e-21
3.958272384857990822e+00 2.080831746770758415e-20 2.886945235928917040e-21
3.958937384857562414e+00 1.688138853096622765e-20 3.162626129004090868e-21
3.959602384857134005e+00 8.830771753324299403e-21 3.457194228090492011e-21
3.960267384856705597e+00 2.524503184922122693e-22 3.366628270800662780e-21
3.960932384856277189e+00 2.686133686722035848e-20 3.736988963094681169e-21
3.961597384855848780e+00 1.500425224368236410e-20 3.434466161458433619e-21
3.962262384855420372e+00 2.030121477207688985e-20 3.315003015392574932e-21
3.962927384854991963e+00 4.779685275880169496e-20 2.914018991493009248e-21
3.963592384854563555e+00 3.620919077739458490e-20 2.852215862695853014e-21
3.964257384854135147e+00 3.525657699028321857e-20 3.451389133081736580e-21
3.964922384853706738e+00 4.553097409408229604e-20 1.587872234268716767e-20
3.965587384853278330e+00 3.763444650329536098e-20 4.878108631339756808e-20
3.966252384852849922e+00 3.702636631339149712e-20 7.524389037615154660e-21
3.966917384852421513e+00 2.681490275449178243e-20 3.011275297122466730e-21
3.967582384851993105e+00 1.219009847376543872e-20 3.259980609428063524e-21
3.968247384851564696e+00 9.300300043874818385e-21 1.636379552344079328e-20
3.968912384851136288e+00 -1.717724141624958972e-20 5.821167921436740354e-21
3.969577384850707880e+00 2.381035019087893811e-20 2.925696570329521101e-21
3.970242384850279471e+00 4.068304138087957368e-20 2.944637565211903497e-21
3.970907384849851063e+00 3.034369970069496502e-20 2.989730949408361823e-21
3.971572384849422654e+00 2.999542274650207060e-20 3.388878449803858151e-21
3.972237384848994246e+00 4.323783831179262998e-20 3.312760748096115750e-21
3.972902384848565838e+00 4.772972891867036111e-20 3.344769823288692904e-21
3.973567384848137429e+00 5.680927115633530525e-20 4.374943116774977873e-21
3.974232384847709021e+00 6.278921753021710659e-21 4.113513419133612984e-21
3.974897384847280613e+00 -2.628522899580732690e-21 7.080213155810253839e-21
3.975562384846852204e+00 1.178493141012385033e-20 6.357498590518961681e-21
3.976227384846423796e+00 2.035920094596911948e-20 6.295340324348564788e-21
3.976892384845995387e+00 5.500335543883225485e-21 3.074149451058469319e-21
3.977557384845566979e+00 5.577658700063553922e-21 2.929029992840927464e-21
3.978222384845138571e+00 3.091090276836933289e-20 3.036726288829149911e-21
3.978887384844710162e+00 2.098366037686265846e-20 3.084121577400299578e-21
3.979552384844281754e+00 2.275811123913322729e-20 3.295183675540799928e-21
3.980217384843853345e+00 2.354003026719513878e-20 3.102449792696294297e-21
3.980882384843424937e+00 5.663467836328415427e-20 2.882280242556008225e-21
3.981547384842996529e+00 4.062445313702768193e-20 3.313739985123564816e-21
3.982212384842568120e+00 1.688276026583962933e-20 3.011015918538009961e-21
3.982877384842139712e+00 3.741832598627923571e-20 3.120556399975930577e-21
3.983542384841711304e+00 5.169843378113232615e-20 2.836992093140306133e-21
3.984207384841282895e+00 2.308690109959661275e-20 3.068827944678710844e-21
3.984872384840854487e+00 9.828784233379194849e-21 2.948806038871495355e-21
3.985537384840426078e+00 1.979256983418249009e-20 3.293860772366563342e-21
3.986202384839997670e+00 1.825502793304489108e-20 3.233574600586992204e-21
3.986867384839569262e+00 3.098688297536929900e-20 3.190447492350388032e-21
3.987532384839140853e+00 4.165990280169063775e-20 3.003548883838172026e-21
3.988197384838712445e+00 2.889991220827401862e-20 2.945571987376481483e-21
3.988862384838284036e+00 3.780724527796836619e-20 2.980423532861131368e-21
3.989527384837855628e+00 3.384907520481497803e-20 3.205640805267838682e-21
3.990192384837427220e+00 1.973769897174265787e-20 3.249965830755862340e-21
3.990857384836998811e+00 9.576602556145240264e-22 3.057394057410332284e-21
3.991522384836570403e+00 1.505533356720376154e-20 3.893464729237773640e-21
3.992187384836141995e+00 1.513683310452069995e-20 6.618475599177977325e-21
3.992852384835713586e+00 2.700419189910368172e-20 7.433043930014355314e-21
3.993517384835285178e+00 2.106942673170798553e-20 3.787770675314660126e-21
3.994182384834856769e+00 1.637617342886465579e-20 3.170146734188981258e-21
3.994847384834428361e+00 2.153533930102430799e-20 3.259454005291718833e-21
3.995512384833999953e+00 2.808850834641831325e-20 3.014355677754448274e-21
3.996177384833571544e+00 1.342106525343566425e-20 3.325099779973917043e-21
3.996842384833143136e+00 4.149963206661183213e-20 3.051344193530981123e-21
3.997507384832714727e+00 3.056130498249779837e-20 3.328419895683747160e-21
3.998172384832286319e+00 3.118193422724799358e-20 3.056855470350166767e-21
3.998837384831857911e+00 5.393291572357084939e-20 3.483432441942011298e-21
3.999502384831429502e+00 4.754049968797001389e-20 8.354433268899831378e-21
4.000167384831001094e+00 2.784074928087820929e-20 7.858178773255906899e-21
4.000832384830572686e+00 6.377582787565298336e-20 9.105789740243294453e-21
4.001497384830144277e+00 5.121008388533945699e-20 2.058529835139812608e-20
4.002162384829715869e+00 2.518530984933882809e-20 3.310195114609810270e-21
4.002827384829287460e+00 2.093341129308506416e-20 3.084148440527599582e-21
4.003492384828859052e+00 2.890409427941005531e-20 3.074364233150122387e-21
4.004157384828430644e+00 2.203657345817724198e-20 2.863376068135567047e-21
4.004822384828002235e+00 3.329425649385200137e-20 2.901153704829240305e-21
4.005487384827573827e+00 2.995754749317865026e-20 3.008021215741727514e-21
4.006152384827145418e+00 2.421480213987146836e-20 2.791560566153976693e-21
4.006817384826717010e+00 1.777854434850469001e-20 2.944332725635898158e-21
4.007482384826288602e+00 1.493583306482204473e-20 3.038795486727526144e-21
4.008147384825860193e+00 1.434682590721308470e-20 3.147132719965018171e-21
4.008812384825431785e+00 1.590313928497852435e-20 3.004273851644000898e-21
4.009477384825003377e+00 2.879452023451609294e-20 3.105559242956439355e-21
4.010142384824574968e+00 2.920288745934197850e-20 3.041897183918356020e-21
4.010807384824146560e+00 1.022144322816022918e-20 3.179783809226613314e-21
4.011472384823718151e+00 2.134446318011679859e-20 2.931019365390826256e-21
4.012137384823289743e+00 2.731902841541730617e-20 7.530191642305862700e-21
4.012802384822861335e+00 2.474022888782660167e-20 3.450271549167690149e-20
4.013467384822432926e+00 3.253375444557556714e-20 4.034572878476841670e-20
4.014132384822004518e+00 4.209242698924639631e-20 7.079701683326818416e-21
4.014797384821576109e+00 5.000719936595259827e-20 2.936702175812277297e-21
4.015462384821147701e+00 2.125267434933865846e-20 2.996663980000171360e-21
4.016127384820719293e+00 1.818285786147298399e-20 3.289453614335450891e-21
4.016792384820290884e+00 3.895556608836696058e-21 3.439099183461268029e-21
4.017457384819862476e+00 -7.955164995991226263e-21 3.149406294945961854e-21
4.018122384819434068e+00 1.822727784051056215e-20 3.323858493298042680e-21
4.018787384819005659e+00 2.552080899748280725e-20 3.784559484329541366e-21
4.019452384818577251e+00 1.476404290048677795e-20 3.797827621027327835e-21
4.020117384818148842e+00 5.407016191609068816e-20 4.479528191447084456e-21
4.020782384817720434e+00 2.924561103167803781e-20 4.628062875952859380e-21
4.021447384817292026e+00 3.256657891684673951e-20 4.770812308513917278e-21
4.022112384816863617e+00 2.005360505860956914e-20 4.893848750900106069e-21
4.022777384816435209e+00 7.020065763568856337e-21 5.572564858176203541e-21
4.023442384816006800e+00 1.184566897624358746e-20 5.101592900885091391e-21
4.024107384815578392e+00 3.043908536616140615e-20 5.277163287610727588e-21
4.024772384815149984e+00 4.672759642364986442e-20 5.147464607107858366e-21
4.025437384814721575e+00 4.208144602144221095e-20 5.011160151090051226e-21
4.026102384814293167e+00 7.988388643215917940e-21 4.734298086050954927e-21
4.026767384813864759e+00 1.257412095537299369e-20 4.797539491520710187e-21
4.027432384813436350e+00 1.177629698131580322e-20 4.842364242590498888e-21
4.028097384813007942e+00 -1.100236844911529896e-20 5.091089205674290115e-21
4.028762384812579533e+00 -2.764623453127672179e-21 4.686971214638745927e-21
4.029427384812151125e+00 6.073946099552790637e-21 5.229617666359760264e-21
4.030092384811722717e+00 5.132293162580250676e-21 6.013809699330938565e-21
4.030757384811294308e+00 1.576081246112425140e-20 5.945017241437288268e-21
4.031422384810865900e+00 2.095187940127018562e-20 7.593712551755064776e-21
4.032087384810437491e+00 -1.578275358358314609e-20 7.909565803793235827e-21
4.032752384810009083e+00 7.147787988810386552e-20 1.415101677994188974e-20
4.033417384809580675e+00 6.736823845590102570e-20 8.890491352946777365e-21
4.034082384809152266e+00 4.977489725552792098e-20 7.443375561335531738e-21
4.034747384808723858e+00 6.856320150964310591e-20 9.041260353474118063e-21
4.035412384808295450e+00 -5.487765192889672207e-22 6.842987311903683341e-21
4.036077384807867041e+00 2.307032940916531047e-20 6.413191692999527928e-21
4.036742384807438633e+00 2.245432803326083537e-20 6.564910783378210690e-21
4.037407384807010224e+00 1.131054938807057419e-20 6.406414586660723695e-21
4.038072384806581816e+00 4.911521061335893666e-20 7.361974874297245797e-21
4.038737384806153408e+00 1.163338799932701169e-20 6.660152016504147557e-21
4.039402384805724999e+00 2.642521010976505738e-20 7.243454382918439572e-21
4.040067384805296591e+00 3.678465644750708044e-20 1.247863410703425037e-20
4.040732384804868182e+00 2.592724587686114237e-20 1.031673609040769269e-20
4.041397384804439774e+00 6.188304549460654064e-21 6.690669664474613462e-21
4.042062384804011366e+00 6.208210505602289118e-21 6.414060504627611383e-21
4.042727384803582957e+00 -8.143873677572281558e-21 7.075967859397862374e-21
4.043392384803154549e+00 2.591883652636534021e-20 6.883785101955472889e-21
4.044057384802726141e+00 -1.955292075248828486e-20 6.713882562133082375e-21
4.044722384802297732e+00 1.124558328531533011e-20 6.536046266683710299e-21
4.045387384801869324e+00 4.094725790593820838e-20 6.312650691746129130e-21
4.046052384801440915e+00 1.753889678074265470e-20 6.822307537806030427e-21
4.046717384801012507e+00 7.081373928816017151e-21 6.466277645711515455e-21
4.047382384800584099e+00 1.741567852039897602e-20 6.904077057155822489e-21
4.048047384800155690e+00 1.771846853260105224e-20 6.985765778388401725e-21
4.048712384799727282e+00 9.355688091636136444e-21 7.625769474918190010e-21
4.049377384799298873e+00 2.859027345619297806e-20 1.071142384060470484e-20
4.050042384798870465e+00 -6.932845985777267008e-21 9.418978743229830995e-21
4.050707384798442057e+00 -1.848130036302260847e-20 8.595957278953653612e-21
4.051372384798013648e+00 -1.140045410213884986e-20 8.150980817244496703e-21
4.052037384797585240e+00 3.513243378595407560e-21 6.259525987012402410e-21
4.052702384797156832e+00 4.639372497284175757e-21 8.109355245016801161e-21
4.053367384796728423e+00 5.512859789040433087e-21 7.390389421751625112e-21
4.054032384796300015e+00 1.738140047531195946e-20 7.142431698133674945e-21
4.054697384795871606e+00 5.907848214446141997e-20 7.837755670619554749e-21
4.055362384795443198e+00 1.363510279113597167e-20 6.876046325039445243e-21
4.056027384795014790e+00 1.983746457445231221e-20 6.589541116360931431e-21
4.056692384794586381e+00 3.404463588577190093e-20 6.930886787209281540e-21
4.057357384794157973e+00 3.744055619641627030e-20 7.848001944309337770e-21
4.058022384793729564e+00 1.267170738887726762e-20 8.058602808938989238e-21
4.058687384793301156e+00 3.453747858438668593e-20 7.285477225449353618e-21
4.059352384792872748e+00 6.527804776010103832e-20 8.681378191423076715e-21
4.060017384792444339e+00 2.838648909018452183e-20 8.809733420044908400e-21
4.060682384792015931e+00 4.472638352918480597e-20 9.736724485111733147e-21
4.061347384791587523e+00 3.098114574326463155e-20 7.287692576592426057e-21
4.062012384791159114e+00 3.775328684042811023e-20 6.510076652839924953e-21
4.062677384790730706e+00 6.594547060473961307e-20 7.816866915954701271e-21
4.063342384790302297e+00 5.065638671120739825e-20 9.448313215421665103e-21
4.064007384789873889e+00 3.270586995150703513e-20 8.039494683127924200e-21
4.064672384789445481e+00 -2.017931951776120680e-20 5.471694053464802692e-21
4.065337384789017072e+00 -9.175690057461720274e-21 5.971578588006604676e-21
4.066002384788588664e+00 1.000063421713121342e-20 6.427567280262680909e-21
4.066667384788160255e+00 2.848440837191464639e-20 8.146669647316452797e-21
4.067332384787731847e+00 -4.783500430753847149e-21 5.526631010060868148e-21
4.067997384787303439e+00 -4.165398130875911089e-21 4.973840669266170180e-21
4.068662384786875030e+00 2.193142637686528963e-20 6.728373656692240911e-21
4.069327384786446622e+00 1.321658724746185351e-21 4.907447655925943269e-21
4.069992384786018214e+00 -7.845723504585522280e-21 4.218175432155610106e-21
4.070657384785589805e+00 2.056848810969159702e-22 4.063905216326210681e-21
4.071322384785161397e+00 4.517914843699119448e-21 4.451438810313320267e-21
4.071987384784732988e+00 5.709717400216816967e-21 4.922008492310641868e-21
4.072652384784304580e+00 5.159478721951938166e-21 5.675537173286589398e-21
4.073317384783876172e+00 6.780935816884584833e-21 4.145933813930909378e-21
4.073982384783447763e+00 9.883412930226465635e-22 4.125058384313840905e-21
4.074647384783019355e+00 4.025823799402708185e-21 5.196946803475953697e-21
4.075312384782590946e+00 4.784480376187335649e-22 6.482919032692113100e-21
4.075977384782162538e+00 3.544764877934601266e-21 3.363207167069774069e-21
4.076642384781734130e+00 -2.388092915151369848e-21 2.503482216742378023e-21
4.077307384781305721e+00 -2.863316453351742315e-22 2.641428648185476433e-21
4.077972384780877313e+00 -1.209553058992049257e-21 4.375808153502942679e-21
4.078637384780448905e+00 6.217467522139395697e-21 4.041996091044924998e-21
4.079302384780020496e+00 0.000000000000000000e+00 0.000000000000000000e+00
4.079967384779592088e+00 0.000000000000000000e+00 0.000000000000000000e+00
4.080632384779163679e+00 0.000000000000000000e+00 0.000000000000000000e+00
4.081297384778735271e+00 0.000000000000000000e+00 0.000000000000000000e+00
4.081962384778306863e+00 0.000000000000000000e+00 0.000000000000000000e+00
4.082627384777878454e+00 0.000000000000000000e+00 0.000000000000000000e+00
4.083292384777450046e+00 0.000000000000000000e+00 0.000000000000000000e+00
4.083957384777021637e+00 0.000000000000000000e+00 0.000000000000000000e+00
4.084622384776593229e+00 0.000000000000000000e+00 0.000000000000000000e+00
4.085287384776164821e+00 0.000000000000000000e+00 0.000000000000000000e+00
4.085952384775736412e+00 0.000000000000000000e+00 0.000000000000000000e+00
4.086617384775308004e+00 0.000000000000000000e+00 0.000000000000000000e+00
4.087282384774879596e+00 0.000000000000000000e+00 0.000000000000000000e+00
4.087947384774451187e+00 0.000000000000000000e+00 0.000000000000000000e+00
4.088612384774022779e+00 0.000000000000000000e+00 0.000000000000000000e+00
4.089277384773594370e+00 0.000000000000000000e+00 0.000000000000000000e+00
4.089942384773165962e+00 0.000000000000000000e+00 0.000000000000000000e+00
4.090607384772737554e+00 0.000000000000000000e+00 0.000000000000000000e+00
4.091272384772309145e+00 0.000000000000000000e+00 0.000000000000000000e+00
4.091937384771880737e+00 0.000000000000000000e+00 0.000000000000000000e+00
4.092602384771452328e+00 0.000000000000000000e+00 0.000000000000000000e+00
4.093267384771023920e+00 0.000000000000000000e+00 0.000000000000000000e+00
4.093932384770595512e+00 0.000000000000000000e+00 0.000000000000000000e+00
4.094597384770167103e+00 0.000000000000000000e+00 0.000000000000000000e+00
4.095262384769738695e+00 0.000000000000000000e+00 0.000000000000000000e+00
4.095927384769310287e+00 0.000000000000000000e+00 0.000000000000000000e+00
4.096592384768881878e+00 0.000000000000000000e+00 0.000000000000000000e+00
4.097257384768453470e+00 0.000000000000000000e+00 0.000000000000000000e+00
4.097922384768025061e+00 0.000000000000000000e+00 0.000000000000000000e+00
4.098587384767596653e+00 0.000000000000000000e+00 0.000000000000000000e+00
4.099252384767168245e+00 0.000000000000000000e+00 0.000000000000000000e+00
4.099917384766739836e+00 0.000000000000000000e+00 0.000000000000000000e+00
4.100582384766311428e+00 0.000000000000000000e+00 0.000000000000000000e+00
4.101247384765883019e+00 0.000000000000000000e+00 0.000000000000000000e+00
4.101912384765454611e+00 0.000000000000000000e+00 0.000000000000000000e+00
4.102577384765026203e+00 0.000000000000000000e+00 0.000000000000000000e+00
4.103242384764597794e+00 0.000000000000000000e+00 0.000000000000000000e+00
4.103907384764169386e+00 0.000000000000000000e+00 0.000000000000000000e+00
4.104572384763740978e+00 0.000000000000000000e+00 0.000000000000000000e+00
4.105237384763312569e+00 0.000000000000000000e+00 0.000000000000000000e+00
4.105902384762884161e+00 0.000000000000000000e+00 0.000000000000000000e+00
4.106567384762455752e+00 0.000000000000000000e+00 0.000000000000000000e+00
4.107232384762027344e+00 0.000000000000000000e+00 0.000000000000000000e+00
4.107897384761598936e+00 0.000000000000000000e+00 0.000000000000000000e+00
4.108562384761170527e+00 0.000000000000000000e+00 0.000000000000000000e+00
4.109227384760742119e+00 0.000000000000000000e+00 0.000000000000000000e+00
4.109892384760313711e+00 0.000000000000000000e+00 0.000000000000000000e+00
4.110557384759885302e+00 0.000000000000000000e+00 0.000000000000000000e+00
4.111222384759456894e+00 0.000000000000000000e+00 0.000000000000000000e+00
4.111887384759028485e+00 0.000000000000000000e+00 0.000000000000000000e+00
4.112552384758600077e+00 0.000000000000000000e+00 0.000000000000000000e+00
4.113217384758171669e+00 0.000000000000000000e+00 0.000000000000000000e+00
4.113882384757743260e+00 0.000000000000000000e+00 0.000000000000000000e+00
4.114547384757314852e+00 0.000000000000000000e+00 0.000000000000000000e+00
4.115212384756886443e+00 0.000000000000000000e+00 0.000000000000000000e+00
4.115877384756458035e+00 0.000000000000000000e+00 0.000000000000000000e+00
4.116542384756029627e+00 0.000000000000000000e+00 0.000000000000000000e+00
4.117207384755601218e+00 0.000000000000000000e+00 0.000000000000000000e+00
4.117872384755172810e+00 0.000000000000000000e+00 0.000000000000000000e+00
4.118537384754744402e+00 0.000000000000000000e+00 0.000000000000000000e+00
4.119202384754315105e+00 0.000000000000000000e+00 0.000000000000000000e+00
4.119867384753886697e+00 0.000000000000000000e+00 0.000000000000000000e+00
4.120532384753458288e+00 0.000000000000000000e+00 0.000000000000000000e+00
4.121197384753029880e+00 1.971639054920859691e-21 4.021907446499892598e-21
4.121862384752601471e+00 -1.487644153266658585e-20 6.476647602025449738e-21
4.122527384752173063e+00 -5.117610303733837205e-21 3.749363885000034003e-21
4.123192384751744655e+00 8.735289671418130554e-21 4.514750010984892817e-21
4.123857384751316246e+00 1.384286637166084849e-21 2.720455663323389204e-21
4.124522384750887838e+00 -5.058420100478423020e-21 5.159949837056315135e-21
4.125187384750459429e+00 -8.463616030173855256e-23 6.866131936382420277e-21
4.125852384750031021e+00 -1.852789999181872573e-20 6.306927077178791911e-21
4.126517384749602613e+00 -2.146533702262072223e-20 6.926641361924793985e-21
4.127182384749174204e+00 -2.346240166334948168e-20 7.593008360971123855e-21
4.127847384748745796e+00 -1.142326094576508161e-20 6.079706943156636960e-21
4.128512384748317388e+00 1.056685408717465095e-20 9.209548521749263326e-21
4.129177384747888979e+00 -1.842848125981780014e-20 6.107227626574745814e-21
4.129842384747460571e+00 4.429161468751771106e-21 7.260414018916018837e-21
4.130507384747032162e+00 -2.015668800644366480e-20 9.248079933131961509e-21
4.131172384746603754e+00 2.357024147245082612e-20 7.826964127863694008e-21
4.131837384746175346e+00 8.819862580268371389e-20 1.517472312998258433e-20
4.132502384745746937e+00 1.983753274709472973e-20 9.497522680823534487e-21
4.133167384745318529e+00 3.267898620274400782e-20 9.502859110933196262e-21
4.133832384744890120e+00 2.113286111494937471e-20 8.535928046240433408e-21
4.134497384744461712e+00 8.350350864226324892e-21 7.915057191504428084e-21
4.135162384744033304e+00 2.397564261611125452e-20 1.082040035398060361e-20
4.135827384743604895e+00 3.306196327667185811e-20 7.846437730182031322e-21
4.136492384743176487e+00 1.252752325529981946e-20 8.822250303357462541e-21
4.137157384742748079e+00 8.576077768701830894e-21 6.499619308761192347e-21
4.137822384742319670e+00 1.586846670100894513e-20 6.858826218942024638e-21
4.138487384741891262e+00 1.024987607720142666e-20 8.187322475570459703e-21
4.139152384741462853e+00 1.286436740831770386e-20 1.140356856518830844e-20
4.139817384741034445e+00 5.434241515950416600e-20 1.473171496281237975e-20
4.140482384740606037e+00 1.630481248927623878e-20 9.199085474710705137e-21
4.141147384740177628e+00 6.490052264156979301e-21 6.762786203795208032e-21
4.141812384739749220e+00 2.205529608715186819e-21 7.987470477500344580e-21
4.142477384739320811e+00 -1.330666175781644779e-21 7.789933355723059128e-21
4.143142384738892403e+00 3.831006353525336866e-20 9.781177231911407896e-21
4.143807384738463995e+00 6.246143688063012602e-21 7.397558570934467008e-21
4.144472384738035586e+00 4.718370537536888900e-21 9.155791587658977837e-21
4.145137384737607178e+00 3.521906621985838923e-20 7.862396523383529979e-21
4.145802384737178770e+00 3.670548765185113041e-20 7.331655579188764499e-21
4.146467384736750361e+00 3.633602695420333792e-20 8.173395080638770677e-21
4.147132384736321953e+00 7.547576585715135601e-21 7.906667104491720766e-21
4.147797384735893544e+00 1.475857343543631049e-21 8.661781597509115159e-21
4.148462384735465136e+00 3.249645923798407912e-20 7.419114765283128917e-21
4.149127384735036728e+00 4.849048287597590834e-20 1.010751974173859716e-20
4.149792384734608319e+00 2.897929832101888643e-20 7.875880543478549252e-21
4.150457384734179911e+00 3.470588834063716914e-20 9.053067256939488257e-21
4.151122384733751502e+00 3.246602172610757285e-20 8.867607663821006110e-21
4.151787384733323094e+00 9.987077078531343058e-21 8.988866767616535036e-21
4.152452384732894686e+00 -1.420542122318543810e-20 7.267321131816747728e-21
4.153117384732466277e+00 4.521118245473802653e-21 7.856729324659433195e-21
4.153782384732037869e+00 2.649001009814680483e-20 8.333830126184539509e-21
4.154447384731609461e+00 3.009833804831391075e-20 8.132112006700101291e-21
4.155112384731181052e+00 1.326244791742613585e-20 7.297307850469412690e-21
4.155777384730752644e+00 1.302353357557183241e-20 6.281320712118025825e-21
4.156442384730324235e+00 4.580918061839465171e-20 8.268179498036206100e-21
4.157107384729895827e+00 7.059656515978788081e-20 9.607458307419847470e-21
4.157772384729467419e+00 2.790036256345541275e-20 8.668991489548569866e-21
4.158437384729039010e+00 1.858168417602598653e-20 7.492053409048167360e-21
4.159102384728610602e+00 -1.624295382888041244e-20 6.276171907953300403e-21
4.159767384728182193e+00 -2.086719454770550163e-20 7.181106610478332151e-21
4.160432384727753785e+00 2.402091335602332979e-20 7.585910919059710377e-21
4.161097384727325377e+00 2.071465905493628375e-20 7.592158785174082991e-21
4.161762384726896968e+00 -1.779892606567424154e-21 6.804850763511623620e-21
4.162427384726468560e+00 2.064277414078678874e-20 9.319498019522363488e-21
4.163092384726040152e+00 -3.243219432729144475e-21 6.107389657626667663e-21
4.163757384725611743e+00 -5.184935845661371701e-21 6.031890997927939377e-21
4.164422384725183335e+00 1.865709432255695948e-20 6.108375376532822128e-21
4.165087384724754926e+00 2.060075764819855327e-20 7.284642905254170602e-21
4.165752384724326518e+00 1.096267322794736036e-20 7.180836796969685563e-21
4.166417384723898110e+00 1.066879370471164089e-20 6.449183066072509137e-21
4.167082384723469701e+00 1.899968586612298440e-20 6.602061912303692348e-21
4.167747384723041293e+00 3.759365591793106250e-20 1.031189819140976746e-20
4.168412384722612885e+00 5.355761325625727830e-20 9.619615020682936699e-21
4.169077384722184476e+00 3.626666051107104053e-20 7.483025365199385989e-21
4.169742384721756068e+00 -2.380497415538726517e-21 8.047933210457274095e-21
4.170407384721327659e+00 2.558684419042856516e-20 7.494133496887129333e-21
4.171072384720899251e+00 4.232857742352587428e-20 8.373893348000101512e-21
4.171737384720470843e+00 3.729668136700824962e-20 7.403446173247121224e-21
4.172402384720042434e+00 -5.915375421593771757e-21 6.263933707603910348e-21
4.173067384719614026e+00 -1.945803885173902950e-20 5.743451059528829814e-21
4.173732384719185617e+00 3.194308612467161036e-20 7.372751950905116144e-21
4.174397384718757209e+00 4.244872071407559944e-20 6.280511517188500698e-21
4.175062384718328801e+00 1.480049324980909834e-20 5.836274143696281981e-21
4.175727384717900392e+00 1.284015632493445001e-20 5.956244743397634322e-21
4.176392384717471984e+00 7.208427139598075588e-21 6.338870093147319131e-21
4.177057384717043576e+00 -2.558013518957422941e-20 6.549372899743171038e-21
4.177722384716615167e+00 3.516726385032244254e-20 6.334223549033135127e-21
4.178387384716186759e+00 4.526980055183372735e-20 5.941642497535886229e-21
4.179052384715758350e+00 3.354635656914475101e-20 6.414184871234702278e-21
4.179717384715329942e+00 1.986828854860925868e-20 6.152712011193427115e-21
4.180382384714901534e+00 2.108452025792817987e-20 6.655169006694059441e-21
4.181047384714473125e+00 2.560061956873364779e-20 5.252767239169250733e-21
4.181712384714044717e+00 3.313310356818567389e-20 5.588453894801788938e-21
4.182377384713616308e+00 1.832623057572380631e-20 5.243563970075121243e-21
4.183042384713187900e+00 3.561310159193003099e-20 5.170838494706150685e-21
4.183707384712759492e+00 -2.281666488022098313e-21 4.795743357590498924e-21
4.184372384712331083e+00 -7.022919984016259476e-21 5.034393436611136588e-21
4.185037384711902675e+00 -1.712841740423528193e-21 8.488475867374448847e-21
4.185702384711474267e+00 2.859532448511454269e-21 4.898125045555096742e-21
4.186367384711045858e+00 1.794473772073777797e-20 7.489599921373884501e-21
4.187032384710617450e+00 3.906165421417091323e-20 4.929547059379112209e-21
4.187697384710189041e+00 1.613273809424723243e-20 4.035953056844699831e-21
4.188362384709760633e+00 1.285024343451574495e-21 4.115746190874087395e-21
4.189027384709332225e+00 4.339106527072389574e-20 4.192090343587601575e-21
4.189692384708903816e+00 3.144729879015718746e-20 3.743558718962190787e-21
4.190357384708475408e+00 1.802553181375895861e-20 3.891084969171056050e-21
4.191022384708046999e+00 2.733990387476043753e-20 4.082567091527287828e-21
4.191687384707618591e+00 1.728884296677876449e-20 3.849768467971046323e-21
4.192352384707190183e+00 2.860826417930608763e-20 3.891865957982584947e-21
4.193017384706761774e+00 3.268428976499095640e-20 3.979909804010950448e-21
4.193682384706333366e+00 4.152596395170541661e-20 3.918173936518728741e-21
4.194347384705904958e+00 2.070036253997147033e-20 4.038679084204956638e-21
4.195012384705476549e+00 4.192981703213748900e-20 3.700731485269708840e-21
4.195677384705048141e+00 5.203244873131909104e-20 3.724837782488149221e-21
4.196342384704619732e+00 2.015260116221189839e-20 3.801141914726043199e-21
4.197007384704191324e+00 2.602053624876255189e-20 3.697546007151482277e-21
4.197672384703762916e+00 -6.337635645705971747e-21 3.828080919574562920e-21
4.198337384703334507e+00 9.752439669202538353e-21 3.805795482107879256e-21
4.199002384702906099e+00 1.185837953209312875e-20 3.869495071903936915e-21
4.199667384702477690e+00 3.176883691144386381e-20 3.998211525325746175e-21
4.200332384702049282e+00 2.331241644667054902e-20 3.926702794858837327e-21
4.200997384701620874e+00 1.290130731781616675e-20 3.859594779107601322e-21
4.201662384701192465e+00 1.972112029225171386e-20 4.108438726377107511e-21
4.202327384700764057e+00 4.098416973593375050e-20 4.109057716219083526e-21
4.202992384700335649e+00 2.868841114706619666e-20 3.934599223063028865e-21
4.203657384699907240e+00 1.435635549803592324e-20 4.044600520009760893e-21
4.204322384699478832e+00 -1.569496635755763463e-20 4.055778223601143982e-21
4.204987384699050423e+00 3.587022684251993473e-20 3.905808040385293174e-21
4.205652384698622015e+00 4.093874624637161682e-20 3.690352751403893317e-21
4.206317384698193607e+00 3.239975018832147513e-21 4.157817854342796000e-21
4.206982384697765198e+00 -3.174199007964243045e-21 3.890886657203544907e-21
4.207647384697336790e+00 1.687875195905130156e-20 4.205174371263146536e-21
4.208312384696908381e+00 3.726534910636527481e-20 4.116779410439491605e-21
4.208977384696479973e+00 8.354294207396080023e-22 4.174857726889789816e-21
4.209642384696051565e+00 2.023981421571508247e-20 4.249160677818687785e-21
4.210307384695623156e+00 1.661914129193504099e-20 4.191314447414013246e-21
4.210972384695194748e+00 1.686876873108510453e-20 4.059416066017591583e-21
4.211637384694766340e+00 8.707909603705219534e-22 4.320135188141659865e-21
4.212302384694337931e+00 4.658398350197069234e-21 4.253229275963102801e-21
4.212967384693909523e+00 -3.621909470514491772e-22 4.229390961594100267e-21
4.213632384693481114e+00 3.835807600195878307e-20 4.132949265913523375e-21
4.214297384693052706e+00 4.870549592364416847e-20 4.047882579795997083e-21
4.214962384692624298e+00 -6.059522063200191590e-21 4.707218788450702361e-21
4.215627384692195889e+00 -2.266715732594366433e-21 4.486349919621053976e-21
4.216292384691767481e+00 2.491080768988227609e-20 4.352860044449374585e-21
4.216957384691339072e+00 8.688894145002953438e-21 4.521130342612879614e-21
4.217622384690910664e+00 3.283819437222558046e-20 5.078009703829070032e-21
4.218287384690482256e+00 2.555640443960262551e-20 4.645317339480111300e-21
4.218952384690053847e+00 8.936109748203199043e-22 4.084654264636355355e-21
4.219617384689625439e+00 -5.411029502099984777e-21 3.995171077470804252e-21
4.220282384689197031e+00 3.396003626669156670e-20 4.168987157914076889e-21
4.220947384688768622e+00 4.948552083413755457e-20 3.882995168503995778e-21
4.221612384688340214e+00 4.188772702440118121e-20 3.982750710875027688e-21
4.222277384687911805e+00 4.204877276595772783e-20 4.429547839947969641e-21
4.222942384687483397e+00 4.723267294013038094e-20 4.409064177672444780e-21
4.223607384687054989e+00 1.835272649548191743e-20 4.226511883028886054e-21
4.224272384686626580e+00 2.485947751765465450e-20 4.245936798145755132e-21
4.224937384686198172e+00 3.513688175102236226e-21 4.172539702004529597e-21
4.225602384685769763e+00 2.464700606009140345e-20 3.824750307010503322e-21
4.226267384685341355e+00 2.099838481318461131e-20 4.148013722443431676e-21
4.226932384684912947e+00 1.974011231601481017e-20 4.240074702621432573e-21
4.227597384684484538e+00 3.506467805464579432e-20 3.894531880486393991e-21
4.228262384684056130e+00 2.401946662678316174e-20 3.787029456647647922e-21
4.228927384683627722e+00 2.099654954571888548e-20 4.085901240056504574e-21
4.229592384683199313e+00 1.647238419392740234e-20 4.175453807491865254e-21
4.230257384682770905e+00 2.009454933139748781e-20 4.109786607258711293e-21
4.230922384682342496e+00 2.790907872596337930e-20 3.815746604388007133e-21
4.231587384681914088e+00 -1.456695892113405174e-20 4.037042798970907942e-21
4.232252384681485680e+00 1.713066023918208619e-20 4.206851819975346841e-21
4.232917384681057271e+00 2.061700432424339818e-20 4.374354188334922154e-21
4.233582384680628863e+00 1.892705521467322838e-20 9.317576341008164241e-21
4.234247384680200454e+00 -1.827050914186002482e-20 7.030362702913419095e-21
4.234912384679772046e+00 2.171524690232707446e-21 4.398847213644189009e-21
4.235577384679343638e+00 1.684016833957759599e-21 4.175097745532665003e-21
4.236242384678915229e+00 3.170381855278895596e-20 6.671190177201795196e-21
4.236907384678486821e+00 4.282809304446272813e-20 4.642612619445172507e-21
4.237572384678058413e+00 2.772981028253125210e-20 4.215342585629073886e-21
4.238237384677630004e+00 2.629299023414823476e-20 4.233676723759153853e-21
4.238902384677201596e+00 1.612770814151492039e-20 4.474758346036330018e-21
4.239567384676773187e+00 3.072199358931331836e-20 4.363171681479117727e-21
4.240232384676344779e+00 2.503618178620529845e-20 4.951632307046845041e-21
4.240897384675916371e+00 3.223516018045628290e-20 4.962229193774048177e-21
4.241562384675487962e+00 1.145404414721373735e-20 4.022262431907706979e-21
4.242227384675059554e+00 3.568696263369548470e-20 4.145949735328784769e-21
4.242892384674631145e+00 5.844301414627705801e-21 4.246896995364514677e-21
4.243557384674202737e+00 -1.461499377035422686e-20 4.369549102458192322e-21
4.244222384673774329e+00 2.721303636730660928e-20 4.462901615274084476e-21
4.244887384673345920e+00 5.461447779307910641e-20 4.442935781313645281e-21
4.245552384672917512e+00 5.266899278951247754e-20 4.683447425540707767e-21
4.246217384672489104e+00 3.115635784587716585e-20 4.697961795815429855e-21
4.246882384672060695e+00 5.562468735874432134e-21 5.180637086962392572e-21
4.247547384671632287e+00 2.124807065560721964e-20 4.798771474947044806e-21
4.248212384671203878e+00 3.358984811256508862e-20 4.623299612300961017e-21
4.248877384670775470e+00 -2.772478745918092423e-21 4.168036191570817190e-21
4.249542384670347062e+00 1.942636588449738832e-20 4.394816641539113581e-21
4.250207384669918653e+00 1.209474765568098841e-20 4.498684604265241229e-21
4.250872384669490245e+00 1.909368328234358088e-20 4.285388256867783420e-21
4.251537384669061836e+00 2.037171856780217959e-20 4.119376864395993791e-21
4.252202384668633428e+00 3.122800773977488869e-20 4.684242814639120253e-21
4.252867384668205020e+00 1.727316149230789664e-20 4.357960990430219795e-21
4.253532384667776611e+00 1.225976768016427893e-20 4.498113796565246945e-21
4.254197384667348203e+00 6.084704738292094931e-20 4.337252149041278613e-21
4.254862384666919795e+00 3.029820977924371073e-20 6.033944605348920674e-21
4.255527384666491386e+00 1.285114977175472336e-20 5.025727895519603770e-21
4.256192384666062978e+00 2.803828303110175963e-20 9.437833840245223253e-21
4.256857384665634569e+00 1.524208655186614568e-20 1.192303922746022157e-20
4.257522384665206161e+00 3.688273985625477445e-21 9.252985404547302575e-21
4.258187384664777753e+00 -4.030365593064706008e-21 5.509984095883702046e-21
4.258852384664349344e+00 1.974302233541347012e-20 4.348671262048180004e-21
4.259517384663920936e+00 -8.535169338462794043e-21 4.251840705844104450e-21
4.260182384663492527e+00 3.000906686475845860e-21 4.202456123216807876e-21
4.260847384663064119e+00 3.029708176203256359e-20 4.274068374179604825e-21
4.261512384662635711e+00 4.000026448793009922e-21 4.405205255485079873e-21
4.262177384662207302e+00 1.541534724529686817e-20 4.597795143611648513e-21
4.262842384661778894e+00 3.528221605686234481e-20 4.943106021362922485e-21
4.263507384661350486e+00 3.239644364634120210e-20 4.403385552179767163e-21
4.264172384660922077e+00 1.377758945810078830e-20 4.439429055487934309e-21
4.264837384660493669e+00 1.291581043927243450e-20 4.657023814395978086e-21
4.265502384660065260e+00 5.450100293965647158e-21 4.542299243331407735e-21
4.266167384659636852e+00 -1.404848353608526384e-22 5.019118991988618804e-21
4.266832384659208444e+00 1.793901387780156350e-20 5.318302380837013626e-21
4.267497384658780035e+00 1.873252868932236181e-20 5.440077261700393248e-21
4.268162384658351627e+00 -4.959466910411215384e-22 4.997014749479149215e-21
4.268827384657923218e+00 1.926974427238190078e-20 4.163737397522185369e-21
4.269492384657494810e+00 3.918862218261809962e-20 6.249266586120545454e-21
4.270157384657066402e+00 5.322227477987979612e-20 8.088865503335104729e-21
4.270822384656637993e+00 4.343664319865470279e-20 6.931663807402409586e-21
4.271487384656209585e+00 3.854284749905965922e-20 6.096106681675363076e-21
4.272152384655781177e+00 -1.110105313606590808e-20 4.656780056722067020e-21
4.272817384655352768e+00 4.290304753314967986e-20 4.564361980529420637e-21
4.273482384654924360e+00 2.658251885180727255e-20 4.636268450631685125e-21
4.274147384654495951e+00 1.554364915785836052e-20 4.612846714130514829e-21
4.274812384654067543e+00 2.979365151325658772e-20 4.848882812873382880e-21
4.275477384653639135e+00 2.248346554006030171e-20 4.615607049719457469e-21
4.276142384653210726e+00 2.537257100726202075e-20 4.470035905315412700e-21
4.276807384652782318e+00 3.603763309506559841e-20 4.496598115902782175e-21
4.277472384652353909e+00 2.072421874980182595e-20 4.157492359538365919e-21
4.278137384651925501e+00 2.313377310979273069e-20 4.261980720190580761e-21
4.278802384651497093e+00 1.269100861923536894e-20 4.590358890203671526e-21
4.279467384651068684e+00 2.176163422274955763e-21 4.591013854240289570e-21
4.280132384650640276e+00 1.137068825293990314e-20 4.944983026534150999e-21
4.280797384650211868e+00 2.772911425816686179e-20 4.565563936751679983e-21
4.281462384649783459e+00 3.308002926394960855e-20 4.751956436085900347e-21
4.282127384649355051e+00 7.677869876479939518e-20 4.987956202264303803e-21
4.282792384648926642e+00 5.155877975505354549e-20 4.642099473219414432e-21
4.283457384648498234e+00 1.673011351989398052e-20 4.584445341400406695e-21
4.284122384648069826e+00 1.173586886712189826e-20 6.057735892361466510e-21
4.284787384647641417e+00 2.779018482114682427e-20 4.479881241039666867e-21
4.285452384647213009e+00 -3.245317639626378898e-21 6.491365766577833755e-21
4.286117384646784600e+00 2.346490421054852688e-20 4.779530915696503457e-21
4.286782384646356192e+00 4.007997094121977067e-20 5.434677249577646431e-21
4.287447384645927784e+00 2.084629591839516098e-20 4.587856837185317742e-21
4.288112384645499375e+00 -5.127638875979393479e-21 4.662315009001921408e-21
4.288777384645070967e+00 3.380765989290656124e-20 4.572762181152511297e-21
4.289442384644642559e+00 4.912127995543745350e-20 4.637231936747918890e-21
4.290107384644214150e+00 1.308119007905065246e-20 5.489161671007947644e-21
4.290772384643785742e+00 1.803106560943345043e-20 4.423237584126857493e-21
4.291437384643357333e+00 -1.112672079120154721e-20 4.046231571210016995e-21
4.292102384642928925e+00 3.495497034299622687e-20 4.097250850891876357e-21
4.292767384642500517e+00 3.344741730109525661e-20 4.106064505937682116e-21
4.293432384642072108e+00 3.775657128191142099e-21 4.932952494305921752e-21
4.294097384641643700e+00 2.948345864503507942e-21 4.737229785105836676e-21
4.294762384641215291e+00 -1.337005654015525786e-20 4.506908826460409995e-21
4.295427384640786883e+00 -8.071004216480654758e-21 4.495406510163602201e-21
4.296092384640358475e+00 3.591725488634571267e-20 4.309102132232918656e-21
4.296757384639930066e+00 4.579735001388787710e-20 4.421162000497286223e-21
4.297422384639501658e+00 3.201755198114347512e-20 4.756460657264963436e-21
4.298087384639073250e+00 2.036223873229527009e-20 4.570629524149438590e-21
4.298752384638644841e+00 2.653535144550190237e-20 4.683681539384129520e-21
4.299417384638216433e+00 2.685116071487323268e-20 4.808954303655368344e-21
4.300082384637788024e+00 -8.029665205000590080e-21 4.098186624867160782e-21
4.300747384637359616e+00 -1.333484906579033291e-20 5.173842468809922953e-21
4.301412384636931208e+00 3.830439581924195609e-20 5.179191032558084777e-21
4.302077384636502799e+00 7.279563928499796850e-20 2.396817741204899999e-20
4.302742384636074391e+00 4.120319099345741464e-20 7.415945895364275979e-21
4.303407384635645982e+00 2.850438747888450681e-20 7.370990055805056157e-21
4.304072384635217574e+00 2.709627975172225584e-20 4.801319794547399585e-21
4.304737384634789166e+00 4.213550334624945859e-20 4.637130800697111732e-21
4.305402384634360757e+00 2.030230087997386542e-21 4.223740478620698216e-21
4.306067384633932349e+00 2.826560573018114729e-20 3.978705246213005090e-21
4.306732384633503941e+00 1.032586051545618566e-20 4.348743234501628449e-21
4.307397384633075532e+00 1.757267858259166265e-20 4.421505017663974591e-21
4.308062384632647124e+00 7.530505780700950766e-21 4.171015351465326943e-21
4.308727384632218715e+00 -1.746013792153770475e-21 4.674901783940529620e-21
4.309392384631790307e+00 1.995034515392072932e-20 4.454832699002115964e-21
4.310057384631361899e+00 -7.101939923384813021e-21 4.564437593070478840e-21
4.310722384630933490e+00 -2.703356396907966608e-20 4.048270539610954549e-21
4.311387384630505082e+00 1.384515158585393227e-20 4.263505030691125511e-21
4.312052384630076673e+00 4.498437855566561946e-20 4.239745765485858768e-21
4.312717384629648265e+00 5.042808917539419742e-20 4.321064727230415206e-21
4.313382384629219857e+00 4.424329673758010650e-20 4.403717629583668325e-21
4.314047384628791448e+00 4.310614793283292854e-20 4.432302767988089360e-21
4.314712384628363040e+00 3.081025732143061280e-20 4.515509367477720798e-21
4.315377384627934632e+00 2.863543574026638219e-20 4.384497910479851122e-21
4.316042384627506223e+00 1.913738669536494484e-20 5.318231312391896190e-21
4.316707384627077815e+00 8.757568283340178708e-21 4.325878377508910649e-21
4.317372384626649406e+00 5.493236550999432898e-21 4.156463301108667200e-21
4.318037384626220998e+00 3.170079980412297820e-20 4.394859609346613207e-21
4.318702384625792590e+00 4.319152101462567946e-20 4.414477219973565001e-21
4.319367384625364181e+00 3.800034182309376995e-20 4.441292525407230834e-21
4.320032384624935773e+00 4.134830200956296699e-20 4.066885350521957021e-21
4.320697384624507364e+00 3.300897074497201431e-20 4.677200346713432113e-21
4.321362384624078956e+00 1.629787679079996040e-20 4.590509333128102948e-21
4.322027384623650548e+00 8.154654875856023443e-21 4.145261235944809949e-21
4.322692384623222139e+00 5.025142381210546940e-21 4.413454411452036547e-21
4.323357384622793731e+00 9.717153220612594905e-21 4.358307643130360907e-21
4.324022384622365323e+00 3.221981185562194712e-20 4.116146512754184256e-21
4.324687384621936914e+00 -6.598021479419016608e-21 4.452459684562769625e-21
4.325352384621508506e+00 8.859369579601923516e-22 4.476664043574123892e-21
4.326017384621080097e+00 7.958551289837581827e-21 4.259356375822378442e-21
4.326682384620651689e+00 -2.328922290175745529e-21 4.915924931101348412e-21
4.327347384620223281e+00 -1.483666187118495996e-20 4.436769265562039550e-21
4.328012384619794872e+00 9.855631482240641427e-22 4.130909318752771007e-21
4.328677384619366464e+00 3.163809923538150708e-20 4.385101510992229907e-21
4.329342384618938055e+00 -1.218538393675969880e-21 4.952785316707539093e-21
4.330007384618509647e+00 2.137532900462663591e-20 4.309570021139273466e-21
4.330672384618081239e+00 -1.065983058147922153e-21 4.197575861086016383e-21
4.331337384617652830e+00 5.983772748821564497e-21 4.622076909745161113e-21
4.332002384617224422e+00 6.544338503532578571e-22 4.393183793528993728e-21
4.332667384616796014e+00 3.770363687070413902e-20 4.291543865656602501e-21
4.333332384616367605e+00 3.663774032239168426e-20 4.358965983513344082e-21
4.333997384615939197e+00 5.364335874790972653e-21 4.485675114245909636e-21
4.334662384615510788e+00 1.641931982807936515e-20 4.244914443863318026e-21
4.335327384615082380e+00 1.231119709368356629e-20 4.443123093932954789e-21
4.335992384614653972e+00 8.682363613229115736e-21 4.146759726278032889e-21
4.336657384614225563e+00 2.333587916699370301e-20 4.068594974382674828e-21
4.337322384613797155e+00 2.336571507301550277e-20 4.077375834722205792e-21
4.337987384613368746e+00 3.548311418752180318e-20 4.368968840251755312e-21
4.338652384612940338e+00 9.507530675805528953e-21 4.185975001717186808e-21
4.339317384612511930e+00 2.211343415969271586e-20 4.551555491377800727e-21
4.339982384612083521e+00 1.183349286490399987e-20 4.182851503690463171e-21
4.340647384611655113e+00 3.302279098488777705e-20 4.299555564070703756e-21
4.341312384611226705e+00 -7.226943277981237153e-21 5.456543876616908072e-21
4.341977384610798296e+00 1.647958044302128976e-21 5.203228156018705151e-21
4.342642384610369888e+00 1.371471738789516589e-20 4.212140422481512002e-21
4.343307384609941479e+00 2.985159090209607304e-20 4.196159700421434207e-21
4.343972384609513071e+00 2.183648642707067812e-20 5.331353162333030218e-21
4.344637384609084663e+00 4.334963766044955539e-20 9.052937587853219711e-21
4.345302384608656254e+00 5.592631213185974306e-20 8.480227602681901647e-21
4.345967384608227846e+00 8.022099096278571447e-20 8.728171205344884329e-21
4.346632384607799438e+00 5.941399256306503397e-20 4.765524674407224654e-21
4.347297384607371029e+00 3.563952688750105481e-20 5.517549442345266632e-21
4.347962384606942621e+00 2.871565509549809513e-20 4.662336053306494968e-21
4.348627384606514212e+00 4.516932331180070516e-21 4.612216912778254220e-21
4.349292384606085804e+00 6.368489002874612113e-21 4.173584721398763577e-21
4.349957384605657396e+00 -2.526990038658176627e-20 4.146212294328271470e-21
4.350622384605228987e+00 -2.100446383625475397e-20 4.701378631273017454e-21
4.351287384604800579e+00 5.916703203210705580e-21 4.427541553425128062e-21
4.351952384604372170e+00 1.836782713705369780e-20 4.408881430719226601e-21
4.352617384603943762e+00 1.634130222865799369e-20 4.039004675216681785e-21
4.353282384603515354e+00 3.029715371271371030e-20 4.396884474901058328e-21
4.353947384603086945e+00 2.321308454822188084e-21 4.218300195022899905e-21
4.354612384602658537e+00 7.776299022651011398e-21 4.412685885509263448e-21
4.355277384602230129e+00 2.785196758547359706e-20 5.745229220086904949e-21
4.355942384601801720e+00 1.418001214262104026e-20 4.595205947068968340e-21
4.356607384601373312e+00 1.755307246057025063e-20 4.915542981980357169e-21
4.357272384600944903e+00 3.890176692676042055e-20 5.102065106361332778e-21
4.357937384600516495e+00 2.761552515460088543e-20 4.748383722518050220e-21
4.358602384600088087e+00 1.119065116980321970e-20 4.904472685158978721e-21
4.359267384599659678e+00 2.518415105964224301e-20 4.813083999502012423e-21
4.359932384599231270e+00 4.017205743821804661e-20 4.470807938210539934e-21
4.360597384598802861e+00 4.374803106472653249e-20 4.238193144663250136e-21
4.361262384598374453e+00 2.749407423802783263e-20 4.184837130682848664e-21
4.361927384597946045e+00 -1.188603518630604813e-21 4.453856107232603573e-21
4.362592384597517636e+00 1.058240524824126063e-20 4.780134068141799779e-21
4.363257384597089228e+00 -3.351853708702349683e-21 4.552093767933240337e-21
4.363922384596660820e+00 1.440645759966776712e-20 4.425623751096621066e-21
4.364587384596232411e+00 3.265971351297814974e-20 4.195599897152789838e-21
4.365252384595804003e+00 5.071537318174129683e-20 4.411627263480962674e-21
4.365917384595375594e+00 1.244776457004731834e-20 3.918030126926407356e-21
4.366582384594947186e+00 1.024100618133462175e-20 4.124596615635304647e-21
4.367247384594518778e+00 4.971418261730653134e-20 4.169569378891352504e-21
4.367912384594090369e+00 2.125758096512584456e-20 4.522006737389889335e-21
4.368577384593661961e+00 1.503484803153734144e-20 4.234395457519091594e-21
4.369242384593233552e+00 9.163976192208598216e-21 6.668771439143637992e-21
4.369907384592805144e+00 1.885485132820139250e-20 5.897213325262087679e-21
4.370572384592376736e+00 4.591928926162620957e-20 6.667797167374369937e-21
4.371237384591948327e+00 2.552630145451600484e-20 4.521144004041068446e-21
4.371902384591519919e+00 3.399107424199313098e-20 5.770218389846999119e-21
4.372567384591091511e+00 3.815769583319623273e-20 5.517223276174266008e-21
4.373232384590663102e+00 5.667662195829743700e-20 4.151742526062192507e-21
4.373897384590234694e+00 1.516131169522341711e-20 4.961446321240282808e-21
4.374562384589806285e+00 2.634364430718533237e-20 5.564546791223142195e-21
4.375227384589377877e+00 3.587314472052434263e-20 4.204496374025417708e-21
4.375892384588949469e+00 -1.389217542409353709e-20 4.398763093088150786e-21
4.376557384588521060e+00 -4.413746091750109155e-21 4.452465972857066394e-21
4.377222384588092652e+00 1.370372197810171994e-20 4.762884827855491486e-21
4.377887384587664243e+00 4.708300917919366478e-20 4.317614444101775700e-21
4.378552384587235835e+00 5.810841950433250331e-20 4.256046668869266039e-21
4.379217384586807427e+00 2.801616913446134284e-20 5.557638321182188512e-21
4.379882384586379018e+00 3.416448608079993424e-20 4.938717296591134015e-21
4.380547384585950610e+00 2.696380539404277981e-20 4.826777318848137010e-21
4.381212384585522202e+00 6.417331451263801950e-21 4.388865121598534420e-21
4.381877384585093793e+00 8.117962408843745764e-21 4.813650117028880073e-21
4.382542384584665385e+00 5.293617398825806162e-21 4.860140727663814663e-21
4.383207384584236976e+00 2.201711070055545161e-20 4.695949170631529588e-21
4.383872384583808568e+00 4.059579477991124638e-20 4.365050068996075361e-21
4.384537384583380160e+00 4.397484512830519797e-21 4.181140565602226429e-21
4.385202384582951751e+00 2.168093854119087162e-21 4.319568229515880255e-21
4.385867384582523343e+00 1.459793115664223136e-20 4.475369563926993121e-21
4.386532384582094934e+00 1.832754328203806779e-20 5.111752878084162700e-21
4.387197384581666526e+00 2.639334258778636577e-20 5.128463736285574101e-21
4.387862384581238118e+00 4.149126605749098949e-20 5.314450725916419079e-21
4.388527384580809709e+00 4.825640689424147455e-20 5.796328899156550222e-21
4.389192384580381301e+00 2.935080168891888097e-20 4.085777244591126436e-21
4.389857384579952893e+00 2.581995957087097304e-20 5.286195174362680723e-21
4.390522384579524484e+00 2.553419577519296261e-20 4.692101022269184475e-21
4.391187384579096076e+00 2.401270454046586873e-20 7.619668447311442075e-21
4.391852384578667667e+00 1.190164549144954778e-21 4.619412856872490505e-21
4.392517384578239259e+00 1.401827601008520186e-20 4.191927638074579868e-21
4.393182384577810851e+00 1.912021849670589357e-20 4.835900892726052335e-21
4.393847384577382442e+00 5.101498944089259648e-20 4.426081310112539064e-21
4.394512384576954034e+00 5.758422712864890127e-20 4.275830546899657898e-21
4.395177384576525625e+00 8.362395226607904275e-21 4.530250374726825230e-21
4.395842384576097217e+00 -9.224446275476332937e-21 5.063954193842579259e-21
4.396507384575668809e+00 7.167685748211690113e-21 4.695772943071512936e-21
4.397172384575240400e+00 5.444550222752053089e-20 5.048497393478688554e-21
4.397837384574811992e+00 2.228068378798861036e-20 5.062510040556211361e-21
4.398502384574383584e+00 8.175717349156933518e-21 4.337524635742293454e-21
4.399167384573955175e+00 1.262708252505348603e-20 4.668090014022802801e-21
4.399832384573526767e+00 1.165002691127159638e-20 4.330213221936542880e-21
4.400497384573098358e+00 1.297976754471144014e-20 4.480909337822887289e-21
4.401162384572669950e+00 2.239102055897439668e-20 4.303110510435406725e-21
4.401827384572241542e+00 2.973371692368986377e-20 4.210815466638330245e-21
4.402492384571813133e+00 3.059749268155937562e-20 4.176310070929056783e-21
4.403157384571384725e+00 2.514628478297102216e-20 4.695627046650479851e-21
4.403822384570956316e+00 2.283904228102849819e-20 4.567924700683285260e-21
4.404487384570527908e+00 1.873432448858094607e-20 4.572001920449494537e-21
4.405152384570099500e+00 2.889777811826598737e-20 4.900177197518858409e-21
4.405817384569671091e+00 3.392011658626502678e-20 4.480957569972475849e-21
4.406482384569242683e+00 7.238690213211884055e-21 4.558334820737576811e-21
4.407147384568814275e+00 7.940333212987927195e-21 5.042297088815220882e-21
4.407812384568385866e+00 3.424148402297360558e-20 4.895358870636260651e-21
4.408477384567957458e+00 2.272217354769269460e-20 4.720534345086123968e-21
4.409142384567529049e+00 7.034302802134994212e-21 4.441289091805929573e-21
4.409807384567100641e+00 3.326515671922741476e-20 4.641841492245192243e-21
4.410472384566672233e+00 4.490663999335089047e-20 4.528822575467673832e-21
4.411137384566243824e+00 2.998398257853209911e-20 4.752817279992718838e-21
4.411802384565815416e+00 4.590978848798347066e-20 4.773476284012903065e-21
4.412467384565387007e+00 2.386836438304508470e-20 4.872573193453196085e-21
4.413132384564958599e+00 3.633155856844810359e-20 4.713518121278585326e-21
4.413797384564530191e+00 4.140592533506305513e-20 4.821041368597634077e-21
4.414462384564101782e+00 4.065286857301893508e-20 4.736019874905549086e-21
4.415127384563673374e+00 4.863894271858441999e-20 4.536732297113810644e-21
4.415792384563244966e+00 3.038957776434319083e-20 5.004132686158571182e-21
4.416457384562816557e+00 6.619128329802708007e-20 6.701743769033642674e-21
4.417122384562388149e+00 4.671795823773303317e-20 4.812495266276258406e-21
4.417787384561959740e+00 6.959813000271226686e-20 4.747543213316199359e-21
4.418452384561531332e+00 3.220970025859047530e-20 4.600322639264488813e-21
4.419117384561102924e+00 1.821694550964713793e-20 4.740155252590341285e-21
4.419782384560674515e+00 3.583108318191672006e-20 4.696746731306151839e-21
4.420447384560246107e+00 6.155257683763951528e-20 4.749871591324929471e-21
4.421112384559817698e+00 3.549375427585925685e-20 4.487093877266194497e-21
4.421777384559389290e+00 2.259028811818402326e-20 4.851946670111418353e-21
4.422442384558960882e+00 9.754952472483368788e-21 4.629635252132343786e-21
4.423107384558532473e+00 3.092977371915757888e-20 4.649105931781513494e-21
4.423772384558104065e+00 1.903281352562105386e-20 4.264256178665877887e-21
4.424437384557675657e+00 4.613150130127258145e-20 4.710837333515862343e-21
4.425102384557247248e+00 1.209279774166588562e-20 4.397861579776520310e-21
4.425767384556818840e+00 2.632683846959249350e-20 4.351527883418564091e-21
4.426432384556390431e+00 2.245444789581607588e-20 4.644821626852041871e-21
4.427097384555962023e+00 -1.116808755695838682e-20 4.552357253012838127e-21
4.427762384555533615e+00 2.301796057821108513e-20 4.215258648593897226e-21
4.428427384555105206e+00 2.480599546001988953e-20 4.380437262232218682e-21
4.429092384554676798e+00 1.792623768479890577e-21 4.800801442169338109e-21
4.429757384554248389e+00 1.503798987356456336e-21 4.720879524824421658e-21
4.430422384553819981e+00 -1.009887036277322338e-20 4.521325481648199008e-21
4.431087384553391573e+00 -2.276623491109973639e-21 4.590306508762925626e-21
4.431752384552963164e+00 2.090526407660938438e-20 4.449520953788067318e-21
4.432417384552534756e+00 3.757830114627961846e-20 4.654504751959991890e-21
4.433082384552106348e+00 6.941498207095035999e-20 4.743826969301456003e-21
4.433747384551677939e+00 7.022729824895992120e-20 4.469451359586042788e-21
4.434412384551249531e+00 3.909422280798043227e-20 4.632335471255023755e-21
4.435077384550821122e+00 1.968877067774834322e-21 4.884440736040607493e-21
4.435742384550392714e+00 2.116768553766324161e-20 4.721304571957956017e-21
4.436407384549964306e+00 4.848393942973669191e-20 5.011325536261243160e-21
4.437072384549535897e+00 2.102466925897576764e-20 4.683057991307624731e-21
4.437737384549107489e+00 1.149794939251721298e-20 4.496905036539333388e-21
4.438402384548679080e+00 3.085134139223106299e-20 4.583047175416667722e-21
4.439067384548250672e+00 1.368924847485946275e-20 4.520780935559285513e-21
4.439732384547822264e+00 2.760970698837550043e-20 4.511764881304991722e-21
4.440397384547393855e+00 2.753579406172771599e-20 4.599317954812030071e-21
4.441062384546965447e+00 2.204008030985901040e-20 4.486724387834779097e-21
4.441727384546537039e+00 3.305123422822871379e-20 4.386545642673571360e-21
4.442392384546108630e+00 3.464712036950045524e-20 4.539106020275492795e-21
4.443057384545680222e+00 -5.396053257470775845e-21 4.361424665833190303e-21
4.443722384545251813e+00 3.036290693814036951e-20 1.509958573117293959e-20
4.444387384544823405e+00 5.905004866143160753e-21 7.638670444936388448e-20
4.445052384544394997e+00 4.439062625730242225e-21 4.867569227565733485e-21
4.445717384543966588e+00 3.584132372865248305e-20 4.969494919617044747e-21
4.446382384543538180e+00 8.657438817114176755e-21 4.282058608023428088e-21
4.447047384543109771e+00 3.201274547186189826e-20 4.681565107496749824e-21
4.447712384542681363e+00 5.271790415404925642e-20 5.056984701672312761e-21
4.448377384542252955e+00 -1.832225225732224995e-21 4.893220850935752587e-21
4.449042384541824546e+00 -3.827463597826378965e-21 4.439206584791254933e-21
4.449707384541396138e+00 -3.522402948033715777e-20 5.168982615428085005e-21
4.450372384540967730e+00 -2.299379000964330220e-20 5.223377092155653410e-21
4.451037384540539321e+00 -2.378564719180579399e-20 5.109171005080630717e-21
4.451702384540110913e+00 1.735595958593020743e-20 4.948425044464969034e-21
4.452367384539682504e+00 1.520552082445468909e-20 4.719326696019193883e-21
4.453032384539254096e+00 -6.040812427223151015e-21 4.774584384213078457e-21
4.453697384538825688e+00 4.048338211372284616e-21 5.077213014461746207e-21
4.454362384538397279e+00 3.229567271221007188e-20 4.509132589473596106e-21
4.455027384537968871e+00 4.390326983766251074e-20 5.526415032097109210e-21
4.455692384537540462e+00 3.038098756174421426e-20 4.509137672268542063e-21
4.456357384537112054e+00 4.075113862537437790e-20 4.654106945901904198e-21
4.457022384536683646e+00 5.427825671928137110e-20 4.500853913587310747e-21
4.457687384536255237e+00 2.283477588097754589e-20 4.386698164777456392e-21
4.458352384535826829e+00 1.540811718313288478e-20 4.363046401944265118e-21
4.459017384535398421e+00 1.472134288898798907e-20 5.227912877646061916e-21
4.459682384534970012e+00 4.751529570238557171e-20 4.620757900709879180e-21
4.460347384534541604e+00 1.821758650177695602e-20 4.771621929183711037e-21
4.461012384534113195e+00 9.443983214795004127e-21 4.376307560234675716e-21
4.461677384533684787e+00 2.971135099519148556e-20 4.408473725969127664e-21
4.462342384533256379e+00 6.865928421413795005e-21 4.693082370858377200e-21
4.463007384532827970e+00 1.841873485960146863e-20 4.784159205198151504e-21
4.463672384532399562e+00 1.558877849023477445e-20 5.110595016415319970e-21
4.464337384531971153e+00 1.158750004784723428e-20 4.779155172109328202e-21
4.465002384531542745e+00 -1.564778661235491652e-20 4.853485657785092819e-21
4.465667384531114337e+00 2.754782741487698579e-20 6.496364596748673136e-21
4.466332384530685928e+00 4.887015820803559070e-20 5.284545376542464751e-21
4.466997384530257520e+00 2.424442167081706446e-20 5.243186110708640317e-21
4.467662384529829112e+00 5.823571486798241789e-20 4.693385762896283280e-21
4.468327384529400703e+00 5.628541490342048689e-20 4.992232510180203105e-21
4.468992384528972295e+00 4.821969912176693869e-20 6.298040472077909452e-21
4.469657384528543886e+00 2.396855579681216397e-20 4.441900430695036517e-21
4.470322384528115478e+00 4.519711739545457974e-20 4.662257385098431646e-21
4.470987384527687070e+00 1.607398531662583723e-20 4.958956909255383241e-21
4.471652384527258661e+00 -7.283042185044402850e-21 4.983610079823192668e-21
4.472317384526830253e+00 1.214280466009370340e-20 4.675354329505878467e-21
4.472982384526401844e+00 2.735955531175853301e-20 5.608305140570556728e-21
4.473647384525973436e+00 1.093859816418410799e-20 4.712968762279155135e-21
4.474312384525545028e+00 7.682622550733198795e-21 5.307047966025061647e-21
4.474977384525116619e+00 -5.721544075098423757e-21 6.495944708355802338e-21
4.475642384524688211e+00 -2.427850293924007196e-21 5.683331886283130526e-21
4.476307384524259803e+00 6.451608708053109368e-21 5.969492189275753877e-21
4.476972384523831394e+00 1.445434861731687523e-20 6.091111721362731851e-21
4.477637384523402986e+00 1.581715967984865704e-20 4.968100331693716842e-21
4.478302384522974577e+00 -4.776223247610419581e-21 7.467902534664749341e-21
4.478967384522546169e+00 -4.213813843376130239e-21 5.721655959408047540e-21
4.479632384522117761e+00 -8.726921198173709116e-21 4.452202170097658715e-21
4.480297384521689352e+00 -9.501474577357231923e-21 4.953492762258598763e-21
4.480962384521260944e+00 9.291564145821012307e-21 5.082922001369165295e-21
4.481627384520832535e+00 1.417463307912410128e-20 5.070544650273060958e-21
4.482292384520404127e+00 7.327079404458789685e-21 9.286069327982383329e-21
4.482957384519975719e+00 3.134444599920509634e-21 4.919888139420788159e-21
4.483622384519547310e+00 1.100588400935210889e-20 4.817239663576307783e-21
4.484287384519118902e+00 3.061686006386897724e-20 4.570571884152055931e-21
4.484952384518690494e+00 1.698624154793876530e-20 5.396480606288463488e-21
4.485617384518262085e+00 1.969604199815974535e-20 4.635058887925981206e-21
4.486282384517833677e+00 -6.875390712100282463e-21 4.523045078804614797e-21
4.486947384517405268e+00 2.132504759016968165e-20 5.306018574908077977e-21
4.487612384516976860e+00 5.127016479668508475e-20 4.813144231326539052e-21
4.488277384516548452e+00 7.283901653080012038e-21 5.316352535349119328e-21
4.488942384516120043e+00 4.561082233328254087e-20 5.517615848077414093e-21
4.489607384515691635e+00 2.822128448465475018e-20 4.399664292755047385e-21
4.490272384515263226e+00 -2.059100916690691431e-20 4.562185946637197357e-21
4.490937384514834818e+00 -4.853811904867485124e-21 4.907601408528768427e-21
4.491602384514406410e+00 1.439250784717757027e-20 4.792998915784010457e-21
4.492267384513978001e+00 3.254602964391635442e-21 5.193998095572854265e-21
4.492932384513549593e+00 2.461142606898207333e-20 5.283275993649931975e-21
4.493597384513121185e+00 2.252185645998684024e-20 5.167159392589138611e-21
4.494262384512692776e+00 3.824475850567247344e-20 6.367169674274488522e-21
4.494927384512264368e+00 4.112507221569383666e-20 5.021102752255882747e-21
4.495592384511835959e+00 2.884757947002484926e-20 5.360931383057773218e-21
4.496257384511407551e+00 5.587910032310868324e-20 4.842039448813459108e-21
4.496922384510979143e+00 7.169093843451570434e-20 4.646708979086600840e-21
4.497587384510550734e+00 4.380700163243443957e-20 4.855964842797312674e-21
4.498252384510122326e+00 2.416627352283509521e-20 5.368057932938852316e-21
4.498917384509693917e+00 -1.743861886128139759e-20 4.945144800037228642e-21
4.499582384509265509e+00 -5.691510441765247439e-21 4.719700056855962855e-21
4.500247384508837101e+00 1.853455207147419121e-20 4.514215279709718853e-21
4.500912384508408692e+00 9.358259921015102639e-21 4.746585109370422947e-21
4.501577384507980284e+00 2.976016903244725518e-20 4.992486089516876616e-21
4.502242384507551876e+00 4.211176770489533746e-20 5.331035443085372018e-21
4.502907384507123467e+00 2.268858725632736296e-20 5.516639654084015113e-21
4.503572384506695059e+00 2.691139419173151220e-20 5.409826818199805565e-21
4.504237384506266650e+00 4.139415027252021908e-20 4.896202134238525595e-21
4.504902384505838242e+00 2.952074863513906643e-20 4.590820500813693831e-21
4.505567384505409834e+00 2.281575009962696098e-21 4.592746942704506479e-21
4.506232384504981425e+00 -1.942286585029303140e-20 4.625321598675826610e-21
4.506897384504553017e+00 2.172511844284459995e-20 4.795106508183900227e-21
4.507562384504124608e+00 5.530739753563819410e-20 4.366757581100190161e-21
4.508227384503696200e+00 3.176604428145229338e-20 4.647068640113534520e-21
4.508892384503267792e+00 1.063077949884111072e-20 4.860847635669585439e-21
4.509557384502839383e+00 4.954420696497251816e-21 5.139819313042772799e-21
4.510222384502410975e+00 3.135963422713827309e-20 5.029891150201305832e-21
4.510887384501982567e+00 3.492310895683322517e-20 5.209062210430840639e-21
4.511552384501554158e+00 2.651551907998902359e-22 4.688960016079974945e-21
4.512217384501125750e+00 1.015630358727563973e-20 4.875809081489902760e-21
4.512882384500697341e+00 1.620143908190233181e-20 4.895018590262104892e-21
4.513547384500268933e+00 2.692752396397851297e-20 4.505471884056450077e-21
4.514212384499840525e+00 2.481280248917865251e-20 4.888260969440846282e-21
4.514877384499412116e+00 4.714092416277216638e-20 4.680330818582211737e-21
4.515542384498983708e+00 7.269910085256186151e-20 5.211176247227220825e-21
4.516207384498555300e+00 4.918137362176939043e-20 4.348433217745740260e-21
4.516872384498126891e+00 2.281905375782568776e-20 4.991026113097756703e-21
4.517537384497698483e+00 1.556274535867736832e-20 4.708072132856780113e-21
4.518202384497270074e+00 1.920106776033390806e-20 4.402742829362256449e-21
4.518867384496841666e+00 1.257088366592393495e-20 4.877263579685462764e-21
4.519532384496413258e+00 3.677079475118082473e-20 5.119444733591678204e-21
4.520197384495984849e+00 -9.493698563931176686e-21 4.510907204310867929e-21
4.520862384495556441e+00 3.213982144885642135e-20 4.749002601520178995e-21
4.521527384495128032e+00 1.186332022697297738e-20 4.794029419830909605e-21
4.522192384494699624e+00 1.607399736052266363e-20 8.205773135390080628e-21
4.522857384494271216e+00 3.211248360843978907e-20 1.287588570326429585e-20
4.523522384493842807e+00 4.229892778907370227e-21 6.743745647369953263e-21
4.524187384493414399e+00 -4.679076131362972741e-21 4.747662791291276645e-21
4.524852384492985991e+00 8.667802282560266424e-21 5.149160671366185044e-21
4.525517384492557582e+00 2.688975235608748863e-20 5.038612865686083285e-21
4.526182384492129174e+00 2.332901533344809636e-20 4.604060216469343964e-21
4.526847384491700765e+00 2.235537656922348381e-20 4.731309324658136779e-21
4.527512384491272357e+00 1.272166304447806544e-20 4.805223275150847224e-21
4.528177384490843949e+00 -2.395009692222724648e-21 4.689936073172942565e-21
4.528842384490415540e+00 4.232654399956499244e-20 4.540202117836030298e-21
4.529507384489987132e+00 1.045243834773939833e-20 4.628326100797068586e-21
4.530172384489558723e+00 4.422769767807751301e-21 4.820590343024651781e-21
4.530837384489130315e+00 1.593272665626332520e-20 4.893494826027267231e-21
4.531502384488701907e+00 6.582435224266017742e-21 5.211178161111965254e-21
4.532167384488273498e+00 3.362778237693504179e-20 4.870929675338104041e-21
4.532832384487845090e+00 1.310672314906839361e-20 4.912237227539144651e-21
4.533497384487416682e+00 3.044688226126767277e-20 5.207689628416477754e-21
4.534162384486988273e+00 2.589141887580772729e-21 4.736293887058368605e-21
4.534827384486559865e+00 -1.058690040004610182e-20 4.853802872935352284e-21
4.535492384486131456e+00 1.571535648074100580e-20 4.981338625178164597e-21
4.536157384485703048e+00 3.028810387113921304e-20 5.732618951711939675e-21
4.536822384485274640e+00 2.382461995415882407e-20 5.031826994318238176e-21
4.537487384484846231e+00 1.405812951317103354e-20 5.377059931958594740e-21
4.538152384484417823e+00 6.252097264368872714e-20 5.225958457190741198e-21
4.538817384483989414e+00 3.151577980670259671e-20 5.088744326730923091e-21
4.539482384483561006e+00 5.127828037547437887e-20 4.800450062613291972e-21
4.540147384483132598e+00 1.494654380778833997e-20 4.439026823014014527e-21
4.540812384482704189e+00 -2.820772726569385272e-21 4.575206053582286421e-21
4.541477384482275781e+00 1.240501154177573091e-20 4.822878140978096383e-21
4.542142384481847373e+00 3.244768980015362168e-20 7.468098670748153189e-21
4.542807384481418964e+00 3.079950985614465323e-20 7.028152473783748112e-21
4.543472384480990556e+00 4.585690164841845812e-20 1.221947535524917065e-20
4.544137384480562147e+00 -1.499619050548644820e-20 6.439945348463345955e-21
4.544802384480133739e+00 3.106335884672750710e-20 4.923886267885102369e-21
4.545467384479705331e+00 2.265278720249221335e-20 4.395417644423160771e-21
4.546132384479276922e+00 2.949852790483654628e-20 4.570397150848747156e-21
4.546797384478848514e+00 4.716523457239290746e-20 6.088036331928390997e-21
4.547462384478420105e+00 1.741959429397179973e-20 4.874536280752255071e-21
4.548127384477991697e+00 -4.533431709362633829e-21 4.583931744202316634e-21
4.548792384477563289e+00 3.008247600756387251e-20 4.876691068447100960e-21
4.549457384477134880e+00 5.765442051558167054e-20 4.883564156094647990e-21
4.550122384476706472e+00 3.742591593996405148e-20 4.801637780192478033e-21
4.550787384476278064e+00 2.333890128296401245e-20 5.314220305009314922e-21
4.551452384475849655e+00 8.897789009858578981e-21 4.845218469344789203e-21
4.552117384475421247e+00 3.376609332987011109e-20 4.635005231506132116e-21
4.552782384474992838e+00 -1.810035598994253749e-20 4.795415065941563770e-21
4.553447384474564430e+00 6.029860769588395233e-21 4.721620349762775830e-21
4.554112384474136022e+00 3.202762000677340586e-20 4.574215621083804026e-21
4.554777384473707613e+00 5.805737348440033571e-20 4.618753959235153413e-21
4.555442384473279205e+00 6.977740689363956238e-20 4.839971755788763947e-21
4.556107384472850796e+00 4.477839150904898128e-20 4.671197767405815679e-21
4.556772384472422388e+00 4.105531658567320375e-20 5.347891596342099310e-21
4.557437384471993980e+00 9.162126681362692288e-21 4.820700772871355636e-21
4.558102384471565571e+00 -1.137821990721077319e-21 5.003919323934992278e-21
4.558767384471137163e+00 3.435014740091219345e-20 4.936696785190208346e-21
4.559432384470708755e+00 -2.542772012638672184e-21 4.755447653041260731e-21
4.560097384470280346e+00 1.599831950129815725e-22 5.244333502705796827e-21
4.560762384469851938e+00 2.126317596340051481e-20 4.862665637689621152e-21
4.561427384469423529e+00 3.747118973657985619e-20 5.237861987958238109e-21
4.562092384468995121e+00 3.482565641908904687e-20 6.043038209559439341e-21
4.562757384468566713e+00 1.068531316520575771e-21 5.143879499893225114e-21
4.563422384468138304e+00 1.520821261635013075e-20 5.445827650131901891e-21
4.564087384467709896e+00 1.803801160173151362e-20 4.817164026742862494e-21
4.564752384467281487e+00 2.184170151391755016e-20 5.462915179352617504e-21
4.565417384466853079e+00 3.708249019794241456e-20 5.307981938094220415e-21
4.566082384466424671e+00 2.140564688041635475e-20 5.295991490837639344e-21
4.566747384465996262e+00 3.205500037786288830e-20 4.835601125588508179e-21
4.567412384465567854e+00 4.409686030290568655e-20 5.507086591389348763e-21
4.568077384465139446e+00 6.908976520830726156e-20 5.802015991183246598e-21
4.568742384464711037e+00 2.387056237357385232e-20 5.613663545413229412e-21
4.569407384464282629e+00 1.079155125426330201e-20 4.963254162921707067e-21
4.570072384463854220e+00 1.482516538088289690e-20 4.927521523830332916e-21
4.570737384463425812e+00 2.479606835301564978e-20 5.031561025976388562e-21
4.571402384462997404e+00 3.987578184082822141e-20 5.078154464298218423e-21
4.572067384462568995e+00 5.939175537179592617e-21 4.673790482619138385e-21
4.572732384462140587e+00 5.112061493202649400e-21 4.908713497937008060e-21
4.573397384461712178e+00 -8.495976770807455779e-21 4.927277556462287447e-21
4.574062384461283770e+00 -3.200120398307720493e-21 4.844818376952444606e-21
4.574727384460855362e+00 4.375833756797260072e-21 5.108156073968586718e-21
4.575392384460426953e+00 -3.189036297438620878e-22 5.387373918014837401e-21
4.576057384459998545e+00 -1.126798472548493077e-21 4.820402735295540010e-21
4.576722384459570137e+00 3.771221761566175394e-20 5.496010766575133645e-21
4.577387384459141728e+00 2.501052311668835068e-20 5.552391103007716213e-21
4.578052384458713320e+00 2.820013013933195579e-20 4.946795872299564681e-21
4.578717384458284911e+00 2.626606922104175917e-20 5.092433128418959011e-21
4.579382384457856503e+00 3.180280985061534590e-20 5.171920921538188921e-21
4.580047384457428095e+00 3.321297052713647387e-20 6.330661398634693503e-21
4.580712384456999686e+00 1.183970183102626882e-20 4.934210186793005442e-21
4.581377384456571278e+00 6.097933650271071131e-21 4.917526375277240149e-21
4.582042384456142869e+00 -1.536843059710175521e-20 4.833868753258459387e-21
4.582707384455714461e+00 6.272991928316456700e-20 5.304691857382930127e-21
4.583372384455286053e+00 5.147644148821908915e-20 5.953334507997339650e-21
4.584037384454857644e+00 3.641546748423293744e-20 5.076095375374350408e-21
4.584702384454429236e+00 2.590876802472251627e-20 4.733882573982071772e-21
4.585367384454000828e+00 -5.680965977107933715e-21 5.201964971314038660e-21
4.586032384453572419e+00 -1.582224604331989858e-20 4.528781527707171480e-21
4.586697384453144011e+00 1.865923006908074498e-20 5.234733239998816598e-21
4.587362384452715602e+00 3.835257827657560022e-20 4.993384785252423925e-21
4.588027384452287194e+00 3.746581941107343263e-20 5.260884644224675043e-21
4.588692384451858786e+00 4.199830242261269391e-20 4.970607439607100904e-21
4.589357384451430377e+00 3.923318664706342500e-20 4.996752464690585814e-21
4.590022384451001969e+00 -2.415809783517248713e-20 4.525937283620450671e-21
4.590687384450573560e+00 1.282870141746404922e-21 5.740378741743879393e-21
4.591352384450145152e+00 -2.879658629205728573e-20 5.330925050545860126e-21
4.592017384449716744e+00 4.266318186434579371e-21 5.166613604539574847e-21
4.592682384449288335e+00 5.468325962494872186e-20 5.104679328080861079e-21
4.593347384448859927e+00 4.841770264388460210e-20 4.999126896013384031e-21
4.594012384448431519e+00 3.717422756633644834e-20 5.015349024273831927e-21
4.594677384448003110e+00 1.711887875867911760e-20 4.802297737192038511e-21
4.595342384447574702e+00 1.291191989327183191e-20 5.095400298539874212e-21
4.596007384447146293e+00 -1.078532910460912914e-20 5.268275367205407107e-21
4.596672384446717885e+00 8.504662759507624729e-21 4.812624309855029640e-21
4.597337384446289477e+00 2.977073217584955827e-20 5.045833180039157575e-21
4.598002384445861068e+00 2.632870982682251869e-20 5.172976016605999195e-21
4.598667384445432660e+00 3.472432911263523223e-20 6.322737957937761171e-21
4.599332384445004251e+00 4.215780388193715599e-20 7.754490461385181216e-21
4.599997384444575843e+00 5.578572957490334484e-20 8.191640788807231764e-21
4.600662384444147435e+00 3.803491394218096672e-20 4.713326046248768310e-21
4.601327384443719026e+00 3.466257619012254534e-20 4.636694895694907914e-21
4.601992384443290618e+00 3.679891315532366361e-20 4.901494033563689375e-21
4.602657384442862210e+00 1.910638771514965648e-20 5.380496206786016513e-21
4.603322384442433801e+00 3.803363928282593298e-20 5.031458843600693265e-21
4.603987384442005393e+00 1.911942454421579362e-20 4.913859264291263190e-21
4.604652384441576984e+00 -1.828945421194706412e-20 4.576882593134621878e-21
4.605317384441148576e+00 -3.994246372163726677e-20 4.665283857858201104e-21
4.605982384440720168e+00 -1.229796393763267445e-20 4.841223874057336219e-21
4.606647384440291759e+00 7.330574779406835693e-20 5.697285640819499192e-21
4.607312384439863351e+00 8.149799036897627013e-20 5.415499736591772803e-21
4.607977384439434942e+00 2.055788905486296696e-20 5.361822878790089818e-21
4.608642384439006534e+00 -2.318814369167302555e-20 5.057550655805007487e-21
4.609307384438578126e+00 -1.893836633377194531e-20 5.197263023294485877e-21
4.609972384438149717e+00 2.989657561889295542e-20 4.907476085250461585e-21
4.610637384437721309e+00 1.648871486283239617e-20 5.556404630376366554e-21
4.611302384437292901e+00 -1.610039593813257873e-20 7.130738340453740061e-21
4.611967384436864492e+00 -8.113162007233141641e-21 4.926178962196668857e-21
4.612632384436436084e+00 2.466770545766973742e-20 4.854976031793220132e-21
4.613297384436007675e+00 -1.161868980498336852e-20 5.008812879450755374e-21
4.613962384435579267e+00 -1.034963989133553222e-20 5.272052143782233980e-21
4.614627384435150859e+00 6.639772146896833488e-21 5.175078829565974108e-21
4.615292384434722450e+00 3.516507920349271545e-20 5.435849031315024939e-21
4.615957384434294042e+00 3.623030746639981246e-20 5.063092911083430806e-21
4.616622384433865633e+00 1.944375783732607125e-20 5.163476986879679700e-21
4.617287384433437225e+00 1.670689729258928460e-20 4.911456731237137127e-21
4.617952384433008817e+00 2.376967509355507422e-20 4.823976735812496252e-21
4.618617384432580408e+00 -1.715266223614321872e-20 5.117282044509909000e-21
4.619282384432152000e+00 1.061487176939764999e-20 4.724864133714634218e-21
4.619947384431723592e+00 4.242927488019990180e-20 4.701672943776453698e-21
4.620612384431295183e+00 3.573134301634612631e-20 5.186769769152450087e-21
4.621277384430866775e+00 3.594298150376569469e-20 4.647930046489387195e-21
4.621942384430438366e+00 3.753920775878922109e-20 5.030402581902617215e-21
4.622607384430009958e+00 1.714695443189603934e-22 4.767769958393195504e-21
4.623272384429581550e+00 1.437854880682586648e-20 5.442849676761568579e-21
4.623937384429153141e+00 2.130427095394653012e-20 5.001319218485661040e-21
4.624602384428724733e+00 2.383970668819705818e-21 4.894515075704169492e-21
4.625267384428296324e+00 2.687933310089516193e-20 5.355118152976514582e-21
4.625932384427867916e+00 -6.913714383311979966e-22 4.727374734605730700e-21
4.626597384427439508e+00 1.257503322839571613e-20 5.213695876368995937e-21
4.627262384427011099e+00 4.551766491005343467e-20 5.043347688129229739e-21
4.627927384426582691e+00 1.350264843109932162e-20 4.971233652998460056e-21
4.628592384426154283e+00 4.646353110130589217e-20 5.217577600613970309e-21
4.629257384425725874e+00 5.534796196061453711e-20 5.046510735026926379e-21
4.629922384425297466e+00 2.041965490041878688e-20 1.190341840864104126e-20
4.630587384424869057e+00 1.006263737158531197e-20 5.928991480438039884e-21
4.631252384424440649e+00 9.263321325466263638e-21 4.724993426911624488e-21
4.631917384424012241e+00 3.375876119103400353e-20 5.188796940039461718e-21
4.632582384423583832e+00 1.716734869034053674e-20 4.923024833596938097e-21
4.633247384423155424e+00 1.569652959906801298e-20 4.858692202052830951e-21
4.633912384422727015e+00 -3.149745061460651907e-21 5.007446291192254737e-21
4.634577384422298607e+00 3.504488728854969061e-21 5.642393923801907624e-21
4.635242384421870199e+00 -5.085110993144061539e-21 5.044116325908844578e-21
4.635907384421441790e+00 2.953034956308976015e-20 5.814584925084548793e-21
4.636572384421013382e+00 1.870477426380762751e-20 5.652566009785037078e-21
4.637237384420584974e+00 1.036395725831898345e-20 5.838633850832999958e-21
4.637902384420156565e+00 2.170177596659953252e-20 6.346691829970464805e-21
4.638567384419728157e+00 1.689370856156345398e-20 5.003060538394058854e-21
4.639232384419299748e+00 -1.334622388138815345e-20 5.133783891708121552e-21
4.639897384418871340e+00 4.430036020556001614e-20 5.838684257252968141e-21
4.640562384418442932e+00 2.467920036658520114e-20 5.005582751807377970e-21
4.641227384418014523e+00 3.155923853435339416e-20 5.114114257100628959e-21
4.641892384417586115e+00 6.915057468872966395e-20 5.697778144717568557e-21
4.642557384417157706e+00 -3.086952585445324989e-20 5.777213747782749812e-21
4.643222384416729298e+00 3.625040037450477361e-20 8.491745262122375293e-21
4.643887384416300890e+00 1.352188137773534229e-20 1.231398109496455104e-20
4.644552384415872481e+00 3.356715408963773438e-20 5.650731355746879425e-21
4.645217384415444073e+00 3.376399509431800699e-20 5.273719343409686446e-21
4.645882384415015665e+00 7.323254875473209550e-21 5.048321468931006338e-21
4.646547384414587256e+00 -1.026407508710408747e-20 4.852133430025301606e-21
4.647212384414158848e+00 4.798999311922255494e-21 5.282218613122834331e-21
4.647877384413730439e+00 5.472486787662719409e-21 4.709471922737282354e-21
4.648542384413302031e+00 1.908931020555949803e-20 5.139410580246069869e-21
4.649207384412873623e+00 -1.777610667429770144e-21 5.221576427764488048e-21
4.649872384412445214e+00 4.135640859287443645e-21 5.925415995689266935e-21
4.650537384412016806e+00 1.782191309143883140e-20 4.909123775676071904e-21
4.651202384411588397e+00 1.125874874665248485e-20 4.887723982128490202e-21
4.651867384411159989e+00 1.054517462876732825e-20 5.198320460624868767e-21
4.652532384410731581e+00 2.560332581096204731e-20 5.415052491963427498e-21
4.653197384410303172e+00 1.539587966518704090e-20 5.592969941979482697e-21
4.653862384409874764e+00 5.230817461168825553e-20 4.901520065582303734e-21
4.654527384409446356e+00 5.830169997156239572e-21 5.616079124179294277e-21
4.655192384409017947e+00 -2.160815209988778745e-21 4.799471969140711086e-21
4.655857384408589539e+00 -1.634232985456975265e-20 5.198554631231417868e-21
4.656522384408161130e+00 2.612839263941356417e-20 5.892536185467508767e-21
4.657187384407732722e+00 3.963894428782094034e-20 5.471098124309021373e-21
4.657852384407304314e+00 3.148048144006089372e-20 4.821476602002119647e-21
4.658517384406875905e+00 3.235533075866084758e-21 4.897701902717872742e-21
4.659182384406447497e+00 -1.958734070443932335e-20 5.002723368044910926e-21
4.659847384406019088e+00 2.077490374523296005e-21 5.134076792471088929e-21
4.660512384405590680e+00 8.322689213711359676e-21 5.388631274815463678e-21
4.661177384405162272e+00 1.394339242302021029e-20 5.016006884350641876e-21
4.661842384404733863e+00 9.717811467378474473e-21 5.597997619118769623e-21
4.662507384404305455e+00 2.103147883680936650e-20 5.233314979256089927e-21
4.663172384403877047e+00 4.813760424597877232e-21 5.071469038243011465e-21
4.663837384403448638e+00 2.218797391275043006e-20 5.277423420406602698e-21
4.664502384403020230e+00 -5.896316862485233997e-21 6.611233027076125686e-21
4.665167384402591821e+00 3.796552193348678999e-21 6.655739975244705892e-21
4.665832384402163413e+00 2.752880774592582805e-20 6.085065020214273232e-21
4.666497384401735005e+00 2.352154900555402072e-20 5.350506534070675733e-21
4.667162384401306596e+00 3.995703624197999834e-20 5.282095011600391236e-21
4.667827384400878188e+00 2.060444612864250966e-20 5.009181036464369902e-21
4.668492384400449779e+00 2.539058719544196862e-20 5.152255539506182192e-21
4.669157384400021371e+00 -1.976037007555615534e-21 4.957951057543408509e-21
4.669822384399592963e+00 2.784383759625740497e-20 5.451377077824956284e-21
4.670487384399164554e+00 2.738558985172053936e-20 8.362635643488148581e-21
4.671152384398736146e+00 -9.644046119241464759e-21 7.241707371762653056e-21
4.671817384398307738e+00 2.833455213298318343e-22 4.957885749201615167e-21
4.672482384397879329e+00 -1.572271670255832228e-20 4.920120326956799807e-21
4.673147384397450921e+00 1.344029261125932048e-20 4.789523889953551328e-21
4.673812384397022512e+00 2.716560314679059923e-20 4.900097458468836060e-21
4.674477384396594104e+00 4.030257745906912172e-20 5.384282444120253610e-21
4.675142384396165696e+00 5.596796834377459322e-21 4.759257054633754982e-21
4.675807384395737287e+00 -3.579552807964748879e-21 5.229362380388946339e-21
4.676472384395308879e+00 1.415946279804891778e-20 4.970752529143373511e-21
4.677137384394880470e+00 1.039282308769919806e-20 5.324626256313040062e-21
4.677802384394452062e+00 3.613383879283421230e-20 5.059895582024133973e-21
4.678467384394023654e+00 2.095840428792944570e-20 4.989582883145943067e-21
4.679132384393595245e+00 1.533243195959990504e-20 4.775855744947770995e-21
4.679797384393166837e+00 1.181055660799369837e-20 4.862200067575678761e-21
4.680462384392738429e+00 7.556213148573817361e-21 5.594354638745153156e-21
4.681127384392310020e+00 1.478422424347278040e-20 4.909877158671170241e-21
4.681792384391881612e+00 2.914518558242465636e-20 5.257623686102566411e-21
4.682457384391453203e+00 4.607774450912329374e-20 5.092395306828594212e-21
4.683122384391024795e+00 6.196248383444359138e-20 5.126592298817576687e-21
4.683787384390596387e+00 1.893187001992458541e-20 4.830991019969479703e-21
4.684452384390167978e+00 2.922938246889117750e-20 5.970950368993875486e-21
4.685117384389739570e+00 -3.839833853951619082e-21 4.956693989454811483e-21
4.685782384389311161e+00 1.798422301120833217e-20 5.093781099372172313e-21
4.686447384388882753e+00 7.950079325377227965e-20 6.312598141587125931e-21
4.687112384388454345e+00 4.495437667948369398e-20 5.059389996072695930e-21
4.687777384388025936e+00 3.050811998764721501e-20 6.292692428957198445e-21
4.688442384387597528e+00 4.351216830159761150e-21 5.106693664289229843e-21
4.689107384387169120e+00 -1.213922790518569490e-20 5.153920382005725876e-21
4.689772384386740711e+00 4.614300885358917522e-20 5.492804057864010687e-21
4.690437384386312303e+00 7.533865296870653363e-20 4.804586790239727509e-21
4.691102384385883894e+00 4.633479410011968386e-20 4.748106430141674752e-21
4.691767384385455486e+00 4.431612847400327536e-20 5.070265955702365997e-21
4.692432384385027078e+00 9.668679396084472380e-21 5.609528844162418330e-21
4.693097384384598669e+00 1.504416921580241077e-20 5.331461974532155314e-21
4.693762384384170261e+00 5.524880958073224782e-20 4.840749556545401255e-21
4.694427384383741853e+00 2.894831131536027870e-21 5.491394118525532252e-21
4.695092384383313444e+00 3.519139604813291241e-20 5.503372318966717002e-21
4.695757384382885036e+00 1.744177828437577210e-20 5.484862896351922720e-21
4.696422384382456627e+00 2.158622303869387200e-20 5.289823013149574052e-21
4.697087384382028219e+00 4.058334493535322237e-20 5.057756539944059492e-21
4.697752384381599811e+00 5.347590943498351302e-20 4.958841990983361895e-21
4.698417384381171402e+00 7.427986248347572374e-20 5.056511805503605589e-21
4.699082384380742994e+00 6.795388448255798092e-20 5.486731879855145586e-21
4.699747384380314585e+00 5.130871868486734684e-20 5.112642166214054205e-21
4.700412384379886177e+00 6.453586257674069458e-21 4.808019713443727921e-21
4.701077384379457769e+00 2.626978592740819008e-20 5.886937539093379750e-21
4.701742384379029360e+00 1.712720351388402266e-20 5.197089955002094732e-21
4.702407384378600952e+00 1.033194830668807256e-20 4.926206880485120257e-21
4.703072384378172544e+00 2.684429796589308851e-20 4.893829087063485200e-21
4.703737384377744135e+00 -8.067239706683871653e-23 4.879105462753009258e-21
4.704402384377315727e+00 8.831248576176932547e-21 4.798868132596329519e-21
4.705067384376887318e+00 1.825465558436187998e-20 4.952038526096905112e-21
4.705732384376458910e+00 3.785200686295675483e-20 5.487925431226902665e-21
4.706397384376030502e+00 3.013677004660488424e-20 5.710283671891421236e-21
4.707062384375602093e+00 8.662098696612808881e-21 5.402160198876935865e-21
4.707727384375173685e+00 3.243742867782202206e-20 5.303476445899936945e-21
4.708392384374745276e+00 3.555491901133380185e-20 4.984997181681977429e-21
4.709057384374316868e+00 3.748622570745441637e-20 5.410451009536301651e-21
4.709722384373888460e+00 4.284489372565510166e-20 5.163768005285953618e-21
4.710387384373460051e+00 1.878772289498208927e-20 4.929647496215753741e-21
4.711052384373031643e+00 -3.234084493857642719e-21 5.276891635418895910e-21
4.711717384372603235e+00 6.338811289005424840e-20 5.084493702430636956e-21
4.712382384372174826e+00 2.336142477137713225e-20 5.248511874336203490e-21
4.713047384371746418e+00 3.502994533013305056e-20 5.114479682103039604e-21
4.713712384371318009e+00 5.101418827424879347e-20 5.114695969659215572e-21
4.714377384370889601e+00 3.057270230805092296e-20 5.081652042723387459e-21
4.715042384370461193e+00 3.694305263147546302e-20 5.280545271564745519e-21
4.715707384370032784e+00 2.127022164367178966e-20 5.356803924662123575e-21
4.716372384369604376e+00 1.900703252948774862e-20 5.029049566055475810e-21
4.717037384369175967e+00 1.202807907261523620e-20 4.725382079829299412e-21
4.717702384368747559e+00 9.642066608658698067e-21 5.449792815539985761e-21
4.718367384368319151e+00 7.272362280999887767e-21 5.808809203693964069e-21
4.719032384367890742e+00 4.381272801555920160e-20 5.670869138857329588e-21
4.719697384367462334e+00 5.056700917212374530e-20 5.549404720184684457e-21
4.720362384367033926e+00 1.989781284236969058e-20 5.009319619916389526e-21
4.721027384366605517e+00 3.734392318102716603e-20 4.621717470635498162e-21
4.721692384366177109e+00 4.019703846227810035e-20 5.119656855643396278e-21
4.722357384365748700e+00 5.541090948262921713e-20 5.089457913070711921e-21
4.723022384365320292e+00 1.766425326850694807e-20 5.122243409746327110e-21
4.723687384364891884e+00 9.023308299637941412e-21 4.832552023769951678e-21
4.724352384364463475e+00 -1.592217513105754593e-20 4.837833879721759394e-21
4.725017384364035067e+00 2.788546842840421308e-20 5.220647984700243640e-21
4.725682384363606658e+00 3.786020599748675272e-20 5.286679619479735869e-21
4.726347384363178250e+00 2.352967090209110125e-20 5.185339541265590549e-21
4.727012384362749842e+00 2.520457591954671651e-21 5.231023243679143866e-21
4.727677384362321433e+00 8.002857869517377889e-21 5.229453212543994130e-21
4.728342384361893025e+00 3.170556650998693839e-20 5.035236641207991438e-21
4.729007384361464617e+00 3.195502353612452377e-20 4.700386788820000590e-21
4.729672384361036208e+00 2.252635896404513154e-20 4.861569096720597017e-21
4.730337384360607800e+00 -1.068799361547735847e-20 4.793650544283830404e-21
4.731002384360179391e+00 -4.553423332445444583e-21 5.334380470192424812e-21
4.731667384359750983e+00 4.810583744855971726e-20 5.824581651161607087e-21
4.732332384359322575e+00 4.301941070472338171e-20 4.808349202565284061e-21
4.732997384358894166e+00 5.238060134713034845e-22 4.980915077940358677e-21
4.733662384358465758e+00 8.059348874776069656e-21 5.044801723677404982e-21
4.734327384358037349e+00 2.361603798755942462e-20 4.955400351213890592e-21
4.734992384357608941e+00 5.391091990797632820e-20 5.358995237631323417e-21
4.735657384357180533e+00 4.724370541396450330e-20 5.132961110863726843e-21
4.736322384356752124e+00 3.665163250745899606e-20 5.543259513320675751e-21
4.736987384356323716e+00 2.394625065077336696e-20 5.231510940950017400e-21
4.737652384355895308e+00 -7.797324211854879313e-21 4.918807693227243356e-21
4.738317384355466899e+00 1.875669880921717525e-20 4.940601527420338028e-21
4.738982384355038491e+00 -1.385287381665182838e-20 5.027715585867641339e-21
4.739647384354610082e+00 -2.076669408211837743e-20 5.501960778908323890e-21
4.740312384354181674e+00 3.582494963322752195e-20 4.997923866131557984e-21
4.740977384353753266e+00 1.751023359405255658e-20 5.267770934501363687e-21
4.741642384353324857e+00 5.588263560664886711e-21 5.318057403507246574e-21
4.742307384352896449e+00 -2.272082006239252559e-20 4.758542290743154732e-21
4.742972384352468040e+00 -2.460189030445830912e-20 4.947820029699706650e-21
4.743637384352039632e+00 4.479243179091641784e-21 4.986691243105022694e-21
4.744302384351611224e+00 2.995232933396614271e-20 6.262890924248898703e-21
4.744967384351182815e+00 4.046185555936519929e-20 5.057233533542224354e-21
4.745632384350754407e+00 5.078234723913899029e-20 5.383662290170968009e-21
4.746297384350325999e+00 1.518574070144217139e-20 4.738447732438685330e-21
4.746962384349897590e+00 2.635623876849352232e-20 4.994248117427320194e-21
4.747627384349469182e+00 1.344168587650674285e-20 5.148431743364078940e-21
4.748292384349040773e+00 3.186745848541086588e-20 5.258398200044104388e-21
4.748957384348612365e+00 3.632836233508694027e-20 5.375795922090283278e-21
4.749622384348183957e+00 4.947289666251943342e-20 5.226333054130942547e-21
4.750287384347755548e+00 3.554739191624054822e-20 6.613128919101921369e-21
4.750952384347327140e+00 2.479703928985873508e-20 8.309532808078672615e-21
4.751617384346898731e+00 3.294243324397472779e-20 6.520433330547562971e-21
4.752282384346470323e+00 6.197562030410047743e-20 5.306753229289622475e-21
4.752947384346041915e+00 3.160936350080913610e-20 5.456772319033966624e-21
4.753612384345613506e+00 5.806801425324808473e-20 4.810663482305055480e-21
4.754277384345185098e+00 4.543238731463434010e-20 6.387725129162650651e-21
4.754942384344756690e+00 -2.716107155340423282e-21 6.078226457108656198e-21
4.755607384344328281e+00 7.225589457243048920e-21 6.284791113724454545e-21
4.756272384343899873e+00 4.106189849200985577e-20 4.970016753996481966e-21
4.756937384343471464e+00 7.361278353979569152e-20 5.204007391364476939e-21
4.757602384343043056e+00 4.810974369598999796e-20 5.201594215376498398e-21
4.758267384342614648e+00 1.793907364182336857e-20 4.638277897030630968e-21
4.758932384342186239e+00 7.250665951603454760e-21 5.421154270903551022e-21
4.759597384341757831e+00 3.652138749501597223e-21 5.187885618828135072e-21
4.760262384341329422e+00 3.875731027541666543e-21 4.929247114641812595e-21
4.760927384340901014e+00 1.947265641263579533e-20 5.090346870844680745e-21
4.761592384340472606e+00 7.065912891636240941e-20 5.153574304829910482e-21
4.762257384340044197e+00 3.126213721889703976e-20 5.736742742570381662e-21
4.762922384339615789e+00 -5.187330846792671170e-20 5.790668903253701080e-21
4.763587384339187381e+00 -1.115507765603343502e-20 5.201124528305133839e-21
4.764252384338758972e+00 -1.123653058750334459e-20 4.793040451890963574e-21
4.764917384338330564e+00 1.095063133890284160e-20 4.809859870443108326e-21
4.765582384337902155e+00 8.979457411263807567e-21 5.249320992587403059e-21
4.766247384337473747e+00 2.568919155569682821e-20 6.580426258007867928e-21
4.766912384337045339e+00 2.235310661065589189e-21 4.882813520679370105e-21
4.767577384336616930e+00 2.114155083328396884e-20 4.929754829311554023e-21
4.768242384336188522e+00 -2.197210372968108230e-20 5.309288335686911493e-21
4.768907384335760113e+00 4.493734948294864427e-20 4.616671747247658642e-21
4.769572384335331705e+00 4.591097027144987169e-20 5.698461672661991280e-21
4.770237384334903297e+00 5.658193071906588641e-20 5.445351421431373958e-21
4.770902384334474888e+00 1.883373562850619766e-20 5.247205948632563041e-21
4.771567384334046480e+00 4.324897487759661060e-21 6.139046708720617033e-21
4.772232384333618072e+00 1.012449477232312230e-20 5.287848024839516829e-21
4.772897384333189663e+00 4.279230036191455041e-20 4.947692339208725249e-21
4.773562384332761255e+00 4.777147547210387081e-20 5.325929695782552521e-21
4.774227384332332846e+00 9.535521374902318331e-21 4.975652101517162740e-21
4.774892384331904438e+00 1.187265011383838667e-20 5.330064960613572850e-21
4.775557384331476030e+00 3.082223532516900553e-20 5.810810671376884798e-21
4.776222384331047621e+00 3.313343260867161831e-20 5.486964978079153452e-21
4.776887384330619213e+00 -8.521842353941006689e-21 5.794336199916973268e-21
4.777552384330190804e+00 -7.499663772131808820e-22 4.892166899700554040e-21
4.778217384329762396e+00 1.143841268299193046e-20 5.295194054166718883e-21
4.778882384329333988e+00 1.378641852525198528e-20 5.103513242416512186e-21
4.779547384328905579e+00 2.650237821224745622e-20 5.393490342463551424e-21
4.780212384328477171e+00 7.602454792984134042e-21 4.740664813593044239e-21
4.780877384328048763e+00 -1.307710363581971976e-21 4.976811391406890842e-21
4.781542384327620354e+00 2.668466758070773619e-20 5.142854497786601969e-21
4.782207384327191946e+00 1.891565532171588509e-20 5.506111738896865092e-21
4.782872384326763537e+00 1.506920598434647702e-20 5.167837674683673948e-21
4.783537384326335129e+00 1.029568158042961328e-20 4.704544692840125742e-21
4.784202384325906721e+00 4.904677306033442766e-20 4.796501707941877702e-21
4.784867384325478312e+00 2.149289836318494550e-20 5.469614989855431367e-21
4.785532384325049904e+00 7.589166193519624895e-21 5.473488250750567582e-21
4.786197384324621495e+00 1.647811340555599661e-20 5.557869608700767640e-21
4.786862384324193087e+00 3.353928692965885459e-20 5.591513450278694544e-21
4.787527384323764679e+00 -6.073363024377090373e-21 5.557201735231084378e-21
4.788192384323336270e+00 1.148273707522750106e-20 5.104849417247079320e-21
4.788857384322907862e+00 7.127139332561382601e-20 5.481554935804650671e-21
4.789522384322479454e+00 3.748088994906526517e-21 4.990584642668400840e-21
4.790187384322051045e+00 7.908077075680148295e-21 5.103320008743842414e-21
4.790852384321622637e+00 1.526672327575267370e-20 5.431074862478787270e-21
4.791517384321194228e+00 -1.100904467893019067e-20 5.390853963003850333e-21
4.792182384320765820e+00 -2.525358156362216174e-20 4.829791729689319257e-21
4.792847384320337412e+00 5.835648463915266013e-21 4.941121945548578335e-21
4.793512384319909003e+00 8.431538428876325054e-21 4.841775796422333344e-21
4.794177384319480595e+00 7.423832243048310335e-21 5.150007959553256330e-21
4.794842384319052186e+00 2.071611050717256074e-20 5.188524486683061301e-21
4.795507384318623778e+00 2.404617487653659270e-20 5.026645408129204525e-21
4.796172384318195370e+00 -5.305503729046400282e-21 5.114727996632566266e-21
4.796837384317766961e+00 1.616626301972536438e-20 5.370613344062881657e-21
4.797502384317338553e+00 5.576179320281349733e-21 5.120684569641461999e-21
4.798167384316910145e+00 -3.300040335512656698e-21 5.095996152657020838e-21
4.798832384316481736e+00 1.349700083077284557e-20 5.328873185975034969e-21
4.799497384316053328e+00 -3.379951051193484132e-21 5.338223368253266247e-21
4.800162384315624919e+00 1.423735468180782208e-20 5.105453736195900180e-21
4.800827384315196511e+00 5.753181631950768850e-20 5.482777268313842649e-21
4.801492384314768103e+00 4.993274408128858932e-20 5.369355692469014309e-21
4.802157384314339694e+00 2.656059142344200943e-20 5.404117737421937317e-21
4.802822384313911286e+00 1.235843605229205798e-20 5.669510407934346349e-21
4.803487384313482877e+00 4.719502077073217155e-20 5.283154094213128194e-21
4.804152384313054469e+00 8.575232538598142200e-20 5.350311911129344862e-21
4.804817384312626061e+00 1.740500104868230857e-20 7.620306824133625185e-21
4.805482384312197652e+00 2.040978931692710881e-20 5.098825911718244099e-21
4.806147384311769244e+00 -3.582458019800184720e-21 5.358572186461867766e-21
4.806812384311340836e+00 -1.181887787679748285e-20 5.002227002604564182e-21
4.807477384310912427e+00 1.613018397234512847e-20 5.235207897233937075e-21
4.808142384310484019e+00 6.691132458875094581e-21 5.686546802044876547e-21
4.808807384310055610e+00 4.073997897843352587e-20 5.266327200503830186e-21
4.809472384309627202e+00 4.057371571831628667e-20 5.340481354043490046e-21
4.810137384309198794e+00 -2.498179040835013724e-20 5.105630585313739583e-21
4.810802384308770385e+00 -2.013426563734683102e-21 5.293237802350382810e-21
4.811467384308341977e+00 2.392128826164795088e-20 5.035996304514513001e-21
4.812132384307913568e+00 2.648055138858545248e-20 4.719161242523240292e-21
4.812797384307485160e+00 1.974735551819214220e-20 5.592381312750269859e-21
4.813462384307056752e+00 1.069297529398768190e-20 5.104521552922457828e-21
4.814127384306628343e+00 1.143294007885831193e-20 4.911501233283759362e-21
4.814792384306199935e+00 2.111368753707725477e-20 5.270286773938686310e-21
4.815457384305771527e+00 -4.009263679054951968e-20 5.800973408152916531e-21
4.816122384305343118e+00 -9.705207868359649087e-21 5.226081088541550767e-21
4.816787384304914710e+00 -4.164449226217735281e-21 5.175408551364466770e-21
4.817452384304486301e+00 8.809194751160572128e-21 5.702623710155884230e-21
4.818117384304057893e+00 4.278162093665295897e-20 5.091623867366671440e-21
4.818782384303629485e+00 2.549521754050571819e-20 4.904663202356981656e-21
4.819447384303201076e+00 9.679877836408271132e-21 5.302650427812335167e-21
4.820112384302772668e+00 8.832153862513022261e-21 5.382010604366077505e-21
4.820777384302344259e+00 1.460861410974286236e-20 5.704373377629556915e-21
4.821442384301915851e+00 2.962290887596626990e-20 5.203237375128518410e-21
4.822107384301487443e+00 4.584443151560473869e-20 6.267848318146675331e-21
4.822772384301059034e+00 4.463349752058104323e-20 6.360792573721630009e-21
4.823437384300630626e+00 4.159140769163400288e-21 5.165862389725277049e-21
4.824102384300202218e+00 1.617522855053360982e-20 4.918577717002499844e-21
4.824767384299773809e+00 4.356690386955158706e-20 5.073982646837601763e-21
4.825432384299345401e+00 3.709980535527643465e-20 6.221122775617694530e-21
4.826097384298916992e+00 4.079583021210123800e-20 6.576198001379730800e-21
4.826762384298488584e+00 4.857357356008780654e-20 5.655962677995907781e-21
4.827427384298060176e+00 3.289822343665162291e-20 6.120332475152815972e-21
4.828092384297631767e+00 1.437804170504231883e-20 6.900407738937250141e-21
4.828757384297203359e+00 1.244455011893249441e-20 5.376978128885511863e-21
4.829422384296774950e+00 1.882638681201092079e-20 5.258604402122918676e-21
4.830087384296346542e+00 1.501891784618290182e-20 5.502867878092126442e-21
4.830752384295918134e+00 -8.879954909410693266e-21 5.849800957288259924e-21
4.831417384295489725e+00 1.454116516391124357e-20 5.062338169459426272e-21
4.832082384295061317e+00 6.069537018238209806e-21 5.172936000704488942e-21
4.832747384294632909e+00 -3.145121683053938063e-21 5.608496109130747266e-21
4.833412384294204500e+00 2.249190139616584707e-20 5.230831575804861278e-21
4.834077384293776092e+00 -1.682817519588073841e-20 5.110803676073008131e-21
4.834742384293347683e+00 1.748241419205517681e-20 5.129729932184647941e-21
4.835407384292919275e+00 1.498738629668736596e-20 5.466562046115652778e-21
4.836072384292490867e+00 -7.522128156539878030e-21 5.145234286338336516e-21
4.836737384292062458e+00 -1.949647297554522608e-20 5.611816689405844935e-21
4.837402384291634050e+00 1.365446874155715344e-21 5.840459036489574535e-21
4.838067384291205641e+00 4.903272948902908288e-21 5.107466264912510858e-21
4.838732384290777233e+00 2.434784349024561672e-20 5.373351119430135397e-21
4.839397384290348825e+00 1.166399046374618580e-20 5.318021920538288980e-21
4.840062384289920416e+00 -1.690006489105083497e-20 5.306819199778860643e-21
4.840727384289492008e+00 2.020309776666700424e-20 5.660483126710490284e-21
4.841392384289063600e+00 2.539765702188074354e-20 5.251301015831086584e-21
4.842057384288635191e+00 3.993464965738196599e-20 5.790230672897645401e-21
4.842722384288206783e+00 4.337074523834670638e-20 5.361156307106585817e-21
4.843387384287778374e+00 4.088250600328522280e-20 5.565164575211386508e-21
4.844052384287349966e+00 3.496012218041202870e-20 5.087080030191333833e-21
4.844717384286921558e+00 1.270806406747704467e-20 5.472906251598087965e-21
4.845382384286493149e+00 7.789218524189071675e-21 5.471922173392159432e-21
4.846047384286064741e+00 2.303577719972740104e-21 5.087818983253626946e-21
4.846712384285636332e+00 4.085134692228579595e-21 5.659754964566820225e-21
4.847377384285207924e+00 -1.300630470040683351e-20 5.714267940806747296e-21
4.848042384284779516e+00 4.743109020270497269e-21 5.163167011044094252e-21
4.848707384284351107e+00 -1.630428260887229191e-20 5.094131277660672127e-21
4.849372384283922699e+00 7.850634014848506670e-21 6.108484347774772586e-21
4.850037384283494291e+00 4.022999880607660793e-20 5.651202675251098905e-21
4.850702384283065882e+00 1.252439545799883729e-20 5.499163911067109265e-21
4.851367384282637474e+00 5.327544233943197959e-21 6.704131121376851583e-21
4.852032384282209065e+00 5.890438322748817416e-21 5.560214549949180346e-21
4.852697384281780657e+00 2.276099356510073117e-20 5.454145956950576613e-21
4.853362384281352249e+00 3.867287519578088814e-20 5.705561820122329701e-21
4.854027384280923840e+00 -1.215082300265789140e-21 5.417775328523596246e-21
4.854692384280495432e+00 5.133731047921036310e-21 5.388965599644607517e-21
4.855357384280067023e+00 -1.945091133076571334e-20 4.876602948480890925e-21
4.856022384279638615e+00 6.092918270690615974e-21 5.952737206689378431e-21
4.856687384279210207e+00 -8.661227897891761409e-21 6.073832236452775484e-21
4.857352384278781798e+00 -2.764646028594459786e-21 5.976294977152094371e-21
4.858017384278353390e+00 2.143409817110097514e-21 5.462048272999794600e-21
4.858682384277924982e+00 5.496116832083306867e-21 5.617025592028957722e-21
4.859347384277496573e+00 2.029788566290747387e-20 5.874518241495724281e-21
4.860012384277068165e+00 4.139950985038848628e-21 6.450398126794427109e-21
4.860677384276639756e+00 3.690314084278219478e-20 6.451909268440607140e-21
4.861342384276211348e+00 2.916282277045145480e-21 6.526536695226993585e-21
4.862007384275782940e+00 -1.318706979475197376e-20 4.988636399972739143e-21
4.862672384275354531e+00 2.192484663588551328e-20 5.263465862528928378e-21
4.863337384274926123e+00 -2.185448197757428379e-21 5.618762405954449674e-21
4.864002384274497715e+00 3.228158142968924329e-20 5.957561173225449312e-21
4.864667384274069306e+00 4.092969096869789888e-20 5.798196071161353226e-21
4.865332384273640898e+00 1.088048401921922009e-20 5.516838759232651950e-21
4.865997384273212489e+00 -4.584677759750464520e-21 5.435647123136764279e-21
4.866662384272784081e+00 2.274141235643675746e-20 5.169930844573019408e-21
4.867327384272355673e+00 4.263838563216942051e-20 5.512039079395781936e-21
4.867992384271927264e+00 3.541533630448388231e-20 5.488234734156079404e-21
4.868657384271498856e+00 5.001763224266670258e-20 5.755112061327001462e-21
4.869322384271070447e+00 4.182237845144804922e-20 6.011251878667829280e-21
4.869987384270642039e+00 2.055421793801437660e-20 5.617344600020169647e-21
4.870652384270213631e+00 2.088428811639960590e-20 5.359380445430022123e-21
4.871317384269785222e+00 3.508902099317030895e-20 5.346290180607587923e-21
4.871982384269356814e+00 -1.162502727979635207e-21 5.411045521153600501e-21
4.872647384268928406e+00 -5.071290929763907247e-21 5.142171429991149881e-21
4.873312384268499997e+00 2.072546548047929819e-20 5.612402278770595233e-21
4.873977384268071589e+00 1.954472261038023126e-20 5.509882302806371395e-21
4.874642384267643180e+00 6.998928339812574330e-20 5.437790415273780770e-21
4.875307384267214772e+00 6.849634631576031059e-20 5.097018084881008394e-21
4.875972384266786364e+00 3.571725878162585994e-20 5.614399375613945607e-21
4.876637384266357955e+00 2.670543656884645959e-21 5.382507109138338404e-21
4.877302384265929547e+00 4.691869487595191648e-20 5.321138707339968992e-21
4.877967384265501138e+00 6.032092566262060105e-20 6.112581327846075715e-21
4.878632384265072730e+00 4.250319802080677456e-20 5.614805898197233445e-21
4.879297384264644322e+00 4.148699027755290304e-20 5.891535252101016323e-21
4.879962384264215913e+00 3.366257364919812392e-20 5.823303384542499604e-21
4.880627384263787505e+00 3.000908072262546367e-20 5.355082861826179384e-21
4.881292384263359097e+00 1.821461911996424085e-20 5.707798036777806295e-21
4.881957384262930688e+00 4.465311347998886561e-21 5.992899392308433244e-21
4.882622384262502280e+00 5.723223731434978428e-21 7.127865911345477573e-21
4.883287384262073871e+00 -1.388850830164879982e-21 5.202577715623331550e-21
4.883952384261645463e+00 3.078192659477376732e-21 5.276379854628555051e-21
4.884617384261217055e+00 8.183803569292326466e-21 5.668481215834929897e-21
4.885282384260788646e+00 1.731537473268403704e-20 6.098036371272463652e-21
4.885947384260360238e+00 3.906574552377651078e-20 5.367606120983450816e-21
4.886612384259931829e+00 -3.829646037565475017e-21 5.179774007183296018e-21
4.887277384259503421e+00 3.383728452369322411e-20 5.285678863743129154e-21
4.887942384259075013e+00 -1.191661494265644005e-20 5.767773868859895431e-21
4.888607384258646604e+00 -1.460474494220700782e-20 5.753633797252878733e-21
4.889272384258218196e+00 -2.306229094598469676e-22 5.302977365490689874e-21
4.889937384257789788e+00 -1.810953652009620241e-21 5.937821759412153707e-21
4.890602384257361379e+00 2.924597089188796782e-20 5.785432191056391678e-21
4.891267384256932971e+00 1.523048482507987519e-21 5.250980530930361599e-21
4.891932384256504562e+00 1.827585622033582460e-20 5.621486738568131669e-21
4.892597384256076154e+00 1.151260388743120210e-20 5.606243788277240025e-21
4.893262384255647746e+00 -2.507174159558084545e-20 5.153616924629748167e-21
4.893927384255219337e+00 3.418578249902758984e-20 5.390795457594197809e-21
4.894592384254790929e+00 4.148628119095268934e-20 6.206056448191315581e-21
4.895257384254362520e+00 2.500568229584072750e-20 5.962722370478657099e-21
4.895922384253934112e+00 -2.577892443466382532e-20 6.281340671060263070e-21
4.896587384253505704e+00 2.513805048855151532e-20 5.606381344528484215e-21
4.897252384253077295e+00 2.262081373014013916e-20 5.165867862324254853e-21
4.897917384252648887e+00 3.096479587576351656e-20 5.390476144566866959e-21
4.898582384252220479e+00 7.381326262849563181e-21 6.101031553547178708e-21
4.899247384251792070e+00 -2.964109326278392926e-21 5.485645714982567460e-21
4.899912384251363662e+00 -9.282497834070083748e-21 5.352628175486057366e-21
4.900577384250935253e+00 -2.895240134854455621e-20 5.198140304364246531e-21
4.901242384250506845e+00 -2.232832220205326437e-20 5.149581779692472940e-21
4.901907384250078437e+00 8.385048473348798494e-21 5.181207204193850299e-21
4.902572384249650028e+00 4.117086382419155676e-21 1.177338962478692574e-20
4.903237384249221620e+00 1.437075555155079160e-20 8.309769589304931807e-21
4.903902384248793211e+00 -2.579310322872172419e-20 6.094143268115940650e-21
4.904567384248364803e+00 1.854457259916330502e-20 1.090881882129369458e-20
4.905232384247936395e+00 2.040504887091941007e-20 6.926863123741567890e-21
4.905897384247507986e+00 -3.425547286100203270e-21 5.953185086973008367e-21
4.906562384247079578e+00 1.191142634356333158e-20 6.908198740158850744e-21
4.907227384246651170e+00 1.877541323107259123e-20 5.592511814657619145e-21
4.907892384246222761e+00 2.787192909949012655e-20 5.576089960335807915e-21
4.908557384245794353e+00 3.234953560155409759e-20 5.698090491057087109e-21
4.909222384245365944e+00 -2.328908336209355778e-21 5.410223698248293020e-21
4.909887384244937536e+00 2.776510198581735840e-21 5.581279017309577134e-21
4.910552384244509128e+00 1.203475296460696750e-20 5.118743425286393427e-21
4.911217384244080719e+00 1.744585681902467158e-20 5.716565263251937593e-21
4.911882384243652311e+00 2.725956942187337190e-20 5.856592310249641360e-21
4.912547384243223902e+00 -5.766118712567119757e-21 5.407772832048296776e-21
4.913212384242795494e+00 2.006743640957582723e-21 5.499270507624530048e-21
4.913877384242367086e+00 4.117414136154024870e-20 6.036241340741674914e-21
4.914542384241938677e+00 4.868730104818598904e-20 5.996161180076008641e-21
4.915207384241510269e+00 1.076258943622401115e-20 5.646543935763360926e-21
4.915872384241081861e+00 2.882889921540802593e-20 5.583360702935228625e-21
4.916537384240653452e+00 -1.634545292074933357e-20 5.702784599813887344e-21
4.917202384240225044e+00 5.026518749393888329e-20 5.428889205451023991e-21
4.917867384239796635e+00 1.684448635619049183e-20 5.979753522117010893e-21
4.918532384239368227e+00 2.028624489819705037e-20 1.004073775173836567e-20
4.919197384238939819e+00 1.479758702873897797e-20 1.104495953702045671e-20
4.919862384238511410e+00 -7.093208017557160829e-22 5.831740804688580965e-21
4.920527384238083002e+00 1.199669497290982891e-21 5.309936480349349377e-21
4.921192384237654593e+00 1.372016030951155554e-20 5.589130739360689260e-21
4.921857384237226185e+00 2.005201217594363212e-20 5.476296898727201152e-21
4.922522384236797777e+00 -1.803254456088488081e-20 5.387374571968448637e-21
4.923187384236369368e+00 5.037432412001848141e-20 5.485525042296486784e-21
4.923852384235940960e+00 3.486517237057201522e-20 5.660581628573837425e-21
4.924517384235512552e+00 1.810498417401010166e-20 5.217097174027659279e-21
4.925182384235084143e+00 5.405129627660148070e-20 5.936686014451015918e-21
4.925847384234655735e+00 2.580493003793524888e-20 5.515469112862594161e-21
4.926512384234227326e+00 4.648742626902926253e-20 5.384431550865425618e-21
4.927177384233798918e+00 3.677956576382155345e-20 5.267408633300872778e-21
4.927842384233370510e+00 3.816066626678969196e-21 6.115025134457496668e-21
4.928507384232942101e+00 3.629532337522064345e-20 5.397578407059409724e-21
4.929172384232513693e+00 7.994057789086241712e-20 5.237940833306699276e-21
4.929837384232085284e+00 3.894936151491560927e-21 5.756998135309835077e-21
4.930502384231656876e+00 5.796471233461451827e-20 5.742606750055726753e-21
4.931167384231228468e+00 3.955585088137939856e-20 5.916518703491816359e-21
4.931832384230800059e+00 2.760977498898965438e-20 5.374198534294100740e-21
4.932497384230371651e+00 -2.287355246492248352e-21 5.782785272102847225e-21
4.933162384229943243e+00 5.250111379435859266e-20 5.734815263980750324e-21
4.933827384229514834e+00 1.628637044527228252e-20 5.398796216476307479e-21
4.934492384229086426e+00 7.016903199449713140e-21 8.407674421084663427e-21
4.935157384228658017e+00 -1.610898260239139175e-20 5.872623812564994430e-21
4.935822384228229609e+00 -1.325655356204560730e-20 5.167065726398823021e-21
4.936487384227801201e+00 5.409555403246232486e-20 5.302456579694853376e-21
4.937152384227372792e+00 4.833977238494826116e-20 6.057121123497665640e-21
4.937817384226944384e+00 4.143452964475596077e-20 5.331060609354691562e-21
4.938482384226515975e+00 3.376759170508734379e-20 5.844252214183504066e-21
4.939147384226087567e+00 1.850674097326447014e-21 5.184816744006630736e-21
4.939812384225659159e+00 2.208883657748757978e-22 5.576349253473745833e-21
4.940477384225230750e+00 2.661797875867632924e-20 5.084954379715618008e-21
4.941142384224802342e+00 2.586917452771175369e-20 6.180579767045752627e-21
4.941807384224373934e+00 3.998469361600231667e-20 6.043439527858683406e-21
4.942472384223945525e+00 -3.499437576463779564e-21 5.668108753262075608e-21
4.943137384223517117e+00 5.590050336163559330e-20 5.729654455722822985e-21
4.943802384223088708e+00 6.163416501515325786e-20 5.371266400648543928e-21
4.944467384222660300e+00 3.517324164467733493e-20 6.161473358352371867e-21
4.945132384222231892e+00 1.405394245793950908e-20 1.751635977871109100e-20
4.945797384221803483e+00 4.649396737774669801e-20 6.314476534993287693e-21
4.946462384221375075e+00 1.544635126360302825e-20 5.852677834905301004e-21
4.947127384220946666e+00 5.999272740639517753e-20 5.969102479955426846e-21
4.947792384220518258e+00 1.001153123119795128e-19 6.082798476131309531e-21
4.948457384220089850e+00 6.396761401061568554e-20 6.577337872420270612e-21
4.949122384219661441e+00 2.401828974817717267e-21 6.856558041538529859e-21
4.949787384219233033e+00 2.223343344252235463e-20 7.015392197879752983e-21
4.950452384218804625e+00 5.381455028022723618e-20 6.280316552768886613e-21
4.951117384218376216e+00 1.392179712420892283e-20 5.557368194406516764e-21
4.951782384217947808e+00 2.987760767452126337e-20 5.859616608640850898e-21
4.952447384217519399e+00 1.116216994727017891e-20 6.683744839266969084e-21
4.953112384217090991e+00 1.379705984701303611e-20 5.591563189258559288e-21
4.953777384216662583e+00 2.823056350917884377e-20 6.035606470206464978e-21
4.954442384216234174e+00 -1.673620227139933596e-20 5.712156768473912170e-21
4.955107384215805766e+00 -1.019689946494363276e-20 5.618437397215611086e-21
4.955772384215377357e+00 1.160479719900189619e-20 5.644850860549079061e-21
4.956437384214948949e+00 6.206704477628078197e-20 5.772082843876638000e-21
4.957102384214520541e+00 4.581992901104125513e-21 7.013239675526410244e-21
4.957767384214092132e+00 -1.278285419174946796e-20 5.853584025988360999e-21
4.958432384213663724e+00 -4.334975913030541910e-21 5.528276829777337609e-21
4.959097384213235316e+00 2.800185094723180482e-20 5.677039907256745872e-21
4.959762384212806907e+00 3.544977825471008257e-20 5.229154159940245539e-21
4.960427384212378499e+00 1.333548747154046828e-20 5.423104533223507809e-21
4.961092384211950090e+00 2.885725906265547117e-20 5.159442917839482728e-21
4.961757384211521682e+00 4.509191688568350285e-20 5.651106243091728602e-21
4.962422384211093274e+00 3.753926997219325278e-20 5.724021381348713439e-21
4.963087384210664865e+00 9.123675453205667939e-21 5.918271419023892002e-21
4.963752384210236457e+00 6.447688838038879619e-21 9.410058386053611373e-21
4.964417384209808048e+00 1.531232313880761631e-20 5.624354490009685574e-21
4.965082384209379640e+00 1.501295664244531355e-20 8.112054201274176365e-21
4.965747384208951232e+00 -1.083845079592052824e-20 5.715349476517219664e-21
4.966412384208522823e+00 -5.161537880069199859e-21 6.307957411729563446e-21
4.967077384208094415e+00 5.342684621265026273e-20 5.689647992283390014e-21
4.967742384207666007e+00 5.861074117658369280e-20 6.167438462382664951e-21
4.968407384207237598e+00 3.589733615707939032e-20 5.498086962846653160e-21
4.969072384206809190e+00 4.501016310420933659e-20 5.443610485689045937e-21
4.969737384206380781e+00 5.008079419086940139e-20 5.382382478889193541e-21
4.970402384205952373e+00 -2.324625698150638101e-21 5.762436802812348146e-21
4.971067384205523965e+00 1.510350512694164938e-21 5.837940429677544439e-21
4.971732384205095556e+00 8.814869991381555747e-21 5.308863278037555887e-21
4.972397384204667148e+00 -1.986853762863623817e-20 6.014301272790033636e-21
4.973062384204238739e+00 -1.148050822788232117e-20 5.520144568151465925e-21
4.973727384203810331e+00 -8.306123417950575053e-21 5.848036808782576147e-21
4.974392384203381923e+00 5.512066744549057079e-21 5.910200683563925142e-21
4.975057384202953514e+00 2.419318601046978121e-20 5.634135269297302753e-21
4.975722384202525106e+00 3.093198325217639685e-20 6.212285868703585508e-21
4.976387384202096698e+00 3.311948103416266194e-20 6.404154692346156409e-21
4.977052384201668289e+00 3.769120649745653736e-20 5.591427244738808712e-21
4.977717384201239881e+00 -8.182489884890966210e-21 5.792730949555782964e-21
4.978382384200811472e+00 -1.124320237266513635e-20 5.515622417663599852e-21
4.979047384200383064e+00 -2.919639382867618211e-20 5.888977425605869175e-21
4.979712384199954656e+00 -1.689590879836047464e-20 5.866751756668183492e-21
4.980377384199526247e+00 -5.280358679427063720e-21 5.611946350992281224e-21
4.981042384199097839e+00 1.943059096126002126e-21 5.616144773094378608e-21
4.981707384198669430e+00 1.350842752341715525e-20 5.760919696867495397e-21
4.982372384198241022e+00 5.576055930572492939e-20 5.285302164590752121e-21
4.983037384197812614e+00 1.219798844439995958e-20 5.559105965772500517e-21
4.983702384197384205e+00 1.681875761792674415e-20 5.266952024476493029e-21
4.984367384196955797e+00 1.050218331126448297e-21 5.307873359028942923e-21
4.985032384196527389e+00 1.522682401248264120e-20 6.030882577743541684e-21
4.985697384196098980e+00 5.403408798937098722e-20 5.864818892132014990e-21
4.986362384195670572e+00 7.481252698347281805e-20 5.966333307138143960e-21
4.987027384195242163e+00 7.713732288890772788e-20 5.464496568932684047e-21
4.987692384194813755e+00 6.018744387264947422e-20 5.722571589510122923e-21
4.988357384194385347e+00 5.498863001982484086e-20 5.603749037784572415e-21
4.989022384193956938e+00 3.218153930906156621e-20 5.954350681985276451e-21
4.989687384193528530e+00 3.285246136418166367e-20 5.562037216950615536e-21
4.990352384193100121e+00 7.876595612347733527e-21 5.907921612154782033e-21
4.991017384192671713e+00 -6.587725344176421601e-21 5.297530902515615395e-21
4.991682384192243305e+00 3.932984215552563247e-20 5.791091934191225802e-21
4.992347384191814896e+00 2.738178320250614022e-20 5.962073413378151084e-21
4.993012384191386488e+00 6.557446239321357929e-20 5.701718838100505385e-21
4.993677384190958080e+00 3.218323333154033768e-20 5.629370546318058629e-21
4.994342384190529671e+00 1.458339019876405895e-20 6.176854585259623419e-21
4.995007384190101263e+00 9.990736762920302572e-21 6.036157946170523452e-21
4.995672384189672854e+00 -8.587676837866707839e-21 6.083492935649710592e-21
4.996337384189244446e+00 1.207416077144932503e-20 5.604579328863182515e-21
4.997002384188816038e+00 3.666758192352540162e-20 5.148298303019042977e-21
4.997667384188387629e+00 4.093313014187218079e-20 5.391757437249135732e-21
4.998332384187959221e+00 2.419761478906953360e-20 5.513696364047958684e-21
4.998997384187530812e+00 1.238370183551117870e-20 6.304300201730705126e-21
4.999662384187102404e+00 9.699862643880340367e-21 5.649931128738087837e-21
5.000327384186673996e+00 1.816928606815536334e-20 6.729149828928929147e-21
5.000992384186245587e+00 -1.346366214328497940e-20 5.715977545936473069e-21
5.001657384185817179e+00 2.133566260751758825e-20 6.213245828675190314e-21
5.002322384185388771e+00 6.777509824527638661e-21 5.717545204209995604e-21
5.002987384184960362e+00 -1.855652562594318252e-20 5.481429049245743077e-21
5.003652384184531954e+00 -1.025009541420516607e-20 5.609187153991997414e-21
5.004317384184103545e+00 -5.000521192859282612e-21 5.569953938797472996e-21
5.004982384183675137e+00 -1.042621779208854999e-20 5.712813653815724731e-21
5.005647384183246729e+00 -1.756561495901402679e-20 6.341784707001210519e-21
5.006312384182818320e+00 -6.792237981697814449e-21 5.938009507469057695e-21
5.006977384182389912e+00 4.873322470680233333e-21 6.233481345804189558e-21
5.007642384181961503e+00 -3.162666840639793624e-20 6.358148074767483101e-21
5.008307384181533095e+00 1.872338176908785949e-20 5.748868469119301002e-21
5.008972384181104687e+00 4.234878441145022447e-21 6.279541746395021577e-21
5.009637384180676278e+00 5.145915243853248400e-21 5.876213263366415885e-21
5.010302384180247870e+00 -1.245399335484049065e-20 5.421117832441510205e-21
5.010967384179819462e+00 2.950392947785516467e-20 6.273148036329759616e-21
5.011632384179391053e+00 4.119578413626669903e-20 6.149500739791940854e-21
5.012297384178962645e+00 4.508114042539681036e-20 5.994821668692472368e-21
5.012962384178534236e+00 2.269612264722324712e-20 5.225270700645062089e-21
5.013627384178105828e+00 4.041699207329273966e-21 5.429078478582843966e-21
5.014292384177677420e+00 9.197388675057477735e-21 5.506462644243497194e-21
5.014957384177249011e+00 4.995262134091208831e-20 6.128931213254288710e-21
5.015622384176820603e+00 5.624355261218281429e-20 5.577979567484015636e-21
5.016287384176392194e+00 2.843533908206737024e-21 5.522779543084747229e-21
5.016952384175963786e+00 1.745671963599989306e-20 5.937268526446032828e-21
5.017617384175535378e+00 2.225585106648935515e-20 6.438684143617597834e-21
5.018282384175106969e+00 -7.033396897510991058e-21 5.884503789837734776e-21
5.018947384174678561e+00 1.698197096552078369e-20 5.126353046121290971e-21
5.019612384174250153e+00 2.241793696235126724e-20 5.847498931819937536e-21
5.020277384173821744e+00 -4.623684842318509381e-21 5.559527319970741183e-21
5.020942384173393336e+00 8.697260055104202445e-21 5.591132522106026917e-21
5.021607384172964927e+00 -2.061351205014779816e-21 5.303902927783862545e-21
5.022272384172536519e+00 1.309897336788479533e-20 5.724802231136978769e-21
5.022937384172108111e+00 1.926272024556887332e-20 5.388655247578623984e-21
5.023602384171679702e+00 6.479257675501329932e-20 5.408597483070909882e-21
5.024267384171251294e+00 5.624488330255815469e-20 5.641640505609050777e-21
5.024932384170822885e+00 4.118522964570107743e-20 5.828354578192087339e-21
5.025597384170394477e+00 3.468558540425550807e-20 5.625073481047294327e-21
5.026262384169966069e+00 3.592029681146297319e-20 5.830094320997678376e-21
5.026927384169537660e+00 1.455688391261271830e-20 5.655111387744499249e-21
5.027592384169109252e+00 2.040036803539124627e-20 5.829911281022359221e-21
5.028257384168680844e+00 3.570033998358829666e-20 5.637184781276841214e-21
5.028922384168252435e+00 6.663571908524279794e-20 5.358531397695794581e-21
5.029587384167824027e+00 2.129011921334292654e-20 5.719154037878688536e-21
5.030252384167395618e+00 6.568197979013345976e-20 5.625602609924985229e-21
5.030917384166967210e+00 1.597393306963887590e-20 6.044956892836566675e-21
5.031582384166538802e+00 -2.483691300456267380e-20 5.532414210719909846e-21
5.032247384166110393e+00 -2.577753981453967484e-20 5.782940650247897534e-21
5.032912384165681985e+00 -3.171634072162289641e-21 5.391100230178514903e-21
5.033577384165253576e+00 3.090412789574317947e-20 5.461589089402014161e-21
5.034242384164825168e+00 2.219990340662064031e-20 5.248826023456669027e-21
5.034907384164396760e+00 9.416757513971277408e-21 5.537421476232351688e-21
5.035572384163968351e+00 7.015239667055278228e-21 6.013371808156013159e-21
5.036237384163539943e+00 -1.862360241960595996e-21 5.387970826250596818e-21
5.036902384163111535e+00 -1.079814347876983872e-20 5.483326772397865259e-21
5.037567384162683126e+00 -1.372143805070349084e-20 5.460476005324072120e-21
5.038232384162254718e+00 -1.602275775122784343e-20 5.289164770713807165e-21
5.038897384161826309e+00 8.070480757947939210e-21 4.850084305621904874e-21
5.039562384161397901e+00 -4.687014767640138148e-21 5.748601576916610438e-21
5.040227384160969493e+00 2.326872031404778236e-20 5.600112349521405413e-21
5.040892384160541084e+00 5.720753649030680140e-22 5.385913852442233379e-21
5.041557384160112676e+00 -3.252212667248126275e-20 4.962856901554793723e-21
5.042222384159684268e+00 1.205901096870626839e-20 5.216507537925252193e-21
5.042887384159255859e+00 2.226343826693193136e-20 5.274651546789787765e-21
5.043552384158827451e+00 2.483714562914284254e-20 5.258139502786258156e-21
5.044217384158399042e+00 3.942572721774946435e-20 5.657393544149834136e-21
5.044882384157970634e+00 6.076918886328973765e-20 5.505559950335710170e-21
5.045547384157542226e+00 -6.929265278491152825e-21 5.584929346728763644e-21
5.046212384157113817e+00 1.724857120356255112e-20 7.021279841192781984e-21
5.046877384156685409e+00 3.062325653347957426e-21 6.781669690685641792e-21
5.047542384156257000e+00 3.205737450198171150e-20 6.724125150834062472e-21
5.048207384155828592e+00 4.757577076693785881e-20 5.757831857518110263e-21
5.048872384155400184e+00 2.921557733453258906e-20 6.227628369671495402e-21
5.049537384154971775e+00 4.298630094604788554e-20 5.769997915347212537e-21
5.050202384154543367e+00 2.984209976526964602e-20 6.199248788581710714e-21
5.050867384154114959e+00 4.891291239345837482e-20 5.422152743395169198e-21
5.051532384153686550e+00 6.120522575167896520e-20 5.487913811030098219e-21
5.052197384153258142e+00 4.243272669727810787e-20 6.090718851465741282e-21
5.052862384152829733e+00 -1.475198261729108307e-20 5.710462152709608418e-21
5.053527384152401325e+00 1.308003543116353081e-20 5.533360543604271951e-21
5.054192384151972917e+00 -7.333545837834426191e-21 5.679631535894268504e-21
5.054857384151544508e+00 -5.566529159325968684e-21 5.757780708203206726e-21
5.055522384151116100e+00 2.358892973091657058e-20 6.782355185345616919e-21
5.056187384150687691e+00 4.600203259459792105e-20 5.534023866414225519e-21
5.056852384150259283e+00 6.399477723950793224e-20 5.739041577679316159e-21
5.057517384149830875e+00 3.827132448743443591e-20 5.636802176229200243e-21
5.058182384149402466e+00 3.862800914904120905e-20 5.789635891953992355e-21
5.058847384148974058e+00 2.563025222649838653e-20 6.280754212294335047e-21
5.059512384148545650e+00 4.119901720790133482e-20 5.742072158424925755e-21
5.060177384148117241e+00 -1.007626073416202689e-20 5.588688537160490408e-21
5.060842384147688833e+00 1.720705125231937080e-20 5.612419781941336277e-21
5.061507384147260424e+00 2.226276077361652445e-20 5.469319727492900217e-21
5.062172384146832016e+00 3.578124920604330903e-20 5.833375637264265465e-21
5.062837384146403608e+00 -1.754654322126626193e-21 8.834549180496179753e-21
5.063502384145975199e+00 -3.249194766809230837e-21 7.334588019917089876e-21
5.064167384145546791e+00 4.691891469356704236e-20 6.825600140292711867e-21
5.064832384145118382e+00 -7.238099540784813805e-21 6.158092048651133626e-21
5.065497384144689974e+00 2.036542753102824672e-20 5.619251382869452276e-21
5.066162384144261566e+00 -2.065751155078038459e-20 5.726523563208595196e-21
5.066827384143833157e+00 2.605268382783365444e-22 5.674107188439653803e-21
5.067492384143404749e+00 3.304224754465144968e-20 5.476628730071038851e-21
5.068157384142976341e+00 -1.947754774169958978e-21 5.481224065674603271e-21
5.068822384142547932e+00 3.304551318836267827e-20 5.351420826389489224e-21
5.069487384142119524e+00 3.808071691017098752e-20 5.448825459842976304e-21
5.070152384141691115e+00 6.745492690266577568e-20 5.817795209416801513e-21
5.070817384141262707e+00 4.452354866622670547e-20 6.123226179938693345e-21
5.071482384140834299e+00 6.040780044532919921e-20 5.909329291664287917e-21
5.072147384140405890e+00 4.780108780845206276e-20 5.148645860739627395e-21
5.072812384139977482e+00 5.024816933026393437e-20 5.700810119856625235e-21
5.073477384139549073e+00 2.845289959138842504e-20 5.362919476827616302e-21
5.074142384139120665e+00 1.185642206569642714e-20 5.510214690158098895e-21
5.074807384138692257e+00 6.197110956626903005e-21 6.146360252834748848e-21
5.075472384138263848e+00 2.012077947944082295e-20 6.272420755056997869e-21
5.076137384137835440e+00 2.337161682601043546e-20 5.605564473494002410e-21
5.076802384137407032e+00 7.095322266581485992e-20 6.632091603648543401e-21
5.077467384136978623e+00 4.439332105596248569e-20 6.762385515474024658e-21
5.078132384136550215e+00 3.838424409888937190e-20 6.006155886799872816e-21
5.078797384136121806e+00 -7.070630561762622101e-21 5.512769612070281914e-21
5.079462384135693398e+00 1.208377471770065746e-21 5.164829118014315253e-21
5.080127384135264990e+00 7.138809339140130310e-20 6.197577527272547420e-21
5.080792384134836581e+00 1.911567080031194390e-20 5.583956919204131403e-21
5.081457384134408173e+00 -1.933925274957038619e-20 5.695508583318723970e-21
5.082122384133979764e+00 1.973803899449778282e-20 5.647397591038079205e-21
5.082787384133551356e+00 1.420328906729816277e-20 5.822930229864398572e-21
5.083452384133122948e+00 3.697433097286764618e-20 5.474706603210220447e-21
5.084117384132694539e+00 1.262687516804691828e-20 5.754663902273284547e-21
5.084782384132266131e+00 -1.576640293577336789e-21 6.519057330601374691e-21
5.085447384131837723e+00 2.131153345504646486e-20 5.773489336089094014e-21
5.086112384131409314e+00 2.374803792078641564e-20 6.009422686477402807e-21
5.086777384130980906e+00 1.752720434624546040e-20 5.653574013936612897e-21
5.087442384130552497e+00 5.922107488116522728e-20 7.297951022458410081e-21
5.088107384130124089e+00 3.283318087471115832e-20 6.033210576352643892e-21
5.088772384129695681e+00 1.647166922836131011e-20 5.653418949324657980e-21
5.089437384129267272e+00 1.124256833071680052e-20 5.658627302901120143e-21
5.090102384128838864e+00 1.308314610067099810e-20 5.332251042694329138e-21
5.090767384128410455e+00 4.071708937425868032e-20 6.179613958980130354e-21
5.091432384127982047e+00 3.829681139104739429e-20 6.018981476056574403e-21
5.092097384127553639e+00 4.602258126762736099e-21 5.309366508251817216e-21
5.092762384127125230e+00 1.706599714525201747e-21 5.284424484850595057e-21
5.093427384126696822e+00 4.343753629143734389e-20 6.209500345456321521e-21
5.094092384126268414e+00 4.990731717223693485e-20 5.449248412775041219e-21
5.094757384125840005e+00 4.250445932515936155e-20 5.516176892054168028e-21
5.095422384125411597e+00 2.461528846027542278e-20 6.552896592829849668e-21
5.096087384124983188e+00 4.826199806326447982e-20 5.134408331911316991e-21
5.096752384124554780e+00 3.065900346659683882e-20 5.333945535378327240e-21
5.097417384124126372e+00 4.194131403504884870e-20 5.192342065735407788e-21
5.098082384123697963e+00 2.901166995387892335e-20 6.046541411185383340e-21
5.098747384123269555e+00 3.703724723187804720e-20 1.104593054993405836e-20
5.099412384122841146e+00 4.722579615458628299e-20 9.177955856568179462e-21
5.100077384122412738e+00 4.275519705936150042e-20 1.086528163753310957e-20
5.100742384121984330e+00 2.555027934278534676e-20 5.775340401356015412e-21
5.101407384121555921e+00 2.865020151433232646e-20 5.673883315788975634e-21
5.102072384121127513e+00 2.570397646191701588e-20 5.692827044976094331e-21
5.102737384120699105e+00 8.619297203686791754e-21 5.764574176653283794e-21
5.103402384120270696e+00 2.564614842221512121e-20 5.722921752099446173e-21
5.104067384119842288e+00 2.474891104902594749e-20 5.432638228071468675e-21
5.104732384119413879e+00 3.044407219232518534e-20 5.820808396654573241e-21
5.105397384118985471e+00 5.231161590057798199e-20 5.680369299290297428e-21
5.106062384118557063e+00 4.309092442072930720e-20 5.553451937030653966e-21
5.106727384118128654e+00 5.036255780905628983e-20 5.826326134489181547e-21
5.107392384117700246e+00 1.273552788550181567e-20 6.182722869918448928e-21
5.108057384117271837e+00 3.259808328599098381e-20 5.218406249932853771e-21
5.108722384116843429e+00 3.087575371002129008e-20 5.998738505505282357e-21
5.109387384116415021e+00 2.901485381346589280e-20 5.800525480692691459e-21
5.110052384115986612e+00 4.648782170350327812e-20 5.697030522823252992e-21
5.110717384115558204e+00 4.003327397950360488e-20 5.809650300511653204e-21
5.111382384115129796e+00 1.785741097485030525e-20 5.491555430457470147e-21
5.112047384114701387e+00 1.315217900299581182e-20 5.855983592138184335e-21
5.112712384114272979e+00 4.025140597340450127e-20 5.805166167450826922e-21
5.113377384113844570e+00 3.335927065458983728e-20 3.820813334823893599e-20
5.114042384113416162e+00 6.096648698797457140e-20 4.588992290327870736e-20
5.114707384112987754e+00 2.987793540897809803e-20 3.498184055400475528e-20
5.115372384112559345e+00 3.297279729016146100e-20 4.591371858006539917e-20
5.116037384112130937e+00 5.019793669044302870e-20 6.133171533278062137e-21
5.116702384111702528e+00 2.065054518758720192e-20 5.960057488805733642e-21
5.117367384111274120e+00 9.796238698647273638e-21 5.927686008948574817e-21
5.118032384110845712e+00 4.370727028154368491e-20 6.736302911599776320e-21
5.118697384110417303e+00 5.710450529176901317e-20 5.702957709781294496e-21
5.119362384109988895e+00 5.014096197603776398e-20 5.505071734068903518e-20
5.120027384109560487e+00 2.898538412087411981e-20 7.936936598034326295e-21
5.120692384109132078e+00 2.760278985805247060e-20 5.709453830911286263e-21
5.121357384108703670e+00 8.974533480743566659e-21 5.806747447821579893e-21
5.122022384108275261e+00 -1.791551944377815667e-21 6.135837606303460129e-21
5.122687384107846853e+00 5.374637091560184629e-20 5.805641713213278108e-21
5.123352384107418445e+00 7.970298140789573784e-20 5.610125993903264171e-21
5.124017384106990036e+00 9.202089846236956223e-21 5.580356588397808712e-21
5.124682384106561628e+00 2.356309388928876238e-20 5.254769489360640512e-21
5.125347384106133219e+00 6.843945663778022381e-20 5.469462809599478699e-21
5.126012384105704811e+00 5.676160174963821900e-20 5.863438549186773645e-21
5.126677384105276403e+00 4.657878294450875896e-20 5.563348772632671825e-21
5.127342384104847994e+00 2.958872065813282506e-20 5.485895459875970771e-21
5.128007384104419586e+00 4.733159621391810277e-20 5.773694736239744451e-21
5.128672384103991178e+00 3.859365246163557486e-20 6.516702708852087188e-21
5.129337384103562769e+00 2.318098293058755097e-20 5.756853207691877223e-21
5.130002384103134361e+00 5.803411155584387212e-20 5.982955992673459209e-21
5.130667384102705952e+00 4.773469731621032131e-20 5.618645446912580264e-21
5.131332384102277544e+00 4.125690337827799487e-20 5.569399495410187275e-21
5.131997384101849136e+00 4.763225887451052364e-20 6.018997432824314219e-21
5.132662384101420727e+00 5.648353406018559935e-20 5.897323469495692649e-21
5.133327384100992319e+00 7.255113919575939359e-20 6.263010883071963396e-21
5.133992384100563910e+00 3.663023584520032205e-20 6.277102919885762925e-21
5.134657384100135502e+00 2.215713550340497354e-20 6.123708232940211440e-21
5.135322384099707094e+00 4.006603280696217874e-20 6.855491489815101218e-21
5.135987384099278685e+00 4.862868068151349510e-20 5.769789249345086834e-21
5.136652384098850277e+00 3.515620134354017990e-20 5.955141397600019695e-21
5.137317384098421869e+00 4.862912204046700222e-20 5.648681893913723146e-21
5.137982384097993460e+00 9.713211569835152969e-20 5.972375905434112793e-21
5.138647384097565052e+00 3.093938512045888224e-20 5.696541199280452555e-21
5.139312384097136643e+00 4.186700792913232686e-20 6.040924239637699383e-21
5.139977384096708235e+00 6.879932216546138572e-20 5.576654366058486806e-21
5.140642384096279827e+00 5.712294203619455975e-20 5.979112767633815509e-21
5.141307384095851418e+00 5.666011778057290028e-20 6.060521311808396440e-21
5.141972384095423010e+00 7.378088608502187572e-20 5.876851639415457741e-21
5.142637384094994601e+00 6.799443809835814831e-20 6.334399613228548650e-21
5.143302384094566193e+00 8.133677486171678950e-20 7.111551581268176858e-21
5.143967384094137785e+00 6.591455207421272964e-20 6.376530350808770104e-21
5.144632384093709376e+00 5.002602640053290318e-20 5.862080464938198202e-21
5.145297384093280968e+00 8.200697979099914148e-20 5.891814241028552428e-21
5.145962384092852560e+00 5.770924989803333607e-20 5.567890234833968100e-21
5.146627384092424151e+00 7.389436238905386434e-20 6.172762744070206363e-21
5.147292384091995743e+00 7.903344747442710954e-20 6.460863159246477467e-21
5.147957384091567334e+00 1.260902602509155920e-19 6.414591211459101522e-21
5.148622384091138926e+00 1.005565791378928947e-19 6.153341568464387881e-21
5.149287384090710518e+00 7.158198629937978905e-20 5.750141472632329480e-21
5.149952384090282109e+00 7.203239379753161364e-20 5.931681891847242301e-21
5.150617384089853701e+00 9.890507954070592469e-20 5.797746031610270225e-21
5.151282384089425292e+00 1.140396244969030829e-19 5.730138932187585320e-21
5.151947384088996884e+00 7.377548666844705259e-20 5.704362267319316813e-21
5.152612384088568476e+00 1.054035015319158024e-19 6.072098597490614414e-21
5.153277384088140067e+00 1.336793546588157080e-19 5.797093147974944337e-21
5.153942384087711659e+00 1.055272579875373541e-19 6.108105202137240777e-21
5.154607384087283251e+00 1.414139498910405254e-19 6.137097277278391909e-21
5.155272384086854842e+00 1.317544499981408719e-19 5.850666545986103732e-21
5.155937384086426434e+00 1.372109624320500063e-19 6.119664050018181832e-21
5.156602384085998025e+00 1.012751061869871569e-19 6.129238945960639403e-21
5.157267384085569617e+00 1.093184564614520147e-19 6.260072221576955989e-21
5.157932384085141209e+00 1.193948164950140411e-19 6.022614724703526957e-21
5.158597384084712800e+00 1.056738492775378105e-19 6.491568475542462423e-21
5.159262384084284392e+00 1.033004893268980889e-19 6.190979367930750680e-21
5.159927384083855983e+00 7.829344492988235651e-20 5.869420319580676471e-21
5.160592384083427575e+00 9.512213497989617529e-20 5.423309350084192597e-21
5.161257384082999167e+00 6.165506322365126099e-20 5.684575214600344528e-21
5.161922384082570758e+00 5.198847973697424349e-20 5.763325642259003297e-21
5.162587384082142350e+00 8.745608622406452532e-20 5.836734980968291348e-21
5.163252384081713942e+00 7.845780076023475177e-20 6.171182500742124304e-21
5.163917384081285533e+00 7.728119415542311086e-20 6.520313906128739877e-21
5.164582384080857125e+00 9.449464987107141496e-20 6.264185644381141895e-21
5.165247384080428716e+00 5.887366478329541804e-20 5.675185693100058179e-21
5.165912384080000308e+00 4.183113241123627116e-20 6.036375523243133347e-21
5.166577384079571900e+00 8.618362380457746054e-20 5.972108270716541314e-21
5.167242384079143491e+00 1.078039340011554820e-19 1.011326581745427889e-20
5.167907384078715083e+00 1.093456317517287664e-19 1.131841607079953772e-20
5.168572384078286674e+00 8.119186874726252321e-20 1.981574251469328192e-20
5.169237384077858266e+00 7.273044210701430009e-20 6.097536489107773286e-21
5.169902384077429858e+00 8.370395909805337637e-20 6.553054450604920901e-21
5.170567384077001449e+00 7.797462041474585912e-20 6.318929828242264547e-21
5.171232384076573041e+00 9.528775287260704607e-20 6.641875030823577307e-21
5.171897384076144633e+00 7.156570333187006304e-20 5.792300525876456865e-21
5.172562384075716224e+00 3.807346541719198493e-20 5.996289579042874530e-21
5.173227384075287816e+00 1.419478791222497962e-20 5.952750240848049434e-21
5.173892384074859407e+00 -5.371007446686911677e-21 5.743687081435133211e-21
5.174557384074430999e+00 -6.811163345005559996e-21 5.771205690829713564e-21
5.175222384074002591e+00 2.871251739654864051e-20 5.717482506371670443e-21
5.175887384073574182e+00 2.546514208893485257e-20 5.685299046090039306e-21
5.176552384073145774e+00 5.156918486255151153e-20 5.888441116238164320e-21
5.177217384072717365e+00 9.332199986076160924e-20 6.430935170598220742e-21
5.177882384072288957e+00 2.658169843021590812e-20 5.785420964706311541e-21
5.178547384071860549e+00 1.622892771528675563e-20 6.142910955859552661e-21
5.179212384071432140e+00 2.414054392510780658e-20 5.978168731905231556e-21
5.179877384071003732e+00 3.088111494188034665e-20 5.668167268547663669e-21
5.180542384070575324e+00 8.553627580286706451e-20 5.482743111287452161e-21
5.181207384070146915e+00 3.163679116790993892e-20 6.024839331214520484e-21
5.181872384069718507e+00 2.005231905874423634e-20 5.777695726290210218e-21
5.182537384069290098e+00 2.548539320316684900e-20 5.968959887039241631e-21
5.183202384068861690e+00 6.143506185890968599e-21 7.046044658823469713e-21
5.183867384068433282e+00 9.474059148187530156e-21 1.236206991810629831e-20
5.184532384068004873e+00 2.158283696741885178e-20 1.068977362242439906e-20
5.185197384067576465e+00 3.261558390249279582e-20 7.362080014246203518e-21
5.185862384067148056e+00 -1.082504248490627699e-20 6.013363500155493294e-21
5.186527384066719648e+00 3.522055860937148596e-20 6.287977349679961992e-21
5.187192384066291240e+00 1.526038905960973715e-20 5.668791582578297643e-21
5.187857384065862831e+00 2.366317704696742317e-20 6.425706577210853066e-21
5.188522384065434423e+00 3.587620614974585781e-20 6.149767208792545859e-21
5.189187384065006015e+00 3.465722711398443600e-20 6.039055063193269431e-21
5.189852384064577606e+00 3.306163426060492390e-20 5.380708207441037021e-21
5.190517384064149198e+00 3.384468472548976050e-21 5.949529041956359954e-21
5.191182384063720789e+00 5.310271457763210625e-21 6.264308512708796669e-21
5.191847384063292381e+00 2.473799940750756427e-20 6.718441062087353170e-21
5.192512384062863973e+00 -4.620785918555036743e-21 6.251568169023882102e-21
5.193177384062435564e+00 3.068955470261467175e-20 5.576146367054370689e-21
5.193842384062007156e+00 8.155313793133173331e-20 6.148814829983767112e-21
5.194507384061578747e+00 5.129326768949664502e-20 6.545443370836023961e-21
5.195172384061150339e+00 1.348614907214728616e-20 7.153129661333025858e-21
5.195837384060721931e+00 1.607145917951183129e-20 5.959482058600244075e-21
5.196502384060293522e+00 6.124435270784701118e-20 5.724313402447660267e-21
5.197167384059865114e+00 4.460675110823151525e-20 5.920272075468702776e-21
5.197832384059436706e+00 4.806060794420376465e-20 5.560750355177493671e-21
5.198497384059008297e+00 1.990521604941306399e-20 5.648483904935721223e-21
5.199162384058579889e+00 -9.525976879129154621e-21 5.677834800352954003e-21
5.199827384058151480e+00 1.616624758821773060e-20 6.016127934998208257e-21
5.200492384057723072e+00 2.729640546189729782e-20 6.918053791102147055e-21
5.201157384057294664e+00 1.168275807325051392e-20 6.549552395648019258e-21
5.201822384056866255e+00 4.703776523277018059e-20 6.139931084089605436e-21
5.202487384056437847e+00 2.721313834721138247e-20 5.598450410087970205e-21
5.203152384056009438e+00 2.471022688219192652e-21 6.081613255248558937e-21
5.203817384055581030e+00 -4.123900798287227170e-20 6.113129580859968691e-21
5.204482384055152622e+00 3.490313892460923398e-20 5.907018004627454304e-21
5.205147384054724213e+00 6.575454606704302905e-20 6.271227498282605005e-21
5.205812384054295805e+00 3.311381190321907674e-20 6.270051574444790410e-21
5.206477384053867397e+00 3.056107771510557525e-20 7.130940335836345172e-21
5.207142384053438988e+00 -4.666126450312459966e-21 6.002636438052900308e-21
5.207807384053010580e+00 -1.333228070042479602e-20 5.524350951585730972e-21
5.208472384052582171e+00 2.768005436531049135e-20 6.343174547923375337e-21
5.209137384052153763e+00 9.888907681008931350e-21 5.965941620541193706e-21
5.209802384051725355e+00 4.184889704907003892e-20 5.603556347297475990e-21
5.210467384051296946e+00 3.342755947559632460e-20 6.135557211271214428e-21
5.211132384050868538e+00 1.078644211722245766e-20 8.284346105733418024e-21
5.211797384050440129e+00 1.978451138756994279e-20 7.826521910096945199e-21
5.212462384050011721e+00 6.163186644211167231e-20 1.046057652320883555e-20
5.213127384049583313e+00 1.928454722271554910e-21 7.293078965535307250e-21
5.213792384049154904e+00 -4.986916349498441914e-21 8.829272854841370979e-21
5.214457384048726496e+00 -2.459862367998405332e-22 6.132819549011797326e-21
5.215122384048298088e+00 5.614346843072236413e-20 5.955524171973855054e-21
5.215787384047869679e+00 7.159321018445092930e-20 6.435551226019703032e-21
5.216452384047441271e+00 7.992665223083646985e-20 5.998138046172449324e-21
5.217117384047012862e+00 4.015504351355448917e-20 5.795885381782443249e-21
5.217782384046584454e+00 1.118170263807843448e-20 6.354626348298603892e-21
5.218447384046156046e+00 1.807927194987204620e-20 6.874105074168698813e-21
5.219112384045727637e+00 4.663618219235532152e-20 6.259925460107453683e-21
5.219777384045299229e+00 6.573252311438802283e-20 5.987908598429895765e-21
5.220442384044870821e+00 2.787106693335108487e-20 6.269117881635842214e-21
5.221107384044442412e+00 -1.236860059595460827e-20 6.357727779313589878e-21
5.221772384044014004e+00 1.366490296050208058e-20 6.638736864208242965e-21
5.222437384043585595e+00 1.811675285110026374e-20 6.015893133497346322e-21
5.223102384043157187e+00 4.093128169363280022e-20 5.713094747387952245e-21
5.223767384042728779e+00 6.061342955640758757e-20 5.839860191796510455e-21
5.224432384042300370e+00 8.537118341820844892e-21 6.654920229957156055e-21
5.225097384041871962e+00 2.151736405859825982e-20 6.199772782388180091e-21
5.225762384041443553e+00 -1.941115985203148277e-20 6.057268298491293787e-21
5.226427384041015145e+00 -2.745190465706767506e-20 5.742623787587541321e-21
5.227092384040586737e+00 8.490676628826216636e-21 6.673351810844932767e-21
5.227757384040158328e+00 2.330732356966247297e-20 6.268707010296294854e-21
5.228422384039729920e+00 8.973336462252645964e-21 6.427424543983667342e-21
5.229087384039301512e+00 8.236523878501730826e-20 6.034587318021226018e-21
5.229752384038873103e+00 9.258779034099903510e-21 5.900187856839800382e-21
5.230417384038444695e+00 3.966100999609634291e-20 6.143543680384236904e-21
5.231082384038016286e+00 4.671785274783003636e-20 6.170658690800826872e-21
5.231747384037587878e+00 3.483840032222938744e-20 6.688898990840046225e-21
5.232412384037159470e+00 5.466986906850613540e-20 6.171502958162014462e-21
5.233077384036731061e+00 6.912011896109704302e-20 5.998804804802363413e-21
5.233742384036302653e+00 9.957477898477494482e-21 6.558762622450602322e-21
5.234407384035874244e+00 2.209063701826207803e-20 6.279660641773875433e-21
5.235072384035445836e+00 9.163736050166438241e-21 5.836356514542428165e-21
5.235737384035017428e+00 2.841940670252389364e-20 6.206195543181784708e-21
5.236402384034589019e+00 6.932695845672949575e-20 6.444430461878448654e-21
5.237067384034160611e+00 7.255613822675237248e-20 6.320260450587260052e-21
5.237732384033732203e+00 3.963813987895707752e-20 8.181028669626998595e-21
5.238397384033303794e+00 3.228921970717820680e-20 7.290955710248653869e-21
5.239062384032875386e+00 -2.990611699805278181e-20 6.759818615583270251e-21
5.239727384032446977e+00 -1.219162140369288479e-20 6.309870968891781519e-21
5.240392384032018569e+00 8.309826326452472448e-21 8.006112884465602093e-21
5.241057384031590161e+00 5.377260890818581935e-21 6.944489401705366610e-21
5.241722384031161752e+00 -2.430840408557648516e-20 6.338548798445498010e-21
5.242387384030733344e+00 2.643646589162930946e-20 6.132793910714195208e-21
5.243052384030304935e+00 4.708660804749091516e-20 6.295894919139538694e-21
5.243717384029876527e+00 3.833986303004945735e-20 6.165536337603508466e-21
5.244382384029448119e+00 4.784242596191837839e-20 6.042882381834061282e-21
5.245047384029019710e+00 2.286866784515449181e-20 6.122278490265154575e-21
5.245712384028591302e+00 3.235527682657397360e-20 6.106531295646811635e-21
5.246377384028162894e+00 1.545590640249145350e-20 6.105269792982678514e-21
5.247042384027734485e+00 4.814286568609132292e-20 6.226592758734163216e-21
5.247707384027306077e+00 2.401397978074582615e-20 6.545038102712746961e-21
5.248372384026877668e+00 8.883959833202024091e-21 6.458218129538997619e-21
5.249037384026449260e+00 2.632484041583052192e-20 6.490883832145907558e-21
5.249702384026020852e+00 -1.296805153707768133e-20 6.639011094696156931e-21
5.250367384025592443e+00 4.255493583425712561e-20 8.944093359945405869e-21
5.251032384025164035e+00 6.825848625076529680e-20 1.548337961855955161e-20
5.251697384024735626e+00 2.504177213055088534e-20 2.363214003616010373e-20
5.252362384024307218e+00 -4.774476621589034103e-20 1.812180953566035904e-20
5.253027384023878810e+00 2.357329065688980316e-20 6.304233635499632968e-21
5.253692384023450401e+00 -1.241852575962960516e-20 6.380401380759083908e-21
5.254357384023021993e+00 -3.369656450286414533e-20 7.170148646957379585e-21
5.255022384022593585e+00 -1.151584825810034035e-21 6.810735241063287870e-21
5.255687384022165176e+00 -2.940169412776356669e-20 6.431046055983320507e-21
5.256352384021736768e+00 3.336199878694920626e-20 6.885941440145221485e-21
5.257017384021308359e+00 3.000129882667051136e-20 6.667632275256953637e-21
5.257682384020879951e+00 1.392739825306062715e-20 6.170996147919320020e-21
5.258347384020451543e+00 4.652982828706966499e-20 6.484713330058841844e-21
5.259012384020023134e+00 3.630290201294172711e-20 6.651306238198458315e-21
5.259677384019594726e+00 3.821072744630158163e-20 6.733388376672227389e-21
5.260342384019166317e+00 5.594090461794814066e-20 6.667645219539034334e-21
5.261007384018737909e+00 3.401375558572109621e-20 6.560598772165923941e-21
5.261672384018309501e+00 4.844532025262590649e-20 6.762275631150566852e-21
5.262337384017881092e+00 4.261923425007837466e-20 6.351881148277104007e-21
5.263002384017452684e+00 2.657941303354246975e-20 5.842397060026176933e-21
5.263667384017024276e+00 1.179133282374539945e-20 6.585517586157476104e-21
5.264332384016595867e+00 7.170525313698148574e-20 6.217652732155385185e-21
5.264997384016167459e+00 2.703359877024003487e-20 6.134669508950218527e-21
5.265662384015739050e+00 1.241249755455721774e-20 6.463651222204052029e-21
5.266327384015310642e+00 3.097813824748272743e-20 6.135044602315669789e-21
5.266992384014882234e+00 2.096266299681725337e-20 6.329726077905373585e-21
5.267657384014453825e+00 8.410003502450888991e-21 6.301821229359799550e-21
5.268322384014025417e+00 -1.163476653603705102e-21 6.839323898034267712e-21
5.268987384013597008e+00 3.285894512756958027e-20 5.947067926219861166e-21
5.269652384013168600e+00 5.599525994018920709e-20 9.371781832503405619e-21
5.270317384012740192e+00 -3.787840144996613426e-20 1.101562883402776668e-20
