Wavelength_um Flux Err
2.870332385558867827e+00 -1.160597485830460418e-20 1.145472510424242340e-20
2.870997385558439419e+00 -1.400580186979575298e-20 8.599088457169855934e-21
2.871662385558011010e+00 -4.643051913862987556e-20 8.292566338747285452e-21
2.872327385557582602e+00 -6.770928415947604844e-21 8.809296832783070512e-21
2.872992385557154194e+00 8.509040988711627808e-21 8.791784905997330034e-21
2.873657385556725785e+00 4.631840791691501082e-20 8.163471072721689086e-21
2.874322385556297377e+00 1.386273642182746094e-20 8.162633974778302069e-21
2.874987385555868968e+00 7.873333435947699863e-20 7.916895977559577868e-21
2.875652385555440560e+00 -2.083584255586882563e-22 9.521237138292608591e-21
2.876317385555012152e+00 1.247928898495032110e-21 8.137906441900286686e-21
2.876982385554583743e+00 4.242456950720196801e-20 7.755020399082816033e-21
2.877647385554155335e+00 8.872345473438620444e-21 7.564584165126735701e-21
2.878312385553726926e+00 2.280737199966117453e-20 7.897629294803678438e-21
2.878977385553298518e+00 6.574875475080433795e-20 8.869094791493631399e-21
2.879642385552870110e+00 9.426934710243261551e-20 1.944906850738531535e-20
2.880307385552441701e+00 2.905158396797330063e-20 1.364641485542273760e-20
2.880972385552013293e+00 4.886809737341799417e-20 8.114357450315939245e-21
2.881637385551584885e+00 -4.407777013186513468e-21 8.658166968133981647e-21
2.882302385551156476e+00 -2.160337073367199688e-20 8.248610986871678329e-21
2.882967385550728068e+00 1.431699425342048409e-20 7.689746716500753314e-21
2.883632385550299659e+00 4.654403850409867224e-20 8.153343598643733946e-21
2.884297385549871251e+00 3.483650149962791072e-20 8.019320157516043227e-21
2.884962385549442843e+00 2.504076513368201967e-20 9.812927234288046765e-21
2.885627385549014434e+00 -1.595732004752187769e-20 7.911307800487355017e-21
2.886292385548586026e+00 -2.919402334894366386e-20 8.149495011886479271e-21
2.886957385548157617e+00 2.191442200354127986e-20 7.611323137726505418e-21
2.887622385547729209e+00 -3.198075960006092571e-20 7.832010970906510491e-21
2.888287385547300801e+00 -3.756915481887270818e-20 8.316909697385362069e-21
2.888952385546872392e+00 2.596285493282588820e-20 8.417474432622619198e-21
2.889617385546443984e+00 5.687056346977147140e-20 7.666233548539253871e-21
2.890282385546015576e+00 6.034897367044597993e-20 7.643421043130316782e-21
2.890947385545587167e+00 7.706590907967296062e-20 7.738498326079101149e-21
2.891612385545158759e+00 4.193932020077338943e-20 7.208121737002214458e-21
2.892277385544730350e+00 4.405548071187558302e-20 8.084205421446611080e-21
2.892942385544301942e+00 -3.677002075963994955e-20 8.138716545298069951e-21
2.893607385543873534e+00 2.146593139606576351e-20 7.803058041814415657e-21
2.894272385543445125e+00 8.068785401059975015e-20 7.504245640341129351e-21
2.894937385543016717e+00 9.377708059934698631e-20 8.884533710238006586e-21
2.895602385542588308e+00 5.703200998455342802e-20 9.120150115205644169e-21
2.896267385542159900e+00 1.445917563681431577e-19 9.608263961156723235e-21
2.896932385541731492e+00 8.904947596215041562e-20 7.578595682740448116e-21
2.897597385541303083e+00 7.645159518591683094e-20 7.170059162441766624e-21
2.898262385540874675e+00 5.124132614042620564e-20 7.264292568388621290e-21
2.898927385540446267e+00 4.516293908161251167e-20 7.505501104012260176e-21
2.899592385540017858e+00 5.674202644650741559e-20 7.259247175117983929e-21
2.900257385539589450e+00 4.497532394609619273e-20 7.004974980434831986e-21
2.900922385539161041e+00 7.747552521965878585e-20 7.520228603178413498e-21
2.901587385538732633e+00 5.492382653924505160e-20 7.478479077043630177e-21
2.902252385538304225e+00 8.153731415634917009e-20 7.754731959614529330e-21
2.902917385537875816e+00 6.661338413267045993e-20 7.343800528181832642e-21
2.903582385537447408e+00 3.832508369044015017e-20 7.062386494685555234e-21
2.904247385537018999e+00 1.469334661551574304e-20 7.366626047747823943e-21
2.904912385536590591e+00 -3.547408001719950498e-20 7.403605556522631380e-21
2.905577385536162183e+00 5.626923768221602509e-20 7.511071091819473060e-21
2.906242385535733774e+00 2.252104541509034496e-20 8.046873711897734366e-21
2.906907385535305366e+00 4.005142429652944026e-20 7.572053455234286615e-21
2.907572385534876958e+00 5.645960196067017851e-20 7.590493856420110147e-21
2.908237385534448549e+00 4.559073209332368803e-20 7.598795902349395283e-21
2.908902385534020141e+00 7.265735630923596952e-20 7.624074850044160132e-21
2.909567385533591732e+00 5.257306224631538922e-20 7.252508043529513023e-21
2.910232385533163324e+00 3.478205780210875166e-20 7.257560993141024823e-21
2.910897385532734916e+00 4.847696111255707321e-20 7.617528142448776253e-21
2.911562385532306507e+00 5.836890113779037208e-20 6.807835571033407102e-21
2.912227385531878099e+00 4.430594178093249310e-20 7.570338273531632416e-21
2.912892385531449690e+00 -1.422976397052567373e-20 7.339510980800950804e-21
2.913557385531021282e+00 3.774181514099064264e-20 6.765207617087834625e-21
2.914222385530592874e+00 1.560611165219173047e-20 7.771078322137296902e-21
2.914887385530164465e+00 -1.644686547017480943e-20 1.020649474560079234e-20
2.915552385529736057e+00 3.765829772160633163e-20 8.203352925655027359e-21
2.916217385529307649e+00 -2.236004566614128620e-20 7.019083193957780123e-21
2.916882385528879240e+00 4.023746106423225169e-20 6.867171307852614283e-21
2.917547385528450832e+00 2.132219892731071438e-20 6.813063443255988872e-21
2.918212385528022423e+00 4.419343507540339408e-20 7.914605345023036952e-21
2.918877385527594015e+00 8.393100209622454741e-20 7.580612982239959928e-21
2.919542385527165607e+00 5.975338791106295453e-20 1.017157434520434385e-20
2.920207385526737198e+00 -7.211142495802041691e-21 6.368005796780648734e-21
2.920872385526308790e+00 4.168454982276794974e-20 6.746309938410577371e-21
2.921537385525880381e+00 2.217023371718334871e-20 6.497157992953492198e-21
2.922202385525451973e+00 1.051373193630284090e-19 6.357642397607112968e-21
2.922867385525023565e+00 6.738136123800946280e-20 6.407504531644862014e-21
2.923532385524595156e+00 5.033336663615552996e-20 6.363896236182931003e-21
2.924197385524166748e+00 8.562911370066978876e-20 6.998598852979801010e-21
2.924862385523738340e+00 6.368771975067058519e-20 6.172743722862609791e-21
2.925527385523309931e+00 5.156208061381850183e-20 6.388859347312212521e-21
2.926192385522881523e+00 3.376246684155813606e-20 6.211333173536670810e-21
2.926857385522453114e+00 8.013532961376127788e-20 6.199407152705000712e-21
2.927522385522024706e+00 1.049643289798508525e-19 6.648895046359976597e-21
2.928187385521596298e+00 9.465731413568445920e-20 6.078389185864172118e-21
2.928852385521167889e+00 6.084468792872866830e-20 6.602297187616315694e-21
2.929517385520739481e+00 -5.803890114422298881e-20 6.652890045481353259e-21
2.930182385520311072e+00 5.201328156995147375e-21 6.338995245230437698e-21
2.930847385519882664e+00 4.273596132111109322e-20 6.042558803301167068e-21
2.931512385519454256e+00 3.472654539101659480e-20 6.873873466786109638e-21
2.932177385519025847e+00 3.838017813601820580e-20 6.076071808280297913e-21
2.932842385518597439e+00 4.388724973012180433e-20 6.594813701383918751e-21
2.933507385518169031e+00 6.887271012328844956e-20 6.358149859046506354e-21
2.934172385517740622e+00 1.688044833948081883e-20 6.815364859237434239e-21
2.934837385517312214e+00 -5.253116295682952899e-21 6.277230515712526902e-21
2.935502385516883805e+00 7.669394148635101759e-22 6.269346599551515872e-21
2.936167385516455397e+00 2.605743776756746046e-20 6.254139989362964967e-21
2.936832385516026989e+00 3.915879686358469058e-20 6.581413276221706611e-21
2.937497385515598580e+00 4.240270729620956109e-20 6.401014963445369470e-21
2.938162385515170172e+00 7.840294138970091043e-20 2.379432314443425944e-20
2.938827385514741763e+00 -2.552459060904443536e-21 7.287546070896339656e-21
2.939492385514313355e+00 -1.727822629174926302e-20 6.362726195252950728e-21
2.940157385513884947e+00 -1.357356569744053941e-20 9.832675625430771061e-21
2.940822385513456538e+00 -2.144795527549108794e-20 1.341011963816803019e-20
2.941487385513028130e+00 1.252268937832850138e-20 6.811178964722204423e-21
2.942152385512599722e+00 2.272384222368364695e-20 6.039835917592050052e-21
2.942817385512171313e+00 2.917794175268970496e-20 6.547618402369749507e-21
2.943482385511742905e+00 1.846278733815248690e-20 6.272284446518369769e-21
2.944147385511314496e+00 4.784088265070143052e-20 6.550289616195253778e-21
2.944812385510886088e+00 2.089236361184990554e-20 6.181327556235606432e-21
2.945477385510457680e+00 -1.370071214760244766e-20 5.932329152566362165e-21
2.946142385510029271e+00 -2.820257661807958382e-20 6.219585025177948491e-21
2.946807385509600863e+00 7.506771780933640113e-21 6.396095441886208666e-21
2.947472385509172454e+00 -2.726824055473312926e-20 6.229892906744536456e-21
2.948137385508744046e+00 -1.918996902228036561e-20 6.029428292574301393e-21
2.948802385508315638e+00 3.622182064124198199e-20 6.462460973983363030e-21
2.949467385507887229e+00 4.596655159013745271e-20 6.448813692062956266e-21
2.950132385507458821e+00 1.973297454595363007e-20 5.978880832387119211e-21
2.950797385507030413e+00 3.069953978796965372e-20 5.609955819309077696e-21
2.951462385506602004e+00 4.106781590240693917e-20 6.097676067142479396e-21
2.952127385506173596e+00 4.613856278725011183e-20 5.862599604852722436e-21
2.952792385505745187e+00 5.085462356585484851e-20 6.513458984701292464e-21
2.953457385505316779e+00 4.168465356389064448e-20 6.751033590110155314e-21
2.954122385504888371e+00 1.688217407604683920e-20 6.807378622474961089e-21
2.954787385504459962e+00 2.059972112478522987e-20 6.339550230970824081e-21
2.955452385504031554e+00 1.514772764692963913e-20 6.340047053464623601e-21
2.956117385503603145e+00 1.462664028396933204e-20 6.574663405765982482e-21
2.956782385503174737e+00 2.933565874886530644e-20 6.414565629186691648e-21
2.957447385502746329e+00 2.290313030134805541e-20 6.076392558651470496e-21
2.958112385502317920e+00 3.163186329240954063e-20 6.432271614236611764e-21
2.958777385501889512e+00 8.508858332566493105e-20 6.070349604587471272e-21
2.959442385501461104e+00 2.000869312139276391e-20 5.854563992570273690e-21
2.960107385501032695e+00 5.549117464708424548e-20 6.128548422050000584e-21
2.960772385500604287e+00 2.548435431957726845e-20 5.776712095204634915e-21
2.961437385500175878e+00 2.872179798024345166e-20 6.155691057061799530e-21
2.962102385499747470e+00 3.571729437086964807e-20 5.779152479641819827e-21
2.962767385499319062e+00 1.026418536557755841e-20 6.183857386098525695e-21
2.963432385498890653e+00 3.470140291484227884e-20 6.068865770622883192e-21
2.964097385498462245e+00 4.229197371520534559e-20 6.235713798214966320e-21
2.964762385498033836e+00 5.792338292135616459e-20 5.897071981024407779e-21
2.965427385497605428e+00 1.805218622176854505e-20 5.822167048276649236e-21
2.966092385497177020e+00 3.350584627601344600e-20 5.951780607628449722e-21
2.966757385496748611e+00 1.454548968089056405e-20 5.728674809883810197e-21
2.967422385496320203e+00 2.599784339547066796e-20 5.515295615422655861e-21
2.968087385495891795e+00 4.754768995080476276e-20 6.224961850157566562e-21
2.968752385495463386e+00 1.020130575493265562e-20 6.204902295199322595e-21
2.969417385495034978e+00 4.843088872740813039e-20 5.858816865294959911e-21
2.970082385494606569e+00 2.522102658145316290e-20 5.535178888141382571e-21
2.970747385494178161e+00 3.782917995936580330e-20 5.587731190738324086e-21
2.971412385493749753e+00 2.247434000013460580e-20 5.602237342861326800e-21
2.972077385493321344e+00 -2.990677103278363973e-20 5.571797937618015153e-21
2.972742385492892936e+00 2.631139839291826664e-20 6.346676525793374413e-21
2.973407385492464527e+00 3.651760143559733783e-20 5.785153738560722988e-21
2.974072385492036119e+00 -8.004566288952098744e-21 6.331493393488331049e-21
2.974737385491607711e+00 2.142922331486964994e-20 5.658385217713044501e-21
2.975402385491179302e+00 4.407700259998357094e-20 5.813926527237210938e-21
2.976067385490750894e+00 1.079741542645902131e-19 5.598118577736939606e-21
2.976732385490322486e+00 7.121672634022777490e-20 5.371514499517122349e-21
2.977397385489894077e+00 5.735699237356548322e-20 5.944338408014423011e-21
2.978062385489465669e+00 2.168483094944210228e-20 5.931847478236921845e-21
2.978727385489037260e+00 6.240655095655330941e-21 7.342787528799586799e-21
2.979392385488608852e+00 2.522751022067579219e-20 8.314660176493787471e-21
2.980057385488180444e+00 1.389431583175746081e-20 5.468595459634505081e-21
2.980722385487752035e+00 2.168747763878000069e-20 5.544698186488209183e-21
2.981387385487323627e+00 1.777503632233023188e-20 5.434197644312128720e-21
2.982052385486895218e+00 4.870239962313101409e-20 5.461449153876440038e-21
2.982717385486466810e+00 2.633731933261509137e-20 5.466016212315661553e-21
2.983382385486038402e+00 1.609579405134981660e-20 5.676506645209110143e-21
2.984047385485609993e+00 9.193328786817859122e-22 5.653068727801849091e-21
2.984712385485181585e+00 -1.966046073092774148e-20 5.309752735162746702e-21
2.985377385484753177e+00 7.893754692963243409e-21 6.257193621302456398e-21
2.986042385484324768e+00 5.352240239618869057e-20 5.276399622216963001e-21
2.986707385483896360e+00 4.448910401620900264e-20 5.544489970328930527e-21
2.987372385483467951e+00 7.260516192392799548e-20 1.100235455989818907e-20
2.988037385483039543e+00 6.657859838658464106e-20 1.756944785773034633e-20
2.988702385482611135e+00 6.928619370811003028e-20 5.502428148876364740e-21
2.989367385482182726e+00 5.770992083675759711e-20 5.016448116626130228e-21
2.990032385481754318e+00 6.715946315304868324e-20 5.342481143055104516e-21
2.990697385481325909e+00 6.856692103782062709e-20 5.726653405499168593e-21
2.991362385480897501e+00 6.696889890857292112e-20 5.697873851781615066e-21
2.992027385480469093e+00 4.212035207121336253e-20 5.336228551673313583e-21
2.992692385480040684e+00 1.111233561063980103e-20 5.530234764109667998e-21
2.993357385479612276e+00 1.920064581618246487e-20 6.225500765648199903e-21
2.994022385479183868e+00 -3.018236177488689227e-20 6.215619868016225693e-21
2.994687385478755459e+00 3.682735197079970835e-20 5.669203007931156741e-21
2.995352385478327051e+00 -6.900195638160000473e-21 5.851917021729320742e-21
2.996017385477898642e+00 3.135712544126423587e-20 5.787813490565941114e-21
2.996682385477470234e+00 3.550432000752311545e-20 6.150814096041649638e-21
2.997347385477041826e+00 1.296077965073154988e-20 6.471867272795890558e-21
2.998012385476613417e+00 3.641750873464732839e-20 6.073871451964062709e-21
2.998677385476185009e+00 5.853297348192680822e-20 5.281117871734755147e-21
2.999342385475756600e+00 6.082728265466625862e-20 5.496292204747768652e-21
3.000007385475328192e+00 4.073435742996360551e-20 5.890430352973182541e-21
3.000672385474899784e+00 3.291032432601984436e-20 5.342644482934754577e-21
3.001337385474471375e+00 2.766132376823029213e-20 5.108062436120311861e-21
3.002002385474042967e+00 3.862183893757520927e-21 5.147570535271882519e-21
3.002667385473614559e+00 -1.708344135109281664e-21 5.758305995062546229e-21
3.003332385473186150e+00 1.928202329695092590e-21 5.567055720066045254e-21
3.003997385472757742e+00 2.817389391001107185e-20 5.780929563066026627e-21
3.004662385472329333e+00 3.744178944623667000e-20 5.965753666245309747e-21
3.005327385471900925e+00 2.808015753683267755e-20 5.466716367411384193e-21
3.005992385471472517e+00 3.367958729490695487e-20 5.162804519839485312e-21
3.006657385471044108e+00 -5.233840705359513102e-21 5.501634192844546578e-21
3.007322385470615700e+00 -2.139029028564276788e-20 5.317151644275061537e-21
3.007987385470187292e+00 2.585983239202234458e-20 5.542600105047486756e-21
3.008652385469758883e+00 1.456149165859458901e-20 5.308036202967948422e-21
3.009317385469330475e+00 4.754869740712579610e-20 6.023437091193532692e-21
3.009982385468902066e+00 6.554532422629334904e-20 5.109705147208734739e-21
3.010647385468473658e+00 9.962756549985388960e-20 5.496078553308839019e-21
3.011312385468045250e+00 4.501585409206322772e-20 5.477304883790392525e-21
3.011977385467616841e+00 1.240671101186571051e-20 5.383920916487679763e-21
3.012642385467188433e+00 1.243607773616511078e-20 5.348770906277567390e-21
3.013307385466760024e+00 3.792316874977496911e-20 5.175980383487751354e-21
3.013972385466331616e+00 4.440698567701930177e-20 5.508870827041700883e-21
3.014637385465903208e+00 3.726373373984574249e-20 5.404419977618243720e-21
3.015302385465474799e+00 6.534142117605131643e-20 5.529550807145760424e-21
3.015967385465046391e+00 3.875482293809894391e-20 5.091099626459010211e-21
3.016632385464617983e+00 3.052701765058777241e-20 5.017747412496596876e-21
3.017297385464189574e+00 4.448358480117361672e-20 5.480220425692843612e-21
3.017962385463761166e+00 5.814598299020367458e-20 5.657414296232421526e-21
3.018627385463332757e+00 1.889796823640559930e-20 5.743551383762116259e-21
3.019292385462904349e+00 -4.835874341834776411e-21 5.364214515571565946e-21
3.019957385462475941e+00 2.386500350699763583e-20 5.288583942045452871e-21
3.020622385462047532e+00 6.164490488348680895e-20 5.548437653242582523e-21
3.021287385461619124e+00 5.554233925992091695e-20 6.363691244356327097e-21
3.021952385461190715e+00 6.214475232972531960e-20 5.723579654332396512e-21
3.022617385460762307e+00 3.398552242351255625e-20 5.030774179200122469e-21
3.023282385460333899e+00 7.249269916947210381e-21 5.236168078436031256e-21
3.023947385459905490e+00 1.444765550336674061e-21 5.036226994966631358e-21
3.024612385459477082e+00 5.474685176870917096e-20 5.119836164086979923e-21
3.025277385459048674e+00 2.229977295192519794e-20 5.373421948271482065e-21
3.025942385458620265e+00 1.559856621644527565e-20 5.935141536321256310e-21
3.026607385458191857e+00 7.895784580459636011e-20 6.504886127077375938e-21
3.027272385457763448e+00 2.874251124122228459e-20 6.026096911427238547e-21
3.027937385457335040e+00 1.086571733357243683e-19 5.657478962731352165e-20
3.028602385456906632e+00 8.070905518880036942e-20 5.092140231569154624e-20
3.029267385456478223e+00 6.665932348540320874e-20 4.055654320337656558e-20
3.029932385456049815e+00 3.233526822851724148e-20 7.559051480195850456e-21
3.030597385455621406e+00 2.352872509427448690e-20 8.321953433524883484e-21
3.031262385455192998e+00 1.459059472685806215e-20 7.141472853766474126e-21
3.031927385454764590e+00 5.580772921629667867e-20 6.125581393938437877e-21
3.032592385454336181e+00 3.097880870697008855e-20 6.248043867732011763e-21
3.033257385453907773e+00 5.779919406729444871e-20 5.954302032765941574e-21
3.033922385453479365e+00 5.024649761743816903e-20 5.220223109024595154e-21
3.034587385453050956e+00 2.990785509200655815e-20 5.533448484397040143e-21
3.035252385452622548e+00 4.639996623409320987e-20 4.945417552588931340e-21
3.035917385452194139e+00 3.783449513449622480e-20 5.655844409782648272e-21
3.036582385451765731e+00 3.159196807456245217e-20 4.889551063087026511e-21
3.037247385451337323e+00 2.875965401908589509e-21 5.150514990756910766e-21
3.037912385450908914e+00 2.046051278011027051e-20 5.125835550826555767e-21
3.038577385450480506e+00 3.671474167864107353e-20 4.955005117546533342e-21
3.039242385450052097e+00 -1.226650469444960024e-20 4.796348460870337719e-21
3.039907385449623689e+00 4.849128007769795322e-21 4.850105832248466861e-21
3.040572385449195281e+00 1.858939446850456472e-20 5.069510846971735250e-21
3.041237385448766872e+00 5.177109805558963072e-20 4.951052896270939580e-21
3.041902385448338464e+00 2.810499297858575790e-20 4.987521323991633464e-21
3.042567385447910056e+00 2.501707149943986809e-20 2.066409406319441276e-20
3.043232385447481647e+00 5.757812461057971026e-20 4.781916325115600634e-21
3.043897385447053239e+00 7.585323312731133481e-20 4.768269147156337059e-21
3.044562385446624830e+00 5.172541378983547942e-20 5.185103622996809410e-21
3.045227385446196422e+00 5.776830952306237043e-20 5.150875882950434519e-21
3.045892385445768014e+00 3.856979029044762136e-20 6.387246628700706636e-21
3.046557385445339605e+00 4.125375370375725641e-20 5.349727781422228283e-21
3.047222385444911197e+00 2.199338522786355462e-20 5.360810126603148349e-21
3.047887385444482788e+00 4.638831622050621217e-20 5.467875283471292597e-21
3.048552385444054380e+00 3.807757471216322615e-20 5.195410105567270378e-21
3.049217385443625972e+00 1.399742403020113619e-20 5.281082873156727508e-21
3.049882385443197563e+00 3.585041690847139788e-20 5.342199273759544158e-21
3.050547385442769155e+00 2.450646348828436149e-20 5.348231967002134827e-21
3.051212385442340747e+00 2.863934740749289262e-20 5.010627322135655202e-21
3.051877385441912338e+00 1.414452791529973120e-20 5.814130139665336319e-21
3.052542385441483930e+00 2.883688598784551364e-20 5.057357704383950071e-21
3.053207385441055521e+00 3.998889775207651974e-20 5.120568066267945889e-21
3.053872385440627113e+00 6.040615475418795277e-20 5.006102435049624227e-21
3.054537385440198705e+00 5.215583945803738940e-20 5.463748738797141336e-21
3.055202385439770296e+00 5.311159867881261646e-20 5.211635250516084540e-21
3.055867385439341888e+00 2.568227324999512674e-20 5.066528677679385033e-21
3.056532385438913479e+00 -8.594165790088574577e-21 5.059080638596849071e-21
3.057197385438485071e+00 2.239627531352682954e-20 4.895931002192020522e-21
3.057862385438056663e+00 2.711431556892763105e-20 5.249864708827400118e-21
3.058527385437628254e+00 1.945522725209722303e-20 4.950060747586429480e-21
3.059192385437199846e+00 1.569441519731522386e-20 5.217811432773906469e-21
3.059857385436771438e+00 1.561335123182458160e-20 5.242693519290440193e-21
3.060522385436343029e+00 4.225532994417602588e-20 4.783726575377783914e-21
3.061187385435914621e+00 3.978218064225674916e-20 5.142283047430271293e-21
3.061852385435486212e+00 3.479121434631260051e-21 5.013830358994538756e-21
3.062517385435057804e+00 4.722329488387623545e-20 5.133430143459486947e-21
3.063182385434629396e+00 3.087866650205438423e-20 4.792377463389689487e-21
3.063847385434200987e+00 2.911873414546048842e-20 5.389892202621848976e-21
3.064512385433772579e+00 4.207393948429858120e-20 5.218195150762163867e-21
3.065177385433344170e+00 6.692186676720690383e-21 5.358849038635855942e-21
3.065842385432915762e+00 1.232232467688106567e-20 4.699321345287857923e-21
3.066507385432487354e+00 4.551404479524168899e-20 7.969755447642307929e-21
3.067172385432058945e+00 5.253167082916903036e-20 6.803959514606881401e-21
3.067837385431630537e+00 3.250464485260475748e-20 6.098610464592847252e-21
3.068502385431202129e+00 8.336776824441431917e-21 5.796372947947374422e-21
3.069167385430773720e+00 3.915682978523608267e-20 5.300499039837771525e-21
3.069832385430345312e+00 3.827445125848085052e-20 4.872992779622370667e-21
3.070497385429916903e+00 1.949935258918486489e-20 5.043618680740127385e-21
3.071162385429488495e+00 6.927271324007854937e-20 4.872682269797984764e-21
3.071827385429060087e+00 4.366004590424155862e-20 4.734797708775145172e-21
3.072492385428631678e+00 4.998509945302612892e-20 4.717025894551458422e-21
3.073157385428203270e+00 5.518263818931157508e-20 4.983866511996967132e-21
3.073822385427774861e+00 8.047477228521631751e-21 5.282619475975128799e-21
3.074487385427346453e+00 1.765373832247917377e-21 4.853078111115971461e-21
3.075152385426918045e+00 7.120872120093632578e-20 4.996769275317208830e-21
3.075817385426489636e+00 4.747637015617486109e-20 4.769896241467426909e-21
3.076482385426061228e+00 2.141701091958872276e-20 4.953770693472858095e-21
3.077147385425632820e+00 1.699192666739349486e-20 4.766612310427607521e-21
3.077812385425204411e+00 5.263020129968475995e-20 4.792071315854586827e-21
3.078477385424776003e+00 7.271698712356071208e-21 4.574682872482514032e-21
3.079142385424347594e+00 1.161119823931092288e-20 4.650369408570140171e-21
3.079807385423919186e+00 2.446980697933319189e-21 5.123051274052367320e-21
3.080472385423490778e+00 4.409302320336455312e-20 5.122467293461570611e-21
3.081137385423062369e+00 6.150883688870782292e-20 4.550218102309995800e-21
3.081802385422633961e+00 3.700663132047235258e-20 5.268951307215552954e-21
3.082467385422205552e+00 7.596160108331411842e-21 4.865170988903773477e-21
3.083132385421777144e+00 1.078371663849206068e-20 4.811312154402020190e-21
3.083797385421348736e+00 2.592276279087134936e-20 4.984557335481576904e-21
3.084462385420920327e+00 1.545099384689689272e-20 5.323955484412161236e-21
3.085127385420491919e+00 1.373407442266774331e-20 5.006723260802768032e-21
3.085792385420063511e+00 5.415592900239096733e-20 4.660163020608058345e-21
3.086457385419635102e+00 3.520209572531931236e-20 5.040006752686637254e-21
3.087122385419206694e+00 3.808923742590100426e-20 5.259944570779550889e-21
3.087787385418778285e+00 8.152635246195206406e-20 4.984258151237090566e-21
3.088452385418349877e+00 4.261098876628127484e-20 4.816592410147643756e-21
3.089117385417921469e+00 1.291725989886867766e-21 5.108633212758301635e-21
3.089782385417493060e+00 1.428201887382320795e-20 4.857739677509958719e-21
3.090447385417064652e+00 2.404084539788016340e-20 5.044247474944767538e-21
3.091112385416636243e+00 1.680904048586281040e-20 4.619501205922296407e-21
3.091777385416207835e+00 -3.201260598812660986e-21 4.610314199673280433e-21
3.092442385415779427e+00 8.481172738737168183e-21 4.807882701281937380e-21
3.093107385415351018e+00 3.563548557710237944e-20 5.110818123874155036e-21
3.093772385414922610e+00 1.284631126976201880e-20 4.756893127699669821e-21
3.094437385414494202e+00 3.979126306696292386e-20 4.948572870926824412e-21
3.095102385414065793e+00 -2.756596931545609159e-21 4.767283775309588100e-21
3.095767385413637385e+00 2.153376572761328690e-20 4.894719271885937935e-21
3.096432385413208976e+00 6.377232749895846716e-20 4.774587253495968296e-21
3.097097385412780568e+00 3.685045453710772719e-20 5.234749324632355614e-21
3.097762385412352160e+00 7.775018617232523511e-20 4.788590554088482214e-21
3.098427385411923751e+00 8.021831683309245516e-20 3.190000324511777764e-20
3.099092385411495343e+00 4.059550545361377782e-20 1.282825773459271514e-20
3.099757385411066934e+00 5.621677068625201530e-20 1.505473170712797553e-20
3.100422385410638526e+00 2.920115765205434140e-20 6.702208996957352508e-21
3.101087385410210118e+00 3.431069012303312699e-20 4.826854296922343594e-21
3.101752385409781709e+00 1.281916299217215440e-20 9.741090722674422210e-21
3.102417385409353301e+00 2.567205870826965966e-20 1.760385270095002821e-20
3.103082385408924893e+00 6.625797386248883557e-20 1.129399099058284971e-20
3.103747385408496484e+00 1.129657535174941685e-19 1.938231792604513344e-20
3.104412385408068076e+00 5.701355477575582952e-20 4.427003326279450517e-21
3.105077385407639667e+00 3.320882359759310609e-20 4.657121186213033874e-21
3.105742385407211259e+00 4.575968389222617432e-20 4.651503987012220344e-21
3.106407385406782851e+00 4.032936025974316392e-20 4.653802723251425632e-21
3.107072385406354442e+00 3.532010366387471850e-20 4.969687801836018479e-21
3.107737385405926034e+00 -1.088476808223600328e-21 4.498096297899060438e-21
3.108402385405497625e+00 8.004404666780777307e-21 4.851334741320914142e-21
3.109067385405069217e+00 3.997919517312387565e-20 4.821200266358660603e-21
3.109732385404640809e+00 4.515279877498808437e-20 4.721748641384823936e-21
3.110397385404212400e+00 1.273409212631240810e-20 4.610912453002460746e-21
3.111062385403783992e+00 2.227030322044496626e-20 4.654130225076488335e-21
3.111727385403355139e+00 6.998586151261499004e-20 4.782766460195018454e-21
3.112392385402926731e+00 4.918881594063665022e-20 4.979941042412328390e-21
3.113057385402498323e+00 6.663552881673922594e-20 5.381763148558878103e-21
3.113722385402069914e+00 2.871004879374619174e-20 4.834997970284536738e-21
3.114387385401641506e+00 3.625385916054576212e-20 4.865230536308182651e-21
3.115052385401213098e+00 3.561230261116328235e-20 4.191846089994751779e-21
3.115717385400784689e+00 2.676391591494169033e-20 4.684631214244303966e-21
3.116382385400356281e+00 6.473322532613957919e-21 4.716178837125516132e-21
3.117047385399927872e+00 1.630310615921798818e-20 4.756201709423060100e-21
3.117712385399499464e+00 6.355790514166964668e-20 5.240945556429263020e-21
3.118377385399071056e+00 3.009269225486832768e-20 4.903514835166229984e-21
3.119042385398642647e+00 3.064057799270174112e-20 4.552021507641599186e-21
3.119707385398214239e+00 7.930139374347320853e-21 4.732858554938457489e-21
3.120372385397786275e+00 2.609515497294445913e-20 4.847440545844851073e-21
3.121037385397357866e+00 5.331113565254409453e-20 4.476791662052969449e-21
3.121702385396929458e+00 1.293664466383303961e-20 4.566407066847227071e-21
3.122367385396501049e+00 2.421136750971119092e-20 4.571808067855259308e-21
3.123032385396072641e+00 3.229213922379927256e-20 4.695597559414394476e-21
3.123697385395644233e+00 9.001951104317710139e-21 4.923861215170365996e-21
3.124362385395215824e+00 2.625550060912605201e-20 4.649054068853655665e-21
3.125027385394787416e+00 2.737790690319379732e-20 4.659130573088939839e-21
3.125692385394359007e+00 2.105288722220977196e-20 4.458570113555356278e-21
3.126357385393930155e+00 2.953408762448694126e-20 4.546574433846452022e-21
3.127022385393501747e+00 3.564077385875443202e-20 5.461248884043213418e-21
3.127687385393073338e+00 1.171113448807858177e-20 6.354481530318447425e-21
3.128352385392644930e+00 -5.842231880376437199e-21 5.805471886247026393e-21
3.129017385392216521e+00 1.484525810326511313e-20 5.271349979550394385e-21
3.129682385391788113e+00 3.716449085999390888e-20 5.717852879393407236e-21
3.130347385391359705e+00 1.483539620488116039e-20 4.570292300646635891e-21
3.131012385390931296e+00 5.836265606823892155e-21 4.947768610132853004e-21
3.131677385390502888e+00 -1.117708558482392489e-20 6.161683792802248035e-21
3.132342385390074480e+00 -1.699341089974764040e-20 5.879067867607354533e-21
3.133007385389646071e+00 2.344086630706530670e-20 7.440207828237295572e-21
3.133672385389217663e+00 2.068807159326526239e-20 4.480720006058836991e-21
3.134337385388789254e+00 2.034039081398205760e-20 4.666551650860862690e-21
3.135002385388360846e+00 5.038261745139853441e-20 4.509539834103143159e-21
3.135667385387932438e+00 1.701706448466679486e-20 5.730485175885454644e-21
3.136332385387504029e+00 3.740992197230110734e-20 1.145184059996998825e-20
3.136997385387075621e+00 5.409861742102120599e-20 1.410696751005593836e-20
3.137662385386647212e+00 1.294750616393425335e-20 1.208940849183317071e-20
3.138327385386218804e+00 3.847933931449381172e-20 4.042256175571770865e-21
3.138992385385790396e+00 4.350224129345999239e-20 4.544553877218207044e-21
3.139657385385361987e+00 5.543162494271942694e-20 4.469259698740500212e-21
3.140322385384933579e+00 3.795192018379318549e-20 4.626943938676654384e-21
3.140987385384505171e+00 3.249895933293756047e-20 5.940605128061672926e-21
3.141652385384076762e+00 1.547459084518366619e-20 5.193194025934189400e-21
3.142317385383648354e+00 2.580116903513315553e-20 4.479277874957583704e-21
3.142982385383219945e+00 2.389147284000157380e-20 4.248108740739134086e-21
3.143647385382791537e+00 2.990483866394640707e-20 4.390819006429579048e-21
3.144312385382363129e+00 3.167093765833140034e-20 4.466773222705058057e-21
3.144977385381934720e+00 3.492238621518729655e-20 4.355012641505416421e-21
3.145642385381506312e+00 3.397351436706660193e-20 4.340030860587055939e-21
3.146307385381077903e+00 1.763279953476534457e-20 4.403457953658311986e-21
3.146972385380649495e+00 1.343526874294567074e-20 4.467752386635824079e-21
3.147637385380221087e+00 4.197176711266415795e-20 4.548110116537019804e-21
3.148302385379792678e+00 2.984652238807323557e-20 4.539229467569572773e-21
3.148967385379364270e+00 3.932849485386841866e-20 4.846521222042093361e-21
3.149632385378935862e+00 4.572687089024372017e-20 4.856621389005976197e-21
3.150297385378507453e+00 2.391587736902403131e-20 6.309258258470726872e-21
3.150962385378079045e+00 5.016154780889309581e-20 4.372547126661593789e-21
3.151627385377650636e+00 4.137638913091050223e-20 6.920271253959532539e-21
3.152292385377222228e+00 5.774407300357720839e-20 4.737522279214086643e-21
3.152957385376793820e+00 2.268809422697244555e-20 5.075260425692871848e-21
3.153622385376365411e+00 3.184653046669096729e-20 4.441033900206733157e-21
3.154287385375937003e+00 2.680929707161105435e-20 4.812843643338215752e-21
3.154952385375508594e+00 3.834510363820827555e-20 4.710625008270972851e-21
3.155617385375080186e+00 4.548614410781959155e-20 5.016148717869205163e-21
3.156282385374651778e+00 6.278103434370838663e-21 4.415794538947559388e-21
3.156947385374223369e+00 4.769487473062684612e-20 6.064493414489636789e-21
3.157612385373794961e+00 4.664332756836071890e-20 1.254266914648750525e-20
3.158277385373366553e+00 5.191263640105059003e-20 7.638480448963259648e-21
3.158942385372938144e+00 5.305728093683104983e-20 8.348124912384092728e-21
3.159607385372509736e+00 2.085825485420475566e-20 4.496344606403793616e-21
3.160272385372081327e+00 2.887195010413142862e-20 4.180944930464740897e-21
3.160937385371652919e+00 3.505621189472773844e-20 4.404476084753509731e-21
3.161602385371224511e+00 9.431662306393256898e-21 5.419340312915447412e-21
3.162267385370796102e+00 5.370216660865681287e-20 4.565848928357537868e-21
3.162932385370367694e+00 5.678097278602528469e-20 4.190684310043902112e-21
3.163597385369939285e+00 1.597789295069590692e-20 4.185907576182440922e-21
3.164262385369510877e+00 4.459880816041529697e-20 4.566435933973463260e-21
3.164927385369082469e+00 1.994579236960199215e-20 4.297078867549479042e-21
3.165592385368654060e+00 4.667673480052001159e-21 4.302687905685881200e-21
3.166257385368225652e+00 2.774700707319061071e-20 4.234553765839926908e-21
3.166922385367797244e+00 4.722154589909673779e-21 4.463382622025566151e-21
3.167587385367368835e+00 2.150890340976624729e-20 4.367529623388453892e-21
3.168252385366940427e+00 -1.099050703815295477e-20 4.315597166886827630e-21
3.168917385366512018e+00 3.518168557795029479e-21 4.834226009346225267e-21
3.169582385366083610e+00 7.144360739424057837e-20 4.324610309167860044e-21
3.170247385365655202e+00 3.190562234361458102e-20 4.461951081648790260e-21
3.170912385365226793e+00 3.723621099228422656e-20 4.467833638818341664e-21
3.171577385364798385e+00 2.205277905600180477e-20 1.849825368388643595e-20
3.172242385364369976e+00 4.010216492761623954e-20 6.429849500082103723e-21
3.172907385363941568e+00 3.121975735870334938e-20 4.492356885591190677e-21
3.173572385363513160e+00 2.607040641059752823e-21 4.341714745438571041e-21
3.174237385363084751e+00 3.615281188406714839e-20 4.205905365101687554e-21
3.174902385362656343e+00 3.252822906744506588e-20 4.663307332342051714e-21
3.175567385362227935e+00 3.330046240584930389e-20 4.309245949379062284e-21
3.176232385361799526e+00 2.450877435579479048e-20 4.352369448405679370e-21
3.176897385361371118e+00 3.272893812352687995e-20 4.412544882058386441e-21
3.177562385360942709e+00 4.146345166207925274e-20 4.573100037456240299e-21
3.178227385360514301e+00 4.961847100906128788e-20 4.631886678943996078e-21
3.178892385360085893e+00 2.345232762580976470e-20 4.354896032487588391e-21
3.179557385359657484e+00 2.521602310880133036e-20 4.484752432225574387e-21
3.180222385359229076e+00 1.549661883292392582e-20 8.260630980925182533e-21
3.180887385358800667e+00 1.442553529965466637e-20 7.883582941568106692e-21
3.181552385358372259e+00 5.628647317165284785e-20 7.519671818191120953e-21
3.182217385357943851e+00 5.910030115599108453e-20 4.460584847761039031e-21
3.182882385357515442e+00 1.072906043094423253e-20 4.443506136705171863e-21
3.183547385357087034e+00 3.159728504782760419e-20 4.704965887690272874e-21
3.184212385356658626e+00 4.543279571943046647e-20 4.035328024417606388e-21
3.184877385356230217e+00 3.843423743002609043e-20 4.518023211180862819e-21
3.185542385355801809e+00 -2.343550505608013476e-21 4.227932591651777993e-21
3.186207385355373400e+00 4.202303359772095524e-20 4.031790669622616929e-21
3.186872385354944992e+00 3.351250509538917047e-20 6.509412317007368588e-21
3.187537385354516584e+00 2.267874298359553483e-20 5.132698285227606604e-21
3.188202385354088175e+00 4.401141106859072500e-20 4.274473411839680649e-21
3.188867385353659767e+00 3.389036833264444145e-20 4.141116126603000278e-21
3.189532385353231358e+00 2.365278084401311220e-21 4.344976930595623394e-21
3.190197385352802950e+00 1.084039212199484119e-20 4.255093286370843204e-21
3.190862385352374542e+00 2.437838562307999101e-20 4.490957360368035495e-21
3.191527385351946133e+00 5.853214555935915710e-20 4.302128526560288126e-21
3.192192385351517725e+00 5.576134578514507031e-20 4.384921117005851817e-21
3.192857385351089317e+00 6.228481267253680276e-20 4.196320573822512197e-21
3.193522385350660908e+00 2.517156798209506319e-20 4.346229430863377605e-21
3.194187385350232500e+00 4.837638177918252622e-20 4.559921823660419506e-21
3.194852385349804091e+00 3.556897970647396066e-20 5.995677657823690689e-21
3.195517385349375683e+00 5.862637457929256750e-20 5.461130779348596828e-21
3.196182385348947275e+00 1.948272163507355752e-20 5.526001026543245563e-21
3.196847385348518866e+00 2.156662725482562225e-20 4.355098360399991552e-21
3.197512385348090458e+00 1.985321023342208510e-20 4.166498065471113956e-21
3.198177385347662049e+00 5.249781453998353990e-20 4.654387525654087170e-21
3.198842385347233641e+00 3.689330610852809975e-20 4.755653635618342492e-21
3.199507385346805233e+00 5.459448787232700429e-20 5.103196776203575857e-21
3.200172385346376824e+00 6.991300964376300321e-20 4.601308498760617755e-21
3.200837385345948416e+00 3.180549167265180022e-20 4.544023347137610465e-21
3.201502385345520008e+00 2.607711248574826510e-20 4.510999178101300178e-21
3.202167385345091599e+00 2.075367256335478624e-20 4.584773335162786453e-21
3.202832385344663191e+00 3.004129168376150648e-20 4.272221488316342255e-21
3.203497385344234782e+00 2.139862413945234448e-20 4.513163641680784959e-21
3.204162385343806374e+00 2.730280298039900113e-20 4.227052631427471774e-21
3.204827385343377966e+00 1.553320993801964648e-20 4.467001820998976452e-21
3.205492385342949557e+00 2.940199176322398624e-20 4.100479169126299370e-21
3.206157385342521149e+00 1.089394039459425263e-20 4.403641556225353833e-21
3.206822385342092741e+00 2.618784022554021858e-20 4.621904407748477993e-21
3.207487385341664332e+00 5.075261255122942608e-20 4.708690041439569173e-21
3.208152385341235924e+00 7.053904692009494911e-20 4.114698026973106451e-21
3.208817385340807515e+00 3.483220029581318975e-20 3.919640496720780364e-21
3.209482385340379107e+00 3.172814884628988299e-20 4.363040188522787245e-21
3.210147385339950699e+00 1.970675574781037516e-20 4.507656170381286712e-21
3.210812385339522290e+00 2.574353203157255884e-20 4.753612322133924237e-21
3.211477385339093882e+00 3.720081980420857300e-20 4.686047715639742275e-21
3.212142385338665473e+00 1.560465957800754490e-20 4.461604024205863331e-21
3.212807385338237065e+00 4.820271565253831971e-20 4.483150283533197916e-21
3.213472385337808657e+00 4.887544825265100505e-20 4.277590853288099038e-21
3.214137385337380248e+00 1.950604378656372236e-20 4.253682041123493226e-21
3.214802385336951840e+00 3.127033305895540308e-20 4.237190655572440601e-21
3.215467385336523432e+00 5.372614990086299841e-20 4.061205229961335980e-21
3.216132385336095023e+00 4.645406226591464858e-20 4.348674076401741517e-21
3.216797385335666615e+00 5.215377323075412624e-20 4.330025571309703870e-21
3.217462385335238206e+00 3.229599009379983811e-20 3.902443666472898070e-21
3.218127385334809798e+00 4.799291385872905583e-20 4.213111431229297848e-21
3.218792385334381390e+00 5.106428625265747520e-20 4.673846267220316013e-21
3.219457385333952981e+00 4.238687206299727634e-20 4.255525087054136873e-21
3.220122385333524573e+00 2.973220516690494186e-20 4.184823845241834783e-21
3.220787385333096164e+00 2.956840801135482496e-20 4.018803967923736045e-21
3.221452385332667756e+00 2.588484089562869123e-20 4.203315670250901398e-21
3.222117385332239348e+00 4.512510732984848622e-20 5.915208640070454465e-21
3.222782385331810939e+00 2.616253915888316792e-20 1.103242742791288006e-20
3.223447385331382531e+00 5.554424834194011828e-22 1.174081396187366845e-20
3.224112385330954123e+00 6.884175986432790258e-21 2.549515160931884437e-20
3.224777385330525714e+00 2.970643149613731570e-20 4.488396064904519021e-21
3.225442385330097306e+00 2.598346569507476958e-20 4.226744338712203603e-21
3.226107385329668897e+00 4.541996825253764985e-20 4.024341674319265554e-21
3.226772385329240489e+00 2.919657560225139885e-20 4.199029935535927193e-21
3.227437385328812081e+00 4.077068432173894045e-20 3.845009626884719587e-21
3.228102385328383672e+00 1.478836095516352765e-20 4.155486744357616764e-21
3.228767385327955264e+00 4.347430982517624462e-20 4.320258325387088063e-21
3.229432385327526855e+00 3.506860261054522341e-20 4.180326545298267165e-21
3.230097385327098447e+00 5.794063287907696344e-20 4.129650245411248634e-21
3.230762385326670039e+00 3.070887462033167671e-20 4.035096922601283595e-21
3.231427385326241630e+00 4.980876345204338775e-20 4.145819381461657043e-21
3.232092385325813222e+00 2.315348117979845971e-20 4.045791682260323512e-21
3.232757385325384814e+00 3.236189209991433352e-20 4.215587507451857762e-21
3.233422385324956405e+00 2.754226618841934193e-20 4.566761157372766348e-21
3.234087385324527997e+00 3.943812773525543114e-20 4.110522884050234996e-21
3.234752385324099588e+00 5.200614479357142298e-20 3.916114201524897768e-21
3.235417385323671180e+00 3.183639603745380597e-20 4.157001229502298250e-21
3.236082385323242772e+00 6.186650881190951386e-20 4.219540181932356860e-21
3.236747385322814363e+00 3.076710977739781291e-20 4.520664577091936449e-21
3.237412385322385955e+00 2.988862261977327726e-21 3.975595931251453705e-21
3.238077385321957546e+00 3.245802612159309818e-20 3.919543825116727877e-21
3.238742385321529138e+00 4.110927338720557627e-20 3.826682688830218338e-21
3.239407385321100730e+00 1.776271868778778779e-20 3.848214279628211960e-21
3.240072385320672321e+00 2.949323837418833257e-20 4.351110349962703292e-21
3.240737385320243913e+00 2.847051759124631951e-20 4.162875731851627727e-21
3.241402385319815505e+00 4.827982318306463327e-20 4.256654407310878515e-21
3.242067385319387096e+00 1.951974216390484052e-20 4.415962685029791142e-21
3.242732385318958688e+00 3.537528650190567203e-20 4.505625430203656734e-21
3.243397385318530279e+00 3.788936578627737628e-20 4.555197158228056614e-21
3.244062385318101871e+00 6.661163524473750959e-20 4.901499600467918344e-21
3.244727385317673463e+00 2.627921079019183487e-20 3.980062527973425467e-21
3.245392385317245054e+00 2.284484526838982979e-20 4.150505785951409433e-21
3.246057385316816646e+00 3.551425960981235421e-20 2.395252630803224537e-20
3.246722385316388237e+00 7.889069274229682399e-20 2.490690298822895955e-20
3.247387385315959829e+00 1.302245628881584077e-19 3.479455786949404360e-20
3.248052385315531421e+00 1.166848900569935541e-19 2.695776804455907052e-20
3.248717385315103012e+00 4.725570588116866014e-20 4.384353656092363766e-21
3.249382385314674604e+00 3.906761891980076585e-20 4.539099021302941434e-21
3.250047385314246196e+00 1.972437992225704298e-20 4.246337856512736188e-21
3.250712385313817787e+00 1.996556358723315350e-20 4.467986149474172601e-21
3.251377385313389379e+00 2.432386734951024141e-20 3.985689968336200051e-21
3.252042385312960970e+00 4.049135570645693727e-24 3.993615639036291659e-21
3.252707385312532562e+00 1.436371831147718906e-20 3.931093485437614730e-21
3.253372385312104154e+00 -7.728646695324243854e-21 3.826073638131090574e-21
3.254037385311675745e+00 7.940906416469023968e-20 3.869080827301534561e-21
3.254702385311247337e+00 7.025037697874666568e-20 3.911515744476259850e-21
3.255367385310818928e+00 4.761926091426748069e-20 3.979484303024457143e-21
3.256032385310390520e+00 -1.691020609388316473e-21 4.643909694817785242e-21
3.256697385309962112e+00 -3.099279411881220118e-21 4.107117767687344015e-21
3.257362385309533703e+00 -1.140081076783723823e-21 3.977982906996999468e-21
3.258027385309105295e+00 9.133065998865614871e-21 4.137294144494975187e-21
3.258692385308676887e+00 2.746209265877615493e-20 4.144750276107387220e-21
3.259357385308248478e+00 3.458309314600123304e-20 4.243538945204966831e-21
3.260022385307820070e+00 3.063521735377308513e-20 4.147709478155959237e-21
3.260687385307391661e+00 2.608601203811414391e-20 1.506430321786118964e-20
3.261352385306963253e+00 4.620636288708746639e-20 8.946763853284250939e-21
3.262017385306534845e+00 4.271413253633875156e-20 4.258579696391204280e-21
3.262682385306106436e+00 2.857827352285112494e-20 4.343548814926244907e-21
3.263347385305678028e+00 1.954772372448165100e-20 3.929808492574621058e-21
3.264012385305249619e+00 2.047562826019132284e-20 4.165137627875377665e-21
3.264677385304821211e+00 3.479145148705995279e-20 4.306011888657287811e-21
3.265342385304392803e+00 2.308848704942726100e-20 4.159773289125032999e-21
3.266007385303964394e+00 3.248084637216178713e-20 4.213152839954848725e-21
3.266672385303535986e+00 5.078110087755774951e-20 4.523049448106421122e-21
3.267337385303107578e+00 2.847969431139448419e-20 3.931456626900761513e-21
3.268002385302679169e+00 5.625829843512433138e-20 4.304979910276457077e-21
3.268667385302250761e+00 6.956869029895800737e-20 4.199970653136042601e-21
3.269332385301822352e+00 4.688235658473592573e-20 4.379950603893074979e-21
3.269997385301393944e+00 4.732094241505509759e-20 4.212708444248604826e-21
3.270662385300965536e+00 4.657513666379511662e-20 4.744420847215127130e-21
3.271327385300537127e+00 3.379483469723125251e-20 3.942551812636782829e-21
3.271992385300108719e+00 5.294332556915016780e-20 4.396826791432027326e-21
3.272657385299680310e+00 6.275302718020082092e-20 4.522426011683872968e-21
3.273322385299251902e+00 6.932319644805623790e-20 4.363046775758932411e-21
3.273987385298823494e+00 2.973600457894227996e-20 4.270344244750352267e-21
3.274652385298395085e+00 2.798479275067450259e-20 4.110362429646111453e-21
3.275317385297966677e+00 5.657721644235342543e-20 4.709190863048905574e-21
3.275982385297538269e+00 4.153906942574093849e-20 4.276576000862438663e-21
3.276647385297109860e+00 6.266321794276617654e-20 4.140706489287734082e-21
3.277312385296681452e+00 6.986107386391150318e-20 3.967241429891519272e-21
3.277977385296253043e+00 6.291528920455467149e-20 4.498537067157803768e-21
3.278642385295824635e+00 2.626104704845475613e-20 4.359413351108074025e-21
3.279307385295396227e+00 3.264453133633229955e-20 4.448492801264789333e-21
3.279972385294967818e+00 4.825147653302343379e-20 4.142298266874180859e-21
3.280637385294539410e+00 4.321576355619992282e-20 3.859898675781612064e-21
3.281302385294111001e+00 5.168805162516752729e-20 4.193180448733015217e-21
3.281967385293682593e+00 3.853018302156200356e-20 4.293717024986382681e-21
3.282632385293254185e+00 2.286891218403622911e-20 4.044245728971568443e-21
3.283297385292825776e+00 2.124619438570703650e-20 4.237073760540027259e-21
3.283962385292397368e+00 5.069323248992364261e-20 4.811487215466286739e-21
3.284627385291968960e+00 6.079283915676448839e-20 4.338265657405173312e-21
3.285292385291540551e+00 5.202114931588282579e-20 4.156821277312335721e-21
3.285957385291112143e+00 2.348666787984922450e-20 3.920685876883185433e-21
3.286622385290683734e+00 2.453378783166913401e-20 4.188411822135282427e-21
3.287287385290255326e+00 -1.072805719845722149e-20 4.419973109749184111e-21
3.287952385289826918e+00 4.139787045115927940e-20 4.838150838475298296e-21
3.288617385289398509e+00 1.566768977229484969e-20 4.545562944516467616e-21
3.289282385288970101e+00 4.513894295578801076e-20 4.003869292890534884e-21
3.289947385288541692e+00 4.236221485175334511e-20 4.151409728786422083e-21
3.290612385288113284e+00 4.782974650173068073e-20 3.913891204963471800e-21
3.291277385287684876e+00 2.603813391020652058e-20 4.106185146163566997e-21
3.291942385287256467e+00 3.151005760177413630e-20 3.845168973753288907e-21
3.292607385286828059e+00 6.047052069435888797e-20 3.962910810432273812e-21
3.293272385286399651e+00 4.065019232330080650e-20 3.910707355744412923e-21
3.293937385285971242e+00 4.313102767552994531e-20 3.803885650319526090e-21
3.294602385285542834e+00 1.782228984513376414e-20 5.064728458669367884e-21
3.295267385285114425e+00 4.359793457083716111e-20 4.090907338992508125e-21
3.295932385284686017e+00 1.032561362784155924e-20 4.042840844705491664e-21
3.296597385284257609e+00 4.030309171865113448e-20 3.904461893732542012e-21
3.297262385283829200e+00 3.990316027019536865e-20 4.124652113542217478e-21
3.297927385283400792e+00 2.434594216053025242e-20 4.129324252704676785e-21
3.298592385282972383e+00 8.993719389560493642e-21 4.155783840066947506e-21
3.299257385282543975e+00 3.445908328468079742e-20 4.099865712420305536e-21
3.299922385282115567e+00 4.596076474535634364e-20 4.401488125113613866e-21
3.300587385281687158e+00 2.993090572722971051e-20 5.454333430984912497e-21
3.301252385281258750e+00 3.303902600111813630e-20 4.901550707857404890e-21
3.301917385280830342e+00 4.067215236595940490e-20 5.549273637235566227e-21
3.302582385280401933e+00 2.455586991430462607e-20 4.173471081764088412e-21
3.303247385279973525e+00 3.728235672006684634e-20 4.168302701421044060e-21
3.303912385279545116e+00 3.795070343271662021e-20 4.373399314233294086e-21
3.304577385279116708e+00 4.119853810785025898e-20 4.264322852253819937e-21
3.305242385278688300e+00 4.392600674464807377e-20 3.976137327438474314e-21
3.305907385278259891e+00 2.235413319373624089e-20 4.250933484945862002e-21
3.306572385277831483e+00 2.834977858047499278e-20 4.168236187256637831e-21
3.307237385277403074e+00 3.129141320915575893e-20 4.471098723500635151e-21
3.307902385276974666e+00 7.772828220332364992e-20 4.153168626288072591e-21
3.308567385276546258e+00 3.405305589389936969e-20 4.107362703236361508e-21
3.309232385276117849e+00 2.392800661188503467e-20 4.296674190656867881e-21
3.309897385275689441e+00 3.480353943188286631e-20 4.169982625392369537e-21
3.310562385275261033e+00 4.899986633154949399e-20 3.867947057518153580e-21
3.311227385274832624e+00 8.930587196930320712e-21 4.009808236324874325e-21
3.311892385274404216e+00 1.369703224298837761e-20 4.216164419290858093e-21
3.312557385273975807e+00 3.340469832783465116e-20 4.293720373080931632e-21
3.313222385273547399e+00 1.788507407922375985e-20 4.147363270667087280e-21
3.313887385273118991e+00 2.358679030443327813e-20 4.281148894991807841e-21
3.314552385272690582e+00 9.833535722350716609e-21 3.842893618415067914e-21
3.315217385272262174e+00 4.129944679901541245e-20 4.288328865792733778e-21
3.315882385271833765e+00 2.194123069320306014e-20 4.397336219004696033e-21
3.316547385271405357e+00 1.477296534860207861e-20 4.157003516412501496e-21
3.317212385270976949e+00 2.420724857890290398e-20 3.991198479280655657e-21
3.317877385270548540e+00 2.847036041972879017e-20 4.120413491706114757e-21
3.318542385270120132e+00 -7.868943593477384420e-22 4.084603645351364093e-21
3.319207385269691724e+00 2.585125377507660496e-20 5.542145626034836806e-21
3.319872385269263315e+00 2.815977200162050151e-20 5.747639160710076522e-21
3.320537385268834907e+00 4.521697292266543350e-20 5.888577369215457393e-21
3.321202385268406498e+00 2.610563586691605306e-20 4.485202939185189234e-21
3.321867385267978090e+00 2.514617318666647066e-20 4.262770343295468205e-21
3.322532385267549682e+00 5.301594281189461028e-21 3.969691790735759295e-21
3.323197385267121273e+00 1.620578630104156443e-20 4.369484330134977629e-21
3.323862385266692865e+00 2.662537327177363722e-20 3.792722073081477074e-21
3.324527385266264456e+00 5.059535288153587860e-20 3.964980248304200114e-21
3.325192385265836048e+00 7.526220911787514484e-20 4.169634352865701427e-21
3.325857385265407640e+00 7.380920470738340691e-20 4.178787547490315478e-21
3.326522385264979231e+00 3.476659134065990433e-20 4.106653386795269514e-21
3.327187385264550823e+00 8.511276041286086768e-21 7.042408466707096258e-21
3.327852385264122415e+00 1.547882375323561369e-20 5.626235261757742800e-21
3.328517385263694006e+00 1.503140383538588091e-20 5.586919065469027791e-21
3.329182385263265598e+00 2.884957007524064562e-20 5.192090133711251726e-21
3.329847385262837189e+00 9.972756518318853277e-22 4.216744959293667261e-21
3.330512385262408781e+00 3.620639591036117559e-20 4.275671462608985001e-21
3.331177385261980373e+00 7.661386297279768236e-21 4.421951058678068562e-21
3.331842385261551964e+00 1.729992678223062317e-20 4.449620670197235131e-21
3.332507385261123556e+00 4.887804205147755179e-20 4.087059799775459055e-21
3.333172385260695147e+00 1.751179612096646013e-20 4.210938994604365178e-21
3.333837385260266739e+00 2.026805385533755841e-20 4.116612696994468095e-21
3.334502385259838331e+00 3.208936711201334155e-20 4.451871728317298355e-21
3.335167385259409922e+00 7.754578651227958924e-21 3.947101302581630126e-21
3.335832385258981514e+00 4.389638874014669223e-20 4.422317460778114916e-21
3.336497385258553106e+00 6.428807126994521088e-20 4.071045633189886031e-21
3.337162385258124697e+00 5.287371775320767877e-20 4.256667929668587650e-21
3.337827385257696289e+00 3.112895930921871513e-20 4.093124058159248261e-21
3.338492385257267880e+00 2.478893259941256754e-20 4.316834034515495173e-21
3.339157385256839472e+00 4.321293477614333994e-20 4.296749643163934418e-21
3.339822385256411064e+00 2.364271201246637005e-20 4.211345963504647453e-21
3.340487385255982655e+00 1.547206677080268777e-20 3.656038367472693391e-21
3.341152385255554247e+00 1.471666555981952186e-21 4.023883915119007589e-21
3.341817385255125838e+00 2.150410155483611926e-20 3.826371753586840514e-21
3.342482385254697430e+00 3.715781561605274550e-20 4.000977932843154506e-21
3.343147385254269022e+00 2.038016988602637816e-20 4.245675317212920310e-21
3.343812385253840613e+00 2.600134457289455744e-20 3.957804985377017315e-21
3.344477385253412205e+00 1.968927892100887361e-20 4.162257364423766239e-21
3.345142385252983797e+00 3.846876743590046178e-20 3.765935762657158183e-21
3.345807385252555388e+00 4.103438223661022280e-20 4.297012338023726930e-21
3.346472385252126980e+00 3.022884582576220199e-20 4.901123817499830133e-21
3.347137385251698571e+00 9.502136918802190820e-21 4.213469240973053771e-21
3.347802385251270163e+00 2.643938039922561716e-20 4.147941262929117034e-21
3.348467385250841755e+00 1.358357315542355382e-20 4.226407493291360203e-21
3.349132385250413346e+00 4.190965088817151627e-20 3.671879876770163272e-21
3.349797385249984938e+00 3.244294273978181996e-20 3.971393704543209718e-21
3.350462385249556529e+00 1.998492675404240623e-20 3.746405407845278589e-21
3.351127385249128121e+00 2.767331944618932609e-20 3.742465845402509111e-21
3.351792385248699713e+00 4.642131075860544176e-20 3.658708668968244602e-21
3.352457385248271304e+00 4.626104542951423104e-20 3.541742967403514344e-21
3.353122385247842896e+00 3.637605171139782052e-20 3.873013687959686013e-21
3.353787385247414488e+00 2.813319679815030624e-20 4.013038299705594555e-21
3.354452385246986079e+00 2.250100079782080674e-20 3.901261734437744625e-21
3.355117385246557671e+00 2.825148014906338833e-20 3.921341145068221417e-21
3.355782385246129262e+00 3.794522283453103491e-20 4.136865522643191537e-21
3.356447385245700854e+00 3.271782930954430917e-20 3.833486226704413348e-21
3.357112385245272446e+00 3.514386667766847719e-20 4.145404935826450801e-21
3.357777385244844037e+00 4.949297033539481990e-20 3.849376184608282744e-21
3.358442385244415629e+00 1.284952273307334582e-20 3.826240271139765062e-21
3.359107385243987220e+00 7.999247494568068942e-21 4.044497491658252143e-21
3.359772385243558812e+00 1.322050766629126381e-20 4.003965436955403557e-21
3.360437385243130404e+00 2.880531670336546116e-20 3.832199945449383523e-21
3.361102385242701995e+00 1.988728840370903237e-20 3.822088265664992447e-21
3.361767385242273587e+00 1.683886259550275381e-20 3.957127005238152694e-21
3.362432385241845179e+00 1.755845675028011172e-20 5.157912466534425220e-21
3.363097385241416770e+00 4.757308931549781802e-20 6.484758242938442869e-21
3.363762385240988362e+00 2.817356135422025060e-20 5.227024795174577459e-21
3.364427385240559953e+00 2.534551157905975164e-20 6.754741401299677906e-21
3.365092385240131545e+00 7.724704011974844998e-21 3.844622182669540468e-21
3.365757385239703137e+00 2.690604096247668134e-20 3.937024766455197002e-21
3.366422385239274728e+00 3.497233806927876563e-20 3.733207670192545142e-21
3.367087385238846320e+00 3.332277758322092437e-20 4.293626225149129983e-21
3.367752385238417911e+00 4.023779603742175713e-20 3.485670157336878965e-21
3.368417385237989503e+00 4.236032056225755312e-20 3.786098220449074585e-21
3.369082385237561095e+00 3.104812255524927293e-20 3.834746975644912768e-21
3.369747385237132686e+00 2.692375661773332127e-20 3.818938626013141150e-21
3.370412385236704278e+00 2.152770276698649308e-20 3.904424202225680230e-21
3.371077385236275870e+00 1.500465894055507387e-20 3.891339962974556142e-21
3.371742385235847461e+00 2.753690898551678717e-20 3.943445286298049418e-21
3.372407385235419053e+00 -2.149773032323100465e-21 4.110243314584668961e-21
3.373072385234990644e+00 3.132196512374724428e-20 3.786348707214628593e-21
3.373737385234562236e+00 2.716420736980933543e-20 4.245275231542639219e-21
3.374402385234133828e+00 2.405518941487885831e-20 3.682691663368637416e-21
3.375067385233705419e+00 5.239627473268914132e-20 3.975823080504144329e-21
3.375732385233277011e+00 3.795787969158318677e-20 4.026429570918714000e-21
3.376397385232848602e+00 3.315926650790440912e-20 3.777540838112027001e-21
3.377062385232420194e+00 4.113051630179361735e-21 4.134427825753620976e-21
3.377727385231991786e+00 2.650049351833321115e-20 3.997659739263893111e-21
3.378392385231563377e+00 3.088455717702098867e-20 5.188125541557487218e-21
3.379057385231134969e+00 2.106101585635844087e-20 3.952677581575168093e-21
3.379722385230706561e+00 3.194163137766695812e-20 4.151705539337748016e-21
3.380387385230278152e+00 3.358995602284689945e-20 3.875079796245903141e-21
3.381052385229849744e+00 7.439945089991771506e-21 3.701972570511417771e-21
3.381717385229421335e+00 1.907610216769994873e-20 3.886704773279128634e-21
3.382382385228992927e+00 4.760258271129034507e-20 4.070175738153872886e-21
3.383047385228564519e+00 2.268218136271903588e-20 3.987777689147627375e-21
3.383712385228136110e+00 2.623337621163802724e-20 3.730038550690635684e-21
3.384377385227707702e+00 2.614647312289870499e-20 3.686991388559522429e-21
3.385042385227279294e+00 1.843194719960595178e-20 4.002429247201067830e-21
3.385707385226850885e+00 3.339854004137735287e-20 3.780560694197351676e-21
3.386372385226422477e+00 2.182401830829154755e-20 3.805609140586179860e-21
3.387037385225994068e+00 3.607408193828016426e-20 4.012424513790629508e-21
3.387702385225565660e+00 1.361550390124580161e-20 3.631264738051216464e-21
3.388367385225137252e+00 3.098059459484298294e-20 3.398636998405700802e-21
3.389032385224708843e+00 2.351974790583343721e-20 3.855719905163350284e-21
3.389697385224280435e+00 4.219223554092192334e-20 3.504177342502102946e-21
3.390362385223852026e+00 2.969738530232068043e-20 3.783189135203745688e-21
3.391027385223423618e+00 2.761068754699258428e-20 3.782182074850888357e-21
3.391692385222995210e+00 4.475754867046566050e-20 3.679950649265134025e-21
3.392357385222566801e+00 4.588367566350063720e-20 3.796356552249688725e-21
3.393022385222138393e+00 2.455939265588819236e-20 4.170618621094318920e-21
3.393687385221709985e+00 2.105175208075562209e-20 4.068061601549351116e-21
3.394352385221281576e+00 3.797617012540015701e-20 3.816889576723668678e-21
3.395017385220853168e+00 6.637958336153825844e-20 3.355629355138261481e-21
3.395682385220424759e+00 2.170032304537722289e-20 3.984091404201010992e-21
3.396347385219996351e+00 4.355755504945907768e-20 3.686057502534095332e-21
3.397012385219567943e+00 5.640061465031547904e-20 3.768778460392217337e-21
3.397677385219139534e+00 3.016259771640946991e-20 3.940669613012784064e-21
3.398342385218711126e+00 4.298647990449819980e-20 5.563365592912913363e-21
3.399007385218282717e+00 4.810814832998260976e-20 3.903300047482204764e-21
3.399672385217854309e+00 4.039019528762843925e-20 3.832035805249539054e-21
3.400337385217425901e+00 4.244601815254069383e-20 3.757753288652760279e-21
3.401002385216997492e+00 3.163222213677340940e-20 3.718827631446344285e-21
3.401667385216569084e+00 3.970409559403281839e-20 3.696927873245425915e-21
3.402332385216140676e+00 3.632883659593800198e-20 3.671108552172534273e-21
3.402997385215712267e+00 6.389944332134581071e-20 3.774960635668645000e-21
3.403662385215283859e+00 5.800454548854760732e-20 3.933029425956411469e-21
3.404327385214855450e+00 5.969795862213383243e-20 4.088261129319907189e-21
3.404992385214427042e+00 4.878551786244374477e-20 3.303234191210100003e-20
3.405657385213998634e+00 5.340419342925326283e-20 1.425329492434178124e-20
3.406322385213570225e+00 5.738773380283607466e-20 3.950569664966601281e-21
3.406987385213141817e+00 4.426963942644582153e-20 3.771497890741425771e-21
3.407652385212713408e+00 3.372698689277050973e-20 3.763038115032482936e-21
3.408317385212285000e+00 4.436610956941083714e-20 4.029391446593564782e-21
3.408982385211856592e+00 3.922749355156645618e-20 3.835645856759646929e-21
3.409647385211428183e+00 4.763120370839373434e-20 4.315155859872778764e-21
3.410312385210999775e+00 7.525950490912903171e-21 5.333829793178585087e-21
3.410977385210571367e+00 9.544009759520944523e-21 5.911616914525745487e-21
3.411642385210142958e+00 9.799088859850624508e-21 6.255598763445509012e-21
3.412307385209714550e+00 1.431532710647769988e-20 3.776864742627081003e-21
3.412972385209286141e+00 -4.772709756553206928e-21 3.962585223038460728e-21
3.413637385208857733e+00 -1.939577391830475944e-20 5.642077254457740342e-21
3.414302385208429325e+00 2.158019151743671343e-21 4.415957239806599220e-21
3.414967385208000916e+00 5.196600027262893567e-20 1.110016205122020216e-20
3.415632385207572508e+00 3.114040845142559243e-20 6.324011260933565563e-21
3.416297385207144099e+00 2.991442545102470599e-20 3.907027794377838746e-21
3.416962385206715691e+00 2.222999006003259204e-20 3.412185302790537145e-21
3.417627385206287283e+00 -7.163386652941416655e-21 3.734123593088247529e-21
3.418292385205858874e+00 4.776229792037234232e-20 4.010411075797822547e-21
3.418957385205430466e+00 4.433114337576805392e-20 4.178398093440905910e-21
3.419622385205002058e+00 9.510953390219398530e-21 5.543844070892803301e-21
3.420287385204573649e+00 1.681984316985291460e-20 4.832631323831234811e-21
3.420952385204145241e+00 3.292618629596255061e-20 3.793764887333848789e-21
3.421617385203716832e+00 3.268732974071514951e-20 3.648262484758235074e-21
3.422282385203288424e+00 2.525634797225780938e-20 3.893489097881031768e-21
3.422947385202860016e+00 4.619705865644827875e-20 3.957712414225609735e-21
3.423612385202431607e+00 3.920313987676341803e-20 3.670059151546599286e-21
3.424277385202003199e+00 3.436329331230326490e-20 3.370830554117404887e-21
3.424942385201574790e+00 1.937842545572531541e-20 4.071768904098604962e-21
3.425607385201146382e+00 2.379849102338198545e-20 3.759384525451333436e-21
3.426272385200717974e+00 2.928859584125789062e-20 3.847385768813031839e-21
3.426937385200289565e+00 1.992686562480022314e-20 3.682436758449431346e-21
3.427602385199861157e+00 2.950236267176341501e-20 5.856437416606216839e-21
3.428267385199432749e+00 3.039782416228949896e-20 3.669921051568290746e-21
3.428932385199004340e+00 2.189046639172991046e-20 3.479191051461361765e-21
3.429597385198575932e+00 1.849709640249425790e-20 3.557781139344744324e-21
3.430262385198147523e+00 2.838984664751321216e-21 3.932418874051673887e-21
3.430927385197719115e+00 3.493700320726227831e-20 4.233746049231778724e-21
3.431592385197290707e+00 4.976843489359921093e-20 3.524829880959090902e-21
3.432257385196862298e+00 3.551780159029596857e-20 3.438976958942843660e-21
3.432922385196433890e+00 2.379680946074594414e-20 3.798375890573062654e-21
3.433587385196005481e+00 4.670404436473161570e-20 3.688894068313933978e-21
3.434252385195577073e+00 -7.507770510712962945e-21 3.727457863133358215e-21
3.434917385195148665e+00 1.037794131450765084e-20 4.010925807599362718e-21
3.435582385194720256e+00 1.431947150167846076e-20 3.786729022591001240e-21
3.436247385194291848e+00 3.044277563063697526e-21 3.475645538016390972e-21
3.436912385193863440e+00 1.557200422544367094e-20 3.757318772371091880e-21
3.437577385193435031e+00 9.595174813559179504e-21 4.031772235020882160e-21
3.438242385193006623e+00 1.531195780173765997e-20 3.924585243069656946e-21
3.438907385192578214e+00 1.395493692826095233e-20 3.515344584490486327e-21
3.439572385192149806e+00 3.596205003584469352e-20 3.891338141843246332e-21
3.440237385191721398e+00 1.868230691270859125e-20 3.792987172892209634e-21
3.440902385191292989e+00 1.149765180167059798e-20 3.705452431754735628e-21
3.441567385190864581e+00 2.788622361184312888e-20 3.479146022042028285e-21
3.442232385190436172e+00 5.026125338080032871e-20 3.675221537749724628e-21
3.442897385190007764e+00 5.527341281386253450e-20 3.714525054328849224e-21
3.443562385189579356e+00 4.465561869776932592e-20 3.784374033391131483e-21
3.444227385189150947e+00 4.428580636998672273e-20 3.626684882532339736e-21
3.444892385188722539e+00 2.730095525565014215e-20 3.597045674770489433e-21
3.445557385188294131e+00 3.166612533202261633e-20 3.536014665622502152e-21
3.446222385187865722e+00 7.840861552573878276e-21 3.898691901188284741e-21
3.446887385187437314e+00 1.667420694614678974e-20 3.947346124077422377e-21
3.447552385187008905e+00 8.227225337454469008e-21 3.784200811630279963e-21
3.448217385186580497e+00 1.436995071274973982e-20 3.685729812027446177e-21
3.448882385186152089e+00 2.061072123387988210e-20 3.818860615171138257e-21
3.449547385185723680e+00 3.429041183946230643e-20 3.667665024977741689e-21
3.450212385185295272e+00 3.463331325056197503e-20 3.664691153999378221e-21
3.450877385184866863e+00 8.602236202660939489e-21 3.742281096386393191e-21
3.451542385184438455e+00 3.079874652232760941e-20 4.120180935218389366e-21
3.452207385184010047e+00 4.682795477550697463e-20 5.304640559313170669e-21
3.452872385183581638e+00 2.911061200261375068e-20 4.949100593231279625e-21
3.453537385183153230e+00 2.145342058763980942e-20 3.538681951078706680e-21
3.454202385182724822e+00 1.989806578485644694e-20 3.746066548563663004e-21
3.454867385182296413e+00 8.498253256633066269e-22 3.594017985368090473e-21
3.455532385181868005e+00 3.900819416460342097e-20 3.638705676697284846e-21
3.456197385181439596e+00 5.310926149342865266e-20 3.775565604300508754e-21
3.456862385181011188e+00 3.014008448867875768e-20 3.499232186041917598e-21
3.457527385180582780e+00 5.140048896051253896e-20 3.495382390962815134e-21
3.458192385180154371e+00 2.825558278356249680e-20 3.457099600925980835e-21
3.458857385179725963e+00 4.248397698934181424e-20 3.753522586349008202e-21
3.459522385179297554e+00 2.262846788908267342e-20 4.096091529557757879e-21
3.460187385178869146e+00 4.897784860802428496e-20 3.698615384548653805e-21
3.460852385178440738e+00 4.500607146177935572e-20 3.523402946154843136e-21
3.461517385178012329e+00 2.501969710025747886e-20 4.067090770694104210e-21
3.462182385177583921e+00 2.973192971669031424e-20 3.546907074847810693e-21
3.462847385177155513e+00 4.279534955732539386e-20 3.420039122503315924e-21
3.463512385176727104e+00 5.236152358029209354e-20 3.564128621207900359e-21
3.464177385176298696e+00 3.099503589670661454e-20 3.461530931303607119e-21
3.464842385175870287e+00 1.356599790047007618e-20 3.482866622620939235e-21
3.465507385175441879e+00 4.956405812650806836e-20 3.535544256025124715e-21
3.466172385175013471e+00 3.643441067919302492e-20 3.685949198961079636e-21
3.466837385174585062e+00 3.163084979713242040e-20 3.916941795236867707e-21
3.467502385174156654e+00 6.454842957180087458e-20 3.819575396492438187e-21
3.468167385173728245e+00 5.226089130786348574e-20 3.620242665159619263e-21
3.468832385173299837e+00 4.916422667902889158e-20 3.448180417321282387e-21
3.469497385172871429e+00 4.438535269483092714e-20 3.535790646598951445e-21
3.470162385172443020e+00 3.537669452651687112e-20 3.555054705892149926e-21
3.470827385172014612e+00 3.431151236095233559e-20 3.628540409772533445e-21
3.471492385171586204e+00 3.852350733434398936e-20 4.119626045679976915e-21
3.472157385171157795e+00 1.921531475542662374e-20 3.602322450197956393e-21
3.472822385170729387e+00 3.257113754032061681e-20 3.501001677014763906e-21
3.473487385170300978e+00 8.247972672737491757e-21 3.499860524414151330e-21
3.474152385169872570e+00 1.592664089520016373e-20 3.802565738603717712e-21
3.474817385169444162e+00 3.287079542474995715e-20 3.678175157717270268e-21
3.475482385169015753e+00 2.707979669914245655e-20 3.736970541584591367e-21
3.476147385168587345e+00 4.701372176615122189e-20 3.520259458323179143e-21
3.476812385168158936e+00 4.572002615810663374e-20 3.432157234144412004e-21
3.477477385167730528e+00 3.089714797540152781e-20 3.650183488370879550e-21
3.478142385167302120e+00 2.202633513824910070e-20 5.798867411357735453e-21
3.478807385166873711e+00 3.556003548125749165e-20 7.312504991901407223e-21
3.479472385166445303e+00 1.673981126140221598e-20 6.954330542105374159e-21
3.480137385166016895e+00 2.592171422687199953e-20 7.725772237292136433e-21
3.480802385165588486e+00 2.544816805955609215e-20 7.458614165421083651e-21
3.481467385165160078e+00 2.137033926920796571e-20 1.025759230290719613e-20
3.482132385164731669e+00 2.869885375475157831e-20 8.398625078744743008e-21
3.482797385164303261e+00 2.605598141580485340e-20 5.592967529351779872e-21
3.483462385163874853e+00 3.549278521567758397e-20 4.416262290805872343e-21
3.484127385163446444e+00 9.051391718146475367e-20 3.628268623919942617e-21
3.484792385163018036e+00 2.235453931246868696e-20 3.503502832273093237e-21
3.485457385162589627e+00 5.705699264641855577e-21 3.693796803761172106e-21
3.486122385162161219e+00 2.345151201826656681e-20 3.426242631765567632e-21
3.486787385161732811e+00 5.193172977866450743e-20 3.386176951421883017e-21
3.487452385161304402e+00 3.117958797059875533e-20 3.796138908684694317e-21
3.488117385160875994e+00 2.400772845325711701e-20 3.753423681650632234e-21
3.488782385160447586e+00 5.124271798273300532e-21 3.533168288090042919e-21
3.489447385160019177e+00 1.852791526741002563e-20 3.542606509385225459e-21
3.490112385159590769e+00 3.177264495319046801e-20 4.382086775680451669e-21
3.490777385159162360e+00 1.887768618788424214e-20 3.895967260925699550e-21
3.491442385158733952e+00 6.181076928847773332e-20 3.636782987298592298e-21
3.492107385158305544e+00 3.495733094094789064e-20 3.624848876855854649e-21
3.492772385157877135e+00 4.593605585617343293e-20 3.520105546481569764e-21
3.493437385157448727e+00 2.305149830949345382e-20 3.801602293827527321e-21
3.494102385157020318e+00 3.287697272475100275e-20 3.504089046013750175e-21
3.494767385156591466e+00 2.683394259881855748e-20 8.344534588645300349e-21
3.495432385156163058e+00 1.711526747667361827e-20 5.494367300524518289e-21
3.496097385155734649e+00 3.605157384144361137e-20 3.876814796307030481e-21
3.496762385155306241e+00 1.857176332513883307e-20 3.829729129039647422e-21
3.497427385154877832e+00 1.415335695328986618e-20 3.557171289077196115e-21
3.498092385154449424e+00 3.143090330760586268e-20 3.637785147490386475e-21
3.498757385154021016e+00 3.502945407255684039e-20 3.606257109314676714e-21
3.499422385153592607e+00 3.258817109528673991e-20 3.567438440111130027e-21
3.500087385153164199e+00 2.836447225614572427e-20 3.516643201760965719e-21
3.500752385152735791e+00 1.492292381896283506e-20 3.474841879307169161e-21
3.501417385152307382e+00 7.115936454685238950e-21 3.396464244614697799e-21
3.502082385151878974e+00 2.543250824525201833e-20 3.609076159084375014e-21
3.502747385151450565e+00 -3.286182890262538736e-21 3.799132785000587784e-21
3.503412385151022157e+00 2.517614247342310162e-20 3.718869751835589426e-21
3.504077385150593749e+00 2.356752343540824144e-20 3.979062989913540227e-21
3.504742385150165340e+00 2.087435781364649126e-20 3.845149011266445308e-21
3.505407385149736932e+00 5.709028476591146224e-20 3.691116475665950061e-21
3.506072385149308523e+00 2.992769618931639506e-20 3.701784179604640993e-21
3.506737385148880115e+00 2.788382764749755446e-20 3.563155745389199012e-21
3.507402385148451707e+00 5.635695723753889318e-20 3.589867593225487960e-21
3.508067385148023298e+00 4.368757804844841726e-20 3.377141554530273408e-21
3.508732385147594890e+00 6.274814176528542008e-20 3.982624143157173043e-21
3.509397385147166482e+00 4.184412376410004295e-21 4.405287134595761507e-21
3.510062385146738073e+00 1.278127355679569893e-20 3.572382894613448885e-21
3.510727385146309665e+00 3.334649859102429448e-20 3.668112171606176210e-21
3.511392385145881256e+00 4.493615228552601527e-20 3.637642592261458193e-21
3.512057385145452848e+00 4.587982029092523349e-20 3.467545238761279401e-21
3.512722385145024440e+00 4.562559976446535685e-20 3.598698523516116892e-21
3.513387385144596031e+00 1.833136901879601888e-20 3.572815018137079472e-21
3.514052385144167623e+00 2.177581945962199635e-20 3.712537602782673342e-21
3.514717385143739214e+00 5.734937984338244807e-20 3.480113328113140447e-21
3.515382385143310806e+00 5.486397828605345962e-20 3.591718976591798884e-21
3.516047385142882398e+00 3.122558093039036985e-20 3.574941386160115264e-21
3.516712385142453989e+00 2.918979891299942077e-20 4.135607974231988438e-21
3.517377385142025581e+00 4.614402739395437760e-20 3.904376224490796350e-21
3.518042385141597173e+00 1.950438854358516865e-20 3.652005651866320944e-21
3.518707385141168764e+00 2.725796495523051231e-20 3.347308111557319579e-21
3.519372385140740356e+00 2.646096868807658062e-20 3.511151155242445617e-21
3.520037385140311947e+00 3.423400022991210460e-20 3.722041577621144284e-21
3.520702385139883539e+00 4.586555773815581405e-20 3.811423004547646911e-21
3.521367385139455131e+00 2.940970805128720851e-20 3.792024271550260239e-21
3.522032385139026722e+00 1.881912240863030883e-20 4.257868281234537647e-21
3.522697385138598314e+00 3.557065929843195103e-20 4.106265259390785867e-21
3.523362385138169905e+00 8.417292339454934242e-21 4.379682522250890202e-21
3.524027385137741497e+00 3.782333259834843749e-20 4.027648476169685834e-21
3.524692385137313089e+00 3.328686210988478434e-20 3.490456731570883073e-21
3.525357385136884680e+00 4.142718978462991307e-20 3.348160770665901049e-21
3.526022385136456272e+00 3.020520103759979134e-20 3.564675620124168032e-21
3.526687385136027864e+00 1.055877728322063674e-20 3.456672175785413805e-21
3.527352385135599455e+00 3.423353986621654863e-21 3.247092328408306425e-21
3.528017385135171047e+00 2.983404229980818200e-20 3.424619325399659471e-21
3.528682385134742638e+00 1.885121259665164366e-20 3.519070295596894848e-21
3.529347385134314230e+00 5.684883360485257320e-21 3.673537340766528342e-21
3.530012385133885822e+00 2.838855671582757119e-20 3.310679540886606574e-21
3.530677385133457413e+00 1.793472643915625968e-20 3.591965429150324448e-21
3.531342385133029005e+00 1.489717376314605520e-20 3.411619526645823978e-21
3.532007385132600596e+00 -5.034198424864017778e-22 3.577903912199105788e-21
3.532672385132172188e+00 6.604957753680121535e-21 3.361431549682229662e-21
3.533337385131743780e+00 -3.820297612373746134e-21 3.327876004675468260e-21
3.534002385131315371e+00 1.604727843483207743e-20 3.627178158000284436e-21
3.534667385130886963e+00 2.650294715301865133e-20 3.608254471855947325e-21
3.535332385130458555e+00 3.933398238527847804e-20 3.357529540528541734e-21
3.535997385130030146e+00 2.656730669375298500e-20 3.413074326852297288e-21
3.536662385129601738e+00 1.486045921561024125e-20 3.713344687976090823e-21
3.537327385129173329e+00 1.687091056401590986e-21 3.568796470041049657e-21
3.537992385128744921e+00 -6.255651140364846984e-21 3.394085849597564444e-21
3.538657385128316513e+00 1.102133207110381881e-21 3.567696833630667796e-21
3.539322385127888104e+00 3.888644763081564951e-20 3.508821368978230414e-21
3.539987385127459696e+00 4.320514057225681541e-20 3.579040177951895720e-21
3.540652385127031287e+00 3.119910376904263759e-20 3.654851366675669624e-21
3.541317385126602879e+00 3.069209740458749635e-20 3.584905538577740939e-21
3.541982385126174471e+00 2.744844975139992000e-20 3.359267481673605311e-21
3.542647385125746062e+00 5.367572276934080162e-20 3.591721850426505280e-21
3.543312385125317654e+00 1.952522376555401539e-20 3.204772013815152966e-21
3.543977385124889246e+00 3.870357329421506126e-20 3.550506577498925630e-21
3.544642385124460837e+00 4.495707337472386557e-20 3.482282864051770070e-21
3.545307385124032429e+00 3.677824969472129124e-20 3.433050154534475059e-21
3.545972385123604020e+00 1.477370207230392461e-20 7.509870036602444417e-21
3.546637385123175612e+00 2.803026096893938744e-20 7.455626821197027351e-21
3.547302385122747204e+00 3.742104051952639721e-20 4.364862256587212739e-21
3.547967385122318795e+00 4.014808517410872217e-20 3.873943045383427704e-21
3.548632385121890387e+00 2.875229908648291452e-20 3.590744609428504070e-21
3.549297385121461978e+00 3.380101866014121372e-20 3.497051849978792009e-21
3.549962385121033570e+00 3.223214453153664593e-20 3.640879931461786998e-21
3.550627385120605162e+00 4.007637264501028432e-20 3.612766913609934091e-21
3.551292385120176753e+00 4.982580623036295125e-20 3.412522692240397609e-21
3.551957385119748345e+00 3.492063025966170011e-20 3.424595019589306807e-21
3.552622385119319937e+00 2.898617031391198079e-20 3.599909963090886097e-21
3.553287385118891528e+00 1.503431783793327742e-20 3.586741212958108733e-21
3.553952385118463120e+00 2.675461312814728032e-20 3.417614146865556656e-21
3.554617385118034711e+00 3.241218616752662105e-20 3.508143226008290397e-21
3.555282385117606303e+00 3.867385283369124876e-20 3.611399702252766690e-21
3.555947385117177895e+00 4.593180783173796679e-20 3.650342297088679199e-21
3.556612385116749486e+00 3.568464215654905910e-20 3.581336462397132378e-21
3.557277385116321078e+00 4.039261797909811326e-20 3.796568396518577088e-21
3.557942385115892669e+00 2.715477544405915535e-20 3.430605255304804562e-21
3.558607385115464261e+00 5.796264653978901994e-20 3.711110823570356874e-21
3.559272385115035853e+00 1.899425329240385213e-20 3.670155171109975720e-21
3.559937385114607444e+00 4.215251308743106588e-20 3.454696439209611237e-21
3.560602385114179036e+00 1.082380047670862003e-20 3.438627086674105159e-21
3.561267385113750628e+00 4.729150475453410178e-20 3.409974180584646910e-21
3.561932385113322219e+00 5.340427542734233831e-20 3.669575609098639890e-21
3.562597385112893811e+00 6.814852851730365358e-20 3.476346146779307586e-21
3.563262385112465402e+00 3.357858577656037634e-20 3.675225998415159603e-21
3.563927385112036994e+00 2.523200059758663917e-20 3.692515872827869293e-21
3.564592385111608586e+00 7.562909572650950848e-21 3.699944305970639736e-21
3.565257385111180177e+00 2.383484067254110099e-20 4.071757408223204763e-21
3.565922385110751769e+00 3.424916121917829584e-20 3.738173777960439410e-21
3.566587385110323360e+00 3.402746815900738242e-20 3.587350818219426233e-21
3.567252385109894952e+00 3.266892860313211157e-20 3.472972265450110342e-21
3.567917385109466544e+00 1.596630777578900119e-20 3.512517876980722908e-21
3.568582385109038135e+00 6.528345037665058624e-21 3.357854792756456333e-21
3.569247385108609727e+00 5.484652565719861433e-20 3.535341982337125665e-21
3.569912385108181319e+00 3.317712580178010721e-20 3.739554875503236012e-21
3.570577385107752910e+00 1.988111927006565786e-20 3.626247768607848624e-21
3.571242385107324502e+00 1.747070395265260055e-20 4.525186878344737233e-21
3.571907385106896093e+00 1.195370803499276648e-20 4.112329811453794318e-21
3.572572385106467685e+00 2.578080983995027967e-20 3.637090191732197287e-21
3.573237385106039277e+00 3.289093491816141226e-20 3.567557675059316181e-21
3.573902385105610868e+00 1.134963898657818158e-20 3.707090193432427719e-21
3.574567385105182460e+00 2.339249463305135975e-20 3.667264348892582572e-21
3.575232385104754051e+00 5.124292539512057334e-20 3.490406386471308577e-21
3.575897385104325643e+00 5.128464499471416272e-20 3.530518018776796352e-21
3.576562385103897235e+00 3.755037961627323611e-20 3.423719211562204155e-21
3.577227385103468826e+00 2.148023823512703557e-20 3.641942785778102950e-21
3.577892385103040418e+00 1.090691966194928932e-20 3.479430890884044663e-21
3.578557385102612010e+00 4.039653425816063335e-20 3.690552506797313397e-21
3.579222385102183601e+00 3.601792291550386177e-20 3.641807381092970119e-21
3.579887385101755193e+00 4.185515632568363371e-20 3.895948289409703072e-21
3.580552385101326784e+00 4.038498475587473949e-20 3.765770975256261126e-21
3.581217385100898376e+00 2.524281857505886718e-20 3.639216825266434408e-21
3.581882385100469968e+00 2.093440755703683116e-20 3.654182866621019267e-21
3.582547385100041559e+00 1.489503396727676610e-21 3.643849389037295123e-21
3.583212385099613151e+00 3.036752957679938423e-20 3.892770758396628144e-21
3.583877385099184743e+00 3.924187234337112462e-20 3.544976079801506893e-21
3.584542385098756334e+00 1.995379247036632535e-20 3.551294003034940569e-21
3.585207385098327926e+00 1.751812918892399820e-20 4.060408593720175029e-21
3.585872385097899517e+00 1.679491915045101151e-20 5.214648485825363339e-21
3.586537385097471109e+00 3.423339694483212216e-20 4.494792627681297760e-21
3.587202385097042701e+00 4.879060678775046585e-20 9.947169545405605705e-21
3.587867385096614292e+00 6.768742082840055516e-20 8.256449945205422328e-21
3.588532385096185884e+00 5.839359745971537597e-20 7.757941223391701732e-21
3.589197385095757475e+00 4.134799327889078334e-20 8.229728875982845347e-21
3.589862385095329067e+00 3.048357166852351822e-20 4.341730815253882437e-21
3.590527385094900659e+00 4.176985900444030195e-20 3.914237522466058081e-21
3.591192385094472250e+00 1.000895018380112294e-20 3.340899663844069748e-21
3.591857385094043842e+00 2.099689735397511093e-20 3.479624883911036795e-21
3.592522385093615434e+00 3.595047775242953665e-20 3.696227055997764111e-21
3.593187385093187025e+00 4.710825210175689776e-20 3.623043824426870722e-21
3.593852385092758617e+00 1.572199741827843964e-20 3.438676824045573144e-21
3.594517385092330208e+00 1.743671287646042641e-20 3.605992837980616699e-21
3.595182385091901800e+00 3.529344287716076314e-20 3.618034547505852263e-21
3.595847385091473392e+00 5.244246912679010614e-21 3.292348533581321673e-21
3.596512385091044983e+00 8.130810615330854274e-21 3.881624164705773881e-21
3.597177385090616575e+00 8.715885019820894986e-21 3.330986003351725009e-21
3.597842385090188166e+00 4.319498069296650950e-21 3.408755212290292552e-21
3.598507385089759758e+00 4.625786411172305486e-20 3.626255136396960842e-21
3.599172385089331350e+00 3.544897328481530378e-20 3.144932295251410743e-21
3.599837385088902941e+00 3.270979965118676202e-20 3.588356284075183953e-21
3.600502385088474533e+00 1.576061611393214920e-20 3.417825490141452010e-21
3.601167385088046125e+00 3.722404210958014505e-20 3.668131291865865739e-21
3.601832385087617716e+00 3.293525956765594603e-20 3.368728199385315959e-21
3.602497385087189308e+00 4.310823227267438363e-20 3.881878365354079120e-21
3.603162385086760899e+00 4.712092458288110487e-20 5.385409433300001821e-21
3.603827385086332491e+00 5.322016199441932615e-20 3.478585839844011681e-21
3.604492385085904083e+00 3.010786910683639012e-20 3.475009873443546148e-21
3.605157385085475674e+00 4.090840483235795204e-20 3.662602029013948455e-21
3.605822385085047266e+00 1.756022592069891813e-20 3.286997138834272575e-21
3.606487385084618857e+00 3.340310302334978299e-20 3.274365412810095919e-21
3.607152385084190449e+00 3.371492077092463549e-20 3.503945332711726923e-21
3.607817385083762041e+00 4.293858737049923570e-20 3.398454363818943060e-21
3.608482385083333632e+00 1.673472221106554629e-20 5.817720599639865964e-21
3.609147385082905224e+00 4.859035523991094011e-20 5.538162306161917316e-21
3.609812385082476816e+00 3.117281074849762703e-20 5.556013255415318728e-21
3.610477385082048407e+00 9.029722520098427107e-21 3.339284682163387214e-21
3.611142385081619999e+00 2.386875156087113711e-20 3.290194397308767705e-21
3.611807385081191590e+00 3.875702472385057171e-20 3.568101920063449436e-21
3.612472385080763182e+00 2.153484680202234901e-20 3.901685852900786853e-21
3.613137385080334774e+00 3.406230398402632871e-20 3.420089634225165683e-21
3.613802385079906365e+00 8.180890711220409578e-21 3.435435074320724399e-21
3.614467385079477957e+00 2.089623028919886175e-20 3.486571269679359159e-21
3.615132385079049548e+00 3.212161541506420815e-20 3.634296665931511516e-21
3.615797385078621140e+00 1.295917579397144372e-20 3.476822365489483193e-21
3.616462385078192732e+00 3.188529214264749524e-20 3.980266410679224910e-21
3.617127385077764323e+00 2.288186210339164820e-20 4.261270478247474891e-21
3.617792385077335915e+00 3.370922511648203899e-20 3.609503352462953148e-21
3.618457385076907507e+00 1.857802213722460723e-20 3.716724566330163617e-21
3.619122385076479098e+00 -1.600973718404273239e-20 4.927814963640645273e-21
3.619787385076050690e+00 6.684350825294139202e-21 5.881475818237307945e-21
3.620452385075622281e+00 -3.081505496828548983e-20 5.731075924111256428e-21
3.621117385075193873e+00 -2.674633107658156733e-20 5.052176613413322207e-21
3.621782385074765465e+00 2.266527263086819936e-20 3.463477160814683113e-21
3.622447385074337056e+00 4.787286649709417473e-20 3.571921152925295100e-21
3.623112385073908648e+00 4.359504134707728607e-20 3.513548551155959495e-21
3.623777385073480239e+00 3.836807353402782498e-20 3.408481403950450836e-21
3.624442385073051831e+00 3.024124846377217331e-20 3.569853030790627978e-21
3.625107385072623423e+00 2.788350691198383979e-20 3.731717519109977582e-21
3.625772385072195014e+00 2.607975474887135110e-20 3.564718499875956094e-21
3.626437385071766606e+00 2.734041818812137175e-20 3.642548153811055669e-21
3.627102385071338198e+00 4.225773820411395302e-21 3.347155782238676291e-21
3.627767385070909789e+00 3.518844442729040734e-20 3.605995295523841307e-21
3.628432385070481381e+00 3.286497363492546704e-20 3.364690127963609291e-21
3.629097385070052972e+00 4.665571772896947645e-20 3.296716036687686716e-21
3.629762385069624564e+00 3.840219236767759293e-20 3.490153203693076259e-21
3.630427385069196156e+00 2.672129112879404443e-20 3.462290300108999274e-21
3.631092385068767747e+00 3.043574570968637784e-20 3.384456214801737302e-21
3.631757385068339339e+00 4.418990582011124848e-20 3.258863087271208981e-21
3.632422385067910930e+00 2.461358192687185531e-20 3.527365578333038922e-21
3.633087385067482522e+00 8.754074010653937782e-21 3.432684995418132960e-21
3.633752385067054114e+00 3.089499022128251202e-20 3.417034041918518081e-21
3.634417385066625705e+00 3.187327759773659484e-20 3.466574222271919475e-21
3.635082385066197297e+00 3.044318593926797647e-20 3.477598850736462605e-21
3.635747385065768889e+00 4.481898245473783996e-20 3.257980339077938257e-21
3.636412385065340480e+00 2.050394874320332470e-20 3.704279990775915638e-21
3.637077385064912072e+00 1.481148992653745188e-20 3.868966391515517898e-21
3.637742385064483663e+00 2.051830087626524294e-20 3.391501414107184605e-21
3.638407385064055255e+00 5.893880229972762088e-20 3.198625222602665535e-21
3.639072385063626847e+00 1.868479276257127099e-20 3.368968409986944128e-21
3.639737385063198438e+00 1.569336570933836836e-20 3.264477327677785577e-21
3.640402385062770030e+00 1.466081258848309728e-20 3.508347788572074223e-21
3.641067385062341621e+00 1.715635340968192134e-20 3.495758623293087932e-21
3.641732385061913213e+00 4.327715393984424391e-20 3.342613950992119116e-21
3.642397385061484805e+00 4.264769692836761066e-20 3.148460863532372859e-21
3.643062385061056396e+00 4.428854715765499383e-20 3.374852859251442731e-21
3.643727385060627988e+00 3.570172637130959936e-20 3.384548648219809005e-21
3.644392385060199580e+00 2.697698879292346329e-20 3.585961205757059856e-21
3.645057385059771171e+00 2.367029164075536972e-20 3.493251223814911953e-21
3.645722385059342763e+00 3.789690948921021048e-20 3.531074781097514694e-21
3.646387385058914354e+00 3.130222917594102542e-20 3.348879820025895236e-21
3.647052385058485946e+00 2.000630617342683392e-20 3.355723733573220203e-21
3.647717385058057538e+00 2.221546870617738230e-20 3.440605281151645698e-21
3.648382385057629129e+00 2.464296026292342822e-20 3.475409082578029999e-21
3.649047385057200721e+00 1.915910469686460569e-20 3.535021706926782979e-21
3.649712385056772312e+00 5.457111483082175212e-20 3.364997392212263130e-21
3.650377385056343904e+00 3.634752794583718076e-20 3.452449609699473340e-21
3.651042385055915496e+00 3.138153055019579433e-20 3.550205872979328921e-21
3.651707385055487087e+00 4.439101113612031527e-20 3.393293609024155397e-21
3.652372385055058679e+00 1.013436480667782821e-20 3.413980558082917498e-21
3.653037385054630271e+00 3.069477797889959544e-20 3.671686864377409310e-21
3.653702385054201862e+00 1.897457289437025779e-20 3.336584448453218445e-21
3.654367385053773454e+00 3.514428100355302553e-20 3.654518927819236974e-21
3.655032385053345045e+00 4.857720905570123322e-20 3.555712814148370816e-21
3.655697385052916637e+00 2.013612349286848495e-20 3.778055089611916872e-21
3.656362385052488229e+00 3.443954334701281985e-20 3.353020803011512520e-21
3.657027385052059820e+00 4.746905969718943632e-20 3.188480506635215007e-21
3.657692385051631412e+00 2.703520401075484063e-20 3.753017636260783754e-21
3.658357385051203003e+00 1.730065272700547588e-20 3.426573758400067302e-21
3.659022385050774595e+00 2.555201106308937236e-20 3.474045880235937436e-21
3.659687385050346187e+00 6.672936079488733272e-21 3.324402053908207117e-21
3.660352385049917778e+00 1.313221404706384080e-20 3.384657240060025450e-21
3.661017385049489370e+00 2.165359291844156744e-20 3.344830282197392795e-21
3.661682385049060962e+00 6.186875318062737130e-20 4.018349229587114517e-21
3.662347385048632553e+00 1.828958664776044318e-20 4.812966443978064307e-21
3.663012385048204145e+00 1.435258926604877959e-20 4.311731511536810129e-21
3.663677385047775736e+00 3.157577450809389655e-20 3.550069088197604071e-21
3.664342385047347328e+00 1.753588477028056402e-20 3.205703271514820991e-21
3.665007385046918920e+00 3.182882659776637099e-20 3.363818292796704623e-21
3.665672385046490511e+00 3.465103075376034940e-20 3.356208499986689022e-21
3.666337385046062103e+00 7.301879506835170796e-21 3.680728844551172356e-21
3.667002385045633694e+00 -6.289720563266483485e-22 3.648787751951077871e-21
3.667667385045205286e+00 1.805711740648706540e-20 3.434718159881971337e-21
3.668332385044776878e+00 2.663448502873148254e-20 3.977918897475666931e-21
3.668997385044348469e+00 2.250513802484960749e-20 3.501233984927936964e-21
3.669662385043920061e+00 1.658162103652688902e-20 3.606827797123557130e-21
3.670327385043491653e+00 2.936078940132415309e-20 3.512161947182885912e-21
3.670992385043063244e+00 4.048353405984729619e-20 3.120951548761110084e-21
3.671657385042634836e+00 2.359970434600178991e-20 3.238210640440797418e-21
3.672322385042206427e+00 2.607253581678839437e-20 3.376390163361339127e-21
3.672987385041778019e+00 4.567529679320668126e-20 3.438484294773087516e-21
3.673652385041349611e+00 4.152009985942375113e-20 3.501125258313882572e-21
3.674317385040921202e+00 3.906413609488469096e-20 3.654364416456899378e-21
3.674982385040492794e+00 1.613402487307269193e-20 3.167680785412758006e-21
3.675647385040064385e+00 3.746659975877672599e-20 3.281059995749906267e-21
3.676312385039635977e+00 2.456635486565092253e-20 3.323761208797115403e-21
3.676977385039207569e+00 2.586193659802334396e-21 3.646815071723367491e-21
3.677642385038779160e+00 1.459705400483574123e-20 3.960649574367276460e-21
3.678307385038350752e+00 3.230852248069389772e-20 3.178742501514758613e-21
3.678972385037922344e+00 5.193414426714185012e-20 2.969220304136005541e-21
3.679637385037493935e+00 2.967255005333719026e-20 3.270747626866515305e-21
3.680302385037065527e+00 2.575680512515626849e-20 7.687400978343175018e-21
3.680967385036637118e+00 2.325236313953653007e-20 6.400150362154131723e-21
3.681632385036208710e+00 3.989548329586102789e-20 7.956019501494885389e-21
3.682297385035780302e+00 2.179234166623428445e-20 6.584147130593484384e-21
3.682962385035351893e+00 3.631076528708283184e-20 3.553517194771662140e-21
3.683627385034923485e+00 4.325047739212394017e-20 3.332967797327460495e-21
3.684292385034495076e+00 5.502962765703990441e-20 3.265389341436498315e-21
3.684957385034066668e+00 2.521827973125687889e-20 3.635828007715512255e-21
3.685622385033638260e+00 2.592584167335497275e-20 3.371160295399889072e-21
3.686287385033209851e+00 2.635136651149944382e-20 3.376576499728084277e-21
3.686952385032781443e+00 1.528229260645649730e-20 3.124051866724883493e-21
3.687617385032353035e+00 2.385888070368283345e-20 3.430552983952864693e-21
3.688282385031924626e+00 2.913511632911779046e-20 1.038213757707893853e-20
3.688947385031496218e+00 1.473500304545291662e-20 7.820093511760408323e-21
3.689612385031067809e+00 3.313572523390096919e-20 3.511648190232135906e-21
3.690277385030639401e+00 2.581466683550620091e-20 3.604092597475826946e-21
3.690942385030210993e+00 4.035736141901121668e-20 3.461369528300022838e-21
3.691607385029782584e+00 1.652283738883249647e-20 3.819929479225726598e-21
3.692272385029354176e+00 4.183414272124705089e-20 4.658138727956071204e-21
3.692937385028925767e+00 2.640444830510768276e-20 3.873225297312432082e-21
3.693602385028497359e+00 2.422319151395073686e-20 3.530788836398452320e-21
3.694267385028068951e+00 3.052868602245012885e-20 3.480312534283974699e-21
3.694932385027640542e+00 2.417974224035390446e-20 3.509835642470364381e-21
3.695597385027212134e+00 1.640247191242078485e-20 3.385550866640980494e-21
3.696262385026783726e+00 1.465099333173285053e-20 3.114392518887275525e-21
3.696927385026355317e+00 1.367078249758335990e-20 3.378000199664195325e-21
3.697592385025926909e+00 3.439059699155308457e-20 3.575137208155026902e-21
3.698257385025498500e+00 2.750467918501891974e-20 3.554604779230614449e-21
3.698922385025070092e+00 2.548308679156135640e-20 3.373212192224644808e-21
3.699587385024641684e+00 9.308254321761800867e-21 3.382387791467529718e-21
3.700252385024213275e+00 -3.622625841697635533e-21 3.327702032882267766e-21
3.700917385023784867e+00 2.640990796055010265e-20 4.033984429482403875e-21
3.701582385023356458e+00 2.947986568754538569e-20 3.946410619174528192e-21
3.702247385022928050e+00 4.154344385010119465e-20 4.432138062964443119e-21
3.702912385022499642e+00 2.277010721892842877e-20 3.706759017065082210e-21
3.703577385022071233e+00 1.351727245423833425e-20 3.328560685406120177e-21
3.704242385021642825e+00 1.182740487553770652e-20 3.457088148856661447e-21
3.704907385021214417e+00 1.319027009616657948e-20 3.185320770019564001e-21
3.705572385020786008e+00 1.957142671120232351e-20 2.966843027321252977e-21
3.706237385020357600e+00 4.526560805141967669e-20 3.283174245831931505e-21
3.706902385019929191e+00 4.100095693490233637e-20 3.431765603131647634e-21
3.707567385019500783e+00 4.531004487559069998e-20 3.263570625809130369e-21
3.708232385019072375e+00 2.993042762142481379e-20 3.475515196209794661e-21
3.708897385018643966e+00 2.388762162539445659e-20 3.185112275274861194e-21
3.709562385018215558e+00 2.500490770032702106e-20 3.338519457581977940e-21
3.710227385017787149e+00 2.100837413015354501e-20 3.496232171174273134e-21
3.710892385017358741e+00 2.915506810300973556e-20 4.607051702401941957e-21
3.711557385016930333e+00 2.185563251147497471e-20 4.785458922903985582e-21
3.712222385016501924e+00 4.375705608138013383e-20 4.976731808318588120e-21
3.712887385016073516e+00 4.377617778849399512e-20 4.509527310756014761e-21
3.713552385015645108e+00 3.318430074599450760e-20 3.781445193767012592e-21
3.714217385015216699e+00 1.037519051631857203e-20 4.207037700378244239e-21
3.714882385014788291e+00 2.005231280414044875e-21 3.314466959208705030e-21
3.715547385014359882e+00 2.558854995324302433e-20 3.458439580735165661e-21
3.716212385013931474e+00 2.890461103752554053e-20 3.458131059899856413e-21
3.716877385013503066e+00 2.014940300470011524e-20 3.443575647066573267e-21
3.717542385013074657e+00 1.873087080877155479e-20 3.699081995081917325e-21
3.718207385012646249e+00 1.679432639437912127e-20 2.121150554297584487e-20
3.718872385012217840e+00 5.246783915679286624e-20 3.566259224065590439e-21
3.719537385011789432e+00 3.782036007673533167e-20 3.396184892883485026e-21
3.720202385011361024e+00 3.026450317095696068e-20 4.127526474695982426e-21
3.720867385010932615e+00 2.892267549469904515e-20 3.852266772475592243e-21
3.721532385010504207e+00 5.120176509156491687e-20 3.522142779259846409e-21
3.722197385010075799e+00 2.879803865199042122e-20 3.635945122492805277e-21
3.722862385009647390e+00 2.759216328201670856e-20 3.339891844183058586e-21
3.723527385009218982e+00 3.080143438630976565e-20 3.741179435712789722e-21
3.724192385008790573e+00 2.694739787142020258e-20 3.733843889975015658e-21
3.724857385008362165e+00 2.576777274036118850e-20 3.584516995283189709e-21
3.725522385007933757e+00 2.551891453684728249e-20 3.531060427181708299e-21
3.726187385007505348e+00 2.097712419959825045e-20 3.235216476589962834e-21
3.726852385007076940e+00 3.902121179045161435e-20 3.336044619919717102e-21
3.727517385006648531e+00 5.328583878400491508e-20 3.497891382841590341e-21
3.728182385006220123e+00 2.032162330273848867e-20 3.595137837751267228e-21
3.728847385005791715e+00 3.725467230765282849e-20 1.208755890051189236e-20
3.729512385005363306e+00 4.346008309245261340e-20 1.616945640702077525e-20
3.730177385004934898e+00 5.493350380018152786e-20 1.013989365504786297e-20
3.730842385004506490e+00 1.355128175615525300e-20 3.316953400214065704e-21
3.731507385004078081e+00 1.603291389340732279e-20 3.503740845727221684e-21
3.732172385003649673e+00 2.416475722355148749e-20 3.367243304277008387e-21
3.732837385003221264e+00 1.925164696261878288e-20 3.184967993838322347e-21
3.733502385002792856e+00 8.256590226194659160e-21 3.313120825044536754e-21
3.734167385002364448e+00 2.123790325891297875e-20 3.254723602591754609e-21
3.734832385001936039e+00 3.285787638239478644e-20 3.266991261715137667e-21
3.735497385001507631e+00 3.617534785289125306e-20 3.422738788249948043e-21
3.736162385001079222e+00 1.357330802353635283e-20 3.123914871354656604e-21
3.736827385000650814e+00 1.854827062203298537e-20 3.400675318332374548e-21
3.737492385000222406e+00 1.631168067852408038e-20 3.457154579692004226e-21
3.738157384999793997e+00 -6.861650824193947897e-22 3.211026376999384841e-21
3.738822384999365589e+00 3.300088994692648620e-20 3.472047314666978520e-21
3.739487384998937181e+00 8.514366985966324163e-21 3.635985168382485450e-21
3.740152384998508772e+00 2.211193239205794284e-20 3.919790616251893737e-21
3.740817384998080364e+00 2.241910190101567870e-20 3.944293142908766155e-21
3.741482384997651955e+00 4.868933479807176065e-20 4.262381844682589486e-21
3.742147384997223547e+00 2.228612981564076294e-20 3.404846730683610644e-21
3.742812384996795139e+00 2.495033540513174168e-20 3.752355432783421523e-21
3.743477384996366730e+00 3.893173540208750036e-20 3.390897094091418867e-21
3.744142384995938322e+00 2.394071970106193340e-20 3.349547932545499962e-21
3.744807384995509913e+00 2.419207285733232997e-20 3.430152658798367944e-21
3.745472384995081505e+00 1.795154665056766435e-20 3.363461040383448320e-21
3.746137384994653097e+00 4.634315707317728018e-20 3.515875200099812635e-21
3.746802384994224688e+00 4.371522127300293351e-20 3.614158581064564896e-21
3.747467384993796280e+00 3.752469468151512376e-20 3.225199058582586553e-21
3.748132384993367872e+00 4.263492678513224454e-20 3.794268915939463870e-21
3.748797384992939463e+00 3.943518461382784347e-20 3.328035877571566129e-21
3.749462384992511055e+00 4.073370836739052712e-20 3.228059664992113133e-21
3.750127384992082646e+00 2.947353127114761187e-20 3.578072092426908613e-21
3.750792384991654238e+00 1.911150920496379785e-20 3.411263326251496282e-21
3.751457384991225830e+00 7.025638551661237306e-20 3.253772402634424950e-21
3.752122384990797421e+00 2.713802924356186020e-20 3.513078925696117007e-21
3.752787384990369013e+00 2.818459334240271799e-20 3.404879357961403865e-21
3.753452384989940604e+00 2.532130027325482676e-20 3.125712195372901685e-21
3.754117384989512196e+00 4.999461397204061891e-20 3.111610563730275992e-21
3.754782384989083788e+00 3.121399022867832062e-20 3.134661191209899378e-21
3.755447384988655379e+00 2.594851517299892451e-20 3.176752254710057270e-21
3.756112384988226971e+00 5.183903310678926837e-20 3.442720376886611638e-21
3.756777384987798563e+00 4.571487119778426873e-20 3.364197688357682637e-21
3.757442384987370154e+00 2.204366901148029033e-20 3.395050510555567982e-21
3.758107384986941746e+00 5.338758672951522192e-21 3.435373515848382202e-21
3.758772384986513337e+00 3.785673223360833743e-20 3.300008536373231380e-21
3.759437384986084929e+00 4.028110533831834398e-20 3.434929076238649823e-21
3.760102384985656521e+00 3.366466433299436385e-20 3.348559664063203370e-21
3.760767384985228112e+00 2.065592474423947172e-20 3.078297552360612063e-21
3.761432384984799704e+00 3.249950566738659619e-20 3.239972672930231221e-21
3.762097384984371296e+00 1.670629656244632032e-20 3.603699713302827250e-21
3.762762384983942887e+00 1.960356224938463234e-20 3.402533675087494159e-21
3.763427384983514479e+00 4.140339877046115261e-20 3.205795993003271677e-21
3.764092384983086070e+00 2.425823586721844330e-20 3.052255783856888665e-21
3.764757384982657662e+00 4.194484071551337191e-20 3.154494400028133454e-21
3.765422384982229254e+00 6.849891649166724116e-20 3.207880806456919331e-21
3.766087384981800845e+00 4.370416429483896006e-20 3.373478949777388134e-21
3.766752384981372437e+00 3.730612286713512982e-20 4.431683426573493387e-21
3.767417384980944028e+00 4.468934043504259730e-20 4.629594164671959873e-21
3.768082384980515620e+00 6.110898549269032158e-20 4.556160999317782133e-21
3.768747384980087212e+00 2.119687728537963765e-20 4.356028216999965690e-21
3.769412384979658803e+00 3.378968487158340658e-20 3.324993972733355991e-21
3.770077384979230395e+00 2.617113023867268193e-20 3.295802304108171795e-21
3.770742384978801987e+00 2.440713722450929765e-20 3.228132814493516076e-21
3.771407384978373578e+00 3.607940804227776435e-20 3.355156339031047517e-21
3.772072384977945170e+00 1.452517018997406789e-20 3.539988686289538079e-21
3.772737384977516761e+00 2.953905261352229700e-20 3.447346039599525869e-21
3.773402384977088353e+00 1.813785894126196358e-20 3.370071433160866386e-21
3.774067384976659945e+00 3.638633201736833751e-21 3.505639325804237255e-21
3.774732384976231536e+00 1.863658715640371005e-20 3.563463659552249207e-21
3.775397384975803128e+00 2.405338313547866691e-20 3.260725702112425897e-21
3.776062384975374719e+00 2.050962131901447703e-20 3.363468713433223710e-21
3.776727384974946311e+00 3.236093016254537752e-20 3.828414102315281889e-21
3.777392384974517903e+00 4.103099144538261364e-20 8.425383862052783858e-21
3.778057384974089494e+00 3.513941514509619645e-20 1.479740176381319179e-20
3.778722384973661086e+00 3.264866904666970502e-20 3.910229797680368269e-21
3.779387384973232678e+00 2.824759521703889944e-20 3.449314244726462821e-21
3.780052384972804269e+00 2.624859503707250246e-20 3.158433092620725109e-21
3.780717384972375861e+00 2.275081715242828187e-20 3.375326896505509834e-21
3.781382384971947452e+00 3.831748967501565309e-20 3.318100848544202890e-21
3.782047384971519044e+00 3.122227581238596779e-20 3.448320445889624486e-21
3.782712384971090636e+00 2.271741509532153384e-20 3.293827819372546966e-21
3.783377384970662227e+00 1.176099753257003616e-20 3.449541719457532904e-21
3.784042384970233819e+00 2.865231041092215543e-20 3.490660799581992652e-21
3.784707384969805410e+00 3.640310734674101355e-20 3.230003354083032684e-21
3.785372384969377002e+00 -6.651136564748236692e-21 3.610243207216191532e-21
3.786037384968948594e+00 1.728219378434782949e-20 3.367161942285907577e-21
3.786702384968520185e+00 3.433665819539411368e-20 3.423762970642966408e-21
3.787367384968091777e+00 4.906819388025205997e-20 3.292648173791653165e-21
3.788032384967663369e+00 4.214297080937487273e-20 3.425197902576425799e-21
3.788697384967234960e+00 2.606258061084898742e-20 3.429953400426083512e-21
3.789362384966806552e+00 3.562935885941628147e-20 3.130086722914668411e-21
3.790027384966378143e+00 3.827139795699710362e-20 3.094251910854197786e-21
3.790692384965949735e+00 4.882652514860499413e-20 3.549912066018131579e-21
3.791357384965521327e+00 -4.690348896461227421e-23 3.500222927331718187e-21
3.792022384965092918e+00 -7.758281647327070920e-21 3.175242733163906978e-21
3.792687384964664510e+00 2.784693554279774500e-21 3.571653836386976796e-21
3.793352384964236101e+00 9.534012467917393119e-21 3.357752675064265877e-21
3.794017384963807693e+00 1.000033566426861014e-20 3.301626454135782770e-21
3.794682384963379285e+00 2.494796793969326832e-20 3.319092253615614533e-21
3.795347384962950876e+00 2.531129551342681011e-20 3.098162236565726096e-21
3.796012384962522468e+00 3.064872903430670680e-20 3.226621208681631624e-21
3.796677384962094060e+00 3.027081258549970783e-20 3.177890059475008386e-21
3.797342384961665651e+00 3.671510320117850717e-20 3.431800367751546204e-21
3.798007384961237243e+00 3.386373771645705878e-20 3.348444793965738385e-21
3.798672384960808834e+00 1.353150882436664143e-20 3.486875337653754577e-21
3.799337384960380426e+00 4.991826549962271075e-20 3.377115523833213369e-21
3.800002384959952018e+00 2.969145006495328708e-20 3.501749829393670704e-21
3.800667384959523609e+00 3.071263254508156158e-20 3.297015444807114707e-21
3.801332384959095201e+00 3.416674711302618470e-20 3.203704501519981141e-21
3.801997384958666792e+00 4.443239444967666087e-20 3.128206296680586557e-21
3.802662384958238384e+00 1.274870997969563166e-21 3.297406254379525757e-21
3.803327384957809976e+00 1.418731851192200365e-20 3.505422676350837089e-21
3.803992384957381567e+00 3.214805115795617016e-20 3.387072331155662400e-21
3.804657384956953159e+00 2.511463462594646349e-20 3.105985414712794058e-21
3.805322384956524751e+00 2.645427771966262681e-20 3.235815324803924770e-21
3.805987384956096342e+00 1.486983656158103505e-20 3.263150651422440706e-21
3.806652384955667934e+00 2.190025267364457522e-20 3.145555551583924862e-21
3.807317384955239525e+00 2.262165530941096954e-20 3.023940072511362461e-21
3.807982384954811117e+00 3.189002078408587874e-20 2.987589437121895427e-21
3.808647384954382709e+00 5.537133952879169438e-20 3.113390682302278952e-21
3.809312384953954300e+00 3.828471508087053752e-20 3.337014488608849500e-21
3.809977384953525892e+00 2.468443928594679334e-20 3.506549486772372447e-21
3.810642384953097483e+00 1.655117024793461994e-20 3.272133144173023723e-21
3.811307384952669075e+00 5.174371486653241070e-20 3.255202015235407579e-21
3.811972384952240667e+00 5.528222283621434696e-20 3.390954404379998831e-21
3.812637384951812258e+00 5.186802494460116748e-20 3.273856479564218841e-21
3.813302384951383850e+00 3.306785867885385971e-20 3.110503842903202367e-21
3.813967384950955442e+00 4.611673236701872259e-20 3.463697787274926923e-21
3.814632384950527033e+00 4.218646227886581951e-20 3.148602612158358380e-21
3.815297384950098625e+00 4.649097836698498148e-20 3.287643049555086512e-21
3.815962384949670216e+00 3.924127597321370260e-20 3.264210189353834750e-21
3.816627384949241808e+00 3.600372907174396185e-20 3.408989753716381689e-21
3.817292384948813400e+00 4.386438376573824487e-20 3.392026732258131064e-21
3.817957384948384991e+00 4.192674858332626491e-20 3.185877600809156222e-21
3.818622384947956583e+00 3.777496761121696683e-20 3.335242765927324614e-21
3.819287384947528174e+00 4.687422269768790310e-20 3.321813422489065857e-21
3.819952384947099766e+00 6.055341387667758253e-20 3.518726671101228637e-21
3.820617384946671358e+00 4.802333460828926523e-20 3.671842309657685692e-21
3.821282384946242949e+00 3.926213356048457298e-20 3.556711025054427974e-21
3.821947384945814541e+00 4.333282782514307158e-20 3.870307963327006851e-21
3.822612384945386133e+00 4.291328631452192700e-20 3.420967821750779524e-21
3.823277384944957724e+00 3.794744161282387883e-20 3.408095845244723028e-21
3.823942384944529316e+00 4.462705436679080226e-20 3.369842878162728085e-21
3.824607384944100907e+00 3.927604778122626184e-20 3.294298304161259386e-21
3.825272384943672499e+00 3.151447960212367385e-20 3.307664357942421490e-21
3.825937384943244091e+00 4.437251574953320184e-20 3.352530907344493430e-21
3.826602384942815682e+00 2.568935115461586747e-20 4.287215554820550150e-21
3.827267384942387274e+00 1.554028858477733823e-20 3.229322559119000849e-21
3.827932384941958865e+00 2.105256256244537603e-20 3.354971437122264466e-21
3.828597384941530457e+00 5.410366747831083155e-20 3.339329097516405443e-21
3.829262384941102049e+00 1.355563492770549343e-20 3.428112620659676213e-21
3.829927384940673640e+00 1.181530455179808932e-20 3.264342126962419679e-21
3.830592384940245232e+00 9.757100614326266018e-21 3.112580666724788646e-21
3.831257384939816824e+00 1.097654945612226599e-20 3.398447664690568366e-21
3.831922384939388415e+00 7.566236683756245089e-21 3.376017337587914257e-21
3.832587384938960007e+00 2.336701963929166823e-20 3.290603762038772645e-21
3.833252384938531598e+00 6.170215654389402018e-21 3.284475817025512841e-21
3.833917384938103190e+00 1.123960070274066941e-20 3.314606818278415432e-21
3.834582384937674782e+00 2.932043050249535009e-20 3.148820636579241774e-21
3.835247384937246373e+00 4.532388430544459891e-20 3.059709821600169649e-21
3.835912384936817965e+00 1.815758841494141164e-20 3.272539753432684137e-21
3.836577384936389556e+00 3.101011077589666311e-20 3.428781642864376223e-21
3.837242384935961148e+00 1.822801336548286810e-20 3.276752936536941587e-21
3.837907384935532740e+00 2.809704962324173421e-20 3.255116506059630038e-21
3.838572384935104331e+00 4.115846572661289378e-20 3.388734329212974209e-21
3.839237384934675923e+00 2.032378445579466372e-20 4.469422988308262311e-21
3.839902384934247515e+00 4.221082783292145395e-20 8.563536690743571138e-21
3.840567384933819106e+00 1.661418099382362589e-20 6.491195626902399478e-21
3.841232384933390698e+00 5.581306482251978714e-20 3.374749440013344436e-21
3.841897384932962289e+00 1.412231568821213870e-20 3.463168231657591807e-21
3.842562384932533881e+00 5.524758159949516882e-21 3.222033100691274995e-21
3.843227384932105473e+00 3.298385323845100783e-20 3.132288371341131465e-21
3.843892384931677064e+00 5.154384936843768362e-20 3.464430716503593757e-21
3.844557384931248656e+00 2.674401332322724021e-20 3.305852997260819811e-21
3.845222384930820247e+00 3.028301132932954796e-20 3.074472118427464006e-21
3.845887384930391839e+00 5.044020929270706723e-20 3.391895982800838470e-21
3.846552384929963431e+00 3.589833406733840253e-20 3.498791936266213437e-21
3.847217384929535022e+00 4.566620687334994428e-20 3.016688887334843191e-21
3.847882384929106614e+00 3.603096746714609010e-20 3.283759975845007818e-21
3.848547384928678206e+00 3.356921221343706088e-20 3.262014712822995708e-21
3.849212384928249797e+00 2.893286896428081016e-20 3.293001230380323178e-21
3.849877384927821389e+00 5.125694130364225828e-20 3.373239446689347161e-21
3.850542384927392980e+00 3.483185065627171021e-20 3.240276825144659466e-21
3.851207384926964572e+00 5.183883139978273359e-20 3.349371248896775487e-21
3.851872384926536164e+00 5.724868446216716859e-20 3.505357032952178098e-21
3.852537384926107755e+00 3.270702226179070737e-20 3.278177045655267592e-21
3.853202384925679347e+00 3.312892264011508934e-20 3.223021575338748946e-21
3.853867384925250938e+00 2.208930878250997634e-20 3.197927164356628833e-21
3.854532384924822530e+00 4.803230042801837692e-20 3.264398372668592420e-21
3.855197384924394122e+00 4.805260586631934345e-20 3.346625887431178216e-21
3.855862384923965713e+00 3.288904228613368970e-20 3.176618986976618210e-21
3.856527384923537305e+00 6.920657888434086563e-20 3.338348077479707388e-21
3.857192384923108897e+00 5.374003313621936994e-20 3.749086852028355166e-21
3.857857384922680488e+00 4.952182989363649211e-20 3.339028725602729916e-21
3.858522384922252080e+00 5.581831996254044790e-20 3.165703043445279628e-21
3.859187384921823671e+00 3.810044664875172348e-20 3.311769920138543442e-21
3.859852384921395263e+00 3.602721372129085206e-21 3.189583800137384292e-21
3.860517384920966855e+00 2.022485562532690548e-20 3.427730990287132448e-21
3.861182384920538446e+00 3.774667567281631554e-20 3.198140671884975702e-21
3.861847384920110038e+00 6.967449813119759073e-21 3.432413351013044439e-21
3.862512384919681629e+00 3.375243122234143209e-20 3.118280516042964568e-21
3.863177384919253221e+00 3.237109236577710190e-20 3.227091616069938075e-21
3.863842384918824813e+00 3.156546288978353871e-20 3.315804744846971662e-21
3.864507384918396404e+00 6.585827723488231290e-20 3.008218474435798029e-21
3.865172384917967996e+00 4.288954952051341335e-20 2.966099012644130554e-21
3.865837384917539588e+00 2.633631980663398874e-20 3.142916899491131421e-21
3.866502384917111179e+00 2.057212004009160553e-20 3.237469717790434538e-21
3.867167384916682771e+00 3.276194877076020234e-20 3.311489409167827074e-21
3.867832384916254362e+00 4.470089405197883056e-20 3.136534118267553178e-21
3.868497384915825954e+00 2.776286907991467888e-20 3.458692552924353896e-21
3.869162384915397546e+00 3.528769232102385429e-20 3.308518391952358706e-21
3.869827384914969137e+00 3.739026097603884326e-20 3.345818496327730409e-21
3.870492384914540729e+00 3.239492379802543514e-20 3.341734049899124643e-21
3.871157384914112320e+00 2.190482319458295534e-20 3.163155194008830878e-21
3.871822384913683912e+00 4.092715078832950830e-20 3.322284944516837620e-21
3.872487384913255504e+00 4.344254126953501291e-20 3.294090665998389125e-21
3.873152384912827095e+00 3.328099422313507576e-20 3.193038455876702652e-21
3.873817384912398687e+00 3.518521758880549324e-20 3.490539124341197340e-21
3.874482384911970279e+00 4.451171684490615541e-20 3.182587196705064350e-21
3.875147384911541870e+00 4.940505257442831245e-20 3.406430187632725773e-21
3.875812384911113462e+00 5.353693401751287875e-20 3.499273248576576123e-21
3.876477384910685053e+00 4.538512274487473217e-20 3.577664588754875928e-21
3.877142384910256645e+00 4.041869666356593056e-20 3.634485356643740229e-21
3.877807384909828237e+00 4.017059332632961562e-20 3.603439391090344305e-21
3.878472384909399828e+00 2.951173087368598041e-20 3.253478073993587095e-21
3.879137384908971420e+00 4.539633727202108040e-20 3.518685051808954152e-21
3.879802384908543011e+00 6.462009372719625780e-20 3.368366746813676592e-21
3.880467384908114603e+00 4.996709261232307696e-20 3.524577814995613998e-21
3.881132384907686195e+00 3.072422180861482580e-20 3.410635550515642743e-21
3.881797384907257786e+00 3.701352907322257046e-20 3.213837783818448475e-21
3.882462384906829378e+00 2.994207762206011919e-20 3.199611332266465151e-21
3.883127384906400970e+00 3.092760510933069224e-20 3.306959500216912748e-21
3.883792384905972561e+00 2.843395935739966564e-20 3.543659129168626712e-21
3.884457384905544153e+00 2.904591414288306570e-20 3.208776498959038546e-21
3.885122384905115744e+00 3.802628620535101833e-20 3.093856869473181036e-21
3.885787384904687336e+00 5.066483532348264043e-20 3.241933053327014293e-21
3.886452384904258928e+00 5.950254810638624378e-20 3.211377819376191799e-21
3.887117384903830519e+00 5.206703363519406981e-20 3.284891863181720180e-21
3.887782384903402111e+00 4.465645832864102221e-20 3.560726724342734803e-21
3.888447384902973702e+00 6.401585215232580286e-20 3.250512607284503935e-21
3.889112384902545294e+00 7.969271027561466214e-20 3.359235170763186487e-21
3.889777384902116886e+00 6.221197837061501755e-20 3.069092285825931427e-21
3.890442384901688477e+00 5.738441158664538094e-20 3.325756369557706717e-21
3.891107384901260069e+00 4.558008362028626464e-20 3.442167434249724137e-21
3.891772384900831661e+00 3.188349530133382607e-20 3.352598495484705937e-21
3.892437384900403252e+00 4.299565650049315035e-20 3.698108754913114615e-21
3.893102384899974844e+00 5.373829289568680874e-20 3.451758777017616716e-21
3.893767384899546435e+00 6.966174241794565322e-20 3.497915885463298040e-21
3.894432384899118027e+00 7.607481473925039202e-20 3.269116010800172361e-21
3.895097384898689619e+00 5.652465657175176471e-20 3.124995335661992703e-21
3.895762384898261210e+00 3.583050934727157359e-20 3.416067946259352630e-21
3.896427384897832802e+00 3.938538348063311994e-20 3.701914764087206380e-21
3.897092384897404393e+00 2.737050023002642216e-20 5.000908772597758389e-21
3.897757384896975985e+00 2.467911467291048077e-20 5.552595203234712108e-21
3.898422384896547577e+00 3.518083525653254089e-20 1.094479255688158945e-20
3.899087384896119168e+00 4.195832709457064592e-20 3.525691576486117958e-21
3.899752384895690760e+00 4.362040360369642443e-20 3.087121977220481621e-21
3.900417384895262352e+00 5.160680011644847387e-20 3.440918400367039012e-21
3.901082384894833943e+00 1.704277363335710700e-20 3.407613547099863811e-21
3.901747384894405535e+00 3.464092492789198904e-20 3.233272227610611532e-21
3.902412384893977126e+00 5.109304352339425649e-20 3.022846269168891513e-21
3.903077384893548718e+00 7.134976919600074600e-20 3.232508378803706180e-21
3.903742384893120310e+00 5.833110330036313081e-20 3.226049360029955697e-21
3.904407384892691901e+00 4.916141138421355312e-20 3.631866597414647635e-21
3.905072384892263493e+00 2.715021658331179223e-20 3.570602448951472363e-21
3.905737384891835084e+00 3.248648398296348782e-20 3.250406922333805882e-21
3.906402384891406676e+00 4.888534315710875334e-20 3.236240133505131112e-21
3.907067384890978268e+00 5.047599095487004206e-20 3.247944096999499415e-21
3.907732384890549859e+00 4.230977035120964156e-20 3.422704856056982632e-21
3.908397384890121451e+00 4.798611497407650723e-20 3.281180426063029091e-21
3.909062384889693043e+00 3.950972556076884408e-20 3.301762983508631509e-21
3.909727384889264634e+00 6.603838013287591284e-20 3.250238394531800990e-21
3.910392384888836226e+00 5.454837250222514354e-20 3.268382437785813596e-21
3.911057384888407817e+00 7.141014754681011492e-20 3.367976410067973219e-21
3.911722384887979409e+00 6.210532904452628643e-20 3.284103488057060929e-21
3.912387384887551001e+00 6.035908077047339605e-20 3.706180422382957830e-21
3.913052384887122592e+00 4.510205081684862078e-20 3.508280392740276308e-21
3.913717384886694184e+00 4.604191823757046251e-20 3.214333887695613732e-21
3.914382384886265775e+00 6.577405950067200072e-20 3.326615318435955627e-21
3.915047384885837367e+00 6.046686694637073781e-20 3.120379641980374473e-21
3.915712384885408959e+00 3.782097193800602642e-20 3.143431227271672031e-21
3.916377384884980550e+00 5.659786142160066091e-20 3.357782219737283624e-21
3.917042384884552142e+00 6.583206621095645994e-20 3.301791010403013914e-21
3.917707384884123734e+00 7.795862778155031231e-20 3.457592735390121376e-21
3.918372384883695325e+00 6.085959005921338103e-20 3.416174859633455981e-21
3.919037384883266917e+00 5.607945874498729519e-20 3.435121533140155977e-21
3.919702384882838508e+00 2.369385516605192549e-20 3.392076895008885968e-21
3.920367384882410100e+00 3.734634717136726819e-20 3.277034782128680553e-21
3.921032384881981692e+00 3.732655115067512968e-20 3.454186294545301349e-21
3.921697384881553283e+00 2.440251263547988432e-20 3.228013511569731840e-21
3.922362384881124875e+00 5.128576892326400477e-20 3.247308871678627429e-21
3.923027384880696466e+00 5.298418016693274051e-20 3.211801316440656342e-21
3.923692384880268058e+00 4.804149141713548008e-20 3.206601424860868314e-21
3.924357384879839650e+00 6.688471438713462699e-20 3.262010855728362764e-21
3.925022384879411241e+00 4.872091410558842855e-20 3.427130932809471510e-21
3.925687384878982833e+00 6.208805731912858959e-20 3.309304736853801130e-21
3.926352384878554425e+00 7.318569875640359454e-20 3.247031486443591226e-21
3.927017384878126016e+00 6.214868988181563753e-20 3.273546454162371465e-21
3.927682384877697608e+00 3.829545245172789752e-20 3.943666866408225384e-21
3.928347384877269199e+00 4.771280100307998189e-20 3.398054319129321549e-21
3.929012384876840791e+00 4.943264690423327625e-20 1.201611431521228466e-20
3.929677384876412383e+00 6.248815004861252502e-20 1.448237818703045559e-20
3.930342384875983974e+00 4.642080248928565734e-20 3.371669698041349510e-21
3.931007384875555566e+00 7.025298145789350437e-20 3.317664473114331672e-21
3.931672384875127157e+00 8.611818823472998183e-20 3.291011808765478260e-21
3.932337384874698749e+00 9.570252123878350004e-20 8.647484203731493323e-21
3.933002384874270341e+00 4.617708671029890525e-20 3.766979369408539353e-21
3.933667384873841932e+00 3.543483984693918499e-20 6.961879653426058149e-21
3.934332384873413524e+00 4.010457108677518455e-20 3.787480066941122299e-21
3.934997384872985116e+00 1.088856887907096288e-19 3.199563771648830349e-21
3.935662384872556707e+00 5.813406291352234969e-20 3.230543140339714566e-21
3.936327384872128299e+00 4.231366981789888116e-20 3.458257988414011256e-21
3.936992384871699890e+00 3.630153864857055023e-20 3.936378858351681611e-21
3.937657384871271482e+00 2.324300257408514959e-20 4.452405414212536441e-21
3.938322384870843074e+00 4.783653669995754117e-20 4.087072360879217737e-21
3.938987384870414665e+00 4.312176837561320813e-20 3.522093922500064840e-21
3.939652384869986257e+00 3.269924539933649776e-20 3.357530972226728603e-21
3.940317384869557849e+00 2.798527866780611897e-20 3.457531444232250532e-21
3.940982384869129440e+00 2.716122181179726197e-20 3.328979231803354669e-21
3.941647384868701032e+00 1.351069899886919693e-20 3.517196257596434259e-21
3.942312384868272623e+00 1.885748044068785075e-20 3.154500694006119570e-21
3.942977384867844215e+00 1.741949898655239107e-20 3.160364495895569626e-21
3.943642384867415807e+00 2.246718352380044105e-20 3.552754907883837701e-21
3.944307384866987398e+00 1.673337451429128585e-20 3.537594982850361609e-21
3.944972384866558990e+00 -1.373535228264046603e-20 3.474080863851176100e-21
3.945637384866130581e+00 3.212375334345485712e-21 3.154073782035890257e-21
3.946302384865702173e+00 1.569459084329768012e-20 3.263293344406216976e-21
3.946967384865273765e+00 3.994532647265760845e-20 3.166516021830856273e-21
3.947632384864845356e+00 4.285632170830514658e-20 3.004475164257783146e-21
3.948297384864416948e+00 1.217109550863593115e-20 3.413238848530565781e-21
3.948962384863988540e+00 3.106605630789999070e-20 3.504458751642499600e-21
3.949627384863560131e+00 3.250843720743181882e-20 5.970182441593232497e-21
3.950292384863131723e+00 5.775663785991606517e-20 7.848788385715875186e-21
3.950957384862703314e+00 2.935222123383862048e-20 3.630363813202512951e-21
3.951622384862274906e+00 4.471505913752795458e-20 3.757516818048632362e-21
3.952287384861846498e+00 3.426224528731992274e-20 3.320483500174026800e-21
3.952952384861418089e+00 3.188521934891248903e-20 3.402170492428569696e-21
3.953617384860989681e+00 8.478286037494140134e-21 3.345818897751192894e-21
3.954282384860561272e+00 2.548252393011846435e-20 3.286088197866933817e-21
3.954947384860132864e+00 2.670304527738516063e-20 3.258564996992073291e-21
3.955612384859704456e+00 2.081073475640113039e-20 3.435115253228911653e-21
3.956277384859276047e+00 2.387030727727506742e-21 3.112664063653123759e-21
3.956942384858847639e+00 1.896850805141512908e-20 3.066560837335355116e-21
3.957607384858419231e+00 1.170585605971927620e-20 3.140899035024253678e-21
3.958272384857990822e+00 2.038267687310436566e-20 3.019425589341812597e-21
3.958937384857562414e+00 1.770762339812473279e-20 3.290185581040460341e-21
3.959602384857134005e+00 7.779730455932573161e-21 3.607969222825572289e-21
3.960267384856705597e+00 -2.045350816567694847e-22 3.457088828769188016e-21
3.960932384856277189e+00 2.642436724585058015e-20 3.822707588556163487e-21
3.961597384855848780e+00 1.313203949676023921e-20 3.557224732249671618e-21
3.962262384855420372e+00 2.057908626791124162e-20 3.470476515171704533e-21
3.962927384854991963e+00 4.994009154762488842e-20 3.019219632005168976e-21
3.963592384854563555e+00 3.628942274403615466e-20 3.009954781266903888e-21
3.964257384854135147e+00 3.633353861706133327e-20 3.572165524817215108e-21
3.964922384853706738e+00 4.621828870374565018e-20 1.590559275934918281e-20
3.965587384853278330e+00 3.435484282550768467e-20 4.878771427192553875e-20
3.966252384852849922e+00 3.704476021192384509e-20 7.555670527325228561e-21
3.966917384852421513e+00 2.847757165632325550e-20 3.092111290598321898e-21
3.967582384851993105e+00 1.370003669419801510e-20 3.348268900839780006e-21
3.968247384851564696e+00 8.381662002709855996e-21 1.779288174284920376e-20
3.968912384851136288e+00 -1.728145479353840710e-20 6.232284508078321030e-21
3.969577384850707880e+00 2.493205889629238152e-20 3.027662863332464541e-21
3.970242384850279471e+00 4.264947858723669094e-20 3.099577891762102192e-21
3.970907384849851063e+00 3.143164232570616377e-20 3.116376459567076490e-21
3.971572384849422654e+00 2.941790721752100450e-20 3.481325666320308147e-21
3.972237384848994246e+00 4.744401871130023908e-20 3.383753759996412778e-21
3.972902384848565838e+00 5.184883381695334467e-20 3.401870234453501753e-21
3.973567384848137429e+00 5.779322785286806882e-20 4.450194138809683273e-21
3.974232384847709021e+00 6.309569505104834738e-21 4.188320160534811806e-21
3.974897384847280613e+00 -2.794943387282277388e-21 7.262135670696981101e-21
3.975562384846852204e+00 1.257149350887934707e-20 6.716599740100219791e-21
3.976227384846423796e+00 2.409391210922814031e-20 6.369520159797897218e-21
3.976892384845995387e+00 6.311092273779887926e-21 3.160116318059994322e-21
3.977557384845566979e+00 5.167152544044449613e-21 3.057511474514559643e-21
3.978222384845138571e+00 3.297488462403077935e-20 3.114499943840983471e-21
3.978887384844710162e+00 2.399642714195439996e-20 3.198670389692031606e-21
3.979552384844281754e+00 2.184682724602931232e-20 3.376256357495333819e-21
3.980217384843853345e+00 2.063988989941259159e-20 3.207972592363732824e-21
3.980882384843424937e+00 5.265484266683995789e-20 2.994615426790102565e-21
3.981547384842996529e+00 4.146087740086490371e-20 3.410585239685771521e-21
3.982212384842568120e+00 2.400687988691144510e-20 3.113487742048030708e-21
3.982877384842139712e+00 5.449926293426035724e-20 3.198733884588562627e-21
3.983542384841711304e+00 5.791530862010098650e-20 2.938097989820029145e-21
3.984207384841282895e+00 2.290919348004703016e-20 3.192809875526129623e-21
3.984872384840854487e+00 5.461450099514371218e-21 3.054961169661417631e-21
3.985537384840426078e+00 2.148839599632386083e-20 3.389946793049925911e-21
3.986202384839997670e+00 1.651767406743505988e-20 3.350360281235015318e-21
3.986867384839569262e+00 3.531032909316134755e-20 3.282190981148581813e-21
3.987532384839140853e+00 4.370857826329446450e-20 3.102369152138832442e-21
3.988197384838712445e+00 2.587591932334736615e-20 3.038184138341508934e-21
3.988862384838284036e+00 3.668821457470236175e-20 3.065044748753442201e-21
3.989527384837855628e+00 3.409111128012148859e-20 3.294671845301272618e-21
3.990192384837427220e+00 1.980897735585909568e-20 3.393213937862333030e-21
3.990857384836998811e+00 2.713133625736510576e-21 3.161272229527618209e-21
3.991522384836570403e+00 1.413479358598589864e-20 3.984667514727254311e-21
3.992187384836141995e+00 1.285706363357028053e-20 6.669740726800875598e-21
3.992852384835713586e+00 2.601983659707343528e-20 7.473350741614604934e-21
3.993517384835285178e+00 2.174365120374379343e-20 3.874356740312705269e-21
3.994182384834856769e+00 1.672045921254606901e-20 3.250479855397008296e-21
3.994847384834428361e+00 2.204645798663632358e-20 3.330825250449188659e-21
3.995512384833999953e+00 2.826332887487455645e-20 3.129775821634464055e-21
3.996177384833571544e+00 1.287695018829037332e-20 3.397539937252015200e-21
3.996842384833143136e+00 4.351585808274609524e-20 3.185738617251441272e-21
3.997507384832714727e+00 3.319647983087167229e-20 3.446731805217662073e-21
3.998172384832286319e+00 3.527635014739661786e-20 3.196654427793219702e-21
3.998837384831857911e+00 5.800780943573409287e-20 3.625352732056534136e-21
3.999502384831429502e+00 4.990300948535466841e-20 8.406038105029448513e-21
4.000167384831001094e+00 3.223514294875800343e-20 8.133735590267556642e-21
4.000832384830572686e+00 6.812045245092306651e-20 9.788114654562642914e-21
4.001497384830144277e+00 5.196217839638488609e-20 2.060018208099358763e-20
4.002162384829715869e+00 2.718167402973776263e-20 3.420857906178512536e-21
4.002827384829287460e+00 2.482108864665027879e-20 3.190628707969849734e-21
4.003492384828859052e+00 3.081095305178723827e-20 3.200459603701193832e-21
4.004157384828430644e+00 2.257606521360604662e-20 3.026355640184518850e-21
4.004822384828002235e+00 3.381915659915229454e-20 3.029316467973394903e-21
4.005487384827573827e+00 3.132188788005101340e-20 3.100765509630529888e-21
4.006152384827145418e+00 2.310443559455260929e-20 2.879824875851063642e-21
4.006817384826717010e+00 1.982686203937885109e-20 3.024410794279095033e-21
4.007482384826288602e+00 1.416826324226043801e-20 3.176799151945061856e-21
4.008147384825860193e+00 1.351621767431593871e-20 3.293071035618587971e-21
4.008812384825431785e+00 1.941917784524595050e-20 3.195109805373568060e-21
4.009477384825003377e+00 3.014774917990343495e-20 3.220460168943145977e-21
4.010142384824574968e+00 2.767464483243537764e-20 3.152141416663893066e-21
4.010807384824146560e+00 1.245368894316787382e-20 3.293615741497834407e-21
4.011472384823718151e+00 2.181551640790411347e-20 3.079178494110559584e-21
4.012137384823289743e+00 2.865030948525576707e-20 7.575932138455047068e-21
4.012802384822861335e+00 2.626708713469528632e-20 3.452038443641065980e-20
4.013467384822432926e+00 3.499641125333462851e-20 4.035308457881111614e-20
4.014132384822004518e+00 4.129898223526627823e-20 7.129115136804062248e-21
4.014797384821576109e+00 5.182013597032844372e-20 3.043666528513229087e-21
4.015462384821147701e+00 2.352079186169708164e-20 3.094678904796610085e-21
4.016127384820719293e+00 2.100906844480025017e-20 3.432036674224622344e-21
4.016792384820290884e+00 5.558141820531477943e-21 3.659843091539840060e-21
4.017457384819862476e+00 -8.135444963308366158e-21 3.336542327752316461e-21
4.018122384819434068e+00 2.074204865920261089e-20 3.475027016056014632e-21
4.018787384819005659e+00 2.619755023278080973e-20 3.942629698504516051e-21
4.019452384818577251e+00 1.475603470946520513e-20 4.004299201455863106e-21
4.020117384818148842e+00 5.659324324023463942e-20 4.626323157558270145e-21
4.020782384817720434e+00 3.021206654681819684e-20 4.793984622316885807e-21
4.021447384817292026e+00 3.448557589588023994e-20 4.936400589769691709e-21
4.022112384816863617e+00 2.125704674153908006e-20 5.017608423234552402e-21
4.022777384816435209e+00 8.988434667399639711e-21 5.710819668438330623e-21
4.023442384816006800e+00 1.116680193489848663e-20 5.246123378074986669e-21
4.024107384815578392e+00 3.127164763611546069e-20 5.446032882398999087e-21
4.024772384815149984e+00 4.845064548511881689e-20 5.356950424231016577e-21
4.025437384814721575e+00 4.444535416980017490e-20 5.191228711182319166e-21
4.026102384814293167e+00 7.810706365676406473e-21 4.889952224986322893e-21
4.026767384813864759e+00 1.337632547773561135e-20 4.990572870681101731e-21
4.027432384813436350e+00 1.141187950381484603e-20 5.023939712913936916e-21
4.028097384813007942e+00 -1.293407705037368523e-20 5.261326739624441275e-21
4.028762384812579533e+00 -4.304631706206490367e-21 4.812874777818272773e-21
4.029427384812151125e+00 1.029505709515005082e-20 5.438757974212249823e-21
4.030092384811722717e+00 7.720646827873014934e-21 6.166089878077880222e-21
4.030757384811294308e+00 1.694211643412460922e-20 6.130797995495570600e-21
4.031422384810865900e+00 2.264219302473010531e-20 7.718776631853341083e-21
4.032087384810437491e+00 -1.596079495415861347e-20 8.014415272549730071e-21
4.032752384810009083e+00 7.106165736805656217e-20 1.422083376401729626e-20
4.033417384809580675e+00 6.786134717655391500e-20 9.013060673094479638e-21
4.034082384809152266e+00 4.916751185202297783e-20 7.550101673623030603e-21
4.034747384808723858e+00 6.885626685813596274e-20 9.152895296591609326e-21
4.035412384808295450e+00 -1.399517194563637098e-21 6.953806040315132892e-21
4.036077384807867041e+00 2.432192507428469783e-20 6.541796730215463833e-21
4.036742384807438633e+00 2.376025799892788773e-20 6.904908160207220120e-21
4.037407384807010224e+00 1.092719856640219378e-20 7.106061162879112999e-21
4.038072384806581816e+00 4.981566600849830358e-20 7.442819530732563913e-21
4.038737384806153408e+00 1.399894899485630735e-20 6.774942907877903801e-21
4.039402384805724999e+00 2.650636987435298905e-20 7.329986711265626844e-21
4.040067384805296591e+00 3.441663270707258215e-20 1.252430517860377148e-20
4.040732384804868182e+00 2.642142087644580445e-20 1.040465552618363468e-20
4.041397384804439774e+00 6.000178171727000764e-21 6.877489351705715047e-21
4.042062384804011366e+00 5.939819486813810600e-21 6.609616820401413411e-21
4.042727384803582957e+00 -8.430843256621581541e-21 7.232274632664480440e-21
4.043392384803154549e+00 2.846142731782527491e-20 7.034298035865521939e-21
4.044057384802726141e+00 -1.948755393404276111e-20 6.906169867398535832e-21
4.044722384802297732e+00 1.612139584829181431e-20 7.156629050547210497e-21
4.045387384801869324e+00 3.966382465105295232e-20 6.420188490967640315e-21
4.046052384801440915e+00 1.707130344623307678e-20 6.951118753631422393e-21
4.046717384801012507e+00 6.470001090742959748e-21 6.695665265919953073e-21
4.047382384800584099e+00 1.875120177133682480e-20 7.052001755164984986e-21
4.048047384800155690e+00 2.279414676359725360e-20 7.222132810045588395e-21
4.048712384799727282e+00 9.985188727727722040e-21 7.827960402588741465e-21
4.049377384799298873e+00 2.483528969452974462e-20 1.079868531242432077e-20
4.050042384798870465e+00 -8.648027080912654322e-21 9.507878058504184299e-21
4.050707384798442057e+00 -1.881677513482327952e-20 8.693126420091617983e-21
4.051372384798013648e+00 -1.029045375106155473e-20 8.275869146165400274e-21
4.052037384797585240e+00 4.739600606175342593e-21 6.522685936348557927e-21
4.052702384797156832e+00 3.671610440927762499e-21 8.271456595978993375e-21
4.053367384796728423e+00 4.245551192057835406e-21 7.501809431052094793e-21
4.054032384796300015e+00 2.118290787297701729e-20 7.328257473651460665e-21
4.054697384795871606e+00 6.074690168533578067e-20 8.098558577000806265e-21
4.055362384795443198e+00 1.651034525945862880e-20 7.101465472759904541e-21
4.056027384795014790e+00 1.651351464403003959e-20 6.766737758062731086e-21
4.056692384794586381e+00 3.385900622273056518e-20 7.050319086289989431e-21
4.057357384794157973e+00 3.815909029610619082e-20 7.980718360735321017e-21
4.058022384793729564e+00 1.218256649359401747e-20 8.219884844411058249e-21
4.058687384793301156e+00 3.462046517936796791e-20 7.542313572694138419e-21
4.059352384792872748e+00 6.799633646104093392e-20 8.761093330790690111e-21
4.060017384792444339e+00 2.967728490064180150e-20 8.920313471045848959e-21
4.060682384792015931e+00 4.970568366025758577e-20 9.965670785544882250e-21
4.061347384791587523e+00 3.232605197948814544e-20 7.452723261231570146e-21
4.062012384791159114e+00 4.051671469747120660e-20 6.849238038468138302e-21
4.062677384790730706e+00 6.945189132113908878e-20 8.020466619164838191e-21
4.063342384790302297e+00 5.169169198293306971e-20 9.537544850596755343e-21
4.064007384789873889e+00 3.399035814845139217e-20 8.210460419211534356e-21
4.064672384789445481e+00 -2.099277256340758276e-20 5.543008944613056615e-21
4.065337384789017072e+00 -1.011337924266195891e-20 6.501381939251071913e-21
4.066002384788588664e+00 1.311618486502000908e-20 6.544242585022813275e-21
4.066667384788160255e+00 3.308041768386558175e-20 8.316324098555451513e-21
4.067332384787731847e+00 -5.686000303406993853e-21 5.658762296850706678e-21
4.067997384787303439e+00 -4.707465617983124494e-21 5.152477841521646824e-21
4.068662384786875030e+00 2.547241376575173480e-20 6.897096559998327024e-21
4.069327384786446622e+00 -3.632633473515501155e-22 5.034636286259751146e-21
4.069992384786018214e+00 -1.013287027425191213e-20 4.971537493795398365e-21
4.070657384785589805e+00 2.610835707424159662e-22 4.238264492377996392e-21
4.071322384785161397e+00 6.063834554246816783e-21 4.892167081883042498e-21
4.071987384784732988e+00 7.890187507508544902e-21 5.353784665853021276e-21
4.072652384784304580e+00 9.153947930142785602e-21 6.011393689946148535e-21
4.073317384783876172e+00 8.388322759994819639e-21 4.257278819527716371e-21
4.073982384783447763e+00 2.434421294964067157e-21 4.196940826599647811e-21
4.074647384783019355e+00 6.807514579873233674e-21 5.316935802155417057e-21
4.075312384782590946e+00 2.452282423129922945e-21 6.604725820549965070e-21
4.075977384782162538e+00 2.038240538443297795e-21 3.712990238515811598e-21
4.076642384781734130e+00 -2.243651444308695039e-21 2.876170572468874359e-21
4.077307384781305721e+00 -3.675213175736768049e-21 3.258303301832018682e-21
4.077972384780877313e+00 7.573364710280117015e-22 4.882726355454117998e-21
4.078637384780448905e+00 3.338636344567407971e-21 4.349916612879432625e-21
4.079302384780020496e+00 2.570511178383788730e-23 2.041125572306092710e-21
4.079967384779592088e+00 -7.303048521316099572e-22 9.247103971275062420e-22
4.080632384779163679e+00 -1.405916921356600861e-21 1.801413554577041471e-21
4.081297384778735271e+00 -1.545697651270688990e-21 2.117632496312816253e-21
4.081962384778306863e+00 0.000000000000000000e+00 0.000000000000000000e+00
4.082627384777878454e+00 0.000000000000000000e+00 0.000000000000000000e+00
4.083292384777450046e+00 0.000000000000000000e+00 0.000000000000000000e+00
4.083957384777021637e+00 0.000000000000000000e+00 0.000000000000000000e+00
4.084622384776593229e+00 0.000000000000000000e+00 0.000000000000000000e+00
4.085287384776164821e+00 0.000000000000000000e+00 0.000000000000000000e+00
4.085952384775736412e+00 0.000000000000000000e+00 0.000000000000000000e+00
4.086617384775308004e+00 0.000000000000000000e+00 0.000000000000000000e+00
4.087282384774879596e+00 0.000000000000000000e+00 0.000000000000000000e+00
4.087947384774451187e+00 0.000000000000000000e+00 0.000000000000000000e+00
4.088612384774022779e+00 0.000000000000000000e+00 0.000000000000000000e+00
4.089277384773594370e+00 0.000000000000000000e+00 0.000000000000000000e+00
4.089942384773165962e+00 0.000000000000000000e+00 0.000000000000000000e+00
4.090607384772737554e+00 0.000000000000000000e+00 0.000000000000000000e+00
4.091272384772309145e+00 0.000000000000000000e+00 0.000000000000000000e+00
4.091937384771880737e+00 0.000000000000000000e+00 0.000000000000000000e+00
4.092602384771452328e+00 0.000000000000000000e+00 0.000000000000000000e+00
4.093267384771023920e+00 0.000000000000000000e+00 0.000000000000000000e+00
4.093932384770595512e+00 0.000000000000000000e+00 0.000000000000000000e+00
4.094597384770167103e+00 0.000000000000000000e+00 0.000000000000000000e+00
4.095262384769738695e+00 0.000000000000000000e+00 0.000000000000000000e+00
4.095927384769310287e+00 0.000000000000000000e+00 0.000000000000000000e+00
4.096592384768881878e+00 0.000000000000000000e+00 0.000000000000000000e+00
4.097257384768453470e+00 0.000000000000000000e+00 0.000000000000000000e+00
4.097922384768025061e+00 0.000000000000000000e+00 0.000000000000000000e+00
4.098587384767596653e+00 0.000000000000000000e+00 0.000000000000000000e+00
4.099252384767168245e+00 0.000000000000000000e+00 0.000000000000000000e+00
4.099917384766739836e+00 0.000000000000000000e+00 0.000000000000000000e+00
4.100582384766311428e+00 0.000000000000000000e+00 0.000000000000000000e+00
4.101247384765883019e+00 0.000000000000000000e+00 0.000000000000000000e+00
4.101912384765454611e+00 0.000000000000000000e+00 0.000000000000000000e+00
4.102577384765026203e+00 0.000000000000000000e+00 0.000000000000000000e+00
4.103242384764597794e+00 0.000000000000000000e+00 0.000000000000000000e+00
4.103907384764169386e+00 0.000000000000000000e+00 0.000000000000000000e+00
4.104572384763740978e+00 0.000000000000000000e+00 0.000000000000000000e+00
4.105237384763312569e+00 0.000000000000000000e+00 0.000000000000000000e+00
4.105902384762884161e+00 0.000000000000000000e+00 0.000000000000000000e+00
4.106567384762455752e+00 0.000000000000000000e+00 0.000000000000000000e+00
4.107232384762027344e+00 0.000000000000000000e+00 0.000000000000000000e+00
4.107897384761598936e+00 0.000000000000000000e+00 0.000000000000000000e+00
4.108562384761170527e+00 0.000000000000000000e+00 0.000000000000000000e+00
4.109227384760742119e+00 0.000000000000000000e+00 0.000000000000000000e+00
4.109892384760313711e+00 0.000000000000000000e+00 0.000000000000000000e+00
4.110557384759885302e+00 0.000000000000000000e+00 0.000000000000000000e+00
4.111222384759456894e+00 0.000000000000000000e+00 0.000000000000000000e+00
4.111887384759028485e+00 0.000000000000000000e+00 0.000000000000000000e+00
4.112552384758600077e+00 0.000000000000000000e+00 0.000000000000000000e+00
4.113217384758171669e+00 0.000000000000000000e+00 0.000000000000000000e+00
4.113882384757743260e+00 0.000000000000000000e+00 0.000000000000000000e+00
4.114547384757314852e+00 0.000000000000000000e+00 0.000000000000000000e+00
4.115212384756886443e+00 0.000000000000000000e+00 0.000000000000000000e+00
4.115877384756458035e+00 0.000000000000000000e+00 0.000000000000000000e+00
4.116542384756029627e+00 0.000000000000000000e+00 0.000000000000000000e+00
4.117207384755601218e+00 0.000000000000000000e+00 0.000000000000000000e+00
4.117872384755172810e+00 0.000000000000000000e+00 0.000000000000000000e+00
4.118537384754744402e+00 0.000000000000000000e+00 0.000000000000000000e+00
4.119202384754315105e+00 0.000000000000000000e+00 0.000000000000000000e+00
4.119867384753886697e+00 0.000000000000000000e+00 0.000000000000000000e+00
4.120532384753458288e+00 0.000000000000000000e+00 0.000000000000000000e+00
4.121197384753029880e+00 1.971639054920859691e-21 4.021907446499892598e-21
4.121862384752601471e+00 -1.487644153266658585e-20 6.476647602025449738e-21
4.122527384752173063e+00 -5.117610303733837205e-21 3.749363885000034003e-21
4.123192384751744655e+00 8.735289671418130554e-21 4.514750010984892817e-21
4.123857384751316246e+00 1.384286637166084849e-21 2.720455663323389204e-21
4.124522384750887838e+00 -5.058420100478423020e-21 5.159949837056315135e-21
4.125187384750459429e+00 -8.463616030173855256e-23 6.866131442429241377e-21
4.125852384750031021e+00 -1.852789999181872573e-20 6.306927077178791911e-21
4.126517384749602613e+00 -2.146533504808143452e-20 6.926641361924793985e-21
4.127182384749174204e+00 -2.346240166334948168e-20 7.593008360971123855e-21
4.127847384748745796e+00 -9.275894473239474010e-21 6.753144522403997120e-21
4.128512384748317388e+00 1.395350919221023866e-20 9.625455178507915376e-21
4.129177384747888979e+00 -1.513115781252851965e-20 6.473110801451174360e-21
4.129842384747460571e+00 4.547329781575056035e-21 7.428313365405147768e-21
4.130507384747032162e+00 -2.086250366138353694e-20 9.415387705712173735e-21
4.131172384746603754e+00 2.385269355903479163e-20 7.997708059230503942e-21
4.131837384746175346e+00 9.154971351782664847e-20 1.527602711930727568e-20
4.132502384745746937e+00 2.372555865611497328e-20 9.866073750402459820e-21
4.133167384745318529e+00 3.526522012151284623e-20 9.616234761348990922e-21
4.133832384744890120e+00 2.115782941833904713e-20 8.591963097177088710e-21
4.134497384744461712e+00 6.214499491927345170e-21 8.015859122699422938e-21
4.135162384744033304e+00 2.598085337648873081e-20 1.096982182823785526e-20
4.135827384743604895e+00 3.809814061501371005e-20 8.131412681368743755e-21
4.136492384743176487e+00 1.084015789112852081e-20 8.861116586425482966e-21
4.137157384742748079e+00 9.788118971086157461e-21 6.606462809898839421e-21
4.137822384742319670e+00 1.850071751654601373e-20 6.974137990839985575e-21
4.138487384741891262e+00 1.077900930366273884e-20 8.337484531055841967e-21
4.139152384741462853e+00 1.349585570267409139e-20 1.148155646777124197e-20
4.139817384741034445e+00 5.623578687383135220e-20 1.480582861846529655e-20
4.140482384740606037e+00 1.664728756393284942e-20 9.338391535621428329e-21
4.141147384740177628e+00 6.672414222398224592e-21 6.850225599078575827e-21
4.141812384739749220e+00 2.829934115496480191e-21 8.058864326271013779e-21
4.142477384739320811e+00 -5.764171264184720794e-22 7.837290935039758882e-21
4.143142384738892403e+00 3.869856484494510981e-20 9.848096084989712442e-21
4.143807384738463995e+00 6.496130888452577132e-21 7.473824458510284800e-21
4.144472384738035586e+00 4.704474473303973193e-21 9.233622466651082805e-21
4.145137384737607178e+00 3.597266480546959922e-20 7.995820711698613755e-21
4.145802384737178770e+00 3.546224443221410294e-20 7.408329801899166551e-21
4.146467384736750361e+00 3.682071079869893324e-20 8.234672838183001541e-21
4.147132384736321953e+00 9.934222526166046521e-21 8.007724726834237159e-21
4.147797384735893544e+00 3.169837544556502285e-21 8.710154215613675591e-21
4.148462384735465136e+00 3.446364405983109522e-20 7.470492303124542613e-21
4.149127384735036728e+00 4.997130665654335110e-20 1.016695386000085902e-20
4.149792384734608319e+00 3.060853372950589717e-20 7.987813160707022771e-21
4.150457384734179911e+00 3.794998800371793557e-20 9.171503115479676326e-21
4.151122384733751502e+00 3.540147130126521241e-20 8.944832306267849213e-21
4.151787384733323094e+00 9.873534036257208391e-21 9.061074173739621738e-21
4.152452384732894686e+00 -1.383054401776584496e-20 7.376178150592615745e-21
4.153117384732466277e+00 3.925332240331216781e-21 7.940167347970179198e-21
4.153782384732037869e+00 2.680345897780019567e-20 8.393112594896851161e-21
4.154447384731609461e+00 3.145795122918703405e-20 8.199834545248767282e-21
4.155112384731181052e+00 1.242621628163489109e-20 7.348531290918013766e-21
4.155777384730752644e+00 1.305182494538215878e-20 6.335578933740222294e-21
4.156442384730324235e+00 4.734572865684146689e-20 8.316202219590229798e-21
4.157107384729895827e+00 7.130872781720452379e-20 9.650929530062150266e-21
4.157772384729467419e+00 2.923558858780845529e-20 8.771044758154162821e-21
4.158437384729039010e+00 1.803136326361446274e-20 7.561855796495043995e-21
4.159102384728610602e+00 -1.647886615532186740e-20 6.359134777105756921e-21
4.159767384728182193e+00 -2.117977319637336094e-20 7.260704225317342948e-21
4.160432384727753785e+00 2.425758492560086696e-20 7.646256924610273177e-21
4.161097384727325377e+00 2.321073057045394620e-20 7.678238419417966583e-21
4.161762384726896968e+00 -1.937362239168214424e-21 6.844548090968181543e-21
4.162427384726468560e+00 2.526867297091577243e-20 9.725747720221444959e-21
4.163092384726040152e+00 -3.433210605903749793e-21 6.281331236298116344e-21
4.163757384725611743e+00 -3.490263608276269936e-21 6.709490998221019274e-21
4.164422384725183335e+00 2.303893158314783831e-20 6.529731459050343077e-21
4.165087384724754926e+00 2.113756398423290996e-20 7.456280126992794322e-21
4.165752384724326518e+00 1.373768553321812378e-20 7.413823113917768907e-21
4.166417384723898110e+00 8.772249255945893855e-21 6.622528023594169513e-21
4.167082384723469701e+00 2.147385160480793893e-20 6.832372195209904990e-21
4.167747384723041293e+00 4.156134482431659645e-20 1.049716753355445134e-20
4.168412384722612885e+00 5.493627316055624844e-20 9.694860336554831766e-21
4.169077384722184476e+00 4.049032405429547544e-20 7.675709192628232314e-21
4.169742384721756068e+00 -6.791810822570096321e-22 8.258725699350565595e-21
4.170407384721327659e+00 9.174197441206509352e-21 9.937461424453005740e-21
4.171072384720899251e+00 4.449349706867405235e-20 8.554687257835325823e-21
4.171737384720470843e+00 3.619439110948021818e-20 7.894782018017002629e-21
4.172402384720042434e+00 -2.044684219222710097e-21 6.673752936539495911e-21
4.173067384719614026e+00 -1.911761770537476711e-20 5.986332512592108467e-21
4.173732384719185617e+00 3.953675652635991032e-20 7.863278500414361113e-21
4.174397384718757209e+00 5.005135789760856995e-20 6.822537976836825234e-21
4.175062384718328801e+00 1.710060638295404741e-20 6.201856444181383974e-21
4.175727384717900392e+00 1.003568254550216080e-20 6.383092411036581763e-21
4.176392384717471984e+00 4.224902176864370976e-21 6.855729364012930830e-21
4.177057384717043576e+00 -3.555771657371080261e-20 8.457197371951975434e-21
4.177722384716615167e+00 3.702118237401018199e-20 6.708266104708274260e-21
4.178387384716186759e+00 4.746443056779253513e-20 6.168258091583008162e-21
4.179052384715758350e+00 3.929298109232670160e-20 6.761209268450696094e-21
4.179717384715329942e+00 1.594621652243544084e-20 6.322667201843725202e-21
4.180382384714901534e+00 2.166782173050655226e-20 6.857250180356563653e-21
4.181047384714473125e+00 2.939775883162041322e-20 5.491107468850072322e-21
4.181712384714044717e+00 3.402220264272239099e-20 5.745973990869216390e-21
4.182377384713616308e+00 1.772793142445532471e-20 5.436810428719147761e-21
4.183042384713187900e+00 3.906460363423881434e-20 5.395135110665837139e-21
4.183707384712759492e+00 -3.273952998238388986e-21 5.008836431540640084e-21
4.184372384712331083e+00 -9.255024571577853587e-21 5.225508950036166731e-21
4.185037384711902675e+00 -1.950269391741627514e-21 8.628305246145414095e-21
4.185702384711474267e+00 1.488731613786322395e-21 5.067418000131007004e-21
4.186367384711045858e+00 1.848432512193985488e-20 7.572859302761967882e-21
4.187032384710617450e+00 4.082801022778943707e-20 5.001092939599042804e-21
4.187697384710189041e+00 1.716291047917123890e-20 4.183229345297102990e-21
4.188362384709760633e+00 2.947204344180797614e-21 4.231509461701628589e-21
4.189027384709332225e+00 4.605187179849734270e-20 4.304389529290982421e-21
4.189692384708903816e+00 3.008450439755144863e-20 3.871619382407077947e-21
4.190357384708475408e+00 1.854552398886426391e-20 4.028871837410715642e-21
4.191022384708046999e+00 3.253788462523416676e-20 4.197779081196745009e-21
4.191687384707618591e+00 1.943319795629368043e-20 4.005982649619321049e-21
4.192352384707190183e+00 3.346084737511254251e-20 4.026437229223371501e-21
4.193017384706761774e+00 3.854370664299833442e-20 4.124826097873270810e-21
4.193682384706333366e+00 4.429476022215362656e-20 4.077760580963723228e-21
4.194347384705904958e+00 2.008315642679856419e-20 4.188031580532600456e-21
4.195012384705476549e+00 4.380903143267418458e-20 3.847147827788191900e-21
4.195677384705048141e+00 5.610677739608770416e-20 3.853157205030743239e-21
4.196342384704619732e+00 2.107044933750936375e-20 3.930734320813598452e-21
4.197007384704191324e+00 3.119349465762998989e-20 3.803483474976118336e-21
4.197672384703762916e+00 -6.636390928364682405e-21 3.919290280013130365e-21
4.198337384703334507e+00 9.195937322385182558e-21 3.914628998037510911e-21
4.199002384702906099e+00 1.315350747790026435e-20 4.002371833936774570e-21
4.199667384702477690e+00 3.138826210922902421e-20 4.092325795202491598e-21
4.200332384702049282e+00 2.386461308808181277e-20 4.019311501814344953e-21
4.200997384701620874e+00 1.401941668139136456e-20 4.034439097734758223e-21
4.201662384701192465e+00 1.778551207149151660e-20 4.218744155838924193e-21
4.202327384700764057e+00 4.423759659472494352e-20 4.256608344553567385e-21
4.202992384700335649e+00 3.088259258040596631e-20 4.065993072775757704e-21
4.203657384699907240e+00 1.573999650599435570e-20 4.134432963167946174e-21
4.204322384699478832e+00 -1.808791755139987584e-20 4.150603885171147880e-21
4.204987384699050423e+00 3.463148493258560190e-20 3.999092468895808084e-21
4.205652384698622015e+00 4.047337548676121372e-20 3.806656234601280045e-21
4.206317384698193607e+00 1.466907720501449111e-21 4.257371875261442442e-21
4.206982384697765198e+00 -6.821935496347038113e-22 3.997867070290982458e-21
4.207647384697336790e+00 2.098367558413938157e-20 4.313595170339599025e-21
4.208312384696908381e+00 3.910366419725373395e-20 4.259685947261467275e-21
4.208977384696479973e+00 8.832661270788350699e-22 4.288253762957541046e-21
4.209642384696051565e+00 2.241685357730273790e-20 4.348840196775420232e-21
4.210307384695623156e+00 2.143254716464417644e-20 4.285650214206840506e-21
4.210972384695194748e+00 1.872724451631482568e-20 4.166854643673955761e-21
4.211637384694766340e+00 -9.355041967201032407e-22 4.456793116628918382e-21
4.212302384694337931e+00 5.944507966311772828e-21 4.378985140720027534e-21
4.212967384693909523e+00 5.008244123473295446e-22 4.335886252218266030e-21
4.213632384693481114e+00 4.100729400155969182e-20 4.250123346154724738e-21
4.214297384693052706e+00 5.219567406944767735e-20 4.185690408378464945e-21
4.214962384692624298e+00 -6.129798331496279532e-21 4.815089948134824282e-21
4.215627384692195889e+00 -4.486294107218356129e-21 4.627583204648965800e-21
4.216292384691767481e+00 2.545613470187541740e-20 4.503640286060827551e-21
4.216957384691339072e+00 6.532638251042945078e-21 4.626282659287489885e-21
4.217622384690910664e+00 3.325518934480265293e-20 5.176412193108304121e-21
4.218287384690482256e+00 2.594745466018507606e-20 4.752189465945916266e-21
4.218952384690053847e+00 1.264828941250613058e-21 4.209396312316920484e-21
4.219617384689625439e+00 -2.770424386101006265e-21 4.145002343993116747e-21
4.220282384689197031e+00 3.837081005423174384e-20 4.316748931182970040e-21
4.220947384688768622e+00 5.377046806166103515e-20 4.010571112186083678e-21
4.221612384688340214e+00 4.295277606877079073e-20 4.125295430000108549e-21
4.222277384687911805e+00 4.394679261221511131e-20 4.541510638402419604e-21
4.222942384687483397e+00 4.777260163681860965e-20 4.648836248901351673e-21
4.223607384687054989e+00 2.020033329846691482e-20 4.405565849838953652e-21
4.224272384686626580e+00 2.532103737253254875e-20 4.481682561091966183e-21
4.224937384686198172e+00 6.729177188082693077e-21 4.258880463561126038e-21
4.225602384685769763e+00 2.774844655921770881e-20 3.938519563443904504e-21
4.226267384685341355e+00 2.669017454458965285e-20 4.273233540788192747e-21
4.226932384684912947e+00 2.141433770138218194e-20 4.355846397701650891e-21
4.227597384684484538e+00 4.103643055953039139e-20 4.017539588571780274e-21
4.228262384684056130e+00 2.532919281918401253e-20 3.935643330923547905e-21
4.228927384683627722e+00 2.058574611612531462e-20 4.315187290541520683e-21
4.229592384683199313e+00 1.796729639594638831e-20 4.285589049651500253e-21
4.230257384682770905e+00 2.199149698614730496e-20 4.226553029769096489e-21
4.230922384682342496e+00 2.575361324884994179e-20 4.026661378884114285e-21
4.231587384681914088e+00 -1.547594661541878514e-20 4.214357889256090787e-21
4.232252384681485680e+00 2.496871297730382278e-20 4.338843715583979028e-21
4.232917384681057271e+00 2.541994805581183030e-20 4.506584685645432218e-21
4.233582384680628863e+00 1.956875154343651354e-20 9.367556798949976959e-21
4.234247384680200454e+00 -2.242927886351583424e-20 7.170354235024423441e-21
4.234912384679772046e+00 1.844044075998698428e-21 4.605038746212897053e-21
4.235577384679343638e+00 2.989761043513011551e-21 4.313136580381533144e-21
4.236242384678915229e+00 3.121825110883010795e-20 6.788623170095056506e-21
4.236907384678486821e+00 4.754005729087782449e-20 4.770432403334837141e-21
4.237572384678058413e+00 3.017761703636424343e-20 4.437984646251090587e-21
4.238237384677630004e+00 2.719382482701329447e-20 4.406518112917611240e-21
4.238902384677201596e+00 1.563826177761292193e-20 4.771837503430465291e-21
4.239567384676773187e+00 3.099061177973730602e-20 4.529188580351599495e-21
4.240232384676344779e+00 2.659018800788764562e-20 5.104453939688869614e-21
4.240897384675916371e+00 3.524739735841709107e-20 5.058266007397188261e-21
4.241562384675487962e+00 1.426109631884958843e-20 4.188758148871708229e-21
4.242227384675059554e+00 4.010912891449137743e-20 4.330182687253855857e-21
4.242892384674631145e+00 9.423264747455912501e-21 4.430606674804632364e-21
4.243557384674202737e+00 -1.304675030574309157e-20 4.499315099317681886e-21
4.244222384673774329e+00 2.699063087895850509e-20 4.598931650196996904e-21
4.244887384673345920e+00 5.746914017280118425e-20 4.569153533446736401e-21
4.245552384672917512e+00 5.687683223901920270e-20 4.829766028561755489e-21
4.246217384672489104e+00 2.940969983057803096e-20 4.778205810916888201e-21
4.246882384672060695e+00 9.685647754823560828e-21 5.299012434156510546e-21
4.247547384671632287e+00 2.514316258133745716e-20 4.945800609332681560e-21
4.248212384671203878e+00 3.407085358871596608e-20 4.787029063049017339e-21
4.248877384670775470e+00 -5.355285066573514160e-21 4.322908729107042559e-21
4.249542384670347062e+00 1.744793042194479997e-20 4.526827247307910062e-21
4.250207384669918653e+00 1.354660491937433862e-20 4.739561415831891213e-21
4.250872384669490245e+00 1.890975095343255716e-20 4.427462681578545345e-21
4.251537384669061836e+00 2.099736831502805380e-20 4.238150223272457196e-21
4.252202384668633428e+00 3.274208899650509590e-20 4.795625479748014516e-21
4.252867384668205020e+00 1.662387411863350752e-20 4.480087990486334005e-21
4.253532384667776611e+00 1.021559653266581865e-20 4.631040198554612928e-21
4.254197384667348203e+00 6.125357015495845054e-20 4.470502982854839172e-21
4.254862384666919795e+00 3.093479424420023066e-20 6.143699955195369916e-21
4.255527384666491386e+00 9.440713169233279940e-21 5.169288889865441857e-21
4.256192384666062978e+00 2.344080912437336143e-20 9.517981969441190466e-21
4.256857384665634569e+00 1.439846827085420941e-20 1.210608083641074908e-20
4.257522384665206161e+00 7.579912132537368544e-21 9.391857659929326005e-21
4.258187384664777753e+00 -8.652672461972861203e-22 5.646396806432375450e-21
4.258852384664349344e+00 1.860290960887386740e-20 4.487404889328292904e-21
4.259517384663920936e+00 -9.214536901983578614e-21 4.376469258440667142e-21
4.260182384663492527e+00 1.858794007101445437e-21 4.320704855659426716e-21
4.260847384663064119e+00 2.975471961195844681e-20 4.414332898818761366e-21
4.261512384662635711e+00 3.771569196343316913e-21 4.532673406751502925e-21
4.262177384662207302e+00 1.687023372647354284e-20 4.824200707843122346e-21
4.262842384661778894e+00 4.005250614225210640e-20 5.079369917302576769e-21
4.263507384661350486e+00 3.369517063231014912e-20 4.517136439673682850e-21
4.264172384660922077e+00 1.458433652719104127e-20 4.574473993955408494e-21
4.264837384660493669e+00 1.344391994342053399e-20 4.789404954231087369e-21
4.265502384660065260e+00 4.252029411686059638e-21 4.651069755158900730e-21
4.266167384659636852e+00 -2.295202131914089287e-21 5.118735058159147937e-21
4.266832384659208444e+00 1.786997277181229600e-20 5.456605286485714513e-21
4.267497384658780035e+00 2.073837268892967763e-20 5.602825046112759375e-21
4.268162384658351627e+00 1.358833873428805172e-21 5.124959926434225910e-21
4.268827384657923218e+00 1.774845658636643950e-20 4.288491312790752724e-21
4.269492384657494810e+00 4.081783961198906121e-20 6.434775257360514561e-21
4.270157384657066402e+00 5.502521444240279319e-20 8.174471061404568079e-21
4.270822384656637993e+00 4.487177992517747694e-20 6.999131698438878000e-21
4.271487384656209585e+00 4.222017836418436240e-20 6.219178520219099104e-21
4.272152384655781177e+00 -7.725872971248978000e-21 4.799551045790292885e-21
4.272817384655352768e+00 4.692293266435083573e-20 4.752028204488442657e-21
4.273482384654924360e+00 2.972748445461755535e-20 4.758312239538977807e-21
4.274147384654495951e+00 1.603852641390287754e-20 4.731680899826145744e-21
4.274812384654067543e+00 3.190078899833146258e-20 4.970610562300303397e-21
4.275477384653639135e+00 2.118687233110876183e-20 4.743800410239626167e-21
4.276142384653210726e+00 2.418006042734934029e-20 4.627488453670309480e-21
4.276807384652782318e+00 3.791126684500462759e-20 4.604736452257728944e-21
4.277472384652353909e+00 2.077804117369949741e-20 4.258151906065628703e-21
4.278137384651925501e+00 2.607873508558034161e-20 4.388392133222472009e-21
4.278802384651497093e+00 1.259380042396855639e-20 4.699830250578107660e-21
4.279467384651068684e+00 2.863087027857468911e-21 4.720001445570723889e-21
4.280132384650640276e+00 1.363411168485204024e-20 5.020245654588886010e-21
4.280797384650211868e+00 3.012796320766658203e-20 4.689614271224257747e-21
4.281462384649783459e+00 3.420431147205811671e-20 4.959766837768364398e-21
4.282127384649355051e+00 7.795848446677420762e-20 5.136455794759559150e-21
4.282792384648926642e+00 5.247997084576979427e-20 4.763758966588139736e-21
4.283457384648498234e+00 1.793892651345694524e-20 4.800762013552759768e-21
4.284122384648069826e+00 1.107514679173766686e-20 6.443282514028365977e-21
4.284787384647641417e+00 3.021673429849534701e-20 4.598492711083397006e-21
4.285452384647213009e+00 -1.398820065084384886e-21 6.607323306252589165e-21
4.286117384646784600e+00 2.595397848486346868e-20 4.924742517718777378e-21
4.286782384646356192e+00 4.711011168572048437e-20 5.549525887875707917e-21
4.287447384645927784e+00 2.287686596702327262e-20 4.714703447007516892e-21
4.288112384645499375e+00 -7.298243459358669966e-21 4.752554528962017922e-21
4.288777384645070967e+00 3.370474587742313234e-20 4.679969612157559597e-21
4.289442384644642559e+00 5.021244430427754830e-20 4.758433181808731214e-21
4.290107384644214150e+00 1.787228559835591136e-20 5.600091017539839485e-21
4.290772384643785742e+00 2.009688507658208922e-20 4.528966977458313261e-21
4.291437384643357333e+00 -8.448679438274221274e-21 4.143311844815048277e-21
4.292102384642928925e+00 4.171274973671795457e-20 4.245215688166838393e-21
4.292767384642500517e+00 3.560697518900375551e-20 4.229213717611397451e-21
4.293432384642072108e+00 5.029145027360975978e-21 5.029600114362994616e-21
4.294097384641643700e+00 3.495439926943899281e-21 4.887101690109131587e-21
4.294762384641215291e+00 -1.810727816463169959e-20 4.675882167877015611e-21
4.295427384640786883e+00 -5.939109853936265016e-21 4.626511123108079727e-21
4.296092384640358475e+00 3.950590746735238461e-20 4.419280389944777438e-21
4.296757384639930066e+00 5.039287896582362112e-20 4.576844615923050141e-21
4.297422384639501658e+00 3.706123306827375833e-20 4.970256774160602573e-21
4.298087384639073250e+00 2.135083196008480479e-20 4.693115971903994379e-21
4.298752384638644841e+00 2.573276788769068472e-20 4.889910061092869155e-21
4.299417384638216433e+00 3.072447006086140381e-20 4.966411958762961821e-21
4.300082384637788024e+00 -8.395719016720066056e-21 4.231579608692748754e-21
4.300747384637359616e+00 -1.309184057267046089e-20 5.377725618380760031e-21
4.301412384636931208e+00 3.874552222672722794e-20 5.419859664570665411e-21
4.302077384636502799e+00 7.237709241761980143e-20 2.399840684654834519e-20
4.302742384636074391e+00 4.118769593229992398e-20 7.494642989992993456e-21
4.303407384635645982e+00 2.486728707115011045e-20 7.641390357831570811e-21
4.304072384635217574e+00 2.774311280158623382e-20 4.961534321043097620e-21
4.304737384634789166e+00 4.608416384048699810e-20 4.797065398430586940e-21
4.305402384634360757e+00 1.682240901436327080e-21 4.368765108273475629e-21
4.306067384633932349e+00 2.838006714896670441e-20 4.217592209320397987e-21
4.306732384633503941e+00 1.160062186619255620e-20 4.526057151718601819e-21
4.307397384633075532e+00 1.828721526135042203e-20 4.557026781104940049e-21
4.308062384632647124e+00 1.042163088422997027e-20 4.347365620755855897e-21
4.308727384632218715e+00 1.421428719568863004e-21 4.815865921349765430e-21
4.309392384631790307e+00 2.205855070004922475e-20 4.623742016699527532e-21
4.310057384631361899e+00 -1.042146681141216055e-20 4.698219734885055408e-21
4.310722384630933490e+00 -2.795214962765232617e-20 4.248109457951535588e-21
4.311387384630505082e+00 1.329607508428682742e-20 4.625376114646163369e-21
4.312052384630076673e+00 4.717736710518887899e-20 4.358946966836044058e-21
4.312717384629648265e+00 4.976217578140938745e-20 4.437951443855755136e-21
4.313382384629219857e+00 4.139205687840342961e-20 4.585916660745961961e-21
4.314047384628791448e+00 4.141345257303562262e-20 4.727483128573311799e-21
4.314712384628363040e+00 3.311899427403998341e-20 4.637918826966838669e-21
4.315377384627934632e+00 2.818710859885536119e-20 4.539682206965350875e-21
4.316042384627506223e+00 1.840009392546573187e-20 5.498473094011678705e-21
4.316707384627077815e+00 1.335891047333349696e-20 4.460712901153403438e-21
4.317372384626649406e+00 5.687882670281947085e-21 4.347213160931457351e-21
4.318037384626220998e+00 2.827252715144634361e-20 4.560510537568701967e-21
4.318702384625792590e+00 4.600953635648051530e-20 4.552173845027235145e-21
4.319367384625364181e+00 4.153452130669273705e-20 4.614506034060297510e-21
4.320032384624935773e+00 4.318424731763708514e-20 4.209873638037580121e-21
4.320697384624507364e+00 3.357550499704138806e-20 4.842002148926911261e-21
4.321362384624078956e+00 2.231344904320334275e-20 5.329745049761502737e-21
4.322027384623650548e+00 6.821471920435275224e-21 4.324793584506131221e-21
4.322692384623222139e+00 3.209167939154243547e-21 4.583244078541090292e-21
4.323357384622793731e+00 1.131796264883318190e-20 4.500873258437555054e-21
4.324022384622365323e+00 3.455989539907779443e-20 4.218071214518997511e-21
4.324687384621936914e+00 -4.892402538664420464e-21 4.706051524506354878e-21
4.325352384621508506e+00 -1.067126027224972675e-21 4.695503685238799553e-21
4.326017384621080097e+00 8.010013718913951319e-21 4.426112953603906520e-21
4.326682384620651689e+00 -1.129524115976846465e-21 5.065473749074624516e-21
4.327347384620223281e+00 -1.439646744038973404e-20 4.596355300394732333e-21
4.328012384619794872e+00 2.922718148718264569e-21 4.274808575556403998e-21
4.328677384619366464e+00 2.854125972108417429e-20 5.159086190583677377e-21
4.329342384618938055e+00 -1.767141946975200621e-21 5.150321024925247137e-21
4.330007384618509647e+00 2.051587883180399391e-20 4.434894736065678279e-21
4.330672384618081239e+00 -8.838178902159917338e-22 4.391882505128613929e-21
4.331337384617652830e+00 6.489323178091863942e-21 4.783184570375765752e-21
4.332002384617224422e+00 3.068723269909559342e-21 4.582747316551082638e-21
4.332667384616796014e+00 3.659898365230729044e-20 4.485428468534834010e-21
4.333332384616367605e+00 4.254855422985316557e-20 4.488332676182585546e-21
4.333997384615939197e+00 6.594964827821733039e-21 4.597050084003719332e-21
4.334662384615510788e+00 1.492672295810953201e-20 4.404386413960936922e-21
4.335327384615082380e+00 1.299037688383091645e-20 4.567971813642619238e-21
4.335992384614653972e+00 1.159055597002595980e-20 4.302442695188077525e-21
4.336657384614225563e+00 2.486843648985564848e-20 4.175969438499672363e-21
4.337322384613797155e+00 2.204840546644294275e-20 4.239979708935103060e-21
4.337987384613368746e+00 3.702907748648182912e-20 4.540204985486387563e-21
4.338652384612940338e+00 9.765490617567036276e-21 4.323380348810382330e-21
4.339317384612511930e+00 2.699486917401614514e-20 4.679287511100635492e-21
4.339982384612083521e+00 1.733973918464129811e-20 4.278092556619990724e-21
4.340647384611655113e+00 3.760198703493188129e-20 4.536634983114948006e-21
4.341312384611226705e+00 -8.424813012047741697e-21 5.613209376427125177e-21
4.341977384610798296e+00 5.432148032099143974e-21 5.346744981073056617e-21
4.342642384610369888e+00 1.497896066120444598e-20 4.355764396785672112e-21
4.343307384609941479e+00 3.059531930983735882e-20 4.340890202122975433e-21
4.343972384609513071e+00 2.133591101665225820e-20 5.452756570674768113e-21
4.344637384609084663e+00 4.282520772342148474e-20 9.122185652604805157e-21
4.345302384608656254e+00 5.614066328373492184e-20 8.544815724948045882e-21
4.345967384608227846e+00 8.485915340984582824e-20 8.888080739975798018e-21
4.346632384607799438e+00 6.100668853068293210e-20 4.898302133773155978e-21
4.347297384607371029e+00 3.606967181974650937e-20 5.656843066890823411e-21
4.347962384606942621e+00 3.484936943459555166e-20 4.849501602522345474e-21
4.348627384606514212e+00 9.059746828839272912e-21 4.801786402408440573e-21
4.349292384606085804e+00 8.591256052231128909e-21 4.399203687607630621e-21
4.349957384605657396e+00 -2.488028117022506164e-20 4.395767765584149548e-21
4.350622384605228987e+00 -1.883006911386126190e-20 4.876622509095574372e-21
4.351287384604800579e+00 8.215115959109461192e-21 4.578401880136932936e-21
4.351952384604372170e+00 1.956348338093323965e-20 4.557224921935070155e-21
4.352617384603943762e+00 1.777634490071059083e-20 4.174904581736890161e-21
4.353282384603515354e+00 3.275351243630699502e-20 4.593566883463890211e-21
4.353947384603086945e+00 9.053359841994073528e-22 4.404959074869506268e-21
4.354612384602658537e+00 6.609195195271841069e-21 4.532276852480663378e-21
4.355277384602230129e+00 2.987076532473554634e-20 5.874219904716045764e-21
4.355942384601801720e+00 1.160703753647540955e-20 4.805457134056904526e-21
4.356607384601373312e+00 1.583036824380881678e-20 5.135783137524071102e-21
4.357272384600944903e+00 4.288724495615718708e-20 5.216358440709578541e-21
4.357937384600516495e+00 2.669296667442171857e-20 4.949484677191823600e-21
4.358602384600088087e+00 9.947653633386459608e-21 5.028780934123156219e-21
4.359267384599659678e+00 2.544096770040746594e-20 4.937212337425022912e-21
4.359932384599231270e+00 4.398115533965759205e-20 4.595203085818739590e-21
4.360597384598802861e+00 4.865627568779668750e-20 4.382480626783667307e-21
4.361262384598374453e+00 2.928921660726736423e-20 4.301717935311504112e-21
4.361927384597946045e+00 -3.562846363144406680e-22 4.619316776483282644e-21
4.362592384597517636e+00 1.050939602237308450e-20 4.926122928944059684e-21
4.363257384597089228e+00 -4.753667143855564225e-21 5.917174632887053141e-21
4.363922384596660820e+00 1.237212898889233338e-20 4.639552784700278883e-21
4.364587384596232411e+00 3.315776355400129011e-20 4.321414101027026202e-21
4.365252384595804003e+00 5.322926381725622468e-20 4.512541746927408308e-21
4.365917384595375594e+00 1.531033606445276095e-20 4.071727791911825650e-21
4.366582384594947186e+00 1.211782103287072277e-20 4.306001998533713310e-21
4.367247384594518778e+00 5.052353228844086567e-20 4.313657531771261508e-21
4.367912384594090369e+00 2.301841924296981826e-20 4.682070087525452599e-21
4.368577384593661961e+00 1.639113053359010654e-20 4.464960346889585147e-21
4.369242384593233552e+00 8.841031738673096375e-21 6.837607449705282035e-21
4.369907384592805144e+00 1.632170062088556757e-20 6.112645854666132158e-21
4.370572384592376736e+00 4.583115716663089786e-20 6.860632989906585791e-21
4.371237384591948327e+00 2.265612452931877066e-20 4.639926886879738594e-21
4.371902384591519919e+00 3.386573084123317333e-20 5.855110688404618414e-21
4.372567384591091511e+00 4.241568714689415633e-20 5.648739390345537216e-21
4.373232384590663102e+00 5.770858619717980187e-20 4.315835068304111027e-21
4.373897384590234694e+00 1.604154453180046443e-20 5.119215565308153509e-21
4.374562384589806285e+00 2.906532338247039578e-20 5.661238023841122467e-21
4.375227384589377877e+00 3.876325529103137618e-20 4.291940010583285345e-21
4.375892384588949469e+00 -1.576635763678939341e-20 4.520044887804674939e-21
4.376557384588521060e+00 -4.342257461865640434e-21 4.552749201059980599e-21
4.377222384588092652e+00 1.548272040316320527e-20 4.949091525655528723e-21
4.377887384587664243e+00 4.896632435363219594e-20 4.544559078510533059e-21
4.378552384587235835e+00 6.150564618964097730e-20 4.375502355320692557e-21
4.379217384586807427e+00 3.115430547793474898e-20 5.674082929366541249e-21
4.379882384586379018e+00 3.647548760749454634e-20 5.136982580928697513e-21
4.380547384585950610e+00 2.769157117686467493e-20 4.958717512111836702e-21
4.381212384585522202e+00 1.000381600362716558e-20 4.488490008765610558e-21
4.381877384585093793e+00 8.537176560152776957e-21 4.931044771183527239e-21
4.382542384584665385e+00 6.247324457080653700e-21 5.045089922079440435e-21
4.383207384584236976e+00 2.617128414881462955e-20 4.844858271955705267e-21
4.383872384583808568e+00 4.176601995474307776e-20 4.507512963998446728e-21
4.384537384583380160e+00 3.526665451649132103e-21 4.301883354359047691e-21
4.385202384582951751e+00 1.228731595185545562e-22 4.449883458811305611e-21
4.385867384582523343e+00 1.486977503849054996e-20 4.661461684242900506e-21
4.386532384582094934e+00 2.031571593773875346e-20 5.269207791492218133e-21
4.387197384581666526e+00 2.877164384175410334e-20 5.339659008329311397e-21
4.387862384581238118e+00 4.567172258152385664e-20 5.495730602472390613e-21
4.388527384580809709e+00 4.827269175498530033e-20 5.940003340047938949e-21
4.389192384580381301e+00 3.003004183101232344e-20 4.276581631120370133e-21
4.389857384579952893e+00 2.475172985491007685e-20 5.400176404310533517e-21
4.390522384579524484e+00 2.340531500376252363e-20 4.806860968650019688e-21
4.391187384579096076e+00 2.340462589496908816e-20 7.708805863709165948e-21
4.391852384578667667e+00 5.700007057042631716e-21 4.728054100676404493e-21
4.392517384578239259e+00 1.480950063636653085e-20 4.319154725426805278e-21
4.393182384577810851e+00 1.575428431615881832e-20 4.982144190041909209e-21
4.393847384577382442e+00 5.873981921041150471e-20 4.590184211923994689e-21
4.394512384576954034e+00 6.032761327017773107e-20 4.432436436605210294e-21
4.395177384576525625e+00 8.158773791067565462e-21 4.749973844275145690e-21
4.395842384576097217e+00 -5.679392153507565081e-21 5.199564904103315981e-21
4.396507384575668809e+00 9.677301181105530881e-21 4.930810878352516398e-21
4.397172384575240400e+00 6.163218443035022006e-20 5.216117029063950725e-21
4.397837384574811992e+00 2.272753083823664148e-20 5.314372384608678634e-21
4.398502384574383584e+00 4.138777253139923554e-21 4.582095958418358583e-21
4.399167384573955175e+00 1.139753318335638522e-20 4.868289259587437809e-21
4.399832384573526767e+00 1.139532304529323885e-20 4.450648606943025048e-21
4.400497384573098358e+00 1.184722634201386798e-20 4.589595115092198268e-21
4.401162384572669950e+00 2.944524672993377819e-20 4.479010301632440956e-21
4.401827384572241542e+00 3.698586941260536122e-20 4.388999957058604734e-21
4.402492384571813133e+00 3.656690653974449781e-20 4.416317826579290514e-21
4.403157384571384725e+00 2.651440740406719824e-20 4.839682807675411730e-21
4.403822384570956316e+00 2.323745830877645195e-20 4.812672203801985976e-21
4.404487384570527908e+00 2.152065621872926573e-20 4.766768752155115078e-21
4.405152384570099500e+00 3.280300867590207940e-20 4.997812552986720384e-21
4.405817384569671091e+00 3.442360828673476400e-20 4.663904135098708642e-21
4.406482384569242683e+00 6.366459967705196818e-21 4.689033404854217092e-21
4.407147384568814275e+00 4.281369092735922584e-21 5.154244520275581965e-21
4.407812384568385866e+00 2.949969471109713528e-20 5.060617071658998826e-21
4.408477384567957458e+00 2.198979093206409639e-20 4.869955221648826202e-21
4.409142384567529049e+00 6.171108541951722851e-21 4.595807186628922896e-21
4.409807384567100641e+00 3.228450843402032387e-20 4.950935770575378927e-21
4.410472384566672233e+00 5.095790747249032592e-20 4.725320717627330565e-21
4.411137384566243824e+00 3.521462470160638628e-20 5.097393174083210749e-21
4.411802384565815416e+00 4.890932611147317703e-20 5.100974558928988026e-21
4.412467384565387007e+00 2.353919775242980046e-20 5.080144520596034339e-21
4.413132384564958599e+00 3.410857087597004554e-20 4.929888462975450117e-21
4.413797384564530191e+00 4.259438777400055356e-20 4.999042534072580352e-21
4.414462384564101782e+00 4.183640079553199070e-20 4.882114845658333854e-21
4.415127384563673374e+00 4.819961780107671816e-20 4.776636946474250899e-21
4.415792384563244966e+00 2.941020304755691577e-20 5.121902332042485729e-21
4.416457384562816557e+00 6.790444369037243179e-20 6.821760253284961920e-21
4.417122384562388149e+00 4.578482618174979620e-20 4.987590649670251590e-21
4.417787384561959740e+00 7.210090021073311127e-20 4.936188329906205766e-21
4.418452384561531332e+00 2.801617159316290071e-20 4.806093298582471612e-21
4.419117384561102924e+00 1.961610149807815218e-20 4.907221744292691308e-21
4.419782384560674515e+00 4.149278847948356347e-20 4.865499213782254441e-21
4.420447384560246107e+00 6.349601176118943575e-20 4.959601252546075253e-21
4.421112384559817698e+00 3.358476023179080622e-20 4.612138238815464076e-21
4.421777384559389290e+00 2.402824001629148430e-20 4.964034142688934871e-21
4.422442384558960882e+00 1.701990472805881178e-20 4.847314956431835872e-21
4.423107384558532473e+00 3.324924861237548115e-20 5.020620718914581020e-21
4.423772384558104065e+00 1.826716093501340335e-20 4.410504431136149118e-21
4.424437384557675657e+00 4.903142252677691022e-20 4.864018866856770035e-21
4.425102384557247248e+00 1.362375177583896206e-20 4.597622662538634687e-21
4.425767384556818840e+00 2.708611745978217414e-20 4.502384564653758206e-21
4.426432384556390431e+00 2.193223694661712199e-20 4.810750370821678092e-21
4.427097384555962023e+00 -8.558506809612193096e-21 4.751651417931606518e-21
4.427762384555533615e+00 2.478815090806952715e-20 4.353656274770048072e-21
4.428427384555105206e+00 3.048275128580112448e-20 4.548776266983610517e-21
4.429092384554676798e+00 4.544133744495178418e-21 4.989250493337212698e-21
4.429757384554248389e+00 3.357823053461238895e-21 4.893907000993313953e-21
4.430422384553819981e+00 -9.059256231218198190e-21 4.669872741480297938e-21
4.431087384553391573e+00 -3.538736556632131049e-21 4.698727221908599977e-21
4.431752384552963164e+00 1.812558340033771699e-20 4.663486345119172384e-21
4.432417384552534756e+00 3.728284826193306033e-20 4.836376215635143571e-21
4.433082384552106348e+00 6.865436241098038354e-20 4.899213222175640212e-21
4.433747384551677939e+00 7.369259935181307181e-20 4.698355500145826519e-21
4.434412384551249531e+00 4.301113633478468860e-20 4.786589360604189678e-21
4.435077384550821122e+00 2.898914395679965405e-21 5.148522758322758441e-21
4.435742384550392714e+00 1.886217633677545468e-20 5.119784305156185063e-21
4.436407384549964306e+00 5.097558155391507001e-20 5.265674939766966132e-21
4.437072384549535897e+00 2.121039383493119795e-20 4.908641622981380463e-21
4.437737384549107489e+00 1.167068892466713734e-20 4.691949167885615156e-21
4.438402384548679080e+00 3.216134619500973787e-20 4.726332524309695705e-21
4.439067384548250672e+00 1.670901923348235649e-20 4.681537869475653510e-21
4.439732384547822264e+00 2.955166572729197785e-20 4.672074511924157568e-21
4.440397384547393855e+00 3.069435698569448200e-20 4.776434318081072230e-21
4.441062384546965447e+00 2.491352835005972632e-20 4.682146536215452538e-21
4.441727384546537039e+00 3.877220608927442279e-20 4.545148942702325082e-21
4.442392384546108630e+00 3.499262883269572591e-20 4.678100103978469829e-21
4.443057384545680222e+00 -5.677146634326719468e-21 4.556117813965851516e-21
4.443722384545251813e+00 3.057930706594213772e-20 1.514376410365857753e-20
4.444387384544823405e+00 4.386042171258303118e-21 7.639708783920643886e-20
4.445052384544394997e+00 -6.808034282289259999e-22 5.105502762405047633e-21
4.445717384543966588e+00 3.836727517754778307e-20 5.123369757783589831e-21
4.446382384543538180e+00 1.268987381311611829e-20 4.513732945658102367e-21
4.447047384543109771e+00 4.240009332132847062e-20 5.842697847957943226e-21
4.447712384542681363e+00 5.229748528885225720e-20 5.200206215524986441e-21
4.448377384542252955e+00 -4.721459174230830694e-21 5.080264193526972772e-21
4.449042384541824546e+00 -2.131875805052124140e-21 4.620974536201226140e-21
4.449707384541396138e+00 -3.670674589605640416e-20 5.393745040662047524e-21
4.450372384540967730e+00 -2.172854548133974846e-20 5.485723437080001915e-21
4.451037384540539321e+00 -2.245321525274571045e-20 5.273742982106411642e-21
4.451702384540110913e+00 1.742677420652419852e-20 5.158803288944834790e-21
4.452367384539682504e+00 1.399826312653973036e-20 4.902047845819769118e-21
4.453032384539254096e+00 -8.592887787595764549e-21 4.972438808170372497e-21
4.453697384538825688e+00 8.325270630611839420e-21 5.232623580912836322e-21
4.454362384538397279e+00 3.911772254807886939e-20 4.682796100772214033e-21
4.455027384537968871e+00 4.815018125862053518e-20 5.720335261218402231e-21
4.455692384537540462e+00 3.415892539148103427e-20 4.728918392092585962e-21
4.456357384537112054e+00 4.695438930414108419e-20 4.836444749040490791e-21
4.457022384536683646e+00 5.595475890870207377e-20 4.629321588885504931e-21
4.457687384536255237e+00 2.365681068234981448e-20 4.565381059441156248e-21
4.458352384535826829e+00 1.620528798510738275e-20 4.661219392835520976e-21
4.459017384535398421e+00 1.595956898274551988e-20 5.351958535673142209e-21
4.459682384534970012e+00 5.293955003914077123e-20 4.763154986545600137e-21
4.460347384534541604e+00 2.146177990178779247e-20 4.930976622597640354e-21
4.461012384534113195e+00 1.109957704240531572e-20 4.516578796604701823e-21
4.461677384533684787e+00 3.020793193738799245e-20 4.551690619416825316e-21
4.462342384533256379e+00 4.341708871893124543e-21 4.839273552819921142e-21
4.463007384532827970e+00 1.988709564909032702e-20 4.972290446795038577e-21
4.463672384532399562e+00 1.542374256689849482e-20 5.241851462293946483e-21
4.464337384531971153e+00 1.256501176435846194e-20 4.889100093139270463e-21
4.465002384531542745e+00 -1.473781660515066553e-20 4.951692586797243080e-21
4.465667384531114337e+00 2.856537549064930683e-20 6.601484007788253375e-21
4.466332384530685928e+00 4.873457586999241755e-20 5.407757764574458947e-21
4.466997384530257520e+00 2.225249218678177303e-20 5.442890206022568824e-21
4.467662384529829112e+00 6.086258671314945155e-20 4.829111848995968865e-21
4.468327384529400703e+00 5.654910301465809215e-20 5.106219806426816961e-21
4.468992384528972295e+00 4.914108034197222127e-20 6.428391588117858897e-21
4.469657384528543886e+00 2.844817567152537091e-20 4.608567291367796073e-21
4.470322384528115478e+00 4.829199133525596974e-20 4.866898354793744191e-21
4.470987384527687070e+00 1.647649151862971128e-20 5.082181143118471825e-21
4.471652384527258661e+00 -6.006160115543331293e-21 5.177419436534017103e-21
4.472317384526830253e+00 1.330866524459728927e-20 4.798423755659057594e-21
4.472982384526401844e+00 3.071964469331877957e-20 6.055549461296129344e-21
4.473647384525973436e+00 1.032606462221270624e-20 4.873184613576088612e-21
4.474312384525545028e+00 5.816954859183417062e-21 5.745059576057007848e-21
4.474977384525116619e+00 -6.949991587382866764e-21 6.595446617999795634e-21
4.475642384524688211e+00 -3.921526247851581551e-21 5.786006395744589128e-21
4.476307384524259803e+00 2.489763679799798730e-21 6.130545462137990524e-21
4.476972384523831394e+00 1.357028488566479221e-20 6.205932453124857720e-21
4.477637384523402986e+00 1.439697821406667204e-20 5.166625032485870870e-21
4.478302384522974577e+00 -6.776611823920677968e-21 7.595338297836393680e-21
4.478967384522546169e+00 -5.220698659407034047e-21 5.872009393815211980e-21
4.479632384522117761e+00 -1.123045598386186926e-20 4.862316363196590445e-21
4.480297384521689352e+00 -9.015546020583009783e-21 5.212035125915760523e-21
4.480962384521260944e+00 1.182591952690073312e-20 5.325524478484242506e-21
4.481627384520832535e+00 1.443296844300199830e-20 5.477082184522860772e-21
4.482292384520404127e+00 7.606407827217784230e-21 9.385682686725919191e-21
4.482957384519975719e+00 5.003055751437064886e-21 5.088832454865951444e-21
4.483622384519547310e+00 1.204243558088577209e-20 4.984619806077400434e-21
4.484287384519118902e+00 3.165862362511438062e-20 4.725220393169227158e-21
4.484952384518690494e+00 1.854808085984172559e-20 5.531309326385675854e-21
4.485617384518262085e+00 2.246992834086969450e-20 4.853468082775328444e-21
4.486282384517833677e+00 -6.746043233932635903e-21 4.732633332209738764e-21
4.486947384517405268e+00 1.767649336296870559e-20 5.437042863442991023e-21
4.487612384516976860e+00 5.277531803630799634e-20 4.929975147183755526e-21
4.488277384516548452e+00 8.250017692210175096e-21 5.399188745520981186e-21
4.488942384516120043e+00 4.673674166663134538e-20 5.636653476875596662e-21
4.489607384515691635e+00 2.958184246997052323e-20 4.525669252826804455e-21
4.490272384515263226e+00 -1.767622045105245470e-20 4.682235331104919414e-21
4.490937384514834818e+00 -2.311756271062985555e-21 5.009010514469043469e-21
4.491602384514406410e+00 1.578630603880146371e-20 5.007171597106330532e-21
4.492267384513978001e+00 4.125838402987977957e-21 5.318692186972590868e-21
4.492932384513549593e+00 2.547638577348250059e-20 5.460481928354018801e-21
4.493597384513121185e+00 2.349569029524050894e-20 5.282213583204180645e-21
4.494262384512692776e+00 4.049428215331855629e-20 6.488540777819165892e-21
4.494927384512264368e+00 4.477987223984145436e-20 5.219572961378798927e-21
4.495592384511835959e+00 3.095556406324566946e-20 5.524828178373611269e-21
4.496257384511407551e+00 5.843370178069880627e-20 5.031241621280223331e-21
4.496922384510979143e+00 7.204658716224227142e-20 4.820763270907658990e-21
4.497587384510550734e+00 4.059685399306147243e-20 5.020826180707668466e-21
4.498252384510122326e+00 2.240833840226778816e-20 5.513573939538828550e-21
4.498917384509693917e+00 -1.972192454053015968e-20 5.129138099952348725e-21
4.499582384509265509e+00 -6.497013875057449932e-21 4.906850335903961521e-21
4.500247384508837101e+00 1.868598221689395276e-20 4.662656650414615880e-21
4.500912384508408692e+00 6.982948744932361051e-21 4.880372198848866703e-21
4.501577384507980284e+00 3.216587057366920535e-20 5.182996778607389742e-21
4.502242384507551876e+00 4.186939424838035545e-20 5.479249913567191136e-21
4.502907384507123467e+00 2.161630363117880328e-20 5.655219096470151282e-21
4.503572384506695059e+00 2.355771107824697195e-20 5.615896655280113608e-21
4.504237384506266650e+00 4.009774885151216249e-20 5.124976905875480209e-21
4.504902384505838242e+00 3.000043341404279679e-20 4.710849799818365409e-21
4.505567384505409834e+00 3.561116050773968511e-22 4.746453595211739603e-21
4.506232384504981425e+00 -2.095285971720373210e-20 4.771604676151608401e-21
4.506897384504553017e+00 2.154463235757784960e-20 5.034109663398706419e-21
4.507562384504124608e+00 5.502932560706526562e-20 4.529972885680764930e-21
4.508227384503696200e+00 3.046071364294620831e-20 4.790875201350908208e-21
4.508892384503267792e+00 1.188179259128414490e-20 5.030672159167826262e-21
4.509557384502839383e+00 8.216299254921584990e-21 5.409915427949552409e-21
4.510222384502410975e+00 3.019130702798588281e-20 5.170304873255127039e-21
4.510887384501982567e+00 3.328551732819399513e-20 5.387030659681510189e-21
4.511552384501554158e+00 5.589958647021939400e-22 4.877572818120462979e-21
4.512217384501125750e+00 1.202524276989946189e-20 5.019808133246537527e-21
4.512882384500697341e+00 1.924213505606662668e-20 5.026455894394530853e-21
4.513547384500268933e+00 2.939278949820334244e-20 4.707005898590849613e-21
4.514212384499840525e+00 2.933253654052367027e-20 5.081199214454982257e-21
4.514877384499412116e+00 5.210363803814906822e-20 4.874018404231044344e-21
4.515542384498983708e+00 7.840246639582366880e-20 5.406897272972142380e-21
4.516207384498555300e+00 5.070537297725359140e-20 4.559654199848220202e-21
4.516872384498126891e+00 2.328112030492083575e-20 5.153145336844200629e-21
4.517537384497698483e+00 1.835072785799836726e-20 4.912700615289641344e-21
4.518202384497270074e+00 2.157351052150542252e-20 4.557310101608230094e-21
4.518867384496841666e+00 1.609511676721839384e-20 5.019543702773117168e-21
4.519532384496413258e+00 4.294215691310285669e-20 5.267308817474634742e-21
4.520197384495984849e+00 -3.200142613379689439e-21 4.672376204312362345e-21
4.520862384495556441e+00 3.798727965295402406e-20 4.893433988718236400e-21
4.521527384495128032e+00 1.773870262417074563e-20 4.951148837220392494e-21
4.522192384494699624e+00 2.474141145194871511e-20 8.292311701683336065e-21
4.522857384494271216e+00 3.428272280399489081e-20 1.296125402676589728e-20
4.523522384493842807e+00 4.667275474355307569e-21 7.629906347499033376e-21
4.524187384493414399e+00 -5.194709319992287102e-21 4.875542670471900623e-21
4.524852384492985991e+00 1.010636042808947406e-20 5.345817027525615996e-21
4.525517384492557582e+00 3.324457527354198493e-20 5.323467342379009241e-21
4.526182384492129174e+00 2.367764672233114625e-20 4.810360991586727981e-21
4.526847384491700765e+00 2.069272959825070197e-20 4.923159737356571983e-21
4.527512384491272357e+00 1.411710398949156725e-20 5.016551242122499310e-21
4.528177384490843949e+00 -2.725162086666993138e-21 4.863789514235970036e-21
4.528842384490415540e+00 4.199083481043412063e-20 4.762068814139758319e-21
4.529507384489987132e+00 9.232954867793106607e-21 4.869401404679006588e-21
4.530172384489558723e+00 6.270010946902049625e-21 5.114030723621087374e-21
4.530837384489130315e+00 1.543494400776377829e-20 5.059278380531079692e-21
4.531502384488701907e+00 4.146674691578312128e-21 5.316118887315971631e-21
4.532167384488273498e+00 3.609239543292131907e-20 5.091662321527554364e-21
4.532832384487845090e+00 4.067251539613725716e-21 5.073190233139424256e-21
4.533497384487416682e+00 2.366610447400286882e-20 5.388409061326164138e-21
4.534162384486988273e+00 7.339234530011241843e-21 4.919748766993472103e-21
4.534827384486559865e+00 -6.368223507608462826e-21 5.032999609073492105e-21
4.535492384486131456e+00 1.832532531201915687e-20 5.136762989730712972e-21
4.536157384485703048e+00 3.112472122656908100e-20 5.893262964605221361e-21
4.536822384485274640e+00 2.595496263996220892e-20 5.224012891078881740e-21
4.537487384484846231e+00 1.412253578647601798e-20 5.563681595693534128e-21
4.538152384484417823e+00 6.671869997668841557e-20 5.384051978119337715e-21
4.538817384483989414e+00 3.458214337441381886e-20 5.297748655255206230e-21
4.539482384483561006e+00 5.331518851577962911e-20 4.999430455593653578e-21
4.540147384483132598e+00 1.599452508379688421e-20 4.620660398205651176e-21
4.540812384482704189e+00 -5.750796658844963930e-21 4.834128691964119863e-21
4.541477384482275781e+00 1.533790509944231112e-20 5.014640916316020524e-21
4.542142384481847373e+00 3.262844148501889653e-20 7.613961418010004241e-21
4.542807384481418964e+00 3.532521001518928282e-20 7.226620526375063927e-21
4.543472384480990556e+00 4.830690343294400501e-20 1.230819477924259378e-20
4.544137384480562147e+00 -1.204815250105700630e-20 6.608031099695724887e-21
4.544802384480133739e+00 3.189655878757167819e-20 5.150794945074219784e-21
4.545467384479705331e+00 2.369735668079834310e-20 4.502880110900216879e-21
4.546132384479276922e+00 3.199895925985267934e-20 4.797291027323759552e-21
4.546797384478848514e+00 5.139942619198306497e-20 6.220593999499291339e-21
4.547462384478420105e+00 2.615524006316193552e-20 5.068926520760435922e-21
4.548127384477991697e+00 -7.517825898635005143e-21 4.774740401287701189e-21
4.548792384477563289e+00 3.248469334384178733e-20 5.059179020815439629e-21
4.549457384477134880e+00 6.361149968196371323e-20 5.142173803364123519e-21
4.550122384476706472e+00 3.894966003092677987e-20 5.015229978477396110e-21
4.550787384476278064e+00 2.824762168310180480e-20 5.484571924809082463e-21
4.551452384475849655e+00 1.064927105105622314e-20 5.194185758172482029e-21
4.552117384475421247e+00 3.741773978018143540e-20 4.787111599468867732e-21
4.552782384474992838e+00 -1.862485275761001817e-20 4.917268108411552234e-21
4.553447384474564430e+00 7.101639574732366643e-21 4.847136747393901698e-21
4.554112384474136022e+00 3.291724729746570385e-20 4.723402385824557128e-21
4.554777384473707613e+00 6.452200388464744530e-20 5.009239563937174190e-21
4.555442384473279205e+00 7.109887177986369072e-20 4.967008579752384861e-21
4.556107384472850796e+00 4.904290705059699243e-20 4.825997102938363310e-21
4.556772384472422388e+00 4.553133329583220355e-20 5.480780791053155754e-21
4.557437384471993980e+00 1.196013039016969833e-20 4.973644880512953827e-21
4.558102384471565571e+00 1.921916784666795638e-21 5.259857380413260445e-21
4.558767384471137163e+00 3.606474167012053324e-20 5.130683884527745581e-21
4.559432384470708755e+00 -3.055604218697274539e-21 5.023642919135278920e-21
4.560097384470280346e+00 -7.781725240836784806e-22 5.352464932181972526e-21
4.560762384469851938e+00 2.038179699991730916e-20 5.045825099647297744e-21
4.561427384469423529e+00 3.529649040108773245e-20 5.415378430509396932e-21
4.562092384468995121e+00 3.620618858495620827e-20 6.176394704372062040e-21
4.562757384468566713e+00 4.252483974214023253e-21 5.318515035139554918e-21
4.563422384468138304e+00 1.769973301116675218e-20 5.650631441611233662e-21
4.564087384467709896e+00 2.006630249050369772e-20 4.993795698666261156e-21
4.564752384467281487e+00 2.327649969244200723e-20 5.628376001706269614e-21
4.565417384466853079e+00 3.845583402838357874e-20 5.446891875340840312e-21
4.566082384466424671e+00 2.139802539946850443e-20 5.430320495711076449e-21
4.566747384465996262e+00 3.353036734032314031e-20 5.025546605336280703e-21
4.567412384465567854e+00 4.473037069947398304e-20 5.689616389599699023e-21
4.568077384465139446e+00 7.686329993760958054e-20 5.915225291006893650e-21
4.568742384464711037e+00 2.612750920374371690e-20 5.747672683017299435e-21
4.569407384464282629e+00 1.137716505328623519e-20 5.154888002389607799e-21
4.570072384463854220e+00 1.359888347473916430e-20 5.040628383237621904e-21
4.570737384463425812e+00 3.216400644843391882e-20 5.234079899669881394e-21
4.571402384462997404e+00 4.661881372193806160e-20 5.261299748757173381e-21
4.572067384462568995e+00 1.068119209694156102e-20 4.824259887098538607e-21
4.572732384462140587e+00 6.787982212675500426e-21 5.164359545954038697e-21
4.573397384461712178e+00 -1.016841534543691385e-20 5.055718473373529363e-21
4.574062384461283770e+00 -4.034623294171352549e-21 5.271344302366432770e-21
4.574727384460855362e+00 8.412154316885447896e-21 5.749805755790512218e-21
4.575392384460426953e+00 2.042414037279457316e-21 5.697306194841428942e-21
4.576057384459998545e+00 -1.120511459324585636e-21 5.021871358071915615e-21
4.576722384459570137e+00 3.679200589977117550e-20 5.685332630166017663e-21
4.577387384459141728e+00 2.656524282100279963e-20 5.712251165478081426e-21
4.578052384458713320e+00 2.558236087414100459e-20 5.163103104434644728e-21
4.578717384458284911e+00 3.226859717681544157e-20 5.311002216096271024e-21
4.579382384457856503e+00 3.634684669644313886e-20 5.388922623254889463e-21
4.580047384457428095e+00 3.315597634572327818e-20 6.467901922471720223e-21
4.580712384456999686e+00 1.086054235229342421e-20 5.088138972648984839e-21
4.581377384456571278e+00 3.467823021889008338e-21 5.072999583263817810e-21
4.582042384456142869e+00 -1.555670573790235492e-20 4.997517108481320766e-21
4.582707384455714461e+00 6.084580266714683788e-20 5.479881094670155023e-21
4.583372384455286053e+00 5.243874840005921033e-20 6.091782444832530980e-21
4.584037384454857644e+00 3.984788227739398214e-20 5.207746484030609153e-21
4.584702384454429236e+00 2.794947430844431318e-20 4.893111752917554161e-21
4.585367384454000828e+00 -4.922773762190814929e-21 5.375712881321254170e-21
4.586032384453572419e+00 -1.440818220910418087e-20 4.677957049048338964e-21
4.586697384453144011e+00 2.125338013888905535e-20 5.365648348512724066e-21
4.587362384452715602e+00 4.135259719520201805e-20 5.145786340679200503e-21
4.588027384452287194e+00 3.833181367482295241e-20 5.435661450179411883e-21
4.588692384451858786e+00 4.812210342222768276e-20 5.148152772478771915e-21
4.589357384451430377e+00 4.506583230764266961e-20 5.210579779274218660e-21
4.590022384451001969e+00 -2.462270352433920049e-20 4.743885078589364425e-21
4.590687384450573560e+00 -3.022812373153035787e-21 5.969608499392131396e-21
4.591352384450145152e+00 -3.290743364358421671e-20 5.507599220971554206e-21
4.592017384449716744e+00 4.961676962460515283e-21 5.340879928491158185e-21
4.592682384449288335e+00 5.943335780641914488e-20 5.208817427545264364e-21
4.593347384448859927e+00 5.209572613429815526e-20 5.086161201553228903e-21
4.594012384448431519e+00 3.783696279472731337e-20 5.121176878618199717e-21
4.594677384448003110e+00 1.560786163015868896e-20 4.912187300301231029e-21
4.595342384447574702e+00 1.386638277959221590e-20 5.266371837320058966e-21
4.596007384447146293e+00 -6.310698497594043361e-21 5.424264141537447815e-21
4.596672384446717885e+00 8.330029556616340735e-21 4.959759037013120090e-21
4.597337384446289477e+00 3.007858719574526526e-20 5.238661350204377507e-21
4.598002384445861068e+00 2.976767814322875206e-20 5.435988142067828343e-21
4.598667384445432660e+00 3.808160447255716442e-20 6.500131174363996047e-21
4.599332384445004251e+00 4.480659248407988755e-20 7.878251243069089550e-21
4.599997384444575843e+00 6.119610536524547208e-20 8.277195353202345083e-21
4.600662384444147435e+00 3.888464769334199195e-20 4.884300727114555567e-21
4.601327384443719026e+00 3.685406068210396275e-20 4.751235698100004044e-21
4.601992384443290618e+00 3.758736340742868709e-20 5.050099831437438603e-21
4.602657384442862210e+00 2.056281606603016759e-20 5.542524380610547281e-21
4.603322384442433801e+00 4.352566876554674107e-20 5.151283608591217438e-21
4.603987384442005393e+00 2.159590301590235235e-20 5.111202750252024170e-21
4.604652384441576984e+00 -1.650529165005423663e-20 4.818574529555426921e-21
4.605317384441148576e+00 -3.708990890912424830e-20 4.863987317338299175e-21
4.605982384440720168e+00 -7.228411291674233239e-21 5.014881210313190957e-21
4.606647384440291759e+00 7.951686390436615455e-20 5.890232353104947305e-21
4.607312384439863351e+00 8.227717317676840292e-20 5.610394830567072163e-21
4.607977384439434942e+00 2.100929157047156953e-20 5.537594255261590673e-21
4.608642384439006534e+00 -2.349327446587451686e-20 5.272945023045914523e-21
4.609307384438578126e+00 -1.880665254174679334e-20 5.365002344728735194e-21
4.609972384438149717e+00 3.341406978262388933e-20 5.124388415200320991e-21
4.610637384437721309e+00 1.900449050270178349e-20 5.774811530930419327e-21
4.611302384437292901e+00 -1.787637249336801959e-20 7.239259040907288949e-21
4.611967384436864492e+00 -7.405220094614162264e-21 5.080737481644912621e-21
4.612632384436436084e+00 2.897840877655390261e-20 5.000247691766482257e-21
4.613297384436007675e+00 -9.995761707747324396e-21 5.179397740570218355e-21
4.613962384435579267e+00 -1.040250707346112815e-20 5.408559034854197578e-21
4.614627384435150859e+00 3.738995919795641796e-21 5.318448230093709819e-21
4.615292384434722450e+00 2.967788352546475381e-20 5.610946076660245455e-21
4.615957384434294042e+00 3.615915818349963566e-20 5.275422740201464050e-21
4.616622384433865633e+00 1.889560016759511261e-20 5.311516693345047430e-21
4.617287384433437225e+00 1.755070905694344324e-20 5.042874925226125279e-21
4.617952384433008817e+00 2.632005003024024254e-20 4.978774614416157235e-21
4.618617384432580408e+00 -1.381294745976033275e-20 5.274893774454501426e-21
4.619282384432152000e+00 1.298273067923037734e-20 4.938434198446564173e-21
4.619947384431723592e+00 4.583545330843945786e-20 4.842085559202579228e-21
4.620612384431295183e+00 4.062506855491005729e-20 5.321397379842600840e-21
4.621277384430866775e+00 3.809534540574413850e-20 4.787690352984394410e-21
4.621942384430438366e+00 3.816183996713146421e-20 5.211353218089997525e-21
4.622607384430009958e+00 3.555547966905597684e-22 4.932265479823401956e-21
4.623272384429581550e+00 1.520536731219555291e-20 5.640172813323205575e-21
4.623937384429153141e+00 2.151103367876534998e-20 5.250750412608101635e-21
4.624602384428724733e+00 4.881431933825189705e-21 5.105232344316593406e-21
4.625267384428296324e+00 3.134764979585011832e-20 5.639026906424124233e-21
4.625932384427867916e+00 3.353960924654600984e-21 4.953126757736911934e-21
4.626597384427439508e+00 1.455907852151122063e-20 5.340099613229134593e-21
4.627262384427011099e+00 4.738880327170098770e-20 5.196789956275227317e-21
4.627927384426582691e+00 1.465836608951783007e-20 5.107857906261867629e-21
4.628592384426154283e+00 5.256048445961094391e-20 5.344502120840568403e-21
4.629257384425725874e+00 5.999327992537262377e-20 5.206280165992146486e-21
4.629922384425297466e+00 2.770451355736533337e-20 1.196619622507825879e-20
4.630587384424869057e+00 1.483871923066030951e-20 6.038424781470799930e-21
4.631252384424440649e+00 1.396088756870248866e-20 4.884090687273381340e-21
4.631917384424012241e+00 3.416245992419323289e-20 5.389843140467120215e-21
4.632582384423583832e+00 2.088975178168769929e-20 5.166154119503050062e-21
4.633247384423155424e+00 1.564399587782162782e-20 5.047081609790988891e-21
4.633912384422727015e+00 -3.481325275261263612e-21 5.198786802358380752e-21
4.634577384422298607e+00 3.416737272301130463e-21 5.796390423759158150e-21
4.635242384421870199e+00 -7.485668098384389121e-21 5.208634496172584078e-21
4.635907384421441790e+00 3.328780923012468313e-20 7.082889053784207995e-21
4.636572384421013382e+00 2.290626355474287325e-20 8.023710483280363262e-21
4.637237384420584974e+00 1.091017121926047866e-20 8.068900160241685391e-21
4.637902384420156565e+00 2.407375374569851169e-20 7.391359818041485318e-21
4.638567384419728157e+00 2.000082064792168209e-20 5.225595895060752792e-21
4.639232384419299748e+00 -1.239093392186540224e-20 5.271576356956970382e-21
4.639897384418871340e+00 4.746967064352348224e-20 5.957282149327457312e-21
4.640562384418442932e+00 2.997243719126929034e-20 5.179308479612248585e-21
4.641227384418014523e+00 3.484187839244449302e-20 5.336644345650929617e-21
4.641892384417586115e+00 6.910268211337842606e-20 5.899570792699088648e-21
4.642557384417157706e+00 -3.754656710439123087e-20 5.913385819494197914e-21
4.643222384416729298e+00 3.872164032456596724e-20 8.606574350741980258e-21
4.643887384416300890e+00 1.625603149850602631e-20 1.237245301679868640e-20
4.644552384415872481e+00 3.572309095100078665e-20 5.789541364702590458e-21
4.645217384415444073e+00 3.661643437038792992e-20 5.407302389543996570e-21
4.645882384415015665e+00 6.286984042026311244e-21 5.213941439971086076e-21
4.646547384414587256e+00 -1.051093367536674648e-20 4.980170386729239188e-21
4.647212384414158848e+00 6.778238094267228648e-21 5.403176107491709358e-21
4.647877384413730439e+00 9.339587205380667412e-21 4.848473668462783210e-21
4.648542384413302031e+00 1.775937019693174942e-20 5.313432317879916180e-21
4.649207384412873623e+00 1.616009945132347211e-21 5.411533287868436465e-21
4.649872384412445214e+00 6.343720025024024159e-21 6.033967938556600133e-21
4.650537384412016806e+00 2.024141070336247880e-20 5.065176301998896526e-21
4.651202384411588397e+00 1.095245621890954476e-20 5.082666549839388049e-21
4.651867384411159989e+00 8.958859181579374745e-21 5.354103144448569530e-21
4.652532384410731581e+00 2.659412386063843175e-20 5.581223749425576828e-21
4.653197384410303172e+00 1.703291222751815788e-20 5.709145820252806837e-21
4.653862384409874764e+00 5.268306267975810114e-20 4.995616213092399953e-21
4.654527384409446356e+00 7.352755257812582926e-21 5.843331437394016370e-21
4.655192384409017947e+00 -4.844336935873442874e-21 4.962488032742535169e-21
4.655857384408589539e+00 -1.770588148068957018e-20 5.352843907230250482e-21
4.656522384408161130e+00 2.972563771041714415e-20 6.103698638623626081e-21
4.657187384407732722e+00 4.059838340823757060e-20 5.606114490587105601e-21
4.657852384407304314e+00 3.368708703479525397e-20 4.961318309490750312e-21
4.658517384406875905e+00 1.260719946594425024e-21 5.078367455276587653e-21
4.659182384406447497e+00 -2.180654284440927863e-20 5.147042398718249778e-21
4.659847384406019088e+00 3.717971510512136141e-21 5.341699091460881844e-21
4.660512384405590680e+00 7.017753851881485245e-21 5.571549298897922714e-21
4.661177384405162272e+00 1.444413457496630704e-20 5.202761300195253616e-21
4.661842384404733863e+00 7.467116549616928355e-21 5.836467381907530551e-21
4.662507384404305455e+00 2.078395181611157860e-20 5.439512612517417081e-21
4.663172384403877047e+00 3.177334964888940556e-21 5.195003588508502805e-21
4.663837384403448638e+00 2.070953112377205409e-20 5.472862349930105460e-21
4.664502384403020230e+00 -6.344722322500174050e-21 6.725502013455790717e-21
4.665167384402591821e+00 1.045459946772565299e-20 6.865760584910846342e-21
4.665832384402163413e+00 2.382671689661446207e-20 6.248974407872634219e-21
4.666497384401735005e+00 3.036203355236432402e-20 5.513227411229490614e-21
4.667162384401306596e+00 4.325658513041653153e-20 5.437575311347207089e-21
4.667827384400878188e+00 1.943815491995914490e-20 5.310509144245594285e-21
4.668492384400449779e+00 2.473851661134243989e-20 5.275274212057958151e-21
4.669157384400021371e+00 4.909825769798664206e-23 5.078038722150898427e-21
4.669822384399592963e+00 3.046080115949032631e-20 5.629467948134630020e-21
4.670487384399164554e+00 2.622510598912144793e-20 8.478258147423946338e-21
4.671152384398736146e+00 -1.132300555512131928e-20 7.316317261394477665e-21
4.671817384398307738e+00 -2.450206021154313638e-21 5.147019358392720135e-21
4.672482384397879329e+00 -1.201369189434221820e-20 5.073994320181369878e-21
4.673147384397450921e+00 1.303125192856753481e-20 5.023714676715378395e-21
4.673812384397022512e+00 2.514522075599358792e-20 5.040413719840362876e-21
4.674477384396594104e+00 4.182454215543550073e-20 5.543040281697426707e-21
4.675142384396165696e+00 4.473743911766134140e-21 4.966376071080527153e-21
4.675807384395737287e+00 -4.113145223406823467e-21 5.711296939439529618e-21
4.676472384395308879e+00 1.493632649595077197e-20 5.197220352867916576e-21
4.677137384394880470e+00 9.301341149514459100e-21 5.504520171170597219e-21
4.677802384394452062e+00 3.517108282372105383e-20 5.373235798662852367e-21
4.678467384394023654e+00 2.366402032208337805e-20 5.196253223729344013e-21
4.679132384393595245e+00 1.879200732503154898e-20 4.918749039119422702e-21
4.679797384393166837e+00 1.557408781318096695e-20 5.109866941702401723e-21
4.680462384392738429e+00 8.771939711888297450e-21 5.755529628107871320e-21
4.681127384392310020e+00 1.188154721639195163e-20 5.081488074535232274e-21
4.681792384391881612e+00 2.955582789388958179e-20 5.469536572526175185e-21
4.682457384391453203e+00 4.805966295579461949e-20 5.265129802315839011e-21
4.683122384391024795e+00 6.725825506041865152e-20 5.283219211384593492e-21
4.683787384390596387e+00 2.103383473281305458e-20 4.986777256212361354e-21
4.684452384390167978e+00 2.854059418253668258e-20 6.172032476406415696e-21
4.685117384389739570e+00 -5.112917951126952110e-21 5.139579855311846777e-21
4.685782384389311161e+00 2.146091422313148602e-20 5.356870171584556924e-21
4.686447384388882753e+00 8.462517318483871860e-20 6.611998887790794025e-21
4.687112384388454345e+00 4.585751424267936606e-20 5.306021567925029633e-21
4.687777384388025936e+00 3.260717055214889772e-20 6.431447544179202107e-21
4.688442384387597528e+00 4.416141564638622728e-21 5.280548767464503676e-21
4.689107384387169120e+00 -1.104194664693668960e-20 5.407524217434837737e-21
4.689772384386740711e+00 4.699482100793811452e-20 5.626275964629020389e-21
4.690437384386312303e+00 7.613197121112790839e-20 5.030712168768117291e-21
4.691102384385883894e+00 5.102199395387907330e-20 4.965159827706628493e-21
4.691767384385455486e+00 4.946372533767342513e-20 5.373293155534646946e-21
4.692432384385027078e+00 8.800171498996869763e-21 5.947115727496944922e-21
4.693097384384598669e+00 1.673281526817801012e-20 5.539423013991526675e-21
4.693762384384170261e+00 5.917482858665709773e-20 5.079687773799746399e-21
4.694427384383741853e+00 5.418649716462549247e-21 5.746671976069680920e-21
4.695092384383313444e+00 3.470673139662974344e-20 5.771280642938859572e-21
4.695757384382885036e+00 2.210739651979777146e-20 5.778384942467631325e-21
4.696422384382456627e+00 2.414455131322965736e-20 5.538110367248837749e-21
4.697087384382028219e+00 4.801569741245144100e-20 5.245475112412923054e-21
4.697752384381599811e+00 5.967853776502155632e-20 5.117626880623374495e-21
4.698417384381171402e+00 7.588238256138314440e-20 5.211784020306042378e-21
4.699082384380742994e+00 6.758216923143029849e-20 5.622168810517283350e-21
4.699747384380314585e+00 5.524003411467063813e-20 5.338258811826694882e-21
4.700412384379886177e+00 4.868975542002814809e-21 5.042055489089072800e-21
4.701077384379457769e+00 2.758747028311567022e-20 6.059950266338558305e-21
4.701742384379029360e+00 1.623574775350839032e-20 5.502819917055007784e-21
4.702407384378600952e+00 1.229898038683122008e-20 5.106087263977388663e-21
4.703072384378172544e+00 2.673209999143296888e-20 5.240194540444171226e-21
4.703737384377744135e+00 -2.817624311733167495e-23 5.087767592694712587e-21
4.704402384377315727e+00 7.338775174359282794e-21 6.588355646840407598e-21
4.705067384376887318e+00 2.050004784164840514e-20 5.759154732984758597e-21
4.705732384376458910e+00 4.206534825422385153e-20 5.937510963769529545e-21
4.706397384376030502e+00 2.679647202417618941e-20 5.941302711140637086e-21
4.707062384375602093e+00 8.710064336816488918e-21 5.642494112044088274e-21
4.707727384375173685e+00 3.664982743389310628e-20 5.489567663767645975e-21
4.708392384374745276e+00 3.749621172170373093e-20 5.225044051003946834e-21
4.709057384374316868e+00 4.224093895248081991e-20 5.673805808697895173e-21
4.709722384373888460e+00 5.218433894254807359e-20 5.350364766542466455e-21
4.710387384373460051e+00 2.176884732182433925e-20 5.098970483549342588e-21
4.711052384373031643e+00 7.348641449413062077e-22 5.571529396662981162e-21
4.711717384372603235e+00 6.272754642438467837e-20 5.304800151947993059e-21
4.712382384372174826e+00 2.530361187344432766e-20 5.422256132329722031e-21
4.713047384371746418e+00 3.745591908090574829e-20 5.295771615685460943e-21
4.713712384371318009e+00 5.102825532624450663e-20 5.309427641302331259e-21
4.714377384370889601e+00 2.604956315501403233e-20 5.333523597092907805e-21
4.715042384370461193e+00 4.448598072217071505e-20 5.520826336897063906e-21
4.715707384370032784e+00 2.367255348763462435e-20 5.660087757052848016e-21
4.716372384369604376e+00 2.087761520861876554e-20 5.278332336562898802e-21
4.717037384369175967e+00 8.615349277721985987e-21 4.902194529247000024e-21
4.717702384368747559e+00 1.099448947772775783e-20 5.705914008952943791e-21
4.718367384368319151e+00 1.072811503752499752e-20 5.928397056247039132e-21
4.719032384367890742e+00 4.376752983092370931e-20 5.866564248520976721e-21
4.719697384367462334e+00 4.705586614598900601e-20 5.723401376561286924e-21
4.720362384367033926e+00 1.643982737232322477e-20 5.205042916366416279e-21
4.721027384366605517e+00 3.646665833116935296e-20 4.851658033124945281e-21
4.721692384366177109e+00 4.411279831217609317e-20 5.340754226287219624e-21
4.722357384365748700e+00 6.234780295688598992e-20 5.312268337251923633e-21
4.723022384365320292e+00 1.794780225511320887e-20 5.488579973306630108e-21
4.723687384364891884e+00 1.444799735925484291e-20 5.120511224778427468e-21
4.724352384364463475e+00 -1.420516130164171228e-20 5.097682278662815302e-21
4.725017384364035067e+00 3.200876762348368853e-20 5.378952417555268890e-21
4.725682384363606658e+00 3.702366312720152056e-20 5.645383501526757929e-21
4.726347384363178250e+00 2.489287822833582192e-20 5.323871951874257207e-21
4.727012384362749842e+00 5.716217864436652845e-21 5.510129156243785073e-21
4.727677384362321433e+00 7.966769461881720445e-21 5.391152294701584276e-21
4.728342384361893025e+00 3.360803212080624448e-20 5.208020137680051139e-21
4.729007384361464617e+00 2.498471294204219513e-20 4.850418254332402713e-21
4.729672384361036208e+00 2.112158165540547414e-20 5.037650427596400584e-21
4.730337384360607800e+00 -1.212693246181727479e-20 4.967760521111030252e-21
4.731002384360179391e+00 -5.769918367925941469e-21 5.487660865868626158e-21
4.731667384359750983e+00 5.299222115800942973e-20 6.340392003288543194e-21
4.732332384359322575e+00 5.179725395314780532e-20 4.986598397836199474e-21
4.732997384358894166e+00 1.095842555214775652e-21 5.142948039534383603e-21
4.733662384358465758e+00 5.263979559107741249e-21 5.204033478047696791e-21
4.734327384358037349e+00 2.096859823458242648e-20 5.184099176342279241e-21
4.734992384357608941e+00 6.058096671989441031e-20 5.482252042615877461e-21
4.735657384357180533e+00 5.249729652133365930e-20 5.259269497532830620e-21
4.736322384356752124e+00 3.420086648691447476e-20 5.752199694609740111e-21
4.736987384356323716e+00 2.355377990406038980e-20 5.441222577748278640e-21
4.737652384355895308e+00 -1.649097901269752923e-21 5.116644750036876345e-21
4.738317384355466899e+00 2.739276807802202024e-20 5.126203758956550792e-21
4.738982384355038491e+00 -2.023589614449226516e-20 5.148481409780289212e-21
4.739647384354610082e+00 -1.723415683514272113e-20 5.694670440390389747e-21
4.740312384354181674e+00 4.310520926756081829e-20 5.130786866503543621e-21
4.740977384353753266e+00 1.875371701620601651e-20 5.426180362901710405e-21
4.741642384353324857e+00 2.137811023259210091e-21 5.541258181484776430e-21
4.742307384352896449e+00 -2.359958401822700395e-20 4.951600580484822025e-21
4.742972384352468040e+00 -2.346679513548330286e-20 5.079904434465020710e-21
4.743637384352039632e+00 3.007522277235208266e-21 5.186878845600694306e-21
4.744302384351611224e+00 3.334630695633927750e-20 6.472121061970782106e-21
4.744967384351182815e+00 4.323531066231215089e-20 5.219092162008849144e-21
4.745632384350754407e+00 5.437013641220876703e-20 5.601383511130524430e-21
4.746297384350325999e+00 1.699777136306509362e-20 4.900207453155155214e-21
4.746962384349897590e+00 2.847552190387040928e-20 5.122864854089118896e-21
4.747627384349469182e+00 1.971052897643705506e-20 5.313956130464481742e-21
4.748292384349040773e+00 3.732442465082483208e-20 5.388682469783151532e-21
4.748957384348612365e+00 3.619176982690159591e-20 5.475205659588045443e-21
4.749622384348183957e+00 4.598760920907535022e-20 5.357440497122910743e-21
4.750287384347755548e+00 3.974722821368483867e-20 6.749876649605648486e-21
4.750952384347327140e+00 2.677579187088432030e-20 8.454030671154532174e-21
4.751617384346898731e+00 3.401670537542185606e-20 6.677213056337793642e-21
4.752282384346470323e+00 6.468521207945965229e-20 5.495330970701529269e-21
4.752947384346041915e+00 3.200152474192021157e-20 5.605806345875944795e-21
4.753612384345613506e+00 5.607560817240272243e-20 4.959114947825342756e-21
4.754277384345185098e+00 4.463729658748509686e-20 6.586922499171612750e-21
4.754942384344756690e+00 -5.664464576364043433e-22 6.189894168486921475e-21
4.755607384344328281e+00 3.853082147922905929e-21 6.394885153721393099e-21
4.756272384343899873e+00 4.517315713963721019e-20 5.105112627607423409e-21
4.756937384343471464e+00 7.809705941161460600e-20 5.369541625319828257e-21
4.757602384343043056e+00 5.499104230058348269e-20 5.362202115772668816e-21
4.758267384342614648e+00 2.226171456091135884e-20 4.809588447398032484e-21
4.758932384342186239e+00 1.092978507202391130e-20 5.569533822571629255e-21
4.759597384341757831e+00 3.516846412663441856e-21 5.332624523609801317e-21
4.760262384341329422e+00 2.603293030759564674e-21 5.095792110169611563e-21
4.760927384340901014e+00 2.084974760165574918e-20 5.296684631670606034e-21
4.761592384340472606e+00 7.582979838461276134e-20 5.382920727592135974e-21
4.762257384340044197e+00 3.461449692166451545e-20 5.896572408452825071e-21
4.762922384339615789e+00 -5.366209046639263825e-20 5.961450230072189451e-21
4.763587384339187381e+00 -6.204337510883626106e-21 5.520179763541665613e-21
4.764252384338758972e+00 -1.103124434606526566e-20 5.027150608825114078e-21
4.764917384338330564e+00 1.150628665340817244e-20 4.970117190983390420e-21
4.765582384337902155e+00 1.170316115167560630e-20 5.456090838728274525e-21
4.766247384337473747e+00 2.858438569468747154e-20 6.737929300797405596e-21
4.766912384337045339e+00 3.190937363130496371e-21 5.147498369149735538e-21
4.767577384336616930e+00 2.326510883179793606e-20 5.135485942142717637e-21
4.768242384336188522e+00 -1.820097979272071986e-20 5.806285219889076718e-21
4.768907384335760113e+00 5.044432032465672248e-20 4.894675960085797882e-21
4.769572384335331705e+00 5.298156554453072908e-20 5.882740481585056911e-21
4.770237384334903297e+00 6.030547439265761471e-20 5.586131507981936320e-21
4.770902384334474888e+00 1.812298232953632270e-20 5.394914628704127523e-21
4.771567384334046480e+00 7.951349975031176231e-22 6.345024604857652335e-21
4.772232384333618072e+00 6.767554847577573612e-21 5.446444788848427793e-21
4.772897384333189663e+00 4.831204153192718135e-20 5.135957814750656970e-21
4.773562384332761255e+00 5.619664336283684322e-20 5.525778378542940514e-21
4.774227384332332846e+00 1.348678658645269891e-20 5.160249180263840674e-21
4.774892384331904438e+00 2.102288797503144488e-20 5.493221832752619681e-21
4.775557384331476030e+00 4.249486439779623391e-20 5.997274972760593024e-21
4.776222384331047621e+00 3.472451967724405724e-20 5.712074251278339389e-21
4.776887384330619213e+00 -6.233625875752082023e-21 5.913179056113187640e-21
4.777552384330190804e+00 5.022711854831485655e-21 5.083327418197173633e-21
4.778217384329762396e+00 1.607282449000994817e-20 5.466275454065001565e-21
4.778882384329333988e+00 1.867346335465512236e-20 5.379174787664820681e-21
4.779547384328905579e+00 3.288363758922346117e-20 5.588131163987409962e-21
4.780212384328477171e+00 7.717625599605636628e-21 4.998605249324389528e-21
4.780877384328048763e+00 -1.113787742636611465e-21 5.173803842612013480e-21
4.781542384327620354e+00 3.144817489941906644e-20 5.479092254749616916e-21
4.782207384327191946e+00 1.942510744678040341e-20 5.697180360315919094e-21
4.782872384326763537e+00 1.365520541887216611e-20 5.365711580010313288e-21
4.783537384326335129e+00 1.307591959175733668e-20 4.911749264927306950e-21
4.784202384325906721e+00 5.560799155830414237e-20 5.089662606332859422e-21
4.784867384325478312e+00 2.179356218694845583e-20 5.712070383689978850e-21
4.785532384325049904e+00 1.258373269176251322e-20 5.833633867440696042e-21
4.786197384324621495e+00 2.242890834912747216e-20 5.868707753016732943e-21
4.786862384324193087e+00 3.737685496049851197e-20 5.835260545873467986e-21
4.787527384323764679e+00 -5.269773240946324890e-21 6.031022172885416822e-21
4.788192384323336270e+00 1.414428713040880584e-20 5.481020830904382021e-21
4.788857384322907862e+00 7.681280844894669210e-20 5.708592316094780474e-21
4.789522384322479454e+00 6.565460960436766515e-21 5.248255027016045749e-21
4.790187384322051045e+00 1.038716050663216045e-20 5.244053062029830716e-21
4.790852384321622637e+00 1.544811727220474885e-20 5.679597836354337020e-21
4.791517384321194228e+00 -5.180020936445824213e-21 5.548579750385694880e-21
4.792182384320765820e+00 -2.594157879854813548e-20 5.034969779597073789e-21
4.792847384320337412e+00 5.628416720739141050e-21 5.220969015285193830e-21
4.793512384319909003e+00 1.104989322141745248e-20 5.021200897550321090e-21
4.794177384319480595e+00 1.479150208376450816e-20 5.340560325842574832e-21
4.794842384319052186e+00 2.672888967483716458e-20 5.498287377253124257e-21
4.795507384318623778e+00 3.283088282747232911e-20 5.174124459460283624e-21
4.796172384318195370e+00 -2.012076789036512123e-21 5.357002064599457257e-21
4.796837384317766961e+00 1.968618244634389823e-20 5.605991842748056942e-21
4.797502384317338553e+00 8.481490457517664239e-21 5.324090145788149110e-21
4.798167384316910145e+00 -2.769256776309423802e-21 5.241318236626613571e-21
4.798832384316481736e+00 1.769114621967058896e-20 5.544712803187301897e-21
4.799497384316053328e+00 -6.885801421252161610e-21 5.511214238860316409e-21
4.800162384315624919e+00 1.176159245568513879e-20 5.245966206253919484e-21
4.800827384315196511e+00 6.138434901965871559e-20 5.680748645822009803e-21
4.801492384314768103e+00 5.174397102757371869e-20 5.553430799201131794e-21
4.802157384314339694e+00 2.776765125730629362e-20 5.529950519668368150e-21
4.802822384313911286e+00 1.316238289908347645e-20 5.844074370657556956e-21
4.803487384313482877e+00 5.451549185811261906e-20 5.589588787656509625e-21
4.804152384313054469e+00 9.317770484865566532e-20 5.554035031905581213e-21
4.804817384312626061e+00 2.068485787648057076e-20 7.770862449774794818e-21
4.805482384312197652e+00 2.225188636146409269e-20 5.346181577026976641e-21
4.806147384311769244e+00 -2.530389276133284638e-21 5.592491998211378524e-21
4.806812384311340836e+00 -1.062638490483172213e-20 5.142678010010753949e-21
4.807477384310912427e+00 1.915997035032762393e-20 5.380523765763295929e-21
4.808142384310484019e+00 3.123462460702441974e-21 5.906202845838957550e-21
4.808807384310055610e+00 4.320753973169863928e-20 5.534825290095734687e-21
4.809472384309627202e+00 4.912616600818247777e-20 5.752739624404787951e-21
4.810137384309198794e+00 -2.406778783846369659e-20 5.346734985346163915e-21
4.810802384308770385e+00 -2.722789302366295771e-22 5.982944506801537000e-21
4.811467384308341977e+00 2.634531845180780846e-20 5.374434701704054085e-21
4.812132384307913568e+00 2.500404767643916956e-20 4.985812850680063622e-21
4.812797384307485160e+00 2.415945039582914284e-20 5.719854560093492738e-21
4.813462384307056752e+00 1.263825491489697906e-20 5.323395558541489587e-21
4.814127384306628343e+00 1.012056877526341516e-20 5.084886874861418022e-21
4.814792384306199935e+00 2.020572568302122556e-20 5.469009940863933797e-21
4.815457384305771527e+00 -3.573274910680167404e-20 5.967172224347728100e-21
4.816122384305343118e+00 -9.503619570771756240e-21 5.418369330615237988e-21
4.816787384304914710e+00 -1.858721709071884111e-21 5.374511301351838268e-21
4.817452384304486301e+00 1.015024654140653152e-20 5.841490114095123078e-21
4.818117384304057893e+00 4.224596876475999029e-20 5.301965746834915200e-21
4.818782384303629485e+00 3.002240348259081239e-20 5.107677515043791900e-21
4.819447384303201076e+00 1.184221132512812173e-20 5.505648165667581628e-21
4.820112384302772668e+00 1.548721639426526675e-20 5.559154401580524544e-21
4.820777384302344259e+00 1.961578224984081918e-20 5.922266087049723433e-21
4.821442384301915851e+00 3.372797377900280081e-20 5.411538771116796499e-21
4.822107384301487443e+00 5.204304605130276020e-20 6.481927117638876180e-21
4.822772384301059034e+00 4.787346581292777301e-20 6.574153881843481838e-21
4.823437384300630626e+00 4.280643691350090637e-21 5.417728228629683742e-21
4.824102384300202218e+00 1.554853444225013371e-20 5.115020832680279923e-21
4.824767384299773809e+00 5.106266264413630378e-20 5.287730490985490722e-21
4.825432384299345401e+00 4.008528537139293643e-20 6.349015934063844793e-21
4.826097384298916992e+00 4.347479783448559486e-20 6.772985437021786638e-21
4.826762384298488584e+00 4.999961119672828402e-20 5.848958771718443547e-21
4.827427384298060176e+00 3.590863198503074620e-20 6.268292969032773307e-21
4.828092384297631767e+00 1.474009398560837433e-20 7.035180113390957779e-21
4.828757384297203359e+00 8.813468345714463229e-21 5.541368638511519461e-21
4.829422384296774950e+00 1.675211425002833740e-20 5.529524112506244464e-21
4.830087384296346542e+00 1.673377291332903354e-20 5.691958607373778899e-21
4.830752384295918134e+00 -1.366641225321411629e-20 6.008349428376533075e-21
4.831417384295489725e+00 1.869565476321578664e-20 5.256983429943683410e-21
4.832082384295061317e+00 6.321023367549639538e-21 5.355074873092760683e-21
4.832747384294632909e+00 -3.620758852230093833e-21 5.804355451718840961e-21
4.833412384294204500e+00 2.742454901756838500e-20 5.418066867119991944e-21
4.834077384293776092e+00 -1.715910771188393756e-20 5.283557908260528723e-21
4.834742384293347683e+00 1.780144622881203634e-20 5.317024046255144837e-21
4.835407384292919275e+00 2.056956785948541784e-20 6.192703775876846854e-21
4.836072384292490867e+00 -5.991236162314621306e-21 5.392156106314797472e-21
4.836737384292062458e+00 -2.190816811381699428e-20 5.816117288174290387e-21
4.837402384291634050e+00 -2.927165688511151966e-22 6.046265673883179161e-21
4.838067384291205641e+00 7.880549014482972871e-21 5.343004987822159566e-21
4.838732384290777233e+00 2.548565272178250101e-20 5.569926067892557152e-21
4.839397384290348825e+00 9.310585387117760594e-21 5.519678192083349082e-21
4.840062384289920416e+00 -2.095140219936616055e-20 5.574574880615010438e-21
4.840727384289492008e+00 2.170245138586052532e-20 5.851284312492909891e-21
4.841392384289063600e+00 2.731574910382937199e-20 5.433471995644020111e-21
4.842057384288635191e+00 4.455375711018862859e-20 5.994191575544199163e-21
4.842722384288206783e+00 4.746467811611017773e-20 5.555779874403315731e-21
4.843387384287778374e+00 4.624375825311042153e-20 5.727970081504974896e-21
4.844052384287349966e+00 3.749194806988799755e-20 5.313986338532201750e-21
4.844717384286921558e+00 9.008150663135461241e-21 5.606931448837468630e-21
4.845382384286493149e+00 6.508207823673278394e-21 5.605106453864582483e-21
4.846047384286064741e+00 1.081954719755707497e-20 5.307882802163975291e-21
4.846712384285636332e+00 8.887806838155198001e-21 5.812146482727583517e-21
4.847377384285207924e+00 -1.386440980580774834e-20 5.995672117172983395e-21
4.848042384284779516e+00 6.243371052733934452e-21 5.331990165902315565e-21
4.848707384284351107e+00 -1.255668099449172057e-20 5.347463879841283903e-21
4.849372384283922699e+00 1.736513853062607151e-20 6.262822268282883549e-21
4.850037384283494291e+00 4.774260951075670053e-20 5.872318560247829381e-21
4.850702384283065882e+00 2.453881062736627815e-20 5.712852819729852396e-21
4.851367384282637474e+00 8.124871869884581466e-21 7.063048475843620146e-21
4.852032384282209065e+00 5.661166106076143743e-21 5.816906214711159451e-21
4.852697384281780657e+00 2.519189076477332022e-20 5.649720349800508693e-21
4.853362384281352249e+00 3.887830469741445487e-20 5.824809150917262949e-21
4.854027384280923840e+00 -4.702001473639814070e-21 5.860622121541920031e-21
4.854692384280495432e+00 5.272650400422167612e-21 5.593206882107958566e-21
4.855357384280067023e+00 -1.801230635118822549e-20 5.082369981455453118e-21
4.856022384279638615e+00 1.289350962626728730e-20 6.127792970194822019e-21
4.856687384279210207e+00 -6.306478247852981851e-21 6.260078334140838758e-21
4.857352384278781798e+00 -8.270710813810717101e-21 6.155567484562331517e-21
4.858017384278353390e+00 2.439582111057525370e-21 5.823655413681674247e-21
4.858682384277924982e+00 8.915293035330975695e-21 5.827014316338920451e-21
4.859347384277496573e+00 2.254930482630310590e-20 6.081371396069657006e-21
4.860012384277068165e+00 3.629887441668451115e-21 6.699760975738915479e-21
4.860677384276639756e+00 3.855481777519853060e-20 6.660631635484236476e-21
4.861342384276211348e+00 3.600943399667918797e-21 6.837526420861287217e-21
4.862007384275782940e+00 -1.423002825350608189e-20 5.237948619373780182e-21
4.862672384275354531e+00 1.898869869736775517e-20 5.534354048314207873e-21
4.863337384274926123e+00 5.333090002635801961e-22 5.837034340056192614e-21
4.864002384274497715e+00 3.234695802393189831e-20 6.168117237596758466e-21
4.864667384274069306e+00 4.297748959655367944e-20 6.018215930603950144e-21
4.865332384273640898e+00 1.681528367063293829e-20 5.767538238294974136e-21
4.865997384273212489e+00 -2.040835149019800849e-22 5.698229543290131490e-21
4.866662384272784081e+00 2.795543822959048406e-20 5.357745605970935356e-21
4.867327384272355673e+00 4.539505908094130501e-20 5.805675831434242315e-21
4.867992384271927264e+00 4.020075371853668362e-20 5.736841003088751103e-21
4.868657384271498856e+00 5.106420033022961018e-20 5.979010133598326028e-21
4.869322384271070447e+00 4.692888087549193132e-20 6.656302616608661948e-21
4.869987384270642039e+00 2.226844245356488903e-20 5.986125772306146670e-21
4.870652384270213631e+00 2.536766541702404692e-20 5.580351619705615994e-21
4.871317384269785222e+00 3.920194056886943507e-20 5.504555826104115238e-21
4.871982384269356814e+00 -5.557544606408250169e-22 5.602115926100191177e-21
4.872647384268928406e+00 -5.710092370403572385e-21 5.855953421670615814e-21
4.873312384268499997e+00 2.431790943535564257e-20 5.950028834382470950e-21
4.873977384268071589e+00 2.287345071048883037e-20 5.753295113442808089e-21
4.874642384267643180e+00 7.466150149469983920e-20 5.635102496569918846e-21
4.875307384267214772e+00 7.184443765816489932e-20 5.379545774310660778e-21
4.875972384266786364e+00 3.630382062884748898e-20 5.838507561745913078e-21
4.876637384266357955e+00 8.275197669822303131e-21 5.582461024599228917e-21
4.877302384265929547e+00 5.032233191625331884e-20 5.463243372148521864e-21
4.877967384265501138e+00 7.041429688044159851e-20 6.249409806235511197e-21
4.878632384265072730e+00 4.095160823439262628e-20 5.734437877091739772e-21
4.879297384264644322e+00 4.225880859983385345e-20 6.094014552748625527e-21
4.879962384264215913e+00 3.460929242949798166e-20 5.977006080094817033e-21
4.880627384263787505e+00 2.728029520142883786e-20 5.605339536260665368e-21
4.881292384263359097e+00 1.821919255509812714e-20 5.892246044512593607e-21
4.881957384262930688e+00 9.760848187675553226e-21 6.386263555647824260e-21
4.882622384262502280e+00 9.072176351886230608e-21 7.475153988179033938e-21
4.883287384262073871e+00 -6.042934235677634821e-21 5.513829422380305619e-21
4.883952384261645463e+00 -1.767353088041972821e-21 5.507157650045974653e-21
4.884617384261217055e+00 7.839654856675190974e-21 5.845806596402308404e-21
4.885282384260788646e+00 2.033678015541623802e-20 6.434407018727088123e-21
4.885947384260360238e+00 4.090984080896181290e-20 5.625910247809051559e-21
4.886612384259931829e+00 -4.583396125653390733e-21 5.405834298618593910e-21
4.887277384259503421e+00 4.020826990532117609e-20 5.607300642139191269e-21
4.887942384259075013e+00 -6.191579157732993910e-21 5.946398351566874385e-21
4.888607384258646604e+00 -1.172670369001522432e-20 6.037514293123352551e-21
4.889272384258218196e+00 1.049333429295613455e-20 5.518284722410501691e-21
4.889937384257789788e+00 1.040805482552926901e-21 6.207332546442613222e-21
4.890602384257361379e+00 3.070409744841914991e-20 5.984577566748217694e-21
4.891267384256932971e+00 7.551659660257393590e-21 5.437482817090237727e-21
4.891932384256504562e+00 2.028354302657763473e-20 5.813807303776761311e-21
4.892597384256076154e+00 1.117915559994023247e-20 5.753176697809838327e-21
4.893262384255647746e+00 -1.988579102864031612e-20 5.340050366757946371e-21
4.893927384255219337e+00 3.037488331775523276e-20 5.565875908617277996e-21
4.894592384254790929e+00 4.289731999708880389e-20 6.443152790733804928e-21
4.895257384254362520e+00 2.574338186325472249e-20 6.238414734660743624e-21
4.895922384253934112e+00 -2.791299715013241312e-20 6.452779086789482094e-21
4.896587384253505704e+00 2.459785283842873838e-20 5.774827280812188585e-21
4.897252384253077295e+00 2.878877662878688939e-20 5.397009243909639278e-21
4.897917384252648887e+00 3.556108703783172000e-20 5.612387542778313161e-21
4.898582384252220479e+00 3.860581842628385985e-21 6.524810553242728407e-21
4.899247384251792070e+00 -2.990612706612545515e-21 5.729763206472797702e-21
4.899912384251363662e+00 -1.011819151166225842e-20 5.551639288068058033e-21
4.900577384250935253e+00 -3.211438971306883569e-20 5.347412647176297197e-21
4.901242384250506845e+00 -2.315604695024580429e-20 5.404784593427518642e-21
4.901907384250078437e+00 1.181001849834589966e-20 5.393947309130334815e-21
4.902572384249650028e+00 1.077973984037962358e-20 1.186875089588352450e-20
4.903237384249221620e+00 1.608632296133358655e-20 8.472975654114223586e-21
4.903902384248793211e+00 -2.141215785687225872e-20 6.371105675458704154e-21
4.904567384248364803e+00 2.045911692344211753e-20 1.099743522750556012e-20
4.905232384247936395e+00 2.172237127341695056e-20 7.122211705214924384e-21
4.905897384247507986e+00 -8.648513805459657233e-21 6.200669117405110315e-21
4.906562384247079578e+00 6.613155625717028462e-21 7.127659533389992208e-21
4.907227384246651170e+00 2.101866628058946592e-20 5.791577212538023710e-21
4.907892384246222761e+00 2.796676130087610827e-20 6.021468602690277912e-21
4.908557384245794353e+00 3.220911345699428155e-20 5.801617737931601530e-21
4.909222384245365944e+00 -7.576303089369233415e-22 5.565566495592586068e-21
4.909887384244937536e+00 -3.577891596882119605e-21 5.730196408402312415e-21
4.910552384244509128e+00 5.508188393864156088e-21 5.260642102097443797e-21
4.911217384244080719e+00 1.764663793270708971e-20 5.849325998392702509e-21
4.911882384243652311e+00 3.061784566320076560e-20 6.009343089585457627e-21
4.912547384243223902e+00 -6.985332310064172093e-21 5.574748829724488428e-21
4.913212384242795494e+00 2.816432157707942868e-21 5.611129353839354328e-21
4.913877384242367086e+00 4.373725019222967696e-20 6.227696323586442598e-21
4.914542384241938677e+00 4.767198380059256518e-20 6.164551036363261400e-21
4.915207384241510269e+00 8.045322797313567289e-21 5.813189993875474991e-21
4.915872384241081861e+00 3.256645829037830185e-20 5.785197254911338853e-21
4.916537384240653452e+00 -1.288875474371879131e-20 5.941386988872058059e-21
4.917202384240225044e+00 5.311751832626246842e-20 5.694451655338552743e-21
4.917867384239796635e+00 1.954823485706460476e-20 6.226007861495016590e-21
4.918532384239368227e+00 2.156573603876255666e-20 1.014261794036134801e-20
4.919197384238939819e+00 1.425926056222031048e-20 1.112367357996098182e-20
4.919862384238511410e+00 -1.777893087092546524e-21 6.080051338466094522e-21
4.920527384238083002e+00 2.323877141296276976e-21 5.581723302356726080e-21
4.921192384237654593e+00 1.212122298533459618e-20 5.757607261580055475e-21
4.921857384237226185e+00 1.855142705025785019e-20 5.598667254886447983e-21
4.922522384236797777e+00 -1.788308009467729769e-20 5.571209024639000027e-21
4.923187384236369368e+00 5.327450761784548282e-20 5.688962357767403285e-21
4.923852384235940960e+00 3.460273429296255275e-20 5.816859637309476423e-21
4.924517384235512552e+00 2.075324637887144071e-20 5.385948332789729322e-21
4.925182384235084143e+00 5.405825440148855280e-20 6.090283849171680691e-21
4.925847384234655735e+00 2.672348157496071028e-20 5.690251383009621588e-21
4.926512384234227326e+00 5.184175801101318608e-20 5.549560744008204314e-21
4.927177384233798918e+00 3.896551215061874093e-20 5.489263394904814678e-21
4.927842384233370510e+00 6.552422355812572009e-21 6.296623106510068333e-21
4.928507384232942101e+00 3.955402197165410462e-20 5.551731417462326234e-21
4.929172384232513693e+00 8.700486398621205479e-20 5.418485280405055640e-21
4.929837384232085284e+00 6.929271748071958579e-21 5.957900667183722832e-21
4.930502384231656876e+00 6.330188943736841338e-20 5.913219337422439919e-21
4.931167384231228468e+00 4.132985884657659935e-20 6.249526308642807814e-21
4.931832384230800059e+00 3.298736337939635922e-20 5.647760855663692863e-21
4.932497384230371651e+00 -3.435290036111701400e-22 5.957814856753030958e-21
4.933162384229943243e+00 4.837356178392152471e-20 5.866459980745611247e-21
4.933827384229514834e+00 1.255710576108209816e-20 5.567144720315366772e-21
4.934492384229086426e+00 5.020586884080516724e-21 8.512787888210527543e-21
4.935157384228658017e+00 -1.806212887492645409e-20 6.050802778061931998e-21
4.935822384228229609e+00 -1.170576811296984368e-20 5.335465863990421864e-21
4.936487384227801201e+00 5.484998451237866422e-20 5.603882043143773115e-21
4.937152384227372792e+00 5.083040296646263299e-20 6.249911907999606899e-21
4.937817384226944384e+00 4.689322015026287433e-20 5.606534418344186426e-21
4.938482384226515975e+00 3.342002933798547367e-20 5.985561956076361762e-21
4.939147384226087567e+00 2.528208281158064753e-21 5.453019400213807201e-21
4.939812384225659159e+00 1.849650708010503721e-21 5.750870146110440398e-21
4.940477384225230750e+00 2.535817265016896652e-20 5.438310933899625268e-21
4.941142384224802342e+00 2.736750941494381591e-20 6.294694488065302432e-21
4.941807384224373934e+00 4.999738826438118191e-20 6.203387890151514887e-21
4.942472384223945525e+00 3.267911283632341465e-21 5.870774348759127683e-21
4.943137384223517117e+00 5.587411111396202824e-20 5.867650271888926147e-21
4.943802384223088708e+00 6.292548002120958032e-20 5.625618952342808872e-21
4.944467384222660300e+00 4.189211361905380203e-20 6.364276975504432543e-21
4.945132384222231892e+00 1.478751841814939661e-20 1.759060681019938457e-20
4.945797384221803483e+00 4.932307138586130844e-20 6.516877626474438126e-21
4.946462384221375075e+00 2.154379396947427529e-20 6.068524455818712146e-21
4.947127384220946666e+00 6.107519146360086163e-20 6.151983497082871403e-21
4.947792384220518258e+00 1.012516209897032477e-19 6.436325780877324007e-21
4.948457384220089850e+00 6.372823804380190353e-20 6.751030856737679319e-21
4.949122384219661441e+00 -1.535257537380849957e-21 6.991616969120887996e-21
4.949787384219233033e+00 2.379860862734943100e-20 7.368213962792513940e-21
4.950452384218804625e+00 5.293173403553125871e-20 6.463436290223089427e-21
4.951117384218376216e+00 1.637119323229281714e-20 5.810313408460095500e-21
4.951782384217947808e+00 2.760526432343636417e-20 6.042784712506774553e-21
4.952447384217519399e+00 8.397362118481817848e-21 6.920225202739013478e-21
4.953112384217090991e+00 1.154316238701394686e-20 6.033805127546211951e-21
4.953777384216662583e+00 3.108564077554419785e-20 6.328217883508434786e-21
4.954442384216234174e+00 -1.539067750615106849e-20 6.019662794421703496e-21
4.955107384215805766e+00 -9.624187907746739977e-21 5.809881473775107943e-21
4.955772384215377357e+00 1.478010687983369437e-20 5.862512356543857622e-21
4.956437384214948949e+00 6.693124901007905138e-20 5.950483560748374850e-21
4.957102384214520541e+00 5.009160970051131856e-21 7.254578908817829904e-21
4.957767384214092132e+00 -1.157337311978861364e-20 6.044921900210683458e-21
4.958432384213663724e+00 -4.064033123434349495e-21 5.836598277230675817e-21
4.959097384213235316e+00 3.082424681218241074e-20 5.809852878454840440e-21
4.959762384212806907e+00 4.012163812131344811e-20 5.477980022961707580e-21
4.960427384212378499e+00 1.689227919196550019e-20 5.608601316257573857e-21
4.961092384211950090e+00 2.830840609936519033e-20 5.308693438414229499e-21
4.961757384211521682e+00 4.795745149874653001e-20 5.846376393950015602e-21
4.962422384211093274e+00 3.845507931394056883e-20 5.859500127083653804e-21
4.963087384210664865e+00 1.031985119469791861e-20 6.104510579073010534e-21
4.963752384210236457e+00 7.653953444564632760e-21 9.533640075860522768e-21
4.964417384209808048e+00 1.578759521277384616e-20 5.872685969941690527e-21
4.965082384209379640e+00 1.495568133052489339e-20 8.330191115181323554e-21
4.965747384208951232e+00 -5.799356404017594518e-21 5.910003249486458973e-21
4.966412384208522823e+00 -5.480483108024571674e-21 6.444893203457479110e-21
4.967077384208094415e+00 5.307421966904470631e-20 5.829529261447178557e-21
4.967742384207666007e+00 5.959030836725464324e-20 6.331877256678545983e-21
4.968407384207237598e+00 3.005130011013345949e-20 5.666144341666554629e-21
4.969072384206809190e+00 4.334441868775904450e-20 5.679865327901719034e-21
4.969737384206380781e+00 4.923838678350738818e-20 5.601487253552905153e-21
4.970402384205952373e+00 -1.783566138939217216e-21 5.912878941785592970e-21
4.971067384205523965e+00 7.453730777303969136e-21 6.058833512947971280e-21
4.971732384205095556e+00 1.269356829098106587e-20 5.494459065194722194e-21
4.972397384204667148e+00 -1.605217751727706207e-20 6.154716650515091813e-21
4.973062384204238739e+00 -8.016274030558720870e-21 5.690688765534552302e-21
4.973727384203810331e+00 -5.905237552249966201e-21 6.012858891419193751e-21
4.974392384203381923e+00 5.857441498516978792e-21 6.254117793157706307e-21
4.975057384202953514e+00 2.591171825268935375e-20 5.888269489690127098e-21
4.975722384202525106e+00 3.317053764938887740e-20 6.481381879761536684e-21
4.976387384202096698e+00 4.001361987611843717e-20 6.565900565658097222e-21
4.977052384201668289e+00 3.918278764986793107e-20 5.788536117438531770e-21
4.977717384201239881e+00 -1.142841481498373182e-20 5.994574576944641663e-21
4.978382384200811472e+00 -1.359391375051859732e-20 5.734489195513969300e-21
4.979047384200383064e+00 -3.157354948823209207e-20 6.042016981217882766e-21
4.979712384199954656e+00 -1.578041632847896853e-20 6.018378957398635610e-21
4.980377384199526247e+00 -3.593659735895602644e-21 5.810659703162484903e-21
4.981042384199097839e+00 3.509196920261757379e-21 5.822274408931402622e-21
4.981707384198669430e+00 2.217725812242781577e-20 6.007691284244276507e-21
4.982372384198241022e+00 5.951879221072084271e-20 5.422602740318057352e-21
4.983037384197812614e+00 1.256981519781321679e-20 5.738098969787485584e-21
4.983702384197384205e+00 1.685266831120982909e-20 5.407098963446201866e-21
4.984367384196955797e+00 3.702721465018607398e-21 5.498505152896430705e-21
4.985032384196527389e+00 1.357103447531086917e-20 6.143966830890589174e-21
4.985697384196098980e+00 5.303567946381279561e-20 5.979019340562930150e-21
4.986362384195670572e+00 7.713392575092831786e-20 6.134845875735130070e-21
4.987027384195242163e+00 8.033098593725821585e-20 5.585602872703905582e-21
4.987692384194813755e+00 5.861376317601783200e-20 5.949934274746378739e-21
4.988357384194385347e+00 5.467439612007607065e-20 5.791764776190867012e-21
4.989022384193956938e+00 3.480464430788953571e-20 6.281955131536091146e-21
4.989687384193528530e+00 2.886680798278517164e-20 5.727695563523011594e-21
4.990352384193100121e+00 3.931242106034711277e-21 6.066432519672479380e-21
4.991017384192671713e+00 -5.456309679291798188e-21 5.442461192127248134e-21
4.991682384192243305e+00 4.693854887905934898e-20 5.941681095724747504e-21
4.992347384191814896e+00 3.176662779261304801e-20 6.123112563475996274e-21
4.993012384191386488e+00 6.761946624964153845e-20 5.847530343864375664e-21
4.993677384190958080e+00 3.404459913658789119e-20 5.797134952438290136e-21
4.994342384190529671e+00 1.293699102188584013e-20 6.396898696560851982e-21
4.995007384190101263e+00 9.671844840345428825e-21 6.197361851114272772e-21
4.995672384189672854e+00 -7.152711763044404585e-21 6.192568248139982101e-21
4.996337384189244446e+00 1.703342559011144351e-20 5.813826574777785386e-21
4.997002384188816038e+00 4.233199807415705744e-20 5.346396860047339916e-21
4.997667384188387629e+00 4.768032945502664694e-20 5.601290445298614269e-21
4.998332384187959221e+00 2.578813019986853292e-20 5.794441182084856061e-21
4.998997384187530812e+00 1.697104466037739272e-20 7.914288309380406544e-21
4.999662384187102404e+00 9.354285809111231207e-21 5.892338111751082468e-21
5.000327384186673996e+00 1.952407290106049360e-20 7.661134935049302498e-21
5.000992384186245587e+00 -1.334257688570815544e-20 5.956069655793965870e-21
5.001657384185817179e+00 2.469088930290217147e-20 6.589980945066051181e-21
5.002322384185388771e+00 9.367609639812770045e-21 5.949594824925565598e-21
5.002987384184960362e+00 -1.810564159419323584e-20 5.717612460069907138e-21
5.003652384184531954e+00 -1.162878629986584284e-20 5.767927183452893196e-21
5.004317384184103545e+00 -8.693906046821998469e-21 5.816846191720960627e-21
5.004982384183675137e+00 -9.533950712780364481e-21 5.994375960422888295e-21
5.005647384183246729e+00 -1.914727167579758846e-20 6.627217325172322246e-21
5.006312384182818320e+00 -3.253223938389637507e-21 6.194891862347874374e-21
5.006977384182389912e+00 6.382870247492449050e-21 6.383919708298832579e-21
5.007642384181961503e+00 -2.665709037497200368e-20 6.956722214085577028e-21
5.008307384181533095e+00 2.155176981051618747e-20 5.936872858902417457e-21
5.008972384181104687e+00 4.270366189418490087e-21 6.462555286501768853e-21
5.009637384180676278e+00 1.132525441675989682e-20 6.323706551095672156e-21
5.010302384180247870e+00 -1.372755378477484229e-20 5.631507676901362009e-21
5.010967384179819462e+00 3.206850478409624045e-20 6.443534121393303780e-21
5.011632384179391053e+00 4.032436647490354180e-20 6.303470969971871967e-21
5.012297384178962645e+00 4.659012128461482959e-20 6.202627733271564927e-21
5.012962384178534236e+00 2.439718795392431373e-20 5.451898627045440937e-21
5.013627384178105828e+00 2.587763545248672947e-21 5.642514986857603329e-21
5.014292384177677420e+00 1.162232921289652444e-20 5.843268057553012305e-21
5.014957384177249011e+00 5.362982124524700975e-20 6.297508847037646349e-21
5.015622384176820603e+00 6.018517249160147488e-20 5.731106152016959146e-21
5.016287384176392194e+00 -1.247446396891717662e-23 5.658129942836182890e-21
5.016952384175963786e+00 1.703087378602871273e-20 6.229648986972896721e-21
5.017617384175535378e+00 2.202473788517878879e-20 6.680884496891229494e-21
5.018282384175106969e+00 -7.801341234389621349e-21 6.082020642325493948e-21
5.018947384174678561e+00 2.073344503402416069e-20 5.392175693295125573e-21
5.019612384174250153e+00 2.767226920909292214e-20 6.101760787991586127e-21
5.020277384173821744e+00 2.643407816714212558e-21 5.746381776080080778e-21
5.020942384173393336e+00 9.711566777159533934e-21 5.766511225529569747e-21
5.021607384172964927e+00 -6.386414091595422054e-21 5.564824936682952256e-21
5.022272384172536519e+00 1.160611821139273973e-20 6.295952645913332448e-21
5.022937384172108111e+00 2.230015329389846902e-20 5.627473951566656081e-21
5.023602384171679702e+00 6.622706612540148658e-20 5.558894784543774409e-21
5.024267384171251294e+00 5.621958159624792287e-20 5.830121967840497315e-21
5.024932384170822885e+00 4.395018355402381614e-20 5.944456489783508318e-21
5.025597384170394477e+00 3.882600535483126062e-20 5.733683710357450488e-21
5.026262384169966069e+00 3.403168382689997075e-20 6.015480261091890455e-21
5.026927384169537660e+00 1.438336553874788056e-20 5.899487000521284546e-21
5.027592384169109252e+00 1.832361205786876167e-20 6.036546671777379847e-21
5.028257384168680844e+00 3.633613731024948287e-20 5.837357039076112600e-21
5.028922384168252435e+00 7.139515120724856880e-20 5.597560409276402567e-21
5.029587384167824027e+00 2.250060710114924140e-20 5.936377557040580557e-21
5.030252384167395618e+00 7.405112428921219729e-20 5.788242148443898717e-21
5.030917384166967210e+00 1.713855726805231962e-20 6.274441895154055165e-21
5.031582384166538802e+00 -2.122705042046429002e-20 5.755955498541623904e-21
5.032247384166110393e+00 -2.516688045001962817e-20 6.101064985075708740e-21
5.032912384165681985e+00 -2.183812636928897813e-21 5.579597434954304742e-21
5.033577384165253576e+00 3.652371410263555656e-20 5.641742243492270837e-21
5.034242384164825168e+00 2.691218116609778884e-20 5.473116863890247586e-21
5.034907384164396760e+00 1.055389606310076960e-20 5.735177955207060463e-21
5.035572384163968351e+00 7.808085412545705391e-21 6.213153199344134663e-21
5.036237384163539943e+00 1.159062052818685920e-22 5.554859085491440415e-21
5.036902384163111535e+00 -8.961211340785047924e-21 5.653140909213366341e-21
5.037567384162683126e+00 -1.276457698351093254e-20 5.637803679123276669e-21
5.038232384162254718e+00 -1.510378575173961396e-20 5.454122116247251457e-21
5.038897384161826309e+00 7.535861590933236868e-21 5.100267343283864711e-21
5.039562384161397901e+00 -3.544505342988589023e-21 6.036649310361638251e-21
5.040227384160969493e+00 2.454513526041831351e-20 5.779905581377307183e-21
5.040892384160541084e+00 -7.138601772073428726e-22 5.624209286368558509e-21
5.041557384160112676e+00 -3.497487916688270336e-20 5.199380380465916842e-21
5.042222384159684268e+00 1.143677747021045086e-20 5.419223238502678889e-21
5.042887384159255859e+00 2.471324978923099642e-20 5.526866938927811562e-21
5.043552384158827451e+00 2.490813857827897965e-20 5.416843308723272644e-21
5.044217384158399042e+00 4.125229552109611297e-20 5.772750126254458548e-21
5.044882384157970634e+00 6.281124941322830726e-20 5.658463749483846815e-21
5.045547384157542226e+00 -1.303845020981974238e-20 5.747165458027988350e-21
5.046212384157113817e+00 1.877009968459795102e-20 7.199424161978815154e-21
5.046877384156685409e+00 7.864602149061859729e-21 6.943012439836199305e-21
5.047542384156257000e+00 3.674219524298667494e-20 6.870789325353442017e-21
5.048207384155828592e+00 5.230494073731047907e-20 5.958352685629043948e-21
5.048872384155400184e+00 3.126916325995513315e-20 6.391732245833019718e-21
5.049537384154971775e+00 4.654232889238800849e-20 5.919399124921532117e-21
5.050202384154543367e+00 2.760434726586524960e-20 6.358790598613105742e-21
5.050867384154114959e+00 4.903190808533997290e-20 5.913542097502006751e-21
5.051532384153686550e+00 5.900044272897652294e-20 5.710564193244956838e-21
5.052197384153258142e+00 4.674633120398498276e-20 6.220897374803439125e-21
5.052862384152829733e+00 -1.391391152480578472e-20 5.941582951211482144e-21
5.053527384152401325e+00 1.859259219700120991e-20 5.720790054119571173e-21
5.054192384151972917e+00 -4.538079558389216232e-21 5.845193351204150616e-21
5.054857384151544508e+00 -5.019288120014445741e-22 5.915085260125444988e-21
5.055522384151116100e+00 3.053462781360870597e-20 6.955515889988056694e-21
5.056187384150687691e+00 5.047774360734409435e-20 5.681788178512699977e-21
5.056852384150259283e+00 6.690924941612900358e-20 5.978320584876880568e-21
5.057517384149830875e+00 3.957939514860231672e-20 5.750989578068920370e-21
5.058182384149402466e+00 4.152180173130276477e-20 5.932526452913995255e-21
5.058847384148974058e+00 2.990776618486064281e-20 6.436872012791851397e-21
5.059512384148545650e+00 4.399247461485027810e-20 5.903335107130761696e-21
5.060177384148117241e+00 -1.120965861113904167e-20 5.796903399147653002e-21
5.060842384147688833e+00 1.842267836087644192e-20 5.816371198550148595e-21
5.061507384147260424e+00 2.306035878597168302e-20 5.725410596388369283e-21
5.062172384146832016e+00 4.017347373314014109e-20 5.975988551482803919e-21
5.062837384146403608e+00 2.817631597746338644e-21 1.140497631832823763e-20
5.063502384145975199e+00 -9.740673779120566173e-22 7.793155375506401854e-21
5.064167384145546791e+00 4.944127284066078383e-20 9.267403198739369109e-21
5.064832384145118382e+00 -9.629066249976482822e-21 6.587065495735927332e-21
5.065497384144689974e+00 2.188120418034457025e-20 5.761983758930819455e-21
5.066162384144261566e+00 -2.003605152705977512e-20 5.856616820435456218e-21
5.066827384143833157e+00 5.858514210148038753e-21 5.819298193227235993e-21
5.067492384143404749e+00 3.889361641419506751e-20 5.631344274343605360e-21
5.068157384142976341e+00 3.509587609161501280e-21 5.630401950968049043e-21
5.068822384142547932e+00 3.780980285122006145e-20 5.526165332645032137e-21
5.069487384142119524e+00 3.712475762368690442e-20 5.673176136056475399e-21
5.070152384141691115e+00 7.667506343984489256e-20 6.096314641222380267e-21
5.070817384141262707e+00 5.267810420955233632e-20 6.283861762002338929e-21
5.071482384140834299e+00 6.451016737020997340e-20 6.132036744019086828e-21
5.072147384140405890e+00 5.219140733678803985e-20 5.345282939704745366e-21
5.072812384139977482e+00 4.873717391049388679e-20 5.921277617554781646e-21
5.073477384139549073e+00 2.924799243865812989e-20 5.573688507802413851e-21
5.074142384139120665e+00 1.758902784685531157e-20 5.695242855554217757e-21
5.074807384138692257e+00 6.633119466182285940e-21 6.422355147295299407e-21
5.075472384138263848e+00 1.818646434238660123e-20 6.770912209529120347e-21
5.076137384137835440e+00 2.863097386436938996e-20 5.816643748820968817e-21
5.076802384137407032e+00 7.918059976018428232e-20 6.785066150674115075e-21
5.077467384136978623e+00 5.016148149701935292e-20 6.885108573434260985e-21
5.078132384136550215e+00 3.662633858194525122e-20 6.161579116350629336e-21
5.078797384136121806e+00 -1.266577100789108289e-20 5.651351318977730112e-21
5.079462384135693398e+00 3.088612282897232911e-22 5.330552914096435658e-21
5.080127384135264990e+00 7.197106821211410776e-20 6.373402661283944811e-21
5.080792384134836581e+00 1.912331764589011115e-20 5.790878268188852530e-21
5.081457384134408173e+00 -1.578264228659038253e-20 5.908432665708307187e-21
5.082122384133979764e+00 2.265029571046749085e-20 5.848282272342903382e-21
5.082787384133551356e+00 1.212221391646920578e-20 5.974098816039584701e-21
5.083452384133122948e+00 3.948954201698866842e-20 5.700403831609352729e-21
5.084117384132694539e+00 1.077012174726717405e-20 5.906952071351437011e-21
5.084782384132266131e+00 -2.325675134795245696e-21 6.747574186493409596e-21
5.085447384131837723e+00 2.156936942842043856e-20 5.992764516756943573e-21
5.086112384131409314e+00 2.297850024441941913e-20 6.228145974750082935e-21
5.086777384130980906e+00 2.217498224051582397e-20 5.874551126577494010e-21
5.087442384130552497e+00 6.329479131415881564e-20 7.479129075611394171e-21
5.088107384130124089e+00 3.544489313685439552e-20 6.292591366266906043e-21
5.088772384129695681e+00 1.779387106576876464e-20 5.874645460213266521e-21
5.089437384129267272e+00 1.430497560496549848e-20 5.879931652329168191e-21
5.090102384128838864e+00 1.575974128093187874e-20 5.489335182348981962e-21
5.090767384128410455e+00 4.064834389264859688e-20 6.412590019359622581e-21
5.091432384127982047e+00 3.837583222076886227e-20 6.257591981770653068e-21
5.092097384127553639e+00 1.150589476969847040e-20 5.560800982683447803e-21
5.092762384127125230e+00 5.454103693591477840e-21 5.473558198929593932e-21
5.093427384126696822e+00 4.600153229440353092e-20 6.374257989618988371e-21
5.094092384126268414e+00 5.005752855070440740e-20 5.756050475871243305e-21
5.094757384125840005e+00 3.818584238907423116e-20 5.687300649987538403e-21
5.095422384125411597e+00 1.961035098096360831e-20 6.764005060059626614e-21
5.096087384124983188e+00 4.717656665082911680e-20 5.396883123942451101e-21
5.096752384124554780e+00 3.188057954291805228e-20 5.496662624846217039e-21
5.097417384124126372e+00 4.627940527798515424e-20 5.387346531466393164e-21
5.098082384123697963e+00 3.448922440664703298e-20 6.264443204148469724e-21
5.098747384123269555e+00 3.542828674743743671e-20 1.113636468937979191e-20
5.099412384122841146e+00 5.302258617914993468e-20 9.280119627951211486e-21
5.100077384122412738e+00 4.712190518451741506e-20 1.098651761295557722e-20
5.100742384121984330e+00 2.984818364144578138e-20 5.996429911626499396e-21
5.101407384121555921e+00 3.169169755673023690e-20 5.871823126300489801e-21
5.102072384121127513e+00 2.790193158597225227e-20 5.983782750134847964e-21
5.102737384120699105e+00 8.338386800905505940e-21 5.963846095265430018e-21
5.103402384120270696e+00 2.594603118633355016e-20 5.962933564098919536e-21
5.104067384119842288e+00 2.647262697026580372e-20 5.646674963448424205e-21
5.104732384119413879e+00 3.557029450060979136e-20 6.075334138422599053e-21
5.105397384118985471e+00 6.110987231546258490e-20 5.852424578719340058e-21
5.106062384118557063e+00 4.728040922817687745e-20 5.850383132927869471e-21
5.106727384118128654e+00 5.395580629002291154e-20 6.037431816345687886e-21
5.107392384117700246e+00 1.534413139140384695e-20 6.391494081169562520e-21
5.108057384117271837e+00 3.856466344781753978e-20 5.545136293713805287e-21
5.108722384116843429e+00 3.659112327788296885e-20 6.181947937807111065e-21
5.109387384116415021e+00 3.299775273091132580e-20 6.037586851289253238e-21
5.110052384115986612e+00 5.318837564195371593e-20 5.879878065121132493e-21
5.110717384115558204e+00 4.091046560975089768e-20 6.003638563091253428e-21
5.111382384115129796e+00 1.383912833788677201e-20 5.653937589583320987e-21
5.112047384114701387e+00 1.347582440685780886e-20 6.065360300104312372e-21
5.112712384114272979e+00 4.591106921417239714e-20 5.946583916865747245e-21
5.113377384113844570e+00 3.131367438724886616e-20 3.824684242346845117e-20
5.114042384113416162e+00 6.541395984912672909e-20 4.591861226219948247e-20
5.114707384112987754e+00 3.401113640386644970e-20 3.502026987761223785e-20
5.115372384112559345e+00 3.726703531469818046e-20 4.593608659819435453e-20
5.116037384112130937e+00 5.039489570349906334e-20 6.329271795582567537e-21
5.116702384111702528e+00 2.136784784381396440e-20 6.123013979891277521e-21
5.117367384111274120e+00 1.279960575557296194e-20 6.147814454338327302e-21
5.118032384110845712e+00 5.077392811532034118e-20 6.898527789670794617e-21
5.118697384110417303e+00 6.177830810775233587e-20 6.084836258796045321e-21
5.119362384109988895e+00 5.771986408546112099e-20 5.508473538961746351e-20
5.120027384109560487e+00 2.892908858725191323e-20 8.124363068091427363e-21
5.120692384109132078e+00 2.639827676698249614e-20 5.849632310362796526e-21
5.121357384108703670e+00 6.585390608299513269e-21 5.978194800671904303e-21
5.122022384108275261e+00 -2.109173351277382898e-21 6.324535543677366397e-21
5.122687384107846853e+00 5.892534364450875898e-20 5.944577115059181450e-21
5.123352384107418445e+00 8.483023857690415198e-20 5.837624551369785008e-21
5.124017384106990036e+00 1.385814018492775259e-20 5.755906372837163067e-21
5.124682384106561628e+00 2.371197056441531682e-20 5.464637258554329106e-21
5.125347384106133219e+00 7.391431499609958254e-20 5.687617432464300301e-21
5.126012384105704811e+00 6.660623119282037684e-20 6.120163823062544865e-21
5.126677384105276403e+00 5.293641189912800328e-20 5.837086941545176234e-21
5.127342384104847994e+00 2.590006726195908483e-20 5.786698432482647605e-21
5.128007384104419586e+00 4.762543973184976773e-20 6.046542947116210462e-21
5.128672384103991178e+00 4.561188384918140125e-20 6.682840978348133602e-21
5.129337384103562769e+00 2.573423376169895026e-20 5.969558083362987782e-21
5.130002384103134361e+00 5.956925601180112477e-20 6.154383667979608397e-21
5.130667384102705952e+00 5.136478767578795904e-20 5.872455903418086788e-21
5.131332384102277544e+00 4.252207428768111444e-20 5.927631628725754340e-21
5.131997384101849136e+00 5.052664353008803692e-20 6.230653344869992218e-21
5.132662384101420727e+00 6.179586198770619110e-20 6.059594201529038160e-21
5.133327384100992319e+00 7.499556702574042690e-20 6.596426743777590198e-21
5.133992384100563910e+00 3.356724055417070875e-20 6.502299675383461040e-21
5.134657384100135502e+00 2.420105373614491228e-20 6.305799123700089672e-21
5.135322384099707094e+00 4.275164882294824692e-20 7.125323464927104934e-21
5.135987384099278685e+00 5.083870607780867017e-20 6.033275697327878006e-21
5.136652384098850277e+00 3.978221006492631978e-20 6.197752804009125950e-21
5.137317384098421869e+00 5.333264692934319886e-20 5.900838801717063566e-21
5.137982384097993460e+00 1.038781371106700844e-19 6.117754042914117036e-21
5.138647384097565052e+00 3.517657672635986468e-20 5.940788284296813940e-21
5.139312384097136643e+00 4.340149904965149225e-20 6.418582451045682914e-21
5.139977384096708235e+00 7.256552093564976924e-20 5.917833471221206543e-21
5.140642384096279827e+00 6.183808495082141087e-20 6.190449272639533977e-21
5.141307384095851418e+00 6.235635830669866127e-20 6.379672925239568444e-21
5.141972384095423010e+00 8.069025881632400547e-20 6.140376803856891971e-21
5.142637384094994601e+00 7.023539664680455841e-20 6.516926373268242102e-21
5.143302384094566193e+00 8.549165114012740457e-20 7.285732084177872917e-21
5.143967384094137785e+00 7.038170931018598596e-20 6.521521469268057571e-21
5.144632384093709376e+00 5.016995232240240628e-20 6.121959769164744837e-21
5.145297384093280968e+00 8.166609499499015424e-20 6.104351608496396834e-21
5.145962384092852560e+00 5.938571652698703240e-20 5.772976692378468120e-21
5.146627384092424151e+00 7.080024643798739340e-20 6.382276442039683279e-21
5.147292384091995743e+00 7.652682865315338885e-20 6.642422236326961615e-21
5.147957384091567334e+00 1.311366204178804654e-19 6.576941384225406201e-21
5.148622384091138926e+00 1.021801523721421354e-19 6.350385159515720168e-21
5.149287384090710518e+00 7.075242829119292510e-20 5.961243846429973123e-21
5.149952384090282109e+00 7.758849361252529428e-20 6.142076870097255492e-21
5.150617384089853701e+00 9.975897422962464589e-20 5.902937270379658863e-21
5.151282384089425292e+00 1.173771616307180189e-19 5.850950759875558351e-21
5.151947384088996884e+00 7.643914906679703100e-20 5.870317683518549029e-21
5.152612384088568476e+00 1.067990774930897576e-19 6.372161283791552602e-21
5.153277384088140067e+00 1.419702068996965920e-19 6.010755445453390893e-21
5.153942384087711659e+00 1.136562107320106481e-19 6.263918677891033888e-21
5.154607384087283251e+00 1.549225544510728334e-19 6.317433397893420271e-21
5.155272384086854842e+00 1.421058108157688249e-19 6.018306263051183244e-21
5.155937384086426434e+00 1.482926638736676670e-19 6.344304379655790194e-21
5.156602384085998025e+00 1.060586374555631985e-19 6.377485749559226825e-21
5.157267384085569617e+00 1.080006704054070419e-19 6.461603962031874363e-21
5.157932384085141209e+00 1.272433911129767099e-19 6.213425416983017097e-21
5.158597384084712800e+00 1.077936930113125366e-19 6.639745498961579098e-21
5.159262384084284392e+00 1.122933605148968706e-19 6.377288324060225024e-21
5.159927384083855983e+00 8.590943478045022743e-20 6.078465291471747937e-21
5.160592384083427575e+00 9.769997362706608652e-20 5.646081352283399754e-21
5.161257384082999167e+00 6.497144229878137923e-20 5.887278544507682162e-21
5.161922384082570758e+00 6.023365632976775746e-20 5.964326238644428087e-21
5.162587384082142350e+00 9.872313217404234293e-20 6.091982032229366795e-21
5.163252384081713942e+00 8.360052935742107171e-20 6.386688752320743608e-21
5.163917384081285533e+00 7.929486866336681311e-20 6.807558036507560647e-21
5.164582384080857125e+00 9.855513805720708115e-20 6.512381885552400728e-21
5.165247384080428716e+00 6.467227455623458274e-20 5.882122900421238396e-21
5.165912384080000308e+00 4.784786406843037639e-20 6.211828514949468995e-21
5.166577384079571900e+00 8.681369813233467924e-20 6.169742095407912694e-21
5.167242384079143491e+00 1.119084069194203596e-19 1.025951251666706717e-20
5.167907384078715083e+00 1.188836742126825256e-19 1.189170032874717001e-20
5.168572384078286674e+00 8.329499460313864109e-20 2.078456301905250993e-20
5.169237384077858266e+00 7.378334762001980804e-20 6.321817583874642990e-21
5.169902384077429858e+00 8.795034973895059324e-20 6.784285343230525887e-21
5.170567384077001449e+00 7.902762824210723623e-20 6.541449932949689429e-21
5.171232384076573041e+00 9.823647468579262937e-20 6.803051843661314569e-21
5.171897384076144633e+00 7.123762779692565172e-20 5.952219122743242202e-21
5.172562384075716224e+00 3.847501961962955677e-20 6.197005103372775661e-21
5.173227384075287816e+00 1.720991414880303451e-20 6.161163321294489523e-21
5.173892384074859407e+00 -9.458585102147687175e-21 5.916921845823606149e-21
5.174557384074430999e+00 -8.610894406063847836e-21 5.991381176422381033e-21
5.175222384074002591e+00 3.142312070587199285e-20 5.937606433386730215e-21
5.175887384073574182e+00 2.475965187710625688e-20 5.890908782751774041e-21
5.176552384073145774e+00 5.450323642324603358e-20 6.188823350113655497e-21
5.177217384072717365e+00 9.390208029197681672e-20 6.881135624373769998e-21
5.177882384072288957e+00 2.359907312912590960e-20 6.253214167322944431e-21
5.178547384071860549e+00 1.549717095763905614e-20 6.429796927027330877e-21
5.179212384071432140e+00 2.317146456184482457e-20 6.295186583085083254e-21
5.179877384071003732e+00 3.241790908383577687e-20 5.881597532714788134e-21
5.180542384070575324e+00 9.209261318453360301e-20 5.741232636061301413e-21
5.181207384070146915e+00 3.524123642409690457e-20 6.241184777548502507e-21
5.181872384069718507e+00 2.119067368995044064e-20 6.026091021961468322e-21
5.182537384069290098e+00 3.117022396709310689e-20 6.170568452407478731e-21
5.183202384068861690e+00 8.787557048860719329e-21 7.263965081810429750e-21
5.183867384068433282e+00 1.355849112702808302e-20 1.279811675345842157e-20
5.184532384068004873e+00 2.234862021344661888e-20 1.146904005135857105e-20
5.185197384067576465e+00 3.166922194075745825e-20 7.554025716500588231e-21
5.185862384067148056e+00 -1.165656534156461461e-20 6.213437130692195940e-21
5.186527384066719648e+00 3.197906422103920621e-20 6.534839542792716095e-21
5.187192384066291240e+00 1.758425881763176387e-20 5.900306717660765640e-21
5.187857384065862831e+00 2.573118728659341445e-20 6.701906921223359337e-21
5.188522384065434423e+00 3.754943213995618464e-20 6.286238320404735202e-21
5.189187384065006015e+00 3.784542889675462947e-20 6.251286277806207485e-21
5.189852384064577606e+00 3.665034885134524378e-20 5.572447049853843064e-21
5.190517384064149198e+00 6.364092050781145437e-21 6.195968794592313522e-21
5.191182384063720789e+00 6.711905365786669984e-21 6.384359549455327904e-21
5.191847384063292381e+00 2.608911448315248877e-20 6.910912586490653181e-21
5.192512384062863973e+00 -9.763558158713186164e-21 6.377241068692066826e-21
5.193177384062435564e+00 2.365178956170168456e-20 5.781265098329400036e-21
5.193842384062007156e+00 8.467941998349865566e-20 6.290778566837517630e-21
5.194507384061578747e+00 5.342261654754291592e-20 6.792372570417240539e-21
5.195172384061150339e+00 2.000080229303067666e-20 7.381352278338716025e-21
5.195837384060721931e+00 1.722058103061022922e-20 6.257354658351026534e-21
5.196502384060293522e+00 6.396079406127315991e-20 5.910939315371156404e-21
5.197167384059865114e+00 4.556946482084482711e-20 6.170303311630066887e-21
5.197832384059436706e+00 5.635615028161035016e-20 5.817724051748117183e-21
5.198497384059008297e+00 2.152622928818749183e-20 5.923491952235686357e-21
5.199162384058579889e+00 -6.750612200333525425e-21 5.905987748524552006e-21
5.199827384058151480e+00 1.853554366219607763e-20 6.267517525195332657e-21
5.200492384057723072e+00 2.835054738836978328e-20 7.110196742446643788e-21
5.201157384057294664e+00 1.475896622915379475e-20 6.777102798225028688e-21
5.201822384056866255e+00 4.990644007532583680e-20 6.453875985233640296e-21
5.202487384056437847e+00 2.519415201867117024e-20 5.886463091040715468e-21
5.203152384056009438e+00 -1.401386341166743081e-21 6.227746555135803378e-21
5.203817384055581030e+00 -4.214139576114426146e-20 6.244674977898822759e-21
5.204482384055152622e+00 4.327953328148419516e-20 6.124280288717010652e-21
5.205147384054724213e+00 7.340539196508753541e-20 6.467366043184624423e-21
5.205812384054295805e+00 3.663394119916150432e-20 6.449646551760436739e-21
5.206477384053867397e+00 3.164311171757050704e-20 7.418170650158195102e-21
5.207142384053438988e+00 -6.653967733048529503e-21 6.129466061778003551e-21
5.207807384053010580e+00 -1.301899995115630129e-20 5.794619644820580282e-21
5.208472384052582171e+00 3.056238923901777104e-20 6.536528791118882354e-21
5.209137384052153763e+00 6.423748651116409657e-21 6.243875466309241432e-21
5.209802384051725355e+00 3.970580038278288521e-20 5.749570772335105415e-21
5.210467384051296946e+00 3.348603430533447360e-20 6.356644107505753474e-21
5.211132384050868538e+00 1.182279798564576290e-20 8.680399096170428585e-21
5.211797384050440129e+00 2.087476864446076818e-20 7.980274218422253510e-21
5.212462384050011721e+00 6.516661387302835612e-20 1.058938479721530074e-20
5.213127384049583313e+00 6.153586604576148879e-21 7.457361737462121690e-21
5.213792384049154904e+00 9.109952478357030004e-23 8.991205714116481513e-21
5.214457384048726496e+00 5.983522962844202548e-21 6.331041215872426955e-21
5.215122384048298088e+00 6.018331538457706382e-20 6.111322415548514709e-21
5.215787384047869679e+00 7.284027201763861910e-20 6.743446373941852544e-21
5.216452384047441271e+00 8.387551973853379247e-20 6.265272123107967240e-21
5.217117384047012862e+00 4.115614672680974882e-20 6.009789055529039755e-21
5.217782384046584454e+00 1.496284718097699992e-20 6.532885125285777456e-21
5.218447384046156046e+00 2.588704169383415226e-20 7.148106506997645458e-21
5.219112384045727637e+00 5.228117084775048177e-20 6.471704247210420521e-21
5.219777384045299229e+00 6.810569028754923467e-20 6.282190691796052497e-21
5.220442384044870821e+00 2.967066523336601852e-20 6.452154622905982673e-21
5.221107384044442412e+00 -1.509031111010145651e-20 6.626472044404619172e-21
5.221772384044014004e+00 2.060109859586545852e-20 6.881763648306619121e-21
5.222437384043585595e+00 2.131794278366361095e-20 6.242350448404917208e-21
5.223102384043157187e+00 4.999180826822926203e-20 5.856974429049193177e-21
5.223767384042728779e+00 6.450590698009056732e-20 6.032442381512938435e-21
5.224432384042300370e+00 6.508010785454153058e-21 6.851541263321812981e-21
5.225097384041871962e+00 2.541500547312583105e-20 6.500926992429606642e-21
5.225762384041443553e+00 -2.433666659116325646e-20 6.371354266916286926e-21
5.226427384041015145e+00 -3.119135382819531068e-20 6.397643704908637518e-21
5.227092384040586737e+00 8.819776552442610411e-21 6.887635383923971343e-21
5.227757384040158328e+00 2.504120461846943949e-20 6.454200531574863164e-21
5.228422384039729920e+00 1.216031519575498828e-20 6.599396645434648569e-21
5.229087384039301512e+00 8.560995919356315404e-20 6.212368813383834208e-21
5.229752384038873103e+00 8.048008903149919038e-21 6.135182348412837928e-21
5.230417384038444695e+00 4.153569472598891954e-20 6.378275631933883709e-21
5.231082384038016286e+00 4.783270716827131293e-20 6.497658825313389108e-21
5.231747384037587878e+00 3.413029438560910703e-20 6.923417025020099793e-21
5.232412384037159470e+00 5.714553568309149701e-20 6.393133400273909456e-21
5.233077384036731061e+00 7.391254755267028830e-20 6.132183539505546454e-21
5.233742384036302653e+00 6.322852188752861735e-21 6.814837206598643828e-21
5.234407384035874244e+00 2.487765705715235112e-20 6.461529980540794700e-21
5.235072384035445836e+00 9.723031328346057275e-21 6.168033804002964414e-21
5.235737384035017428e+00 2.729264949918870028e-20 6.358416239758436751e-21
5.236402384034589019e+00 6.942667927764627123e-20 6.587104416383026290e-21
5.237067384034160611e+00 7.006964003602544899e-20 6.488709603665216844e-21
5.237732384033732203e+00 3.809522033368923206e-20 8.402819462999183693e-21
5.238397384033303794e+00 3.811279171542672243e-20 7.534815735745757845e-21
5.239062384032875386e+00 -3.131032391974051206e-20 7.035136480765937907e-21
5.239727384032446977e+00 -1.284190394717128250e-20 6.498565452811644119e-21
5.240392384032018569e+00 9.228366010581634671e-21 8.157587608313576033e-21
5.241057384031590161e+00 6.041125254437396872e-21 7.119651239707188632e-21
5.241722384031161752e+00 -1.949362315605508577e-20 6.598145074144518901e-21
5.242387384030733344e+00 2.934866108295569720e-20 6.322574203686450457e-21
5.243052384030304935e+00 4.998947833503471237e-20 6.568490182494540972e-21
5.243717384029876527e+00 4.091403787751127695e-20 6.375133631411146604e-21
5.244382384029448119e+00 5.375096246554194518e-20 6.227544624238404169e-21
5.245047384029019710e+00 2.714540933410209837e-20 6.363109189371218890e-21
5.245712384028591302e+00 3.503365238456724059e-20 6.351956254277156352e-21
5.246377384028162894e+00 1.814845349347404828e-20 6.404624789948094151e-21
5.247042384027734485e+00 5.186771225565009663e-20 6.392979909295102225e-21
5.247707384027306077e+00 2.976109038544629190e-20 6.706862559994432798e-21
5.248372384026877668e+00 1.520324408461645167e-20 6.673245439004277615e-21
5.249037384026449260e+00 2.663577068461462911e-20 6.686963053763475360e-21
5.249702384026020852e+00 -1.121405626335636216e-20 6.864496590490346742e-21
5.250367384025592443e+00 4.931394396561620313e-20 9.255297896224598981e-21
5.251032384025164035e+00 7.221616322563500869e-20 1.581632149933317512e-20
5.251697384024735626e+00 2.794376582056184474e-20 2.382866862201358900e-20
5.252362384024307218e+00 -4.356565272904658893e-20 1.836565241951609054e-20
5.253027384023878810e+00 2.754148952329788970e-20 6.592463246711332585e-21
5.253692384023450401e+00 -8.025891924773310266e-21 6.662267458423210927e-21
5.254357384023021993e+00 -2.950175453279536788e-20 7.410758728596678287e-21
5.255022384022593585e+00 2.861466592935945463e-21 7.149287439888538315e-21
5.255687384022165176e+00 -2.781941160445364097e-20 6.587811193003120151e-21
5.256352384021736768e+00 3.396846849312226974e-20 7.116974853039774769e-21
5.257017384021308359e+00 2.607640090023531217e-20 6.841973664059857744e-21
5.257682384020879951e+00 2.003239739514631973e-20 6.429283324104120654e-21
5.258347384020451543e+00 5.502141933098006909e-20 6.725503172758109723e-21
5.259012384020023134e+00 3.744444236386704663e-20 6.842585565745274555e-21
5.259677384019594726e+00 4.205744487656915166e-20 6.907244760638561445e-21
5.260342384019166317e+00 5.642156622994289034e-20 6.837505599377213932e-21
5.261007384018737909e+00 3.269274040927384254e-20 6.803212123692943149e-21
5.261672384018309501e+00 4.885873921393684163e-20 6.989784671871161623e-21
5.262337384017881092e+00 4.250090711699714645e-20 6.592696946296335356e-21
5.263002384017452684e+00 2.685013861058148118e-20 6.046797116318205413e-21
5.263667384017024276e+00 1.318034913825204889e-20 6.869680922554537683e-21
5.264332384016595867e+00 7.663694542648570465e-20 7.229557542867779828e-21
5.264997384016167459e+00 2.694866192286256167e-20 6.441456050217177303e-21
5.265662384015739050e+00 1.328923755273452581e-20 6.686376788476702769e-21
5.266327384015310642e+00 3.206758031766325475e-20 6.344936671922397702e-21
5.266992384014882234e+00 2.066195496823722222e-20 6.564725355324805559e-21
5.267657384014453825e+00 1.201525869964931692e-20 6.476494439233511414e-21
5.268322384014025417e+00 1.314406194721779625e-21 7.061671368366435928e-21
5.268987384013597008e+00 3.178111024436593672e-20 6.203151295097102651e-21
5.269652384013168600e+00 4.841168814396300579e-20 1.005425389388894305e-20
5.270317384012740192e+00 -4.720933222302566821e-20 1.128882936290731271e-20
