Wavelength_um Flux Err
2.870332385558867827e+00 -3.036864473719140162e-21 1.468654756955233116e-21
2.870997385558439419e+00 -2.781956186982790286e-21 8.191008343282602197e-22
2.871662385558011010e+00 -5.855944329143027374e-22 8.021330687329887091e-22
2.872327385557582602e+00 -9.145398347281200749e-22 1.521974420695488075e-21
2.872992385557154194e+00 -1.210001435377427231e-21 1.508155150492285624e-21
2.873657385556725785e+00 1.123002818278665777e-21 9.097129433854173911e-22
2.874322385556297377e+00 -1.952767006490082750e-21 9.208118406495306852e-22
2.874987385555868968e+00 -2.724299960070803612e-22 1.343966463252358667e-21
2.875652385555440560e+00 1.029770239878088592e-21 1.019686468522040047e-21
2.876317385555012152e+00 -5.079306636840523057e-21 1.559967003868320113e-21
2.876982385554583743e+00 -2.175011634252034652e-21 1.135144477888372025e-21
2.877647385554155335e+00 -3.782972436365079633e-21 1.196531201676579884e-21
2.878312385553726926e+00 -3.027058569371130858e-21 9.494122632977681866e-22
2.878977385553298518e+00 -4.549969373036091388e-21 1.235015562650054765e-21
2.879642385552870110e+00 1.620675671358669880e-21 1.118113687777180444e-21
2.880307385552441701e+00 1.634189719873839476e-21 9.161038798779367970e-22
2.880972385552013293e+00 8.276319785472385406e-22 1.174628984878776996e-21
2.881637385551584885e+00 2.060021900610141085e-21 1.156109953833417755e-21
2.882302385551156476e+00 1.488394658228182410e-21 8.548892947416528968e-22
2.882967385550728068e+00 2.660574426631134790e-21 8.949779992631110380e-22
2.883632385550299659e+00 2.383980115225033059e-21 9.554845631309012192e-22
2.884297385549871251e+00 2.626067659999550198e-21 8.224037808426778534e-22
2.884962385549442843e+00 2.005448949129738114e-21 8.189627577638191461e-22
2.885627385549014434e+00 1.637173829095206707e-21 1.162736517972447534e-21
2.886292385548586026e+00 8.910980566959314162e-22 1.282144269341057522e-21
2.886957385548157617e+00 1.527756143849344260e-21 1.539405895919820646e-21
2.887622385547729209e+00 -3.255197708262422768e-21 2.168635487900704787e-21
2.888287385547300801e+00 -1.537524233398903765e-22 1.134828105469871372e-21
2.888952385546872392e+00 -2.077258381422047859e-21 8.188808508459151112e-22
2.889617385546443984e+00 -3.221370054844830635e-22 9.580499845754199302e-22
2.890282385546015576e+00 -7.471360455361150693e-22 1.492623526714868695e-21
2.890947385545587167e+00 -1.199088331906132127e-21 1.173430733856791506e-21
2.891612385545158759e+00 1.026468089208534465e-21 1.281076267517218822e-21
2.892277385544730350e+00 2.864004290193221572e-21 1.770682000163042452e-21
2.892942385544301942e+00 -2.031354421721040543e-21 1.036994077663185907e-21
2.893607385543873534e+00 2.312402056880730925e-21 8.791894170793850691e-22
2.894272385543445125e+00 1.869848945637003291e-21 7.292656719902424817e-22
2.894937385543016717e+00 -7.312556530890352116e-22 6.272238944440614075e-22
2.895602385542588308e+00 1.555342331702865093e-22 7.131664706871298946e-22
2.896267385542159900e+00 -2.882811873884806874e-21 1.130698186976589216e-21
2.896932385541731492e+00 -9.235175645569631225e-23 1.324830275354059322e-21
2.897597385541303083e+00 8.558600920278610085e-23 1.127130923617172837e-21
2.898262385540874675e+00 9.807392101569398008e-22 6.995097826310323222e-22
2.898927385540446267e+00 8.247107236686332825e-22 1.092602208484216572e-21
2.899592385540017858e+00 -9.643590573479426539e-23 1.268791234053659561e-21
2.900257385539589450e+00 -2.280873590304582578e-22 9.384425342110914983e-22
2.900922385539161041e+00 -4.898554052676448610e-21 1.174428745281428553e-21
2.901587385538732633e+00 -6.162263825204834450e-22 8.212720525812198267e-22
2.902252385538304225e+00 1.304537049535921535e-21 8.769884216406270976e-22
2.902917385537875816e+00 1.237295096049228938e-22 8.868694292339636270e-22
2.903582385537447408e+00 -9.066868397285688056e-22 8.551475828891514495e-22
2.904247385537018999e+00 -3.142038085116670623e-21 9.179263189605367980e-22
2.904912385536590591e+00 -6.568867563139465651e-22 9.264337300993769395e-22
2.905577385536162183e+00 -7.253089786105473350e-22 7.447504212338970848e-22
2.906242385535733774e+00 -1.829525420967712508e-21 7.721846160367203695e-22
2.906907385535305366e+00 -1.666634921069323059e-21 1.025126978430347130e-21
2.907572385534876958e+00 -6.830345857421308576e-22 8.960358721267766568e-22
2.908237385534448549e+00 -6.039975082418218017e-22 1.071683482697774413e-21
2.908902385534020141e+00 -2.662139972834076203e-21 9.828030190229446382e-22
2.909567385533591732e+00 -1.894949838030720827e-21 9.947506695058912071e-22
2.910232385533163324e+00 1.885702760277631658e-21 7.485463463911595287e-22
2.910897385532734916e+00 -4.365312451131464446e-22 7.980304991036651084e-22
2.911562385532306507e+00 -1.676463415913171468e-21 1.076412614502640800e-21
2.912227385531878099e+00 3.915503540382360906e-21 1.163577099048634516e-21
2.912892385531449690e+00 -1.057279268909012272e-21 7.835481895366718776e-22
2.913557385531021282e+00 -6.463200546463485974e-22 8.831821492574148744e-22
2.914222385530592874e+00 1.576083116551818181e-21 6.486584864314243607e-22
2.914887385530164465e+00 1.153784352623781895e-22 6.764456650033716077e-22
2.915552385529736057e+00 1.811111993517981051e-21 9.493838485840183480e-22
2.916217385529307649e+00 -7.060859832809508192e-22 6.179568394742134647e-22
2.916882385528879240e+00 -2.625452965484009889e-22 9.484923382217738413e-22
2.917547385528450832e+00 -1.552232355234533851e-21 1.022185308469847587e-21
2.918212385528022423e+00 9.047102743359357213e-22 7.523318926978486529e-22
2.918877385527594015e+00 1.954591131204986646e-22 6.461109585819824897e-22
2.919542385527165607e+00 1.766817276494984792e-22 7.344192733816582045e-22
2.920207385526737198e+00 -1.695705706258061226e-21 9.691095720846007041e-22
2.920872385526308790e+00 -4.601732937172631566e-22 8.910187316500310050e-22
2.921537385525880381e+00 -1.649437971389986565e-21 9.121989685798652626e-22
2.922202385525451973e+00 -4.321864237611980486e-22 7.956549579633971440e-22
2.922867385525023565e+00 -1.466304175802264515e-21 1.350286794680839130e-21
2.923532385524595156e+00 1.926111649155213883e-21 1.412716636483553401e-21
2.924197385524166748e+00 3.522515272073925023e-21 6.693250691713176558e-22
2.924862385523738340e+00 1.284682075298971489e-21 1.060039697042061257e-21
2.925527385523309931e+00 -7.773212439485709465e-22 1.049330647888559155e-21
2.926192385522881523e+00 5.277999765199255156e-22 1.094800291431774745e-21
2.926857385522453114e+00 2.018667752354480872e-22 1.053852460435924859e-21
2.927522385522024706e+00 8.475816704870744866e-22 1.089975561214497390e-21
2.928187385521596298e+00 -8.596633774771393298e-22 1.080607390938742873e-21
2.928852385521167889e+00 9.912265176199990978e-22 1.167223497495949143e-21
2.929517385520739481e+00 -2.334049873025803001e-21 8.142384963267211393e-22
2.930182385520311072e+00 -3.510929669684343222e-22 1.395103160885659901e-21
2.930847385519882664e+00 2.112332002860982538e-21 1.380945610785117884e-21
2.931512385519454256e+00 3.041247467401013752e-23 1.081672694421207201e-21
2.932177385519025847e+00 -1.107594749920098583e-21 1.095674620305665921e-21
2.932842385518597439e+00 -7.618321149632805322e-22 7.633706375714917475e-22
2.933507385518169031e+00 1.652335064461136880e-21 7.293173312042704723e-22
2.934172385517740622e+00 5.289971348645047550e-22 9.932010530153923883e-22
2.934837385517312214e+00 2.034888870871086285e-21 1.185226187396190939e-21
2.935502385516883805e+00 1.361288850000314674e-21 7.830362895689033109e-22
2.936167385516455397e+00 -6.516761148852446855e-22 5.925342333271338827e-22
2.936832385516026989e+00 -8.837732522914273230e-22 8.376554356556026361e-22
2.937497385515598580e+00 6.265577748517104338e-22 6.486458708755522299e-22
2.938162385515170172e+00 -2.035352753000029637e-22 8.333737070090873495e-22
2.938827385514741763e+00 1.161270182597254770e-21 6.222208416683179584e-22
2.939492385514313355e+00 7.100572320327439823e-22 6.583854036622945721e-22
2.940157385513884947e+00 -7.248022282243265395e-22 8.218791279935117728e-22
2.940822385513456538e+00 -5.519569129019780259e-22 6.502172811317770848e-22
2.941487385513028130e+00 9.814391456057087756e-22 1.041465138083025954e-21
2.942152385512599722e+00 2.675061442841924807e-21 1.038675523013132217e-21
2.942817385512171313e+00 2.323201899718339951e-22 5.616601274826036716e-22
2.943482385511742905e+00 2.662025261212412336e-21 6.308540144178508072e-22
2.944147385511314496e+00 7.078837234963042997e-22 1.040556006107471671e-21
2.944812385510886088e+00 6.225665000926723426e-22 8.692546171860507297e-22
2.945477385510457680e+00 2.134829214486207585e-21 5.779636316187471823e-22
2.946142385510029271e+00 6.981939171027900011e-22 9.042554226623456840e-22
2.946807385509600863e+00 -3.328085678995622361e-21 9.112159673720695098e-22
2.947472385509172454e+00 -2.000769927583260030e-21 7.776622694213454261e-22
2.948137385508744046e+00 2.140373378783816136e-21 5.670484261588855113e-22
2.948802385508315638e+00 2.408691237211531205e-21 1.015773698877316077e-21
2.949467385507887229e+00 3.666461875251598863e-21 9.217631839110328442e-22
2.950132385507458821e+00 1.546400273845434717e-21 8.640771587100115001e-22
2.950797385507030413e+00 9.029221183311572123e-22 8.435256604082759857e-22
2.951462385506602004e+00 5.312394027412031827e-22 7.978131848692025122e-22
2.952127385506173596e+00 -4.488639205641176208e-22 8.055844205544855579e-22
2.952792385505745187e+00 2.720853444994647395e-21 1.094223778818494669e-21
2.953457385505316779e+00 -4.033408774797842567e-22 8.840602916824096414e-22
2.954122385504888371e+00 9.533698204994760804e-23 7.089680551321776594e-22
2.954787385504459962e+00 1.187460225300650451e-21 7.438796434318613154e-22
2.955452385504031554e+00 -4.145846857751467512e-22 8.460444756832326849e-22
2.956117385503603145e+00 1.406005682529056516e-21 1.274816990338473618e-21
2.956782385503174737e+00 1.436351542730794746e-21 8.814182200528992759e-22
2.957447385502746329e+00 -8.456023137384546823e-23 6.869701638033995358e-22
2.958112385502317920e+00 -2.922385420497967165e-21 9.100725431452874007e-22
2.958777385501889512e+00 1.246883403243643259e-21 7.605172074378234091e-22
2.959442385501461104e+00 1.904939774672547830e-21 1.091394758409772419e-21
2.960107385501032695e+00 3.824351943255262583e-21 6.692622316071125377e-22
2.960772385500604287e+00 2.290891018664940379e-21 9.387752977179406816e-22
2.961437385500175878e+00 4.872157659075380156e-22 6.831651036479654052e-22
2.962102385499747470e+00 2.185378985818728446e-21 8.910455097407123042e-22
2.962767385499319062e+00 -3.214153124526720260e-21 1.079357080821201779e-21
2.963432385498890653e+00 -8.820988002222110513e-22 5.891393580755957269e-22
2.964097385498462245e+00 -2.118114802441797482e-21 5.572969358761141569e-22
2.964762385498033836e+00 -6.883611730415755455e-22 1.192194198687482767e-21
2.965427385497605428e+00 1.629414554934516775e-22 1.171411375744989006e-21
2.966092385497177020e+00 1.344345261038027803e-21 7.021849379634718132e-22
2.966757385496748611e+00 2.133786225067229210e-21 1.029791113487467294e-21
2.967422385496320203e+00 2.916278224913546571e-22 9.206514123334098098e-22
2.968087385495891795e+00 3.594745200366051148e-21 7.147289115999849089e-22
2.968752385495463386e+00 -5.618369531266451453e-22 1.008714338587171687e-21
2.969417385495034978e+00 7.400462112225875946e-22 7.340462455552262691e-22
2.970082385494606569e+00 -1.463435816802444225e-21 7.891043580113382573e-22
2.970747385494178161e+00 -1.229706933801895858e-21 8.079266517594422708e-22
2.971412385493749753e+00 -5.328556531615976760e-22 8.679982145653631255e-22
2.972077385493321344e+00 -1.639137656973712087e-21 8.238715323631751429e-22
2.972742385492892936e+00 4.997638442202213594e-22 8.013243425726682270e-22
2.973407385492464527e+00 -2.726516378415659529e-22 7.753854882393705699e-22
2.974072385492036119e+00 3.520804385316587399e-23 7.686548201298267540e-22
2.974737385491607711e+00 1.329493731460329360e-21 7.056005106451634990e-22
2.975402385491179302e+00 -8.524706638522832908e-22 7.630739282633713350e-22
2.976067385490750894e+00 -1.008704109153857111e-21 7.274071742490641629e-22
2.976732385490322486e+00 -1.891067111444658170e-22 9.184391097387339592e-22
2.977397385489894077e+00 5.645141884934786737e-22 9.325724862361584951e-22
2.978062385489465669e+00 -5.748635092835541970e-22 8.007550631376276917e-22
2.978727385489037260e+00 -2.104155753721880684e-21 6.508933141258923991e-22
2.979392385488608852e+00 -2.170068380481184406e-21 6.715881705208703943e-22
2.980057385488180444e+00 -2.343544800885263470e-21 8.673052506172470752e-22
2.980722385487752035e+00 -7.178028530315371307e-22 1.073529573576531051e-21
2.981387385487323627e+00 7.994409699956604083e-22 8.018890546893942018e-22
2.982052385486895218e+00 -3.707186072473630310e-22 5.951710161428451538e-22
2.982717385486466810e+00 -1.926160200703257672e-21 1.073140846719002834e-21
2.983382385486038402e+00 -3.660038645450164625e-22 8.759711920476361222e-22
2.984047385485609993e+00 1.403045319887582723e-21 8.091056696050318983e-22
2.984712385485181585e+00 1.514159162953137839e-21 7.802927954467746704e-22
2.985377385484753177e+00 1.273235557725499116e-21 8.136322863503926042e-22
2.986042385484324768e+00 1.364426786004939287e-21 6.867750224508414817e-22
2.986707385483896360e+00 3.145228858350510963e-22 1.201051598711799465e-21
2.987372385483467951e+00 -1.158925043787387157e-21 8.173803658307825150e-22
2.988037385483039543e+00 1.390434478333601007e-21 7.390616586310256339e-22
2.988702385482611135e+00 4.956919138567927158e-22 6.666001365618079853e-22
2.989367385482182726e+00 3.243695728305801189e-22 1.190518305330279163e-21
2.990032385481754318e+00 2.953767812024821791e-22 9.460494727506984250e-22
2.990697385481325909e+00 4.345132834928408401e-21 7.498052319826987972e-22
2.991362385480897501e+00 -2.015022259950516554e-22 1.168945850190360945e-21
2.992027385480469093e+00 -1.949214993536278336e-21 8.258370675320856090e-22
2.992692385480040684e+00 -3.211116605658122335e-21 7.567048659988776715e-22
2.993357385479612276e+00 -1.847914310564666693e-21 7.160497421751178334e-22
2.994022385479183868e+00 8.633559763430741919e-22 5.498817263132486386e-22
2.994687385478755459e+00 -1.119227582463954203e-21 8.558948194707993422e-22
2.995352385478327051e+00 1.164297829759469257e-21 8.048243650848236016e-22
2.996017385477898642e+00 2.797368372573971151e-21 7.039166502714660497e-22
2.996682385477470234e+00 -2.627184732506470045e-21 6.949611054575373070e-22
2.997347385477041826e+00 -6.252231788339972879e-22 7.076007975503437071e-22
2.998012385476613417e+00 -2.419788606042054895e-21 5.694307968188256365e-22
2.998677385476185009e+00 -2.455999777366260474e-21 1.227100037289995689e-21
2.999342385475756600e+00 2.593063441875266549e-22 6.450329971119600795e-22
3.000007385475328192e+00 -1.345526271337619226e-21 6.102656526957302968e-22
3.000672385474899784e+00 1.393364450421897807e-21 8.207837622014059912e-22
3.001337385474471375e+00 -1.030242018794282564e-22 7.239277832199915163e-22
3.002002385474042967e+00 -3.119553112608571993e-22 1.120254474663215306e-21
3.002667385473614559e+00 1.130017191832337852e-21 6.758580856421886907e-22
3.003332385473186150e+00 1.596535442639534717e-21 5.562016505211428164e-22
3.003997385472757742e+00 -2.576461572848635659e-21 9.361719175941666065e-22
3.004662385472329333e+00 2.698733249098691727e-22 6.835794421306693480e-22
3.005327385471900925e+00 5.017201135965768191e-23 6.102703628576418378e-22
3.005992385471472517e+00 1.595592015596422475e-22 6.179021133587484729e-22
3.006657385471044108e+00 -8.033247886649863233e-22 1.142082948266261474e-21
3.007322385470615700e+00 -7.543934628799649390e-22 8.862220501282120122e-22
3.007987385470187292e+00 -1.054632286613119090e-21 7.744562730503393463e-22
3.008652385469758883e+00 8.105746014199151773e-22 7.212255473927179776e-22
3.009317385469330475e+00 9.184337327743219740e-22 7.027233437173570951e-22
3.009982385468902066e+00 1.880915953805868505e-21 5.953494949055615974e-22
3.010647385468473658e+00 3.247571433789475396e-21 7.123695238475201189e-22
3.011312385468045250e+00 -1.187875317104128595e-21 6.396796564542373967e-22
3.011977385467616841e+00 -2.897994320820778950e-21 8.013164469144276687e-22
3.012642385467188433e+00 -2.320192999362380783e-21 8.663633462673009364e-22
3.013307385466760024e+00 -2.559034385446245654e-21 7.194903987518737827e-22
3.013972385466331616e+00 -6.814713538632297933e-22 7.700304562920775470e-22
3.014637385465903208e+00 -2.648532403196756608e-21 8.074867722291592763e-22
3.015302385465474799e+00 1.216925135696127713e-22 5.765362338696784736e-22
3.015967385465046391e+00 2.480394853478151962e-21 5.878510801166251252e-22
3.016632385464617983e+00 9.363461338168481826e-22 7.970039287955341254e-22
3.017297385464189574e+00 2.480643311091688838e-22 8.689256887771288134e-22
3.017962385463761166e+00 -3.425514917887544355e-22 9.052156511495878606e-22
3.018627385463332757e+00 2.858938774433014087e-21 1.023890666882259137e-21
3.019292385462904349e+00 1.953213674074305126e-21 7.096065210358261023e-22
3.019957385462475941e+00 7.633621131485589954e-22 7.184286884072967436e-22
3.020622385462047532e+00 1.291667246588558017e-22 8.996891644621641407e-22
3.021287385461619124e+00 2.590126218965513187e-22 9.143161394452431761e-22
3.021952385461190715e+00 5.711199897241322056e-22 6.867674215692507852e-22
3.022617385460762307e+00 -2.137840724253157004e-22 9.699095769714442990e-22
3.023282385460333899e+00 -2.581720962600854820e-21 7.077670419548612986e-22
3.023947385459905490e+00 -1.969422186606292674e-21 7.404535936375004434e-22
3.024612385459477082e+00 6.540179893270139477e-22 8.929400843712926421e-22
3.025277385459048674e+00 8.357322545930812929e-22 8.772885985899866289e-22
3.025942385458620265e+00 -7.823769438404949244e-22 7.273788060812354877e-22
3.026607385458191857e+00 -2.231094490322169313e-21 7.299138508028223237e-22
3.027272385457763448e+00 6.877420433305137045e-22 8.134096673763757443e-22
3.027937385457335040e+00 -1.098991209022712545e-21 7.658529206755918583e-22
3.028602385456906632e+00 4.505513369210016368e-22 8.389947605557359219e-22
3.029267385456478223e+00 1.195965097496270767e-21 9.228302161029780037e-22
3.029932385456049815e+00 -9.225568560038063523e-22 6.458714881699820557e-22
3.030597385455621406e+00 2.729717618002018392e-22 6.824903654911738667e-22
3.031262385455192998e+00 2.385840033739697182e-22 1.051830578863671340e-21
3.031927385454764590e+00 -2.074386842187400545e-21 7.111944882535327639e-22
3.032592385454336181e+00 -8.956047902266878108e-22 9.990432720324456664e-22
3.033257385453907773e+00 3.402111529156278159e-21 8.416920298469871910e-22
3.033922385453479365e+00 1.073439821856713938e-21 7.945192631557823675e-22
3.034587385453050956e+00 -1.816701446243673296e-22 7.831195696296776156e-22
3.035252385452622548e+00 6.003425830965325308e-22 8.445357654403650462e-22
3.035917385452194139e+00 1.070486744644417802e-21 9.085155109696547993e-22
3.036582385451765731e+00 -5.369773959345509608e-23 7.543916249695748502e-22
3.037247385451337323e+00 -1.674870861092259252e-21 7.218767732042791594e-22
3.037912385450908914e+00 9.870323333128634223e-22 5.851531007479194103e-22
3.038577385450480506e+00 1.728147145325721096e-21 6.672045602948096388e-22
3.039242385450052097e+00 -2.504832232677981475e-23 7.102960652582172097e-22
3.039907385449623689e+00 7.508867098913021522e-22 7.011830388865628187e-22
3.040572385449195281e+00 9.007066174043581434e-22 6.839100609973512388e-22
3.041237385448766872e+00 -6.173306730837803757e-22 7.200939396577633108e-22
3.041902385448338464e+00 1.027579474122935968e-21 5.692929384873104943e-22
3.042567385447910056e+00 -6.604678802930177732e-22 6.951107293355375841e-22
3.043232385447481647e+00 -2.464270974711967751e-21 7.474944035501316708e-22
3.043897385447053239e+00 -3.403021975672719081e-22 6.771613777507486863e-22
3.044562385446624830e+00 2.539195826959800746e-21 6.356635575142514087e-22
3.045227385446196422e+00 3.117800912561619894e-22 7.370749795049583642e-22
3.045892385445768014e+00 -3.304310426294211417e-22 8.464284110844566059e-22
3.046557385445339605e+00 1.769053593004180788e-21 7.755112993662766044e-22
3.047222385444911197e+00 -2.927890277689311548e-22 6.711706964630828565e-22
3.047887385444482788e+00 -9.709476797918116029e-22 6.535205605076989360e-22
3.048552385444054380e+00 -3.956692485839683687e-22 7.781404984159716494e-22
3.049217385443625972e+00 1.111268744357332034e-21 6.294262550052529488e-22
3.049882385443197563e+00 3.329293900787208722e-21 7.052809736023803004e-22
3.050547385442769155e+00 7.254889773751067897e-22 7.871504228627966783e-22
3.051212385442340747e+00 5.091692073619957742e-22 6.227781362395337645e-22
3.051877385441912338e+00 1.911813917595584428e-21 6.996149000771905086e-22
3.052542385441483930e+00 3.195295566445691784e-23 6.595971311880032229e-22
3.053207385441055521e+00 1.703149409463031957e-21 7.740146893207126852e-22
3.053872385440627113e+00 5.099446563796999099e-22 1.050374236059370943e-21
3.054537385440198705e+00 9.829397755440380400e-22 5.920325863655719956e-22
3.055202385439770296e+00 6.819036338394570679e-23 7.881496817697441398e-22
3.055867385439341888e+00 2.164683413133145476e-21 7.710152051188595582e-22
3.056532385438913479e+00 1.603447245100193708e-21 5.669670117678958402e-22
3.057197385438485071e+00 3.168297631897712405e-23 5.028671359247150659e-22
3.057862385438056663e+00 -5.955850668445821071e-24 1.092192993929287791e-21
3.058527385437628254e+00 -1.465143589277557151e-21 9.590410511041203704e-22
3.059192385437199846e+00 6.946856632522507519e-22 1.212862430613579784e-21
3.059857385436771438e+00 -2.068568140471192901e-22 5.815877343029402987e-22
3.060522385436343029e+00 -3.137876016923754440e-22 6.276399277576333571e-22
3.061187385435914621e+00 2.225536596187589699e-21 9.972478088188590744e-22
3.061852385435486212e+00 4.665079199450625690e-22 8.858360494951283538e-22
3.062517385435057804e+00 -2.036295650949279564e-21 7.296372728031991029e-22
3.063182385434629396e+00 3.398675496490682478e-22 7.139844483387688306e-22
3.063847385434200987e+00 2.004844983844927013e-22 9.296331995631568802e-22
3.064512385433772579e+00 -1.403395120235656520e-21 5.869109450523893444e-22
3.065177385433344170e+00 8.259011646921205503e-22 7.604535699343544877e-22
3.065842385432915762e+00 1.827033097184712730e-22 6.934589414621127090e-22
3.066507385432487354e+00 7.257548230326890945e-22 6.116016688360520064e-22
3.067172385432058945e+00 -1.762413514791336574e-21 4.590571238977227920e-22
3.067837385431630537e+00 1.172225034971967479e-22 7.028663018895041652e-22
3.068502385431202129e+00 2.344963089942574148e-22 8.782811714227239607e-22
3.069167385430773720e+00 1.832992056494740818e-22 8.559542678982539099e-22
3.069832385430345312e+00 -7.761622404027852179e-22 1.028484386465055252e-21
3.070497385429916903e+00 -1.225227585733365795e-21 9.612032522915008348e-22
3.071162385429488495e+00 1.157188418889018644e-22 6.818501574795309013e-22
3.071827385429060087e+00 -9.741033111386674483e-22 6.921502407975733799e-22
3.072492385428631678e+00 -1.786622016621963729e-21 7.764124078771174821e-22
3.073157385428203270e+00 -1.465150421133339453e-21 8.586074769806818301e-22
3.073822385427774861e+00 9.124093547863851715e-22 7.711142477050640866e-22
3.074487385427346453e+00 5.717546245577578433e-22 7.399539147604085799e-22
3.075152385426918045e+00 4.650642899867815994e-22 6.878653278280544044e-22
3.075817385426489636e+00 -1.016200509961488653e-21 5.836226521989976155e-22
3.076482385426061228e+00 -1.071462738909223311e-21 7.269613420236169707e-22
3.077147385425632820e+00 4.379582660228030371e-22 6.158874269973364747e-22
3.077812385425204411e+00 3.673498425987423645e-23 7.295459177934152704e-22
3.078477385424776003e+00 -2.479865655295193974e-23 4.924523454439617881e-22
3.079142385424347594e+00 1.525777060851656880e-22 4.961455039849297213e-22
3.079807385423919186e+00 -1.247471159433039992e-21 5.948752500657212112e-22
3.080472385423490778e+00 -1.112733598600128969e-21 6.260993120179722907e-22
3.081137385423062369e+00 -1.015801164763867347e-21 5.700911758459294728e-22
3.081802385422633961e+00 -5.699945766774661440e-22 5.389330541105586566e-22
3.082467385422205552e+00 -4.685690487232450601e-22 5.788273741573970584e-22
3.083132385421777144e+00 -3.584212067544668141e-22 7.401535279625322084e-22
3.083797385421348736e+00 1.270994948824027845e-21 6.206886704101939904e-22
3.084462385420920327e+00 -1.222073300570492719e-22 8.470748238805004819e-22
3.085127385420491919e+00 1.522752715810034886e-21 6.777005051885610613e-22
3.085792385420063511e+00 -8.983574885766445941e-22 6.399497657601483529e-22
3.086457385419635102e+00 -2.129866017605068840e-21 6.355064150488724491e-22
3.087122385419206694e+00 -5.821239037139949667e-22 6.023436629660391880e-22
3.087787385418778285e+00 -1.427693616437479839e-21 7.583303394899696870e-22
3.088452385418349877e+00 8.334455920392113915e-23 6.634203413972385103e-22
3.089117385417921469e+00 -1.373616747882088062e-21 6.678277698838827744e-22
3.089782385417493060e+00 -1.679945157800350782e-21 7.332006511651987482e-22
3.090447385417064652e+00 -6.152985491447718322e-22 8.122373130252335232e-22
3.091112385416636243e+00 1.008442035715780527e-21 8.915861039757159305e-22
3.091777385416207835e+00 6.848481107728242643e-22 9.252233849039680579e-22
3.092442385415779427e+00 -1.485993718407759267e-21 6.480102787045926018e-22
3.093107385415351018e+00 7.294986578380552196e-22 7.455920052445508044e-22
3.093772385414922610e+00 -5.844633661989709499e-22 7.551472143206873928e-22
3.094437385414494202e+00 -1.684285426712799473e-22 9.338807442560543802e-22
3.095102385414065793e+00 4.586556467050703576e-22 8.798442801631034402e-22
3.095767385413637385e+00 1.746574665882158404e-21 6.109811433759732487e-22
3.096432385413208976e+00 2.248270168608198444e-21 8.418847305741943554e-22
3.097097385412780568e+00 2.221174772926702871e-22 5.264443913794099078e-22
3.097762385412352160e+00 -3.130589034377953235e-22 7.170808846052106031e-22
3.098427385411923751e+00 2.117308346484316313e-21 6.701351484221043358e-22
3.099092385411495343e+00 7.716261935210702719e-22 7.953932226023963514e-22
3.099757385411066934e+00 -7.900063606506232536e-22 1.045244753414230342e-21
3.100422385410638526e+00 1.383245578871230694e-21 6.076075799278625004e-22
3.101087385410210118e+00 1.500168901517464931e-22 6.067996310449811794e-22
3.101752385409781709e+00 5.555824535693411421e-23 5.951813501478476317e-22
3.102417385409353301e+00 -6.442103204851875084e-22 1.008752813743133024e-21
3.103082385408924893e+00 -7.211816788955205183e-22 7.521418488066534058e-22
3.103747385408496484e+00 3.912666176740040156e-21 5.306406310506027944e-22
3.104412385408068076e+00 4.593121868375298543e-22 6.033593608403058691e-22
3.105077385407639667e+00 -5.826277152525643340e-22 4.796981200870071250e-22
3.105742385407211259e+00 -3.377999366589866175e-22 8.600479054567702267e-22
3.106407385406782851e+00 -6.272378383203082964e-22 5.168653610921708724e-22
3.107072385406354442e+00 -1.828701162852641341e-21 4.970098773995308331e-22
3.107737385405926034e+00 1.308242736599960940e-22 4.583460225294057297e-22
3.108402385405497625e+00 8.196559749814595501e-22 4.779638392886587495e-22
3.109067385405069217e+00 -1.248196152214652914e-22 9.368355075056331400e-22
3.109732385404640809e+00 -3.798880198763684354e-22 7.252560431502634315e-22
3.110397385404212400e+00 1.122914628851587705e-23 6.496385966645131325e-22
3.111062385403783992e+00 -1.401587616050509178e-21 7.605649662912731616e-22
3.111727385403355139e+00 -1.224179964286259232e-21 6.371038129415300981e-22
3.112392385402926731e+00 -8.237411641371476946e-22 6.458609162615962773e-22
3.113057385402498323e+00 -9.584661807355819203e-22 7.404776118716292865e-22
3.113722385402069914e+00 -5.406170034919314258e-22 5.355005788669556615e-22
3.114387385401641506e+00 2.012685649524736085e-22 7.471828538481470728e-22
3.115052385401213098e+00 -2.408352145358262484e-22 7.983802040966891878e-22
3.115717385400784689e+00 -1.374578295621491172e-22 5.473473288758315262e-22
3.116382385400356281e+00 1.615940421444677904e-21 7.937285281161443109e-22
3.117047385399927872e+00 -1.724660290430544385e-22 1.103087965058048598e-21
3.117712385399499464e+00 2.642123397781649496e-21 7.923648435143950848e-22
3.118377385399071056e+00 -2.784637184919570324e-23 7.651994580973342909e-22
3.119042385398642647e+00 6.775984178074432757e-22 8.185788256368846163e-22
3.119707385398214239e+00 9.744977424477982454e-22 8.292301184736309987e-22
3.120372385397786275e+00 -2.052598173659438209e-22 7.780369828970031566e-22
3.121037385397357866e+00 -1.781849613456249058e-21 6.115974040977265640e-22
3.121702385396929458e+00 -8.417237935248942725e-23 7.173967426619686373e-22
3.122367385396501049e+00 1.076794245993286063e-22 6.461403095580321906e-22
3.123032385396072641e+00 1.223838610282568303e-21 8.133689769673311609e-22
3.123697385395644233e+00 1.965228570266185901e-21 4.938928693179083039e-22
3.124362385395215824e+00 1.681112647236946171e-21 6.142030257636952989e-22
3.125027385394787416e+00 1.796206791994340127e-21 7.507469655782068562e-22
3.125692385394359007e+00 1.006066378111177256e-21 6.856211348377832943e-22
3.126357385393930155e+00 1.326582738194669833e-21 6.585115171632255290e-22
3.127022385393501747e+00 1.144246319397374640e-21 6.866136822175340185e-22
3.127687385393073338e+00 9.506679913996660548e-22 1.016799718908534394e-21
3.128352385392644930e+00 2.903224871057767325e-22 6.544633223143163450e-22
3.129017385392216521e+00 1.995532528680896345e-21 6.922925161535581715e-22
3.129682385391788113e+00 1.372727548955184214e-21 4.451344074930009001e-22
3.130347385391359705e+00 4.351867358732543083e-22 9.404730550866996079e-22
3.131012385390931296e+00 -3.495776996769096709e-22 6.574694154807445730e-22
3.131677385390502888e+00 -3.916305282946563708e-22 6.702013262215203841e-22
3.132342385390074480e+00 -5.651345762441596039e-22 5.480980611809480298e-22
3.133007385389646071e+00 8.193875912312546950e-24 7.778157340266464853e-22
3.133672385389217663e+00 -1.384509980135913509e-21 7.860251099522118022e-22
3.134337385388789254e+00 -3.391711636527625722e-21 6.882863276331050049e-22
3.135002385388360846e+00 -3.047136975012506655e-21 8.052353306717458637e-22
3.135667385387932438e+00 -1.487094076945177117e-21 5.104466162287077009e-22
3.136332385387504029e+00 1.907816712673435120e-22 5.819156930657962563e-22
3.136997385387075621e+00 -1.044893100516890122e-21 5.459799227819208264e-22
3.137662385386647212e+00 -1.132772293083168773e-21 4.522413832642139657e-22
3.138327385386218804e+00 1.474961891567606691e-21 5.848119385322468338e-22
3.138992385385790396e+00 1.152650234732337273e-22 5.139286889427219478e-22
3.139657385385361987e+00 4.759551519592385627e-23 6.120524985995616604e-22
3.140322385384933579e+00 1.823467348091868194e-21 7.789260629210979110e-22
3.140987385384505171e+00 2.578167019649393393e-21 5.899300057105153165e-22
3.141652385384076762e+00 4.378053323924377024e-22 6.620662616290108736e-22
3.142317385383648354e+00 6.995219284176298400e-22 6.251644297819754510e-22
3.142982385383219945e+00 1.987275836590999313e-21 5.900094359828126051e-22
3.143647385382791537e+00 5.280115567443678825e-22 7.112532937193803235e-22
3.144312385382363129e+00 -1.227447330761682729e-22 6.603640623337570396e-22
3.144977385381934720e+00 -1.076494510997629584e-21 3.867904404296671139e-22
3.145642385381506312e+00 2.101926645012342230e-21 4.561535340590498928e-22
3.146307385381077903e+00 3.861995266043729101e-21 6.027308202922567562e-22
3.146972385380649495e+00 1.855972221955288749e-21 5.871463125003233848e-22
3.147637385380221087e+00 -9.167003492051276878e-23 6.079552073026306204e-22
3.148302385379792678e+00 6.690132049354848761e-22 5.790401166466991025e-22
3.148967385379364270e+00 1.620567074118609111e-21 4.177167129470216632e-22
3.149632385378935862e+00 1.268621929427822697e-21 5.568605654188149101e-22
3.150297385378507453e+00 -2.818048467218535487e-22 6.153481543717718015e-22
3.150962385378079045e+00 3.620915900178377138e-22 8.116474969924463533e-22
3.151627385377650636e+00 -3.170947588300236752e-22 8.260847731262831244e-22
3.152292385377222228e+00 9.089684501369358652e-22 8.617193132988273265e-22
3.152957385376793820e+00 2.016996821043833552e-21 7.272557865231940624e-22
3.153622385376365411e+00 1.599755839100684152e-21 5.003558751592743926e-22
3.154287385375937003e+00 -5.941605799597821664e-22 5.132925766180709910e-22
3.154952385375508594e+00 -3.137785776267706533e-21 5.543696351811871438e-22
3.155617385375080186e+00 1.131883336133120491e-21 4.742604705429353779e-22
3.156282385374651778e+00 -1.013556947361179422e-21 8.484491419423095668e-22
3.156947385374223369e+00 1.675901605548218124e-22 7.090085620223631580e-22
3.157612385373794961e+00 3.078613538873382284e-22 5.478294956376901942e-22
3.158277385373366553e+00 5.431650636189094821e-22 6.145213595241382429e-22
3.158942385372938144e+00 -1.658519296963475877e-22 6.868701187794684847e-22
3.159607385372509736e+00 -8.366968805556167681e-22 6.273872842208524860e-22
3.160272385372081327e+00 2.357667975592413676e-23 9.100356744306700403e-22
3.160937385371652919e+00 1.823393190588161094e-21 8.798674443245145291e-22
3.161602385371224511e+00 8.082088071690772685e-22 1.109197371739714884e-21
3.162267385370796102e+00 1.056332151568628471e-21 9.506683185027274775e-22
3.162932385370367694e+00 2.010822893564564665e-21 8.973974115148191920e-22
3.163597385369939285e+00 1.275857282060294606e-21 7.702260779048205727e-22
3.164262385369510877e+00 3.445446159602800587e-21 8.060878044967308353e-22
3.164927385369082469e+00 -2.944354639817304486e-21 5.019178125321073057e-22
3.165592385368654060e+00 -1.413703676878473203e-21 7.582653872418402997e-22
3.166257385368225652e+00 -1.501326676522263623e-22 8.955170816213714549e-22
3.166922385367797244e+00 8.081580700997862131e-22 5.472733972657194891e-22
3.167587385367368835e+00 1.211708296533965322e-21 7.627228539103248238e-22
3.168252385366940427e+00 -6.545142823972027468e-22 4.721114374623699255e-22
3.168917385366512018e+00 -1.779092490200623231e-21 9.905460375626926909e-22
3.169582385366083610e+00 -2.213182915544445857e-21 9.194353620000206137e-22
3.170247385365655202e+00 1.171893146642793938e-21 8.521388321885821060e-22
3.170912385365226793e+00 2.155119305656565824e-21 8.205685139787883030e-22
3.171577385364798385e+00 -9.451619829956646054e-22 6.802633955759304957e-22
3.172242385364369976e+00 6.468610263946149718e-22 4.688924882317480782e-22
3.172907385363941568e+00 6.736849468175662685e-22 7.089067757991194500e-22
3.173572385363513160e+00 1.653915877417680272e-21 6.592171195519630507e-22
3.174237385363084751e+00 -4.579178488621961441e-22 6.108387594967347659e-22
3.174902385362656343e+00 1.925976240828778063e-22 7.131841744972659270e-22
3.175567385362227935e+00 -1.698969570946513443e-22 5.300193034068409090e-22
3.176232385361799526e+00 1.289735102630705349e-21 7.207187363406500658e-22
3.176897385361371118e+00 1.301838189601058839e-22 7.250575767506427099e-22
3.177562385360942709e+00 -2.120820218158801585e-22 7.507063711703743709e-22
3.178227385360514301e+00 -3.879120825115799353e-23 5.314387933761367294e-22
3.178892385360085893e+00 2.095667944128774465e-22 5.846710113729537932e-22
3.179557385359657484e+00 1.068706540210421368e-21 4.494485156443207480e-22
3.180222385359229076e+00 6.421922170518451091e-22 4.913034844120814064e-22
3.180887385358800667e+00 -5.726520531316175287e-22 7.649635620500909311e-22
3.181552385358372259e+00 -7.879609224270354310e-22 6.529709528105893035e-22
3.182217385357943851e+00 8.400705798791105001e-22 4.605350399521216916e-22
3.182882385357515442e+00 -1.501279553522144708e-21 4.426425504831667054e-22
3.183547385357087034e+00 -1.564543161030041155e-21 7.359292098622074476e-22
3.184212385356658626e+00 -1.323112090681903911e-21 5.678989618746010090e-22
3.184877385356230217e+00 -1.283513901288094159e-21 4.634596756471583674e-22
3.185542385355801809e+00 8.043245605112894011e-22 4.642722616413844282e-22
3.186207385355373400e+00 1.791680339402182308e-22 4.533364522703136025e-22
3.186872385354944992e+00 -9.896552137759325209e-22 7.753201858776483861e-22
3.187537385354516584e+00 -1.625511781708058670e-21 7.104592666706858815e-22
3.188202385354088175e+00 -1.515904776746444863e-21 8.234181027626823238e-22
3.188867385353659767e+00 -1.671831032204358806e-21 5.122798851751072334e-22
3.189532385353231358e+00 -8.942196312237796854e-22 5.320272426851595143e-22
3.190197385352802950e+00 8.451975414255771893e-22 7.574650045455192544e-22
3.190862385352374542e+00 2.353225878438086843e-22 5.933191470682655602e-22
3.191527385351946133e+00 -8.887311999352520968e-22 4.124000369260824514e-22
3.192192385351517725e+00 -7.740851624453638597e-23 4.435860946557422478e-22
3.192857385351089317e+00 -1.691162951821747324e-22 4.688942424459055772e-22
3.193522385350660908e+00 -2.053814071517439892e-21 6.991533518454865875e-22
3.194187385350232500e+00 -2.573227585916032654e-21 7.550811021599654035e-22
3.194852385349804091e+00 -1.105400369630337724e-21 4.761441134521186319e-22
3.195517385349375683e+00 1.330975031940998962e-22 4.826893869943789729e-22
3.196182385348947275e+00 1.171069545041725837e-21 5.976281085365124563e-22
3.196847385348518866e+00 -2.143819350910440246e-22 4.722038847926187039e-22
3.197512385348090458e+00 5.946509424652710060e-22 6.293452249320629667e-22
3.198177385347662049e+00 -1.340977542827050292e-21 6.162394086049952113e-22
3.198842385347233641e+00 -7.695084018603170602e-22 4.084542002117976588e-22
3.199507385346805233e+00 2.764029454605908979e-21 5.204862377946235742e-22
3.200172385346376824e+00 1.481293042934905857e-21 5.345997255722038037e-22
3.200837385345948416e+00 3.220938811300681341e-21 5.133832643726290928e-22
3.201502385345520008e+00 1.317626455426457581e-21 5.575566611220106575e-22
3.202167385345091599e+00 5.823317920690794720e-22 5.059069825179671898e-22
3.202832385344663191e+00 1.268939944889566064e-21 5.001350305261264272e-22
3.203497385344234782e+00 3.432496698312165858e-22 5.909936524633767410e-22
3.204162385343806374e+00 -5.382768273147922973e-22 6.351736687089022342e-22
3.204827385343377966e+00 9.209193822793645414e-22 7.989441597981689156e-22
3.205492385342949557e+00 -1.690797848903213689e-21 4.647117843557171087e-22
3.206157385342521149e+00 -6.840221459166248302e-22 5.243090755567823858e-22
3.206822385342092741e+00 -3.835638789462206769e-21 9.186992615561009285e-22
3.207487385341664332e+00 -1.500177464623521675e-21 6.333373653440405075e-22
3.208152385341235924e+00 4.004242616104542067e-22 3.903414988853680058e-22
3.208817385340807515e+00 -1.820767560627668424e-21 5.229006535425470610e-22
3.209482385340379107e+00 1.427634586790324590e-22 7.584361441244080417e-22
3.210147385339950699e+00 1.533085882295212310e-21 6.153501719688460087e-22
3.210812385339522290e+00 -1.977108430598173988e-22 8.474782447654050679e-22
3.211477385339093882e+00 1.941211062133496613e-21 8.029185694291931613e-22
3.212142385338665473e+00 1.461493641399458388e-22 5.928402717358681086e-22
3.212807385338237065e+00 9.464929696445718814e-23 6.373883616071000918e-22
3.213472385337808657e+00 1.490994478425385569e-21 4.571029033695691728e-22
3.214137385337380248e+00 -1.351742765070852995e-22 4.085709616144099997e-22
3.214802385336951840e+00 -2.060219474048775608e-21 4.471181659376376244e-22
3.215467385336523432e+00 -2.103785895866660600e-21 8.185813274067434518e-22
3.216132385336095023e+00 2.899608231028695419e-22 5.937593544818065489e-22
3.216797385335666615e+00 1.506472284933055064e-21 4.921531816229021198e-22
3.217462385335238206e+00 1.221874177787871194e-21 5.564439378491725160e-22
3.218127385334809798e+00 5.908977082288291028e-22 7.180970014974349944e-22
3.218792385334381390e+00 1.213636463341323342e-21 7.013592052245092101e-22
3.219457385333952981e+00 8.181031563455909209e-22 7.005128611048512871e-22
3.220122385333524573e+00 2.683538801996938681e-22 7.443785998169880718e-22
3.220787385333096164e+00 2.590993211271034283e-21 8.399820472922480151e-22
3.221452385332667756e+00 1.871091158886973976e-21 6.132059483435320423e-22
3.222117385332239348e+00 -3.436766512859857829e-22 5.979644523788995167e-22
3.222782385331810939e+00 -6.989832181928579545e-22 4.781515749332157379e-22
3.223447385331382531e+00 -7.494748020863539528e-22 5.212148964561710909e-22
3.224112385330954123e+00 1.518649809352990199e-21 6.723605538971850002e-22
3.224777385330525714e+00 4.826101114578709186e-22 7.697611234388768466e-22
3.225442385330097306e+00 1.455089924807482761e-21 5.968106684375400988e-22
3.226107385329668897e+00 2.565778103221016678e-22 6.379529526292697637e-22
3.226772385329240489e+00 -1.563640256521390217e-21 8.658733721178639834e-22
3.227437385328812081e+00 -1.328858197555074521e-21 7.694225787658018593e-22
3.228102385328383672e+00 -2.556915639710587294e-21 4.687858989950434590e-22
3.228767385327955264e+00 1.736357157193916689e-21 6.973427990951155021e-22
3.229432385327526855e+00 1.278034167077171510e-21 5.331465224796427470e-22
3.230097385327098447e+00 4.455565930732686741e-23 6.959751960062642576e-22
3.230762385326670039e+00 5.694041731983424720e-22 9.856587121141193551e-22
3.231427385326241630e+00 -8.532995702535151789e-22 4.989606620034911554e-22
3.232092385325813222e+00 -4.453985041220673656e-24 6.957988258357854796e-22
3.232757385325384814e+00 3.190947337798379190e-22 4.666301380245979531e-22
3.233422385324956405e+00 -1.311453856501004782e-21 4.935089668452513886e-22
3.234087385324527997e+00 -8.246598681669553459e-22 8.040540537955787905e-22
3.234752385324099588e+00 -5.780830708356597973e-22 6.799590889745497108e-22
3.235417385323671180e+00 9.205066072068655934e-22 6.887359749339834481e-22
3.236082385323242772e+00 -2.239556110067749409e-21 6.996356604471888322e-22
3.236747385322814363e+00 -1.719992413877051358e-21 7.217427686954578057e-22
3.237412385322385955e+00 1.602491184967616660e-21 5.982562118112137364e-22
3.238077385321957546e+00 9.163472477579506593e-22 7.035048147970798487e-22
3.238742385321529138e+00 1.545444275246648531e-21 3.985770951258445124e-22
3.239407385321100730e+00 9.132919293505115863e-22 6.033535732723342570e-22
3.240072385320672321e+00 -1.055228289146491243e-21 6.172913833850022245e-22
3.240737385320243913e+00 -4.600125098033838464e-22 5.613029914391898566e-22
3.241402385319815505e+00 7.027100836004747638e-22 7.012336249094041592e-22
3.242067385319387096e+00 -1.827847460369408236e-23 4.166938770991500779e-22
3.242732385318958688e+00 -3.479734518386667852e-22 3.906819208008305201e-22
3.243397385318530279e+00 3.322455453623222367e-22 4.458259362258378188e-22
3.244062385318101871e+00 -2.867994123992512202e-22 5.181413743906907677e-22
3.244727385317673463e+00 7.830674414269007219e-22 7.445943301263053570e-22
3.245392385317245054e+00 -4.947354771887987102e-22 5.208365196567273423e-22
3.246057385316816646e+00 9.846757247907206423e-22 4.383559193812219031e-22
3.246722385316388237e+00 -2.401138485061589859e-22 6.737337038921109593e-22
3.247387385315959829e+00 -8.599519086885586148e-22 7.226379774630215760e-22
3.248052385315531421e+00 -4.699338145367434494e-23 4.090329511641946866e-22
3.248717385315103012e+00 8.121784447136936595e-22 4.428804476845698934e-22
3.249382385314674604e+00 1.512181769574561042e-21 6.341896705657720602e-22
3.250047385314246196e+00 1.163703603957762017e-21 6.389596086147630460e-22
3.250712385313817787e+00 -4.595618623836386884e-22 4.811462075623286542e-22
3.251377385313389379e+00 -4.632431979688008195e-22 5.915605545868370617e-22
3.252042385312960970e+00 1.338112956894310267e-22 4.848371904231334245e-22
3.252707385312532562e+00 -1.070933676683421348e-21 5.596588639815867324e-22
3.253372385312104154e+00 4.353309757878865109e-22 5.073540376332457267e-22
3.254037385311675745e+00 1.475288698489605462e-22 7.522061995526545574e-22
3.254702385311247337e+00 2.704404634120542560e-22 5.793531058145243557e-22
3.255367385310818928e+00 5.461097775361876630e-22 9.210387723703079230e-22
3.256032385310390520e+00 1.323924127286457825e-22 5.230802027860453097e-22
3.256697385309962112e+00 1.179974038973382551e-21 5.157288378563447643e-22
3.257362385309533703e+00 1.267426456543460482e-21 7.431940963642590014e-22
3.258027385309105295e+00 2.348079947401343874e-21 6.694809029547456888e-22
3.258692385308676887e+00 1.942327193739317878e-21 5.288133514673810768e-22
3.259357385308248478e+00 9.403794131931826880e-22 4.036654406126141293e-22
3.260022385307820070e+00 1.009612192663816198e-21 6.074920923266634097e-22
3.260687385307391661e+00 -1.415048429314336300e-22 5.966658025804576443e-22
3.261352385306963253e+00 9.507451598761992542e-22 5.193360657945733972e-22
3.262017385306534845e+00 1.077049191899127832e-22 6.828182566068754910e-22
3.262682385306106436e+00 4.656382981214775414e-22 6.100064689610887558e-22
3.263347385305678028e+00 1.110546459815086468e-21 6.044154010379886958e-22
3.264012385305249619e+00 4.713282419978555158e-21 7.619852714948534209e-22
3.264677385304821211e+00 6.684515610406256035e-22 5.954477933733821755e-22
3.265342385304392803e+00 2.302653307561002256e-21 4.217272627366628062e-22
3.266007385303964394e+00 1.166360626357197872e-21 7.093491278553699022e-22
3.266672385303535986e+00 -9.120739426830037518e-23 4.973123994830837721e-22
3.267337385303107578e+00 -4.686172085904273628e-22 5.004395745738251130e-22
3.268002385302679169e+00 4.997299463085083142e-22 5.293538417167360309e-22
3.268667385302250761e+00 3.387040701893903078e-22 7.569368692044144854e-22
3.269332385301822352e+00 -2.379868843301517318e-22 7.195699713914033858e-22
3.269997385301393944e+00 -2.046819650868363081e-21 2.177834580324653837e-21
3.270662385300965536e+00 2.778797546466309269e-23 8.353203387623184292e-22
3.271327385300537127e+00 -1.949548054061896380e-23 1.052582675069605084e-21
3.271992385300108719e+00 1.816432460498767053e-21 1.148624656706584054e-21
3.272657385299680310e+00 9.378312590459647659e-22 9.797307355594438819e-22
3.273322385299251902e+00 2.827625330451978910e-22 7.230314602842558287e-22
3.273987385298823494e+00 1.703016374499691015e-21 7.219296184619873909e-22
3.274652385298395085e+00 5.869454521321783603e-23 8.382171022178400565e-22
3.275317385297966677e+00 -2.815370991329289879e-22 5.732688611565773345e-22
3.275982385297538269e+00 2.501794845780039800e-21 7.690971485570732095e-22
3.276647385297109860e+00 -5.543814246369824013e-22 7.428514843103416986e-22
3.277312385296681452e+00 1.312165229912774996e-21 5.583306381201671086e-22
3.277977385296253043e+00 2.359393744099186587e-23 5.429852295230432042e-22
3.278642385295824635e+00 2.419384930077127864e-21 7.230163619463484939e-22
3.279307385295396227e+00 -4.313207258917055768e-22 5.546009032925923651e-22
3.279972385294967818e+00 -1.851476880815145990e-22 9.174373549464686513e-22
3.280637385294539410e+00 -9.428430374549699170e-23 8.903590079147054694e-22
3.281302385294111001e+00 -3.340185265929113569e-22 5.691143383044840230e-22
3.281967385293682593e+00 9.199353832910875953e-22 4.027112145683189497e-22
3.282632385293254185e+00 -5.993441847080450341e-22 6.810827455507011927e-22
3.283297385292825776e+00 3.049629977655569182e-22 7.375260325328464327e-22
3.283962385292397368e+00 -1.091392741079223406e-21 4.816561593315106452e-22
3.284627385291968960e+00 1.556606664235046757e-22 6.702617148934958980e-22
3.285292385291540551e+00 -7.859966646005016182e-22 5.475342669226746634e-22
3.285957385291112143e+00 2.396343364381827309e-23 6.882487034175388348e-22
3.286622385290683734e+00 7.872496084507824870e-22 5.368990579497811489e-22
3.287287385290255326e+00 2.754332698973280385e-21 7.939537352841800182e-22
3.287952385289826918e+00 1.080985653917600082e-21 5.858639206235974659e-22
3.288617385289398509e+00 1.751091522918870640e-21 7.442312633491206061e-22
3.289282385288970101e+00 -4.189558698572162184e-22 8.609156624877048510e-22
3.289947385288541692e+00 -1.822010506796363804e-21 7.592993284772605205e-22
3.290612385288113284e+00 -1.592684346576937475e-22 6.714793954372951001e-22
3.291277385287684876e+00 4.858925560525697062e-22 6.988279556349650875e-22
3.291942385287256467e+00 -1.968069633524363868e-22 8.272560235080187400e-22
3.292607385286828059e+00 -2.358373183154859998e-22 7.016957519702766389e-22
3.293272385286399651e+00 1.071977935264547113e-22 4.512730641994237858e-22
3.293937385285971242e+00 3.110893953209642908e-22 5.535029379729124335e-22
3.294602385285542834e+00 2.137426931360709623e-21 7.234196708885959722e-22
3.295267385285114425e+00 1.352054125533333735e-21 4.960793843905950213e-22
3.295932385284686017e+00 1.629418279378625084e-22 5.393531356863252325e-22
3.296597385284257609e+00 1.032743832625311750e-21 6.338267190467437248e-22
3.297262385283829200e+00 -7.002363520983633041e-23 6.218346969808473873e-22
3.297927385283400792e+00 -6.698125033064276225e-22 6.538344687068018359e-22
3.298592385282972383e+00 1.168528163394071419e-21 4.382694117409348252e-22
3.299257385282543975e+00 6.476348466436932657e-22 6.044750174824611928e-22
3.299922385282115567e+00 -7.525609704611196697e-22 5.129284155449127597e-22
3.300587385281687158e+00 6.667013584254550863e-22 7.558702237931959058e-22
3.301252385281258750e+00 1.846816069123656108e-22 5.601037697411604776e-22
3.301917385280830342e+00 -7.630579156839098962e-22 5.124851465473968774e-22
3.302582385280401933e+00 -4.135749518206270123e-22 5.264386495136076696e-22
3.303247385279973525e+00 -4.051828384903405406e-22 4.703386519412957079e-22
3.303912385279545116e+00 1.534028675075616011e-21 3.933552020053892322e-22
3.304577385279116708e+00 -1.360372188186316206e-21 3.847907707232909591e-22
3.305242385278688300e+00 -1.662916606766459098e-21 6.034476939713607608e-22
3.305907385278259891e+00 -5.448550073595657164e-22 4.136266766955073185e-22
3.306572385277831483e+00 1.022390092138948885e-21 7.254112199837386392e-22
3.307237385277403074e+00 9.424819824859059879e-23 4.900812216024978056e-22
3.307902385276974666e+00 1.023452484064394950e-21 5.180430556895945889e-22
3.308567385276546258e+00 -2.775325223681736634e-22 4.456808717722793745e-22
3.309232385276117849e+00 -2.499576335031873414e-22 4.267209822658621877e-22
3.309897385275689441e+00 4.177067457240528632e-23 4.798657062229495778e-22
3.310562385275261033e+00 -2.344098366892205433e-22 6.840497758667113373e-22
3.311227385274832624e+00 9.253858818624595194e-22 4.190869526871218761e-22
3.311892385274404216e+00 -2.082452397668988021e-22 4.497447860252291998e-22
3.312557385273975807e+00 -2.031704188026678135e-22 4.661132283125492542e-22
3.313222385273547399e+00 5.548808594010623105e-22 4.297157450463821038e-22
3.313887385273118991e+00 -5.548227017646596284e-22 6.108080656628457513e-22
3.314552385272690582e+00 3.771396132966880335e-23 5.907922906674441531e-22
3.315217385272262174e+00 1.637079930625729845e-21 5.059771164982531119e-22
3.315882385271833765e+00 1.220939193976706341e-21 4.626497173269587534e-22
3.316547385271405357e+00 -1.064758516941898710e-23 6.180232636835195308e-22
3.317212385270976949e+00 -1.924642380505482918e-21 4.528142504759591919e-22
3.317877385270548540e+00 -1.592307666138047061e-21 5.385287487707783999e-22
3.318542385270120132e+00 -5.423092326041376373e-22 5.752973489966064694e-22
3.319207385269691724e+00 -1.017756012660852363e-21 5.459936098510676862e-22
3.319872385269263315e+00 -6.551766060945818835e-22 5.773699979381987054e-22
3.320537385268834907e+00 -4.158436307884164342e-22 4.271950743735576607e-22
3.321202385268406498e+00 7.907107302173299073e-22 4.718438852270128195e-22
3.321867385267978090e+00 3.980000426621995812e-22 5.262571669493786854e-22
3.322532385267549682e+00 -1.948611070706049089e-22 4.663332548263269359e-22
3.323197385267121273e+00 -1.102198839050034743e-21 4.203001396449465947e-22
3.323862385266692865e+00 3.096108628113127194e-22 5.174760591687606439e-22
3.324527385266264456e+00 -3.393419327209404025e-22 4.305607372681597735e-22
3.325192385265836048e+00 -8.402304101119514408e-22 4.593662460481456133e-22
3.325857385265407640e+00 -6.061379817080713095e-22 5.677252926717593744e-22
3.326522385264979231e+00 -5.340115607362315971e-22 6.690859472709491382e-22
3.327187385264550823e+00 -1.102813752700522028e-21 5.045197745987632812e-22
3.327852385264122415e+00 -3.419379269549333360e-22 4.365216833151598097e-22
3.328517385263694006e+00 2.901471638004910686e-22 4.319541523021712347e-22
3.329182385263265598e+00 1.534305083641804306e-21 3.300687298132415687e-22
3.329847385262837189e+00 1.561515191908121735e-22 4.395533962316566785e-22
3.330512385262408781e+00 -7.936173033897597504e-22 5.434685325987007762e-22
3.331177385261980373e+00 6.195902609866139025e-22 4.627217744936681908e-22
3.331842385261551964e+00 8.980208497765362148e-22 3.769159835835282902e-22
3.332507385261123556e+00 8.731086070636446350e-22 3.954485881250840276e-22
3.333172385260695147e+00 -7.202781598069590307e-22 5.523013979778852695e-22
3.333837385260266739e+00 -2.592238343868465998e-22 4.790999674837752013e-22
3.334502385259838331e+00 -3.571012560801554728e-22 4.141665082033842574e-22
3.335167385259409922e+00 -9.835491391969358265e-22 5.656106365377574737e-22
3.335832385258981514e+00 -1.493115238675410345e-21 4.570624349928387867e-22
3.336497385258553106e+00 -4.835523350265784139e-22 4.021386446797155233e-22
3.337162385258124697e+00 3.173457908346572828e-23 5.164361689434950388e-22
3.337827385257696289e+00 2.448495367775147650e-22 5.091555464291996648e-22
3.338492385257267880e+00 -1.330769018149581413e-22 6.038191320395024887e-22
3.339157385256839472e+00 -2.194184180038929295e-22 7.319251248909441053e-22
3.339822385256411064e+00 -2.126676620336804044e-21 4.774611711925576380e-22
3.340487385255982655e+00 5.773816025436305157e-22 5.678358210328725629e-22
3.341152385255554247e+00 -2.432735515558591515e-22 5.640327052160845829e-22
3.341817385255125838e+00 5.122118342195388768e-22 5.058882789509197479e-22
3.342482385254697430e+00 -9.863624890300003995e-22 5.911297277737956976e-22
3.343147385254269022e+00 -3.557834389160675415e-22 4.876107697078571476e-22
3.343812385253840613e+00 -1.124644433533205477e-21 3.926089558710023999e-22
3.344477385253412205e+00 -1.994351878572999100e-21 6.736610196858434904e-22
3.345142385252983797e+00 -1.571207492344389948e-21 4.838942844237081543e-22
3.345807385252555388e+00 8.416901356754155275e-22 6.294903831012564601e-22
3.346472385252126980e+00 6.769739210082704238e-22 8.677445522014989440e-22
3.347137385251698571e+00 -1.842386268466056278e-23 7.320882900200726331e-22
3.347802385251270163e+00 1.755529311521005274e-22 6.888973995967959366e-22
3.348467385250841755e+00 -7.591044289815787092e-22 7.227278904091211095e-22
3.349132385250413346e+00 1.148450533622645524e-21 7.162873796758845657e-22
3.349797385249984938e+00 -8.372469913545077509e-22 6.329298014632073916e-22
3.350462385249556529e+00 1.131719516155705723e-22 7.157753047934263353e-22
3.351127385249128121e+00 -1.250660286432705354e-21 1.045778778586925102e-21
3.351792385248699713e+00 -7.602895441139291110e-22 4.501337246855106069e-22
3.352457385248271304e+00 -1.086110047267724552e-21 6.174627201123941383e-22
3.353122385247842896e+00 -2.814333164458671537e-22 6.905807641137196871e-22
3.353787385247414488e+00 -1.166025767570269137e-21 5.991687467338804357e-22
3.354452385246986079e+00 -1.554676549931436855e-21 7.302403658263894155e-22
3.355117385246557671e+00 -9.500183662675937357e-22 4.200421068766333296e-22
3.355782385246129262e+00 -5.968810370137820862e-22 4.848944453734795724e-22
3.356447385245700854e+00 4.147873595452780602e-22 7.770440290226934001e-22
3.357112385245272446e+00 2.699439153184502114e-22 5.818012942553416536e-22
3.357777385244844037e+00 -1.980874575079154200e-21 6.936223209014490441e-22
3.358442385244415629e+00 1.489694852452393703e-21 3.507524707357970543e-22
3.359107385243987220e+00 -2.159034934585370800e-22 4.712175694139496364e-22
3.359772385243558812e+00 -1.879638049738326313e-21 5.919914120551989420e-22
3.360437385243130404e+00 -8.895770111571827328e-22 7.661440790961343704e-22
3.361102385242701995e+00 8.552294651445591820e-23 6.275040212056065547e-22
3.361767385242273587e+00 1.337046369166517466e-21 7.152273421944504948e-22
3.362432385241845179e+00 1.747646639214373387e-21 5.605058702156939191e-22
3.363097385241416770e+00 -4.625533567536460539e-22 5.313673116639895835e-22
3.363762385240988362e+00 -2.646744129697815702e-21 5.474568633106565313e-22
3.364427385240559953e+00 -1.330420263273957202e-21 4.988565454617897054e-22
3.365092385240131545e+00 8.301934908026537061e-23 5.844834172341294342e-22
3.365757385239703137e+00 -8.087250729331625899e-22 7.232091372489439208e-22
3.366422385239274728e+00 1.105611135861530301e-21 6.028606773162665448e-22
3.367087385238846320e+00 -1.232067682785114129e-21 6.050016489437337668e-22
3.367752385238417911e+00 -2.994967422200803036e-22 4.654512756342768388e-22
3.368417385237989503e+00 5.850513706099147368e-22 5.370744954746012768e-22
3.369082385237561095e+00 4.865828211316088368e-22 4.183084291501248995e-22
3.369747385237132686e+00 3.197281060557365740e-21 3.870917042619112642e-22
3.370412385236704278e+00 1.854892826765845898e-21 4.547071423610508192e-22
3.371077385236275870e+00 1.488117353809076274e-21 3.880370992420820245e-22
3.371742385235847461e+00 -1.511474084264646788e-23 4.945346409990786875e-22
3.372407385235419053e+00 -4.799369362635936514e-22 5.240959774245169079e-22
3.373072385234990644e+00 9.581870327166176174e-22 6.839875646739378060e-22
3.373737385234562236e+00 1.932506685766867503e-21 5.662773593583518659e-22
3.374402385234133828e+00 -2.265324798306473457e-22 8.059181233716467864e-22
3.375067385233705419e+00 9.360153517875181700e-22 6.614041955601564038e-22
3.375732385233277011e+00 -6.648968688801931370e-22 4.226680051152073417e-22
3.376397385232848602e+00 3.008340543357993116e-22 5.447881342243189785e-22
3.377062385232420194e+00 3.147267752880877264e-22 4.129602841965931740e-22
3.377727385231991786e+00 -1.770387660243358119e-21 4.055010428171621585e-22
3.378392385231563377e+00 -1.077688293979919601e-21 3.548122973519135695e-22
3.379057385231134969e+00 1.115874410994229935e-21 1.080230948359986266e-21
3.379722385230706561e+00 2.905253542820462305e-22 4.498782654344963661e-22
3.380387385230278152e+00 -7.331844369681025998e-22 4.162544466207178703e-22
3.381052385229849744e+00 -7.461274631438903318e-23 6.683351756963714958e-22
3.381717385229421335e+00 2.380975124842501404e-21 6.583383576026336801e-22
3.382382385228992927e+00 -8.859337807577871644e-22 6.175108504859166819e-22
3.383047385228564519e+00 7.876066698926807498e-22 5.685479925436729958e-22
3.383712385228136110e+00 -6.028409032429899140e-22 6.391318492938917462e-22
3.384377385227707702e+00 1.029113157755837626e-21 5.036818153607436798e-22
3.385042385227279294e+00 2.013673672919952736e-21 5.320508397702118632e-22
3.385707385226850885e+00 1.039718408560379642e-21 7.592981631973343816e-22
3.386372385226422477e+00 -3.307308017933769850e-22 5.456478552917730170e-22
3.387037385225994068e+00 -4.191581836724250541e-23 6.176591659057157396e-22
3.387702385225565660e+00 8.588754207974141030e-22 4.585919445909850503e-22
3.388367385225137252e+00 -7.624162423183845068e-22 7.094093642930548981e-22
3.389032385224708843e+00 -3.621432231977604401e-22 5.076306256430903258e-22
3.389697385224280435e+00 4.193735486237554153e-22 6.742779572207498937e-22
3.390362385223852026e+00 1.924435775614346216e-21 7.519691095895542811e-22
3.391027385223423618e+00 4.404839003027395950e-22 6.905811116912523528e-22
3.391692385222995210e+00 -5.444915588282878121e-22 5.345609090675851530e-22
3.392357385222566801e+00 -1.125359749555130698e-21 5.139507561863567985e-22
3.393022385222138393e+00 2.884594985592485290e-22 5.982261739789610212e-22
3.393687385221709985e+00 8.164866429531755566e-22 5.934630279098727524e-22
3.394352385221281576e+00 2.486255293814443214e-21 4.807664149883828317e-22
3.395017385220853168e+00 2.372129344064666950e-22 5.623395277116006752e-22
3.395682385220424759e+00 7.478743115927605271e-23 5.018971927931135710e-22
3.396347385219996351e+00 2.159830287653023682e-21 4.295174879543955934e-22
3.397012385219567943e+00 -5.643642480683728893e-22 5.012911112031913117e-22
3.397677385219139534e+00 -4.242871646508479682e-22 5.062045546612799184e-22
3.398342385218711126e+00 2.077058452281962247e-21 4.253953578666542502e-22
3.399007385218282717e+00 -3.126141303185625763e-22 4.388143340743677603e-22
3.399672385217854309e+00 -9.930518619235971344e-23 4.305836487703003573e-22
3.400337385217425901e+00 2.188726134607835178e-22 5.357020593834461600e-22
3.401002385216997492e+00 -4.549680602201054100e-22 4.817701454937827206e-22
3.401667385216569084e+00 -3.494834286890966903e-22 4.343807538749804742e-22
3.402332385216140676e+00 -1.171613129675214791e-21 5.329264567879424929e-22
3.402997385215712267e+00 1.014556031319374121e-21 4.763069139438365447e-22
3.403662385215283859e+00 -5.088836293328011135e-22 5.907711262057388739e-22
3.404327385214855450e+00 -9.914505120058171480e-22 6.536899514519365853e-22
3.404992385214427042e+00 9.267793802321310226e-22 4.555757701020338100e-22
3.405657385213998634e+00 8.550526025624833760e-22 3.635997368746921932e-22
3.406322385213570225e+00 1.198218276102839457e-21 5.160099508199812998e-22
3.406987385213141817e+00 1.949882186455301840e-21 6.615267663826784025e-22
3.407652385212713408e+00 5.801296830554192311e-22 3.618590730953237501e-22
3.408317385212285000e+00 2.376357255201623703e-22 3.416824188130682453e-22
3.408982385211856592e+00 1.560686479478496020e-22 4.133360130444072651e-22
3.409647385211428183e+00 3.817497177814829273e-22 3.344883229631780032e-22
3.410312385210999775e+00 1.650883204010143619e-23 3.682727879893978182e-22
3.410977385210571367e+00 -8.719300999545566857e-22 4.472758817899856870e-22
3.411642385210142958e+00 2.615334317850553419e-22 4.859309552006362762e-22
3.412307385209714550e+00 5.806259488035044368e-22 6.523132948719306734e-22
3.412972385209286141e+00 5.460351676695034255e-23 5.911030216099963391e-22
3.413637385208857733e+00 -1.278122185219540429e-21 4.802635610341296323e-22
3.414302385208429325e+00 3.843420321426890263e-22 5.309030367942559241e-22
3.414967385208000916e+00 1.317383573142337762e-21 4.747752373576456160e-22
3.415632385207572508e+00 2.768632536322481965e-21 4.754705590057269379e-22
3.416297385207144099e+00 1.746562491049526743e-22 5.691222523854926863e-22
3.416962385206715691e+00 -1.124769976433412157e-21 6.390134698634265783e-22
3.417627385206287283e+00 1.023660900863436946e-21 8.033006071911523182e-22
3.418292385205858874e+00 -1.916403539825495949e-22 6.202615184533613542e-22
3.418957385205430466e+00 1.447598145786892442e-21 5.976353932154380849e-22
3.419622385205002058e+00 3.807517400089222302e-22 5.720874071053778389e-22
3.420287385204573649e+00 5.396672793544566719e-22 8.101239113610753308e-22
3.420952385204145241e+00 -1.075216586702412880e-21 5.289358045693933163e-22
3.421617385203716832e+00 1.669735770781160376e-21 4.822893026638877862e-22
3.422282385203288424e+00 5.712135938387572355e-22 3.725033058420793568e-22
3.422947385202860016e+00 -2.604517333124794745e-22 4.110170257188973344e-22
3.423612385202431607e+00 9.128747125734469263e-22 6.242282239038195315e-22
3.424277385202003199e+00 1.319080848499148940e-21 7.228852654661969829e-22
3.424942385201574790e+00 -1.442334848013608255e-21 5.875731660157630599e-22
3.425607385201146382e+00 -1.049856250906997459e-21 8.210765867756249402e-22
3.426272385200717974e+00 -3.924068049415622789e-22 8.532315968334719179e-22
3.426937385200289565e+00 -1.402566447081492655e-21 5.628823104562065667e-22
3.427602385199861157e+00 -9.167371610074377805e-22 4.934692939629872288e-22
3.428267385199432749e+00 1.014300345631668936e-21 6.383409522357075426e-22
3.428932385199004340e+00 -6.475591637315616254e-23 5.037416289842618945e-22
3.429597385198575932e+00 -1.054693083589361936e-22 8.771846658207865102e-22
3.430262385198147523e+00 -1.075583012381795774e-21 8.007904672432942750e-22
3.430927385197719115e+00 3.128724575671231100e-22 9.038068747036405805e-22
3.431592385197290707e+00 1.321087537313532260e-21 6.132819235775940256e-22
3.432257385196862298e+00 -5.330070595839527504e-22 6.315336975303745213e-22
3.432922385196433890e+00 -2.924187832564351426e-22 4.681683901871316661e-22
3.433587385196005481e+00 -4.834547481394347396e-22 6.501174530832678873e-22
3.434252385195577073e+00 -1.696502294048819985e-22 4.347958322337566512e-22
3.434917385195148665e+00 2.520427620174179264e-21 4.994552185626946724e-22
3.435582385194720256e+00 2.619760673259999135e-21 6.386637225713758810e-22
3.436247385194291848e+00 7.261509871739379925e-22 6.377589562346884081e-22
3.436912385193863440e+00 5.912432093066745260e-22 7.081398636532754155e-22
3.437577385193435031e+00 2.436765085866255985e-22 5.800210820222494043e-22
3.438242385193006623e+00 -3.373677469602072929e-23 5.601134939335753517e-22
3.438907385192578214e+00 -1.534031892172122261e-21 7.767399709598081160e-22
3.439572385192149806e+00 -9.092195397855203172e-22 6.349891325533279381e-22
3.440237385191721398e+00 -1.097885201936709871e-21 5.993734571452110138e-22
3.440902385191292989e+00 -2.761581663265414612e-21 6.275865737703811577e-22
3.441567385190864581e+00 -6.405377104559713128e-22 4.103575977020154624e-22
3.442232385190436172e+00 1.380013993977291391e-21 4.463427234390540064e-22
3.442897385190007764e+00 4.662626329443351503e-22 6.933063243333888979e-22
3.443562385189579356e+00 5.777591277857400715e-22 5.557216763172660122e-22
3.444227385189150947e+00 -1.791870133489311358e-21 3.715382131647124402e-22
3.444892385188722539e+00 -1.710240809979381936e-21 6.428634083000236590e-22
3.445557385188294131e+00 -1.171688539450574517e-21 4.457100732676978330e-22
3.446222385187865722e+00 1.107395655360765308e-21 5.351231744878755366e-22
3.446887385187437314e+00 6.435685786534734452e-22 6.574144244694495455e-22
3.447552385187008905e+00 4.556429086015179049e-22 5.354990506950822573e-22
3.448217385186580497e+00 6.232314441180294822e-22 6.292461078635149736e-22
3.448882385186152089e+00 -1.629169404545283501e-21 5.553967735115287778e-22
3.449547385185723680e+00 -6.794212642895405542e-22 3.844913305599042203e-22
3.450212385185295272e+00 -7.205131875925909252e-22 5.951772651173021054e-22
3.450877385184866863e+00 -9.529545441286632713e-22 3.300569717438513390e-22
3.451542385184438455e+00 1.008109301554340694e-22 3.097345810609683807e-22
3.452207385184010047e+00 -2.906377807079907068e-22 3.657171463826428113e-22
3.452872385183581638e+00 1.796420265451279133e-22 4.671461665537807597e-22
3.453537385183153230e+00 -4.569511175727815526e-22 5.361895224550367358e-22
3.454202385182724822e+00 -4.365653484580935610e-24 6.143372276308543168e-22
3.454867385182296413e+00 -6.627993774455339944e-22 3.991030994071271647e-22
3.455532385181868005e+00 -3.952232640548397694e-22 6.014149742702920130e-22
3.456197385181439596e+00 2.254052312936640009e-21 5.013680711822978065e-22
3.456862385181011188e+00 1.402795847576684181e-21 5.750346336972703193e-22
3.457527385180582780e+00 4.028951669684901862e-22 6.338681760639142138e-22
3.458192385180154371e+00 7.910870951106828797e-22 3.993781852018725054e-22
3.458857385179725963e+00 2.234444509399162961e-21 5.733459561757179274e-22
3.459522385179297554e+00 -3.260752165038245653e-22 6.940677348441116891e-22
3.460187385178869146e+00 7.533755537523958180e-22 6.597632057883384501e-22
3.460852385178440738e+00 4.455286075704428149e-22 5.809134039145446590e-22
3.461517385178012329e+00 6.092469146867253019e-22 4.364769420314290740e-22
3.462182385177583921e+00 8.344121572901229621e-22 5.205873821745165136e-22
3.462847385177155513e+00 7.241620233149319379e-22 5.223626896530336080e-22
3.463512385176727104e+00 7.784122950839390867e-22 5.663878746533946134e-22
3.464177385176298696e+00 1.572835494696731291e-22 4.860571680036480602e-22
3.464842385175870287e+00 -9.616418181184878843e-22 4.342337165853141043e-22
3.465507385175441879e+00 -1.113562721927078578e-21 3.980026501918539113e-22
3.466172385175013471e+00 4.514618705770131344e-22 8.730207268409742786e-22
3.466837385174585062e+00 7.435666910322360756e-23 3.982279356166954148e-22
3.467502385174156654e+00 -1.010065898829008633e-21 4.007829527007629521e-22
3.468167385173728245e+00 -2.186838175165830283e-22 4.675139117713318134e-22
3.468832385173299837e+00 8.753714447754098862e-22 4.387641313442675753e-22
3.469497385172871429e+00 -1.760691083082403921e-22 6.350404420314014129e-22
3.470162385172443020e+00 -7.729622353666537826e-23 7.562434559815429802e-22
3.470827385172014612e+00 1.281267883144130438e-23 6.145033172326330987e-22
3.471492385171586204e+00 4.680158074221321520e-22 6.134768215402833734e-22
3.472157385171157795e+00 2.839733957293196712e-22 3.901990801302583241e-22
3.472822385170729387e+00 1.205444914715499317e-21 3.889501600779655247e-22
3.473487385170300978e+00 7.515020043019775726e-22 6.187011829992777092e-22
3.474152385169872570e+00 7.924465408682692781e-22 5.427385224695242511e-22
3.474817385169444162e+00 2.295891873282028285e-21 4.745162626275978174e-22
3.475482385169015753e+00 -9.793492532003435393e-22 4.635283745549517043e-22
3.476147385168587345e+00 -1.715664693574442095e-21 5.491837011115100279e-22
3.476812385168158936e+00 -2.456111343584091622e-21 4.183174759917263841e-22
3.477477385167730528e+00 -3.349007355925352040e-23 5.180543765522483010e-22
3.478142385167302120e+00 7.758211518944640595e-22 5.499170906056324045e-22
3.478807385166873711e+00 1.226283177881440399e-21 4.457400321990411799e-22
3.479472385166445303e+00 6.706390918739013857e-22 5.829065523464881731e-22
3.480137385166016895e+00 7.505064585936100585e-22 4.456463905505870905e-22
3.480802385165588486e+00 -8.552551904530030423e-22 1.610326258879984964e-21
3.481467385165160078e+00 -8.819745135407781980e-22 1.028577454013619560e-21
3.482132385164731669e+00 -7.230664187193136989e-22 3.866404398595474542e-22
3.482797385164303261e+00 -3.819614501357180319e-22 4.220711552854374792e-22
3.483462385163874853e+00 6.996397663981010070e-23 4.581048954506714976e-22
3.484127385163446444e+00 -2.808374586299663802e-22 5.274429181180523748e-22
3.484792385163018036e+00 -1.643900877021713350e-22 5.627359555466625319e-22
3.485457385162589627e+00 6.647059585126800368e-22 3.898046963405522045e-22
3.486122385162161219e+00 6.155787607545298011e-22 5.003325258353354826e-22
3.486787385161732811e+00 7.455375489742700190e-22 4.819082674569067638e-22
3.487452385161304402e+00 1.261444025194358634e-21 5.967016460525722539e-22
3.488117385160875994e+00 9.519200351282964851e-22 3.650566760292092294e-22
3.488782385160447586e+00 -1.824142906577025394e-21 4.436887820513832409e-22
3.489447385160019177e+00 -1.329636729066129867e-21 3.422850919426152026e-22
3.490112385159590769e+00 -9.565313864885394110e-22 5.663612165669114322e-22
3.490777385159162360e+00 4.188951204967750559e-23 5.779381667524832031e-22
3.491442385158733952e+00 -1.676830583912584958e-21 4.573713145287366562e-22
3.492107385158305544e+00 -7.273976563394124750e-22 5.839570432863691850e-22
3.492772385157877135e+00 5.713859777513243328e-22 4.551605489566401552e-22
3.493437385157448727e+00 -1.707923630449162729e-23 4.227673107456434532e-22
3.494102385157020318e+00 8.014913698529208692e-22 4.163073896154207423e-22
3.494767385156591466e+00 -7.357938372728035930e-22 4.334928308667105084e-22
3.495432385156163058e+00 -1.718168472492918563e-21 4.555218669495038593e-22
3.496097385155734649e+00 3.460289436323131136e-22 5.934092389150811515e-22
3.496762385155306241e+00 2.433800549597982487e-21 6.379627810117620280e-22
3.497427385154877832e+00 -1.522770858696516484e-22 3.328903153422333748e-22
3.498092385154449424e+00 -3.274642040229242884e-22 7.302490964657121467e-22
3.498757385154021016e+00 3.014798111143067754e-23 4.132252898428962508e-22
3.499422385153592607e+00 -1.093008868265379101e-21 5.329193645174679057e-22
3.500087385153164199e+00 1.543399057534563056e-22 7.652470612508876327e-22
3.500752385152735791e+00 8.509129074097929321e-22 6.024786998017081377e-22
3.501417385152307382e+00 8.986318399453451964e-22 5.007171191640022676e-22
3.502082385151878974e+00 2.243254984880618660e-21 5.103152842882540502e-22
3.502747385151450565e+00 2.763211659664246921e-21 5.867888221016948372e-22
3.503412385151022157e+00 -2.369111391945044002e-22 5.356037066412815802e-22
3.504077385150593749e+00 6.270949485144346671e-22 5.454146767402665281e-22
3.504742385150165340e+00 2.457344806802295836e-21 5.414805556801621658e-22
3.505407385149736932e+00 -7.346133745508572830e-22 3.386366843976869850e-22
3.506072385149308523e+00 -1.461546793400302235e-21 3.996475243355158022e-22
3.506737385148880115e+00 2.580144893323540270e-21 4.766262048370347680e-22
3.507402385148451707e+00 4.702943828375498885e-22 4.397405629348528558e-22
3.508067385148023298e+00 -1.135976375404187986e-21 8.608511618628097047e-22
3.508732385147594890e+00 -1.221542909834397018e-21 6.152040223095591647e-22
3.509397385147166482e+00 1.347676374847639604e-21 4.987382063382263969e-22
3.510062385146738073e+00 -1.946173674094702066e-22 5.102423279113013060e-22
3.510727385146309665e+00 -3.695897100143241756e-22 3.482143928991923961e-22
3.511392385145881256e+00 -1.570623385755956241e-21 5.027043237761476141e-22
3.512057385145452848e+00 -5.745619365042483484e-22 7.555096958846934476e-22
3.512722385145024440e+00 1.253755654280851410e-21 7.731347378380549361e-22
3.513387385144596031e+00 1.431542833481869532e-21 4.614053337152561850e-22
3.514052385144167623e+00 4.334659683377351536e-22 4.626842276972061558e-22
3.514717385143739214e+00 -4.838631912451113971e-22 3.653022204003495099e-22
3.515382385143310806e+00 4.925969648670753984e-22 5.464686700974812389e-22
3.516047385142882398e+00 7.450354204719888913e-22 3.890705871628062539e-22
3.516712385142453989e+00 7.739744819218198861e-22 4.576205923962195878e-22
3.517377385142025581e+00 -1.108813384918418209e-21 6.909368607003933820e-22
3.518042385141597173e+00 7.652665705112572669e-22 4.970582996528454292e-22
3.518707385141168764e+00 2.099175669616318303e-21 3.838810136502936891e-22
3.519372385140740356e+00 -1.694490755613909794e-22 6.314119717414444360e-22
3.520037385140311947e+00 7.109212354796145086e-23 5.615353837303050212e-22
3.520702385139883539e+00 3.431185671826820728e-22 4.889893464868336039e-22
3.521367385139455131e+00 -2.055607229774299842e-22 3.729752263852958872e-22
3.522032385139026722e+00 -6.103786225644011926e-22 4.274886716943468047e-22
3.522697385138598314e+00 1.471828734618688959e-22 5.241440208130705511e-22
3.523362385138169905e+00 -1.301324242693378532e-21 6.807630395693228381e-22
3.524027385137741497e+00 -4.683359994200006600e-22 5.698274550653865710e-22
3.524692385137313089e+00 -5.873889283693124869e-22 4.225172208851477652e-22
3.525357385136884680e+00 -6.937491271799205275e-23 6.296630616061956838e-22
3.526022385136456272e+00 -2.554570217309298329e-22 4.386572159939778528e-22
3.526687385136027864e+00 1.377563148380344078e-22 7.340100108341820935e-22
3.527352385135599455e+00 -9.076283847424280280e-23 4.837350319336045846e-22
3.528017385135171047e+00 -2.343315599967264281e-22 3.396969733712954121e-22
3.528682385134742638e+00 -3.870268739238963485e-22 4.421802864670757062e-22
3.529347385134314230e+00 -1.153961783905771996e-21 6.245812442664463800e-22
3.530012385133885822e+00 -1.075660481442730562e-22 4.825812656724644929e-22
3.530677385133457413e+00 3.962677406716353200e-23 3.794846258867808029e-22
3.531342385133029005e+00 6.121405770411375286e-22 5.267540111681312170e-22
3.532007385132600596e+00 3.946271404543200797e-22 5.559457503531120002e-22
3.532672385132172188e+00 -8.247181796377825199e-22 6.318738724871598629e-22
3.533337385131743780e+00 7.477704983565621094e-23 5.247902918325296557e-22
3.534002385131315371e+00 -4.827854661648299654e-22 3.118194736752811136e-22
3.534667385130886963e+00 -1.945350609902274085e-21 4.797674903862426788e-22
3.535332385130458555e+00 2.546510909488760448e-23 5.467601804015137228e-22
3.535997385130030146e+00 9.557208964169246965e-22 4.295009707657311044e-22
3.536662385129601738e+00 9.501544972509476475e-22 3.265963218149080967e-22
3.537327385129173329e+00 -1.360274936713569489e-21 6.014032215162392554e-22
3.537992385128744921e+00 -1.695310485518028655e-22 4.153502400436415566e-22
3.538657385128316513e+00 -7.748638339548597924e-22 5.494590419311050934e-22
3.539322385127888104e+00 -1.155896671683473199e-21 4.621169603089802797e-22
3.539987385127459696e+00 3.201942677185283679e-22 5.411208361511889588e-22
3.540652385127031287e+00 -9.003124914151801963e-22 7.179928988234472161e-22
3.541317385126602879e+00 7.157904071963315614e-22 5.315551853812469152e-22
3.541982385126174471e+00 -4.101996342839466536e-22 3.635069470621315908e-22
3.542647385125746062e+00 -9.973089293877410708e-22 5.858306697118522421e-22
3.543312385125317654e+00 -1.025971248044798652e-21 3.672441142099222907e-22
3.543977385124889246e+00 2.535252943821937013e-22 5.809024399251625033e-22
3.544642385124460837e+00 1.200183064288952372e-21 6.442113832822420617e-22
3.545307385124032429e+00 1.876549669316365759e-21 5.931928270399377831e-22
3.545972385123604020e+00 5.347893262531217372e-22 4.613924471091349491e-22
3.546637385123175612e+00 3.132392185892214095e-22 6.577697880694782934e-22
3.547302385122747204e+00 7.561904833895446294e-22 5.113199894247652745e-22
3.547967385122318795e+00 -6.632854825501523134e-22 4.040196857192412357e-22
3.548632385121890387e+00 -6.808022928801238865e-22 5.768351147471162104e-22
3.549297385121461978e+00 5.544922741525245920e-22 7.122393959049219527e-22
3.549962385121033570e+00 1.620099266746046354e-21 3.801891659724927317e-22
3.550627385120605162e+00 1.253034059294410721e-21 4.797364181229356335e-22
3.551292385120176753e+00 4.523948853715109451e-22 4.305670454011579983e-22
3.551957385119748345e+00 8.259900026590702267e-22 4.141713501518269130e-22
3.552622385119319937e+00 4.235613159439438378e-22 5.425024807183306554e-22
3.553287385118891528e+00 -6.439780576377797876e-23 3.710742681942369521e-22
3.553952385118463120e+00 -5.630777398958444629e-22 4.091879781335702014e-22
3.554617385118034711e+00 1.962900797254321300e-21 4.082253593483388346e-22
3.555282385117606303e+00 -1.031968760860766658e-22 5.461789555283280942e-22
3.555947385117177895e+00 5.410296527008896340e-22 3.844987276606996571e-22
3.556612385116749486e+00 4.414209338167805835e-22 3.181546775145533111e-22
3.557277385116321078e+00 -4.715102669803366632e-22 4.389224500467162535e-22
3.557942385115892669e+00 2.249985137782781446e-22 4.205243149447584350e-22
3.558607385115464261e+00 -3.033385805853736708e-22 4.005175391462324348e-22
3.559272385115035853e+00 3.634476086773499680e-23 5.750805352870317102e-22
3.559937385114607444e+00 4.771767472677179033e-22 4.809107335256736049e-22
3.560602385114179036e+00 7.691488319621983836e-22 5.009237411941091637e-22
3.561267385113750628e+00 -7.179743278131996112e-22 6.449444212765543180e-22
3.561932385113322219e+00 2.673987774716892757e-22 5.463930136107074135e-22
3.562597385112893811e+00 -4.082480422535697758e-23 4.418413122544628739e-22
3.563262385112465402e+00 1.740846668623449691e-22 4.439603289051274578e-22
3.563927385112036994e+00 -1.326755405286166030e-21 4.517855683562983010e-22
3.564592385111608586e+00 1.144849754676965900e-21 5.085149721933681714e-22
3.565257385111180177e+00 4.043908953325967829e-22 4.049748549454823273e-22
3.565922385110751769e+00 5.606789674168941603e-22 6.144770425722733825e-22
3.566587385110323360e+00 2.007067418826633594e-21 4.315626483307172425e-22
3.567252385109894952e+00 4.394681459635729020e-22 3.190624938123117823e-22
3.567917385109466544e+00 9.488875043937337373e-22 3.958413120640341095e-22
3.568582385109038135e+00 -2.530360080047073835e-22 4.034146943727246660e-22
3.569247385108609727e+00 7.278283677441287726e-23 4.015852472807772925e-22
3.569912385108181319e+00 1.065236617487922845e-21 4.029416006282068388e-22
3.570577385107752910e+00 -9.833686830974055822e-22 4.463076731613097143e-22
3.571242385107324502e+00 -9.846941710091775228e-22 5.311654185909264060e-22
3.571907385106896093e+00 2.758612104543791279e-22 4.633946460641025597e-22
3.572572385106467685e+00 6.415103861196776406e-22 4.002635507305540147e-22
3.573237385106039277e+00 9.465036365245266083e-22 4.730994951378470605e-22
3.573902385105610868e+00 -7.952729935014239067e-22 6.411714552274101010e-22
3.574567385105182460e+00 -7.431523587806852636e-22 4.796435713503358749e-22
3.575232385104754051e+00 9.637896838545301799e-23 5.649083332463811880e-22
3.575897385104325643e+00 1.354004122908354538e-21 6.285261003235149568e-22
3.576562385103897235e+00 6.416338055265067160e-22 4.392904878710341549e-22
3.577227385103468826e+00 -4.390917054316227938e-22 4.745279633449579652e-22
3.577892385103040418e+00 -2.668476695204085576e-22 5.091056917093724291e-22
3.578557385102612010e+00 -1.685323176520611425e-22 4.631245262137004256e-22
3.579222385102183601e+00 -8.839207743978520186e-24 6.092045376314000508e-22
3.579887385101755193e+00 -1.666544090868372549e-22 6.190092823157300331e-22
3.580552385101326784e+00 2.224135351079494631e-22 5.683942726933412114e-22
3.581217385100898376e+00 3.872522759930611861e-22 6.551511805596518934e-22
3.581882385100469968e+00 1.930604838494040007e-21 6.005345473612159753e-22
3.582547385100041559e+00 1.462938961346992988e-21 4.879000752484315992e-22
3.583212385099613151e+00 2.659676412128427048e-22 5.242881880518421742e-22
3.583877385099184743e+00 1.270377543941236545e-21 4.912865415473287714e-22
3.584542385098756334e+00 -2.962645834447008569e-22 5.930184621556647595e-22
3.585207385098327926e+00 6.880371206733341430e-22 9.150264547781072814e-22
3.585872385097899517e+00 6.452368677510166085e-22 3.020036444039434114e-22
3.586537385097471109e+00 -8.973721409000439106e-22 4.329144443551158475e-22
3.587202385097042701e+00 4.735345325767218956e-22 5.013284311437322172e-22
3.587867385096614292e+00 8.137722046022338174e-22 4.985590498860784889e-22
3.588532385096185884e+00 9.084855675217517953e-22 5.328695740910464259e-22
3.589197385095757475e+00 6.112873273864523323e-22 5.224081130540460479e-22
3.589862385095329067e+00 -1.911443623985029321e-22 3.139395147165273022e-22
3.590527385094900659e+00 -1.162169998304086329e-21 3.674622766553261345e-22
3.591192385094472250e+00 2.350018888363546690e-22 5.864686996981336401e-22
3.591857385094043842e+00 -6.085869747297627248e-22 3.866190916520444077e-22
3.592522385093615434e+00 5.471218177728791559e-22 3.873840746303437232e-22
3.593187385093187025e+00 2.238282645724522168e-21 6.179464463879327005e-22
3.593852385092758617e+00 1.357801317093911676e-21 5.365461570351457312e-22
3.594517385092330208e+00 8.287003416618371952e-22 4.979571671912354212e-22
3.595182385091901800e+00 6.268568393307220909e-22 6.500783642782278470e-22
3.595847385091473392e+00 7.617478865394764295e-22 6.579924137616411586e-22
3.596512385091044983e+00 -2.257456993801435320e-22 6.564531141509044924e-22
3.597177385090616575e+00 7.824764840794968642e-22 7.234895786613362712e-22
3.597842385090188166e+00 -1.122731592821292221e-22 3.793546509364474287e-22
3.598507385089759758e+00 9.813819339440437701e-22 4.298363482913985554e-22
3.599172385089331350e+00 -8.917759503177347326e-22 4.284175935719207491e-22
3.599837385088902941e+00 2.245925161784379542e-22 6.994975570767021721e-22
3.600502385088474533e+00 -1.099416573683129868e-21 5.264878593908371019e-22
3.601167385088046125e+00 -4.739113362777246651e-22 6.486501171344686072e-22
3.601832385087617716e+00 -1.304139578609577495e-22 3.594920280789651146e-22
3.602497385087189308e+00 9.613216471518367172e-22 5.356471396623806308e-22
3.603162385086760899e+00 -1.156851358549902875e-21 4.663596854730562084e-22
3.603827385086332491e+00 -4.331495046059296084e-22 6.033770873941583451e-22
3.604492385085904083e+00 1.582104890398003737e-21 4.126839786157258200e-22
3.605157385085475674e+00 1.122581625955908048e-21 4.427804366636173707e-22
3.605822385085047266e+00 2.141028699091384687e-21 4.691832273466303556e-22
3.606487385084618857e+00 2.016354430918394780e-21 5.951301059548445324e-22
3.607152385084190449e+00 2.150041760238998423e-21 4.916434117038448941e-22
3.607817385083762041e+00 9.787804089711956984e-22 4.115202920730201768e-22
3.608482385083333632e+00 4.932921251458019668e-22 6.036995210915969788e-22
3.609147385082905224e+00 2.234917603322802570e-21 4.588397514687904583e-22
3.609812385082476816e+00 6.384049378395206805e-22 5.851520307797298785e-22
3.610477385082048407e+00 -8.422998050882926320e-22 4.432851954329546105e-22
3.611142385081619999e+00 9.783953608873816273e-22 4.251152698063618514e-22
3.611807385081191590e+00 1.377202973403993441e-21 5.214357306193425593e-22
3.612472385080763182e+00 1.255910462458726235e-21 5.346312796907760150e-22
3.613137385080334774e+00 3.425125089181361961e-21 6.676674913551809923e-22
3.613802385079906365e+00 2.123164178555703482e-21 4.073148121704687887e-22
3.614467385079477957e+00 -4.644364099207188605e-22 4.010242894349827433e-22
3.615132385079049548e+00 -1.118522519111611226e-21 4.685171852681806476e-22
3.615797385078621140e+00 2.225572093951414736e-21 5.050190679738742016e-22
3.616462385078192732e+00 2.927016948315961072e-22 6.526918383188109057e-22
3.617127385077764323e+00 1.033236500756908915e-21 7.991891839333888872e-22
3.617792385077335915e+00 -8.774892948865747250e-22 4.712636098189572341e-22
3.618457385076907507e+00 -4.688164902208829647e-22 4.905495952556989377e-22
3.619122385076479098e+00 2.432833212773286757e-22 5.012328205920105550e-22
3.619787385076050690e+00 4.423650572798372862e-22 8.569713464031009500e-22
3.620452385075622281e+00 1.202383732002693544e-21 4.863673360138390389e-22
3.621117385075193873e+00 1.352948030713229987e-21 7.283151753477049160e-22
3.621782385074765465e+00 -2.208634508870889681e-23 5.477974529970017175e-22
3.622447385074337056e+00 6.881902189990944319e-22 6.531934062358669156e-22
3.623112385073908648e+00 -3.890996971240875961e-22 6.426187075440324489e-22
3.623777385073480239e+00 3.683608461345454744e-23 5.489038567018551811e-22
3.624442385073051831e+00 -3.231178661202450698e-22 3.954550223663113102e-22
3.625107385072623423e+00 3.543486009347132138e-22 4.261029986076157446e-22
3.625772385072195014e+00 1.613632517438358439e-22 4.746217720141957945e-22
3.626437385071766606e+00 7.275823465993368333e-22 7.913562026477132544e-22
3.627102385071338198e+00 5.477711991720043980e-22 5.987538075990922328e-22
3.627767385070909789e+00 -6.881044604895943843e-22 5.734012228575560535e-22
3.628432385070481381e+00 9.373874835119643528e-22 4.782340804028579042e-22
3.629097385070052972e+00 1.088372401797072049e-21 6.267697219998605255e-22
3.629762385069624564e+00 -9.046180067892581269e-22 6.182240296254810456e-22
3.630427385069196156e+00 -2.090685836692574701e-21 7.663462843496890180e-22
3.631092385068767747e+00 -6.810180824141513980e-22 6.614148857598506512e-22
3.631757385068339339e+00 9.147073610023090307e-22 7.729086012419417713e-22
3.632422385067910930e+00 1.379660365223798330e-21 6.810742682512203230e-22
3.633087385067482522e+00 1.922009712924987386e-22 5.276131870693422009e-22
3.633752385067054114e+00 -2.547081303028804197e-22 5.646664458246604968e-22
3.634417385066625705e+00 -7.786563685970710582e-23 5.958615770814031156e-22
3.635082385066197297e+00 9.961610530839772356e-22 5.100928131246211109e-22
3.635747385065768889e+00 4.846146018145140005e-22 6.107432799945055929e-22
3.636412385065340480e+00 9.345710359662050373e-22 4.066468097806891581e-22
3.637077385064912072e+00 9.126873469609466541e-22 5.425843418735889532e-22
3.637742385064483663e+00 -6.751701213243010127e-22 5.329620255607164642e-22
3.638407385064055255e+00 -1.585444476816372247e-21 6.346768105354716421e-22
3.639072385063626847e+00 -1.151740936326146973e-21 4.344363422660072091e-22
3.639737385063198438e+00 -1.229386316754181374e-21 6.327977233405920687e-22
3.640402385062770030e+00 2.350209256278865237e-22 4.249519334914016065e-22
3.641067385062341621e+00 2.259180657317069309e-22 3.303245912633189181e-22
3.641732385061913213e+00 -1.282945071307336265e-22 3.020644150981715864e-22
3.642397385061484805e+00 2.639901152925350615e-22 3.895727337348594232e-22
3.643062385061056396e+00 1.069372950731191677e-21 5.407117576521203827e-22
3.643727385060627988e+00 -9.915358504720859305e-23 4.769791226778321732e-22
3.644392385060199580e+00 -9.322479878176734510e-22 4.697947502546642824e-22
3.645057385059771171e+00 -7.550157114763130299e-22 4.306079402061985933e-22
3.645722385059342763e+00 5.588379222570384695e-22 5.116059511130176680e-22
3.646387385058914354e+00 -1.008416498660033401e-21 3.080413119978771379e-22
3.647052385058485946e+00 -1.708023864602639863e-21 3.237709432895780117e-22
3.647717385058057538e+00 -5.143745978234665743e-22 5.403000037631698397e-22
3.648382385057629129e+00 7.624509005943463528e-22 4.596792543436377947e-22
3.649047385057200721e+00 2.750916160463440465e-22 5.339564350571479603e-22
3.649712385056772312e+00 -2.068261529347876996e-21 5.448253579746393910e-22
3.650377385056343904e+00 -1.055066675243944828e-21 3.720760742044451869e-22
3.651042385055915496e+00 -3.260503093775859342e-22 3.415949252362361158e-22
3.651707385055487087e+00 -9.534349981421432041e-22 3.953217675301419846e-22
3.652372385055058679e+00 -4.032476008340641845e-23 4.423042007530830233e-22
3.653037385054630271e+00 -6.159701851275086179e-22 4.274511081720194024e-22
3.653702385054201862e+00 -5.158246040760694185e-22 3.842684252908125449e-22
3.654367385053773454e+00 -9.169402289107680958e-22 5.317066769915727396e-22
3.655032385053345045e+00 -8.298998519423217409e-22 5.052998779003340621e-22
3.655697385052916637e+00 9.159023068815237602e-24 5.534405608137300547e-22
3.656362385052488229e+00 8.555019173018265507e-22 3.282830754287007424e-22
3.657027385052059820e+00 -2.868281255370558073e-22 3.231479956021195570e-22
3.657692385051631412e+00 6.458208451029113840e-22 3.071585739448412759e-22
3.658357385051203003e+00 -7.695785932962869336e-22 3.971168905442896944e-22
3.659022385050774595e+00 -5.634481279759386732e-22 4.657481490383882639e-22
3.659687385050346187e+00 8.961352702472879396e-22 5.003019926068014575e-22
3.660352385049917778e+00 2.292803545603795084e-21 6.514230465657063300e-22
3.661017385049489370e+00 2.347659122410271754e-22 4.514223579720908232e-22
3.661682385049060962e+00 -9.226621675839426398e-22 6.250231445994890537e-22
3.662347385048632553e+00 -2.647544291299470007e-22 5.432531905847589922e-22
3.663012385048204145e+00 -2.055865441917191251e-21 5.262364872889939233e-22
3.663677385047775736e+00 -2.417107357745677494e-23 3.635432388094506438e-22
3.664342385047347328e+00 -8.221085519327673341e-22 3.925755655183883784e-22
3.665007385046918920e+00 -1.541231511812771572e-21 5.001949805119894200e-22
3.665672385046490511e+00 3.835032923647319274e-22 3.924184357388111048e-22
3.666337385046062103e+00 5.055448735219493359e-22 3.802065886242287867e-22
3.667002385045633694e+00 7.452884238084609302e-22 4.136405768910588646e-22
3.667667385045205286e+00 2.292805987613453166e-22 4.691448252294683690e-22
3.668332385044776878e+00 1.205943349651888104e-21 4.036566844242921048e-22
3.668997385044348469e+00 1.481327109527731613e-21 3.067967980965302803e-22
3.669662385043920061e+00 1.015043606825807683e-21 3.950282004817637833e-22
3.670327385043491653e+00 -1.044391290904177013e-21 3.158810020994646878e-22
3.670992385043063244e+00 5.554404984383455498e-22 3.959737918900376064e-22
3.671657385042634836e+00 -6.544054567147455540e-22 5.019091781665054153e-22
3.672322385042206427e+00 1.136539676011353845e-21 4.121625413840611607e-22
3.672987385041778019e+00 3.333515280775271086e-23 4.245618651529115801e-22
3.673652385041349611e+00 2.027364002329731394e-22 4.419641842921776535e-22
3.674317385040921202e+00 -6.276324045135084131e-22 2.893341891624174037e-22
3.674982385040492794e+00 -1.167848652186152652e-22 5.083355732025458242e-22
3.675647385040064385e+00 9.152655255134961336e-22 4.665435242116920148e-22
3.676312385039635977e+00 2.159045654455015199e-22 5.202041481572169129e-22
3.676977385039207569e+00 -3.501686002490600155e-22 6.273236323443332410e-22
3.677642385038779160e+00 -1.567990168993996072e-22 3.597656135871263826e-22
3.678307385038350752e+00 4.068640531000681125e-22 6.455040975220424566e-22
3.678972385037922344e+00 -3.994754890682966772e-22 5.796341285978948796e-22
3.679637385037493935e+00 2.573248386047137645e-22 4.529812795576800604e-22
3.680302385037065527e+00 8.710430056082192423e-22 3.602086355186672373e-22
3.680967385036637118e+00 -7.380935322019325931e-22 5.919783567749004123e-22
3.681632385036208710e+00 -7.191894355185018207e-24 5.657062797744493875e-22
3.682297385035780302e+00 1.029661024103136389e-22 6.317305879531442867e-22
3.682962385035351893e+00 6.292710292702810030e-22 3.877599914357030811e-22
3.683627385034923485e+00 2.602571150125755397e-22 3.755639117397690957e-22
3.684292385034495076e+00 -7.177377384982825173e-22 6.198235190089669730e-22
3.684957385034066668e+00 -8.525389837877108279e-22 3.402284567691356413e-22
3.685622385033638260e+00 6.688666619146004296e-22 3.306617734991410468e-22
3.686287385033209851e+00 -6.604895061722887899e-22 5.497339677333492986e-22
3.686952385032781443e+00 -4.650205772393138471e-23 3.824364442550481169e-22
3.687617385032353035e+00 -9.886309887352448475e-22 4.176057394619320002e-22
3.688282385031924626e+00 6.499771437657622256e-22 4.454679329366577354e-22
3.688947385031496218e+00 -1.585049605183895460e-22 2.964216138618965121e-22
3.689612385031067809e+00 -9.069938312653196453e-22 5.556237672004796557e-22
3.690277385030639401e+00 6.097113044339329889e-23 7.186869222468138185e-22
3.690942385030210993e+00 9.640343570817176711e-22 7.185169006766418614e-22
3.691607385029782584e+00 -2.237894450727677270e-22 4.499836267897614012e-22
3.692272385029354176e+00 4.397960092595160896e-22 5.453418398843733792e-22
3.692937385028925767e+00 -6.310516446829866817e-22 2.811944219528417676e-22
3.693602385028497359e+00 -3.374358484124327625e-22 3.581602523033645992e-22
3.694267385028068951e+00 2.938210635737730388e-22 3.113776050972276207e-22
3.694932385027640542e+00 -8.320874554510110386e-22 4.883365693414989544e-22
3.695597385027212134e+00 -2.251400207486076526e-22 4.495823726774479419e-22
3.696262385026783726e+00 4.248893679029719171e-22 4.720247676656668237e-22
3.696927385026355317e+00 -6.596143947838117853e-23 3.116887949585506999e-22
3.697592385025926909e+00 -8.366468582409052602e-22 3.440879266344841200e-22
3.698257385025498500e+00 1.130350551959706015e-22 4.389665309943686163e-22
3.698922385025070092e+00 1.704030834267989490e-22 4.641851808889278875e-22
3.699587385024641684e+00 -1.569352741309351428e-21 3.865445530230974745e-22
3.700252385024213275e+00 -8.044502934514039638e-22 3.245365329962305010e-22
3.700917385023784867e+00 9.378134960691311283e-22 5.032988554099165204e-22
3.701582385023356458e+00 3.421814984955038209e-22 4.642404603858759338e-22
3.702247385022928050e+00 9.922910594380379394e-22 6.736947939976694049e-22
3.702912385022499642e+00 -1.700869994905584759e-21 4.001891759303449395e-22
3.703577385022071233e+00 -1.580952341738618861e-21 3.756766448605401783e-22
3.704242385021642825e+00 -1.199787341957961938e-21 3.496538736429641813e-22
3.704907385021214417e+00 -2.834461979057104065e-22 4.556675831533362388e-22
3.705572385020786008e+00 -1.170168656640140428e-21 4.362627818087526759e-22
3.706237385020357600e+00 2.950645830640074845e-22 3.052047991085471919e-22
3.706902385019929191e+00 7.667390746641891596e-22 4.037076886305221868e-22
3.707567385019500783e+00 -4.190927519565867041e-22 4.392933972351428805e-22
3.708232385019072375e+00 -2.555181248727029560e-22 3.782936422183062004e-22
3.708897385018643966e+00 -6.041981176737095859e-22 6.021328892812670467e-22
3.709562385018215558e+00 -8.863237644699201199e-22 4.583537896149605509e-22
3.710227385017787149e+00 1.025699710081335232e-21 4.744385186865763582e-22
3.710892385017358741e+00 8.958019340849745216e-22 3.938210834114050111e-22
3.711557385016930333e+00 -3.590404791049458874e-22 4.089237805034151958e-22
3.712222385016501924e+00 2.503095805257478418e-22 4.539753764810124023e-22
3.712887385016073516e+00 -5.797468069921666478e-22 4.292317786811603669e-22
3.713552385015645108e+00 1.099875484921967825e-21 4.448517100037965697e-22
3.714217385015216699e+00 1.647388104580891842e-21 4.642327825491326417e-22
3.714882385014788291e+00 -1.471945531875151778e-22 5.207161610855653058e-22
3.715547385014359882e+00 -2.124285043500522610e-22 5.213358959608341533e-22
3.716212385013931474e+00 1.177886886922373980e-21 6.088377917718481232e-22
3.716877385013503066e+00 7.342447029883384889e-22 4.813685417408268368e-22
3.717542385013074657e+00 3.710257530111765272e-23 5.779763633441579398e-22
3.718207385012646249e+00 2.037682548168897606e-22 4.897534121974921413e-22
3.718872385012217840e+00 8.575662524581406641e-22 4.010429816950114795e-22
3.719537385011789432e+00 2.058751065210607162e-21 4.095015866263169865e-22
3.720202385011361024e+00 9.868453002294442420e-22 5.393979717295883053e-22
3.720867385010932615e+00 -2.978098807206803600e-22 3.947929431677542101e-22
3.721532385010504207e+00 -1.455648643869657044e-22 6.220945146238052946e-22
3.722197385010075799e+00 -1.460539365499360942e-21 6.265612108535132532e-22
3.722862385009647390e+00 8.397775254359735822e-22 4.742948672054149223e-22
3.723527385009218982e+00 8.788328197732424528e-22 4.242428691814249579e-22
3.724192385008790573e+00 -7.357916399161579407e-22 5.617357077899900473e-22
3.724857385008362165e+00 -1.321853923294976475e-21 5.951289659977498466e-22
3.725522385007933757e+00 6.563972777360483841e-22 4.641350547674598919e-22
3.726187385007505348e+00 1.186039564061002545e-21 3.254893248410574214e-22
3.726852385007076940e+00 -1.840277416735969020e-21 3.177934521951225719e-22
3.727517385006648531e+00 -7.583948566677919067e-24 5.199219739620554072e-22
3.728182385006220123e+00 1.478722129191302151e-21 6.793226616917445077e-22
3.728847385005791715e+00 3.865455121505113138e-22 4.402370656147024005e-22
3.729512385005363306e+00 1.571260039488683658e-21 4.323790469146710967e-22
3.730177385004934898e+00 9.153618503177426716e-22 5.232399093002569810e-22
3.730842385004506490e+00 3.882215419989756437e-22 4.507461135326215958e-22
3.731507385004078081e+00 6.334360250879740044e-22 4.905257890134693538e-22
3.732172385003649673e+00 -2.523265220726809701e-22 5.160962632159503803e-22
3.732837385003221264e+00 -6.287415600097190397e-22 4.031599948893115836e-22
3.733502385002792856e+00 -2.947114463569402989e-22 5.291311612921272604e-22
3.734167385002364448e+00 5.324911248680671324e-22 9.387225791892073017e-22
3.734832385001936039e+00 -2.553892014237268976e-22 7.742814395060429103e-22
3.735497385001507631e+00 -1.501911425093903949e-21 4.622815074018869931e-22
3.736162385001079222e+00 -2.137445642051631623e-21 5.732180121805769172e-22
3.736827385000650814e+00 -1.605138861710472047e-21 6.213996826975438481e-22
3.737492385000222406e+00 -5.133261583266546950e-22 4.075505141166242383e-22
3.738157384999793997e+00 -7.291171747061021359e-22 5.360820564011923400e-22
3.738822384999365589e+00 -1.366420709702494602e-21 5.880272490499237706e-22
3.739487384998937181e+00 1.300282281046667655e-21 3.658098100085843521e-22
3.740152384998508772e+00 3.775688997838124753e-22 4.214726969166775281e-22
3.740817384998080364e+00 -7.579881839134708690e-23 3.698318057647012865e-22
3.741482384997651955e+00 -6.534573621494387193e-22 4.318846015611900696e-22
3.742147384997223547e+00 -2.093748617120180144e-22 3.799547369577144070e-22
3.742812384996795139e+00 -7.045733721544081695e-22 5.783550550717454699e-22
3.743477384996366730e+00 -8.031000323031083258e-22 5.046836760770012949e-22
3.744142384995938322e+00 -4.912654541332962388e-22 7.735288816750140390e-22
3.744807384995509913e+00 2.160089617860813353e-22 5.361557166063055591e-22
3.745472384995081505e+00 1.309492907918128715e-22 4.706297263331842913e-22
3.746137384994653097e+00 8.998367225907789983e-22 4.036694199535214723e-22
3.746802384994224688e+00 1.400763832444267948e-21 4.542434804142819999e-22
3.747467384993796280e+00 1.545019363633836780e-21 4.309170975595400624e-22
3.748132384993367872e+00 1.336792315183380179e-21 4.521150974187910545e-22
3.748797384992939463e+00 -7.460125959332019050e-22 4.121575559334194054e-22
3.749462384992511055e+00 -6.090344044991920132e-22 3.711963023413716116e-22
3.750127384992082646e+00 8.832202042211381069e-22 4.463601872725036565e-22
3.750792384991654238e+00 -6.949241894439031870e-22 4.182756951714769727e-22
3.751457384991225830e+00 1.047763575383555805e-21 4.652395152563033363e-22
3.752122384990797421e+00 9.694414885392768814e-22 6.089359064987321204e-22
3.752787384990369013e+00 -2.306348662194951609e-21 5.893587118704552015e-22
3.753452384989940604e+00 -1.187471563938683330e-22 3.470438847825338149e-22
3.754117384989512196e+00 -1.933167462462723465e-22 3.796255845882817138e-22
3.754782384989083788e+00 -7.986903127987337274e-22 5.974795719319151116e-22
3.755447384988655379e+00 -1.562284227723035251e-21 4.106678184360501663e-22
3.756112384988226971e+00 -1.512291074922954982e-21 5.060229160651525069e-22
3.756777384987798563e+00 1.397695443724960657e-22 7.300436378919659382e-22
3.757442384987370154e+00 2.243835242028048847e-22 4.676727920454268661e-22
3.758107384986941746e+00 9.457641756003470169e-22 3.146584602469621041e-22
3.758772384986513337e+00 -5.096417417800051543e-22 4.190311732296313797e-22
3.759437384986084929e+00 -4.344151830801286858e-22 3.959442893675908981e-22
3.760102384985656521e+00 -6.126612015788037350e-22 4.176741127092279957e-22
3.760767384985228112e+00 -6.890768165067269322e-22 6.382858745939979135e-22
3.761432384984799704e+00 8.156323830320407682e-22 4.022564017541095840e-22
3.762097384984371296e+00 9.852328458626028267e-22 5.914552092898828979e-22
3.762762384983942887e+00 -8.672326876095780679e-22 3.903243381014457147e-22
3.763427384983514479e+00 -1.277473493812022088e-21 5.311307055278378550e-22
3.764092384983086070e+00 1.818149617152491214e-21 4.511996285764299974e-22
3.764757384982657662e+00 1.132766355339550840e-21 4.936902800396163699e-22
3.765422384982229254e+00 6.561989431672453857e-23 6.111546881857277686e-22
3.766087384981800845e+00 -8.599853423513916093e-22 5.589261412490844920e-22
3.766752384981372437e+00 3.836224459518981659e-22 6.017467512278416905e-22
3.767417384980944028e+00 8.332510532323391197e-22 7.412631905785400124e-22
3.768082384980515620e+00 -2.804242960356452197e-22 5.354486896287558624e-22
3.768747384980087212e+00 -2.403886342551962053e-22 6.441294547773659527e-22
3.769412384979658803e+00 1.058237394167393700e-21 3.814018118914338141e-22
3.770077384979230395e+00 7.163468372087448000e-22 6.576946609430045679e-22
3.770742384978801987e+00 2.253897437254565573e-22 3.690045358740703058e-22
3.771407384978373578e+00 1.584189220949313880e-21 6.476670328580702707e-22
3.772072384977945170e+00 1.104974773782869741e-21 5.608220155763868019e-22
3.772737384977516761e+00 4.492821012560837784e-22 4.298840463545693781e-22
3.773402384977088353e+00 -8.848035579705764796e-22 4.982253388148030040e-22
3.774067384976659945e+00 -6.646986536902241335e-22 5.806299772113403048e-22
3.774732384976231536e+00 2.233482573606541311e-22 7.018224817570931608e-22
3.775397384975803128e+00 -1.389418985546599539e-21 4.869064550135457724e-22
3.776062384975374719e+00 2.301043025487486859e-22 4.210670966839791956e-22
3.776727384974946311e+00 1.352028300345087358e-21 5.681007005553928638e-22
3.777392384974517903e+00 3.955022012016896889e-23 6.384077764932759732e-22
3.778057384974089494e+00 8.102624587273526841e-22 5.065395168207575578e-22
3.778722384973661086e+00 -6.620400966758622885e-22 4.493059788631025864e-22
3.779387384973232678e+00 2.594093984438143797e-22 4.321627808580624264e-22
3.780052384972804269e+00 1.681816466623254922e-21 7.841711040343808011e-22
3.780717384972375861e+00 1.219790702303651012e-21 6.389369368063756297e-22
3.781382384971947452e+00 1.598239226810817291e-21 4.729166148268077911e-22
3.782047384971519044e+00 4.443013841126183483e-22 6.732800807880425191e-22
3.782712384971090636e+00 1.254143977101944603e-21 3.253430320663187112e-22
3.783377384970662227e+00 1.839849160014423403e-21 6.900433938472803059e-22
3.784042384970233819e+00 9.857031880414807407e-22 4.009215590034192118e-22
3.784707384969805410e+00 5.120788085688153258e-22 3.018995131857547923e-22
3.785372384969377002e+00 1.361726036740907920e-22 4.381896005989795619e-22
3.786037384968948594e+00 -6.347585072757927034e-23 6.096865157663879561e-22
3.786702384968520185e+00 4.095541007269463378e-22 6.273591010341674933e-22
3.787367384968091777e+00 -1.939516300955958176e-21 3.552026085464659296e-22
3.788032384967663369e+00 2.800563461386572671e-22 6.021582863571914185e-22
3.788697384967234960e+00 1.777055632768270372e-21 4.452816994091514573e-22
3.789362384966806552e+00 8.354614703896524017e-22 4.879059866961005975e-22
3.790027384966378143e+00 3.606303683941823029e-22 5.666816716918328116e-22
3.790692384965949735e+00 -8.366791526009606821e-22 4.499645502691140524e-22
3.791357384965521327e+00 -9.097453469864766780e-22 4.596492057911709439e-22
3.792022384965092918e+00 2.798895377966843428e-22 3.749241268437988900e-22
3.792687384964664510e+00 4.735319384397834362e-22 4.514050007033494655e-22
3.793352384964236101e+00 1.354192828821187804e-22 4.846994479268355010e-22
3.794017384963807693e+00 4.683150902919302622e-22 5.597239359310979590e-22
3.794682384963379285e+00 9.475213393602590433e-22 6.986208622396849579e-22
3.795347384962950876e+00 -9.723745192029199667e-22 5.810974767151129267e-22
3.796012384962522468e+00 -1.074248340562344932e-21 3.837198717821877460e-22
3.796677384962094060e+00 -5.190936569542732202e-22 3.080803423888601587e-22
3.797342384961665651e+00 -1.001783944520924253e-21 3.983642391833030386e-22
3.798007384961237243e+00 -1.340914351977199539e-22 3.777566347889940591e-22
3.798672384960808834e+00 2.076251444472569422e-22 3.946329689207290629e-22
3.799337384960380426e+00 2.768340178380570710e-22 3.065209810093698441e-22
3.800002384959952018e+00 3.652427013279730982e-22 3.724772065771193024e-22
3.800667384959523609e+00 2.019896341262650957e-21 4.255669405589120762e-22
3.801332384959095201e+00 6.836081508036030054e-22 3.556451214001153629e-22
3.801997384958666792e+00 1.129918741966412312e-21 4.680077743553134910e-22
3.802662384958238384e+00 2.162504009916432942e-21 5.503471669389253445e-22
3.803327384957809976e+00 3.944290922144183736e-21 4.860397136955885539e-22
3.803992384957381567e+00 2.587251919921066213e-21 5.538162736352434905e-22
3.804657384956953159e+00 2.230335681983663473e-21 5.995903036254582145e-22
3.805322384956524751e+00 1.913316972520269285e-21 6.100351068265764382e-22
3.805987384956096342e+00 3.741164205317106515e-21 6.671000498493566050e-22
3.806652384955667934e+00 3.571772228283865089e-21 5.749892430301210790e-22
3.807317384955239525e+00 2.109224130447758513e-21 5.536438463176730318e-22
3.807982384954811117e+00 2.043881911995628068e-21 4.116197305738804161e-22
3.808647384954382709e+00 1.751117236354707370e-21 4.326550843516731731e-22
3.809312384953954300e+00 1.796926163460516517e-21 4.505388414246362318e-22
3.809977384953525892e+00 2.893685898606720217e-21 6.528149700824918812e-22
3.810642384953097483e+00 2.168568607524267181e-21 6.474555109135858912e-22
3.811307384952669075e+00 1.941393518060086007e-21 4.228157437909743421e-22
3.811972384952240667e+00 2.395447002468971567e-21 4.867073844783574156e-22
3.812637384951812258e+00 5.101331716242484242e-22 4.129722730673551194e-22
3.813302384951383850e+00 2.992585853386865726e-22 3.935724487029660592e-22
3.813967384950955442e+00 1.589625237998958688e-21 4.837413773745806599e-22
3.814632384950527033e+00 1.242046728500121838e-21 5.603657981709651062e-22
3.815297384950098625e+00 1.121297713886338119e-21 4.583764038848191238e-22
3.815962384949670216e+00 2.606760776343953292e-22 5.106844055559068736e-22
3.816627384949241808e+00 1.720345436953654485e-21 4.779134728147131217e-22
3.817292384948813400e+00 1.554445919945996529e-21 5.751342624270395489e-22
3.817957384948384991e+00 1.312846175817942127e-21 4.876139564072587418e-22
3.818622384947956583e+00 7.316963413897107076e-22 4.327640994505334761e-22
3.819287384947528174e+00 1.316904416583422410e-21 5.272760524279395026e-22
3.819952384947099766e+00 1.467097413903618132e-21 6.656564887000885850e-22
3.820617384946671358e+00 2.245905656873257098e-21 5.301242127461175995e-22
3.821282384946242949e+00 3.520438182433957232e-21 5.863258201723476205e-22
3.821947384945814541e+00 2.305709848341828854e-21 3.511980084767986294e-22
3.822612384945386133e+00 1.416001196145953453e-21 6.810269429827893390e-22
3.823277384944957724e+00 1.580834266141122458e-21 4.819483659702738413e-22
3.823942384944529316e+00 3.425604673824110225e-22 4.328859091342044212e-22
3.824607384944100907e+00 -2.191974955333634046e-22 5.999274447531008787e-22
3.825272384943672499e+00 -1.545800338475448697e-21 3.918323106682978038e-22
3.825937384943244091e+00 1.473233859009451843e-21 4.073772060736529550e-22
3.826602384942815682e+00 1.712829674496121939e-22 7.775331363286062145e-22
3.827267384942387274e+00 1.929878029374472437e-21 4.970223196049270819e-22
3.827932384941958865e+00 9.273669448952333625e-23 3.360344142020867191e-22
3.828597384941530457e+00 -1.891535444254245342e-21 6.326586592515490928e-22
3.829262384941102049e+00 -1.519063124713665086e-21 5.168769594112966265e-22
3.829927384940673640e+00 -2.482480395063151099e-21 7.283167117865860570e-22
3.830592384940245232e+00 6.587809614122149651e-22 5.527838993290189981e-22
3.831257384939816824e+00 -7.933045863392066258e-22 3.345636516113527927e-22
3.831922384939388415e+00 -4.972056228984232043e-22 3.425538303450706635e-22
3.832587384938960007e+00 1.356006764800741175e-21 4.462164904271020818e-22
3.833252384938531598e+00 1.121662073689666109e-21 7.540125303160548816e-22
3.833917384938103190e+00 9.629969888840124285e-22 3.991096596448468426e-22
3.834582384937674782e+00 1.581657810336827452e-21 5.364245272967155638e-22
3.835247384937246373e+00 1.035195157837908491e-21 8.417998508666146361e-22
3.835912384936817965e+00 8.748286805963515932e-22 7.161917716568723113e-22
3.836577384936389556e+00 -7.118589765006818601e-22 5.373035235844046723e-22
3.837242384935961148e+00 2.075087607994433866e-21 4.730849079963956044e-22
3.837907384935532740e+00 1.065759882123340625e-21 5.575067985062764305e-22
3.838572384935104331e+00 -3.909200177426410381e-22 4.899154786927962756e-22
3.839237384934675923e+00 7.698998469152386755e-22 5.618688034356127390e-22
3.839902384934247515e+00 -1.357776721791260309e-21 3.344277964584584409e-22
3.840567384933819106e+00 -9.473078830345323912e-22 3.572222179568888018e-22
3.841232384933390698e+00 -4.875893910850088758e-22 3.401748418233736622e-22
3.841897384932962289e+00 8.536167008255240683e-22 3.618835294192648069e-22
3.842562384932533881e+00 1.411254442123342044e-21 3.591588126382302248e-22
3.843227384932105473e+00 9.521007269103943503e-22 4.900297757562775006e-22
3.843892384931677064e+00 9.415574532092333159e-23 5.322035600715309213e-22
3.844557384931248656e+00 -6.814270520594212211e-22 3.739579159257860206e-22
3.845222384930820247e+00 1.947174638348963391e-21 5.109903915463305494e-22
3.845887384930391839e+00 2.488089014219039744e-22 3.663841870614302880e-22
3.846552384929963431e+00 -2.085245115677384985e-21 5.826345528619609696e-22
3.847217384929535022e+00 -1.470546308626687467e-22 4.089859835393855136e-22
3.847882384929106614e+00 -7.186748410586339703e-22 5.146784702260850286e-22
3.848547384928678206e+00 -2.447130693089401323e-21 4.497772753156261032e-22
3.849212384928249797e+00 -8.818552776146764762e-22 3.531489303466179811e-22
3.849877384927821389e+00 1.128233260543122480e-21 4.307787077747838358e-22
3.850542384927392980e+00 9.599108934379248108e-22 4.400742698753996265e-22
3.851207384926964572e+00 -8.449823877123078961e-22 3.748440527261399318e-22
3.851872384926536164e+00 4.547191723379897509e-22 3.864182921242709938e-22
3.852537384926107755e+00 1.045789027061481911e-21 5.428109509636530177e-22
3.853202384925679347e+00 4.293350380087806072e-22 4.508558569844030643e-22
3.853867384925250938e+00 -7.638181853313542085e-24 4.366271367342894624e-22
3.854532384924822530e+00 8.346842782543764707e-22 4.010184655518906981e-22
3.855197384924394122e+00 1.216099944688190870e-21 5.695989596391897467e-22
3.855862384923965713e+00 1.269460720833764399e-21 6.030911773112964244e-22
3.856527384923537305e+00 2.222759590731380673e-21 4.635284649199546466e-22
3.857192384923108897e+00 2.164372381614481993e-21 3.970412664159167689e-22
3.857857384922680488e+00 8.566868879230638409e-22 4.459694061324067917e-22
3.858522384922252080e+00 3.630903210410505658e-22 3.491285360697055176e-22
3.859187384921823671e+00 7.765981916264363305e-22 3.405358087437618073e-22
3.859852384921395263e+00 4.648948296763530729e-22 3.332983677828313951e-22
3.860517384920966855e+00 4.023209499201079687e-22 3.505360489530342977e-22
3.861182384920538446e+00 8.055422780050365473e-22 3.713485465911341409e-22
3.861847384920110038e+00 -2.357674108049821746e-22 3.828300545006983931e-22
3.862512384919681629e+00 -1.588988636103325410e-21 4.930605681699452800e-22
3.863177384919253221e+00 9.305170819131616487e-22 4.769767353540691034e-22
3.863842384918824813e+00 -7.103619449160973623e-23 4.632318427920312111e-22
3.864507384918396404e+00 -1.341364085557672736e-21 4.050716060510305771e-22
3.865172384917967996e+00 -9.363260282997602591e-22 3.577477012412992500e-22
3.865837384917539588e+00 6.664502123610116354e-23 4.734984950882436955e-22
3.866502384917111179e+00 5.900121881037587298e-22 4.698906025341641315e-22
3.867167384916682771e+00 6.020517146864228720e-22 4.099757547248679186e-22
3.867832384916254362e+00 -2.673163332412072708e-22 3.961205702511947936e-22
3.868497384915825954e+00 5.730593773474455551e-23 4.651635381023719753e-22
3.869162384915397546e+00 1.007691758801894812e-21 4.663431507941457280e-22
3.869827384914969137e+00 8.240186068502229303e-22 6.126599875953842298e-22
3.870492384914540729e+00 6.549911434852103231e-22 5.734997720970948259e-22
3.871157384914112320e+00 6.188754618033989547e-22 5.106994120361429607e-22
3.871822384913683912e+00 2.507957976827784236e-22 5.342455081714169890e-22
3.872487384913255504e+00 1.507672371132853153e-21 4.867727437850080579e-22
3.873152384912827095e+00 7.366874572430155757e-22 3.959060526316970778e-22
3.873817384912398687e+00 1.325983615639654552e-21 5.530332626889305125e-22
3.874482384911970279e+00 1.374838123385089015e-21 3.556228264671429627e-22
3.875147384911541870e+00 7.468322864006275003e-22 5.845560138643434576e-22
3.875812384911113462e+00 -6.346057198820433717e-22 6.097236385799950655e-22
3.876477384910685053e+00 9.060822836380634486e-22 3.863765560355516988e-22
3.877142384910256645e+00 7.660669480585987754e-22 4.914983461460646724e-22
3.877807384909828237e+00 8.363751204665442043e-22 5.306894365828762037e-22
3.878472384909399828e+00 -6.501895849170158724e-22 3.143263430241379144e-22
3.879137384908971420e+00 -3.577808092041615207e-22 5.087720247086320110e-22
3.879802384908543011e+00 4.621553253939163946e-22 5.868076941079479383e-22
3.880467384908114603e+00 -8.941799451996147670e-23 5.402532542135369489e-22
3.881132384907686195e+00 -2.098297215138825533e-21 5.664713134552476075e-22
3.881797384907257786e+00 3.311578868304600790e-22 4.781630327916993245e-22
3.882462384906829378e+00 -7.281673145703273739e-22 5.217660948101074340e-22
3.883127384906400970e+00 1.611795768446800707e-21 4.129003861526213815e-22
3.883792384905972561e+00 -8.319076628736738806e-22 5.559877042510538614e-22
3.884457384905544153e+00 5.274779723563718216e-22 4.894019705066721831e-22
3.885122384905115744e+00 6.185944383341394201e-22 3.378104146735844542e-22
3.885787384904687336e+00 1.799068899044765277e-21 4.687758948887343508e-22
3.886452384904258928e+00 2.830487476243188496e-22 4.757843407878387100e-22
3.887117384903830519e+00 2.942803356557069662e-22 3.766953771171158784e-22
3.887782384903402111e+00 2.956954558431669904e-21 4.352923023466710935e-22
3.888447384902973702e+00 1.500351312839314628e-21 4.552901151585860459e-22
3.889112384902545294e+00 3.059204413204181272e-21 3.259365381691059517e-22
3.889777384902116886e+00 2.293802201979234753e-21 3.635410885542996739e-22
3.890442384901688477e+00 -8.140324209278088570e-22 4.354483544321935905e-22
3.891107384901260069e+00 -2.034526385481829395e-22 4.523113537714125476e-22
3.891772384900831661e+00 9.150714074183777836e-22 5.560899958911694344e-22
3.892437384900403252e+00 1.072125956701290789e-21 5.364182530205071581e-22
3.893102384899974844e+00 2.036912436931761730e-21 4.187442597340126431e-22
3.893767384899546435e+00 1.088396186015162739e-21 5.407757036501250800e-22
3.894432384899118027e+00 2.391436293876458864e-21 3.186032875129275960e-22
3.895097384898689619e+00 1.959047167972442743e-21 3.220272374140568036e-22
3.895762384898261210e+00 6.222377074107109794e-22 4.581547274264809870e-22
3.896427384897832802e+00 6.313050209288207313e-22 3.077201432489902815e-22
3.897092384897404393e+00 5.786477230409673567e-22 5.911821251163371835e-22
3.897757384896975985e+00 1.999041354622650127e-21 3.071291416385995160e-22
3.898422384896547577e+00 1.268620404092447254e-21 4.200688667402646404e-22
3.899087384896119168e+00 1.666139708374906742e-21 7.161019647114487882e-22
3.899752384895690760e+00 2.372844213346451083e-21 6.411522074856089345e-22
3.900417384895262352e+00 2.446559023895243786e-21 3.937650199009104327e-22
3.901082384894833943e+00 1.402904097527682454e-21 4.786156683391704106e-22
3.901747384894405535e+00 1.128428484059778865e-21 3.570548358110223441e-22
3.902412384893977126e+00 -6.658876561341145874e-23 4.127553926055260676e-22
3.903077384893548718e+00 -5.006705688617055860e-22 4.476503821893581428e-22
3.903742384893120310e+00 6.408236428924889601e-22 4.506953387768393711e-22
3.904407384892691901e+00 8.981124609218349511e-22 4.853989910220220552e-22
3.905072384892263493e+00 1.036433521532655410e-21 4.352180309529841676e-22
3.905737384891835084e+00 1.734833224106180419e-21 4.462268176151060623e-22
3.906402384891406676e+00 2.126662939985580504e-21 5.534514519849159101e-22
3.907067384890978268e+00 2.866310532759061673e-21 4.525755791280820633e-22
3.907732384890549859e+00 8.345643933033602040e-22 3.035582653932591896e-22
3.908397384890121451e+00 -2.908174092941774066e-22 5.130206048628077790e-22
3.909062384889693043e+00 8.382507954653632578e-22 4.434329997188628652e-22
3.909727384889264634e+00 8.709525243408695956e-22 4.982353584266178006e-22
3.910392384888836226e+00 1.251254505940154366e-21 4.745052343766952371e-22
3.911057384888407817e+00 -1.613521813579835107e-22 3.928751802384171479e-22
3.911722384887979409e+00 -5.887666469698921654e-22 4.434755633942642331e-22
3.912387384887551001e+00 -4.406978658489089751e-22 3.175394372693755825e-22
3.913052384887122592e+00 5.083736461206689608e-22 4.665372621981850996e-22
3.913717384886694184e+00 2.897990413371148059e-21 7.204171191302153496e-22
3.914382384886265775e+00 2.077888421102082940e-21 6.261076170273773787e-22
3.915047384885837367e+00 1.880802682507409965e-21 3.367688213253771932e-22
3.915712384885408959e+00 2.042224458721883981e-21 5.555342430828656333e-22
3.916377384884980550e+00 5.369254832816069888e-23 3.519970986330415160e-22
3.917042384884552142e+00 -3.458123116392341444e-22 5.556221035772610376e-22
3.917707384884123734e+00 -4.089152217325872126e-22 4.392677091606479275e-22
3.918372384883695325e+00 2.155581138766660680e-22 4.072066983491524239e-22
3.919037384883266917e+00 9.599299857361462037e-22 3.738141541917993341e-22
3.919702384882838508e+00 9.000321868368873772e-22 3.982165678415513717e-22
3.920367384882410100e+00 1.343704379552298027e-21 3.924815204230480978e-22
3.921032384881981692e+00 1.669617144314605149e-21 5.550709776311280813e-22
3.921697384881553283e+00 1.732166523881784103e-21 4.735696998787847157e-22
3.922362384881124875e+00 1.545941493549554855e-21 3.263370036319978488e-22
3.923027384880696466e+00 2.591519398817674457e-21 3.162524673698367627e-22
3.923692384880268058e+00 2.662924137628806920e-21 2.997189841525694201e-22
3.924357384879839650e+00 1.618337609478150791e-21 3.848035407830355641e-22
3.925022384879411241e+00 9.137155399075750127e-22 5.861948997078145677e-22
3.925687384878982833e+00 2.650878274455586955e-21 4.645558113733490053e-22
3.926352384878554425e+00 3.637027942547109112e-21 4.350399580582366395e-22
3.927017384878126016e+00 4.178305544145899257e-21 4.396671536135907763e-22
3.927682384877697608e+00 3.446202559437391258e-21 3.872457865996618946e-22
3.928347384877269199e+00 1.412196228804286893e-21 6.561657211086847710e-22
3.929012384876840791e+00 2.517721520520517562e-21 3.443635207773532064e-22
3.929677384876412383e+00 3.331012389270083048e-21 4.585430607909750638e-22
3.930342384875983974e+00 2.247517975624944212e-21 5.481674515646847637e-22
3.931007384875555566e+00 3.081475158110324961e-21 5.254580587527103498e-22
3.931672384875127157e+00 5.553197622166095020e-21 5.860077883131496266e-22
3.932337384874698749e+00 5.651335272199529804e-21 4.755367992222576670e-22
3.933002384874270341e+00 3.691259223670222989e-21 5.162596232527645697e-22
3.933667384873841932e+00 2.361457882206432332e-21 4.549485344374244645e-22
3.934332384873413524e+00 2.072262759262251746e-21 6.575619649002825330e-22
3.934997384872985116e+00 -3.805654195080549290e-23 4.253995591435964556e-22
3.935662384872556707e+00 6.361640944666310459e-22 4.168554195500437376e-22
3.936327384872128299e+00 -6.760212495630088958e-22 6.757380026333279761e-22
3.936992384871699890e+00 -4.241950780467029097e-22 5.364801742085106481e-22
3.937657384871271482e+00 -5.288815663292263783e-22 6.475039967308109059e-22
3.938322384870843074e+00 -2.842531566362587672e-23 3.886938119370842451e-22
3.938987384870414665e+00 3.897502456970409322e-22 5.557057064879827259e-22
3.939652384869986257e+00 -3.759267560270780500e-22 4.659750142324295652e-22
3.940317384869557849e+00 -1.559001049719449055e-21 4.001715245319846021e-22
3.940982384869129440e+00 -2.541615986401376552e-22 3.560659796828616849e-22
3.941647384868701032e+00 4.777139447286174499e-22 3.880091032235309798e-22
3.942312384868272623e+00 1.274306429754355389e-21 4.581557364415018322e-22
3.942977384867844215e+00 -1.400719856416686863e-22 2.922582788742723087e-22
3.943642384867415807e+00 8.509215464626872921e-22 3.615976116601449607e-22
3.944307384866987398e+00 -5.782240223908022353e-22 4.040911914341558536e-22
3.944972384866558990e+00 3.585237753130198503e-22 1.133480766373845598e-21
3.945637384866130581e+00 -1.023030546995000346e-21 3.521215375103832571e-22
3.946302384865702173e+00 1.241323423475215056e-21 4.310495241228488507e-22
3.946967384865273765e+00 1.050812533477470414e-22 5.186239577856476559e-22
3.947632384864845356e+00 7.068863254753494737e-23 4.469262765858989048e-22
3.948297384864416948e+00 7.290057068747536229e-22 6.128748946243448191e-22
3.948962384863988540e+00 5.544575701378031482e-22 4.630027136701667353e-22
3.949627384863560131e+00 -4.668816588099133251e-22 5.151790844098780881e-22
3.950292384863131723e+00 4.620380045110847679e-22 5.294504182489655116e-22
3.950957384862703314e+00 2.503756201935604299e-23 4.302885632125721606e-22
3.951622384862274906e+00 -1.785380533174939765e-22 5.690709742926568323e-22
3.952287384861846498e+00 -2.366800773549679493e-21 3.989007726609528727e-22
3.952952384861418089e+00 -6.673209457647362237e-22 4.362847282816701372e-22
3.953617384860989681e+00 4.410001801912737014e-22 4.707159771978992271e-22
3.954282384860561272e+00 1.022447237339819520e-21 4.902222043455691629e-22
3.954947384860132864e+00 1.233578522938768971e-21 4.120525348778577955e-22
3.955612384859704456e+00 2.028411176068820211e-21 5.021278417392428880e-22
3.956277384859276047e+00 -3.983202584945485338e-23 4.520734682036805011e-22
3.956942384858847639e+00 -7.619798065979214912e-22 4.930761524456754888e-22
3.957607384858419231e+00 3.681739452488224958e-24 4.827059410052321912e-22
3.958272384857990822e+00 1.157449037655065058e-21 6.704494553656978768e-22
3.958937384857562414e+00 1.278014032566583367e-22 3.711882164278972902e-22
3.959602384857134005e+00 -1.213975181092886447e-21 6.208186685281397665e-22
3.960267384856705597e+00 -3.155001584897217296e-22 4.259959945087778054e-22
3.960932384856277189e+00 -2.325075490279692456e-22 4.870338668810898857e-22
3.961597384855848780e+00 1.449689531916998314e-21 4.670775425664506095e-22
3.962262384855420372e+00 1.120865300130911917e-21 4.239216413267575288e-22
3.962927384854991963e+00 2.677012937238102955e-22 4.110130609744844409e-22
3.963592384854563555e+00 -2.416918304685161411e-22 5.390128458944026089e-22
3.964257384854135147e+00 -3.818646213140188357e-22 5.742711381148225955e-22
3.964922384853706738e+00 5.343638298560701191e-22 5.029791414888513450e-22
3.965587384853278330e+00 9.104760483916206548e-22 4.861640319174526824e-22
3.966252384852849922e+00 -1.690320941823109144e-21 5.895119178399000793e-22
3.966917384852421513e+00 4.566921217813984610e-22 5.426924872026626461e-22
3.967582384851993105e+00 6.131682751785955750e-22 4.038794257046743065e-22
3.968247384851564696e+00 -5.570204491940732168e-22 3.588362122878042820e-22
3.968912384851136288e+00 6.057980862955791992e-22 3.861270422997221166e-22
3.969577384850707880e+00 2.933625337919460654e-22 3.062159083551008102e-22
3.970242384850279471e+00 1.722265398038356882e-21 6.644591024854560437e-22
3.970907384849851063e+00 1.148761229635556861e-21 4.095579716147002661e-22
3.971572384849422654e+00 -6.557540855069439833e-22 3.699243566585792911e-22
3.972237384848994246e+00 5.898058478136184253e-22 4.907617556478671916e-22
3.972902384848565838e+00 1.253662009896033140e-21 4.364240079075525669e-22
3.973567384848137429e+00 9.452100184078414278e-22 3.284175156352792427e-22
3.974232384847709021e+00 -2.654141803881731342e-22 3.788602702757693087e-22
3.974897384847280613e+00 5.584236991635277878e-23 3.882021613861226355e-22
3.975562384846852204e+00 5.245731840999923277e-22 3.897002451036765363e-22
3.976227384846423796e+00 3.752831461889104297e-22 3.608045582641387550e-22
3.976892384845995387e+00 1.564566499152116053e-21 3.200122011992143464e-22
3.977557384845566979e+00 8.518683200532507472e-22 5.446493752307853215e-22
3.978222384845138571e+00 1.331246154387658878e-21 4.202236801648087567e-22
3.978887384844710162e+00 4.853080084845404312e-22 5.797244004477428766e-22
3.979552384844281754e+00 8.698699609681415426e-23 3.804851546975721988e-22
3.980217384843853345e+00 1.184362343856374840e-21 4.958743000805622822e-22
3.980882384843424937e+00 1.416959504516619998e-21 5.839360437663909422e-22
3.981547384842996529e+00 3.008635385522518998e-22 5.731082413903639567e-22
3.982212384842568120e+00 -2.177700672166008418e-22 3.447668812700431444e-22
3.982877384842139712e+00 3.336569407168755189e-22 4.559791042052850673e-22
3.983542384841711304e+00 8.665668349014364811e-22 4.156175824939857101e-22
3.984207384841282895e+00 -9.725231584674310415e-22 3.569605023145270110e-22
3.984872384840854487e+00 -5.317803634721934229e-22 6.275733024381453112e-22
3.985537384840426078e+00 4.479261865498650789e-22 5.770355755728466037e-22
3.986202384839997670e+00 -1.738475210221486655e-21 4.207777216053661846e-22
3.986867384839569262e+00 -3.097738837184824426e-22 6.221658993671367755e-22
3.987532384839140853e+00 6.017386270180836624e-22 4.992608573999761631e-22
3.988197384838712445e+00 7.188386301358248358e-22 5.546078417444776859e-22
3.988862384838284036e+00 -1.263670783839336941e-21 5.018913722015178032e-22
3.989527384837855628e+00 3.398455110872747523e-22 5.905967401162016184e-22
3.990192384837427220e+00 6.398081264037841537e-22 6.301460123183171580e-22
3.990857384836998811e+00 -1.413903089483847745e-21 5.796260193642170936e-22
3.991522384836570403e+00 -1.186801392408528643e-21 3.853207816451662247e-22
3.992187384836141995e+00 -7.654005228412282127e-22 5.456975279514971196e-22
3.992852384835713586e+00 2.065027876841899754e-21 4.174800985888028517e-22
3.993517384835285178e+00 1.177572434104070465e-21 3.268386380325739209e-22
3.994182384834856769e+00 -1.666095261140658197e-22 6.085217136989633956e-22
3.994847384834428361e+00 -1.444558991261418413e-22 4.580184681539218629e-22
3.995512384833999953e+00 8.773946449399487361e-23 3.192951996854504104e-22
3.996177384833571544e+00 -4.357890026118935635e-22 4.534333770124394236e-22
3.996842384833143136e+00 1.407376458313305107e-21 3.842042436320921967e-22
3.997507384832714727e+00 1.819135359663316286e-21 5.832870428023488677e-22
3.998172384832286319e+00 -2.160584327990841079e-21 3.876690929791077248e-22
3.998837384831857911e+00 3.246198400985965616e-22 2.901065236376543587e-22
3.999502384831429502e+00 6.457087043998613373e-22 3.770212286115360354e-22
4.000167384831001094e+00 1.358721322710966765e-21 5.302346075478310364e-22
4.000832384830572686e+00 1.285877474556351117e-21 5.998236952888516583e-22
4.001497384830144277e+00 -4.438182081499258099e-22 3.741648721495152927e-22
4.002162384829715869e+00 4.983446984436705578e-22 5.163259621870454073e-22
4.002827384829287460e+00 2.072257198760384455e-24 5.338491391813765455e-22
4.003492384828859052e+00 5.925667175190049715e-22 7.300205230097289886e-22
4.004157384828430644e+00 2.227939000529656362e-22 6.020325727291575947e-22
4.004822384828002235e+00 -5.742682242062366287e-22 4.800852554555056506e-22
4.005487384827573827e+00 2.001207682271285230e-22 5.629475977533393321e-22
4.006152384827145418e+00 8.666985929820175562e-22 3.995971055906306928e-22
4.006817384826717010e+00 -1.005841778806054880e-21 5.878853634552285342e-22
4.007482384826288602e+00 2.425622662143101452e-22 6.126468776314705825e-22
4.008147384825860193e+00 -6.278452894127799848e-22 6.583858731565716856e-22
4.008812384825431785e+00 -1.626470966687806535e-21 4.741063848992997609e-22
4.009477384825003377e+00 -7.295041613157830417e-22 6.597416990187829052e-22
4.010142384824574968e+00 3.959188526955984764e-21 7.306713066854006814e-22
4.010807384824146560e+00 4.497685214615616400e-22 6.086032069367509504e-22
4.011472384823718151e+00 1.389269789758517567e-21 1.491555856626712961e-21
4.012137384823289743e+00 -3.011658848011535743e-24 7.020215135683733255e-22
4.012802384822861335e+00 -7.864252957219929772e-22 5.951831640744402823e-22
4.013467384822432926e+00 2.084366208666172712e-21 7.144898115205880131e-22
4.014132384822004518e+00 -1.420829020166139368e-21 1.392265771693684872e-21
4.014797384821576109e+00 -2.010049477645662105e-21 1.729815942105431664e-21
4.015462384821147701e+00 1.937591223668084416e-21 8.607480034297774698e-22
4.016127384820719293e+00 1.835684326696739662e-21 8.267831652325621310e-22
4.016792384820290884e+00 2.157633376892014913e-21 1.115678191983348935e-21
4.017457384819862476e+00 0.000000000000000000e+00 0.000000000000000000e+00
4.018122384819434068e+00 0.000000000000000000e+00 0.000000000000000000e+00
4.018787384819005659e+00 0.000000000000000000e+00 0.000000000000000000e+00
4.019452384818577251e+00 0.000000000000000000e+00 0.000000000000000000e+00
4.020117384818148842e+00 0.000000000000000000e+00 0.000000000000000000e+00
4.020782384817720434e+00 0.000000000000000000e+00 0.000000000000000000e+00
4.021447384817292026e+00 0.000000000000000000e+00 0.000000000000000000e+00
4.022112384816863617e+00 0.000000000000000000e+00 0.000000000000000000e+00
4.022777384816435209e+00 0.000000000000000000e+00 0.000000000000000000e+00
4.023442384816006800e+00 0.000000000000000000e+00 0.000000000000000000e+00
4.024107384815578392e+00 0.000000000000000000e+00 0.000000000000000000e+00
4.024772384815149984e+00 0.000000000000000000e+00 0.000000000000000000e+00
4.025437384814721575e+00 0.000000000000000000e+00 0.000000000000000000e+00
4.026102384814293167e+00 0.000000000000000000e+00 0.000000000000000000e+00
4.026767384813864759e+00 0.000000000000000000e+00 0.000000000000000000e+00
4.027432384813436350e+00 0.000000000000000000e+00 0.000000000000000000e+00
4.028097384813007942e+00 0.000000000000000000e+00 0.000000000000000000e+00
4.028762384812579533e+00 0.000000000000000000e+00 0.000000000000000000e+00
4.029427384812151125e+00 0.000000000000000000e+00 0.000000000000000000e+00
4.030092384811722717e+00 0.000000000000000000e+00 0.000000000000000000e+00
4.030757384811294308e+00 0.000000000000000000e+00 0.000000000000000000e+00
4.031422384810865900e+00 0.000000000000000000e+00 0.000000000000000000e+00
4.032087384810437491e+00 0.000000000000000000e+00 0.000000000000000000e+00
4.032752384810009083e+00 0.000000000000000000e+00 0.000000000000000000e+00
4.033417384809580675e+00 0.000000000000000000e+00 0.000000000000000000e+00
4.034082384809152266e+00 0.000000000000000000e+00 0.000000000000000000e+00
4.034747384808723858e+00 0.000000000000000000e+00 0.000000000000000000e+00
4.035412384808295450e+00 0.000000000000000000e+00 0.000000000000000000e+00
4.036077384807867041e+00 0.000000000000000000e+00 0.000000000000000000e+00
4.036742384807438633e+00 0.000000000000000000e+00 0.000000000000000000e+00
4.037407384807010224e+00 0.000000000000000000e+00 0.000000000000000000e+00
4.038072384806581816e+00 0.000000000000000000e+00 0.000000000000000000e+00
4.038737384806153408e+00 0.000000000000000000e+00 0.000000000000000000e+00
4.039402384805724999e+00 0.000000000000000000e+00 0.000000000000000000e+00
4.040067384805296591e+00 0.000000000000000000e+00 0.000000000000000000e+00
4.040732384804868182e+00 0.000000000000000000e+00 0.000000000000000000e+00
4.041397384804439774e+00 0.000000000000000000e+00 0.000000000000000000e+00
4.042062384804011366e+00 0.000000000000000000e+00 0.000000000000000000e+00
4.042727384803582957e+00 0.000000000000000000e+00 0.000000000000000000e+00
4.043392384803154549e+00 0.000000000000000000e+00 0.000000000000000000e+00
4.044057384802726141e+00 0.000000000000000000e+00 0.000000000000000000e+00
4.044722384802297732e+00 0.000000000000000000e+00 0.000000000000000000e+00
4.045387384801869324e+00 0.000000000000000000e+00 0.000000000000000000e+00
4.046052384801440915e+00 0.000000000000000000e+00 0.000000000000000000e+00
4.046717384801012507e+00 0.000000000000000000e+00 0.000000000000000000e+00
4.047382384800584099e+00 0.000000000000000000e+00 0.000000000000000000e+00
4.048047384800155690e+00 0.000000000000000000e+00 0.000000000000000000e+00
4.048712384799727282e+00 0.000000000000000000e+00 0.000000000000000000e+00
4.049377384799298873e+00 0.000000000000000000e+00 0.000000000000000000e+00
4.050042384798870465e+00 0.000000000000000000e+00 0.000000000000000000e+00
4.050707384798442057e+00 0.000000000000000000e+00 0.000000000000000000e+00
4.051372384798013648e+00 0.000000000000000000e+00 0.000000000000000000e+00
4.052037384797585240e+00 0.000000000000000000e+00 0.000000000000000000e+00
4.052702384797156832e+00 0.000000000000000000e+00 0.000000000000000000e+00
4.053367384796728423e+00 0.000000000000000000e+00 0.000000000000000000e+00
4.054032384796300015e+00 0.000000000000000000e+00 0.000000000000000000e+00
4.054697384795871606e+00 0.000000000000000000e+00 0.000000000000000000e+00
4.055362384795443198e+00 0.000000000000000000e+00 0.000000000000000000e+00
4.056027384795014790e+00 0.000000000000000000e+00 0.000000000000000000e+00
4.056692384794586381e+00 0.000000000000000000e+00 0.000000000000000000e+00
4.057357384794157973e+00 0.000000000000000000e+00 0.000000000000000000e+00
4.058022384793729564e+00 0.000000000000000000e+00 0.000000000000000000e+00
4.058687384793301156e+00 0.000000000000000000e+00 0.000000000000000000e+00
4.059352384792872748e+00 0.000000000000000000e+00 0.000000000000000000e+00
4.060017384792444339e+00 0.000000000000000000e+00 0.000000000000000000e+00
4.060682384792015931e+00 0.000000000000000000e+00 0.000000000000000000e+00
4.061347384791587523e+00 0.000000000000000000e+00 0.000000000000000000e+00
4.062012384791159114e+00 0.000000000000000000e+00 0.000000000000000000e+00
4.062677384790730706e+00 0.000000000000000000e+00 0.000000000000000000e+00
4.063342384790302297e+00 0.000000000000000000e+00 0.000000000000000000e+00
4.064007384789873889e+00 0.000000000000000000e+00 0.000000000000000000e+00
4.064672384789445481e+00 0.000000000000000000e+00 0.000000000000000000e+00
4.065337384789017072e+00 0.000000000000000000e+00 0.000000000000000000e+00
4.066002384788588664e+00 0.000000000000000000e+00 0.000000000000000000e+00
4.066667384788160255e+00 0.000000000000000000e+00 0.000000000000000000e+00
4.067332384787731847e+00 0.000000000000000000e+00 0.000000000000000000e+00
4.067997384787303439e+00 0.000000000000000000e+00 0.000000000000000000e+00
4.068662384786875030e+00 0.000000000000000000e+00 0.000000000000000000e+00
4.069327384786446622e+00 0.000000000000000000e+00 0.000000000000000000e+00
4.069992384786018214e+00 0.000000000000000000e+00 0.000000000000000000e+00
4.070657384785589805e+00 0.000000000000000000e+00 0.000000000000000000e+00
4.071322384785161397e+00 0.000000000000000000e+00 0.000000000000000000e+00
4.071987384784732988e+00 0.000000000000000000e+00 0.000000000000000000e+00
4.072652384784304580e+00 0.000000000000000000e+00 0.000000000000000000e+00
4.073317384783876172e+00 0.000000000000000000e+00 0.000000000000000000e+00
4.073982384783447763e+00 0.000000000000000000e+00 0.000000000000000000e+00
4.074647384783019355e+00 0.000000000000000000e+00 0.000000000000000000e+00
4.075312384782590946e+00 0.000000000000000000e+00 0.000000000000000000e+00
4.075977384782162538e+00 0.000000000000000000e+00 0.000000000000000000e+00
4.076642384781734130e+00 0.000000000000000000e+00 0.000000000000000000e+00
4.077307384781305721e+00 0.000000000000000000e+00 0.000000000000000000e+00
4.077972384780877313e+00 0.000000000000000000e+00 0.000000000000000000e+00
4.078637384780448905e+00 0.000000000000000000e+00 0.000000000000000000e+00
4.079302384780020496e+00 0.000000000000000000e+00 0.000000000000000000e+00
4.079967384779592088e+00 0.000000000000000000e+00 0.000000000000000000e+00
4.080632384779163679e+00 0.000000000000000000e+00 0.000000000000000000e+00
4.081297384778735271e+00 0.000000000000000000e+00 0.000000000000000000e+00
4.081962384778306863e+00 0.000000000000000000e+00 0.000000000000000000e+00
4.082627384777878454e+00 0.000000000000000000e+00 0.000000000000000000e+00
4.083292384777450046e+00 0.000000000000000000e+00 0.000000000000000000e+00
4.083957384777021637e+00 0.000000000000000000e+00 0.000000000000000000e+00
4.084622384776593229e+00 0.000000000000000000e+00 0.000000000000000000e+00
4.085287384776164821e+00 0.000000000000000000e+00 0.000000000000000000e+00
4.085952384775736412e+00 0.000000000000000000e+00 0.000000000000000000e+00
4.086617384775308004e+00 0.000000000000000000e+00 0.000000000000000000e+00
4.087282384774879596e+00 0.000000000000000000e+00 0.000000000000000000e+00
4.087947384774451187e+00 0.000000000000000000e+00 0.000000000000000000e+00
4.088612384774022779e+00 0.000000000000000000e+00 0.000000000000000000e+00
4.089277384773594370e+00 0.000000000000000000e+00 0.000000000000000000e+00
4.089942384773165962e+00 0.000000000000000000e+00 0.000000000000000000e+00
4.090607384772737554e+00 0.000000000000000000e+00 0.000000000000000000e+00
4.091272384772309145e+00 0.000000000000000000e+00 0.000000000000000000e+00
4.091937384771880737e+00 0.000000000000000000e+00 0.000000000000000000e+00
4.092602384771452328e+00 0.000000000000000000e+00 0.000000000000000000e+00
4.093267384771023920e+00 0.000000000000000000e+00 0.000000000000000000e+00
4.093932384770595512e+00 0.000000000000000000e+00 0.000000000000000000e+00
4.094597384770167103e+00 0.000000000000000000e+00 0.000000000000000000e+00
4.095262384769738695e+00 0.000000000000000000e+00 0.000000000000000000e+00
4.095927384769310287e+00 0.000000000000000000e+00 0.000000000000000000e+00
4.096592384768881878e+00 0.000000000000000000e+00 0.000000000000000000e+00
4.097257384768453470e+00 0.000000000000000000e+00 0.000000000000000000e+00
4.097922384768025061e+00 0.000000000000000000e+00 0.000000000000000000e+00
4.098587384767596653e+00 0.000000000000000000e+00 0.000000000000000000e+00
4.099252384767168245e+00 0.000000000000000000e+00 0.000000000000000000e+00
4.099917384766739836e+00 0.000000000000000000e+00 0.000000000000000000e+00
4.100582384766311428e+00 0.000000000000000000e+00 0.000000000000000000e+00
4.101247384765883019e+00 0.000000000000000000e+00 0.000000000000000000e+00
4.101912384765454611e+00 0.000000000000000000e+00 0.000000000000000000e+00
4.102577384765026203e+00 0.000000000000000000e+00 0.000000000000000000e+00
4.103242384764597794e+00 0.000000000000000000e+00 0.000000000000000000e+00
4.103907384764169386e+00 0.000000000000000000e+00 0.000000000000000000e+00
4.104572384763740978e+00 0.000000000000000000e+00 0.000000000000000000e+00
4.105237384763312569e+00 0.000000000000000000e+00 0.000000000000000000e+00
4.105902384762884161e+00 0.000000000000000000e+00 0.000000000000000000e+00
4.106567384762455752e+00 0.000000000000000000e+00 0.000000000000000000e+00
4.107232384762027344e+00 4.068183469983583005e-22 2.748480571506686461e-21
4.107897384761598936e+00 1.100822379307262750e-22 1.970753844661557121e-21
4.108562384761170527e+00 8.145228412340144424e-22 2.067349229562388411e-21
4.109227384760742119e+00 -3.808728152125682316e-22 1.689222518032864394e-21
4.109892384760313711e+00 1.563429385772483267e-21 2.816325620216939019e-21
4.110557384759885302e+00 3.754298011282972489e-21 3.917634895063755550e-21
4.111222384759456894e+00 1.402968119129499717e-21 2.380894879201392623e-21
4.111887384759028485e+00 -3.534657227712940858e-22 1.221396278622182437e-21
4.112552384758600077e+00 -2.005039383554363822e-23 1.205195691386484282e-21
4.113217384758171669e+00 7.481485499080339179e-23 1.456009155103361935e-21
4.113882384757743260e+00 1.095656624118330411e-21 1.730134713287753393e-21
4.114547384757314852e+00 -1.566568037107973626e-21 1.696160179168774543e-21
4.115212384756886443e+00 -1.885700335478297969e-21 1.340140807527803165e-21
4.115877384756458035e+00 -1.016314942279413864e-21 1.247519102430368204e-21
4.116542384756029627e+00 -5.912451553425879116e-22 1.036063984174911380e-21
4.117207384755601218e+00 -4.889946897262717569e-22 1.029646429972972337e-21
4.117872384755172810e+00 -5.346663628354089361e-22 1.098421340084391546e-21
4.118537384754744402e+00 7.727285936130500407e-23 1.405256359276919027e-21
4.119202384754315105e+00 -8.321812730116700820e-22 1.068955395263811904e-21
4.119867384753886697e+00 7.982328786208376113e-23 1.008098406643498965e-21
4.120532384753458288e+00 -1.950387471347478967e-21 8.759876776773247371e-22
4.121197384753029880e+00 -7.452329028835431205e-22 9.889036834608300603e-22
4.121862384752601471e+00 9.395644393405401704e-23 1.067738069555235286e-21
4.122527384752173063e+00 -4.852120445414349248e-22 8.156799768279014948e-22
4.123192384751744655e+00 1.390936825817133506e-21 8.775007089768649998e-22
4.123857384751316246e+00 2.973054709493355421e-22 6.915181264861891290e-22
4.124522384750887838e+00 -2.368325855927937756e-22 6.908803490157477068e-22
4.125187384750459429e+00 6.224726325497845464e-22 8.703637758410365162e-22
4.125852384750031021e+00 8.556621625825851544e-22 8.183284997990293766e-22
4.126517384749602613e+00 8.676962332743676179e-22 6.978812885751108667e-22
4.127182384749174204e+00 1.531968042949616803e-22 7.556702855935993119e-22
4.127847384748745796e+00 2.526432591375245849e-22 7.770578423633646201e-22
4.128512384748317388e+00 -9.484855255195508471e-22 8.392099417320206764e-22
4.129177384747888979e+00 -1.364376050892739638e-22 7.341560393060519663e-22
4.129842384747460571e+00 9.207887337028006864e-23 7.280432451640767434e-22
4.130507384747032162e+00 -3.384893157969755318e-22 7.323929325589138581e-22
4.131172384746603754e+00 -5.045492665269897111e-22 6.829860068847326995e-22
4.131837384746175346e+00 -5.029635980699128582e-22 7.232891890150523687e-22
4.132502384745746937e+00 -4.798300830273990178e-22 6.221418861313144841e-22
4.133167384745318529e+00 -1.303442087189454181e-21 7.621503127058819560e-22
4.133832384744890120e+00 -1.957284166672947322e-21 7.601522125496049401e-22
4.134497384744461712e+00 -1.268002969247430794e-21 6.221963724610127484e-22
4.135162384744033304e+00 5.971922348578310192e-22 1.050437152230315617e-21
4.135827384743604895e+00 1.767726099155573176e-21 1.227414167643851902e-21
4.136492384743176487e+00 1.853437101948606867e-21 1.185429739313966135e-21
4.137157384742748079e+00 2.026478791656035139e-22 7.339390639605479826e-22
4.137822384742319670e+00 -1.869025566635258209e-21 9.665261980965802978e-22
4.138487384741891262e+00 8.545893743295336518e-22 9.295176457356293084e-22
4.139152384741462853e+00 1.200039780117345278e-22 7.358707569822299277e-22
4.139817384741034445e+00 1.004359696054934791e-21 8.685661805789074719e-22
4.140482384740606037e+00 1.652246380657600497e-21 1.060241465826112393e-21
4.141147384740177628e+00 1.828389844474554365e-22 6.527245940628143372e-22
4.141812384739749220e+00 2.949493197660232169e-22 8.521517075525610628e-22
4.142477384739320811e+00 6.517932801851420595e-22 8.313242689506680611e-22
4.143142384738892403e+00 1.347457954531822897e-21 6.979431003772975810e-22
4.143807384738463995e+00 1.208781226251483049e-21 7.587495979529290775e-22
4.144472384738035586e+00 2.592108037918333383e-21 1.204383352934694540e-21
4.145137384737607178e+00 9.647057682690305735e-22 9.886438510187328688e-22
4.145802384737178770e+00 2.685352272600378840e-22 9.006281959776790462e-22
4.146467384736750361e+00 5.461573560678578863e-21 1.927173350141015159e-21
4.147132384736321953e+00 9.454240362887736707e-21 8.862844189470506086e-21
4.147797384735893544e+00 -2.126287450862965559e-21 7.344315922882972275e-21
4.148462384735465136e+00 1.949532371196806683e-21 1.008203040357642468e-21
4.149127384735036728e+00 1.148221057536758445e-21 7.945108706729466538e-22
4.149792384734608319e+00 6.266853380794172792e-22 8.260114828018125107e-22
4.150457384734179911e+00 1.763598854000995718e-21 8.734034011599267114e-22
4.151122384733751502e+00 2.426774096305538608e-21 1.001465862606426145e-21
4.151787384733323094e+00 3.118954566012699766e-21 9.595999954883377489e-22
4.152452384732894686e+00 4.660931955701940565e-22 8.209755371316987795e-22
4.153117384732466277e+00 -3.807884124037016499e-23 7.194661811506571710e-22
4.153782384732037869e+00 4.375703610289028731e-22 6.584982318516859559e-22
4.154447384731609461e+00 4.751178597556419961e-22 6.496926950276962389e-22
4.155112384731181052e+00 1.826172055178397794e-21 8.603434499775653762e-22
4.155777384730752644e+00 -4.150355461821912271e-22 9.347897521200984303e-22
4.156442384730324235e+00 -6.587948036234993318e-22 1.003963466869419861e-21
4.157107384729895827e+00 -6.598401692168296738e-22 8.019994065293446410e-22
4.157772384729467419e+00 -3.193030990564024190e-21 7.976779658295423978e-22
4.158437384729039010e+00 4.684986898044524837e-22 7.499115140054437571e-22
4.159102384728610602e+00 1.505425081633661788e-22 7.232352990051862841e-22
4.159767384728182193e+00 1.048605561758447880e-21 7.497065159331392246e-22
4.160432384727753785e+00 4.435519851436482734e-22 6.571570181583094595e-22
4.161097384727325377e+00 5.750171657821304760e-22 7.096695155735273298e-22
4.161762384726896968e+00 -5.540623867859117826e-23 6.829862875190636291e-22
4.162427384726468560e+00 -6.686781644448770016e-22 6.312320824426542747e-22
4.163092384726040152e+00 1.136494572032321378e-21 8.383421444357682926e-22
4.163757384725611743e+00 3.885238459437617237e-22 8.052434497981161875e-22
4.164422384725183335e+00 -6.593911496513059035e-22 4.868942199273395708e-22
4.165087384724754926e+00 -8.186375512834554330e-23 6.472070895989038038e-22
4.165752384724326518e+00 3.547675734612084836e-22 7.294813722208385078e-22
4.166417384723898110e+00 2.020637324259941955e-22 6.621148465334639956e-22
4.167082384723469701e+00 -3.241931406018421866e-22 6.139693850555575187e-22
4.167747384723041293e+00 8.618318186930926216e-22 5.856154640371083419e-22
4.168412384722612885e+00 2.260605973000060922e-22 6.799410379262781113e-22
4.169077384722184476e+00 8.092611940272563387e-22 7.366465263162502636e-22
4.169742384721756068e+00 2.638176432282256396e-21 9.489887987995632597e-22
4.170407384721327659e+00 8.131149186029853696e-22 7.687297964918712314e-22
4.171072384720899251e+00 1.626194479498692127e-21 7.334248405912664374e-22
4.171737384720470843e+00 1.024143850165757294e-21 8.031472996901261933e-22
4.172402384720042434e+00 1.746821008751339834e-22 8.159067897593987892e-22
4.173067384719614026e+00 4.603220223910325579e-22 7.760517113121480101e-22
4.173732384719185617e+00 -9.762466218056762194e-22 6.806772249928380547e-22
4.174397384718757209e+00 -4.049678004043999393e-22 6.408913218048144959e-22
4.175062384718328801e+00 -1.288025162562281202e-21 6.107898822467909852e-22
4.175727384717900392e+00 -1.311056380415994802e-21 6.844254326280843296e-22
4.176392384717471984e+00 -1.119903353861187876e-22 8.256020499645834621e-22
4.177057384717043576e+00 1.320519875328197545e-21 8.875694358500442292e-22
4.177722384716615167e+00 4.136414462294796730e-22 6.701784619779643503e-22
4.178387384716186759e+00 -7.658910437414240120e-22 8.843328968276313819e-22
4.179052384715758350e+00 -3.442148579285776849e-22 7.002389376316773956e-22
4.179717384715329942e+00 -8.711267460875895784e-22 6.369223871134124049e-22
4.180382384714901534e+00 -3.488787241554396499e-22 6.965262798797569841e-22
4.181047384714473125e+00 -1.848187180758576651e-22 6.014052081953872263e-22
4.181712384714044717e+00 -1.781156674082209542e-21 5.878457843944430978e-22
4.182377384713616308e+00 -9.977082387492073675e-22 6.324096401598477357e-22
4.183042384713187900e+00 -7.661986927997793255e-22 8.387948769494798648e-22
4.183707384712759492e+00 -1.058535030527661323e-21 6.337162214478416691e-22
4.184372384712331083e+00 1.277526664432883685e-21 6.912691860559070932e-22
4.185037384711902675e+00 -8.589857158215908453e-22 6.955223711890110702e-22
4.185702384711474267e+00 -8.713754040155072224e-22 7.086813171459286865e-22
4.186367384711045858e+00 -6.685573911382948579e-22 6.354713746664838008e-22
4.187032384710617450e+00 3.233695759112369391e-22 5.425403559469772061e-22
4.187697384710189041e+00 -1.765405384362995072e-21 4.982253586336991667e-22
4.188362384709760633e+00 2.217536857225188431e-23 7.969601304833428659e-22
4.189027384709332225e+00 1.720724354336967708e-21 4.564125854567498536e-22
4.189692384708903816e+00 -1.039359906921387223e-21 4.862575068416972474e-22
4.190357384708475408e+00 -1.581519957572423369e-21 4.726209305582568284e-22
4.191022384708046999e+00 -8.250719579635571089e-22 4.744460807259349179e-22
4.191687384707618591e+00 -6.759681019168566580e-22 5.582975461449722132e-22
4.192352384707190183e+00 -1.467885038828097345e-21 4.836609549897737553e-22
4.193017384706761774e+00 9.224210542781410295e-22 4.282350816413265973e-22
4.193682384706333366e+00 1.360000721482090133e-21 6.252231579787226752e-22
4.194347384705904958e+00 1.267987093716106847e-21 7.775112931272199053e-22
4.195012384705476549e+00 9.395261794711910869e-22 7.402984871880362343e-22
4.195677384705048141e+00 9.706015427337954110e-22 5.149606218548123183e-22
4.196342384704619732e+00 1.217414724242866145e-21 8.743590495206209552e-22
4.197007384704191324e+00 1.533276534974885110e-21 5.382370792224459004e-22
4.197672384703762916e+00 1.602431416029203400e-21 5.729874176394872017e-22
4.198337384703334507e+00 2.147039217750106774e-21 5.895321254840659424e-22
4.199002384702906099e+00 2.316848795728580863e-21 5.560371295895987400e-22
4.199667384702477690e+00 1.049064088451922009e-21 5.388637090053752001e-22
4.200332384702049282e+00 2.221631079208428049e-21 5.063543130833829131e-22
4.200997384701620874e+00 4.434136454104173201e-22 5.610781256873318585e-22
4.201662384701192465e+00 3.103976920440154058e-22 6.912674707306427441e-22
4.202327384700764057e+00 1.167516896491821334e-21 5.449709560412579155e-22
4.202992384700335649e+00 2.105407129357889069e-21 4.665506850261823118e-22
4.203657384699907240e+00 9.203790434388779404e-22 6.548486804810487958e-22
4.204322384699478832e+00 -1.753379666097087407e-21 5.635214746089868878e-22
4.204987384699050423e+00 7.207746893776207524e-22 5.885932854237591968e-22
4.205652384698622015e+00 1.347040691352004010e-21 5.053964691351682217e-22
4.206317384698193607e+00 1.027049464665569711e-21 5.507627112109478485e-22
4.206982384697765198e+00 1.516250994731534959e-21 5.799847819355361896e-22
4.207647384697336790e+00 6.247136730507879854e-22 6.063139025140071767e-22
4.208312384696908381e+00 -4.152921466484885102e-22 5.471389224217650864e-22
4.208977384696479973e+00 3.068023990358284826e-21 6.322396966018452137e-22
4.209642384696051565e+00 8.233533447906913747e-23 5.371589666339670350e-22
4.210307384695623156e+00 -7.286290344507509642e-22 5.408713691222525953e-22
4.210972384695194748e+00 -5.687201555503635760e-22 7.925926158268658042e-22
4.211637384694766340e+00 5.082118210116827812e-22 8.038178348517754642e-22
4.212302384694337931e+00 1.582352917581358252e-21 7.465994423812470162e-22
4.212967384693909523e+00 5.397898912666378926e-22 5.550578817956750401e-22
4.213632384693481114e+00 6.983829866439613194e-22 4.640120421285081781e-22
4.214297384693052706e+00 1.680817081097766823e-21 5.577824077048844503e-22
4.214962384692624298e+00 2.538314010186113740e-21 5.475126582795257212e-22
4.215627384692195889e+00 3.450436251556836807e-21 6.158839514443535405e-22
4.216292384691767481e+00 -3.808104042570495452e-22 6.354817131303920449e-22
4.216957384691339072e+00 -1.600034640259908469e-21 7.881693914723811802e-22
4.217622384690910664e+00 -1.231059124823540075e-21 6.564186078424550037e-22
4.218287384690482256e+00 -1.974346293053835927e-21 6.947458216193756527e-22
4.218952384690053847e+00 2.275317730610262235e-21 4.790095646252333968e-22
4.219617384689625439e+00 1.133531006129346359e-21 7.441165693116103408e-22
4.220282384689197031e+00 -5.992364948189893778e-22 5.137213719403026047e-22
4.220947384688768622e+00 3.728478260015086413e-22 5.916886948580240755e-22
4.221612384688340214e+00 1.213447012037247929e-21 6.563645742795529801e-22
4.222277384687911805e+00 8.228517419474522553e-22 5.130219073598525788e-22
4.222942384687483397e+00 -1.544213543088818515e-22 7.884808852537734414e-22
4.223607384687054989e+00 2.668295673375957879e-21 6.662983806457999329e-22
4.224272384686626580e+00 1.809617913566130674e-21 5.612283234812728501e-22
4.224937384686198172e+00 -7.358114052841642667e-22 6.232725343599962094e-22
4.225602384685769763e+00 1.531568364471102966e-21 5.647592371943494241e-22
4.226267384685341355e+00 2.006624252705970382e-22 5.326349526731950873e-22
4.226932384684912947e+00 -1.074726073143488222e-21 5.660336817170813338e-22
4.227597384684484538e+00 -1.241464388506811163e-21 1.103670311581070337e-21
4.228262384684056130e+00 6.913339455469506476e-22 7.352966216692768236e-22
4.228927384683627722e+00 -1.664560672406884123e-21 6.855941428855397564e-22
4.229592384683199313e+00 -6.063843797920999439e-22 5.801021221131505445e-22
4.230257384682770905e+00 -5.712099874191207189e-23 4.942798308662093293e-22
4.230922384682342496e+00 6.843545531504879255e-22 5.459864445324155607e-22
4.231587384681914088e+00 -1.156620234217535735e-21 5.777436380942346147e-22
4.232252384681485680e+00 6.656005494102583874e-22 4.958411747654723383e-22
4.232917384681057271e+00 -2.992932805484789714e-22 7.408511122582320443e-22
4.233582384680628863e+00 7.966931636285891760e-22 8.468272721308981177e-22
4.234247384680200454e+00 3.596102103205411163e-22 6.302563233298563523e-22
4.234912384679772046e+00 -6.376910536501482915e-22 6.055250213082941985e-22
4.235577384679343638e+00 2.537189946541907461e-22 7.620822359503184264e-22
4.236242384678915229e+00 9.015930980480754669e-22 6.788676567038146647e-22
4.236907384678486821e+00 1.463371468392896928e-21 7.802660902407303050e-22
4.237572384678058413e+00 2.050297881766791369e-21 5.321905630935567450e-22
4.238237384677630004e+00 1.062158128457565683e-21 7.780268962394665895e-22
4.238902384677201596e+00 1.709569162016030236e-21 8.176645391922724660e-22
4.239567384676773187e+00 2.007355432395401707e-21 7.475438801216185962e-22
4.240232384676344779e+00 4.823259508203656253e-22 7.158931232467708629e-22
4.240897384675916371e+00 1.981198313421452951e-21 5.699782084334075675e-22
4.241562384675487962e+00 1.579110166281097710e-21 6.469953389448865496e-22
4.242227384675059554e+00 -3.755059864635830051e-22 6.467648966697272401e-22
4.242892384674631145e+00 -7.177082117878818505e-22 1.136026480459162714e-21
4.243557384674202737e+00 9.867207048450098710e-22 7.318817253217042474e-22
4.244222384673774329e+00 4.580175799789169024e-22 5.298181993181255640e-22
4.244887384673345920e+00 1.517607880786872824e-21 9.306988320305981171e-22
4.245552384672917512e+00 -4.294863804803025517e-22 6.741503208818264751e-22
4.246217384672489104e+00 -2.234667266982787773e-21 5.236986660864626383e-22
4.246882384672060695e+00 -8.395009053302083546e-22 5.039798470701135010e-22
4.247547384671632287e+00 -9.898084742339735836e-22 7.713768331396246508e-22
4.248212384671203878e+00 -1.017739528121987522e-21 6.319212144330840575e-22
4.248877384670775470e+00 -3.773733302603464356e-22 5.291837081548959987e-22
4.249542384670347062e+00 -1.086605744378436676e-21 7.923990617070615104e-22
4.250207384669918653e+00 -1.172754193640093036e-21 6.832268552404432669e-22
4.250872384669490245e+00 1.270930578132315379e-21 7.287138266077422073e-22
4.251537384669061836e+00 1.958870760594028818e-22 5.072775931392355043e-22
4.252202384668633428e+00 -1.474542308217945012e-23 7.045493299323118926e-22
4.252867384668205020e+00 -1.917819741565624973e-21 6.829877748047512756e-22
4.253532384667776611e+00 -2.704881054340592959e-21 7.400449768050781808e-22
4.254197384667348203e+00 -7.559046367283487189e-22 6.602188306885515793e-22
4.254862384666919795e+00 6.626663169267705759e-22 5.130897893597306120e-22
4.255527384666491386e+00 -8.551752512444735797e-22 5.376556343185321518e-22
4.256192384666062978e+00 4.933477704919941173e-22 5.950919014479894931e-22
4.256857384665634569e+00 -1.332609013271017350e-22 6.928043466650447514e-22
4.257522384665206161e+00 -5.509146773350364549e-22 8.250168125550267871e-22
4.258187384664777753e+00 9.698740440687718273e-22 7.349892483294290101e-22
4.258852384664349344e+00 5.881505098438742288e-22 8.077182795882873363e-22
4.259517384663920936e+00 -9.554165783951088559e-22 9.033586605543898422e-22
4.260182384663492527e+00 -3.312891885340629251e-23 6.324271896002060470e-22
4.260847384663064119e+00 -8.660833893240821718e-22 5.813912157819261521e-22
4.261512384662635711e+00 7.208063134917466196e-22 6.347920413047951385e-22
4.262177384662207302e+00 3.006901385282700410e-21 2.247294156848699719e-21
4.262842384661778894e+00 3.026803338635454251e-22 5.383797597802752649e-22
4.263507384661350486e+00 -1.506442851429745199e-21 7.874865979385639704e-22
4.264172384660922077e+00 -1.701014541599599086e-21 7.570840339773435366e-22
4.264837384660493669e+00 5.461385758570529603e-22 6.466523215387501702e-22
4.265502384660065260e+00 2.754026114878994057e-22 6.867818182248793215e-22
4.266167384659636852e+00 6.741162528260344056e-23 5.246733766361534077e-22
4.266832384659208444e+00 1.244558206648925761e-21 6.727714372933294412e-22
4.267497384658780035e+00 -7.079063313419447393e-23 6.367842560364456549e-22
4.268162384658351627e+00 1.294260753924766639e-21 8.233110803464622634e-22
4.268827384657923218e+00 -7.747551544708298005e-22 5.708578954117295368e-22
4.269492384657494810e+00 -2.676158584716406871e-21 5.301455655719971732e-22
4.270157384657066402e+00 -1.676385516304983781e-21 7.412636589918005474e-22
4.270822384656637993e+00 -5.873137934474941834e-22 7.955466887479013910e-22
4.271487384656209585e+00 -3.664653304338888888e-22 7.113927551176795367e-22
4.272152384655781177e+00 1.704133407503099817e-22 7.648377664638937257e-22
4.272817384655352768e+00 2.200872864255953663e-21 7.396749158654234805e-22
4.273482384654924360e+00 2.203356892826676210e-21 6.187320901400548379e-22
4.274147384654495951e+00 -8.096835036928232661e-22 5.631466596827482166e-22
4.274812384654067543e+00 -1.789533886688484128e-21 8.146951627954755686e-22
4.275477384653639135e+00 -2.762444372647558904e-21 6.840751423981206757e-22
4.276142384653210726e+00 5.635355355583151017e-22 8.945898546939597622e-22
4.276807384652782318e+00 2.021792979910136277e-22 4.529120313973740318e-22
4.277472384652353909e+00 -3.772992412057487356e-22 7.110161518344646447e-22
4.278137384651925501e+00 -3.972008435686525156e-22 5.043471941334919423e-22
4.278802384651497093e+00 -5.865565187647965186e-22 8.758674135257637006e-22
4.279467384651068684e+00 -2.053457430394220420e-21 6.899148352196322384e-22
4.280132384650640276e+00 -9.090131835204752617e-22 5.824036541440071968e-22
4.280797384650211868e+00 -8.412810926118245552e-22 7.827831162453662489e-22
4.281462384649783459e+00 9.096908209285689907e-23 7.066191274182910628e-22
4.282127384649355051e+00 -1.983225592326206802e-21 7.909448400188066235e-22
4.282792384648926642e+00 -6.829603631114001969e-22 6.144692423058329157e-22
4.283457384648498234e+00 3.980913291221624074e-22 5.466194918978321581e-22
4.284122384648069826e+00 -5.524453784332166835e-22 7.057416377810327688e-22
4.284787384647641417e+00 -8.174538200891077352e-22 8.867715055872927726e-22
4.285452384647213009e+00 1.659284795206237194e-21 8.253469513406303012e-22
4.286117384646784600e+00 7.817895735113772408e-22 6.156401146501233237e-22
4.286782384646356192e+00 -1.209749785063645113e-21 6.106844043361896073e-22
4.287447384645927784e+00 -2.507386417453382105e-21 5.838953535619133149e-22
4.288112384645499375e+00 4.153869159506387700e-22 6.779380847785311740e-22
4.288777384645070967e+00 4.163034157546136139e-22 5.212911349403597340e-22
4.289442384644642559e+00 -7.824247134951118172e-22 5.937852630834923259e-22
4.290107384644214150e+00 9.513676901725425208e-22 6.797107336109783643e-22
4.290772384643785742e+00 3.570953006574767712e-21 6.300302649214752430e-22
4.291437384643357333e+00 2.986732825092587293e-21 8.286498287392309597e-22
4.292102384642928925e+00 7.004916248250856918e-22 9.126459929465510345e-22
4.292767384642500517e+00 -1.186863236714266770e-21 7.233319343951441779e-22
4.293432384642072108e+00 -2.855462033128481488e-22 8.494962691013057880e-22
4.294097384641643700e+00 -1.854480828821132797e-21 7.002280856853809424e-22
4.294762384641215291e+00 1.038788026819153052e-21 7.627541490536759168e-22
4.295427384640786883e+00 1.315266694986517188e-21 9.451798616861152731e-22
4.296092384640358475e+00 -7.250713574156812410e-22 7.001954683432893412e-22
4.296757384639930066e+00 -1.036927720830956260e-21 6.454185921344201582e-22
4.297422384639501658e+00 -1.400204260907964298e-22 6.777151066770414397e-22
4.298087384639073250e+00 -1.162852624977188181e-21 7.176399545026844764e-22
4.298752384638644841e+00 2.042649145089853040e-22 4.200286561482862582e-22
4.299417384638216433e+00 2.288112567875685711e-21 4.749296013844546227e-22
4.300082384637788024e+00 8.842986869783768165e-22 5.915474647226205391e-22
4.300747384637359616e+00 8.858709851607735680e-22 7.351634397514802733e-22
4.301412384636931208e+00 4.220198477166284599e-23 2.174207282570538016e-21
4.302077384636502799e+00 7.915418436402295109e-23 9.044793498527863924e-22
4.302742384636074391e+00 1.479380952698100549e-22 8.679109950591406132e-22
4.303407384635645982e+00 -1.103675459400129557e-21 6.425350621940390149e-22
4.304072384635217574e+00 -2.069848426419505343e-21 5.474433998978069303e-22
4.304737384634789166e+00 -5.290380006004601973e-23 7.398607563642574528e-22
4.305402384634360757e+00 -9.440942953784483391e-22 6.673449386638533293e-22
4.306067384633932349e+00 -1.191729587186746530e-21 6.766839722159288101e-22
4.306732384633503941e+00 -3.799953692340723425e-22 9.796271030551968154e-22
4.307397384633075532e+00 1.031500823763322958e-21 6.502493650730792816e-22
4.308062384632647124e+00 -6.914866938070487811e-22 7.313261052734145745e-22
4.308727384632218715e+00 -1.601760413058644298e-21 4.792890015231673668e-22
4.309392384631790307e+00 -1.854235501179093149e-21 6.237970922312577090e-22
4.310057384631361899e+00 5.978596334184377331e-22 5.300471838747136280e-22
4.310722384630933490e+00 -3.871635340160644877e-22 5.718372185716715705e-22
4.311387384630505082e+00 1.093441665283616022e-21 7.436552974474979201e-22
4.312052384630076673e+00 -1.552603457084648712e-21 4.454496124397982068e-22
4.312717384629648265e+00 -5.795272053606145255e-22 6.229682397548718422e-22
4.313382384629219857e+00 -6.890042126157834435e-22 7.241848670516702275e-22
4.314047384628791448e+00 -3.720423610742707709e-22 4.642399859490091963e-22
4.314712384628363040e+00 2.390882138688687138e-22 5.602826144549377382e-22
4.315377384627934632e+00 -1.376984729558607451e-22 6.216446149498560248e-22
4.316042384627506223e+00 8.422243426289785936e-22 6.264339575384398546e-22
4.316707384627077815e+00 1.894035875072758344e-22 8.218166584380099594e-22
4.317372384626649406e+00 1.460396511841119549e-21 6.577194872844965995e-22
4.318037384626220998e+00 -4.898934965568190155e-22 7.057524851190778389e-22
4.318702384625792590e+00 -7.119297735492971395e-22 7.500386751305171981e-22
4.319367384625364181e+00 1.270469192832559974e-21 9.218607196659442450e-22
4.320032384624935773e+00 2.736378229455152119e-21 8.700354848522437552e-22
4.320697384624507364e+00 4.076359270252424156e-21 7.825133573885216697e-22
4.321362384624078956e+00 1.534965994572132508e-21 8.798816140157794787e-22
4.322027384623650548e+00 6.168529952748105623e-22 7.438088054811947721e-22
4.322692384623222139e+00 1.319772114644908918e-21 7.278899366537796324e-22
4.323357384622793731e+00 1.815553445194600933e-21 7.100198732642725685e-22
4.324022384622365323e+00 1.005945928586978845e-21 6.442261018589240079e-22
4.324687384621936914e+00 1.788299430999951886e-21 8.369813845658086489e-22
4.325352384621508506e+00 2.259464823348369740e-22 8.210353294789078586e-22
4.326017384621080097e+00 9.223312933155322069e-22 7.885420481391041986e-22
4.326682384620651689e+00 1.412697688643703604e-21 7.198356414678436743e-22
4.327347384620223281e+00 4.951732856105996724e-22 7.911062541987303269e-22
4.328012384619794872e+00 -1.616907882750366943e-21 1.073260122659277571e-21
4.328677384619366464e+00 -1.215520594355464272e-21 6.468132550577159521e-22
4.329342384618938055e+00 -1.672439434876003715e-21 1.072097621459445383e-21
4.330007384618509647e+00 -3.735145276572863773e-21 5.597880679808253737e-22
4.330672384618081239e+00 -2.502822551592980369e-21 7.178074627043789458e-22
4.331337384617652830e+00 -2.966005953207451704e-21 7.317403797672242910e-22
4.332002384617224422e+00 -7.475446643210231983e-22 8.429109551294755960e-22
4.332667384616796014e+00 1.067307887855825364e-21 5.107950610586569077e-22
4.333332384616367605e+00 1.805415204938047102e-21 6.290982919135058843e-22
4.333997384615939197e+00 1.380843035282123579e-21 7.286836310803204432e-22
4.334662384615510788e+00 -2.287660840169482508e-21 6.058374899842439466e-22
4.335327384615082380e+00 8.698534544978579824e-23 6.270630380159770056e-22
4.335992384614653972e+00 2.793420244829616013e-21 6.450668196406697439e-22
4.336657384614225563e+00 1.236347770282773431e-21 6.944378300859722710e-22
4.337322384613797155e+00 -4.932291676871734463e-22 6.519284752410242961e-22
4.337987384613368746e+00 3.534564325886954015e-22 6.077575946601834978e-22
4.338652384612940338e+00 1.816906168130094950e-21 6.567856051452646417e-22
4.339317384612511930e+00 5.381556824353206146e-22 6.891442426759050807e-22
4.339982384612083521e+00 1.463757146747336247e-22 8.314842118031836172e-22
4.340647384611655113e+00 2.898229758631695053e-21 5.661766232150378623e-22
4.341312384611226705e+00 3.396843244332344633e-22 8.949102625019353660e-22
4.341977384610798296e+00 -3.535222819229359798e-22 7.354624784537433337e-22
4.342642384610369888e+00 2.083428375991994509e-21 6.086262419251625279e-22
4.343307384609941479e+00 3.675368906888249056e-22 8.832176426750517341e-22
4.343972384609513071e+00 -4.512629180324016368e-22 1.246559065946554942e-21
4.344637384609084663e+00 2.551918423358662107e-22 1.503678036351599517e-21
4.345302384608656254e+00 1.050640103512220006e-21 8.342618362091554825e-22
4.345967384608227846e+00 2.298520542495691826e-21 7.592737251655348082e-22
4.346632384607799438e+00 5.773939202503685021e-22 7.100474735633807445e-22
4.347297384607371029e+00 6.773612940567524638e-22 7.478213663268542689e-22
4.347962384606942621e+00 -8.356888038602369100e-22 7.230087129513726574e-22
4.348627384606514212e+00 2.082194245726794737e-21 5.663145751823047489e-22
4.349292384606085804e+00 1.439369157184204168e-21 8.248655497474203528e-22
4.349957384605657396e+00 9.706549381511369552e-22 5.612934677442420048e-22
4.350622384605228987e+00 1.371255455149842505e-21 8.480485807033681291e-22
4.351287384604800579e+00 4.859159598129012850e-22 1.828605820006094039e-21
4.351952384604372170e+00 1.138307640067079324e-21 1.188860059412538831e-21
4.352617384603943762e+00 1.163011915411852678e-23 9.428588433670097190e-22
4.353282384603515354e+00 -8.770189668355834938e-22 7.141887721018005429e-22
4.353947384603086945e+00 3.654947089004449451e-22 5.991388951053731728e-22
4.354612384602658537e+00 7.475156867270983653e-22 6.669651935610042263e-22
4.355277384602230129e+00 1.612601943073170369e-22 6.617735987272243864e-22
4.355942384601801720e+00 -3.269406577869768102e-23 6.452393902761943866e-22
4.356607384601373312e+00 5.750682941433128768e-22 6.567060711734016563e-22
4.357272384600944903e+00 -5.574692768420028582e-22 1.591991018696026433e-21
4.357937384600516495e+00 1.167815289242037061e-21 1.149663609191937223e-21
4.358602384600088087e+00 -1.419547262267923850e-21 5.905290036603863708e-22
4.359267384599659678e+00 -3.870644446178686118e-22 8.351525880917653275e-22
4.359932384599231270e+00 1.691984691187091165e-21 8.717981159358320397e-22
4.360597384598802861e+00 5.693313523677688874e-23 7.148449153760249981e-22
4.361262384598374453e+00 -1.221910213795685614e-21 8.519162291954337971e-22
4.361927384597946045e+00 -1.038188242644602192e-21 7.520529650383506559e-22
4.362592384597517636e+00 4.741924001595726874e-22 8.950115883286948436e-22
4.363257384597089228e+00 2.665242672275069877e-21 7.138388159421339209e-22
4.363922384596660820e+00 2.462157105082865642e-21 5.811512351706872123e-22
4.364587384596232411e+00 7.352014094740641119e-22 7.351079191908743999e-22
4.365252384595804003e+00 4.465090115412136196e-22 6.098863875023539463e-22
4.365917384595375594e+00 -3.963972481178464105e-22 7.898871486224307699e-22
4.366582384594947186e+00 -8.438501162566167961e-22 6.498892996291111805e-22
4.367247384594518778e+00 -4.086840724892130973e-22 7.494811101606550426e-22
4.367912384594090369e+00 2.142296432526106649e-21 6.509658409675533720e-22
4.368577384593661961e+00 2.992335245630457150e-21 6.262725193999073001e-22
4.369242384593233552e+00 2.312852474199016837e-21 6.220527079119263176e-22
4.369907384592805144e+00 2.550694455728595255e-21 7.288853913113862847e-22
4.370572384592376736e+00 4.077053288798782905e-21 5.929397142143062761e-22
4.371237384591948327e+00 -1.152593204340531550e-21 6.577528012266304329e-22
4.371902384591519919e+00 -6.587494053373412328e-22 5.360810014303595922e-22
4.372567384591091511e+00 -1.312196409407699813e-21 4.611921152990002955e-22
4.373232384590663102e+00 -6.919645410216563700e-22 5.376211933029257834e-22
4.373897384590234694e+00 -1.426264238256090426e-22 5.587917212928351944e-22
4.374562384589806285e+00 -3.912651026149136085e-22 6.874109101253916304e-22
4.375227384589377877e+00 -2.467805611679841053e-21 6.364917880644052848e-22
4.375892384588949469e+00 -2.388281089266480777e-21 7.128787060805627165e-22
4.376557384588521060e+00 2.758557297111864332e-22 8.423784257287924316e-22
4.377222384588092652e+00 -3.500467129291423172e-23 8.146917576024760582e-22
4.377887384587664243e+00 2.378404023999865373e-22 6.177922407193217738e-22
4.378552384587235835e+00 7.898362894028273603e-23 6.639266971558181762e-22
4.379217384586807427e+00 -4.846722243719772020e-23 6.765257157137047263e-22
4.379882384586379018e+00 4.485009952885651869e-22 6.550729946954004746e-22
4.380547384585950610e+00 -2.464513272198454780e-22 5.921787203715494066e-22
4.381212384585522202e+00 3.876783081467361567e-22 6.575680024784363177e-22
4.381877384585093793e+00 2.750763782965539356e-23 6.663998200089161179e-22
4.382542384584665385e+00 1.807528566630254532e-21 8.649405632463486242e-22
4.383207384584236976e+00 -5.600548280885872034e-22 5.610900888046288351e-22
4.383872384583808568e+00 -1.074626173439128183e-21 7.421835385341065849e-22
4.384537384583380160e+00 3.887419370614795179e-23 6.230862257875811073e-22
4.385202384582951751e+00 5.714452211949719547e-22 5.509312829456721916e-22
4.385867384582523343e+00 3.723143242934638178e-22 1.077693566782429385e-21
4.386532384582094934e+00 7.307899419792298309e-22 1.429850185624518948e-21
4.387197384581666526e+00 -4.743700834597949405e-22 8.285840128133647466e-22
4.387862384581238118e+00 5.789030012115206921e-22 6.535300452628938529e-22
4.388527384580809709e+00 -7.839942531560930346e-22 6.261996395052817582e-22
4.389192384580381301e+00 -1.201382369211557342e-22 6.018873116515675103e-22
4.389857384579952893e+00 9.368150888868050938e-22 6.776962015588684764e-22
4.390522384579524484e+00 -7.813867383188295859e-22 7.267063784245220878e-22
4.391187384579096076e+00 1.360876096436038707e-22 9.163721351398570383e-22
4.391852384578667667e+00 4.145525531723923674e-22 6.048505712628515704e-22
4.392517384578239259e+00 8.589850396176445696e-22 4.589962647999748690e-22
4.393182384577810851e+00 -6.426743111353861322e-22 4.616602037912884186e-22
4.393847384577382442e+00 -9.672121783251095376e-22 6.008215457101395400e-22
4.394512384576954034e+00 -1.320948150452964818e-22 7.302822095576336037e-22
4.395177384576525625e+00 -5.357246359524221274e-22 6.766550723802854402e-22
4.395842384576097217e+00 1.705503182750440731e-22 6.575066140481566686e-22
4.396507384575668809e+00 -3.966997910583386033e-22 7.044033401156922198e-22
4.397172384575240400e+00 2.682306559864018103e-23 6.454347278068154419e-22
4.397837384574811992e+00 1.931433930637196556e-21 5.775146029138876182e-22
4.398502384574383584e+00 -5.683749510277462627e-22 7.001869367997261142e-22
4.399167384573955175e+00 -1.003473065047956700e-21 7.712611055489718986e-22
4.399832384573526767e+00 3.524655364131065272e-22 6.415224717921263794e-22
4.400497384573098358e+00 -5.956314900943255894e-22 7.067507731791265989e-22
4.401162384572669950e+00 -1.064314222590049439e-21 8.875888982935262999e-22
4.401827384572241542e+00 5.238973935602119898e-22 9.090575445823918295e-22
4.402492384571813133e+00 -7.575052745900312694e-22 7.325184802053334858e-22
4.403157384571384725e+00 9.759389126908360491e-22 5.771953465654260921e-22
4.403822384570956316e+00 1.169044965656566352e-21 5.827784364179757062e-22
4.404487384570527908e+00 3.637736199545188345e-22 6.728635129846345497e-22
4.405152384570099500e+00 -1.667981757872227287e-21 6.681172027703436442e-22
4.405817384569671091e+00 8.034434496776619449e-22 7.094495951108944269e-22
4.406482384569242683e+00 1.199724867778725506e-21 6.524297686643797091e-22
4.407147384568814275e+00 6.449947992200560891e-22 6.938832447495216216e-22
4.407812384568385866e+00 5.604955869882019315e-22 9.516875700784513045e-22
4.408477384567957458e+00 -1.200383024160481628e-23 7.224512724732759475e-22
4.409142384567529049e+00 4.208474023051581109e-21 8.937710436317859985e-22
4.409807384567100641e+00 1.407515262332441832e-21 6.699182689457464121e-22
4.410472384566672233e+00 1.811691355528374347e-21 6.658483736404850491e-22
4.411137384566243824e+00 1.234214097146200652e-21 6.281883042741974478e-22
4.411802384565815416e+00 -1.489247129592113947e-21 7.641670860102107612e-22
4.412467384565387007e+00 -1.098181113656864007e-21 6.008391914909245171e-22
4.413132384564958599e+00 -5.139858964410794601e-22 6.001747926806851361e-22
4.413797384564530191e+00 -1.764715151509336866e-21 7.234332723179902945e-22
4.414462384564101782e+00 -7.980486356789017850e-23 4.765646310728646718e-22
4.415127384563673374e+00 8.342207103912398587e-22 6.245801691327087655e-22
4.415792384563244966e+00 -5.103651459689754322e-22 7.003126591352527734e-22
4.416457384562816557e+00 6.294991599412236216e-22 6.249736652977334975e-22
4.417122384562388149e+00 -3.449699743335937951e-22 5.918334894464549703e-22
4.417787384561959740e+00 5.891485041706003473e-22 7.151593100248885301e-22
4.418452384561531332e+00 1.463138577542355934e-21 7.266736163570978236e-22
4.419117384561102924e+00 -2.646860016215691658e-22 7.026936046459857031e-22
4.419782384560674515e+00 -8.838217984292819657e-23 6.074145290882180033e-22
4.420447384560246107e+00 7.806110137106668068e-22 8.369970191787433006e-22
4.421112384559817698e+00 -8.360754557909010025e-22 7.638245073494469585e-22
4.421777384559389290e+00 1.305977671498360141e-21 7.344444991912078671e-22
4.422442384558960882e+00 -2.157295794085408135e-22 8.218070380096267732e-22
4.423107384558532473e+00 -2.983218390769859638e-22 6.961781883338246007e-22
4.423772384558104065e+00 -4.823893518202768449e-22 6.315291609506168559e-22
4.424437384557675657e+00 1.276127887793687034e-22 6.496388646198659798e-22
4.425102384557247248e+00 -4.140358102010733555e-22 6.029054485130130506e-22
4.425767384556818840e+00 -4.698156120772790327e-22 8.663930915869531173e-22
4.426432384556390431e+00 9.107970342031576764e-22 6.145170794816010215e-22
4.427097384555962023e+00 -1.796499745459896317e-21 1.004070135328823452e-21
4.427762384555533615e+00 -1.045166766686140826e-21 7.067508108793698295e-22
4.428427384555105206e+00 -7.726044841421670305e-22 7.283936089025964426e-22
4.429092384554676798e+00 2.895359446972960920e-22 7.957560541441477405e-22
4.429757384554248389e+00 1.315674668343526965e-21 7.681689837794660814e-22
4.430422384553819981e+00 1.839535956945847750e-21 6.877032462010125706e-22
4.431087384553391573e+00 -1.212058398903730205e-22 7.176979350504795258e-22
4.431752384552963164e+00 -4.519152983931888480e-22 6.528423181328717065e-22
4.432417384552534756e+00 9.279109399226759248e-22 5.747632975443344951e-22
4.433082384552106348e+00 -9.158399567263896522e-22 1.031898566115352495e-21
4.433747384551677939e+00 1.396978946911028834e-21 7.495312749682306232e-22
4.434412384551249531e+00 1.991469917849560602e-21 1.268654852079921714e-21
4.435077384550821122e+00 -1.096993073664043221e-21 3.468254733788801829e-21
4.435742384550392714e+00 1.356096208599295684e-21 7.977594154722702196e-22
4.436407384549964306e+00 2.359305720795654767e-21 7.774467678178894296e-22
4.437072384549535897e+00 -5.700559687123035817e-22 7.782819843199618790e-22
4.437737384549107489e+00 6.959579578089205472e-22 7.522943892081086833e-22
4.438402384548679080e+00 -5.310340084287430523e-22 5.749362973744249377e-22
4.439067384548250672e+00 7.745281958485700943e-22 8.146322220954015028e-22
4.439732384547822264e+00 -4.652955429399019449e-22 7.449558884388471096e-22
4.440397384547393855e+00 2.742913342051970572e-22 7.273883004163860559e-22
4.441062384546965447e+00 4.069708901267612962e-22 8.654342912795551961e-22
4.441727384546537039e+00 9.294977719883820194e-22 7.702877112414865094e-22
4.442392384546108630e+00 4.329224815456403493e-22 8.183885759432457759e-22
4.443057384545680222e+00 8.389377325088357640e-22 7.452561030174652471e-22
4.443722384545251813e+00 -1.369613937349489303e-21 1.107164164751831211e-21
4.444387384544823405e+00 1.394911932164566308e-21 1.159012911145613412e-21
4.445052384544394997e+00 -2.442595251452475684e-22 6.239025654040815799e-22
4.445717384543966588e+00 1.667107216800008853e-22 5.482528463474857175e-22
4.446382384543538180e+00 -9.592220930357527593e-22 6.143068687459763348e-22
4.447047384543109771e+00 -5.828938352237910296e-22 7.761587564053038337e-22
4.447712384542681363e+00 -2.016091986931322793e-21 6.681110193091440314e-22
4.448377384542252955e+00 1.629038433247286615e-21 7.908062977859115016e-22
4.449042384541824546e+00 2.296074563036100143e-22 5.943060216518308022e-22
4.449707384541396138e+00 1.521219965346078611e-21 7.754863203501942140e-22
4.450372384540967730e+00 -5.170584405377801630e-22 6.225756440482137678e-22
4.451037384540539321e+00 -9.228192858623689269e-22 8.519847236009828901e-22
4.451702384540110913e+00 -2.910092394337576405e-22 6.042281593981979757e-22
4.452367384539682504e+00 6.201605121343705564e-22 8.129463653302558483e-22
4.453032384539254096e+00 1.474526679553700345e-21 6.434543260770750890e-22
4.453697384538825688e+00 1.249676488893789314e-21 1.069067727985511072e-21
4.454362384538397279e+00 -7.593902267846171358e-22 5.693529433367774785e-22
4.455027384537968871e+00 -8.738832108182309588e-22 1.097699505261617278e-21
4.455692384537540462e+00 2.037490416359882588e-21 7.372369374977351238e-22
4.456357384537112054e+00 -1.279267801705216885e-22 9.273288965505086881e-22
4.457022384536683646e+00 2.410464008470479166e-21 6.974770961640170174e-22
4.457687384536255237e+00 -1.777765465615077320e-21 8.486655979621604730e-22
4.458352384535826829e+00 -1.494211576665199273e-21 7.678350760594013528e-22
4.459017384535398421e+00 -1.439960197362310019e-21 1.131927198519629527e-21
4.459682384534970012e+00 3.126241258931891224e-21 7.559834584949778189e-22
4.460347384534541604e+00 -2.279782059772863495e-22 8.780225993940645412e-22
4.461012384534113195e+00 -5.897584720263045866e-23 7.979540335065242801e-22
4.461677384533684787e+00 6.352053689368378247e-22 8.730212810794772563e-22
4.462342384533256379e+00 1.009900996022229375e-21 8.126057768039867588e-22
4.463007384532827970e+00 1.027681289692107325e-22 6.276798066754448372e-22
4.463672384532399562e+00 -9.814491984002804167e-22 6.783518585497171302e-22
4.464337384531971153e+00 -9.533432134773333445e-22 8.875648903007649409e-22
4.465002384531542745e+00 8.337404534395341893e-22 8.164658148667481964e-22
4.465667384531114337e+00 3.559012907136214169e-22 7.889515975972105471e-22
4.466332384530685928e+00 6.396455283866251416e-22 6.951638221767678251e-22
4.466997384530257520e+00 5.025176203336360805e-22 7.890963123606366560e-22
4.467662384529829112e+00 8.019221810231494006e-22 5.627818256300117363e-22
4.468327384529400703e+00 1.025987022221378019e-21 1.057465691442607364e-21
4.468992384528972295e+00 1.536634035048280265e-21 9.841340068959570002e-22
4.469657384528543886e+00 -6.626408074712382861e-22 8.124079073175091481e-22
4.470322384528115478e+00 2.071549002783351555e-21 9.842935321276352091e-22
4.470987384527687070e+00 -1.215193156049633798e-21 5.824024107523830804e-22
4.471652384527258661e+00 -1.816213978405657428e-21 1.093860696168946266e-21
4.472317384526830253e+00 1.482819472659775315e-21 7.118313726272751890e-22
4.472982384526401844e+00 5.974031721369375708e-22 5.519895246135793923e-22
4.473647384525973436e+00 -3.043594444226457486e-21 7.895725070548797247e-22
4.474312384525545028e+00 -2.389964768034363599e-21 7.357122671095028274e-22
4.474977384525116619e+00 -7.074535930289202911e-22 9.998061435968003654e-22
4.475642384524688211e+00 -6.986708393081072170e-22 9.290803950682202572e-22
4.476307384524259803e+00 2.491852796426493174e-21 1.142132644853651843e-21
4.476972384523831394e+00 -1.280312975275662189e-21 5.691053174181385098e-22
4.477637384523402986e+00 6.599797235988875175e-22 8.369679651340764223e-22
4.478302384522974577e+00 -2.642342094401846294e-22 7.031752325435867746e-22
4.478967384522546169e+00 -3.788735090948649249e-21 9.375890183243116221e-22
4.479632384522117761e+00 1.068578375256209524e-22 5.238677510951936141e-22
4.480297384521689352e+00 -8.432499716305429321e-22 5.548259166816764428e-22
4.480962384521260944e+00 5.178899972411841103e-23 5.899862080557774895e-22
4.481627384520832535e+00 -8.935161005935782145e-22 5.491073466789391369e-22
4.482292384520404127e+00 8.972969544974324572e-22 5.831503802339935560e-22
4.482957384519975719e+00 -6.673102624200910378e-22 6.378725548969366852e-22
4.483622384519547310e+00 1.738012323438499006e-21 9.642262675422764832e-22
4.484287384519118902e+00 1.342983379498850593e-21 6.552217105292286250e-22
4.484952384518690494e+00 -3.245426216723744088e-22 6.247337920399870191e-22
4.485617384518262085e+00 -7.683584115168174454e-22 7.645652913163156724e-22
4.486282384517833677e+00 -1.275808279655329055e-21 6.350450949773967482e-22
4.486947384517405268e+00 -2.074894570933532600e-21 9.425578022724152149e-22
4.487612384516976860e+00 1.788794234228643757e-21 1.432584177120706211e-21
4.488277384516548452e+00 1.020539931184961997e-21 7.977684695682805833e-22
4.488942384516120043e+00 -5.141878147167386040e-22 1.035839988391561262e-21
4.489607384515691635e+00 -4.767037042486226720e-22 7.296886682346143763e-22
4.490272384515263226e+00 3.956089399586864713e-22 9.454412231366846340e-22
4.490937384514834818e+00 8.312794946094923165e-22 8.331070424047746290e-22
4.491602384514406410e+00 -1.771570988476659340e-22 9.982713479530727334e-22
4.492267384513978001e+00 -4.827112763114883329e-22 1.190371289973107044e-21
4.492932384513549593e+00 5.547195052733782366e-22 8.907219056528752149e-22
4.493597384513121185e+00 -1.088818090944048051e-21 7.466686008048088571e-22
4.494262384512692776e+00 -1.239213395324251154e-21 6.419701999150460077e-22
4.494927384512264368e+00 -6.528622371442517785e-22 6.487128799656860888e-22
4.495592384511835959e+00 1.124662568603771017e-21 8.448828683200717766e-22
4.496257384511407551e+00 1.782548668116237703e-22 6.602180112726272955e-22
4.496922384510979143e+00 -1.395381288070261333e-22 8.146006508057027449e-22
4.497587384510550734e+00 1.168264035460694247e-21 9.018748011055124920e-22
4.498252384510122326e+00 -8.656649871071663376e-22 5.942979882123809962e-22
4.498917384509693917e+00 7.960635873523507564e-22 8.730924204444030692e-22
4.499582384509265509e+00 8.985107204320555057e-22 8.289653583834358921e-22
4.500247384508837101e+00 1.469741172381736193e-21 6.448634758585910779e-22
4.500912384508408692e+00 2.554405009166347315e-21 9.737070304695167410e-22
4.501577384507980284e+00 -5.183095605835506788e-22 1.048233653747661263e-21
4.502242384507551876e+00 -7.531458767095283731e-22 5.710128897648938843e-22
4.502907384507123467e+00 1.694246142862317469e-21 8.902243287583286597e-22
4.503572384506695059e+00 -1.521576812992851554e-22 7.816120424911475036e-22
4.504237384506266650e+00 -4.897838678289636594e-22 8.547667507375170124e-22
4.504902384505838242e+00 5.447807954735436725e-22 7.595426298392685137e-22
4.505567384505409834e+00 -3.406107768020278623e-22 9.777637512865668780e-22
4.506232384504981425e+00 5.191188035887391434e-22 8.187055196676556924e-22
4.506897384504553017e+00 -1.643067392688553835e-21 6.705659770709212461e-22
4.507562384504124608e+00 -8.877512470949712468e-22 5.580511874337558735e-22
4.508227384503696200e+00 1.923591527324641155e-21 9.074092272931733538e-22
4.508892384503267792e+00 1.161352657085659797e-21 6.676134068369711022e-22
4.509557384502839383e+00 1.706402600481225204e-21 7.922755923219269181e-22
4.510222384502410975e+00 6.275223003104130790e-23 9.959435663201026595e-22
4.510887384501982567e+00 4.907701468582606453e-22 6.056948846491932867e-22
4.511552384501554158e+00 -1.080128758344920198e-21 8.631710722747174945e-22
4.512217384501125750e+00 -6.303566830232565060e-22 1.000760526143410543e-21
4.512882384500697341e+00 7.946157746271270768e-23 7.656438926227976267e-22
4.513547384500268933e+00 5.990167304030199576e-22 6.014905187580707661e-22
4.514212384499840525e+00 -2.266143882520406993e-23 7.461102747916886353e-22
4.514877384499412116e+00 -2.326047390453629238e-22 5.802385434872389459e-22
4.515542384498983708e+00 3.843219705903813627e-22 8.418815913536936347e-22
4.516207384498555300e+00 -1.250001536296517328e-21 9.108286413171322742e-22
4.516872384498126891e+00 -7.552372899400548386e-22 8.574593988781341514e-22
4.517537384497698483e+00 -3.275912726821258457e-22 6.634775307278690025e-22
4.518202384497270074e+00 6.577326725803742270e-22 6.797411759328246292e-22
4.518867384496841666e+00 2.529791178633251889e-21 1.599411535379865926e-21
4.519532384496413258e+00 2.321713149684453115e-21 7.836470628442534282e-22
4.520197384495984849e+00 -2.487453390388296103e-22 6.740640224608343615e-22
4.520862384495556441e+00 -1.147965408477590956e-21 8.847559122608930538e-22
4.521527384495128032e+00 -4.731298050115587252e-22 6.516384487949447966e-22
4.522192384494699624e+00 -9.357766651440155904e-23 9.344299076784980995e-22
4.522857384494271216e+00 -5.677439453599288402e-22 8.278025950557545085e-22
4.523522384493842807e+00 -7.547466789780202514e-23 4.587392466997429277e-22
4.524187384493414399e+00 -1.091595098528824380e-21 8.549580419668277918e-22
4.524852384492985991e+00 -1.455861834886440559e-21 8.054580473811438335e-22
4.525517384492557582e+00 -1.448404198715981794e-21 7.480581071905850454e-22
4.526182384492129174e+00 1.199440115037702140e-21 8.316313820067092424e-22
4.526847384491700765e+00 5.236020828971041488e-22 6.601307863992697638e-22
4.527512384491272357e+00 8.412709229102187238e-22 6.874646684626007818e-22
4.528177384490843949e+00 1.241715229839121020e-21 7.191570476930103087e-22
4.528842384490415540e+00 -3.246248499803506640e-21 6.465759999027268905e-22
4.529507384489987132e+00 2.035834575742963519e-23 6.769718113870356603e-22
4.530172384489558723e+00 -1.630747933755577283e-21 5.604507746771385642e-22
4.530837384489130315e+00 2.133465757668651767e-21 5.921400443719261120e-22
4.531502384488701907e+00 8.376796669547577750e-22 4.582005368491969097e-22
4.532167384488273498e+00 -5.080533265942026219e-22 4.952194943199800598e-22
4.532832384487845090e+00 3.852909120122961750e-22 6.542720470214175786e-22
4.533497384487416682e+00 3.762590993577078254e-21 6.371697490265484705e-22
4.534162384486988273e+00 5.919525098724393997e-22 6.368077153826100324e-22
4.534827384486559865e+00 -2.372619795266143986e-21 6.463398781819458071e-22
4.535492384486131456e+00 -2.064956171527382986e-22 8.261666560447580913e-22
4.536157384485703048e+00 -4.473264933301421401e-22 8.591458717288265270e-22
4.536822384485274640e+00 3.347733957536197527e-21 9.969171709990163414e-22
4.537487384484846231e+00 -1.818945455538534110e-21 6.474248984333379321e-22
4.538152384484417823e+00 -3.138219408095467869e-22 6.365873185350751352e-22
4.538817384483989414e+00 3.673511710555684598e-22 8.591838003653451471e-22
4.539482384483561006e+00 -1.926868873516935698e-21 7.715931698815456212e-22
4.540147384483132598e+00 -1.262897090600513028e-21 6.765713863392027639e-22
4.540812384482704189e+00 -2.448583409126635958e-22 7.761800586927543621e-22
4.541477384482275781e+00 -2.197528706948985706e-21 8.125620445736313683e-22
4.542142384481847373e+00 -4.944551586754453268e-22 6.564459724898887730e-22
4.542807384481418964e+00 -1.423088552210714391e-21 7.479775474822248612e-22
4.543472384480990556e+00 -1.032237948560291419e-21 6.941771077241065176e-22
4.544137384480562147e+00 -1.493602148315133828e-22 5.365746768981794535e-22
4.544802384480133739e+00 4.161358162846120353e-22 7.237218280493534705e-22
4.545467384479705331e+00 -3.226754625432190962e-22 5.794263507869407574e-22
4.546132384479276922e+00 -4.733735680201744266e-22 7.964195360843623856e-22
4.546797384478848514e+00 -1.787271503834375101e-21 7.913403339722314049e-22
4.547462384478420105e+00 1.547315954836959815e-21 7.001216917527058601e-22
4.548127384477991697e+00 -1.966012376256088918e-21 7.164192877558406595e-22
4.548792384477563289e+00 -1.479512134551506863e-21 8.043574601140277384e-22
4.549457384477134880e+00 -1.652086791883142180e-21 6.168664733518484642e-22
4.550122384476706472e+00 3.069865124194770203e-22 5.676283272977162515e-22
4.550787384476278064e+00 6.512799202289159791e-22 6.430305157858811433e-22
4.551452384475849655e+00 5.110267038817887511e-22 6.941748731156908289e-22
4.552117384475421247e+00 -5.067198554688060882e-23 5.586807561561619883e-22
4.552782384474992838e+00 -1.029254831548553712e-21 5.569715416715558050e-22
4.553447384474564430e+00 6.290745490232772492e-22 7.433526266701246758e-22
4.554112384474136022e+00 -1.115480495056089985e-21 8.411606610359560780e-22
4.554777384473707613e+00 -2.205588261230446598e-21 8.147380460280823008e-22
4.555442384473279205e+00 -1.197452087922933867e-21 4.955645724593614589e-22
4.556107384472850796e+00 -1.030246082589468594e-21 7.622488572769546942e-22
4.556772384472422388e+00 -1.075618650726253022e-21 8.515242421107865368e-22
4.557437384471993980e+00 -2.030741385027261005e-22 8.749411182774561022e-22
4.558102384471565571e+00 3.411276685696536043e-21 9.613101751160805448e-22
4.558767384471137163e+00 1.525321180514251014e-21 1.413671729286435259e-21
4.559432384470708755e+00 -6.671564672839448992e-22 8.080192899719457712e-22
4.560097384470280346e+00 1.928939318841767932e-21 8.497610586001704372e-22
4.560762384469851938e+00 1.242991636901671736e-21 8.261655345229986736e-22
4.561427384469423529e+00 5.750293274284941076e-22 8.952248121706228322e-22
4.562092384468995121e+00 -9.481360677429634265e-22 8.628629951224091086e-22
4.562757384468566713e+00 -2.826356149918623400e-21 6.964947475916174315e-22
4.563422384468138304e+00 -1.298255107091988541e-21 5.949340351738350255e-22
4.564087384467709896e+00 1.993385713429286618e-22 7.447367688601872728e-22
4.564752384467281487e+00 -1.595303401586599738e-21 1.198344952270197842e-21
4.565417384466853079e+00 -3.739754669577653756e-22 6.100195175371648698e-22
4.566082384466424671e+00 1.509753681041342721e-22 1.022548223473901231e-21
4.566747384465996262e+00 1.905807675131265803e-21 1.046242410300432677e-21
4.567412384465567854e+00 -7.493309312762881269e-22 8.055426854899074405e-22
4.568077384465139446e+00 -9.258758004672006159e-22 6.914291370069098232e-22
4.568742384464711037e+00 -1.491934008223126211e-21 8.164126802944015285e-22
4.569407384464282629e+00 -1.805550691398614504e-21 8.487281278548685477e-22
4.570072384463854220e+00 1.192968053076070813e-21 8.712819360211146310e-22
4.570737384463425812e+00 3.409303348313242294e-21 9.811466367828932396e-22
4.571402384462997404e+00 2.272531207226909695e-21 6.371962118245582310e-22
4.572067384462568995e+00 6.628546567715670429e-22 7.493031792718998827e-22
4.572732384462140587e+00 1.277992660534855253e-21 7.231243143183321027e-22
4.573397384461712178e+00 -5.119259254041139612e-22 1.244115378189591051e-21
4.574062384461283770e+00 -1.584302988667594559e-21 7.551979174439610847e-22
4.574727384460855362e+00 -1.158733586947771413e-21 5.987527067770671438e-22
4.575392384460426953e+00 -1.682025780291468934e-21 7.521017154449756759e-22
4.576057384459998545e+00 -2.808109925868718685e-22 5.833317947842317789e-22
4.576722384459570137e+00 7.467711113513394113e-22 9.584521423764656341e-22
4.577387384459141728e+00 -1.648654556152479457e-22 8.183530886466171449e-22
4.578052384458713320e+00 -1.256485467352135939e-21 7.459785255860724175e-22
4.578717384458284911e+00 3.021546463431540272e-22 7.998111771580759828e-22
4.579382384457856503e+00 2.192465204728806144e-22 7.045878493770318636e-22
4.580047384457428095e+00 6.308140860912666859e-24 5.762579993804096786e-22
4.580712384456999686e+00 -1.353658172969189318e-21 9.125367836452174210e-22
4.581377384456571278e+00 4.936025655391769426e-22 9.236740591168763863e-22
4.582042384456142869e+00 4.993338910528283961e-22 6.819795647067297621e-22
4.582707384455714461e+00 1.676896152288213237e-21 6.980836444473094827e-22
4.583372384455286053e+00 -2.152196677832339189e-21 8.605706498218145693e-22
4.584037384454857644e+00 -1.641454995850526131e-21 5.680843942343852131e-22
4.584702384454429236e+00 -2.436109702026677016e-21 9.251095806184452247e-22
4.585367384454000828e+00 9.296608592188574731e-22 6.688855772881522994e-22
4.586032384453572419e+00 2.173627657235070986e-21 6.823432522224642512e-22
4.586697384453144011e+00 -5.059929576031287590e-22 7.929625673232176353e-22
4.587362384452715602e+00 -1.713310003958090939e-21 7.244822264036660060e-22
4.588027384452287194e+00 1.365539583424163103e-21 6.314774775983542270e-22
4.588692384451858786e+00 1.541879566588759857e-21 4.883212726760128777e-22
4.589357384451430377e+00 1.729329863368733991e-22 6.812028889767368613e-22
4.590022384451001969e+00 7.476102508072953870e-23 7.113451733491215383e-22
4.590687384450573560e+00 -1.460603513871152795e-21 7.457879956784159811e-22
4.591352384450145152e+00 -7.592082509943558576e-22 7.236149523977642662e-22
4.592017384449716744e+00 1.849106464080293077e-21 9.799395851930716860e-22
4.592682384449288335e+00 -8.158160432341419263e-22 6.253355027879899099e-22
4.593347384448859927e+00 4.251976433693215817e-22 5.567392642113863916e-22
4.594012384448431519e+00 -1.972852975414132310e-21 7.966653920143231812e-22
4.594677384448003110e+00 -1.795095525208540337e-21 9.922255307709061841e-22
4.595342384447574702e+00 -4.211710067322496876e-22 5.357220232956782222e-22
4.596007384447146293e+00 4.997817917534762076e-22 8.724537194975294492e-22
4.596672384446717885e+00 7.868967722397801350e-22 5.874522647299659776e-22
4.597337384446289477e+00 -3.286256788905209041e-22 6.888249607469983768e-22
4.598002384445861068e+00 -8.072179890542778273e-22 8.970095220576378532e-22
4.598667384445432660e+00 -1.710732743031356495e-21 7.023117042332448171e-22
4.599332384445004251e+00 -3.515391182481235498e-22 7.147385510751739895e-22
4.599997384444575843e+00 2.435076877211517056e-21 8.763436816761124446e-22
4.600662384444147435e+00 7.353388897729892143e-22 8.483966153075062041e-22
4.601327384443719026e+00 -2.235278021698062265e-21 9.103360589451449055e-22
4.601992384443290618e+00 -8.957563977185870850e-22 8.304733046535365599e-22
4.602657384442862210e+00 -2.212857946939896999e-21 8.887355561301903329e-22
4.603322384442433801e+00 -1.838617713845673836e-21 9.090027514010433642e-22
4.603987384442005393e+00 -1.539451335600478352e-21 9.886675947374689185e-22
4.604652384441576984e+00 -1.339925632526974503e-21 6.432979421635786487e-22
4.605317384441148576e+00 9.903056837063398263e-23 5.818600827435091639e-22
4.605982384440720168e+00 1.784772066324115131e-21 6.479307527865180063e-22
4.606647384440291759e+00 -5.901753373289404237e-22 5.102781590474673033e-22
4.607312384439863351e+00 -1.093447800761052962e-22 7.580200771738417114e-22
4.607977384439434942e+00 -3.518927266656435703e-22 7.503958666877952516e-22
4.608642384439006534e+00 4.131729083426425942e-22 8.848564100831657239e-22
4.609307384438578126e+00 -1.916007352513873601e-21 8.844453223602558700e-22
4.609972384438149717e+00 -1.414393571717939769e-21 5.698276718998765261e-22
4.610637384437721309e+00 -9.345581140262711305e-22 9.467413891835916051e-22
4.611302384437292901e+00 -1.568762564360312854e-22 9.431781739276492445e-22
4.611967384436864492e+00 -7.245405438874767457e-23 8.408612750925391571e-22
4.612632384436436084e+00 1.843101592530254745e-22 6.733265981146436172e-22
4.613297384436007675e+00 4.807920469370340720e-22 5.611428693817972927e-22
4.613962384435579267e+00 4.931935983758020694e-22 5.702795460325380691e-22
4.614627384435150859e+00 -1.026331217833822471e-21 5.580362180646465318e-22
4.615292384434722450e+00 -3.827810866395579671e-22 7.598851779522348326e-22
4.615957384434294042e+00 -3.507561573700996454e-21 8.405078112183128167e-22
4.616622384433865633e+00 -5.552556799799469340e-22 8.530649802536244028e-22
4.617287384433437225e+00 6.376747948512215595e-22 5.789236181220211119e-22
4.617952384433008817e+00 3.010147619697358976e-22 6.108120835339032829e-22
4.618617384432580408e+00 9.458240584039929385e-22 7.174434180986568811e-22
4.619282384432152000e+00 -6.110479040578000511e-22 9.174708148316106557e-22
4.619947384431723592e+00 -1.486227197395670537e-23 7.626584246918142864e-22
4.620612384431295183e+00 6.509632464131286899e-22 8.944895615986164548e-22
4.621277384430866775e+00 -3.936723545514121019e-22 6.656146243570451329e-22
4.621942384430438366e+00 1.024506458419448854e-21 6.433267175969880531e-22
4.622607384430009958e+00 -7.565693735238417957e-22 6.787214840797397281e-22
4.623272384429581550e+00 -1.009366648398232160e-22 6.940856242749072565e-22
4.623937384429153141e+00 6.442808833185501281e-22 6.480944573737821202e-22
4.624602384428724733e+00 3.592232896938284000e-22 8.404569585972309007e-22
4.625267384428296324e+00 -9.838538996634466253e-23 7.671259947075505322e-22
4.625932384427867916e+00 4.821516691330882032e-23 5.099543808351271311e-22
4.626597384427439508e+00 1.046818987706958926e-21 8.203144233476787316e-22
4.627262384427011099e+00 2.247470757246091201e-21 5.790944604210062105e-22
4.627927384426582691e+00 -1.531274131373352830e-21 7.461051514669555231e-22
4.628592384426154283e+00 -3.143224456151879898e-21 6.588170029522851548e-22
4.629257384425725874e+00 -4.420556927308767448e-21 8.478240456226126573e-22
4.629922384425297466e+00 -4.171396034806529214e-21 7.265139420782031076e-22
4.630587384424869057e+00 -2.442340379730676033e-22 7.743373243273265307e-22
4.631252384424440649e+00 2.217081105009353079e-21 6.621597090547254717e-22
4.631917384424012241e+00 2.631896534606949528e-21 7.237975176882758662e-22
4.632582384423583832e+00 3.349154765132522103e-21 5.780146719188333144e-22
4.633247384423155424e+00 2.070437459145422809e-21 7.381919462500573870e-22
4.633912384422727015e+00 4.615707873479168354e-21 9.473208432195645138e-22
4.634577384422298607e+00 1.124146331997691224e-21 8.288640151592112518e-22
4.635242384421870199e+00 -6.051564625608930238e-23 6.277642674520649011e-22
4.635907384421441790e+00 1.325600313523384506e-21 7.743114749859909343e-22
4.636572384421013382e+00 1.845310226196181802e-21 6.484666216307619827e-22
4.637237384420584974e+00 -1.747278868903874035e-22 7.113607568263776491e-22
4.637902384420156565e+00 -1.140078256211301794e-21 7.792103968078963882e-22
4.638567384419728157e+00 -2.813642171032121242e-21 8.837501339964909422e-22
4.639232384419299748e+00 2.204239143367628842e-22 6.038123176127627959e-22
4.639897384418871340e+00 -4.755657734438354391e-22 6.134431486461826743e-22
4.640562384418442932e+00 8.495602385904379284e-22 2.195363576309927389e-21
4.641227384418014523e+00 2.168415275365420987e-21 7.328811745102843949e-22
4.641892384417586115e+00 -1.130977092964122101e-21 7.332748444495747965e-22
4.642557384417157706e+00 -1.871772414263404542e-21 6.693166161334967324e-22
4.643222384416729298e+00 -9.234989347815131801e-22 7.703694080202294029e-22
4.643887384416300890e+00 -7.789302888094658678e-22 7.551377755403494558e-22
4.644552384415872481e+00 -7.338371181262510559e-22 8.248102702492212984e-22
4.645217384415444073e+00 -1.599499970107494113e-21 6.615515246557354764e-22
4.645882384415015665e+00 -2.756703626429320872e-22 8.146250093562146197e-22
4.646547384414587256e+00 1.587662798766257566e-21 8.807003899024514487e-22
4.647212384414158848e+00 1.316064781490707404e-21 5.817459242695822398e-22
4.647877384413730439e+00 1.159113828964053046e-21 7.647166525626318615e-22
4.648542384413302031e+00 -4.222378685476219186e-22 1.204395496647875376e-21
4.649207384412873623e+00 1.721914972044281693e-22 9.428841157876251254e-22
4.649872384412445214e+00 1.979065005949524179e-24 6.661892934571787470e-22
4.650537384412016806e+00 -1.166583040816959663e-22 7.163181523551696165e-22
4.651202384411588397e+00 -1.940279105165493925e-21 7.735444978611398003e-22
4.651867384411159989e+00 -2.338677383324772287e-21 5.522971624986897493e-22
4.652532384410731581e+00 -4.173624830425810433e-22 1.228470936938644722e-21
4.653197384410303172e+00 -1.614846280262295425e-21 9.646655111877607033e-22
4.653862384409874764e+00 -4.421715464455449079e-22 1.089598299849650322e-21
4.654527384409446356e+00 1.099339151789439629e-21 8.203583860099701567e-22
4.655192384409017947e+00 1.268732673297877755e-21 9.707741686245527774e-22
4.655857384408589539e+00 1.528921516646787697e-21 9.654743860827391989e-22
4.656522384408161130e+00 1.182800695059477520e-21 7.278345219526817375e-22
4.657187384407732722e+00 -3.546620974668825646e-21 6.286846580920623462e-22
4.657852384407304314e+00 -7.113929639361467261e-22 7.682251119574563961e-22
4.658517384406875905e+00 -1.654010559514060910e-21 6.886968814578676822e-22
4.659182384406447497e+00 -2.509030698084366241e-21 9.755179107725744277e-22
4.659847384406019088e+00 -2.217098365332054492e-21 1.177702162769944428e-21
4.660512384405590680e+00 1.310302601159458307e-22 9.766122299072254411e-22
4.661177384405162272e+00 1.036638125216038300e-21 6.384469014357572781e-22
4.661842384404733863e+00 -9.041716465932052708e-22 8.483282559930893845e-22
4.662507384404305455e+00 9.485339368504071517e-23 6.650803890326586493e-22
4.663172384403877047e+00 4.016540864266730495e-22 7.657583144058578297e-22
4.663837384403448638e+00 1.508756406983672991e-21 6.536109047624582276e-22
4.664502384403020230e+00 2.424150523560059123e-22 6.989750734668366619e-22
4.665167384402591821e+00 -1.918451639371275698e-21 1.008066483624273288e-21
4.665832384402163413e+00 1.045542492714606384e-21 8.017658368227001518e-22
4.666497384401735005e+00 -7.871151460200119417e-23 6.235324198446407280e-22
4.667162384401306596e+00 -1.114516793509380855e-21 1.603175214399073108e-21
4.667827384400878188e+00 -1.492533692644071466e-21 5.985803653948963962e-22
4.668492384400449779e+00 5.544306280975116685e-22 8.085566077940520726e-22
4.669157384400021371e+00 1.605841796876384652e-21 6.490844591220431903e-22
4.669822384399592963e+00 6.533462523548245995e-23 7.417084223272099654e-22
4.670487384399164554e+00 3.207397352660252075e-22 6.245868030608806725e-22
4.671152384398736146e+00 -8.514653236028986151e-22 8.464538091289865359e-22
4.671817384398307738e+00 7.033115442959690337e-22 8.630052548100485779e-22
4.672482384397879329e+00 -3.809616220222047392e-22 9.691012830813003381e-22
4.673147384397450921e+00 -3.257639101053259198e-22 6.895505239168264159e-22
4.673812384397022512e+00 1.668975871303587649e-21 8.853791361357944560e-22
4.674477384396594104e+00 1.287657302419658709e-21 3.598812451121316463e-21
4.675142384396165696e+00 1.790979330799545713e-22 1.095851781735922243e-21
4.675807384395737287e+00 -1.525720105711731998e-21 9.263334351404680829e-22
4.676472384395308879e+00 6.021417117372490622e-22 7.582898655999264808e-22
4.677137384394880470e+00 1.801512849243510305e-21 7.072652299195996242e-22
4.677802384394452062e+00 -4.217108804380769991e-22 8.674591222192811745e-22
4.678467384394023654e+00 -1.405046943883033100e-21 8.527606945294460903e-22
4.679132384393595245e+00 -3.995306514833762521e-24 6.439195439046508941e-22
4.679797384393166837e+00 -5.193844911339643759e-22 8.299286703728197233e-22
4.680462384392738429e+00 -1.573950122344422046e-21 1.123043970621948653e-21
4.681127384392310020e+00 -2.591061309803471505e-23 8.963702867833743856e-22
4.681792384391881612e+00 6.271038621288471139e-23 7.927416601489451310e-22
4.682457384391453203e+00 1.105980605135402123e-21 1.304044402054298330e-21
4.683122384391024795e+00 1.121291393282806677e-21 9.098784822538901138e-22
4.683787384390596387e+00 -1.374098445580943589e-22 8.549031411286368180e-22
4.684452384390167978e+00 -1.188087091067922538e-21 1.102863633041748477e-21
4.685117384389739570e+00 -2.605946334514410267e-22 7.688498429723009478e-22
4.685782384389311161e+00 7.153868890533419931e-22 7.515630864610246596e-22
4.686447384388882753e+00 -1.921136895794936336e-21 7.236434657146421351e-22
4.687112384388454345e+00 -1.710432271882017171e-21 1.033431583894940571e-21
4.687777384388025936e+00 -6.304973288657754976e-22 1.203863534206995206e-21
4.688442384387597528e+00 -7.327077863809242735e-22 9.948839962325330875e-22
4.689107384387169120e+00 3.779277741074701250e-22 8.391578008464567226e-22
4.689772384386740711e+00 -2.869229799837091520e-21 1.230149920481105878e-21
4.690437384386312303e+00 -5.456065934866299776e-22 9.149087077280067240e-22
4.691102384385883894e+00 8.218604450436757589e-22 1.091884909648965792e-21
4.691767384385455486e+00 1.239091353305239993e-21 1.000888210542565127e-21
4.692432384385027078e+00 6.320622643452132499e-22 6.362132998015296897e-22
4.693097384384598669e+00 3.004225634229876786e-23 6.281308205188433634e-22
4.693762384384170261e+00 -1.158417314887249544e-21 9.595206880773450243e-22
4.694427384383741853e+00 5.920939403649402283e-22 5.423093972310121794e-22
4.695092384383313444e+00 1.413363797063201390e-21 7.244321038327977872e-22
4.695757384382885036e+00 -2.323939602105096194e-22 9.934119559015674640e-22
4.696422384382456627e+00 9.608645374519144647e-22 1.023805474323356455e-21
4.697087384382028219e+00 1.812196584132281901e-22 8.550519826739404677e-22
4.697752384381599811e+00 2.656357490713878879e-22 8.072607258926050475e-22
4.698417384381171402e+00 -1.821030865879487415e-21 7.047932563672151187e-22
4.699082384380742994e+00 1.008859756103733140e-21 8.783285013809726582e-22
4.699747384380314585e+00 -3.441138204423209581e-21 1.848258115638948657e-21
4.700412384379886177e+00 1.860062244386544552e-21 9.995293611880383538e-22
4.701077384379457769e+00 -2.374944398125502122e-21 1.134857191752563733e-21
4.701742384379029360e+00 1.580870552779586252e-21 1.246075960536970522e-21
4.702407384378600952e+00 2.574087652956542074e-21 1.206616018776562056e-21
4.703072384378172544e+00 2.128919513143649056e-21 6.955897718782835085e-22
4.703737384377744135e+00 4.724924070355176990e-22 7.438487626995911255e-22
4.704402384377315727e+00 -6.034350745042782196e-23 5.924103847730571690e-22
4.705067384376887318e+00 -6.032974502201060550e-22 6.669511477828638665e-22
4.705732384376458910e+00 -5.630922739318612427e-22 6.846666095445296881e-22
4.706397384376030502e+00 -1.194670386272332273e-21 1.239974679069340503e-21
4.707062384375602093e+00 2.242744415367115263e-21 6.366804984491924922e-22
4.707727384375173685e+00 2.322757119033794175e-21 8.768713390729654452e-22
4.708392384374745276e+00 1.002403859774116516e-21 8.302749544180276307e-22
4.709057384374316868e+00 -1.601294232804077746e-21 8.519808937786928894e-22
4.709722384373888460e+00 9.018703564824092814e-22 7.887240150492727369e-22
4.710387384373460051e+00 -1.276613823882740896e-21 7.525116673159032795e-22
4.711052384373031643e+00 -7.785925523128954241e-22 7.141642485849696315e-22
4.711717384372603235e+00 1.908190712093799470e-21 7.429940098646663759e-22
4.712382384372174826e+00 -4.661884073815847290e-22 1.965846861891717526e-21
4.713047384371746418e+00 -1.039232610851598546e-21 7.919149781890244786e-22
4.713712384371318009e+00 -3.496492478767769203e-22 6.742285550049402399e-22
4.714377384370889601e+00 8.401608983750460733e-22 8.267264818301180618e-22
4.715042384370461193e+00 -1.910739278196898998e-23 6.548219841018043942e-22
4.715707384370032784e+00 1.419875793716116927e-21 6.746847767320281721e-22
4.716372384369604376e+00 2.501742901862976326e-21 7.688767733342933138e-22
4.717037384369175967e+00 1.382990138617387710e-21 6.397293511197037179e-22
4.717702384368747559e+00 1.213868627202166132e-21 7.436627588376644870e-22
4.718367384368319151e+00 2.983613204592666691e-21 9.524132307037668791e-22
4.719032384367890742e+00 -1.820521797061544769e-21 7.480876782954484659e-22
4.719697384367462334e+00 -2.118098288602081416e-21 6.125737395100459410e-22
4.720362384367033926e+00 -1.436269038643945641e-21 8.304991286096456511e-22
4.721027384366605517e+00 5.896371422916929294e-22 7.001873209366966860e-22
4.721692384366177109e+00 1.263465738483763229e-21 6.455411807956534805e-22
4.722357384365748700e+00 3.394134380086027341e-21 7.527444036673052800e-22
4.723022384365320292e+00 2.299473644372648905e-21 7.743526388315954951e-22
4.723687384364891884e+00 2.501710989136793429e-22 7.361491278655510974e-22
4.724352384364463475e+00 1.751283692704003025e-22 6.981887281271317642e-22
4.725017384364035067e+00 4.352237223127105385e-22 6.590148853089610530e-22
4.725682384363606658e+00 7.991556282052314979e-22 5.570219542423518748e-22
4.726347384363178250e+00 -2.212268570250364599e-21 5.984830502603313017e-22
4.727012384362749842e+00 -3.752497458553366108e-22 6.352335491697168207e-22
4.727677384362321433e+00 -3.809849358104684491e-21 8.295062088276667578e-22
4.728342384361893025e+00 -3.138818161387036392e-21 9.549906439030933028e-22
4.729007384361464617e+00 4.179334603943992359e-22 9.921269574649701484e-22
4.729672384361036208e+00 1.021482426732858744e-21 8.990749015398658820e-22
4.730337384360607800e+00 -1.173217634792195944e-22 4.912682112201747663e-22
4.731002384360179391e+00 6.546563356161092408e-22 7.689515347847688912e-22
4.731667384359750983e+00 4.624660553343497723e-22 7.807691282893148764e-22
4.732332384359322575e+00 -1.587113076695496662e-21 7.346778586864147691e-22
4.732997384358894166e+00 -5.338542278109955416e-22 9.410888255465603499e-22
4.733662384358465758e+00 6.436187714032068932e-22 8.461270313756309072e-22
4.734327384358037349e+00 1.740087698643894831e-21 6.556040581206303652e-22
4.734992384357608941e+00 8.340144501588060480e-22 8.079229785745744507e-22
4.735657384357180533e+00 2.046068840512996862e-21 8.338732821861178336e-22
4.736322384356752124e+00 -4.663638328022081156e-21 9.243383170085167993e-22
4.736987384356323716e+00 -1.854615923983277619e-21 6.800095842412297625e-22
4.737652384355895308e+00 5.601218884796247381e-22 8.671351900465255213e-22
4.738317384355466899e+00 1.019056475477735403e-21 6.897506178064043609e-22
4.738982384355038491e+00 1.596456057199922501e-21 8.494080096471020915e-22
4.739647384354610082e+00 -1.466881147760497591e-21 7.357799967592425531e-22
4.740312384354181674e+00 -1.710214282483555926e-21 5.738266151929080883e-22
4.740977384353753266e+00 -4.560823030176496441e-22 6.392109496474322334e-22
4.741642384353324857e+00 1.476658052789573286e-21 9.227263830679236978e-22
4.742307384352896449e+00 -9.147669316252434296e-22 7.635761114301442620e-22
4.742972384352468040e+00 -1.440249837459163311e-21 1.022386228728261227e-21
4.743637384352039632e+00 7.756993168791346390e-22 8.975988914650734034e-22
4.744302384351611224e+00 -1.799198254234887048e-22 1.087328302890862794e-21
4.744967384351182815e+00 6.776289565204562789e-22 9.148229781812721854e-22
4.745632384350754407e+00 4.561731108359632724e-22 6.608298156579640714e-22
4.746297384350325999e+00 1.767281795586850371e-21 1.119998604117548749e-21
4.746962384349897590e+00 -1.080836931903110185e-21 7.510525211428201636e-22
4.747627384349469182e+00 4.244731337924493342e-22 8.249421063553892773e-22
4.748292384349040773e+00 1.740600073172325771e-21 1.053364130237228057e-21
4.748957384348612365e+00 2.477228392715071889e-21 7.318285685008372212e-22
4.749622384348183957e+00 3.742867345424015002e-22 6.759163493680150437e-22
4.750287384347755548e+00 -5.297347171040422694e-22 7.643000323201837341e-22
4.750952384347327140e+00 -7.692902153642601013e-22 7.539195166056404075e-22
4.751617384346898731e+00 -3.791921188435268395e-22 7.973220976512166032e-22
4.752282384346470323e+00 -2.546994622069451293e-21 6.079687077823440561e-22
4.752947384346041915e+00 1.677052611677789923e-21 6.722383605621738658e-22
4.753612384345613506e+00 -9.330220120334323932e-22 5.500273006293629418e-22
4.754277384345185098e+00 -2.075659964502005954e-21 6.857587979895674590e-22
4.754942384344756690e+00 -5.039102509765648560e-22 5.661647900158900277e-22
4.755607384344328281e+00 1.437997284782535073e-21 9.089820089141293951e-22
4.756272384343899873e+00 9.516063759251486054e-22 6.441938914902386549e-22
4.756937384343471464e+00 -1.611793788303829300e-21 7.227183793305241043e-22
4.757602384343043056e+00 2.160332677785894880e-21 7.339530360534670631e-22
4.758267384342614648e+00 1.431514341073765093e-21 7.507520597604264208e-22
4.758932384342186239e+00 3.207028750784067130e-21 1.001218656363430402e-21
4.759597384341757831e+00 -8.832182036079053261e-22 9.157499402356304091e-22
4.760262384341329422e+00 -2.160561062935573613e-21 1.028223744205760662e-21
4.760927384340901014e+00 -1.395430949136422679e-21 1.138137697752580742e-21
4.761592384340472606e+00 8.385652018758770105e-22 7.685824906605452426e-22
4.762257384340044197e+00 -2.167966615847555133e-23 7.608950038958986557e-22
4.762922384339615789e+00 6.231510791940694882e-22 7.668490382497730517e-22
4.763587384339187381e+00 -8.075731650798147155e-23 9.319847819140615913e-22
4.764252384338758972e+00 3.659695067330248338e-22 8.417183067010763760e-22
4.764917384338330564e+00 5.770935462668224313e-21 8.381217627105245402e-22
4.765582384337902155e+00 1.258784138974017846e-21 7.769657574335279812e-22
4.766247384337473747e+00 9.963813744867299787e-21 4.906310473707515490e-21
4.766912384337045339e+00 1.163115058867549489e-21 6.190334862092054349e-22
4.767577384336616930e+00 1.473274785099009048e-22 7.465477690858948966e-22
4.768242384336188522e+00 4.037585561737073841e-22 7.869228245000773244e-22
4.768907384335760113e+00 -1.018835802382390751e-22 1.082514963121376008e-21
4.769572384335331705e+00 -7.397467673826672191e-22 8.751872579430106567e-22
4.770237384334903297e+00 3.270729653168614523e-21 1.109661331594470148e-21
4.770902384334474888e+00 1.099433145522554972e-21 5.482057915889753530e-22
4.771567384334046480e+00 -2.634256846761029501e-21 5.503764092420953114e-22
4.772232384333618072e+00 -2.752763371127799231e-22 1.227391406791951446e-21
4.772897384333189663e+00 6.756213631634833406e-22 6.013791879046400387e-22
4.773562384332761255e+00 1.953370296185094754e-21 9.343396612996841217e-22
4.774227384332332846e+00 -1.153353374246689808e-21 9.574811343114467806e-22
4.774892384331904438e+00 -1.615474867089149093e-21 8.786712447701050661e-22
4.775557384331476030e+00 -8.002413060472972061e-23 7.673709315354746576e-22
4.776222384331047621e+00 -3.086015383080423906e-22 9.318522478224931077e-22
4.776887384330619213e+00 -2.568759351562065552e-21 5.979660737614135280e-22
4.777552384330190804e+00 -8.521144856011801532e-22 6.676689387164962450e-22
4.778217384329762396e+00 3.609549956247504361e-21 9.561313356736919975e-22
4.778882384329333988e+00 -1.438203487993439947e-21 7.542089737897753613e-22
4.779547384328905579e+00 -2.097241108645459024e-21 9.653553550463607704e-22
4.780212384328477171e+00 -1.885557688254492670e-21 9.221063968772624313e-22
4.780877384328048763e+00 9.727394772330382600e-22 8.140224493460564932e-22
4.781542384327620354e+00 6.610833520671397751e-22 7.055439877942085661e-22
4.782207384327191946e+00 2.601805768780667574e-21 1.425561115783764171e-21
4.782872384326763537e+00 1.674108907752273601e-21 1.370295874109946065e-21
4.783537384326335129e+00 -6.155289354444454755e-23 1.348657721934843200e-21
4.784202384325906721e+00 -9.367194231870430974e-22 8.188012235909643912e-22
4.784867384325478312e+00 -2.575991955416730841e-22 7.358996485750679551e-22
4.785532384325049904e+00 -2.782408775516309139e-21 9.526909148636278752e-22
4.786197384324621495e+00 -1.438893314574504992e-21 6.220233196430529573e-22
4.786862384324193087e+00 -8.806774723236618433e-22 5.894938799158831640e-22
4.787527384323764679e+00 1.355875790952363345e-21 6.897215934832204602e-22
4.788192384323336270e+00 -1.020291908187593458e-21 9.783528211804080619e-22
4.788857384322907862e+00 -7.847973851736520192e-22 8.399584768740918738e-22
4.789522384322479454e+00 -6.042953041971286490e-22 9.700407153869206201e-22
4.790187384322051045e+00 -1.853881235813392338e-21 9.549250192629127894e-22
4.790852384321622637e+00 -2.785687395759245385e-21 8.694737973163796595e-22
4.791517384321194228e+00 -2.028055052425958083e-22 7.729909083726734302e-22
4.792182384320765820e+00 1.093241022445498914e-21 8.070888833979327975e-22
4.792847384320337412e+00 2.499939806855808671e-22 9.911394162504937236e-22
4.793512384319909003e+00 -3.335808635512533614e-21 8.324963849158217574e-22
4.794177384319480595e+00 -2.860905672576844672e-21 9.507622746720671492e-22
4.794842384319052186e+00 -1.445251150048798199e-21 6.455003784679277365e-22
4.795507384318623778e+00 -2.050530258091751786e-21 8.466962791642812947e-22
4.796172384318195370e+00 2.771135833926928858e-22 9.562530221140148154e-22
4.796837384317766961e+00 6.193650112900067768e-22 9.867926001360628693e-22
4.797502384317338553e+00 -2.241584194126420340e-21 9.297426733126245720e-22
4.798167384316910145e+00 -1.651623178151853100e-21 6.733634931726901042e-22
4.798832384316481736e+00 4.366556120437863289e-22 1.178615041124074314e-21
4.799497384316053328e+00 1.966925071767540275e-22 7.130618758604887909e-22
4.800162384315624919e+00 2.672471512562406339e-21 8.725230998099852084e-22
4.800827384315196511e+00 1.531968047050665084e-21 6.795484958656467916e-22
4.801492384314768103e+00 1.079702732117750753e-21 8.468561845454236868e-22
4.802157384314339694e+00 -2.461104571125084495e-21 7.014621379608317185e-22
4.802822384313911286e+00 9.520204640714298802e-22 7.219883606294647561e-22
4.803487384313482877e+00 1.379850205140791834e-21 5.917276593529458374e-22
4.804152384313054469e+00 -5.522866001183534591e-22 6.905610297183167298e-22
4.804817384312626061e+00 -3.033964725506340189e-22 7.286148408763565961e-22
4.805482384312197652e+00 -1.754657956892525137e-21 6.033668689570373647e-22
4.806147384311769244e+00 1.187689764112621968e-21 6.992080594623397325e-22
4.806812384311340836e+00 3.408717700931348873e-22 5.773404241517607083e-22
4.807477384310912427e+00 7.797703521430430928e-22 8.558512122690327468e-22
4.808142384310484019e+00 -9.979527658265576807e-22 8.139728039018447893e-22
4.808807384310055610e+00 4.019269989059729507e-22 7.866455107429309577e-22
4.809472384309627202e+00 -1.068816536753235614e-21 5.648209305351437932e-22
4.810137384309198794e+00 1.584394806080934449e-22 5.247617855909121294e-22
4.810802384308770385e+00 -3.196558472669838530e-22 8.392734346036805819e-22
4.811467384308341977e+00 1.278968291543135899e-21 9.156234290840446728e-22
4.812132384307913568e+00 -1.536945462054247218e-21 7.195280975002316854e-22
4.812797384307485160e+00 -2.386171851288006719e-21 5.227707739598042371e-22
4.813462384307056752e+00 -1.973648703793528893e-21 9.744024365209435429e-22
4.814127384306628343e+00 1.122939895400579606e-21 7.525860602889575242e-22
4.814792384306199935e+00 -5.035918745077928631e-22 5.875477015593397940e-22
4.815457384305771527e+00 -1.261714413211453111e-21 5.089232025495451969e-22
4.816122384305343118e+00 1.653034767011944044e-21 7.117587463747980927e-22
4.816787384304914710e+00 -1.059213025885507612e-21 6.198038373877921560e-22
4.817452384304486301e+00 1.101354706489901651e-22 7.255637496466390599e-22
4.818117384304057893e+00 4.650854618454985510e-22 5.918857594109736212e-22
4.818782384303629485e+00 -9.064200499660410141e-22 8.259957381034027080e-22
4.819447384303201076e+00 -2.574345957287714961e-21 5.822454791082642910e-22
4.820112384302772668e+00 -9.024013001825265467e-22 8.931426841395330983e-22
4.820777384302344259e+00 -1.257004379504067555e-21 6.253315518191326832e-22
4.821442384301915851e+00 3.150792880939129845e-22 6.548240078781882466e-22
4.822107384301487443e+00 -3.143478498410662578e-22 8.035634890879817706e-22
4.822772384301059034e+00 1.220187921010347350e-21 6.272643695784890461e-22
4.823437384300630626e+00 1.585745729161471473e-21 7.092642759333900703e-22
4.824102384300202218e+00 -1.280035910573235591e-21 8.301808614326376262e-22
4.824767384299773809e+00 -6.894187657365367126e-22 7.992059498333117520e-22
4.825432384299345401e+00 7.458225106300378875e-22 7.900010719862669188e-22
4.826097384298916992e+00 -4.715496801447640167e-23 8.029729174835857911e-22
4.826762384298488584e+00 -1.095209752873394365e-21 7.025069916194758872e-22
4.827427384298060176e+00 -9.644459975148729304e-22 6.006318729998541440e-22
4.828092384297631767e+00 9.252413714641199392e-22 6.172404494147978533e-22
4.828757384297203359e+00 -1.297967095079209511e-21 4.823598454189025156e-22
4.829422384296774950e+00 -1.978479588080478599e-21 6.763377782758727312e-22
4.830087384296346542e+00 -1.202025333441310551e-22 9.220371777701310630e-22
4.830752384295918134e+00 -1.452472882097301509e-21 8.257272113471121296e-22
4.831417384295489725e+00 3.933314365905550309e-22 7.845967951058351142e-22
4.832082384295061317e+00 1.035787193624957802e-21 9.915154512997836267e-22
4.832747384294632909e+00 -1.833474554465691734e-21 9.009098415813190237e-22
4.833412384294204500e+00 -1.960178081446313211e-21 6.577981134982707158e-22
4.834077384293776092e+00 -1.739759327711588928e-21 7.253371506059165435e-22
4.834742384293347683e+00 4.594670573139553186e-21 9.654705160385603127e-22
4.835407384292919275e+00 -1.978471149298060105e-21 1.159199834073841035e-21
4.836072384292490867e+00 -1.596451760176397483e-21 9.039209904059640399e-22
4.836737384292062458e+00 5.234657367421645256e-22 6.690661541716266896e-22
4.837402384291634050e+00 1.266086895138863517e-21 6.908543855273561831e-22
4.838067384291205641e+00 5.073659148639830897e-21 8.293777187824113755e-22
4.838732384290777233e+00 3.358351181133934326e-21 6.535956916664342577e-22
4.839397384290348825e+00 1.442170335239011132e-21 7.260010352129011650e-22
4.840062384289920416e+00 -7.172103862072740641e-22 6.221924466930808756e-22
4.840727384289492008e+00 9.391027642808099178e-22 9.889958077486719968e-22
4.841392384289063600e+00 9.221610728774259154e-23 6.807375344067793306e-22
4.842057384288635191e+00 9.285066108515418177e-22 7.074875100294441575e-22
4.842722384288206783e+00 3.614275812678287498e-22 6.695006790458113170e-22
4.843387384287778374e+00 -1.323094386277198228e-21 8.274760222060778300e-22
4.844052384287349966e+00 -1.170106922625826131e-21 6.403532743401633673e-22
4.844717384286921558e+00 1.921741871309429728e-21 7.985429251294008504e-22
4.845382384286493149e+00 3.330687361403118430e-22 6.308811539229721222e-22
4.846047384286064741e+00 -2.371221974224882492e-21 9.361798351148980936e-22
4.846712384285636332e+00 -1.510744475158689523e-21 6.774759734395454332e-22
4.847377384285207924e+00 -5.961063557837824386e-22 6.101853111835435078e-22
4.848042384284779516e+00 2.424182326768857146e-21 6.324229702676063840e-22
4.848707384284351107e+00 1.603936222710737822e-21 7.620988737040400449e-22
4.849372384283922699e+00 6.924915944713501581e-22 5.908541396125759879e-22
4.850037384283494291e+00 -1.512174817478242687e-21 9.806007142717216352e-22
4.850702384283065882e+00 -1.916862818781558199e-22 7.663929750959422420e-22
4.851367384282637474e+00 4.089972365578891543e-22 7.458925269189681911e-22
4.852032384282209065e+00 -9.486561333678448391e-22 9.697499528084859282e-22
4.852697384281780657e+00 -2.785059953370682082e-21 7.025213307324624783e-22
4.853362384281352249e+00 -1.681393965964038350e-21 1.117408225698933272e-21
4.854027384280923840e+00 -1.062531220809375053e-21 5.854158098042236830e-22
4.854692384280495432e+00 -2.243929789118709101e-22 6.638273233996665839e-22
4.855357384280067023e+00 7.884957782249959481e-22 8.918539631579448626e-22
4.856022384279638615e+00 -6.919597578265424305e-22 5.905488861425535997e-22
4.856687384279210207e+00 1.314659887947848708e-23 7.266176097565362025e-22
4.857352384278781798e+00 -3.456716903756851291e-22 9.273639703443689882e-22
4.858017384278353390e+00 -1.190185027620691310e-21 6.716666958832408763e-22
4.858682384277924982e+00 -7.396585751960652121e-22 7.808869671970488776e-22
4.859347384277496573e+00 3.429103451525149018e-22 5.758695699906307900e-22
4.860012384277068165e+00 1.094310587661434824e-22 6.768577025162557952e-22
4.860677384276639756e+00 2.870330307077848358e-21 8.243860899197578197e-22
4.861342384276211348e+00 4.181100983933138646e-22 7.219866476388292365e-22
4.862007384275782940e+00 -1.469075279727388298e-21 8.170094258085568935e-22
4.862672384275354531e+00 1.464182058512322278e-22 7.097037108454896162e-22
4.863337384274926123e+00 -1.306511197709197076e-21 7.748273927144844747e-22
4.864002384274497715e+00 1.787696763217893959e-21 7.412676434758250488e-22
4.864667384274069306e+00 2.262861741077594368e-21 5.204392614504628966e-22
4.865332384273640898e+00 -1.874767376099331263e-22 9.562820431697455299e-22
4.865997384273212489e+00 3.569121833250269169e-21 7.216016810873851529e-22
4.866662384272784081e+00 3.627898113869801685e-21 7.769583430248557088e-22
4.867327384272355673e+00 2.140617966495520191e-22 7.933168648889422657e-22
4.867992384271927264e+00 -2.910038087386678472e-21 8.802925395320831795e-22
4.868657384271498856e+00 1.549554612057911095e-21 6.035923312419866679e-22
4.869322384271070447e+00 1.699175239764285798e-21 8.865341462776702026e-22
4.869987384270642039e+00 -1.018109037676851145e-21 9.042044051187086682e-22
4.870652384270213631e+00 1.679617115951141335e-21 9.714916728481407101e-22
4.871317384269785222e+00 -8.634392305276414169e-22 8.473680021597452925e-22
4.871982384269356814e+00 -1.612888659572880941e-21 7.083540852008484894e-22
4.872647384268928406e+00 -1.951412652337309699e-21 6.243322193550949896e-22
4.873312384268499997e+00 -2.896006185952923958e-21 8.261215722846375313e-22
4.873977384268071589e+00 -1.360511055738044230e-21 7.408042959988460816e-22
4.874642384267643180e+00 1.490203505432579770e-21 7.890112290640289572e-22
4.875307384267214772e+00 2.870176891709280167e-21 7.400585410577012631e-22
4.875972384266786364e+00 2.249290626194946778e-22 7.604142463703187263e-22
4.876637384266357955e+00 1.351454959497383518e-21 5.322181354103089084e-22
4.877302384265929547e+00 4.168517547044404456e-22 9.376222893687656137e-22
4.877967384265501138e+00 -1.775815899581160577e-21 1.201969190830705122e-21
4.878632384265072730e+00 -5.358478712627036007e-22 7.660570020564002826e-22
4.879297384264644322e+00 -5.193690360955108380e-21 6.248426622851204893e-22
4.879962384264215913e+00 -1.760504793637574826e-21 1.101297552237818366e-21
4.880627384263787505e+00 -4.997269652112628525e-21 7.687726865591389690e-22
4.881292384263359097e+00 -1.894364528263688287e-21 8.360670874241013275e-22
4.881957384262930688e+00 -7.111670708967969808e-22 7.019410461198428235e-22
4.882622384262502280e+00 -9.217626262429184570e-22 1.024872864198499875e-21
4.883287384262073871e+00 -2.019713181700211306e-22 8.364670413477468304e-22
4.883952384261645463e+00 6.176341385702615382e-22 7.454690712504482673e-22
4.884617384261217055e+00 -3.094832551147320240e-22 6.975658529655618746e-22
4.885282384260788646e+00 -3.424566597708050788e-22 8.259188706760544632e-22
4.885947384260360238e+00 -3.548727383843443312e-21 9.304607289242031836e-22
4.886612384259931829e+00 -2.668319482286252694e-21 8.312719119596962796e-22
4.887277384259503421e+00 7.112271649447920776e-23 8.447600564340073374e-22
4.887942384259075013e+00 2.458837256883410816e-21 5.647655971431276305e-22
4.888607384258646604e+00 2.436537984802393257e-21 2.536136034579858191e-21
4.889272384258218196e+00 1.868210128994784086e-21 9.247919068225078296e-22
4.889937384257789788e+00 7.997986574801654380e-23 9.277852211498651917e-22
4.890602384257361379e+00 1.461440263270860346e-21 9.385362678647435394e-22
4.891267384256932971e+00 2.799051739431684074e-21 1.173610365038614648e-21
4.891932384256504562e+00 8.943320577685704492e-22 9.805311595412078114e-22
4.892597384256076154e+00 2.603711189731111372e-21 1.001302803015705207e-21
4.893262384255647746e+00 -8.133376348021403622e-22 9.328113980122240258e-22
4.893927384255219337e+00 1.743488565424936864e-21 9.843256197773465469e-22
4.894592384254790929e+00 3.072547175447291081e-21 8.967556686672633174e-22
4.895257384254362520e+00 -3.988935601198612380e-21 9.076333733243962098e-22
4.895922384253934112e+00 -2.560460733255482426e-21 8.492455331008819530e-22
4.896587384253505704e+00 7.835029350931616211e-22 6.717672136620457095e-22
4.897252384253077295e+00 -4.948523195029207045e-22 7.021663981252660863e-22
4.897917384252648887e+00 -2.242158178546118761e-21 9.731599980349366405e-22
4.898582384252220479e+00 9.397559113563273007e-22 6.686742655909992741e-22
4.899247384251792070e+00 -1.255586130551468536e-21 7.016594931715984145e-22
4.899912384251363662e+00 -1.005636567510365026e-21 7.358203375197961712e-22
4.900577384250935253e+00 -1.685540683593806353e-21 8.069515176815666940e-22
4.901242384250506845e+00 -1.021667056053384627e-21 6.067753674525147078e-22
4.901907384250078437e+00 2.208943073919023966e-21 6.605432040121476899e-22
4.902572384249650028e+00 4.968785747980600346e-22 9.154108128612806359e-22
4.903237384249221620e+00 1.363406948248983422e-21 8.835776633762700484e-22
4.903902384248793211e+00 -1.584681384597036852e-21 7.890668688261087330e-22
4.904567384248364803e+00 -1.392874947513145145e-22 8.470975357240152757e-22
4.905232384247936395e+00 -2.967814003533629444e-21 8.230596023248485891e-22
4.905897384247507986e+00 -1.557016592749252142e-21 7.137368124335306539e-22
4.906562384247079578e+00 -9.936678987169898900e-22 7.223890717664899927e-22
4.907227384246651170e+00 9.681032108960800998e-23 1.115113840089256055e-21
4.907892384246222761e+00 8.014410139921182046e-22 1.141594375837802343e-21
4.908557384245794353e+00 3.778901154190211365e-22 7.164033309994674045e-22
4.909222384245365944e+00 2.466085087837444073e-21 7.104436694912995246e-22
4.909887384244937536e+00 1.552879414183163363e-21 1.122529524672268325e-21
4.910552384244509128e+00 -1.048383853121790911e-21 8.756688630237458699e-22
4.911217384244080719e+00 2.605400153673520143e-22 8.240391250304700255e-22
4.911882384243652311e+00 1.387006383715217662e-21 7.622364436884522331e-22
4.912547384243223902e+00 1.834010488239196735e-21 8.209567594113670158e-22
4.913212384242795494e+00 2.045422881764404995e-21 7.936180721870175313e-22
4.913877384242367086e+00 7.423225948512546845e-22 7.734056493719631820e-22
4.914542384241938677e+00 -2.293818600921815802e-22 1.211605348282134985e-21
4.915207384241510269e+00 -7.953016091838292145e-22 7.822737040015001924e-22
4.915872384241081861e+00 -1.356668770570446906e-21 7.074164324706925003e-22
4.916537384240653452e+00 -2.351655544764782610e-21 1.017371766961299029e-21
4.917202384240225044e+00 8.001213948105496130e-22 1.026793318161948678e-21
4.917867384239796635e+00 -5.671966443115124511e-22 1.040350642230531164e-21
4.918532384239368227e+00 -3.800587317230627213e-22 1.113663079673904003e-21
4.919197384238939819e+00 -5.143899694356989510e-22 1.377392150184280868e-21
4.919862384238511410e+00 -2.051083604587275806e-21 9.193281518409512893e-22
4.920527384238083002e+00 -2.060572699730485123e-21 6.457735262166017531e-22
4.921192384237654593e+00 -1.228164754541290518e-21 1.007021617931372073e-21
4.921857384237226185e+00 -7.072687959467070410e-23 8.575516561055967252e-22
4.922522384236797777e+00 -7.085103137419004319e-22 9.444317525915225149e-22
4.923187384236369368e+00 4.065587005967041353e-23 8.940556419919825608e-22
4.923852384235940960e+00 3.114753522100075669e-22 8.794311789546956228e-22
4.924517384235512552e+00 -2.890464330174148786e-22 7.161483889822475580e-22
4.925182384235084143e+00 -9.086853750035515710e-24 1.040887663322440407e-21
4.925847384234655735e+00 6.100864432672322267e-22 8.797328766705800920e-22
4.926512384234227326e+00 5.322060770959070889e-22 1.168377105331714568e-21
4.927177384233798918e+00 -1.627586541375798731e-21 8.847829511414844355e-22
4.927842384233370510e+00 -1.471492457605112329e-21 1.032790092121961299e-21
4.928507384232942101e+00 -3.235497834908984062e-21 6.854052980789260703e-22
4.929172384232513693e+00 -1.507167100155026730e-21 8.846984427845883953e-22
4.929837384232085284e+00 -1.044714661320416201e-21 8.156179056854283750e-22
4.930502384231656876e+00 -3.905156461628218045e-22 9.893075253429653881e-22
4.931167384231228468e+00 -1.820661565275251247e-21 8.952034145161134531e-22
4.931832384230800059e+00 -2.304737390215794800e-21 1.009659865244662144e-21
4.932497384230371651e+00 -1.350482902238771524e-21 6.851491144810286739e-22
4.933162384229943243e+00 1.871273709556778529e-21 6.517943083725318142e-22
4.933827384229514834e+00 9.357714844389790771e-22 6.862932995265658851e-22
4.934492384229086426e+00 1.258812460323624631e-21 9.914719700198615386e-22
4.935157384228658017e+00 2.870240945386025986e-21 7.002720139412622030e-22
4.935822384228229609e+00 -1.561427486794964419e-21 6.484486269399909306e-22
4.936487384227801201e+00 -2.065389550065286925e-21 8.395966206260302136e-22
4.937152384227372792e+00 -2.313501052438837855e-22 6.518015310524804906e-22
4.937817384226944384e+00 -3.421024696543275982e-22 6.603015474094425084e-22
4.938482384226515975e+00 -5.145033739493707098e-22 8.578623568033362248e-22
4.939147384226087567e+00 1.769280119343143575e-21 7.774129558208958586e-22
4.939812384225659159e+00 1.639561669650051849e-21 9.290393497020507515e-22
4.940477384225230750e+00 1.692388872381680549e-21 7.519231294702510576e-22
4.941142384224802342e+00 -5.031924212122620329e-22 9.421691031368843657e-22
4.941807384224373934e+00 1.784829784430538398e-21 7.491568589111591914e-22
4.942472384223945525e+00 9.073531850278898788e-22 1.603068367669810620e-21
4.943137384223517117e+00 -1.288771582819589184e-22 7.362271775855489917e-22
4.943802384223088708e+00 -7.536375691484540314e-22 8.692319102552339611e-22
4.944467384222660300e+00 -7.634010704281322388e-22 7.351433423907051940e-22
4.945132384222231892e+00 1.033716175200777174e-21 7.321755186993533330e-22
4.945797384221803483e+00 3.872128932080103789e-21 9.165400491130941515e-22
4.946462384221375075e+00 5.800993539964896761e-21 8.646246200962028426e-22
4.947127384220946666e+00 2.977909894742429613e-21 6.861018023935963709e-22
4.947792384220518258e+00 -1.073457328477598423e-21 9.390409155128232009e-22
4.948457384220089850e+00 -2.220276420644293830e-21 7.168668620785163505e-22
4.949122384219661441e+00 -2.072761910862077333e-21 7.600486997994943007e-22
4.949787384219233033e+00 -1.098793837583795793e-21 6.812790564772723619e-22
4.950452384218804625e+00 3.239829208348011154e-21 8.914841546494613489e-22
4.951117384218376216e+00 3.063578575227356255e-22 8.066075265351157453e-22
4.951782384217947808e+00 1.016414006744214158e-21 8.126656388191744831e-22
4.952447384217519399e+00 2.222909761835894710e-21 1.116539661116700711e-21
4.953112384217090991e+00 1.697625548842703814e-21 7.865714991725063653e-22
4.953777384216662583e+00 1.314818199231535389e-21 7.056491856284853363e-22
4.954442384216234174e+00 1.210363380309355861e-21 1.049656195951641419e-21
4.955107384215805766e+00 1.550655767273021642e-21 8.444013453485140116e-22
4.955772384215377357e+00 1.551497257503133746e-21 6.453528747154728411e-22
4.956437384214948949e+00 -7.627145602592910407e-22 1.070585904599262808e-21
4.957102384214520541e+00 3.844751472209681317e-22 8.533889408725408123e-22
4.957767384214092132e+00 1.860752704784382460e-22 8.432148118490260844e-22
4.958432384213663724e+00 2.372414191753688816e-22 8.440170518431252037e-22
4.959097384213235316e+00 6.435474406355664309e-23 1.050692642633775304e-21
4.959762384212806907e+00 -1.032784823399377809e-21 7.807358274372230112e-22
4.960427384212378499e+00 -2.714008296463620832e-21 6.965354207801708180e-22
4.961092384211950090e+00 -2.531868311299706338e-22 9.835300433498576800e-22
4.961757384211521682e+00 -1.688541472402820177e-21 8.502863118091622253e-22
4.962422384211093274e+00 -1.082338315206155229e-21 9.663572699348333691e-22
4.963087384210664865e+00 -1.223535760576971869e-21 1.079694025847413988e-21
4.963752384210236457e+00 -2.092580385702287996e-21 8.920378170633922047e-22
4.964417384209808048e+00 6.120372496826200970e-22 8.346051404996823383e-22
4.965082384209379640e+00 -3.519390756366804163e-22 1.063454706617931464e-21
4.965747384208951232e+00 -1.606177581592101302e-21 8.600939542252686328e-22
4.966412384208522823e+00 8.755873742443677406e-22 7.576840551692975429e-22
4.967077384208094415e+00 4.892362047592673237e-22 1.013516573391659385e-21
4.967742384207666007e+00 1.553877292341060759e-21 7.867439879421267237e-22
4.968407384207237598e+00 -4.177436537677347447e-22 6.954907822194562608e-22
4.969072384206809190e+00 9.904337910272261429e-22 6.440603431313738345e-22
4.969737384206380781e+00 8.536290516112502075e-23 7.338636870777630353e-22
4.970402384205952373e+00 8.842615579473601272e-22 1.030356403611257754e-21
4.971067384205523965e+00 7.854695799568456390e-23 8.938318469223968200e-22
4.971732384205095556e+00 2.560397918893892359e-22 7.381030476777010343e-22
4.972397384204667148e+00 1.135452326386625416e-21 7.844453293635670904e-22
4.973062384204238739e+00 -2.260020755627214529e-21 7.582375513350139646e-22
4.973727384203810331e+00 3.088413117535465969e-22 6.637315376597134909e-22
4.974392384203381923e+00 1.174557590567037263e-21 7.726414533555544842e-22
4.975057384202953514e+00 -5.453502416487149099e-22 8.545076291817732129e-22
4.975722384202525106e+00 -2.084385479503567221e-22 7.748589465583861620e-22
4.976387384202096698e+00 4.021084354699144983e-22 6.343966106263972086e-22
4.977052384201668289e+00 -2.329437060776945099e-21 7.361021363163083615e-22
4.977717384201239881e+00 -9.291964916524543817e-22 1.077462149924180318e-21
4.978382384200811472e+00 -2.180943890646351473e-21 8.383559736986783551e-22
4.979047384200383064e+00 -5.316662347566248281e-22 7.138713267356933484e-22
4.979712384199954656e+00 1.472127072720256199e-22 7.586194633585135383e-22
4.980377384199526247e+00 1.844572934986605834e-21 6.740469777077349346e-22
4.981042384199097839e+00 -1.394497599649090824e-21 8.051817570131521593e-22
4.981707384198669430e+00 6.770212904948487545e-22 6.949047554444941948e-22
4.982372384198241022e+00 2.576255349648320703e-22 7.692691726383594681e-22
4.983037384197812614e+00 -2.334311985727412377e-21 8.965798470490615470e-22
4.983702384197384205e+00 3.834062025363613963e-22 7.148437599712866875e-22
4.984367384196955797e+00 3.627094067041864623e-21 7.213764312909062405e-22
4.985032384196527389e+00 -5.631158416279806931e-22 8.765796972593228310e-22
4.985697384196098980e+00 -1.916563398821325958e-21 8.093145876575830650e-22
4.986362384195670572e+00 5.456587317258130444e-23 8.289862416993016803e-22
4.987027384195242163e+00 -1.012545699483270030e-21 6.613822430036798950e-22
4.987692384194813755e+00 -4.755974176691582806e-23 6.478113465185321473e-22
4.988357384194385347e+00 -1.921812022270085606e-21 8.147385540635145340e-22
4.989022384193956938e+00 -3.980493010689669423e-21 6.723403123546463463e-22
4.989687384193528530e+00 4.960024446947203803e-22 5.598811234789133517e-22
4.990352384193100121e+00 1.403804769538244343e-21 6.281832456645250873e-22
4.991017384192671713e+00 1.261430317218210426e-21 6.833235080323086576e-22
4.991682384192243305e+00 -4.238936969689636343e-22 6.077596677850276655e-22
4.992347384191814896e+00 -4.770849828321340195e-22 6.090003004061676211e-22
4.993012384191386488e+00 3.494461758407629967e-22 1.241582233765682085e-21
4.993677384190958080e+00 -1.309801050179819690e-21 8.617766305814239518e-22
4.994342384190529671e+00 9.203563914178603044e-22 7.711264361093449926e-22
4.995007384190101263e+00 -2.184850991656393869e-22 6.795271740646015622e-22
4.995672384189672854e+00 -4.896182639083584024e-22 7.022990068958984248e-22
4.996337384189244446e+00 -1.210892245492821911e-21 1.073543256628387975e-21
4.997002384188816038e+00 -1.565685323523405394e-21 9.847742670123542625e-22
4.997667384188387629e+00 -5.640120671833170734e-22 6.167305564603549423e-22
4.998332384187959221e+00 1.398210065443467602e-21 8.226299113223614810e-22
4.998997384187530812e+00 4.130657829755433419e-22 7.966399072131153218e-22
4.999662384187102404e+00 2.336400811109225410e-21 8.908336576324421470e-22
5.000327384186673996e+00 2.927472618162884295e-21 8.951624339206520374e-22
5.000992384186245587e+00 -2.107310850564791192e-22 9.355568880426657344e-22
5.001657384185817179e+00 1.802153465501706605e-21 8.393933379381331947e-22
5.002322384185388771e+00 1.614057818334559461e-22 1.060074044728178333e-21
5.002987384184960362e+00 2.249890285649197753e-22 8.009555298549533567e-22
5.003652384184531954e+00 -2.473702723350104880e-22 1.284784057106934353e-21
5.004317384184103545e+00 -1.043326863127141845e-21 1.147985790446878138e-21
5.004982384183675137e+00 3.191338513289918330e-22 1.344853489760543788e-21
5.005647384183246729e+00 4.970862941929913348e-23 8.810129599926731858e-22
5.006312384182818320e+00 5.861564985836995821e-22 1.236273582485262238e-21
5.006977384182389912e+00 6.265946357173746081e-23 1.185151562220695989e-21
5.007642384181961503e+00 -1.775421917635425032e-21 1.003498510389089300e-21
5.008307384181533095e+00 -2.075959089276374157e-22 1.038290382831967173e-21
5.008972384181104687e+00 -6.868708186728414239e-22 1.258603282035001871e-21
5.009637384180676278e+00 4.591008294031890080e-21 7.007742089132713648e-22
5.010302384180247870e+00 -2.360854334435872462e-22 9.105831339312527755e-22
5.010967384179819462e+00 1.597886245288919169e-21 8.237148245223520021e-22
5.011632384179391053e+00 -1.131497107458638208e-21 7.813084405560815610e-22
5.012297384178962645e+00 1.541592502212914253e-21 7.315836031145950380e-22
5.012962384178534236e+00 -7.005226178251107162e-22 1.250007811450421286e-21
5.013627384178105828e+00 -2.145051906096986176e-21 8.354375999470098559e-22
5.014292384177677420e+00 -7.864767994194911434e-22 1.027458954098175165e-21
5.014957384177249011e+00 1.384177192757230867e-23 7.702529347040669802e-22
5.015622384176820603e+00 1.838360369255393817e-22 9.902317338066773069e-22
5.016287384176392194e+00 -4.640688498199750854e-21 1.420608310079463447e-21
5.016952384175963786e+00 -2.660445518177513696e-21 1.002348882665865724e-21
5.017617384175535378e+00 -3.624631044154071903e-23 9.314922180528892055e-22
5.018282384175106969e+00 -1.132250819009678705e-21 6.969246577796143233e-22
5.018947384174678561e+00 -1.353825248140093960e-21 7.545863134442675879e-22
5.019612384174250153e+00 -3.585066350979546508e-22 1.073258979607608243e-21
5.020277384173821744e+00 3.006795717966885218e-21 1.038549560595122521e-21
5.020942384173393336e+00 6.490958998822367754e-22 1.215378005749695530e-21
5.021607384172964927e+00 1.386827144511322613e-21 1.486724273182578824e-21
5.022272384172536519e+00 1.303574665339124387e-21 6.846463438204459179e-22
5.022937384172108111e+00 -1.339787735165677195e-21 1.067475339371737850e-21
5.023602384171679702e+00 8.447952646060475407e-22 1.011131897892180847e-21
5.024267384171251294e+00 -2.846671304897888310e-22 8.334274803384596687e-22
5.024932384170822885e+00 1.357719243514920565e-21 1.061042922934346991e-21
5.025597384170394477e+00 -6.129487925178302564e-22 8.813191504701105544e-22
5.026262384169966069e+00 -8.226427476715129105e-22 7.520125570973262810e-22
5.026927384169537660e+00 6.239752048415920607e-22 7.938721400618576019e-22
5.027592384169109252e+00 3.738071387535833109e-22 9.426664745039690285e-22
5.028257384168680844e+00 -7.979689136726114534e-23 8.464292445291953099e-22
5.028922384168252435e+00 2.908217384263757184e-21 6.382064771017085605e-22
5.029587384167824027e+00 3.930962837528787432e-21 7.524164252588735951e-22
5.030252384167395618e+00 -9.741198640221263220e-22 1.026342390367051603e-21
5.030917384166967210e+00 -7.415376694558236323e-22 7.215613991309635181e-22
5.031582384166538802e+00 3.236982115153108653e-22 9.348140851016827150e-22
5.032247384166110393e+00 -7.666904114912116912e-22 6.356433915733995562e-22
5.032912384165681985e+00 -1.733900578731199469e-21 5.471038709383357048e-22
5.033577384165253576e+00 -6.780903288577009790e-22 7.306329114983902784e-22
5.034242384164825168e+00 -2.528780065144521266e-21 1.223944156906738978e-21
5.034907384164396760e+00 9.674216717849828870e-22 1.172103808765380852e-21
5.035572384163968351e+00 -6.517888295101878916e-23 8.529799707575580228e-22
5.036237384163539943e+00 -6.461371061336689492e-22 8.271975829884239401e-22
5.036902384163111535e+00 -1.687139927461673226e-21 5.151898804681040894e-22
5.037567384162683126e+00 -1.951607877106619696e-21 5.702226019877919654e-22
5.038232384162254718e+00 -2.015098367675963149e-21 6.087308157127088799e-22
5.038897384161826309e+00 -7.211969817013208607e-22 8.783964288758635423e-22
5.039562384161397901e+00 -1.029305838150301162e-22 9.733485348900280535e-22
5.040227384160969493e+00 -5.934567843795279737e-23 7.654819868120228224e-22
5.040892384160541084e+00 1.383765703034922414e-21 8.201618201489984749e-22
5.041557384160112676e+00 1.740561368063510996e-21 6.623116679205245629e-22
5.042222384159684268e+00 -1.383935748123650988e-22 7.010200850224244886e-22
5.042887384159255859e+00 2.927845995828707760e-22 1.161120361321845278e-21
5.043552384158827451e+00 2.765193171613154851e-22 7.326501925736850243e-22
5.044217384158399042e+00 1.169209330957783911e-22 7.048234441367265336e-22
5.044882384157970634e+00 -4.750128126288095170e-22 7.578791356132827211e-22
5.045547384157542226e+00 -2.482256417405043848e-21 8.088680274139733990e-22
5.046212384157113817e+00 1.414106206512885017e-21 7.380376126149066422e-22
5.046877384156685409e+00 1.346334597983134407e-22 9.800395853797516681e-22
5.047542384156257000e+00 -2.294811983131075380e-21 6.347028740638299147e-22
5.048207384155828592e+00 6.833291180184288833e-23 7.090308163681840434e-22
5.048872384155400184e+00 -4.506340741125897197e-22 7.492713606441508298e-22
5.049537384154971775e+00 -2.012780049919213438e-21 8.787203529514168840e-22
5.050202384154543367e+00 -3.058216795019380099e-21 6.604904938394275637e-22
5.050867384154114959e+00 -1.306965028738847180e-22 6.519618083431447576e-22
5.051532384153686550e+00 -7.456825553632166212e-22 1.236047143542289167e-21
5.052197384153258142e+00 4.013445368288080462e-22 1.058480568845729547e-21
5.052862384152829733e+00 -1.402577151251485519e-23 7.944315293162901543e-22
5.053527384152401325e+00 -1.534114861916673591e-21 8.900526163835573397e-22
5.054192384151972917e+00 -2.104954437455398575e-21 6.654796590561364362e-22
5.054857384151544508e+00 -2.689695109891553059e-22 1.051763445041097090e-21
5.055522384151116100e+00 8.101225257070460065e-22 6.372262016702617407e-22
5.056187384150687691e+00 5.194862832189553911e-22 7.598783284223438008e-22
5.056852384150259283e+00 2.154073240637507674e-22 1.021223552818498548e-21
5.057517384149830875e+00 -2.637344920424827954e-21 9.340263417050207769e-22
5.058182384149402466e+00 -1.511407964262975554e-21 9.519921408857806653e-22
5.058847384148974058e+00 1.484028912743341973e-21 8.378463084285343076e-22
5.059512384148545650e+00 -6.226121233181329526e-22 8.568994147425653248e-22
5.060177384148117241e+00 -1.417604767094360817e-22 8.178817681841266765e-22
5.060842384147688833e+00 -1.155476225691130866e-21 6.929535234208217269e-22
5.061507384147260424e+00 -5.341410128686452249e-22 6.362240811252295698e-22
5.062172384146832016e+00 -3.402846409645665671e-21 7.614519156077391411e-22
5.062837384146403608e+00 -1.187881625242300923e-22 1.072373705289362798e-21
5.063502384145975199e+00 -1.411804897465662523e-21 8.629515326413221115e-22
5.064167384145546791e+00 -3.723633685963739287e-21 6.863256745190736327e-22
5.064832384145118382e+00 -1.072858202283322973e-21 8.032208674213196711e-22
5.065497384144689974e+00 -1.738175001522130785e-21 9.293611248405800778e-22
5.066162384144261566e+00 2.333453316967194144e-22 1.012976527611921380e-21
5.066827384143833157e+00 1.676408435255473543e-21 7.019940094414607061e-22
5.067492384143404749e+00 -1.713565863559651747e-21 1.181733839685851524e-21
5.068157384142976341e+00 -1.571201039947532939e-21 8.745906131767571186e-22
5.068822384142547932e+00 1.631570381859891733e-21 8.018627720371397289e-22
5.069487384142119524e+00 -1.405612912735961157e-21 7.431735122474001828e-22
5.070152384141691115e+00 -5.826119002648389690e-21 9.936833903500084907e-22
5.070817384141262707e+00 -4.497790740452875923e-21 8.391081686436061177e-22
5.071482384140834299e+00 2.134685480173644126e-22 7.398272569833650643e-22
5.072147384140405890e+00 2.064244649190178702e-21 8.480579910877932733e-22
5.072812384139977482e+00 -6.639549351942065495e-22 9.598581150718952694e-22
5.073477384139549073e+00 -5.099716741215719830e-22 5.969012370725523047e-22
5.074142384139120665e+00 -9.205334706526485829e-22 6.364170270313890347e-22
5.074807384138692257e+00 -2.452390220904375392e-21 8.582766606619854374e-22
5.075472384138263848e+00 -1.389580765497129407e-21 7.290749711432510738e-22
5.076137384137835440e+00 -2.033721735251136528e-21 8.314566538149044926e-22
5.076802384137407032e+00 -1.623985380953642078e-21 6.787490530045006271e-22
5.077467384136978623e+00 -2.610946605314857641e-21 9.806047477841886474e-22
5.078132384136550215e+00 -3.957328252442205929e-21 8.928866777394805200e-22
5.078797384136121806e+00 4.694084740234086688e-23 1.213124533780447912e-21
5.079462384135693398e+00 -2.446656472204517198e-22 7.549727019592961685e-22
5.080127384135264990e+00 -3.304045220026082480e-21 5.521000160977653115e-22
5.080792384134836581e+00 -1.808481095762254076e-21 9.876799448077702305e-22
5.081457384134408173e+00 -1.519058370333343922e-22 1.000544302134917340e-21
5.082122384133979764e+00 -1.073239510819491334e-21 7.966213886285839754e-22
5.082787384133551356e+00 -1.519200444218740495e-22 9.048528907829057974e-22
5.083452384133122948e+00 -2.253105533442088468e-21 7.457446823937882166e-22
5.084117384132694539e+00 -2.463406821577827500e-21 8.143299281553504398e-22
5.084782384132266131e+00 -3.966194708814302258e-21 9.191018921678361777e-22
5.085447384131837723e+00 2.866528853945290629e-21 1.246296261090673374e-21
5.086112384131409314e+00 -2.041852124994812577e-22 1.013032005305253031e-21
5.086777384130980906e+00 3.155644751238373779e-21 1.087862016425712457e-21
5.087442384130552497e+00 -3.420398443751114322e-21 8.259570619152677354e-22
5.088107384130124089e+00 -1.085522950321096010e-21 6.945901097599669669e-22
5.088772384129695681e+00 -7.735863188093804549e-23 6.732096763306835215e-22
5.089437384129267272e+00 -2.563078699901465997e-21 8.305282504390551851e-22
5.090102384128838864e+00 -2.319028313884900059e-21 8.238612752090434892e-22
5.090767384128410455e+00 -6.129853824964345514e-22 8.213456356114743494e-22
5.091432384127982047e+00 -2.949669658604887392e-21 8.902964518713739800e-22
5.092097384127553639e+00 -3.123392690421908301e-22 1.082288054546937922e-21
5.092762384127125230e+00 -1.083236810046002668e-21 6.804385658159431063e-22
5.093427384126696822e+00 -9.929619842843383895e-22 7.019957019831854021e-22
5.094092384126268414e+00 -8.287845625664857944e-22 6.622004198269994715e-22
5.094757384125840005e+00 -7.738528441129004692e-22 7.794027583174664694e-22
5.095422384125411597e+00 -1.290158857279701165e-21 8.363981767660294576e-22
5.096087384124983188e+00 -1.676686760196896807e-21 7.971200050281171707e-22
5.096752384124554780e+00 3.014717366790858920e-21 7.050495471824338301e-22
5.097417384124126372e+00 2.218051816751909383e-21 8.329609584575765140e-22
5.098082384123697963e+00 -3.791767846295518780e-22 6.535114919143664905e-22
5.098747384123269555e+00 -2.305183661364742212e-21 7.392007006153325576e-22
5.099412384122841146e+00 2.459764900186252180e-22 9.779107204086155312e-22
5.100077384122412738e+00 1.396756352034695161e-21 8.013724927094219155e-22
5.100742384121984330e+00 5.702902122249873396e-22 8.141165256799549400e-22
5.101407384121555921e+00 -5.796824309286198179e-22 7.806175979300748979e-22
5.102072384121127513e+00 -1.929382651375555352e-21 1.069235075971673819e-21
5.102737384120699105e+00 -1.843907184010980361e-21 7.231479129174047186e-22
5.103402384120270696e+00 -1.349486719801828432e-21 1.248884459185685082e-21
5.104067384119842288e+00 -5.178827551807239732e-23 9.984449684331401672e-22
5.104732384119413879e+00 -1.281455418345065063e-21 8.971271932921141764e-22
5.105397384118985471e+00 -2.635154935473491185e-21 7.576345602678895450e-22
5.106062384118557063e+00 -3.539311591709118365e-22 1.120100709884429513e-21
5.106727384118128654e+00 -8.307264471221469238e-22 9.661037560986714525e-22
5.107392384117700246e+00 5.781613138085450365e-22 7.209347491844848047e-22
5.108057384117271837e+00 -2.011222543590858919e-21 7.698649281860426231e-22
5.108722384116843429e+00 -5.683253117217107415e-22 8.295407931065677632e-22
5.109387384116415021e+00 1.230051079859870566e-21 6.863936906342944178e-22
5.110052384115986612e+00 -1.379018939727307763e-21 5.378229183638076736e-22
5.110717384115558204e+00 -2.191423893417291517e-21 5.930533253313998111e-22
5.111382384115129796e+00 -4.478479261221281712e-22 6.527212391123804076e-22
5.112047384114701387e+00 -6.794320748404662173e-22 8.017646942523620939e-22
5.112712384114272979e+00 -6.899756359404331696e-22 9.681713361630900653e-22
5.113377384113844570e+00 8.471129637067488852e-22 3.063892037392856751e-21
5.114042384113416162e+00 -2.185432903143076313e-21 9.683037083062628015e-22
5.114707384112987754e+00 -2.930220662587884926e-22 8.198490530943963190e-22
5.115372384112559345e+00 2.203084833133378480e-21 9.943345699106235820e-22
5.116037384112130937e+00 -2.874641445296284217e-22 7.286360427210183980e-22
5.116702384111702528e+00 6.172790999391923065e-22 9.119537112577128325e-22
5.117367384111274120e+00 2.004609161067698511e-21 7.536695306754372469e-22
5.118032384110845712e+00 9.141617077506844228e-22 6.776551871228477153e-22
5.118697384110417303e+00 2.150827649058972188e-22 6.638041557933383028e-22
5.119362384109988895e+00 4.564497698242455806e-22 1.673746123797596401e-21
5.120027384109560487e+00 1.129424173250976812e-21 7.687689668445531877e-22
5.120692384109132078e+00 7.582885549446389571e-22 1.033622023713366733e-21
5.121357384108703670e+00 -8.176658705526959500e-22 6.994263804065652462e-22
5.122022384108275261e+00 6.470016316197784034e-22 6.602120539836337139e-22
5.122687384107846853e+00 2.467849420481481860e-22 5.798903244043229430e-22
5.123352384107418445e+00 -5.689819242821049531e-22 8.749775041329967765e-22
5.124017384106990036e+00 1.108514860194155097e-21 7.171849856465337769e-22
5.124682384106561628e+00 -2.413962685056795785e-22 6.984944251544960792e-22
5.125347384106133219e+00 -3.115113429775226802e-21 7.540004150875971289e-22
5.126012384105704811e+00 -2.383997551222624138e-21 7.533994012148759336e-22
5.126677384105276403e+00 -1.639924408788420305e-22 7.770124775870967666e-22
5.127342384104847994e+00 4.575094889471425217e-22 8.892676200875204105e-22
5.128007384104419586e+00 -1.470688143388509909e-21 8.314049854063836920e-22
5.128672384103991178e+00 -1.513207220677445470e-22 1.189706776850331283e-21
5.129337384103562769e+00 6.129290172256332221e-22 7.280341887789577696e-22
5.130002384103134361e+00 8.449008150422619655e-24 7.546108834563628151e-22
5.130667384102705952e+00 2.864546075224055480e-22 9.382189319486163982e-22
5.131332384102277544e+00 -1.014748690511086396e-21 8.436575169241639006e-22
5.131997384101849136e+00 -1.773407451438415832e-21 8.365730099616212309e-22
5.132662384101420727e+00 5.638488917766698142e-22 9.684638126710740704e-22
5.133327384100992319e+00 -5.524210618855569732e-22 7.647043748987734027e-22
5.133992384100563910e+00 -1.406952131728185720e-22 9.431685944469283837e-22
5.134657384100135502e+00 -2.542253413804854782e-21 7.118222870567789713e-22
5.135322384099707094e+00 3.145360809042110779e-23 6.019605734925676471e-22
5.135987384099278685e+00 -7.729089188361998397e-22 5.382242827561291261e-22
5.136652384098850277e+00 -1.502210930379054946e-21 1.015454334334322777e-21
5.137317384098421869e+00 -9.046366106110879158e-22 8.840318434188766645e-22
5.137982384097993460e+00 -1.379071829704874017e-21 9.084863133015991153e-22
5.138647384097565052e+00 -2.996866021179367947e-21 7.733122213004344020e-22
5.139312384097136643e+00 6.433840124625327548e-22 5.970325794062457109e-22
5.139977384096708235e+00 -1.678439582929909725e-21 1.003134904393795882e-21
5.140642384096279827e+00 2.537315157143593006e-21 7.534401981909521505e-22
5.141307384095851418e+00 5.138132241577231035e-22 9.601576743612116377e-22
5.141972384095423010e+00 1.713901336793926772e-22 8.099372706478452970e-22
5.142637384094994601e+00 -1.085376336144313140e-21 7.482393521533752611e-22
5.143302384094566193e+00 3.635135758314760925e-21 7.936034898371976803e-22
5.143967384094137785e+00 4.937714757525548738e-21 9.722105266975615991e-22
5.144632384093709376e+00 -1.552048786721413637e-21 1.222212409063923477e-21
5.145297384093280968e+00 1.995777176821644508e-22 8.985292360559488821e-22
5.145962384092852560e+00 1.166031970991758827e-21 1.111666026877917727e-21
5.146627384092424151e+00 1.733062177294169153e-21 1.393438852536880422e-21
5.147292384091995743e+00 2.277082877364522409e-21 1.543069096101240008e-21
5.147957384091567334e+00 -1.678716694473630722e-22 8.889181664239914850e-22
5.148622384091138926e+00 -2.996845933121011387e-21 1.272211517543027098e-21
5.149287384090710518e+00 2.152064887752989366e-21 9.058517054556326267e-22
5.149952384090282109e+00 2.398591588218059905e-22 1.357594761907734514e-21
5.150617384089853701e+00 6.315230590314654988e-22 6.722568208059909998e-22
5.151282384089425292e+00 1.479381040673562431e-21 1.046461960445612189e-21
5.151947384088996884e+00 1.061211978900881766e-21 1.207284277686014962e-21
5.152612384088568476e+00 2.225974235813675057e-21 8.530307263564744157e-22
5.153277384088140067e+00 2.055455876635508686e-21 8.912073500144955982e-22
5.153942384087711659e+00 4.238908658382171909e-21 9.183640887744577255e-22
5.154607384087283251e+00 5.730964695331572778e-22 9.674085656656916568e-22
5.155272384086854842e+00 4.125679403215129019e-22 6.647979312399311538e-22
5.155937384086426434e+00 2.102866098963627019e-21 9.013599790467197053e-22
5.156602384085998025e+00 2.843877883134765837e-21 1.067876884195253677e-21
5.157267384085569617e+00 3.072303330261005261e-21 9.409051254093857557e-22
5.157932384085141209e+00 -1.683963237123069527e-21 1.364038537736679817e-21
5.158597384084712800e+00 2.344618311936916338e-22 9.665245503014468100e-22
5.159262384084284392e+00 9.358708622423746464e-22 1.064738072690219849e-21
5.159927384083855983e+00 -2.234405431318497930e-21 6.322450487500113370e-22
5.160592384083427575e+00 -1.248219311697049271e-21 8.492330391172065315e-22
5.161257384082999167e+00 -1.373510974488803788e-22 8.962177839128301205e-22
5.161922384082570758e+00 8.037035915673272629e-23 9.077070122648260264e-22
5.162587384082142350e+00 -2.210616601950686752e-21 6.862366412596989937e-22
5.163252384081713942e+00 -1.970700356242023032e-21 6.411172015199669957e-22
5.163917384081285533e+00 1.821805567605642321e-21 7.175265374180660456e-22
5.164582384080857125e+00 1.056492997651702428e-21 8.862552362962380262e-22
5.165247384080428716e+00 3.336966516049858147e-22 7.573184967364377479e-22
5.165912384080000308e+00 -5.849892582329348779e-22 1.014670519482587525e-21
5.166577384079571900e+00 -1.724533949921982293e-21 1.044769176542949345e-21
5.167242384079143491e+00 -3.213823065238761965e-21 6.726690042937962432e-22
5.167907384078715083e+00 -8.408513015948185523e-22 6.170353960483323619e-22
5.168572384078286674e+00 1.396944203738121556e-21 6.244103265222749078e-22
5.169237384077858266e+00 1.084910628316491654e-21 7.010146308630259582e-22
5.169902384077429858e+00 -3.399602009115586993e-22 7.302960695884179546e-22
5.170567384077001449e+00 -2.669626859495289221e-22 7.639236072783237875e-22
5.171232384076573041e+00 -1.917744248067071894e-21 6.611782703403904616e-22
5.171897384076144633e+00 -8.006719568906717143e-22 7.291836221918039544e-22
5.172562384075716224e+00 -1.238909725068264035e-21 9.166104765577933360e-22
5.173227384075287816e+00 -2.718740832501872387e-21 8.851840320148916611e-22
5.173892384074859407e+00 -1.558948340194358044e-21 9.657937340648548169e-22
5.174557384074430999e+00 8.599232070080764251e-22 7.138555095945375079e-22
5.175222384074002591e+00 -6.698571162655287304e-22 6.383708986063636501e-22
5.175887384073574182e+00 -2.944506823231955671e-21 6.379470368180808175e-22
5.176552384073145774e+00 5.032628763747726026e-22 8.399016890513336710e-22
5.177217384072717365e+00 2.946822627447906065e-21 1.349065490154299927e-21
5.177882384072288957e+00 1.989958510027926006e-21 1.364686849324396851e-21
5.178547384071860549e+00 1.226705159223034307e-21 1.561839341054424986e-21
5.179212384071432140e+00 3.844198834401933106e-22 9.613308722499917249e-22
5.179877384071003732e+00 -4.302029634883608627e-22 6.553446931200792970e-22
5.180542384070575324e+00 1.814158039349504942e-21 9.846775395575463106e-22
5.181207384070146915e+00 -1.336623107301482773e-21 9.570041447955459713e-22
5.181872384069718507e+00 -9.489006823328461741e-22 9.278978169409268837e-22
5.182537384069290098e+00 -2.082325897278192934e-21 9.509818443855905288e-22
5.183202384068861690e+00 -2.825832476858813626e-21 1.315672417574251313e-21
5.183867384068433282e+00 1.746440589131946894e-21 8.535407007716688632e-22
5.184532384068004873e+00 1.662048402893653754e-21 9.577654484216268309e-22
5.185197384067576465e+00 -1.843788639838975127e-21 8.266439765337710342e-22
5.185862384067148056e+00 -1.515394064483266014e-21 9.374247520974911324e-22
5.186527384066719648e+00 -9.553112436342955578e-23 1.132153935183382258e-21
5.187192384066291240e+00 -9.303810065596024255e-22 1.054166893814345350e-21
5.187857384065862831e+00 -3.676531913427728961e-21 1.887049880421716589e-21
5.188522384065434423e+00 -3.012875323262187489e-21 1.015944470560911982e-21
5.189187384065006015e+00 -3.807189826105328360e-21 9.426826776915796550e-22
5.189852384064577606e+00 -2.049333280374224122e-21 1.014657440946892838e-21
5.190517384064149198e+00 -1.779759978449490257e-21 1.144596269490415164e-21
5.191182384063720789e+00 1.870979484275904643e-22 1.222278663500408804e-21
5.191847384063292381e+00 -8.038205640547950958e-22 1.119152206094714714e-21
5.192512384062863973e+00 -1.749490001448242540e-21 1.067521698222373261e-21
5.193177384062435564e+00 -2.218089585932764512e-21 1.187158747089107731e-21
5.193842384062007156e+00 -3.436206827208458485e-21 7.630729246135173555e-22
5.194507384061578747e+00 -2.136518932961127091e-21 9.442757983117525203e-22
5.195172384061150339e+00 -2.160766454555909058e-21 9.358203319533764539e-22
5.195837384060721931e+00 -3.901708728783378421e-21 1.406810400814022455e-21
5.196502384060293522e+00 -4.420174471380153182e-21 8.172376194246052541e-22
5.197167384059865114e+00 -3.369187105239930688e-21 8.666628110675957462e-22
5.197832384059436706e+00 -3.229892318737156714e-21 9.998366966227684713e-22
5.198497384059008297e+00 -4.111367414454206148e-21 1.165618038042524563e-21
5.199162384058579889e+00 -2.879275827073771645e-21 1.220005228008247021e-21
5.199827384058151480e+00 1.569295554617061394e-21 1.226762261242958420e-21
5.200492384057723072e+00 1.249906656955692297e-21 6.846380140153079086e-22
5.201157384057294664e+00 5.025771940741847173e-22 1.008300534418873081e-21
5.201822384056866255e+00 -1.156960449620952069e-21 1.052028997795759065e-21
5.202487384056437847e+00 -1.573469730985045859e-21 1.112648463184137053e-21
5.203152384056009438e+00 -1.070247613596494152e-21 9.206359548049049899e-22
5.203817384055581030e+00 -4.065268537855238444e-21 7.265450695696478259e-22
5.204482384055152622e+00 1.065278149831698189e-21 9.459864588306748406e-22
5.205147384054724213e+00 -1.948895539876191410e-21 1.381468090216398518e-21
5.205812384054295805e+00 -1.643414263314611847e-21 9.616766753534591806e-22
5.206477384053867397e+00 3.413123238474186021e-22 1.032208340441062024e-21
5.207142384053438988e+00 1.303468303265883133e-21 9.513244033912595450e-22
5.207807384053010580e+00 1.616255487911347303e-21 8.121510200212938437e-22
5.208472384052582171e+00 1.695405938817756368e-21 8.147979146553564414e-22
5.209137384052153763e+00 -1.586144464752943142e-21 9.838365975157063166e-22
5.209802384051725355e+00 -8.209039200745996611e-22 8.057016586948367945e-22
5.210467384051296946e+00 -2.782973266711560727e-21 6.470889216318771064e-22
5.211132384050868538e+00 -8.542079853814038970e-23 6.792515926421090712e-22
5.211797384050440129e+00 9.855484498343088074e-22 1.005028746116381437e-21
5.212462384050011721e+00 -6.104737137977044277e-22 7.438633892414899022e-22
5.213127384049583313e+00 -2.157272426764302485e-21 5.989767315019092386e-22
5.213792384049154904e+00 -2.065008833764152920e-21 6.791647497026121035e-22
5.214457384048726496e+00 -9.953806582110561558e-24 6.715380954151732748e-22
5.215122384048298088e+00 2.182913877895210707e-21 9.853765579250610795e-22
5.215787384047869679e+00 1.281868517569196286e-21 7.415271045638806911e-22
5.216452384047441271e+00 -1.769786504676640880e-21 8.038095920202198588e-22
5.217117384047012862e+00 -2.550776402721795754e-21 6.777108627161136390e-22
5.217782384046584454e+00 -1.948776434022751262e-21 7.066978664654286809e-22
5.218447384046156046e+00 2.242540992716179257e-23 7.106632434321466912e-22
5.219112384045727637e+00 -2.801055753355828078e-21 9.933965496738419056e-22
5.219777384045299229e+00 -9.679528390782940532e-22 9.476670754647671036e-22
5.220442384044870821e+00 3.679213333847434356e-22 8.079272399235480368e-22
5.221107384044442412e+00 4.327495641306952748e-22 1.047590475273840142e-21
5.221772384044014004e+00 -7.067588292798581568e-22 1.086315507310614885e-21
5.222437384043585595e+00 2.649022398521374636e-21 8.363449070221483014e-22
5.223102384043157187e+00 7.959377758811495030e-23 9.051823493656176765e-22
5.223767384042728779e+00 -1.140365889665938921e-21 7.928628015374799581e-22
5.224432384042300370e+00 -2.593076727413411058e-21 6.712963842288018750e-22
5.225097384041871962e+00 1.825424776474505033e-22 1.020781623524207035e-21
5.225762384041443553e+00 -1.549163684836735314e-21 1.223727916863796781e-21
5.226427384041015145e+00 -2.524800355039817022e-21 1.126602125109007623e-21
5.227092384040586737e+00 8.406770195469599543e-22 1.100691484681940537e-21
5.227757384040158328e+00 -5.268896758366281476e-22 7.149670058270440268e-22
5.228422384039729920e+00 -7.170501974012884963e-22 6.786310944115455770e-22
5.229087384039301512e+00 -1.332379801210708924e-21 9.836275316651902801e-22
5.229752384038873103e+00 -1.976509735564451180e-21 1.063809216297844570e-21
5.230417384038444695e+00 -4.552627739658264739e-21 1.055456662847075428e-21
5.231082384038016286e+00 -2.471567082932302570e-21 6.534560265065260626e-22
5.231747384037587878e+00 2.115359399932949298e-21 1.013087572333959709e-21
5.232412384037159470e+00 1.359738769873394975e-21 1.298391208545917761e-21
5.233077384036731061e+00 -1.528400137348897374e-21 1.009647199045781749e-21
5.233742384036302653e+00 -1.570498214154686898e-22 9.176307171879533989e-22
5.234407384035874244e+00 -1.354658717372486291e-21 8.817750593470118041e-22
5.235072384035445836e+00 -9.964441140172109439e-22 1.098748880898648665e-21
5.235737384035017428e+00 -6.673665490027453136e-22 1.141744760860707658e-21
5.236402384034589019e+00 8.933149571012715247e-22 1.063244329646311466e-21
5.237067384034160611e+00 3.466071289031537628e-22 9.335776793553507808e-22
5.237732384033732203e+00 1.526383987979024230e-21 1.048472525305610211e-21
5.238397384033303794e+00 3.257168348531411921e-21 1.086979565386163482e-21
5.239062384032875386e+00 1.351858834928847961e-21 8.516479860102135658e-22
5.239727384032446977e+00 -3.045513894894336620e-21 8.850164595600209903e-22
5.240392384032018569e+00 -1.941515413562941132e-22 1.079817164852535413e-21
5.241057384031590161e+00 -2.339795507018246984e-21 1.334756701005318714e-21
5.241722384031161752e+00 -2.784139784886080428e-21 1.097379834253923571e-21
5.242387384030733344e+00 -4.615491763780915368e-22 8.796692260391005469e-22
5.243052384030304935e+00 -1.043237681091395177e-22 8.794467069071947062e-22
5.243717384029876527e+00 -6.356938861430327108e-22 9.428922108106383866e-22
5.244382384029448119e+00 -4.915186077674631679e-22 1.262537824657337676e-21
5.245047384029019710e+00 5.761712888962075387e-21 1.046515582623961217e-21
5.245712384028591302e+00 2.769363349604946534e-22 1.278470347049793803e-21
5.246377384028162894e+00 -8.751533731994741249e-22 6.370670288171638884e-22
5.247042384027734485e+00 -2.484159754862857878e-21 8.184704974017266053e-22
5.247707384027306077e+00 4.364876260398390564e-22 5.463018048827275617e-22
5.248372384026877668e+00 5.695754291106681664e-22 9.278248024905726088e-22
5.249037384026449260e+00 2.705441373746938066e-21 8.874339446123674673e-22
5.249702384026020852e+00 -2.607009627985449375e-21 8.669501594514865818e-22
5.250367384025592443e+00 -9.853247826372662187e-22 6.903304676357965839e-22
5.251032384025164035e+00 5.548303520952737118e-22 8.214428862997770107e-22
5.251697384024735626e+00 4.499188843082294367e-22 9.392250120521469530e-22
5.252362384024307218e+00 3.330387672500921750e-21 8.406101395695639359e-22
5.253027384023878810e+00 6.681451402191219077e-22 9.664758436982182425e-22
5.253692384023450401e+00 -1.141035740143155002e-21 9.732121534500780531e-22
5.254357384023021993e+00 -2.884005077673639154e-21 8.499092050001557667e-22
5.255022384022593585e+00 -3.308625680158604157e-21 1.088765054917209313e-21
5.255687384022165176e+00 1.005307656261532329e-21 7.799700202130557187e-22
5.256352384021736768e+00 -6.060498286526904248e-22 4.918425346482602389e-22
5.257017384021308359e+00 -1.911306896189922165e-21 9.156613067246089006e-22
5.257682384020879951e+00 -2.239059107157980800e-21 8.025053006682378642e-22
5.258347384020451543e+00 -3.300773137542264351e-21 8.059947275206590461e-22
5.259012384020023134e+00 1.566278163513318239e-21 8.661071731489069956e-22
5.259677384019594726e+00 1.578085686577014198e-21 1.255202078970732154e-21
5.260342384019166317e+00 8.477421153215180798e-22 1.108754277829093886e-21
5.261007384018737909e+00 5.864352547147979381e-22 6.064053340967908616e-22
5.261672384018309501e+00 1.229276038620578105e-22 6.537998285717000053e-22
5.262337384017881092e+00 1.560845962727681438e-21 9.566265200929812345e-22
5.263002384017452684e+00 6.181002647979847768e-23 9.440965021997839580e-22
5.263667384017024276e+00 7.708022046650426135e-22 9.275680834603602658e-22
5.264332384016595867e+00 1.851149720345463911e-21 9.357287646499763119e-22
5.264997384016167459e+00 1.930972077155048082e-21 8.682512633509652734e-22
5.265662384015739050e+00 -1.906393735595977872e-21 1.227432465673047704e-21
5.266327384015310642e+00 2.759528124515213489e-22 1.678214738694745602e-21
5.266992384014882234e+00 1.712531562215487565e-21 1.460865572672964899e-21
5.267657384014453825e+00 5.549478791410731430e-22 6.709581230363017551e-22
5.268322384014025417e+00 -1.649048098921394198e-21 7.714886225976413169e-22
5.268987384013597008e+00 5.735098451763272517e-22 7.563768173867357911e-22
5.269652384013168600e+00 1.085359226411773373e-21 1.183565504669921505e-21
5.270317384012740192e+00 -8.778051348121301353e-23 3.014817980548358081e-21
