Wavelength_um Flux Err
2.870332385558867827e+00 1.344009352766118747e-20 5.589657704431028737e-21
2.870997385558439419e+00 -5.061395684771557334e-21 4.485734076514869913e-21
2.871662385558011010e+00 -7.714480845827103975e-21 3.645608937704682242e-21
2.872327385557582602e+00 1.645450161217483574e-20 3.995028293369733670e-21
2.872992385557154194e+00 1.372564434228927588e-20 4.774636272917578900e-21
2.873657385556725785e+00 3.324928390856635042e-20 4.142075614842331171e-21
2.874322385556297377e+00 1.725494162118929675e-20 3.916267078385736081e-21
2.874987385555868968e+00 2.533168664254167252e-20 3.622960241835841713e-21
2.875652385555440560e+00 8.471978049090926613e-21 3.974604334731953918e-21
2.876317385555012152e+00 5.971530180252580503e-21 3.933807406236653273e-21
2.876982385554583743e+00 7.562761165447488727e-21 3.479841707040332091e-21
2.877647385554155335e+00 1.924550524755340670e-20 3.835643138700131589e-21
2.878312385553726926e+00 2.584499794092833478e-20 3.660164655734013986e-21
2.878977385553298518e+00 2.531868941742831018e-20 4.628416928510725571e-21
2.879642385552870110e+00 2.322389771498003550e-20 4.161865651631978748e-21
2.880307385552441701e+00 7.455681736947203750e-21 4.034146883389816867e-21
2.880972385552013293e+00 2.477926505527188625e-20 3.877987776482262427e-21
2.881637385551584885e+00 -6.202574060505858641e-22 3.924536338217310970e-21
2.882302385551156476e+00 -1.218225720400857112e-20 3.927591108564162762e-21
2.882967385550728068e+00 1.234041288940616696e-20 3.492231294996168227e-21
2.883632385550299659e+00 1.048212490004196292e-20 3.476438338003790965e-21
2.884297385549871251e+00 -2.636597284591317941e-21 3.396830370320504666e-21
2.884962385549442843e+00 8.378212484988583192e-21 4.068407811558826017e-21
2.885627385549014434e+00 -4.721112187780713350e-21 3.502667914629443504e-21
2.886292385548586026e+00 -1.563271299177926164e-20 3.803002287787738882e-21
2.886957385548157617e+00 8.279481784282105289e-21 2.951059487879528196e-21
2.887622385547729209e+00 -3.973634042834137395e-21 3.846646980835612575e-21
2.888287385547300801e+00 -1.182879676887750446e-20 3.501636909936150275e-21
2.888952385546872392e+00 1.416941443884075109e-20 4.043711077398343532e-21
2.889617385546443984e+00 2.223508274097773770e-20 3.573080399754545103e-21
2.890282385546015576e+00 2.725303206568919017e-20 3.297952305126178062e-21
2.890947385545587167e+00 3.261060471225268975e-20 3.626784446598797613e-21
2.891612385545158759e+00 1.244362587004320244e-20 3.589645709739085885e-21
2.892277385544730350e+00 1.348784081275026837e-20 3.833324338148796573e-21
2.892942385544301942e+00 1.691051389099146548e-21 3.777717953493818955e-21
2.893607385543873534e+00 -3.598075224399856734e-21 3.699015418234472322e-21
2.894272385543445125e+00 1.796655605839868951e-20 3.502563348130829454e-21
2.894937385543016717e+00 3.336978379329006460e-20 4.878862573711876512e-21
2.895602385542588308e+00 2.669079158849970958e-20 4.295296625527277959e-21
2.896267385542159900e+00 4.729199072483129113e-20 4.535331585660465457e-21
2.896932385541731492e+00 2.719738436494138788e-20 3.735810889234736389e-21
2.897597385541303083e+00 2.099190815119206851e-20 3.158363277647278660e-21
2.898262385540874675e+00 2.397246147854741690e-20 3.828278953326982166e-21
2.898927385540446267e+00 3.841008011229317995e-20 3.766910012157440710e-21
2.899592385540017858e+00 4.932449949621189059e-20 3.286427217604832805e-21
2.900257385539589450e+00 4.349280817018311784e-20 3.405034817241262003e-21
2.900922385539161041e+00 5.179664726466187721e-20 4.025993089281039495e-21
2.901587385538732633e+00 4.103295918047758167e-20 4.152130998605924992e-21
2.902252385538304225e+00 3.840754792944138826e-20 4.372206134115842938e-21
2.902917385537875816e+00 3.046637838520082630e-20 3.741364457379530026e-21
2.903582385537447408e+00 2.577044822123355455e-20 3.679080557014558870e-21
2.904247385537018999e+00 1.706501151735675985e-20 3.696983164603986717e-21
2.904912385536590591e+00 -2.030749203120519378e-21 3.552054653179585584e-21
2.905577385536162183e+00 1.787057759395323899e-20 3.976649044732939923e-21
2.906242385535733774e+00 1.634041520203135109e-20 3.986835465039719962e-21
2.906907385535305366e+00 1.768112352894743350e-20 3.267675514589662717e-21
2.907572385534876958e+00 6.286262793838182404e-21 3.584851172790380037e-21
2.908237385534448549e+00 1.032709623541556710e-20 3.910966644395426085e-21
2.908902385534020141e+00 2.956866844873084906e-20 3.734316219388083175e-21
2.909567385533591732e+00 1.746324155383786700e-20 3.734198339074551654e-21
2.910232385533163324e+00 9.972006777613623459e-21 3.512481757221997356e-21
2.910897385532734916e+00 2.041120940571159860e-20 3.782260834450406257e-21
2.911562385532306507e+00 2.189371914691412463e-20 3.341446250791619311e-21
2.912227385531878099e+00 1.597375643896167942e-20 4.112255804825594382e-21
2.912892385531449690e+00 1.800064743531179999e-21 4.048962237688510518e-21
2.913557385531021282e+00 1.190448444444109771e-20 3.185966521651764344e-21
2.914222385530592874e+00 1.912539885178457355e-20 3.762043453161237684e-21
2.914887385530164465e+00 9.435949924016279185e-21 2.891279556065168702e-21
2.915552385529736057e+00 1.528139781598847856e-20 3.497173472293550386e-21
2.916217385529307649e+00 7.126493269397158848e-21 3.486185918757903783e-21
2.916882385528879240e+00 -3.489121578323291401e-21 3.327469613251534237e-21
2.917547385528450832e+00 3.490824020742440383e-22 3.465398352505557052e-21
2.918212385528022423e+00 1.019267781993841425e-20 3.581776612465465478e-21
2.918877385527594015e+00 2.246980450789999332e-20 3.072792214632139249e-21
2.919542385527165607e+00 1.723846218041602217e-20 3.808816329358487222e-21
2.920207385526737198e+00 8.495142912655798741e-21 2.846583951498805570e-21
2.920872385526308790e+00 1.160439634959100836e-20 3.080069890513661468e-21
2.921537385525880381e+00 5.367965795795022690e-21 3.227684142366900333e-21
2.922202385525451973e+00 2.396087560873617953e-20 3.001493743474568423e-21
2.922867385525023565e+00 3.129449034085263138e-20 2.787152167894807635e-21
2.923532385524595156e+00 2.124068959521348750e-20 2.834015449046204666e-21
2.924197385524166748e+00 2.757378331010728660e-20 3.108962932256463005e-21
2.924862385523738340e+00 1.804029769965542441e-20 2.631346455937631602e-21
2.925527385523309931e+00 2.083058100645864168e-20 2.907738365068291014e-21
2.926192385522881523e+00 1.915890809837039050e-20 2.758209371014806368e-21
2.926857385522453114e+00 2.774642934697126296e-20 2.594969109832239921e-21
2.927522385522024706e+00 3.425722925272945745e-20 2.964386829706752997e-21
2.928187385521596298e+00 3.957790846224645715e-20 2.984776083439719365e-21
2.928852385521167889e+00 2.447325155231726849e-20 3.115181274848698376e-21
2.929517385520739481e+00 -1.896524240461993896e-21 2.822158806406870596e-21
2.930182385520311072e+00 8.003672152834402713e-21 2.765219238755032411e-21
2.930847385519882664e+00 1.236622611294192373e-20 2.626491035344515142e-21
2.931512385519454256e+00 8.313318545091656994e-21 2.722370324612241800e-21
2.932177385519025847e+00 1.509695371691893188e-20 2.783884012149099937e-21
2.932842385518597439e+00 2.660575465029056122e-20 3.440658147159685579e-21
2.933507385518169031e+00 3.951191112857361222e-20 3.059572667842515872e-21
2.934172385517740622e+00 5.618007557202113167e-21 3.196380090685605091e-21
2.934837385517312214e+00 8.610243485110890415e-21 2.878642239375902186e-21
2.935502385516883805e+00 1.758698817942755849e-20 2.616732045904424381e-21
2.936167385516455397e+00 1.334153896067591647e-20 3.211173370245958859e-21
2.936832385516026989e+00 1.622095890012070644e-20 3.253139490178322025e-21
2.937497385515598580e+00 1.276078514398255597e-20 3.076435595981656532e-21
2.938162385515170172e+00 2.858628745573064554e-20 2.854601020348873519e-21
2.938827385514741763e+00 1.224339226536425384e-20 3.184698429729412336e-21
2.939492385514313355e+00 -5.287436867167938993e-21 3.157218658544404160e-21
2.940157385513884947e+00 6.309185825951444771e-21 3.294165827820370240e-21
2.940822385513456538e+00 -6.648723037961428132e-22 3.245998709937269331e-21
2.941487385513028130e+00 -3.551612966346448796e-21 2.917978045963319645e-21
2.942152385512599722e+00 9.150202827088542143e-21 3.089002778052740447e-21
2.942817385512171313e+00 2.177009394593664701e-20 3.092890404541646167e-21
2.943482385511742905e+00 8.332106064652799985e-21 2.981687387271011954e-21
2.944147385511314496e+00 1.568501709001383252e-20 3.372231259053065729e-21
2.944812385510886088e+00 7.706289742386264487e-21 2.683623029535285771e-21
2.945477385510457680e+00 6.008691920295948429e-21 2.982796781808916431e-21
2.946142385510029271e+00 -2.210018110246775765e-21 2.847965443331862506e-21
2.946807385509600863e+00 7.348743502942708168e-21 3.135372481097606865e-21
2.947472385509172454e+00 -3.498983224018217077e-21 3.111170587422009437e-21
2.948137385508744046e+00 -5.677780774712836790e-21 3.340400937135196120e-21
2.948802385508315638e+00 1.991740711911075797e-20 3.226058760018659758e-21
2.949467385507887229e+00 1.617035309810353880e-20 3.216570864282398350e-21
2.950132385507458821e+00 6.997627077185523342e-21 2.822848207091445689e-21
2.950797385507030413e+00 1.823117528101644078e-20 2.976113375953378014e-21
2.951462385506602004e+00 2.032625945106952425e-20 3.157024278140173036e-21
2.952127385506173596e+00 1.554531232652940146e-20 2.787817407688658307e-21
2.952792385505745187e+00 2.807277782163501235e-20 2.943792305068654677e-21
2.953457385505316779e+00 2.293662730647585342e-20 3.163718903246674259e-21
2.954122385504888371e+00 1.685597890665842815e-20 3.113946908249868484e-21
2.954787385504459962e+00 1.085158796933162573e-20 3.145565164944478146e-21
2.955452385504031554e+00 5.224966732740607586e-21 2.998962405923511493e-21
2.956117385503603145e+00 1.027937878398401053e-20 2.937743440658717501e-21
2.956782385503174737e+00 1.970456027062569795e-20 3.149298897988151992e-21
2.957447385502746329e+00 1.458615585830560749e-20 3.104195821323517511e-21
2.958112385502317920e+00 4.185489124560722294e-21 3.098880558130340884e-21
2.958777385501889512e+00 1.542776093905812566e-20 2.816508829579505293e-21
2.959442385501461104e+00 1.113116542380149507e-21 2.913657054556887609e-21
2.960107385501032695e+00 1.585312836989827310e-20 2.980723492381977569e-21
2.960772385500604287e+00 1.497267567982569702e-20 2.563910755029299734e-21
2.961437385500175878e+00 1.007307421047659786e-20 3.000111175604917663e-21
2.962102385499747470e+00 1.580495092818221538e-20 2.914582866952246326e-21
2.962767385499319062e+00 1.202022002109527531e-20 2.841966046766130019e-21
2.963432385498890653e+00 1.345670513199793429e-20 2.884444257228781822e-21
2.964097385498462245e+00 8.518257750111080291e-21 2.996767739776696047e-21
2.964762385498033836e+00 3.788346834888253792e-20 2.857848075638979965e-21
2.965427385497605428e+00 1.073376812859525203e-20 2.752612565271477904e-21
2.966092385497177020e+00 8.255357532545957879e-21 2.774308530557060076e-21
2.966757385496748611e+00 1.428657622684256778e-20 2.767508920645632595e-21
2.967422385496320203e+00 1.065065893654801390e-20 2.551686402913790075e-21
2.968087385495891795e+00 1.946984181999840600e-20 2.643961517977496883e-21
2.968752385495463386e+00 4.992725037829131690e-21 2.775315269666436338e-21
2.969417385495034978e+00 2.282956966989225983e-20 2.935497174593806740e-21
2.970082385494606569e+00 9.601775598098524794e-21 3.039859797042843123e-21
2.970747385494178161e+00 1.775328042756629452e-20 2.748866431289869580e-21
2.971412385493749753e+00 1.756601198447861638e-20 2.640760687948533253e-21
2.972077385493321344e+00 5.681143533453115592e-21 2.550985908486185749e-21
2.972742385492892936e+00 1.463864420176611448e-20 2.996286581867900023e-21
2.973407385492464527e+00 1.281261820170099758e-20 2.811736874262835622e-21
2.974072385492036119e+00 1.775347689402907310e-22 2.754624526321367453e-21
2.974737385491607711e+00 1.046251981013473022e-20 2.978542559096876881e-21
2.975402385491179302e+00 2.394469737969847600e-20 3.052157327646431918e-21
2.976067385490750894e+00 2.722588230333674008e-20 2.711297135951476362e-21
2.976732385490322486e+00 2.215943789632289640e-20 2.530216548663528840e-21
2.977397385489894077e+00 2.677086750904029008e-20 2.935871431165236189e-21
2.978062385489465669e+00 1.507505089618435945e-20 2.597360075535901837e-21
2.978727385489037260e+00 6.236298221268010939e-21 2.519998524867677541e-21
2.979392385488608852e+00 1.554770221164479593e-20 2.844627483757103111e-21
2.980057385488180444e+00 8.512542524990891614e-21 2.801382369425968953e-21
2.980722385487752035e+00 8.492528753137337723e-21 2.811333702045216519e-21
2.981387385487323627e+00 4.696519156000255296e-21 2.655377299494312644e-21
2.982052385486895218e+00 1.664152394108710877e-20 2.360528215413178185e-21
2.982717385486466810e+00 5.193001115173632042e-21 2.482750408438944514e-21
2.983382385486038402e+00 1.688730579387569522e-20 2.523880994844352677e-21
2.984047385485609993e+00 2.980397058187020836e-21 2.577520137717966158e-21
2.984712385485181585e+00 -5.322506324217549528e-21 2.720273835904814725e-21
2.985377385484753177e+00 9.956753160562603409e-21 2.875027893040496767e-21
2.986042385484324768e+00 2.284091748911898392e-20 2.352091178588252875e-21
2.986707385483896360e+00 1.395819788475811098e-20 2.753502934028238204e-21
2.987372385483467951e+00 1.996532016966447001e-20 2.588017993647270495e-21
2.988037385483039543e+00 1.491957599894981446e-20 2.138268115901656822e-21
2.988702385482611135e+00 1.132892956297525419e-20 2.431344432198974009e-21
2.989367385482182726e+00 3.747724719663360972e-21 2.428704214006482772e-21
2.990032385481754318e+00 1.605736161014011294e-20 2.536587837637251571e-21
2.990697385481325909e+00 3.054437064008278780e-20 2.620576178803980999e-21
2.991362385480897501e+00 2.617214972840564966e-20 2.742566346088300030e-21
2.992027385480469093e+00 2.122842443430037802e-20 2.484160311464174843e-21
2.992692385480040684e+00 6.744724935955580246e-21 2.549015978924279200e-21
2.993357385479612276e+00 2.051641003194222983e-20 2.826041616944242569e-21
2.994022385479183868e+00 8.375188876389464933e-21 2.955605817673052455e-21
2.994687385478755459e+00 1.574405762635328732e-20 2.326444597793775557e-21
2.995352385478327051e+00 7.086541489013832500e-21 2.825830060858229691e-21
2.996017385477898642e+00 5.147440575908750092e-21 2.384051049138099886e-21
2.996682385477470234e+00 1.648825923595894744e-20 2.678056319067205312e-21
2.997347385477041826e+00 3.045989666910531298e-21 3.149181180652537870e-21
2.998012385476613417e+00 2.109391071182632341e-20 3.011114513024858406e-21
2.998677385476185009e+00 3.255430465915542919e-20 2.487568307619163295e-21
2.999342385475756600e+00 2.465087808103325909e-20 2.630014981716530124e-21
3.000007385475328192e+00 1.215052039463775940e-20 3.266483104027065773e-21
3.000672385474899784e+00 1.188847084444224825e-20 2.753183538939133267e-21
3.001337385474471375e+00 1.941326673250489191e-20 2.507419829140779100e-21
3.002002385474042967e+00 4.439235327326014322e-21 2.425629762496374595e-21
3.002667385473614559e+00 6.736971391195967265e-21 2.942290888524910415e-21
3.003332385473186150e+00 1.367441622516992027e-20 2.380712174969218298e-21
3.003997385472757742e+00 1.720849659395768735e-20 3.111485917199245653e-21
3.004662385472329333e+00 2.047100431002113808e-20 3.047811900652609308e-21
3.005327385471900925e+00 1.235591470810379405e-20 2.517575858790510764e-21
3.005992385471472517e+00 8.631827124111763745e-21 2.292409059642053914e-21
3.006657385471044108e+00 8.881433546079025995e-21 2.512787351785884800e-21
3.007322385470615700e+00 4.094982462092145649e-21 2.615045390946172379e-21
3.007987385470187292e+00 1.304590143298319781e-20 3.071314817929972765e-21
3.008652385469758883e+00 1.018087428851224742e-20 2.465340551257381597e-21
3.009317385469330475e+00 1.550041887059472532e-20 3.495948842903891941e-21
3.009982385468902066e+00 2.266183089775733261e-20 2.787448535195479689e-21
3.010647385468473658e+00 3.066683146154172687e-20 2.792194408597981935e-21
3.011312385468045250e+00 1.122078387620093769e-20 2.657075922556547895e-21
3.011977385467616841e+00 1.366393069989569390e-20 2.768843878497179854e-21
3.012642385467188433e+00 1.497849269432135857e-20 2.660992269736824893e-21
3.013307385466760024e+00 1.641707452644666096e-20 2.866798167180516021e-21
3.013972385466331616e+00 8.312352202110247321e-21 2.521265143842905572e-21
3.014637385465903208e+00 1.762778015965420857e-20 2.752222357700795329e-21
3.015302385465474799e+00 2.672095909477164079e-20 2.663332668322952312e-21
3.015967385465046391e+00 2.603193025847365240e-20 2.646519035282193407e-21
3.016632385464617983e+00 2.063452459284583614e-20 2.406307128496169568e-21
3.017297385464189574e+00 1.786856218623593006e-20 2.727624135573936299e-21
3.017962385463761166e+00 1.944315362515937388e-20 2.828802435534622912e-21
3.018627385463332757e+00 1.422311542526400592e-20 2.714455132412523843e-21
3.019292385462904349e+00 -1.919764516180223974e-22 2.425744087497787738e-21
3.019957385462475941e+00 1.159330814685756781e-20 2.413603055726215088e-21
3.020622385462047532e+00 1.906256033366233895e-20 3.054386328181882890e-21
3.021287385461619124e+00 2.714778891594527210e-20 3.393116094333657424e-21
3.021952385461190715e+00 2.667090688879836137e-20 2.814874508006267441e-21
3.022617385460762307e+00 1.885649948316699894e-20 2.326514341328474627e-21
3.023282385460333899e+00 1.125553819584564604e-20 2.522416199474714635e-21
3.023947385459905490e+00 7.567836183087264316e-21 2.357742610314595353e-21
3.024612385459477082e+00 2.621579038115646218e-20 2.190621573170985506e-21
3.025277385459048674e+00 1.074319132833310556e-20 2.618798416143252050e-21
3.025942385458620265e+00 1.393477754856877613e-21 3.193753064680147310e-21
3.026607385458191857e+00 2.980502243950239161e-20 3.736288896865756682e-21
3.027272385457763448e+00 8.529158951680923449e-21 3.084010694314908372e-21
3.027937385457335040e+00 8.988926481311104288e-20 4.065953557622810460e-20
3.028602385456906632e+00 4.521220203954748709e-20 2.861268468745541401e-20
3.029267385456478223e+00 3.632182196239200440e-20 6.203672534865683413e-21
3.029932385456049815e+00 3.074789073350996682e-20 5.711951710535189591e-21
3.030597385455621406e+00 8.727340961271563913e-21 6.760205782684389804e-21
3.031262385455192998e+00 1.816015106193414560e-20 4.980960773229502157e-21
3.031927385454764590e+00 2.214187141631169277e-20 4.301205303254052880e-21
3.032592385454336181e+00 1.697951112754564893e-20 2.913243799907120298e-21
3.033257385453907773e+00 2.053344303105445702e-20 2.775363498142637025e-21
3.033922385453479365e+00 1.842840292602438458e-20 2.476512055809232620e-21
3.034587385453050956e+00 1.010988668898371003e-20 2.813157046685866243e-21
3.035252385452622548e+00 2.160488989034976727e-20 2.574286543524065735e-21
3.035917385452194139e+00 1.717872292772799726e-20 2.505531613857039225e-21
3.036582385451765731e+00 1.690120819606042785e-20 2.192485065742362860e-21
3.037247385451337323e+00 7.308443977811623141e-21 2.414216896734903508e-21
3.037912385450908914e+00 7.530522224554951218e-21 2.357498393096668560e-21
3.038577385450480506e+00 1.579263756265320616e-20 2.505510350947022565e-21
3.039242385450052097e+00 1.326341945114767090e-22 2.047789917453369006e-21
3.039907385449623689e+00 1.191386620516588150e-20 2.146050712427195179e-21
3.040572385449195281e+00 1.175920828567184576e-20 2.367833323639570983e-21
3.041237385448766872e+00 2.695425178382477863e-20 2.491757545393153528e-21
3.041902385448338464e+00 1.809432970087954656e-20 2.156436605137223791e-21
3.042567385447910056e+00 1.567746967592511562e-20 2.444603123309949702e-21
3.043232385447481647e+00 2.827916999497461126e-20 2.304345121999953768e-21
3.043897385447053239e+00 2.621284113214258094e-20 2.365559902475064095e-21
3.044562385446624830e+00 1.687053419890581068e-20 2.304073838301718414e-21
3.045227385446196422e+00 2.495341723782314916e-20 2.057946413379130037e-21
3.045892385445768014e+00 1.876473251637358992e-20 2.530160461248911924e-21
3.046557385445339605e+00 1.728979086252297350e-20 2.596764425540742831e-21
3.047222385444911197e+00 1.269461307430517870e-20 2.161329615901152140e-21
3.047887385444482788e+00 1.349117155607586440e-20 2.324711837249998845e-21
3.048552385444054380e+00 1.396486694431474886e-20 2.118945042101990112e-21
3.049217385443625972e+00 5.036702391184136056e-22 2.775657223116637028e-21
3.049882385443197563e+00 8.090929066856652646e-21 2.482333498022180563e-21
3.050547385442769155e+00 8.899970067703836034e-21 2.534029868810605914e-21
3.051212385442340747e+00 1.597603735305049056e-20 2.322491361161194672e-21
3.051877385441912338e+00 1.175405827379561404e-20 2.644031238198810214e-21
3.052542385441483930e+00 1.564901787788621280e-20 2.464388721112635892e-21
3.053207385441055521e+00 1.633799433755095785e-20 2.609928078602003507e-21
3.053872385440627113e+00 1.347474596665439928e-20 2.537537367984449607e-21
3.054537385440198705e+00 2.277545830201308487e-20 2.497155774511554954e-21
3.055202385439770296e+00 1.741470757690444490e-20 2.574691615030681914e-21
3.055867385439341888e+00 1.570369311456542864e-20 2.452970470341654625e-21
3.056532385438913479e+00 5.054381316985023985e-21 2.120756922179548084e-21
3.057197385438485071e+00 1.621679144006700445e-20 2.470757144534430678e-21
3.057862385438056663e+00 1.070449216801546238e-20 2.652108170993709548e-21
3.058527385437628254e+00 1.924488270373698990e-20 2.321914611483866141e-21
3.059192385437199846e+00 1.931403803407896249e-20 2.679284686806501861e-21
3.059857385436771438e+00 7.401760333184994969e-21 2.225890056598698904e-21
3.060522385436343029e+00 1.930868260530600436e-20 2.282599572346712322e-21
3.061187385435914621e+00 2.404874570235121611e-20 2.495338816632040957e-21
3.061852385435486212e+00 3.759857441379663550e-21 2.470294174648678229e-21
3.062517385435057804e+00 9.203164734972425794e-21 2.744742126181590343e-21
3.063182385434629396e+00 1.077716612313768132e-20 2.644482052922352919e-21
3.063847385434200987e+00 1.950044839016493068e-20 2.455821782455010287e-21
3.064512385433772579e+00 2.119956747103776053e-20 2.802207775660418691e-21
3.065177385433344170e+00 5.196082530585744506e-21 3.023098942805951551e-21
3.065842385432915762e+00 5.039752709684110364e-21 2.280471126580608931e-21
3.066507385432487354e+00 1.955983840019624953e-20 2.546329066759790067e-21
3.067172385432058945e+00 2.281538705549276409e-20 2.346402624646568127e-21
3.067837385431630537e+00 1.634970435813151643e-20 2.410622801155119668e-21
3.068502385431202129e+00 8.426290879261131225e-21 2.428552373557563158e-21
3.069167385430773720e+00 2.350888043125828884e-20 2.363966138188815723e-21
3.069832385430345312e+00 2.281951763064735512e-20 2.744418607031635888e-21
3.070497385429916903e+00 9.933657213202688210e-21 2.540582694247425790e-21
3.071162385429488495e+00 2.206434492031168622e-20 2.410641604167484556e-21
3.071827385429060087e+00 1.406936676397589618e-20 2.151674155252545145e-21
3.072492385428631678e+00 1.543131222808322969e-20 2.267053948473292101e-21
3.073157385428203270e+00 2.240322637316220233e-20 2.637321066857832642e-21
3.073822385427774861e+00 1.171546953294517846e-20 2.279441796897590133e-21
3.074487385427346453e+00 9.409144984646126680e-21 2.507152059517965579e-21
3.075152385426918045e+00 2.888740282034500108e-20 2.558730690659374930e-21
3.075817385426489636e+00 2.714350749688035431e-20 2.228167130308301814e-21
3.076482385426061228e+00 1.857057245663909667e-20 2.512278548396517326e-21
3.077147385425632820e+00 7.404688211464069179e-21 2.670356769714998054e-21
3.077812385425204411e+00 1.516718974477429662e-20 2.244407417486980849e-21
3.078477385424776003e+00 9.609729583001669112e-21 2.036012976143152626e-21
3.079142385424347594e+00 9.550928313198751705e-21 2.178596146585822400e-21
3.079807385423919186e+00 1.145908259253361737e-20 2.655922197921441242e-21
3.080472385423490778e+00 1.493092241488527632e-20 2.220451100564231410e-21
3.081137385423062369e+00 1.683202546781607021e-20 2.090645021279873088e-21
3.081802385422633961e+00 1.191700151412316166e-20 2.281823396706876157e-21
3.082467385422205552e+00 8.343390443266568733e-21 2.376676559641005262e-21
3.083132385421777144e+00 7.016569181559327206e-21 2.102007627459061565e-21
3.083797385421348736e+00 1.123804019682136763e-20 2.260610468034929524e-21
3.084462385420920327e+00 9.062481220515292143e-21 2.616854174295833742e-21
3.085127385420491919e+00 8.340070548043055808e-21 2.133169452037741229e-21
3.085792385420063511e+00 1.800854189025339752e-20 1.944399847214558325e-21
3.086457385419635102e+00 1.009359941387843671e-20 2.433153976042105796e-21
3.087122385419206694e+00 1.689523373542295193e-20 2.526729858719510815e-21
3.087787385418778285e+00 2.290521813299096120e-20 2.258981022471952555e-21
3.088452385418349877e+00 1.444742081028997443e-20 2.246319197199856528e-21
3.089117385417921469e+00 3.144692575897542981e-21 2.601648898330969161e-21
3.089782385417493060e+00 2.043318127327991740e-20 2.531355665956215629e-21
3.090447385417064652e+00 2.391780258590959718e-20 2.103109215201576607e-21
3.091112385416636243e+00 9.440158765446863420e-21 2.279948171053195047e-21
3.091777385416207835e+00 -2.618807042178591630e-21 1.946120694993782820e-21
3.092442385415779427e+00 -5.993240452648090810e-22 2.373930744335426503e-21
3.093107385415351018e+00 7.730091436173423757e-21 2.585313635546109071e-21
3.093772385414922610e+00 5.521349106680553660e-21 2.369758910423952225e-21
3.094437385414494202e+00 1.666070482386426140e-20 2.255163069245908947e-21
3.095102385414065793e+00 1.336240220613399615e-20 2.295420723231876665e-21
3.095767385413637385e+00 6.657044003834660054e-21 2.440052727943495038e-21
3.096432385413208976e+00 1.661382411581715275e-20 2.318138604117615439e-21
3.097097385412780568e+00 1.667177998413030359e-20 2.625810132215424750e-21
3.097762385412352160e+00 2.822610979956383960e-20 2.204381596207336797e-21
3.098427385411923751e+00 1.813659573384198106e-20 1.882880327166149810e-20
3.099092385411495343e+00 1.208190844309625926e-20 6.882989297205834465e-21
3.099757385411066934e+00 3.007931018544389895e-20 1.169080082848320454e-20
3.100422385410638526e+00 2.175246304962715631e-20 4.243208006860958178e-21
3.101087385410210118e+00 1.805362806819138410e-20 2.455783382989502220e-21
3.101752385409781709e+00 1.108157529963193685e-20 6.363108887456231941e-21
3.102417385409353301e+00 2.157035386074948479e-20 1.314103761131651383e-20
3.103082385408924893e+00 3.029315055238507920e-20 5.183718280945650141e-21
3.103747385408496484e+00 5.508285171945898669e-20 1.296905208159804757e-20
3.104412385408068076e+00 1.893793768641724711e-20 2.021742942992700717e-21
3.105077385407639667e+00 1.355664349161452271e-20 2.045903610282951708e-21
3.105742385407211259e+00 1.359187867842438474e-20 2.372288057098449050e-21
3.106407385406782851e+00 9.091030553292532646e-21 2.215414015289597007e-21
3.107072385406354442e+00 6.746298678850600858e-21 2.314444351696739498e-21
3.107737385405926034e+00 3.740097495038546875e-21 2.000266821943252347e-21
3.108402385405497625e+00 7.975001799721577863e-21 2.283221841420383593e-21
3.109067385405069217e+00 1.449576637536289542e-20 2.611567483306950836e-21
3.109732385404640809e+00 2.058072218853559767e-20 2.426993100255274184e-21
3.110397385404212400e+00 1.328964956121930092e-20 2.204528146173738137e-21
3.111062385403783992e+00 1.761580867146119365e-20 2.157732223873720571e-21
3.111727385403355139e+00 2.681746130123946190e-20 2.236282081212840539e-21
3.112392385402926731e+00 1.683204178130628315e-20 2.246775391807450107e-21
3.113057385402498323e+00 2.057482424264164092e-20 2.117967964855306351e-21
3.113722385402069914e+00 1.493604718554913033e-20 2.258728670269059458e-21
3.114387385401641506e+00 1.129022678434636775e-20 2.316974364986032019e-21
3.115052385401213098e+00 1.511151072902612419e-20 2.179177960496387701e-21
3.115717385400784689e+00 8.735042685396089890e-21 2.075515233278283195e-21
3.116382385400356281e+00 7.489464463363816275e-21 2.029190099039881027e-21
3.117047385399927872e+00 1.346553469988657595e-20 2.310718352971582567e-21
3.117712385399499464e+00 3.089470360694663578e-20 2.207931458981528637e-21
3.118377385399071056e+00 1.387177238311796591e-20 2.318712755933616605e-21
3.119042385398642647e+00 1.849513006344651870e-20 2.341870845094058827e-21
3.119707385398214239e+00 2.706754824540094925e-21 2.167995287082503921e-21
3.120372385397786275e+00 1.475000114184925362e-20 2.215301786269468365e-21
3.121037385397357866e+00 2.359888765824122332e-20 2.048707364427230613e-21
3.121702385396929458e+00 7.770917244253356030e-21 2.090568930381779059e-21
3.122367385396501049e+00 4.177599905813176560e-21 1.857663123344563043e-21
3.123032385396072641e+00 1.382609987715374498e-20 2.233479994080270331e-21
3.123697385395644233e+00 9.885703350858226940e-21 2.574027475208592020e-21
3.124362385395215824e+00 1.532188559984154772e-20 2.133771990437032960e-21
3.125027385394787416e+00 2.611005756595748901e-20 2.493951472156676856e-21
3.125692385394359007e+00 2.085550666091411789e-20 2.588748366909810168e-21
3.126357385393930155e+00 1.348852629932387604e-20 2.401972991318046061e-21
3.127022385393501747e+00 4.921768370689606852e-21 2.601909366295650084e-21
3.127687385393073338e+00 4.098571452845680707e-21 2.191330824666780850e-21
3.128352385392644930e+00 -1.981818599131550509e-21 2.686041665479400140e-21
3.129017385392216521e+00 2.493531478769727960e-21 2.367949720876645528e-21
3.129682385391788113e+00 1.245725248471321039e-20 2.459028673077842348e-21
3.130347385391359705e+00 9.615480344961672923e-21 2.074675571435811667e-21
3.131012385390931296e+00 8.521504718754497557e-21 2.704491848016297174e-21
3.131677385390502888e+00 1.087176012858453595e-20 3.875614709870296929e-21
3.132342385390074480e+00 -1.560326853754796547e-21 3.229066502118993475e-21
3.133007385389646071e+00 1.728247362416439035e-20 4.625389248439401519e-21
3.133672385389217663e+00 4.696274054698027896e-21 2.304722771071090039e-21
3.134337385388789254e+00 3.286175009610670345e-21 2.271795574436841886e-21
3.135002385388360846e+00 1.534495890051008006e-20 2.296744293277987986e-21
3.135667385387932438e+00 2.377351007396157390e-21 3.664177308155836027e-21
3.136332385387504029e+00 4.690604950962945766e-21 8.712703390317030460e-21
3.136997385387075621e+00 1.574344472407394665e-20 5.191408016424658920e-21
3.137662385386647212e+00 9.914026988771941154e-21 9.198740823498379837e-21
3.138327385386218804e+00 1.676247091269940227e-20 1.895461189495630075e-21
3.138992385385790396e+00 1.668735796044049152e-20 2.010485435814581658e-21
3.139657385385361987e+00 1.281524785468411275e-20 2.234692950966989325e-21
3.140322385384933579e+00 1.520553331494363504e-20 2.233417168066076515e-21
3.140987385384505171e+00 1.091348475655261578e-20 2.714193232052352050e-21
3.141652385384076762e+00 1.016848020955907604e-20 2.382739152461307978e-21
3.142317385383648354e+00 9.334421092927457279e-21 1.929734906491240761e-21
3.142982385383219945e+00 9.662413247848014570e-21 2.031675619004497462e-21
3.143647385382791537e+00 1.525177599596098706e-20 2.146504794307593044e-21
3.144312385382363129e+00 1.437524296703258918e-20 2.020362507567767484e-21
3.144977385381934720e+00 1.993352739795503174e-20 2.050476004155416797e-21
3.145642385381506312e+00 2.031549523702481554e-20 1.884442765804698133e-21
3.146307385381077903e+00 1.236370817621468408e-20 1.919731887348456703e-21
3.146972385380649495e+00 7.603394971747693742e-21 1.816810433340881188e-21
3.147637385380221087e+00 8.218381281994166909e-21 1.964130631958671011e-21
3.148302385379792678e+00 1.058027674336573753e-20 2.038786756631389947e-21
3.148967385379364270e+00 1.659262745000721967e-20 2.373179325328722390e-21
3.149632385378935862e+00 2.277032047920477482e-20 2.679176776649170801e-21
3.150297385378507453e+00 1.206160998688394226e-20 2.139452958481864816e-21
3.150962385378079045e+00 2.344103190413240279e-20 2.130129346118424300e-21
3.151627385377650636e+00 1.902507008778167097e-20 1.859695474019157266e-21
3.152292385377222228e+00 2.305162193362846232e-20 1.922235585488981352e-21
3.152957385376793820e+00 9.100627390584697329e-21 2.213219376966328475e-21
3.153622385376365411e+00 1.280885752356921614e-20 2.380880972250623365e-21
3.154287385375937003e+00 1.672945485175245752e-20 2.188317743789395338e-21
3.154952385375508594e+00 2.235023045032545629e-20 2.162032541308938005e-21
3.155617385375080186e+00 2.172519943582153799e-20 2.069932117857615484e-21
3.156282385374651778e+00 6.780290350538739956e-21 1.930749406732334993e-21
3.156947385374223369e+00 1.184763977744763153e-20 2.022491622287766910e-21
3.157612385373794961e+00 7.544203142269569191e-21 2.129575009098858374e-21
3.158277385373366553e+00 1.162065235890779709e-20 1.937101377309116847e-21
3.158942385372938144e+00 1.337308375383996204e-20 2.269643299130287990e-21
3.159607385372509736e+00 4.669419849568150453e-21 2.127476623029547936e-21
3.160272385372081327e+00 1.296916237459282566e-20 1.916794850900795086e-21
3.160937385371652919e+00 9.861370138427871473e-21 2.480175379770749545e-21
3.161602385371224511e+00 1.602339076527340086e-20 3.051464578718462077e-21
3.162267385370796102e+00 2.335002018055788731e-20 2.248729702500194380e-21
3.162932385370367694e+00 1.766969825271857698e-20 2.031409558818904046e-21
3.163597385369939285e+00 4.541497779616728059e-21 1.879594710812922110e-21
3.164262385369510877e+00 1.684935359717906552e-20 2.128485382263108699e-21
3.164927385369082469e+00 5.557206428719348079e-21 1.944987340925750336e-21
3.165592385368654060e+00 9.043298987101722592e-22 2.011020618194869569e-21
3.166257385368225652e+00 2.515589160652730714e-21 1.982437301283693243e-21
3.166922385367797244e+00 9.286933220804757956e-21 2.064044797242823250e-21
3.167587385367368835e+00 1.361492461061250336e-20 1.808786407290280053e-21
3.168252385366940427e+00 4.210538062172528831e-21 1.809201632167386695e-21
3.168917385366512018e+00 1.711298987574409205e-20 2.202427511078848582e-21
3.169582385366083610e+00 2.061290738472119962e-20 2.192518132844825252e-21
3.170247385365655202e+00 4.921858234950000694e-21 2.070691814097046705e-21
3.170912385365226793e+00 1.058750433427377054e-20 1.980456774668599680e-21
3.171577385364798385e+00 1.647416613527349724e-20 2.085263964465514221e-21
3.172242385364369976e+00 2.221642036930077373e-20 2.216052277644245969e-21
3.172907385363941568e+00 1.790020384478101657e-20 1.930852134752335705e-21
3.173572385363513160e+00 5.347356257349979448e-21 1.957063282298147404e-21
3.174237385363084751e+00 9.621153499052279517e-21 2.009830553855532960e-21
3.174902385362656343e+00 1.852744597943954797e-20 2.319723310812350407e-21
3.175567385362227935e+00 1.275773245169079763e-20 2.088177549876448995e-21
3.176232385361799526e+00 1.562355627900592831e-20 2.229030354552653846e-21
3.176897385361371118e+00 1.261853562531776883e-20 2.467490002337828757e-21
3.177562385360942709e+00 1.341519733983700416e-20 2.210602996977783047e-21
3.178227385360514301e+00 1.739196402012145357e-20 2.008600712879229886e-21
3.178892385360085893e+00 6.624294469842596209e-21 2.042670870239450690e-21
3.179557385359657484e+00 1.122908662878682274e-20 1.942609557395231074e-21
3.180222385359229076e+00 7.236446624357015729e-21 2.008053884375597380e-21
3.180887385358800667e+00 4.393591763101248169e-21 1.954443950277823422e-21
3.181552385358372259e+00 9.359584132997182210e-21 2.218459727827242118e-21
3.182217385357943851e+00 2.744198475367421266e-20 1.986194447401646060e-21
3.182882385357515442e+00 1.180921167881775790e-20 2.385784716960007456e-21
3.183547385357087034e+00 1.378683787827218619e-20 2.391660506496791926e-21
3.184212385356658626e+00 2.129671760628010871e-20 2.072051137138864332e-21
3.184877385356230217e+00 1.023811542134031920e-20 2.174596086807460382e-21
3.185542385355801809e+00 3.334879456720301155e-21 2.041645756996480381e-21
3.186207385355373400e+00 2.119490166918498377e-20 1.982571016256445562e-21
3.186872385354944992e+00 1.071913263141252502e-20 2.370141717739409066e-21
3.187537385354516584e+00 9.176168734914370734e-21 2.188186570361873569e-21
3.188202385354088175e+00 1.858181804341579796e-20 2.052033562255026675e-21
3.188867385353659767e+00 1.466639787554846037e-20 2.038989858403390756e-21
3.189532385353231358e+00 5.228200426792304730e-21 2.007236384123746432e-21
3.190197385352802950e+00 8.231167636633874740e-21 2.067583191963795597e-21
3.190862385352374542e+00 1.228223769011026486e-20 2.230941527275004153e-21
3.191527385351946133e+00 1.581218050972522026e-20 2.232584381577491965e-21
3.192192385351517725e+00 2.342493265868907503e-20 2.448385799290131655e-21
3.192857385351089317e+00 2.083969628512527048e-20 2.101897122635388886e-21
3.193522385350660908e+00 9.924671725391726819e-21 2.241571214580062447e-21
3.194187385350232500e+00 2.579665335939019950e-20 2.405734576137503593e-21
3.194852385349804091e+00 1.645754848829470294e-20 2.096855076304703970e-21
3.195517385349375683e+00 2.335023541448114745e-20 1.801152765082340600e-21
3.196182385348947275e+00 1.157847739028038851e-20 2.237593620638192510e-21
3.196847385348518866e+00 1.072141239116882972e-20 2.160947885669527073e-21
3.197512385348090458e+00 1.201802812537605105e-20 1.729011825036926546e-21
3.198177385347662049e+00 1.821916436189175560e-20 2.221636991443076597e-21
3.198842385347233641e+00 1.676564613838679062e-20 2.387235432476679079e-21
3.199507385346805233e+00 1.708579720800073171e-20 2.539143016027846181e-21
3.200172385346376824e+00 2.661255102199007348e-20 2.438716715981954277e-21
3.200837385345948416e+00 1.724692732762008746e-20 2.503749187841905572e-21
3.201502385345520008e+00 1.495862918987983135e-20 2.236118224905921284e-21
3.202167385345091599e+00 9.689604552797542896e-21 1.963574383300230446e-21
3.202832385344663191e+00 1.462680311725845201e-20 1.917817359777189851e-21
3.203497385344234782e+00 1.056642921446956283e-20 2.376047795580893081e-21
3.204162385343806374e+00 1.698372749825366920e-20 1.928199390941023772e-21
3.204827385343377966e+00 1.218891210123084221e-20 1.996104697661873830e-21
3.205492385342949557e+00 1.583022070694548718e-20 2.063938974171502864e-21
3.206157385342521149e+00 9.358383230815254126e-21 2.079174959507759669e-21
3.206822385342092741e+00 1.275980020890245866e-20 2.339402501019199000e-21
3.207487385341664332e+00 1.685640278368517652e-20 2.379212853691945877e-21
3.208152385341235924e+00 2.212078355285731540e-20 2.065398828390995990e-21
3.208817385340807515e+00 1.028761144399666401e-20 1.837873011918298712e-21
3.209482385340379107e+00 1.283473393041583932e-20 2.448812767557729243e-21
3.210147385339950699e+00 1.054346403429257651e-21 2.703969702161756878e-21
3.210812385339522290e+00 7.583117918674328236e-21 2.461087106789607350e-21
3.211477385339093882e+00 1.459247976895091124e-20 2.256234163586586959e-21
3.212142385338665473e+00 8.214399773050963489e-21 2.367702999428659215e-21
3.212807385338237065e+00 1.468097603802439692e-20 2.259010080846543283e-21
3.213472385337808657e+00 1.257877427081861334e-20 2.184380401797419374e-21
3.214137385337380248e+00 1.392881243505792551e-20 2.017045409784063073e-21
3.214802385336951840e+00 4.619919439681831182e-21 2.140195026029932098e-21
3.215467385336523432e+00 2.214650182454884513e-20 1.893746404193817320e-21
3.216132385336095023e+00 1.847724316372308616e-20 1.954528944241222295e-21
3.216797385335666615e+00 1.433642490041518313e-20 1.974475423917944490e-21
3.217462385335238206e+00 1.079664328977113615e-20 1.822552589622802853e-21
3.218127385334809798e+00 1.497585673057096299e-20 1.995502040825705581e-21
3.218792385334381390e+00 2.124736294397427250e-20 2.055950004472592535e-21
3.219457385333952981e+00 1.882459254318960271e-20 2.124144984149573893e-21
3.220122385333524573e+00 1.460920731181684545e-20 2.022946907444825793e-21
3.220787385333096164e+00 1.329782575234814212e-20 1.812773545119081900e-21
3.221452385332667756e+00 1.193025906117471916e-20 1.837829681178958551e-21
3.222117385332239348e+00 1.628698969639474022e-20 1.885278570141492111e-21
3.222782385331810939e+00 1.097455011946700943e-20 1.824257112413974276e-21
3.223447385331382531e+00 9.848027725295365316e-22 7.127209358435594975e-21
3.224112385330954123e+00 -4.976050932981791915e-21 1.561031204402083805e-20
3.224777385330525714e+00 3.592900883994845494e-21 2.304887975461953645e-21
3.225442385330097306e+00 1.002066043242304310e-20 1.986776998344622360e-21
3.226107385329668897e+00 1.724275079919619599e-20 1.956244689848638790e-21
3.226772385329240489e+00 1.012077229100196102e-20 2.180406712773728228e-21
3.227437385328812081e+00 1.343504424170750220e-20 1.886156051424183010e-21
3.228102385328383672e+00 7.692957487999872857e-21 2.162773880949668421e-21
3.228767385327955264e+00 1.482855509453447806e-20 2.405173068730083421e-21
3.229432385327526855e+00 1.380443495162301023e-20 1.892734023163932476e-21
3.230097385327098447e+00 1.760622849599558110e-20 1.937152471171226180e-21
3.230762385326670039e+00 1.185355568320968443e-20 1.771218013668422524e-21
3.231427385326241630e+00 1.734219043535329051e-20 1.790681370615701085e-21
3.232092385325813222e+00 1.591176237871770459e-20 1.989959410159418342e-21
3.232757385325384814e+00 1.387689326482564356e-20 2.215648158407829871e-21
3.233422385324956405e+00 1.105512425195230823e-20 2.319181453991492005e-21
3.234087385324527997e+00 1.461955150128266293e-20 1.908493949683616019e-21
3.234752385324099588e+00 2.634573210825552970e-20 1.741916594285415660e-21
3.235417385323671180e+00 9.581168573851948330e-21 2.208802716678025343e-21
3.236082385323242772e+00 1.639640154888072167e-20 1.815996722921403974e-21
3.236747385322814363e+00 6.448526246505749672e-21 2.106633457478897712e-21
3.237412385322385955e+00 2.962523213418977085e-21 1.745633545962086077e-21
3.238077385321957546e+00 1.294280182659097201e-20 1.885491251222121220e-21
3.238742385321529138e+00 2.004384722555124500e-20 1.802061363166167691e-21
3.239407385321100730e+00 8.646572300439113273e-21 1.709620683631030197e-21
3.240072385320672321e+00 1.319920332670085375e-20 2.029165853415644855e-21
3.240737385320243913e+00 1.538680100006379994e-20 2.382258638002777606e-21
3.241402385319815505e+00 2.354963212718889203e-20 2.136635133906007350e-21
3.242067385319387096e+00 9.096383364370325582e-21 2.264384440048080849e-21
3.242732385318958688e+00 1.397809726921256844e-20 2.483216365946965749e-21
3.243397385318530279e+00 1.841116819047199337e-20 2.207982728300801255e-21
3.244062385318101871e+00 2.416511653915751034e-20 2.473400311355526209e-21
3.244727385317673463e+00 1.183786553779052136e-20 1.726141421605353113e-21
3.245392385317245054e+00 1.274546336106975049e-20 1.905760668133899182e-21
3.246057385316816646e+00 2.544374278838885154e-20 1.265758401102802036e-20
3.246722385316388237e+00 3.824978956155979926e-20 1.608752169442349194e-20
3.247387385315959829e+00 4.559497488748908609e-20 2.018770334649288755e-20
3.248052385315531421e+00 3.299704036562680073e-20 1.706009679423788485e-20
3.248717385315103012e+00 1.029867433987092864e-20 2.340199089548984099e-21
3.249382385314674604e+00 1.845445540243541517e-20 1.968637144575534581e-21
3.250047385314246196e+00 9.770066332489495797e-21 1.919507987970750053e-21
3.250712385313817787e+00 1.428901598300808023e-20 2.152123769262850496e-21
3.251377385313389379e+00 1.127293251110748562e-20 1.818549606941684258e-21
3.252042385312960970e+00 -1.452789824301118641e-21 1.852642061253042477e-21
3.252707385312532562e+00 8.744451826237990844e-21 1.902353975155805885e-21
3.253372385312104154e+00 -7.706369837047213253e-21 1.708949952245062034e-21
3.254037385311675745e+00 2.859623859742678864e-20 1.936459897074410391e-21
3.254702385311247337e+00 1.657942837200497234e-20 1.821256111227224920e-21
3.255367385310818928e+00 2.014466086622216524e-20 1.991348742687721728e-21
3.256032385310390520e+00 9.004381972133811148e-21 2.023310006479237115e-21
3.256697385309962112e+00 8.085476370928372793e-21 1.959811132490407813e-21
3.257362385309533703e+00 -2.268211449182938575e-21 1.986776430912921860e-21
3.258027385309105295e+00 3.400017643161457176e-21 2.134524421272000369e-21
3.258692385308676887e+00 1.272285491934318854e-20 1.819637041130808416e-21
3.259357385308248478e+00 1.465683507049940632e-20 2.097205571135244980e-21
3.260022385307820070e+00 1.704413412705980255e-20 1.959655335920498666e-21
3.260687385307391661e+00 1.758429596105245360e-20 1.197631994852993626e-20
3.261352385306963253e+00 2.001773521786482528e-20 6.768255825268914511e-21
3.262017385306534845e+00 1.140302480515443013e-20 1.796597690092883543e-21
3.262682385306106436e+00 1.108294904641438685e-20 1.989433678122925727e-21
3.263347385305678028e+00 1.751946408903174700e-20 1.656168573549730645e-21
3.264012385305249619e+00 1.133747505344225907e-20 1.883301999304165172e-21
3.264677385304821211e+00 1.590595478445435210e-20 2.388319940076288620e-21
3.265342385304392803e+00 8.579993318990630388e-21 1.808161462257881025e-21
3.266007385303964394e+00 1.033634466535866859e-20 2.017365927083427446e-21
3.266672385303535986e+00 1.874783215281189813e-20 2.420362875965028679e-21
3.267337385303107578e+00 1.483968222193430246e-20 1.921674321042872952e-21
3.268002385302679169e+00 1.229706611755631103e-20 1.938909135502715201e-21
3.268667385302250761e+00 1.808478930033618034e-20 1.964221199530766054e-21
3.269332385301822352e+00 1.923542658072988325e-20 2.108219585169708214e-21
3.269997385301393944e+00 1.390415471007551588e-20 1.720310449040579395e-21
3.270662385300965536e+00 2.024988224243064186e-20 2.278883173462707520e-21
3.271327385300537127e+00 1.718770521810675027e-20 1.872729695530899299e-21
3.271992385300108719e+00 2.252668363346643211e-20 2.124268840804623340e-21
3.272657385299680310e+00 2.620130975062447439e-20 2.231670479066248464e-21
3.273322385299251902e+00 2.169244162424684281e-20 2.362779683148683400e-21
3.273987385298823494e+00 7.468345359358099574e-21 2.137434695332515608e-21
3.274652385298395085e+00 1.149955775348635551e-20 1.723596776763892963e-21
3.275317385297966677e+00 1.866211499923884895e-20 2.267437905174227088e-21
3.275982385297538269e+00 1.587098691112181583e-20 2.355883947178591281e-21
3.276647385297109860e+00 2.628972491480926838e-20 1.944367210475350253e-21
3.277312385296681452e+00 1.823773583031089536e-20 2.034711889456232331e-21
3.277977385296253043e+00 2.699734764142117644e-20 2.244569388302343767e-21
3.278642385295824635e+00 9.342036260572302687e-21 2.223016753942024343e-21
3.279307385295396227e+00 1.446068557975356692e-20 2.216364109065313984e-21
3.279972385294967818e+00 1.819014633484320003e-20 2.336819809229374935e-21
3.280637385294539410e+00 2.544132334403063598e-20 2.011347193569755249e-21
3.281302385294111001e+00 2.088067079699013265e-20 2.188987072377334561e-21
3.281967385293682593e+00 2.548093087393095486e-20 2.175774027422766875e-21
3.282632385293254185e+00 1.410290173863824811e-20 1.887684981546730134e-21
3.283297385292825776e+00 1.417759215108525523e-20 2.004876932832059238e-21
3.283962385292397368e+00 2.129543359559856708e-20 2.388112524403961318e-21
3.284627385291968960e+00 2.134946169814360300e-20 2.033285952783972611e-21
3.285292385291540551e+00 1.688565773328139633e-20 1.858637408675639198e-21
3.285957385291112143e+00 1.663672962105396738e-20 1.829420149670577083e-21
3.286622385290683734e+00 1.171237430700101039e-20 1.859261341775886808e-21
3.287287385290255326e+00 -7.933279035429870600e-23 1.968897869163931738e-21
3.287952385289826918e+00 1.308603819833935179e-20 2.234381169757198993e-21
3.288617385289398509e+00 6.242083402075078668e-21 2.118424698302685709e-21
3.289282385288970101e+00 2.103845027088813491e-20 1.698705038844539572e-21
3.289947385288541692e+00 2.133661925444638327e-20 1.680221520735646038e-21
3.290612385288113284e+00 2.129052203695949942e-20 1.700976990366825791e-21
3.291277385287684876e+00 1.284585988934179397e-20 1.961682108419774198e-21
3.291942385287256467e+00 9.709998200432984626e-21 1.877734941166514883e-21
3.292607385286828059e+00 1.371171822699254443e-20 1.917369908773217964e-21
3.293272385286399651e+00 1.084995677429226482e-20 1.851957667022707065e-21
3.293937385285971242e+00 2.197957624266544110e-20 1.736411410144010789e-21
3.294602385285542834e+00 1.250137642341555198e-20 2.223395751801502934e-21
3.295267385285114425e+00 1.278003007015921715e-20 1.921680056798632443e-21
3.295932385284686017e+00 1.260683592508077621e-20 1.943252369060191491e-21
3.296597385284257609e+00 1.455512670711513717e-20 1.674113973913253210e-21
3.297262385283829200e+00 1.387775791674964499e-20 1.895129717609745049e-21
3.297927385283400792e+00 6.730481627862548244e-21 2.043420165229547454e-21
3.298592385282972383e+00 3.258333571645625219e-21 1.785382570280593497e-21
3.299257385282543975e+00 1.472305158882809951e-20 1.579296167308440092e-21
3.299922385282115567e+00 1.468123991473071387e-20 1.853494565007677404e-21
3.300587385281687158e+00 8.162618582909147283e-21 2.686043282303298158e-21
3.301252385281258750e+00 1.232480542657111927e-20 2.184626003349126629e-21
3.301917385280830342e+00 1.129925617255808886e-20 2.841103219606332837e-21
3.302582385280401933e+00 9.386316924194619342e-21 2.003780353399175132e-21
3.303247385279973525e+00 1.529413040082405900e-20 1.938641099718495117e-21
3.303912385279545116e+00 1.049084658379132919e-20 1.854125887216340686e-21
3.304577385279116708e+00 4.542054823659164712e-21 2.085248380767816244e-21
3.305242385278688300e+00 9.125032849909433991e-21 2.171907859309191759e-21
3.305907385278259891e+00 1.857049836831674393e-20 1.871634850525579773e-21
3.306572385277831483e+00 1.372904760629670053e-20 2.109799692160515874e-21
3.307237385277403074e+00 7.410262412387725411e-21 2.087088726443011705e-21
3.307902385276974666e+00 2.059496652353994987e-20 1.976987719844921682e-21
3.308567385276546258e+00 8.227929097631033456e-21 1.845131180638787440e-21
3.309232385276117849e+00 1.408840676682776750e-20 2.208450001638167829e-21
3.309897385275689441e+00 1.153740135437920606e-20 1.854522285344486385e-21
3.310562385275261033e+00 1.473979152741997107e-20 1.811125251437125008e-21
3.311227385274832624e+00 4.093515680176660413e-21 2.058779048263855326e-21
3.311892385274404216e+00 6.067085228716452441e-21 1.999966390797837985e-21
3.312557385273975807e+00 1.264307524848455630e-20 2.242508153262787890e-21
3.313222385273547399e+00 8.955320793332274470e-21 2.035078834004810304e-21
3.313887385273118991e+00 1.395895201931331953e-20 2.187658642800043876e-21
3.314552385272690582e+00 3.832416979414217861e-21 1.995984503511328078e-21
3.315217385272262174e+00 1.846629574293199216e-20 2.118572621982211352e-21
3.315882385271833765e+00 9.571674278901555130e-21 2.281068297003281432e-21
3.316547385271405357e+00 7.912376086839465352e-21 2.107319895251762031e-21
3.317212385270976949e+00 1.494787985521475256e-20 2.095637489409693309e-21
3.317877385270548540e+00 1.308426597862443602e-20 2.152726813238614911e-21
3.318542385270120132e+00 6.259561287250141003e-21 2.027039849834743924e-21
3.319207385269691724e+00 1.028721987945573613e-20 1.848759280710896775e-21
3.319872385269263315e+00 1.376194111490897239e-20 1.888765288237830971e-21
3.320537385268834907e+00 1.396871749678173451e-20 1.958127639615973131e-21
3.321202385268406498e+00 1.128105577900207575e-20 2.055095690274460983e-21
3.321867385267978090e+00 6.339295915011494332e-21 2.001334285040259367e-21
3.322532385267549682e+00 -3.100824099705903709e-23 1.697771104140074940e-21
3.323197385267121273e+00 9.280976434572117389e-21 1.951180150243583479e-21
3.323862385266692865e+00 1.299313083414234995e-20 1.786315676383676355e-21
3.324527385266264456e+00 1.891269598917774879e-20 1.763294930922207458e-21
3.325192385265836048e+00 2.544934453841133967e-20 1.728969351640735277e-21
3.325857385265407640e+00 2.406936719326200743e-20 2.017581090180748922e-21
3.326522385264979231e+00 1.130661776266296156e-20 1.879331126393118261e-21
3.327187385264550823e+00 2.878355086764999939e-21 2.109134120974908936e-21
3.327852385264122415e+00 8.076301111118872473e-21 1.999126330935715442e-21
3.328517385263694006e+00 1.544913478253312058e-20 2.128472009340141858e-21
3.329182385263265598e+00 2.032748629013321778e-20 1.986558921459202618e-21
3.329847385262837189e+00 4.350337860378145106e-21 1.908293189485622356e-21
3.330512385262408781e+00 7.605615522246647877e-21 2.279608339589496255e-21
3.331177385261980373e+00 2.280165538609191628e-21 2.272860861006642004e-21
3.331842385261551964e+00 1.137816049006210648e-20 2.440259733731633376e-21
3.332507385261123556e+00 2.090680462970443622e-20 2.224525932319279272e-21
3.333172385260695147e+00 1.294312266200873356e-20 1.799577545517460697e-21
3.333837385260266739e+00 1.245564245662116718e-20 2.206611737268130154e-21
3.334502385259838331e+00 7.887140561599780466e-21 2.302957700926006637e-21
3.335167385259409922e+00 5.248281221391042674e-21 2.118687667997054501e-21
3.335832385258981514e+00 1.196681504875598029e-20 2.360325240440664021e-21
3.336497385258553106e+00 1.860376571908006270e-20 2.257263991889505881e-21
3.337162385258124697e+00 1.301056545365770953e-20 2.109923829751797994e-21
3.337827385257696289e+00 1.204494291719963746e-20 1.986829225266264953e-21
3.338492385257267880e+00 1.484023376244766870e-20 2.066925547666329304e-21
3.339157385256839472e+00 1.518273582394460603e-20 2.181857993233932399e-21
3.339822385256411064e+00 8.718384906818727739e-21 1.920566359528781200e-21
3.340487385255982655e+00 7.382432606919252755e-21 1.800065718618080147e-21
3.341152385255554247e+00 -4.207819904200808957e-21 2.128598874103559229e-21
3.341817385255125838e+00 1.083621870319425520e-20 2.044468271444076381e-21
3.342482385254697430e+00 1.565486196759214536e-20 1.868558342882609388e-21
3.343147385254269022e+00 1.082362076713362350e-20 2.135525379541697986e-21
3.343812385253840613e+00 8.635753455533746894e-21 2.119606115211375394e-21
3.344477385253412205e+00 4.381540323299481405e-21 2.086312757344350095e-21
3.345142385252983797e+00 1.615664663288854039e-20 1.831494784485053426e-21
3.345807385252555388e+00 1.787605333188745396e-20 2.067670232954740631e-21
3.346472385252126980e+00 1.227530939146447244e-20 2.366853528302563020e-21
3.347137385251698571e+00 8.317381915515445425e-21 1.741170423196587653e-21
3.347802385251270163e+00 1.697296525222619778e-20 2.032224126099416095e-21
3.348467385250841755e+00 5.816246582059354488e-21 1.903945934439451160e-21
3.349132385250413346e+00 1.837426580399037346e-20 1.872611015929147949e-21
3.349797385249984938e+00 1.253714380382170692e-20 1.818005515505972408e-21
3.350462385249556529e+00 8.021845090780036165e-21 1.851084386305369669e-21
3.351127385249128121e+00 1.227507057884678562e-20 1.689091097660572396e-21
3.351792385248699713e+00 1.868140645290977305e-20 1.960457861333003678e-21
3.352457385248271304e+00 1.950675846835766625e-20 1.590003113085495968e-21
3.353122385247842896e+00 1.769095579560268590e-20 1.831594917717505699e-21
3.353787385247414488e+00 1.043014343848308646e-20 1.767550743071518265e-21
3.354452385246986079e+00 1.058582875230759715e-20 1.490416462609970054e-21
3.355117385246557671e+00 1.193449136725554015e-20 1.623870043063889410e-21
3.355782385246129262e+00 1.808114684422458680e-20 1.830542410196169699e-21
3.356447385245700854e+00 1.697220070335650000e-20 1.705818451790524861e-21
3.357112385245272446e+00 1.839620668880467370e-20 1.772570277288923601e-21
3.357777385244844037e+00 1.961262472232898431e-20 1.833224650796228433e-21
3.358442385244415629e+00 6.771650665600887308e-21 1.839520964053748204e-21
3.359107385243987220e+00 9.474984504077875871e-21 1.758615916663282398e-21
3.359772385243558812e+00 1.005066058436547823e-20 1.770395348982701112e-21
3.360437385243130404e+00 1.056008652973664346e-20 1.828231554974612563e-21
3.361102385242701995e+00 1.120527728748957924e-20 1.683779787009710113e-21
3.361767385242273587e+00 1.035638541103409329e-20 2.114539831903989971e-21
3.362432385241845179e+00 6.560875446732454444e-21 1.605499535993766201e-21
3.363097385241416770e+00 1.793201753138394501e-20 1.808505956050038631e-21
3.363762385240988362e+00 2.116876917487039916e-20 1.695478949548121472e-21
3.364427385240559953e+00 1.983306730586335767e-20 2.092133320329596164e-21
3.365092385240131545e+00 7.052041864059353042e-21 1.815621870240671597e-21
3.365757385239703137e+00 1.385370531037639393e-20 1.964337856376345005e-21
3.366422385239274728e+00 8.043353887506749256e-21 1.741953390300132923e-21
3.367087385238846320e+00 1.394936887488352587e-20 2.021428960207450584e-21
3.367752385238417911e+00 1.732233400137508922e-20 1.703972398480946843e-21
3.368417385237989503e+00 1.640043375048727230e-20 1.671682686263367275e-21
3.369082385237561095e+00 1.140207237569594403e-20 1.858319866000548491e-21
3.369747385237132686e+00 1.025938477745673273e-20 1.687742210192108616e-21
3.370412385236704278e+00 1.104692601090971788e-20 1.743350634976316395e-21
3.371077385236275870e+00 1.039563392679163060e-20 1.832161934741627990e-21
3.371742385235847461e+00 1.208594607151274382e-20 1.827356475810834767e-21
3.372407385235419053e+00 -1.237162394816566325e-21 1.939461299988514793e-21
3.373072385234990644e+00 1.210508948468965937e-20 1.823218566587577256e-21
3.373737385234562236e+00 1.259224907671448932e-20 2.096480678320662016e-21
3.374402385234133828e+00 4.044044290074115875e-21 1.635804420496199108e-21
3.375067385233705419e+00 1.606218235474743678e-20 1.945814411151253163e-21
3.375732385233277011e+00 1.777821055127825558e-20 2.114473344195741461e-21
3.376397385232848602e+00 1.969900532275501017e-20 1.771714665880152514e-21
3.377062385232420194e+00 5.813536556279030129e-21 1.690106019383770546e-21
3.377727385231991786e+00 1.193995780197172690e-20 1.811625024770584419e-21
3.378392385231563377e+00 1.918291393790418201e-20 2.481773178905084179e-21
3.379057385231134969e+00 1.361363100529940685e-20 1.794922974316281961e-21
3.379722385230706561e+00 1.292572587609523721e-20 2.163127487759058144e-21
3.380387385230278152e+00 1.429633892449106946e-20 1.969384094611202997e-21
3.381052385229849744e+00 5.952420492585520419e-21 1.744022855107244245e-21
3.381717385229421335e+00 1.202714859612652242e-20 1.976399940353264088e-21
3.382382385228992927e+00 1.198051743495246931e-20 1.978724163766581666e-21
3.383047385228564519e+00 7.284988302051702611e-21 1.526174706212185027e-21
3.383712385228136110e+00 1.320025814969690572e-20 1.691897313270207037e-21
3.384377385227707702e+00 1.048344008541025761e-20 1.630523227698876021e-21
3.385042385227279294e+00 9.231167419250916520e-21 1.477653959488002623e-21
3.385707385226850885e+00 1.203140280774718784e-20 1.645949489526599889e-21
3.386372385226422477e+00 1.112200326802276467e-20 1.746866975464452495e-21
3.387037385225994068e+00 1.535620835051484476e-20 1.766046742084467894e-21
3.387702385225565660e+00 8.401106229407199907e-21 1.690847621424254507e-21
3.388367385225137252e+00 1.159548395561164403e-20 1.659841872928683328e-21
3.389032385224708843e+00 1.792564934088835324e-20 2.036192139702692215e-21
3.389697385224280435e+00 1.155229487456370672e-20 1.764541323932741130e-21
3.390362385223852026e+00 1.062480630759193187e-20 1.874661888067947762e-21
3.391027385223423618e+00 1.643807492192818439e-20 1.609884508320832760e-21
3.391692385222995210e+00 1.849207743064583507e-20 1.553390388255111741e-21
3.392357385222566801e+00 1.717532622200607039e-20 1.844059421966129286e-21
3.393022385222138393e+00 1.502726436831760955e-20 2.231100771883756172e-21
3.393687385221709985e+00 8.012520633126570113e-21 1.866061071707119774e-21
3.394352385221281576e+00 1.804349537578116242e-20 1.635431022123669974e-21
3.395017385220853168e+00 2.455002379801331271e-20 1.560403816527752281e-21
3.395682385220424759e+00 1.502474126996654031e-20 1.850493259310320174e-21
3.396347385219996351e+00 1.528640779517521664e-20 1.578213968168951562e-21
3.397012385219567943e+00 3.117023013256530728e-20 1.832728216787929622e-21
3.397677385219139534e+00 1.301757629481172020e-20 1.668114114681949468e-21
3.398342385218711126e+00 1.727430554225907301e-20 1.848757142029290223e-21
3.399007385218282717e+00 1.714197149408338972e-20 1.965346890042834247e-21
3.399672385217854309e+00 1.678563550127249935e-20 1.848763456179367271e-21
3.400337385217425901e+00 1.811391218886679166e-20 1.639590959905377091e-21
3.401002385216997492e+00 1.448322890853074738e-20 1.729857784604860182e-21
3.401667385216569084e+00 1.262162192071987365e-20 1.946519207296165303e-21
3.402332385216140676e+00 4.930832367274038197e-21 1.925142018682814435e-21
3.402997385215712267e+00 1.761627029091797741e-20 1.794265646734627654e-21
3.403662385215283859e+00 2.602990538168053713e-20 1.867789468610225441e-21
3.404327385214855450e+00 2.113226470471449106e-20 1.985128746190965860e-21
3.404992385214427042e+00 1.249657638508392297e-20 2.052922380909946632e-21
3.405657385213998634e+00 1.390448204566156714e-20 2.162895891976419879e-21
3.406322385213570225e+00 1.569351143192050945e-20 1.900141521721858754e-21
3.406987385213141817e+00 1.752455046826504596e-20 2.110557543365832348e-21
3.407652385212713408e+00 1.460795048879502105e-20 1.771802663223317807e-21
3.408317385212285000e+00 1.957946190790669705e-20 1.947381691541457641e-21
3.408982385211856592e+00 1.742538816577418853e-20 1.758289078433217917e-21
3.409647385211428183e+00 1.493329515749772905e-20 1.812536854576325375e-21
3.410312385210999775e+00 -9.630378605688904386e-22 1.957039362165900471e-21
3.410977385210571367e+00 4.025981886953323544e-21 2.020257473914216907e-21
3.411642385210142958e+00 6.173764807431904868e-21 1.924911002074624377e-21
3.412307385209714550e+00 3.352959471072397847e-21 2.077561246103649962e-21
3.412972385209286141e+00 1.932468271531245458e-21 2.049352772328972788e-21
3.413637385208857733e+00 4.517645532922567067e-21 2.099167564868309562e-21
3.414302385208429325e+00 5.142906384490809755e-21 1.927997140829591045e-21
3.414967385208000916e+00 3.036171139170025290e-20 9.420306057448847403e-21
3.415632385207572508e+00 1.399598054682975640e-20 4.932752934516646202e-21
3.416297385207144099e+00 1.161202059424231937e-20 1.717800683422328144e-21
3.416962385206715691e+00 6.761870965804731752e-21 1.374580632736416180e-21
3.417627385206287283e+00 -6.068732158084905555e-22 1.551683160751578218e-21
3.418292385205858874e+00 1.828139795355140453e-20 1.770478121470905463e-21
3.418957385205430466e+00 1.651391574156582025e-20 1.605259453667926152e-21
3.419622385205002058e+00 6.237022792859153414e-21 2.359802487573987689e-21
3.420287385204573649e+00 4.094889847552507319e-21 2.241471298490426467e-21
3.420952385204145241e+00 1.122099938055604184e-20 1.807268013129668661e-21
3.421617385203716832e+00 1.053356531004304298e-20 1.894884959175063657e-21
3.422282385203288424e+00 7.008253390758083358e-21 1.954722833723662298e-21
3.422947385202860016e+00 1.806936534287854833e-20 2.050283669361887991e-21
3.423612385202431607e+00 1.621771886492106498e-20 1.958811352275991131e-21
3.424277385202003199e+00 1.834721331206932716e-20 1.775833917018121689e-21
3.424942385201574790e+00 9.522572027626970093e-21 1.849742119913502160e-21
3.425607385201146382e+00 5.517550454318202250e-21 1.656319537232881184e-21
3.426272385200717974e+00 1.259354086123183546e-20 1.867677379411995742e-21
3.426937385200289565e+00 1.216690719684663986e-20 1.891883752487132136e-21
3.427602385199861157e+00 6.948180937009708778e-21 3.074781234219385669e-21
3.428267385199432749e+00 1.091232836285055391e-20 1.802448707321207826e-21
3.428932385199004340e+00 1.409087067375335256e-20 1.656041450445229698e-21
3.429597385198575932e+00 1.072580830147878642e-20 1.747461092641952708e-21
3.430262385198147523e+00 5.384922240690607076e-21 1.944840542063093012e-21
3.430927385197719115e+00 9.794353989214256723e-21 2.114147182503576686e-21
3.431592385197290707e+00 2.568397712908481639e-20 1.659152716638505607e-21
3.432257385196862298e+00 1.814945966587322818e-20 1.669763683682876376e-21
3.432922385196433890e+00 8.517937051593498829e-21 1.687371009814044137e-21
3.433587385196005481e+00 1.462464047211917137e-20 1.869834088985656704e-21
3.434252385195577073e+00 3.429344791409701569e-21 1.980366200951589674e-21
3.434917385195148665e+00 9.310157413344066431e-21 2.066349968742445581e-21
3.435582385194720256e+00 6.506520458037043386e-21 1.831508097710145070e-21
3.436247385194291848e+00 5.578241891627957246e-22 1.526587116170526330e-21
3.436912385193863440e+00 7.678844333398305531e-21 1.898820984279197919e-21
3.437577385193435031e+00 1.168386452911488617e-20 2.132777116334382040e-21
3.438242385193006623e+00 1.364124475973857477e-20 1.869273055084143340e-21
3.438907385192578214e+00 1.062617470867734079e-20 1.838023992259119771e-21
3.439572385192149806e+00 1.247812806381265632e-20 2.063369122337847183e-21
3.440237385191721398e+00 1.107979638422528104e-20 2.026535361562263235e-21
3.440902385191292989e+00 9.001085302616407257e-21 1.711985863237636386e-21
3.441567385190864581e+00 1.315338775162158932e-20 1.794280751473326107e-21
3.442232385190436172e+00 1.812024071511899164e-20 1.924779322262882868e-21
3.442897385190007764e+00 2.112550623687211977e-20 1.512576753597590116e-21
3.443562385189579356e+00 2.022209969583118881e-20 1.893092578599899324e-21
3.444227385189150947e+00 1.391230099280033755e-20 1.875626712873534778e-21
3.444892385188722539e+00 1.274044701370302761e-20 1.568573470902224366e-21
3.445557385188294131e+00 1.698185648049984028e-20 1.650009379792138630e-21
3.446222385187865722e+00 6.095823339640799171e-21 1.868558586174937360e-21
3.446887385187437314e+00 6.348820080430388727e-21 1.928276930335290471e-21
3.447552385187008905e+00 6.725591004079349733e-21 1.751574684878583773e-21
3.448217385186580497e+00 7.564214468535860169e-21 1.762994759528177805e-21
3.448882385186152089e+00 7.963034437127771954e-21 1.856276214130654339e-21
3.449547385185723680e+00 1.100283860797267314e-20 1.734382571521129142e-21
3.450212385185295272e+00 1.396188860419059412e-20 1.738175709830924299e-21
3.450877385184866863e+00 1.426424310125654679e-21 1.824325219857747713e-21
3.451542385184438455e+00 5.493850344767860280e-21 1.855765571541764471e-21
3.452207385184010047e+00 1.430369783186726859e-20 1.960273964878165502e-21
3.452872385183581638e+00 1.130579051961346448e-20 1.769646077597484098e-21
3.453537385183153230e+00 1.151814114689476893e-20 1.687280159810101856e-21
3.454202385182724822e+00 9.871644175261513203e-21 1.752855324444086459e-21
3.454867385182296413e+00 -3.986874932310983702e-21 1.747252272347233747e-21
3.455532385181868005e+00 9.844285294610299127e-21 1.668406289978946517e-21
3.456197385181439596e+00 1.431840074461704666e-20 1.834356495595039337e-21
3.456862385181011188e+00 6.169537079133880579e-21 1.603845482190376959e-21
3.457527385180582780e+00 2.475563758389852082e-20 1.396142661157854612e-21
3.458192385180154371e+00 1.440506928640601530e-20 1.560979504691388861e-21
3.458857385179725963e+00 1.357782380685911041e-20 1.809458936058129335e-21
3.459522385179297554e+00 3.304887598737919499e-21 1.717541132260392020e-21
3.460187385178869146e+00 1.850116008458120218e-20 1.925310545541275778e-21
3.460852385178440738e+00 2.145444681528203606e-20 1.739462985398021122e-21
3.461517385178012329e+00 9.193649448134462905e-21 1.961384398400177204e-21
3.462182385177583921e+00 5.741289630481480070e-21 1.863151731973791021e-21
3.462847385177155513e+00 1.195323434153451954e-20 1.789876404240968909e-21
3.463512385176727104e+00 1.879857837206423677e-20 1.828153302751330072e-21
3.464177385176298696e+00 6.849230950414364324e-21 1.667996477244445630e-21
3.464842385175870287e+00 3.171650689787229113e-21 1.602904697107167390e-21
3.465507385175441879e+00 1.645547292467623517e-20 1.737251168123739361e-21
3.466172385175013471e+00 1.204621862904620798e-20 1.508886515896025439e-21
3.466837385174585062e+00 1.567675406898517729e-20 1.753733327796783556e-21
3.467502385174156654e+00 2.260061304416882379e-20 1.756317837124398100e-21
3.468167385173728245e+00 2.110537930353504237e-20 1.708614874897948989e-21
3.468832385173299837e+00 2.343139317664918694e-20 1.754337527858986018e-21
3.469497385172871429e+00 1.258370814277700775e-20 1.766173498103837624e-21
3.470162385172443020e+00 1.801894642608702726e-20 1.781038788509354548e-21
3.470827385172014612e+00 2.223790477247551769e-20 1.747470862650990045e-21
3.471492385171586204e+00 1.874293502839484869e-20 2.039585162733786488e-21
3.472157385171157795e+00 8.976237938769183358e-21 1.866624587059527913e-21
3.472822385170729387e+00 1.354734999728175147e-20 1.853279299530714188e-21
3.473487385170300978e+00 7.460991992672928136e-21 1.694033157651863919e-21
3.474152385169872570e+00 1.229238547421254660e-20 2.005209582362573300e-21
3.474817385169444162e+00 1.564873950051863599e-20 1.887345924232901991e-21
3.475482385169015753e+00 1.414905454783090579e-20 1.784299345292655849e-21
3.476147385168587345e+00 1.677681167811307060e-20 1.892395832387280538e-21
3.476812385168158936e+00 1.140223380170944241e-20 1.707055954089049400e-21
3.477477385167730528e+00 9.709794108790649178e-21 1.866862469480897831e-21
3.478142385167302120e+00 1.245233377896419460e-20 2.729787884855551180e-21
3.478807385166873711e+00 2.665932615526134457e-20 4.873649159314194564e-21
3.479472385166445303e+00 1.801865255084888097e-20 4.524751282259132601e-21
3.480137385166016895e+00 1.810929122617917317e-20 4.594827270677271691e-21
3.480802385165588486e+00 1.848240337808336652e-20 4.579534621499346758e-21
3.481467385165160078e+00 7.456263705528544984e-21 4.764307154714443620e-21
3.482132385164731669e+00 1.023266689559595480e-20 3.108312024832954300e-21
3.482797385164303261e+00 1.313994614621694129e-20 2.177261040515657549e-21
3.483462385163874853e+00 9.106155760871886995e-21 1.986469600752576671e-21
3.484127385163446444e+00 3.794200324576312840e-20 1.795151113616140696e-21
3.484792385163018036e+00 1.548398110311529021e-20 1.779775725938807648e-21
3.485457385162589627e+00 9.467514904921913922e-21 2.194895825972676288e-21
3.486122385162161219e+00 1.046279319794808681e-20 1.877292793535911112e-21
3.486787385161732811e+00 2.310808755140396158e-20 1.733540412701091669e-21
3.487452385161304402e+00 1.796025028097970994e-20 1.925048380713587416e-21
3.488117385160875994e+00 1.167359376335448981e-20 2.036596179980894724e-21
3.488782385160447586e+00 2.674840129113380226e-21 1.713652734133509029e-21
3.489447385160019177e+00 5.977768778813078941e-21 1.868214540624054305e-21
3.490112385159590769e+00 1.220226340593541273e-20 2.929075594068045921e-21
3.490777385159162360e+00 5.719209630949324521e-21 2.060618226097217465e-21
3.491442385158733952e+00 1.866363328061452241e-20 1.876570577420954760e-21
3.492107385158305544e+00 1.477846852854891720e-20 1.644354342644808783e-21
3.492772385157877135e+00 1.615284081946636615e-20 1.734964995057740968e-21
3.493437385157448727e+00 7.110146892180737471e-21 2.043337044580957174e-21
3.494102385157020318e+00 1.186137238245524805e-20 1.786388117731767763e-21
3.494767385156591466e+00 8.145636122001615617e-21 1.815409625406985330e-21
3.495432385156163058e+00 6.301460994341081601e-21 1.599960279946580218e-21
3.496097385155734649e+00 1.173402573187801311e-20 1.967049194568074730e-21
3.496762385155306241e+00 3.853297653224957475e-21 1.655793316366477102e-21
3.497427385154877832e+00 -9.450622729453120426e-22 1.715796909349670123e-21
3.498092385154449424e+00 9.434752257696800312e-21 1.927900678123984032e-21
3.498757385154021016e+00 1.314324977597623396e-20 1.577009812581348557e-21
3.499422385153592607e+00 1.162382736733774660e-20 1.802775709427205699e-21
3.500087385153164199e+00 1.356171067878941417e-20 1.729138860545045142e-21
3.500752385152735791e+00 9.470930482612793852e-21 1.519031687549882228e-21
3.501417385152307382e+00 6.494967017601116123e-21 1.728269951577817530e-21
3.502082385151878974e+00 1.654850046439063700e-20 1.621954387235454672e-21
3.502747385151450565e+00 2.767132500896731247e-21 1.828207150579317801e-21
3.503412385151022157e+00 5.048899044213586548e-21 1.658676244616647716e-21
3.504077385150593749e+00 1.089076223370238742e-20 1.746046735568545712e-21
3.504742385150165340e+00 1.483614480178992503e-20 1.717041947512662432e-21
3.505407385149736932e+00 1.760517602163734288e-20 1.660774501333116282e-21
3.506072385149308523e+00 7.607486801503294291e-21 1.399553841876108865e-21
3.506737385148880115e+00 9.293115443713064574e-21 1.727956044745399658e-21
3.507402385148451707e+00 1.987447635355681178e-20 1.740058827393449689e-21
3.508067385148023298e+00 1.495820985930658769e-20 1.740322127159610070e-21
3.508732385147594890e+00 1.462464693338836464e-20 1.730669956921269312e-21
3.509397385147166482e+00 6.205547080057505557e-22 2.009879797615580196e-21
3.510062385146738073e+00 1.139358512379975994e-21 1.828329247342038077e-21
3.510727385146309665e+00 6.237782311370647631e-21 1.908278750112039447e-21
3.511392385145881256e+00 1.240899699443179369e-20 1.991005277264898303e-21
3.512057385145452848e+00 1.385752187513439718e-20 1.621557535751307849e-21
3.512722385145024440e+00 1.377314814135468265e-20 1.900974579019049233e-21
3.513387385144596031e+00 1.242150826865067719e-20 1.789503149441055124e-21
3.514052385144167623e+00 1.023660980650612800e-20 1.818609843908858365e-21
3.514717385143739214e+00 2.627456286626517413e-20 1.647991413274811919e-21
3.515382385143310806e+00 2.756655995886931160e-20 1.730064539019878890e-21
3.516047385142882398e+00 1.262337964817866851e-20 1.757906180600599701e-21
3.516712385142453989e+00 1.649819883654438820e-20 2.211957172443842642e-21
3.517377385142025581e+00 1.488069549905784064e-20 2.089306993693837886e-21
3.518042385141597173e+00 8.770074324649790013e-21 2.000250904681493196e-21
3.518707385141168764e+00 1.350392065359538589e-20 1.805435308517814635e-21
3.519372385140740356e+00 1.291346208362898393e-20 1.680390016695886851e-21
3.520037385140311947e+00 1.194876513502985211e-20 1.936918236189819063e-21
3.520702385139883539e+00 1.572146566549279159e-20 2.133739127991767725e-21
3.521367385139455131e+00 1.203649145861056349e-20 1.978038730807305938e-21
3.522032385139026722e+00 2.274488860544658549e-21 2.209528444520193131e-21
3.522697385138598314e+00 3.358252928157698764e-21 2.260802952000010636e-21
3.523362385138169905e+00 1.212999416208675551e-20 2.291542170687584846e-21
3.524027385137741497e+00 1.013111283701465280e-20 2.011683689297423006e-21
3.524692385137313089e+00 4.883625112479801580e-21 1.780297962117668061e-21
3.525357385136884680e+00 6.626527026622691433e-21 1.857608360284197304e-21
3.526022385136456272e+00 6.534584747436209925e-21 1.848171339855393641e-21
3.526687385136027864e+00 6.680861949242096283e-21 1.646272592411483563e-21
3.527352385135599455e+00 5.052502380759056074e-21 1.588457153524566165e-21
3.528017385135171047e+00 1.201638075770674391e-20 1.598318809521632665e-21
3.528682385134742638e+00 9.571390771092719468e-21 1.595211768142418233e-21
3.529347385134314230e+00 3.287734485073108934e-21 1.885362054240108295e-21
3.530012385133885822e+00 5.969742736916248268e-21 1.549259620230512850e-21
3.530677385133457413e+00 1.196791063402889809e-20 1.627768466050099587e-21
3.531342385133029005e+00 6.982114490720052514e-21 1.519267181768932217e-21
3.532007385132600596e+00 -1.810515861431556640e-21 1.576948381749592315e-21
3.532672385132172188e+00 -1.054176250036744132e-21 1.517474809382841945e-21
3.533337385131743780e+00 -3.846670091454284024e-21 1.598137759771919568e-21
3.534002385131315371e+00 5.512604433507478361e-21 1.555868763888508390e-21
3.534667385130886963e+00 9.992282965136893986e-21 1.789228084614139109e-21
3.535332385130458555e+00 1.957247361300511790e-20 1.488198592993778357e-21
3.535997385130030146e+00 1.075823683612063342e-20 1.692518306221812057e-21
3.536662385129601738e+00 4.423458209889023920e-21 2.078828613017919792e-21
3.537327385129173329e+00 7.948190011229726996e-21 1.666338976538236082e-21
3.537992385128744921e+00 6.725123298931301079e-21 1.731515604129093307e-21
3.538657385128316513e+00 6.626013158394789223e-21 1.581153259400488484e-21
3.539322385127888104e+00 1.342528492670030077e-20 1.659441952455361069e-21
3.539987385127459696e+00 1.809589413597570028e-20 1.675177975938654314e-21
3.540652385127031287e+00 1.477901280580021659e-20 1.830754104981774811e-21
3.541317385126602879e+00 1.487123100240084150e-20 1.678623146874793325e-21
3.541982385126174471e+00 1.083035204041711352e-20 1.456159085480309283e-21
3.542647385125746062e+00 2.109915261723705436e-20 1.799608718203982795e-21
3.543312385125317654e+00 1.330306031618891596e-20 1.430350833421318874e-21
3.543977385124889246e+00 1.326320153353477677e-20 1.895149887311890969e-21
3.544642385124460837e+00 1.408625224528362798e-20 1.609974126209999815e-21
3.545307385124032429e+00 1.659763479923176384e-20 1.548609039681909072e-21
3.545972385123604020e+00 4.988332827707957192e-21 5.771023853745223576e-21
3.546637385123175612e+00 1.228549259806376848e-20 2.624615161051525927e-21
3.547302385122747204e+00 1.433078497421922219e-20 1.786014973565698560e-21
3.547967385122318795e+00 1.478141588388467853e-20 1.779675326960329020e-21
3.548632385121890387e+00 6.873394685977727553e-21 1.574477439099280832e-21
3.549297385121461978e+00 1.262497895836456531e-20 1.526243374337404472e-21
3.549962385121033570e+00 7.240631326992466437e-21 1.873529473907219339e-21
3.550627385120605162e+00 8.657279858428508063e-21 1.655719985656504212e-21
3.551292385120176753e+00 1.886138520203194740e-20 1.586616395172796791e-21
3.551957385119748345e+00 1.230138036359778391e-20 1.414212633696545833e-21
3.552622385119319937e+00 1.023604107601650903e-20 1.580182724720989831e-21
3.553287385118891528e+00 6.371209327381629266e-21 1.953400742712804323e-21
3.553952385118463120e+00 5.006732524751138852e-21 1.421525953522468668e-21
3.554617385118034711e+00 9.274794147065913140e-21 1.655193263775342043e-21
3.555282385117606303e+00 1.064993418733399428e-20 1.904805553797751894e-21
3.555947385117177895e+00 1.176144897077157633e-20 1.694099311391405475e-21
3.556612385116749486e+00 1.110494576113872760e-20 1.538836559735744776e-21
3.557277385116321078e+00 9.498919483087278283e-21 1.780916211855169058e-21
3.557942385115892669e+00 6.773590265083246674e-21 1.693866358090369898e-21
3.558607385115464261e+00 1.732955179287121148e-20 1.595431531636373613e-21
3.559272385115035853e+00 2.753568024612293657e-21 1.623056865574464073e-21
3.559937385114607444e+00 5.579772583514787418e-21 1.515091154304935779e-21
3.560602385114179036e+00 4.582977893395219912e-21 1.693452142934403276e-21
3.561267385113750628e+00 1.846366873289666860e-20 1.651140531796684615e-21
3.561932385113322219e+00 1.728571579558487353e-20 1.504602759794360870e-21
3.562597385112893811e+00 3.193814550810451945e-20 1.598782148406681364e-21
3.563262385112465402e+00 1.697030772447177965e-20 1.462795890211441331e-21
3.563927385112036994e+00 8.778450431467517291e-21 1.641508801361064237e-21
3.564592385111608586e+00 8.767439041369513461e-22 1.635155745392645037e-21
3.565257385111180177e+00 7.480651840423502088e-21 1.802902087680749632e-21
3.565922385110751769e+00 1.264284740296663583e-20 1.968982968515885429e-21
3.566587385110323360e+00 1.257876998559971480e-20 1.772828121202727579e-21
3.567252385109894952e+00 1.503783835102640460e-20 1.788859298570809850e-21
3.567917385109466544e+00 8.343643915129152432e-21 1.721385011786258746e-21
3.568582385109038135e+00 1.009368061700059655e-20 1.539681691565016016e-21
3.569247385108609727e+00 1.473654688623904467e-20 1.527780704139856327e-21
3.569912385108181319e+00 1.448046312216994997e-20 1.719246747750337171e-21
3.570577385107752910e+00 1.199149710933881857e-20 1.590292352181499751e-21
3.571242385107324502e+00 1.105123685924606694e-20 1.770589731468274948e-21
3.571907385106896093e+00 1.173026087864594670e-20 1.936144033999945446e-21
3.572572385106467685e+00 1.016409568014530266e-20 1.733268860898770989e-21
3.573237385106039277e+00 9.293412395015645979e-21 1.529997978832484679e-21
3.573902385105610868e+00 6.998620500894119131e-21 1.644025976445428698e-21
3.574567385105182460e+00 7.253867867629485167e-21 1.581630644862098132e-21
3.575232385104754051e+00 1.726096140802639461e-20 1.733965887841728876e-21
3.575897385104325643e+00 1.669872474123570193e-20 1.679860101012224312e-21
3.576562385103897235e+00 9.387580447533137533e-21 1.587210431158836742e-21
3.577227385103468826e+00 7.462507173832648377e-21 1.523698534983191002e-21
3.577892385103040418e+00 3.511642046414036305e-21 1.617702040138848972e-21
3.578557385102612010e+00 1.466057309314015424e-20 1.785178831308457959e-21
3.579222385102183601e+00 1.411289008638518523e-20 1.677687106644578314e-21
3.579887385101755193e+00 1.476786353323704524e-20 1.711883047699980787e-21
3.580552385101326784e+00 9.352029901196606446e-21 1.594541908533716592e-21
3.581217385100898376e+00 9.062527794346955569e-21 1.701491427548095593e-21
3.581882385100469968e+00 6.804278721449117258e-21 1.773706482597068028e-21
3.582547385100041559e+00 -1.930739085913300935e-21 1.763475568814077328e-21
3.583212385099613151e+00 1.094638406076531318e-20 1.929395655102947727e-21
3.583877385099184743e+00 1.645363580981206169e-20 1.693862848139328734e-21
3.584542385098756334e+00 1.525073036550639882e-20 1.771769928372311072e-21
3.585207385098327926e+00 1.001665305844320261e-20 1.998210934794598966e-21
3.585872385097899517e+00 1.079399844050413435e-20 2.166569132814844904e-21
3.586537385097471109e+00 1.351578929864261431e-20 1.917727563866638767e-21
3.587202385097042701e+00 1.221976198489931207e-20 1.806464678647031279e-21
3.587867385096614292e+00 1.928588583503895439e-20 1.995797476528145483e-21
3.588532385096185884e+00 1.742274386911544380e-20 1.932445028704439620e-21
3.589197385095757475e+00 1.242922314216912612e-20 2.190931292766182111e-21
3.589862385095329067e+00 9.196343585336705120e-21 1.718649055950765674e-21
3.590527385094900659e+00 1.481619680056118285e-20 1.911165494254924918e-21
3.591192385094472250e+00 4.183665828057077811e-21 1.471011625960065170e-21
3.591857385094043842e+00 8.184428750925406113e-21 1.866696606754733753e-21
3.592522385093615434e+00 9.804511862502118768e-21 1.636647266823575539e-21
3.593187385093187025e+00 1.770529938843500921e-20 1.614175244998384742e-21
3.593852385092758617e+00 1.583658838236658784e-21 1.685073875228703913e-21
3.594517385092330208e+00 -4.134117687256043616e-22 1.746930725443479578e-21
3.595182385091901800e+00 1.118927561908991389e-20 1.837033329056113042e-21
3.595847385091473392e+00 4.384419452008954701e-21 1.674489401538097262e-21
3.596512385091044983e+00 4.317151827776398702e-22 1.957755987929097709e-21
3.597177385090616575e+00 3.621327659866175508e-21 1.633416637822141155e-21
3.597842385090188166e+00 2.062058726093379770e-21 1.782204488654866096e-21
3.598507385089759758e+00 1.678618218332953118e-20 1.969515741787191544e-21
3.599172385089331350e+00 1.349543853088668817e-20 1.519973770552429729e-21
3.599837385088902941e+00 1.954507958300484696e-20 1.921228489669421808e-21
3.600502385088474533e+00 1.472236658408718271e-20 1.807582125697136779e-21
3.601167385088046125e+00 1.818331859732527873e-20 1.797510842136704101e-21
3.601832385087617716e+00 1.296408058839271841e-20 1.669445416109627073e-21
3.602497385087189308e+00 1.418826583179332823e-20 1.883435344124765220e-21
3.603162385086760899e+00 1.224436652060835987e-20 2.116072349341907086e-21
3.603827385086332491e+00 1.662752641844783489e-20 1.742218308884208533e-21
3.604492385085904083e+00 1.464085252579670688e-20 1.855709802383016256e-21
3.605157385085475674e+00 1.447092820519063681e-20 1.625950510042743748e-21
3.605822385085047266e+00 1.063417558860645633e-20 1.463694047624362823e-21
3.606487385084618857e+00 1.558353839299676604e-20 1.658538383855615678e-21
3.607152385084190449e+00 1.196655493514567837e-20 1.693610814992774237e-21
3.607817385083762041e+00 1.125697243203097423e-20 1.518353792109858293e-21
3.608482385083333632e+00 1.289943411241448117e-20 2.758360760593128236e-21
3.609147385082905224e+00 1.386116342758688046e-20 2.766607705390883073e-21
3.609812385082476816e+00 9.778479809402985065e-21 2.372904138867136466e-21
3.610477385082048407e+00 8.432902608972126627e-21 1.454519176110896281e-21
3.611142385081619999e+00 7.708767721609590276e-21 1.652970871971132330e-21
3.611807385081191590e+00 1.073524824469748491e-20 1.984493450594188013e-21
3.612472385080763182e+00 1.079599123297413934e-20 2.116975413493645908e-21
3.613137385080334774e+00 1.647624685186503638e-20 1.462477886293273106e-21
3.613802385079906365e+00 8.291378932901401213e-21 1.467309278110440457e-21
3.614467385079477957e+00 8.535794755077487823e-21 1.647365027370835499e-21
3.615132385079049548e+00 1.311603779055540412e-20 1.644548772413536975e-21
3.615797385078621140e+00 9.312798463925843410e-21 1.750145011350415773e-21
3.616462385078192732e+00 8.763517831253431998e-21 1.933863770575958739e-21
3.617127385077764323e+00 1.000186874739335328e-20 2.284683137418767983e-21
3.617792385077335915e+00 1.067901081501386292e-20 1.779754911477326070e-21
3.618457385076907507e+00 5.631062978382249831e-21 1.803846835157631469e-21
3.619122385076479098e+00 -1.424582947702407691e-21 3.045498727885863710e-21
3.619787385076050690e+00 -2.607825787346312358e-21 3.765384341809242486e-21
3.620452385075622281e+00 -6.283860915189482091e-22 3.741441329206364115e-21
3.621117385075193873e+00 -2.833331150427262410e-21 3.304919764055826644e-21
3.621782385074765465e+00 9.363546975572791297e-21 1.663633745564875773e-21
3.622447385074337056e+00 1.642859657732677664e-20 1.914327984231097675e-21
3.623112385073908648e+00 7.992464204079237725e-21 1.915544096424461428e-21
3.623777385073480239e+00 7.030289423541774141e-21 1.524329883516994599e-21
3.624442385073051831e+00 9.289806341500189022e-21 1.902073804107972523e-21
3.625107385072623423e+00 1.144283858694873814e-20 1.940873410599506033e-21
3.625772385072195014e+00 1.050794423682219676e-20 1.849210511792286858e-21
3.626437385071766606e+00 7.152249121233733975e-21 1.913266814627035453e-21
3.627102385071338198e+00 1.690999604885622590e-21 1.559537130309460043e-21
3.627767385070909789e+00 1.048628352453285910e-20 1.566014559869043997e-21
3.628432385070481381e+00 1.582048392757616804e-20 1.609644030691702819e-21
3.629097385070052972e+00 1.906682233727030441e-20 1.732479988207598620e-21
3.629762385069624564e+00 1.812046792879281865e-20 1.727444195679440329e-21
3.630427385069196156e+00 7.565633248376331688e-21 1.706253994395042181e-21
3.631092385068767747e+00 1.400813996582830667e-20 1.711956538255442882e-21
3.631757385068339339e+00 1.264035587062946717e-20 1.419704466293522451e-21
3.632422385067910930e+00 8.302248518004122654e-21 1.638724709240844130e-21
3.633087385067482522e+00 1.134040479835705106e-20 1.720771151770433039e-21
3.633752385067054114e+00 1.028506854922743817e-20 1.657979580314381853e-21
3.634417385066625705e+00 9.685300874037653420e-21 1.703419349354765594e-21
3.635082385066197297e+00 9.099629026836324448e-21 1.737753630653055567e-21
3.635747385065768889e+00 1.303858681284018115e-20 1.626107178360209502e-21
3.636412385065340480e+00 1.082804390719106429e-20 1.758807195678437629e-21
3.637077385064912072e+00 1.046009166627920293e-20 1.589793598446530815e-21
3.637742385064483663e+00 9.018755065586700945e-21 1.468552535048222149e-21
3.638407385064055255e+00 2.129000740117409524e-20 1.413048499011656803e-21
3.639072385063626847e+00 1.436978094723189970e-20 1.758784738040154610e-21
3.639737385063198438e+00 8.234692929210175724e-21 1.479613472531946936e-21
3.640402385062770030e+00 1.124076711611318115e-21 1.811822561897512708e-21
3.641067385062341621e+00 1.092813370187105666e-20 1.711817731025955853e-21
3.641732385061913213e+00 1.723930678426780085e-20 1.615080681406057083e-21
3.642397385061484805e+00 1.620959393837254566e-20 1.527212464151055550e-21
3.643062385061056396e+00 2.032199229459656820e-20 1.759616290081801763e-21
3.643727385060627988e+00 1.434282833335478341e-20 1.468121849400412761e-21
3.644392385060199580e+00 1.223266876803098186e-20 1.747652471791706309e-21
3.645057385059771171e+00 1.437606703962352884e-20 1.640503417244316185e-21
3.645722385059342763e+00 1.900062437852130878e-20 1.711532788480395154e-21
3.646387385058914354e+00 1.894197897547750643e-20 1.472239826668690755e-21
3.647052385058485946e+00 1.442479823041622209e-20 1.575348580999468901e-21
3.647717385058057538e+00 6.682029582937507961e-21 1.596946507784919613e-21
3.648382385057629129e+00 5.459868100990928846e-21 1.760684620289330195e-21
3.649047385057200721e+00 4.101211817880633597e-21 1.783214131615577675e-21
3.649712385056772312e+00 1.879608528244512508e-20 1.780713687506141534e-21
3.650377385056343904e+00 1.440087115686083910e-20 1.575469273438854190e-21
3.651042385055915496e+00 1.336687035841391174e-20 1.699935415903102243e-21
3.651707385055487087e+00 1.438023447055584600e-20 1.574403184091003666e-21
3.652372385055058679e+00 2.851071017075966041e-21 1.566879387133147160e-21
3.653037385054630271e+00 9.220599220671842165e-21 1.531847985973339510e-21
3.653702385054201862e+00 1.161462516717486104e-20 1.501279203752252730e-21
3.654367385053773454e+00 1.226139212639793875e-20 1.916971759876125268e-21
3.655032385053345045e+00 2.380162416645983701e-20 1.791020903886955273e-21
3.655697385052916637e+00 1.097832293323284398e-20 1.803974697532611872e-21
3.656362385052488229e+00 1.456221536471126010e-20 1.483784594191486066e-21
3.657027385052059820e+00 1.679469392152723819e-20 1.555919127620540094e-21
3.657692385051631412e+00 7.419622420979758699e-21 2.006895706350507014e-21
3.658357385051203003e+00 1.003187355322204993e-20 1.591860497375192153e-21
3.659022385050774595e+00 1.645877018437911702e-20 1.634984175527090233e-21
3.659687385050346187e+00 7.910974446749432618e-21 1.580503090711658941e-21
3.660352385049917778e+00 6.612600545295771378e-21 1.545123654358783023e-21
3.661017385049489370e+00 1.290008400371078500e-20 1.773442144385548102e-21
3.661682385049060962e+00 2.340859623854363769e-20 1.727291686255641823e-21
3.662347385048632553e+00 1.086763826197388374e-20 1.817749747658866732e-21
3.663012385048204145e+00 3.855267336207926070e-21 1.618581256182435716e-21
3.663677385047775736e+00 8.929259241468731396e-21 1.619300683456366671e-21
3.664342385047347328e+00 6.891636728330604368e-21 1.554298637426165237e-21
3.665007385046918920e+00 8.728519918205139946e-21 1.497913593231779883e-21
3.665672385046490511e+00 1.315244336204145207e-20 1.514918087674473217e-21
3.666337385046062103e+00 3.602746616287618133e-21 1.787222903609794100e-21
3.667002385045633694e+00 7.197077884852662413e-21 1.766568363607636740e-21
3.667667385045205286e+00 8.247769695437421667e-21 1.657088308811601642e-21
3.668332385044776878e+00 1.298803145267584885e-20 1.471473202143009956e-21
3.668997385044348469e+00 1.398430877645754826e-20 1.690475923503572173e-21
3.669662385043920061e+00 5.511078205746293539e-21 1.720144758459303722e-21
3.670327385043491653e+00 5.392287951664377634e-21 1.533501915159890802e-21
3.670992385043063244e+00 1.303177502352552914e-20 1.500876907025179034e-21
3.671657385042634836e+00 1.084167368204404109e-20 1.554318080899657336e-21
3.672322385042206427e+00 9.593009110442839327e-21 1.584937881584854146e-21
3.672987385041778019e+00 9.199321795277294248e-21 1.673895069466615613e-21
3.673652385041349611e+00 1.752894140122523650e-20 1.439269930626615290e-21
3.674317385040921202e+00 1.179992654542801918e-20 1.876629228260348543e-21
3.674982385040492794e+00 5.190864739460675346e-21 1.544261988746498491e-21
3.675647385040064385e+00 7.691442495826858281e-21 1.597484123739206121e-21
3.676312385039635977e+00 1.068547261687201445e-20 1.428165277558783025e-21
3.676977385039207569e+00 4.541538253305549390e-21 1.610620971752702428e-21
3.677642385038779160e+00 1.243558383447674442e-20 1.501330315555486593e-21
3.678307385038350752e+00 2.118737633390325639e-20 1.374136212197227629e-21
3.678972385037922344e+00 2.214894844865028200e-20 1.207154224414991905e-21
3.679637385037493935e+00 1.529957283724388488e-20 1.463633369231664193e-21
3.680302385037065527e+00 8.440817605863566153e-21 1.571026045425076960e-21
3.680967385036637118e+00 1.249243578808218590e-20 1.527787236962397709e-21
3.681632385036208710e+00 9.289385407256521064e-21 1.620870084282482399e-21
3.682297385035780302e+00 5.269317317408792010e-21 1.626540618533800855e-21
3.682962385035351893e+00 4.676769194561068228e-21 1.698968798567146806e-21
3.683627385034923485e+00 1.253335553021797912e-20 1.252887690171372982e-21
3.684292385034495076e+00 1.911319313475127894e-20 1.451379946053482979e-21
3.684957385034066668e+00 1.020058034871617985e-20 1.565811265051648558e-21
3.685622385033638260e+00 1.617513635583556208e-20 1.652235246611174917e-21
3.686287385033209851e+00 6.642316736533269569e-21 1.711267819631273810e-21
3.686952385032781443e+00 8.715446502954555738e-21 1.526276185428934331e-21
3.687617385032353035e+00 1.503761972425889630e-20 1.572059719385739858e-21
3.688282385031924626e+00 7.031469364102789669e-21 5.389820589716361087e-21
3.688947385031496218e+00 4.602188133305068168e-21 3.961845032867493095e-21
3.689612385031067809e+00 9.321043642281037643e-21 1.690741688944925330e-21
3.690277385030639401e+00 1.184771615864059915e-20 1.581623493099975949e-21
3.690942385030210993e+00 1.807142347607118587e-20 1.568491419200848376e-21
3.691607385029782584e+00 1.195409250189416380e-20 1.814251749395643375e-21
3.692272385029354176e+00 1.599449207902059969e-20 1.720661376308418838e-21
3.692937385028925767e+00 1.556324921369967284e-20 1.785401777876198962e-21
3.693602385028497359e+00 1.619594723726180318e-20 1.653024343756628226e-21
3.694267385028068951e+00 1.724641059500126355e-20 1.577405876347039952e-21
3.694932385027640542e+00 7.542863217422882320e-21 1.945907082335112603e-21
3.695597385027212134e+00 5.850680187988887680e-21 1.606363589644508631e-21
3.696262385026783726e+00 8.587047608449015574e-21 1.348241317758478852e-21
3.696927385026355317e+00 6.349501611218823600e-21 1.706684930321883875e-21
3.697592385025926909e+00 1.795467330737954848e-20 1.881699513106841151e-21
3.698257385025498500e+00 1.118218545635919829e-20 1.758135155722048503e-21
3.698922385025070092e+00 7.948941927369687477e-21 1.576977450151786502e-21
3.699587385024641684e+00 7.042612609363643124e-21 1.743233564681120642e-21
3.700252385024213275e+00 3.518936606151558523e-21 1.685525088682206173e-21
3.700917385023784867e+00 5.113872659194118296e-21 2.098674126605782453e-21
3.701582385023356458e+00 1.045124498534369036e-20 2.169886658828608270e-21
3.702247385022928050e+00 8.935820488047273381e-21 2.168889509913572199e-21
3.702912385022499642e+00 7.585071370749146074e-21 1.747683601229523383e-21
3.703577385022071233e+00 2.544204251177832137e-21 1.705665205366781570e-21
3.704242385021642825e+00 7.956285876146978778e-21 1.504301676137079468e-21
3.704907385021214417e+00 3.793159444819356173e-21 1.569962807438191048e-21
3.705572385020786008e+00 7.586644800577252418e-21 1.221273403437519852e-21
3.706237385020357600e+00 1.705059518611667910e-20 1.486727297497651744e-21
3.706902385019929191e+00 1.748931660857331687e-20 1.735758570961403086e-21
3.707567385019500783e+00 1.473337039666902570e-20 1.601506378023979794e-21
3.708232385019072375e+00 1.411869184231940185e-20 1.646614110524903930e-21
3.708897385018643966e+00 1.383557040818637376e-20 1.539872572283743599e-21
3.709562385018215558e+00 1.404663895764447402e-20 1.695678425488207979e-21
3.710227385017787149e+00 1.033790017537581734e-20 1.494601151158601902e-21
3.710892385017358741e+00 1.350996053286005727e-20 1.462596217865099029e-21
3.711557385016930333e+00 7.799356112508364367e-21 1.489065323324550874e-21
3.712222385016501924e+00 1.478833212032047473e-20 1.839602930095991140e-21
3.712887385016073516e+00 1.529044708771913382e-20 1.694225628360605219e-21
3.713552385015645108e+00 1.290956064917457064e-20 1.535349484243147895e-21
3.714217385015216699e+00 9.745990515734657956e-21 1.770411811629596823e-21
3.714882385014788291e+00 7.205973212180883420e-21 1.263770908181900468e-21
3.715547385014359882e+00 1.942719532677567028e-20 1.788514847372737818e-21
3.716212385013931474e+00 1.590036084434190268e-20 1.619298481881056770e-21
3.716877385013503066e+00 1.050827780947512165e-20 1.390478465528546802e-21
3.717542385013074657e+00 6.182680281410871963e-21 1.389796300867889540e-21
3.718207385012646249e+00 5.724403849029706567e-21 1.550863169836330359e-21
3.718872385012217840e+00 1.761773931311046512e-20 1.531832949400375444e-21
3.719537385011789432e+00 1.448727658612132274e-20 1.536167983492840230e-21
3.720202385011361024e+00 1.108748827398943434e-20 1.800901566417984806e-21
3.720867385010932615e+00 1.093244739442396299e-20 1.968722794262542770e-21
3.721532385010504207e+00 1.681953888882559154e-20 1.804855771587918637e-21
3.722197385010075799e+00 1.466165632838507680e-20 1.864838809106991399e-21
3.722862385009647390e+00 8.525617028633892012e-21 1.736299643043397420e-21
3.723527385009218982e+00 1.356749141698899641e-20 1.732352621682517249e-21
3.724192385008790573e+00 1.672776797012514125e-20 1.812909043303654928e-21
3.724857385008362165e+00 1.650613442181653802e-20 1.787255972491765356e-21
3.725522385007933757e+00 1.269984386391482296e-20 1.575235037962053128e-21
3.726187385007505348e+00 9.510750284458502650e-21 1.670722869311393303e-21
3.726852385007076940e+00 1.129849417804772204e-20 1.612385910761696458e-21
3.727517385006648531e+00 1.460467109967665241e-20 1.463478075570990422e-21
3.728182385006220123e+00 1.189674629677667675e-20 1.615963066818864238e-21
3.728847385005791715e+00 1.108413751769003972e-20 1.483707533834566624e-21
3.729512385005363306e+00 1.116289031287451646e-20 1.593821225632491792e-21
3.730177385004934898e+00 1.520979154987006513e-20 1.749451466948008626e-21
3.730842385004506490e+00 1.066988673435821410e-20 1.642977356672481717e-21
3.731507385004078081e+00 8.808261259595481153e-21 1.779175934972703887e-21
3.732172385003649673e+00 6.104411580712653028e-21 1.628726697015495497e-21
3.732837385003221264e+00 8.442299169113596181e-21 1.679024722584407421e-21
3.733502385002792856e+00 -2.121509306773535996e-21 1.613461421808248569e-21
3.734167385002364448e+00 1.072131841710747071e-20 1.631593577529343491e-21
3.734832385001936039e+00 6.234722901139111979e-21 1.666139059095768974e-21
3.735497385001507631e+00 1.065860772763162697e-20 1.759736327029915229e-21
3.736162385001079222e+00 4.306583977873263102e-21 1.650562603210960971e-21
3.736827385000650814e+00 9.108501415539815395e-21 1.684915463910688894e-21
3.737492385000222406e+00 1.052281043711987653e-20 1.499301150221806364e-21
3.738157384999793997e+00 1.236803661598454315e-21 1.453039377699782669e-21
3.738822384999365589e+00 9.354351129134901585e-21 1.653777322912759168e-21
3.739487384998937181e+00 8.431039663471540970e-21 1.685677609443853827e-21
3.740152384998508772e+00 1.218116046328088042e-20 1.658090338561243645e-21
3.740817384998080364e+00 9.457591701688857489e-21 1.700156367778732181e-21
3.741482384997651955e+00 1.400996566516427874e-20 1.649783043542094223e-21
3.742147384997223547e+00 9.446834160267524247e-21 1.676050829884879230e-21
3.742812384996795139e+00 1.255944990539941676e-20 1.912761587941736864e-21
3.743477384996366730e+00 1.458088605614183976e-20 1.747097608917778515e-21
3.744142384995938322e+00 1.052207529419274538e-20 1.642144721663398906e-21
3.744807384995509913e+00 1.202642132453035418e-20 1.782445944531285534e-21
3.745472384995081505e+00 5.990490035261433299e-21 1.731484632522063100e-21
3.746137384994653097e+00 1.256675510584355880e-20 1.825721642701573633e-21
3.746802384994224688e+00 1.414093659871103633e-20 1.973845461143435267e-21
3.747467384993796280e+00 5.830481190021378362e-21 1.568383600796984468e-21
3.748132384993367872e+00 1.653322361815452612e-20 1.796625054344098792e-21
3.748797384992939463e+00 1.543062307206151118e-20 1.621529650394512748e-21
3.749462384992511055e+00 1.704453176170707755e-20 1.613504419898150746e-21
3.750127384992082646e+00 8.360231171802482126e-21 1.761830520592426101e-21
3.750792384991654238e+00 1.223696012046487162e-20 1.494897615367983679e-21
3.751457384991225830e+00 2.498479324143651007e-20 1.424797431663450731e-21
3.752122384990797421e+00 6.991710978308720525e-21 1.776010239326139736e-21
3.752787384990369013e+00 1.157519981301570009e-20 1.633168517529115355e-21
3.753452384989940604e+00 7.985037700922136509e-21 1.526523642901534445e-21
3.754117384989512196e+00 1.875459282800841281e-20 1.621752536847148590e-21
3.754782384989083788e+00 1.095921620199999117e-20 1.546855495929930417e-21
3.755447384988655379e+00 9.006366726846120781e-21 1.455066087074248900e-21
3.756112384988226971e+00 1.804057948656511015e-20 1.782052661618990036e-21
3.756777384987798563e+00 1.359360805848253690e-20 1.669808246445186217e-21
3.757442384987370154e+00 1.129382191859310931e-20 1.639588255749723660e-21
3.758107384986941746e+00 1.030130866742661654e-20 1.778973505630467449e-21
3.758772384986513337e+00 1.209137298028565176e-20 1.647524810510798695e-21
3.759437384986084929e+00 1.448774151602235681e-20 1.467780329754860581e-21
3.760102384985656521e+00 1.428148437513493404e-20 1.602339318848609327e-21
3.760767384985228112e+00 1.005804608986594807e-20 1.539124409068335994e-21
3.761432384984799704e+00 1.311804149977441982e-20 1.530473762143392188e-21
3.762097384984371296e+00 1.030898518491971266e-20 1.698930459944546996e-21
3.762762384983942887e+00 1.218888534855288420e-20 1.584745574734392947e-21
3.763427384983514479e+00 1.302998087975421491e-20 1.515848580407799520e-21
3.764092384983086070e+00 4.631944413892930616e-21 1.469430237180554291e-21
3.764757384982657662e+00 1.545281257037525615e-20 1.425396672278882658e-21
3.765422384982229254e+00 2.439840460532537983e-20 1.573434056054605504e-21
3.766087384981800845e+00 1.855153963749407345e-20 1.475770363319365063e-21
3.766752384981372437e+00 1.896260039594139752e-20 2.428601762872254979e-21
3.767417384980944028e+00 1.433456248256530166e-20 1.743429132105102707e-21
3.768082384980515620e+00 2.633727486641199045e-20 2.205482201728154253e-21
3.768747384980087212e+00 1.524452115365204099e-20 1.555260007156917790e-21
3.769412384979658803e+00 1.382177967806637547e-20 1.785549275272674747e-21
3.770077384979230395e+00 1.378254680379574179e-20 1.685757238023170650e-21
3.770742384978801987e+00 1.499437840571834359e-20 1.485456177606595901e-21
3.771407384978373578e+00 1.497982226103675746e-20 1.679550240113702508e-21
3.772072384977945170e+00 7.169261711293766940e-21 1.983064747185073019e-21
3.772737384977516761e+00 1.131733358625243462e-20 1.793507420012189525e-21
3.773402384977088353e+00 6.768040274991732144e-21 1.661521482216820272e-21
3.774067384976659945e+00 7.283180770119982169e-21 1.750844174741218956e-21
3.774732384976231536e+00 7.196687184453916047e-21 1.651875897220690035e-21
3.775397384975803128e+00 6.598209703652814257e-21 1.577897291390742090e-21
3.776062384975374719e+00 8.009656525313559512e-21 1.706994188118770525e-21
3.776727384974946311e+00 1.426115698553608293e-20 1.461368536764023044e-21
3.777392384974517903e+00 1.592510681260800175e-20 6.009061632220371001e-21
3.778057384974089494e+00 1.548888055056247879e-20 1.093087238913818751e-20
3.778722384973661086e+00 6.836489229306791036e-21 1.691776254171390450e-21
3.779387384973232678e+00 1.127772905833322706e-20 1.564534135715763399e-21
3.780052384972804269e+00 8.393506091087569849e-21 1.472547407772035689e-21
3.780717384972375861e+00 5.350670600305654648e-21 1.479082086668148486e-21
3.781382384971947452e+00 1.377697546594174559e-20 1.681315962282399427e-21
3.782047384971519044e+00 7.803815991234151639e-21 1.801187265287605928e-21
3.782712384971090636e+00 9.387922079801717497e-21 1.833705107044597534e-21
3.783377384970662227e+00 2.264998723417094108e-21 1.848667706316654408e-21
3.784042384970233819e+00 1.010569226660478794e-20 1.910558687547423465e-21
3.784707384969805410e+00 1.491699614281318304e-20 1.536888388166112849e-21
3.785372384969377002e+00 -3.291509492108543767e-21 2.138490429494223388e-21
3.786037384968948594e+00 6.651856083496069142e-21 1.672221717794204207e-21
3.786702384968520185e+00 1.092422150135037981e-20 1.683061217688851441e-21
3.787367384968091777e+00 1.667061545010253363e-20 1.642238635187222398e-21
3.788032384967663369e+00 1.628267909300071184e-20 1.700788588612459250e-21
3.788697384967234960e+00 3.622258369683431103e-21 1.797843036599747106e-21
3.789362384966806552e+00 1.069883434955416591e-20 1.558994149291723273e-21
3.790027384966378143e+00 1.393981024146405047e-20 1.592194949734499205e-21
3.790692384965949735e+00 1.965674153911843811e-20 1.835251134454390388e-21
3.791357384965521327e+00 5.297149027185563939e-21 1.743632817526380360e-21
3.792022384965092918e+00 6.506912785089879838e-21 1.709278436647446418e-21
3.792687384964664510e+00 7.479689893902140301e-21 2.085226285316837455e-21
3.793352384964236101e+00 8.505503254615074134e-21 1.759530955617981642e-21
3.794017384963807693e+00 4.886409417840957891e-21 1.472915812465859365e-21
3.794682384963379285e+00 1.586628732814964466e-20 1.641512383561233507e-21
3.795347384962950876e+00 1.937077831290218397e-20 1.715139177349958715e-21
3.796012384962522468e+00 1.692546927778428448e-20 1.603844830137189320e-21
3.796677384962094060e+00 1.354679787509170187e-20 1.548813697373439908e-21
3.797342384961665651e+00 1.535203618334018847e-20 1.800584798665569341e-21
3.798007384961237243e+00 1.162822542315831175e-20 1.786197850770962701e-21
3.798672384960808834e+00 5.578422216219979520e-21 1.828298040125963754e-21
3.799337384960380426e+00 1.963493100443895104e-20 1.546435814927664447e-21
3.800002384959952018e+00 1.232869102116530033e-20 1.861813963825467103e-21
3.800667384959523609e+00 1.509173256991251945e-20 1.521996533047861186e-21
3.801332384959095201e+00 1.358936396394320037e-20 1.394413107707216751e-21
3.801997384958666792e+00 1.783556669291356040e-20 1.365328949899885223e-21
3.802662384958238384e+00 1.762006072479219011e-21 1.538570862930971303e-21
3.803327384957809976e+00 9.759802763736257221e-21 1.528514140341961417e-21
3.803992384957381567e+00 1.234176229527282780e-20 1.425661230649146741e-21
3.804657384956953159e+00 9.757090559490019428e-21 1.542983116706862663e-21
3.805322384956524751e+00 4.747034821812594324e-21 1.450224272734737617e-21
3.805987384956096342e+00 6.880583830007622234e-21 1.407638595085558571e-21
3.806652384955667934e+00 8.448231886447823945e-21 1.638955586821738580e-21
3.807317384955239525e+00 6.641291402311738824e-21 1.467336271358308790e-21
3.807982384954811117e+00 1.838636470961431902e-20 1.291544826167886244e-21
3.808647384954382709e+00 2.218729082368438626e-20 1.256483214729272333e-21
3.809312384953954300e+00 1.561421686132278409e-20 1.383229780881860481e-21
3.809977384953525892e+00 1.157853068854526456e-20 1.674096246825988670e-21
3.810642384953097483e+00 5.143383449357178706e-21 1.571273134446813638e-21
3.811307384952669075e+00 1.602541718209868404e-20 1.493561841134522301e-21
3.811972384952240667e+00 1.985154710461350280e-20 1.503095291671664572e-21
3.812637384951812258e+00 1.550427337139959179e-20 1.483590669407446639e-21
3.813302384951383850e+00 5.508679042456141906e-21 1.330839071074977276e-21
3.813967384950955442e+00 1.501297753505781951e-20 1.772275081430832080e-21
3.814632384950527033e+00 1.611648917012757908e-20 1.587079445149707295e-21
3.815297384950098625e+00 1.865136391228525127e-20 1.513100687945374076e-21
3.815962384949670216e+00 1.549892232361955772e-20 1.319749469319357958e-21
3.816627384949241808e+00 1.522448598157054561e-20 1.463471380938600818e-21
3.817292384948813400e+00 1.937519705306605756e-20 1.676193692923756255e-21
3.817957384948384991e+00 1.810439369299840696e-20 1.545342684773545187e-21
3.818622384947956583e+00 1.852960102171968628e-20 1.706957147743911864e-21
3.819287384947528174e+00 2.058166131465761022e-20 1.617799566660101972e-21
3.819952384947099766e+00 2.678699887795493458e-20 1.621678666948157696e-21
3.820617384946671358e+00 2.126863140778593789e-20 1.789580844148018482e-21
3.821282384946242949e+00 1.778373616568482460e-20 2.101825800149076056e-21
3.821947384945814541e+00 2.053796187984813525e-20 2.161867903261668866e-21
3.822612384945386133e+00 1.878652411312808005e-20 1.594301308788486167e-21
3.823277384944957724e+00 1.559504510550078323e-20 1.651062163033928654e-21
3.823942384944529316e+00 1.720907947742292048e-20 1.674230766399649292e-21
3.824607384944100907e+00 1.847635658557511681e-20 1.829557191728598087e-21
3.825272384943672499e+00 1.499426776388245813e-20 1.744804727808311827e-21
3.825937384943244091e+00 1.152610757694311969e-20 1.788871937101631705e-21
3.826602384942815682e+00 6.160599928384811313e-21 2.063008029458443472e-21
3.827267384942387274e+00 5.455226198656926697e-21 1.540692643274006307e-21
3.827932384941958865e+00 1.018361791132494366e-20 1.757777063490490495e-21
3.828597384941530457e+00 2.256130081755364540e-20 1.728406945224671147e-21
3.829262384941102049e+00 1.351879798185159867e-20 1.722885626378362370e-21
3.829927384940673640e+00 7.571535606940831486e-21 1.390619421452148804e-21
3.830592384940245232e+00 5.254325312845317150e-21 1.306160909816538900e-21
3.831257384939816824e+00 1.078290158688468444e-20 1.585402023079546099e-21
3.831922384939388415e+00 4.926749231819877768e-21 1.577121112916959633e-21
3.832587384938960007e+00 1.176919344603726259e-20 1.511054900541517728e-21
3.833252384938531598e+00 5.079211618775969414e-21 1.384527102026353614e-21
3.833917384938103190e+00 9.441306884865721147e-21 1.322516004839074613e-21
3.834582384937674782e+00 1.492635793088813235e-20 1.593237762579078197e-21
3.835247384937246373e+00 1.666747125211878588e-20 1.435421884698719484e-21
3.835912384936817965e+00 1.011021681915367750e-20 1.401826992775994003e-21
3.836577384936389556e+00 1.513702368505902093e-20 1.665661881181585444e-21
3.837242384935961148e+00 7.934804529127265317e-21 1.766968179542081965e-21
3.837907384935532740e+00 1.425266104772531225e-20 1.776459736721911695e-21
3.838572384935104331e+00 1.367765592702065439e-20 1.560401715960814664e-21
3.839237384934675923e+00 1.003571122547392553e-20 1.286783585244332474e-21
3.839902384934247515e+00 1.063963899156236810e-20 1.389993143201399071e-21
3.840567384933819106e+00 7.437965188341836768e-21 1.700160642267266892e-21
3.841232384933390698e+00 1.388817897494751747e-20 1.490852750449346361e-21
3.841897384932962289e+00 5.192637141065914494e-21 1.509326420041862145e-21
3.842562384932533881e+00 5.337475819739851708e-21 1.368755172615619143e-21
3.843227384932105473e+00 1.084941935441779387e-20 1.436418830474695998e-21
3.843892384931677064e+00 1.758954474110136022e-20 1.657447722611696103e-21
3.844557384931248656e+00 6.797996705483519764e-21 1.543162698043072629e-21
3.845222384930820247e+00 1.008602791850160107e-20 1.558620032428568920e-21
3.845887384930391839e+00 1.955004239386392506e-20 1.551128166689574486e-21
3.846552384929963431e+00 1.251878819126786631e-20 1.635928744842479646e-21
3.847217384929535022e+00 1.775533855333588347e-20 1.405688848323473100e-21
3.847882384929106614e+00 1.686200706581655091e-20 1.599603465279196403e-21
3.848547384928678206e+00 1.907945730868473855e-20 1.477026730753412453e-21
3.849212384928249797e+00 1.490632778711277648e-20 1.429042803009209207e-21
3.849877384927821389e+00 1.712564534459346919e-20 1.497312871609762372e-21
3.850542384927392980e+00 1.088859883079690324e-20 1.445462221308900441e-21
3.851207384926964572e+00 1.887250691677015858e-20 1.590714051663886143e-21
3.851872384926536164e+00 1.693282600421814024e-20 1.543993523722764525e-21
3.852537384926107755e+00 9.190068086512377198e-21 1.611064462734674559e-21
3.853202384925679347e+00 8.660147060317209999e-21 1.632061937712849201e-21
3.853867384925250938e+00 1.270485539677475070e-20 1.264800325265292730e-21
3.854532384924822530e+00 1.911140802075998745e-20 1.537160962147618785e-21
3.855197384924394122e+00 1.953275998836417122e-20 1.431289626550825130e-21
3.855862384923965713e+00 1.259527513581132831e-20 1.412594282605308486e-21
3.856527384923537305e+00 2.194432343927763289e-20 1.569113662156724122e-21
3.857192384923108897e+00 2.094154420838043931e-20 1.830046990372213812e-21
3.857857384922680488e+00 1.375368298965874241e-20 1.442591752891417875e-21
3.858522384922252080e+00 1.900973537776872730e-20 1.580963965263073465e-21
3.859187384921823671e+00 1.178358449185151227e-20 1.602892715431207357e-21
3.859852384921395263e+00 5.944206274811314927e-21 1.557708134805910148e-21
3.860517384920966855e+00 1.221048290653005555e-20 1.571506253263623369e-21
3.861182384920538446e+00 1.551126640461606949e-20 1.413515079342560663e-21
3.861847384920110038e+00 9.109569171401487494e-21 1.445029697907860234e-21
3.862512384919681629e+00 2.082076410486469461e-20 1.450559648424684441e-21
3.863177384919253221e+00 1.922397038798018432e-20 1.353002965417996253e-21
3.863842384918824813e+00 2.049149210514789871e-20 1.510448367180059920e-21
3.864507384918396404e+00 2.084943081318007210e-20 1.599987603887241581e-21
3.865172384917967996e+00 1.961533956024118844e-20 1.345758200827163234e-21
3.865837384917539588e+00 1.603303844965166087e-20 1.363271796714608074e-21
3.866502384917111179e+00 1.211852352204925276e-20 1.385054307017938551e-21
3.867167384916682771e+00 1.407166048501055105e-20 1.577889871263649126e-21
3.867832384916254362e+00 2.147553721847751631e-20 1.333489294993299916e-21
3.868497384915825954e+00 2.066494166513996967e-20 1.938135585078525686e-21
3.869162384915397546e+00 1.928111463803135073e-20 1.621931617216987202e-21
3.869827384914969137e+00 1.803182422247039640e-20 1.719230970725564520e-21
3.870492384914540729e+00 1.827051641529678260e-20 1.691197241687537728e-21
3.871157384914112320e+00 1.568101702664236231e-20 1.578581928602873533e-21
3.871822384913683912e+00 1.949157343293386973e-20 1.467405293895649401e-21
3.872487384913255504e+00 1.645044799838196776e-20 1.652438821520904914e-21
3.873152384912827095e+00 1.566872889080382180e-20 1.555350652475852222e-21
3.873817384912398687e+00 2.031290555184274614e-20 1.755055729151944622e-21
3.874482384911970279e+00 2.441202490845727197e-20 1.432154565458642518e-21
3.875147384911541870e+00 2.692898103410953765e-20 1.688185716550744355e-21
3.875812384911113462e+00 3.090007947425778762e-20 1.770532041318773757e-21
3.876477384910685053e+00 2.408398134858392353e-20 1.546334650093238623e-21
3.877142384910256645e+00 1.867616877384449211e-20 1.928202914733455058e-21
3.877807384909828237e+00 1.740093565086574437e-20 1.695326135167809272e-21
3.878472384909399828e+00 1.605494080056324884e-20 1.588825003409337640e-21
3.879137384908971420e+00 2.129626421671687120e-20 1.875604310873096985e-21
3.879802384908543011e+00 2.985444136306784834e-20 1.682586736866297503e-21
3.880467384908114603e+00 2.440608154120402738e-20 1.603978809652510984e-21
3.881132384907686195e+00 1.933911840436231182e-20 1.519249094504057425e-21
3.881797384907257786e+00 2.262435007467582302e-20 1.688422383419010236e-21
3.882462384906829378e+00 1.255671914878391335e-20 1.642853989630116710e-21
3.883127384906400970e+00 1.412487240292007200e-20 1.419821899643199287e-21
3.883792384905972561e+00 2.004655600936561375e-20 1.736714815651493613e-21
3.884457384905544153e+00 9.635069142945751224e-21 1.529219549968978461e-21
3.885122384905115744e+00 2.194010528543746109e-20 1.669329167095887707e-21
3.885787384904687336e+00 2.397071532244057579e-20 1.620917120237412073e-21
3.886452384904258928e+00 3.003788352434571500e-20 1.525064900819627149e-21
3.887117384903830519e+00 2.412644628558319926e-20 1.554084653140539888e-21
3.887782384903402111e+00 1.701280294708015153e-20 1.709607677513304102e-21
3.888447384902973702e+00 2.569110740183137507e-20 1.433978741286286311e-21
3.889112384902545294e+00 2.932161213008579858e-20 1.515874718041942174e-21
3.889777384902116886e+00 2.609173800122154717e-20 1.609768810595498825e-21
3.890442384901688477e+00 1.777523216933985665e-20 1.692861555405190736e-21
3.891107384901260069e+00 2.066872260470909173e-20 1.409520684026895884e-21
3.891772384900831661e+00 2.051468295786409443e-20 1.335046849803364273e-21
3.892437384900403252e+00 1.804336066412858827e-20 1.877466919588329475e-21
3.893102384899974844e+00 2.409086288489620874e-20 1.679206295757307853e-21
3.893767384899546435e+00 2.876632408508908633e-20 1.793252187883861409e-21
3.894432384899118027e+00 2.204621739294142540e-20 1.514114328117496412e-21
3.895097384898689619e+00 2.101851399460926245e-20 1.566321472763521403e-21
3.895762384898261210e+00 1.811037869183265908e-20 1.668656979465745002e-21
3.896427384897832802e+00 1.556773344742951108e-20 1.644923593838069226e-21
3.897092384897404393e+00 1.778028503438113945e-20 1.386813443457442277e-21
3.897757384896975985e+00 1.782442963113163913e-20 1.680619943734538167e-21
3.898422384896547577e+00 1.468242382700243120e-20 1.565617815029045281e-21
3.899087384896119168e+00 2.299576522547138414e-20 1.629185893095692273e-21
3.899752384895690760e+00 1.849870822587349305e-20 1.369442124764750489e-21
3.900417384895262352e+00 2.460235479407034398e-20 1.705944124069701736e-21
3.901082384894833943e+00 1.964918708142250432e-20 1.621041933059969299e-21
3.901747384894405535e+00 2.364367945269838881e-20 1.394221847559675337e-21
3.902412384893977126e+00 2.895057658599731862e-20 1.320660996743292313e-21
3.903077384893548718e+00 2.886072319248224701e-20 1.382345246481109905e-21
3.903742384893120310e+00 2.689351963637686517e-20 1.383276447250730007e-21
3.904407384892691901e+00 1.616967425639323675e-20 1.658506967755005458e-21
3.905072384892263493e+00 1.244722458531812960e-20 1.765484494846166851e-21
3.905737384891835084e+00 1.382813949713637939e-20 1.351338854541671712e-21
3.906402384891406676e+00 1.901164834616308803e-20 1.448270318963096424e-21
3.907067384890978268e+00 2.303578512008019709e-20 1.581849254928432847e-21
3.907732384890549859e+00 2.172838226069044827e-20 1.560544921009798075e-21
3.908397384890121451e+00 2.417577569122041996e-20 1.345251030029931294e-21
3.909062384889693043e+00 2.004361216223480056e-20 1.356454706928099961e-21
3.909727384889264634e+00 2.442732308371145191e-20 1.377993806760297949e-21
3.910392384888836226e+00 2.579231280427303089e-20 1.583527745349840031e-21
3.911057384888407817e+00 3.457918973617970866e-20 1.500867137552094335e-21
3.911722384887979409e+00 3.390917241070410072e-20 1.372010852252081596e-21
3.912387384887551001e+00 2.339053726173617343e-20 1.398702187412971017e-21
3.913052384887122592e+00 2.444880698648538720e-20 1.638609070253788163e-21
3.913717384886694184e+00 2.589371878391405766e-20 1.593768467973755948e-21
3.914382384886265775e+00 2.859506912029012176e-20 1.647087133473320102e-21
3.915047384885837367e+00 2.879953969351852551e-20 1.595926580200672342e-21
3.915712384885408959e+00 2.664586623348584277e-20 1.502175531298424152e-21
3.916377384884980550e+00 3.083038062973221150e-20 1.613890268844089957e-21
3.917042384884552142e+00 2.741179571763712548e-20 1.746643366355328228e-21
3.917707384884123734e+00 3.362497242676150634e-20 1.661145177085936851e-21
3.918372384883695325e+00 3.148605421853018998e-20 1.586970660262811264e-21
3.919037384883266917e+00 2.545687661389429093e-20 1.668045203178523443e-21
3.919702384882838508e+00 1.529700996757134510e-20 1.507062478390172063e-21
3.920367384882410100e+00 1.978712948353628377e-20 1.699412379794521442e-21
3.921032384881981692e+00 2.320668070282922078e-20 1.866710432008167908e-21
3.921697384881553283e+00 1.813484538170266569e-20 1.701012569636331451e-21
3.922362384881124875e+00 2.474299483697959778e-20 1.650261002745672457e-21
3.923027384880696466e+00 3.140520075083178747e-20 1.614344497452837938e-21
3.923692384880268058e+00 2.070450739977162722e-20 1.551420369368346042e-21
3.924357384879839650e+00 2.396772961602649708e-20 1.619937358533040417e-21
3.925022384879411241e+00 2.462634117975609287e-20 1.701883507355597503e-21
3.925687384878982833e+00 3.037088749516040123e-20 1.630783930547164941e-21
3.926352384878554425e+00 2.502716810447187016e-20 1.591695168455870467e-21
3.927017384878126016e+00 2.373660617872976189e-20 1.470355240827466234e-21
3.927682384877697608e+00 2.485762907205397549e-20 1.778678029439514161e-21
3.928347384877269199e+00 2.183478904109415744e-20 1.746414397466174431e-21
3.929012384876840791e+00 2.377032120282123127e-20 4.546550646360131943e-21
3.929677384876412383e+00 2.792599882268201570e-20 5.432096550409596357e-21
3.930342384875983974e+00 2.657271006510679312e-20 1.519881964976604913e-21
3.931007384875555566e+00 2.913245136141088009e-20 1.646159237366381217e-21
3.931672384875127157e+00 3.581129907478715036e-20 1.445511507724029746e-21
3.932337384874698749e+00 2.974178864715757811e-20 1.671160373539392086e-21
3.933002384874270341e+00 2.574867187144512913e-20 1.769320685293188630e-21
3.933667384873841932e+00 1.619034606800826850e-20 1.720230523576724892e-21
3.934332384873413524e+00 1.249817593636714168e-20 1.951792128355738458e-21
3.934997384872985116e+00 3.654091586709070412e-20 1.609739348716864246e-21
3.935662384872556707e+00 1.759775918214312022e-20 1.432252563977875352e-21
3.936327384872128299e+00 2.037799902476664668e-20 1.719029617088235015e-21
3.936992384871699890e+00 9.148120842897807568e-21 2.118585246600340607e-21
3.937657384871271482e+00 1.030434027782294922e-20 2.388567395685188708e-21
3.938322384870843074e+00 1.372613365182438233e-20 2.214335655987463833e-21
3.938987384870414665e+00 1.550111899683012744e-20 1.492938678475897195e-21
3.939652384869986257e+00 1.627864842026116555e-20 1.559654536708567741e-21
3.940317384869557849e+00 1.056039164424650338e-20 1.616978166400830409e-21
3.940982384869129440e+00 5.980992843081295306e-21 1.638695239634765288e-21
3.941647384868701032e+00 9.104460960206246693e-21 1.672521132700391715e-21
3.942312384868272623e+00 9.561044438629370320e-21 1.651864212652388170e-21
3.942977384867844215e+00 1.305405432879909030e-20 1.384356397249654255e-21
3.943642384867415807e+00 1.059238909190533838e-20 1.378273317128009064e-21
3.944307384866987398e+00 4.060465491691688441e-21 1.623237194011980699e-21
3.944972384866558990e+00 -2.078652233892802090e-21 1.468076221036763653e-21
3.945637384866130581e+00 1.470326414549620743e-22 1.788312830392409749e-21
3.946302384865702173e+00 4.798852691903402434e-21 1.705102561012024829e-21
3.946967384865273765e+00 1.622939719640829302e-20 1.644282326242816006e-21
3.947632384864845356e+00 1.631954353294547881e-20 1.524450445098051556e-21
3.948297384864416948e+00 1.997798701157544525e-21 1.440181541608570054e-21
3.948962384863988540e+00 6.278987353883714404e-21 1.849394842178880782e-21
3.949627384863560131e+00 1.138693927937026531e-20 1.747046699357766171e-21
3.950292384863131723e+00 1.380214670682332414e-20 1.565712421938627780e-21
3.950957384862703314e+00 3.387009175790259922e-21 1.607236545508245201e-21
3.951622384862274906e+00 1.318709743039641887e-20 1.638574690299186948e-21
3.952287384861846498e+00 1.504086169851698084e-20 1.603049274364252635e-21
3.952952384861418089e+00 1.452164303193749082e-20 1.627229295690997989e-21
3.953617384860989681e+00 7.776596298264684177e-21 1.694012808706022594e-21
3.954282384860561272e+00 7.967241236718805257e-21 1.612660986914297418e-21
3.954947384860132864e+00 5.893149948585403563e-21 1.634174249477415417e-21
3.955612384859704456e+00 7.991629358650377557e-21 1.775131843352881565e-21
3.956277384859276047e+00 1.469306630613922748e-21 1.418495941807866279e-21
3.956942384858847639e+00 8.316315010975480052e-21 1.382568786809415313e-21
3.957607384858419231e+00 7.893104045043272918e-21 1.394694219317546513e-21
3.958272384857990822e+00 8.311831396978920538e-21 1.504291427080831066e-21
3.958937384857562414e+00 5.407393657284770689e-21 1.542981381187826000e-21
3.959602384857134005e+00 1.050805721933740276e-20 1.621975495559918363e-21
3.960267384856705597e+00 1.280552268926354465e-21 1.489411510951977816e-21
3.960932384856277189e+00 5.482698116362407205e-21 1.836006334112072313e-21
3.961597384855848780e+00 4.019743935133165910e-21 1.678305996626577206e-21
3.962262384855420372e+00 5.238460865323957398e-21 1.588647615444112370e-21
3.962927384854991963e+00 1.695576857738914843e-20 1.339086959632500924e-21
3.963592384854563555e+00 1.602554667148739223e-20 1.494681538120034657e-21
3.964257384854135147e+00 1.445353730904211444e-20 2.099219805713721861e-21
3.964922384853706738e+00 2.429097857226101332e-20 1.454972374695133839e-20
3.965587384853278330e+00 8.301905043539233430e-21 6.930864250390682328e-21
3.966252384852849922e+00 1.039952679242861745e-20 1.709509527945290406e-21
3.966917384852421513e+00 1.116643210867023471e-20 1.459409921173387179e-21
3.967582384851993105e+00 1.057641524338799214e-20 1.536342635839146262e-21
3.968247384851564696e+00 5.096602413268035231e-21 1.395402063016111673e-21
3.968912384851136288e+00 4.566608997505965944e-21 1.547844879874923741e-21
3.969577384850707880e+00 1.558533523012264197e-20 1.393754357996149924e-21
3.970242384850279471e+00 1.205046812627378969e-20 1.443687380390561109e-21
3.970907384849851063e+00 7.029198571063714670e-21 1.402098894586261383e-21
3.971572384849422654e+00 6.990985253299159342e-21 1.424650942754902903e-21
3.972237384848994246e+00 8.743232855483614571e-21 1.768243484999702494e-21
3.972902384848565838e+00 1.187721250569731446e-20 1.713171965692263449e-21
3.973567384848137429e+00 1.002297946971162936e-20 2.038263434856988681e-21
3.974232384847709021e+00 5.550157931139318912e-21 1.846446170143092414e-21
3.974897384847280613e+00 1.267533758700223308e-20 5.213756527234943426e-21
3.975562384846852204e+00 3.374492084359003889e-21 2.072630820983193835e-21
3.976227384846423796e+00 7.384279744290582459e-21 3.218732100995082174e-21
3.976892384845995387e+00 7.664043413838349586e-21 1.456330163467460177e-21
3.977557384845566979e+00 9.079622980127411327e-21 1.533377254797223559e-21
3.978222384845138571e+00 1.180744219858518493e-20 1.604733554791655333e-21
3.978887384844710162e+00 6.696677700020207878e-21 1.601668036135532818e-21
3.979552384844281754e+00 1.483456412493307677e-20 1.785892849406439755e-21
3.980217384843853345e+00 4.253030228193644135e-21 1.618507632689666733e-21
3.980882384843424937e+00 1.936335915141937110e-20 1.397405683475834105e-21
3.981547384842996529e+00 1.373040894848686066e-20 1.707452934651627684e-21
3.982212384842568120e+00 9.315760351074008062e-21 1.387107859305117196e-21
3.982877384842139712e+00 9.794377305084041499e-21 1.559165977399118897e-21
3.983542384841711304e+00 1.879382714763225458e-20 1.378372464505738779e-21
3.984207384841282895e+00 1.323742890944184179e-20 1.679161095402494365e-21
3.984872384840854487e+00 1.121879191759401979e-20 1.569237567152683446e-21
3.985537384840426078e+00 1.300528578913208847e-20 1.669636229850055010e-21
3.986202384839997670e+00 8.460316699829674542e-21 1.622620434718108472e-21
3.986867384839569262e+00 1.538727305506839038e-20 1.546620900232759698e-21
3.987532384839140853e+00 1.832864949569267843e-20 1.576396217881243982e-21
3.988197384838712445e+00 1.018722245675962113e-20 1.409423964213720731e-21
3.988862384838284036e+00 1.688108373538126800e-20 1.534246195160762702e-21
3.989527384837855628e+00 7.229464943558407535e-21 1.559106432373467739e-21
3.990192384837427220e+00 4.908147002505095833e-21 1.555762049722794864e-21
3.990857384836998811e+00 3.677971223841547970e-21 1.369656972491197608e-21
3.991522384836570403e+00 9.893430118497391159e-21 1.821095142238994159e-21
3.992187384836141995e+00 2.808184875450564910e-21 3.008109959890327727e-21
3.992852384835713586e+00 6.105978181606925007e-21 3.078644487897839960e-21
3.993517384835285178e+00 7.498988180833507909e-21 1.956212304261682671e-21
3.994182384834856769e+00 2.715469724685531251e-21 1.545091612054047446e-21
3.994847384834428361e+00 5.379399914835120231e-21 1.528294623143640826e-21
3.995512384833999953e+00 1.270784437740396616e-20 1.379287476378771549e-21
3.996177384833571544e+00 8.625319929151246531e-21 1.745345671839818178e-21
3.996842384833143136e+00 1.767383713735225438e-20 1.452836015069992151e-21
3.997507384832714727e+00 1.258913768650613773e-20 1.491996141633679101e-21
3.998172384832286319e+00 1.380801265519220402e-20 1.391374166222648908e-21
3.998837384831857911e+00 2.297229514771943763e-20 2.284682252373959093e-21
3.999502384831429502e+00 2.501402497589958354e-20 7.326895663637303467e-21
4.000167384831001094e+00 7.038874763831823652e-21 6.630166218374799799e-21
4.000832384830572686e+00 3.207496555618681986e-20 7.723704845570223992e-21
4.001497384830144277e+00 1.865549303867865602e-20 1.142946121872032079e-20
4.002162384829715869e+00 1.021736666027731437e-20 1.500205124764323772e-21
4.002827384829287460e+00 9.934007902731724752e-21 1.457493023240719769e-21
4.003492384828859052e+00 1.323051395427829640e-20 1.713205015135833180e-21
4.004157384828430644e+00 9.747109765304621673e-21 1.376988713945802580e-21
4.004822384828002235e+00 1.620952177160005802e-20 1.589617384419214202e-21
4.005487384827573827e+00 1.197578894402543122e-20 1.648601587391102304e-21
4.006152384827145418e+00 5.873474290124436328e-21 1.374910827429655826e-21
4.006817384826717010e+00 1.193304010527430052e-21 1.529757005676688441e-21
4.007482384826288602e+00 5.322012662911493062e-21 1.479605953805813465e-21
4.008147384825860193e+00 8.860324839030824351e-21 1.620940687558731920e-21
4.008812384825431785e+00 6.005855574381888962e-21 1.551128755260483676e-21
4.009477384825003377e+00 9.185162721454233278e-21 1.588660196853379653e-21
4.010142384824574968e+00 6.456429675165541383e-21 1.523344393254924492e-21
4.010807384824146560e+00 7.164895548163049151e-21 1.690250192174651005e-21
4.011472384823718151e+00 4.084109859019815743e-21 1.470949354271071648e-21
4.012137384823289743e+00 1.074137029007388605e-20 3.513091248159628865e-21
4.012802384822861335e+00 9.893642291106448691e-21 1.721895041226006416e-20
4.013467384822432926e+00 1.344123786206541869e-20 4.005740837627537354e-20
4.014132384822004518e+00 2.050709598746451834e-20 1.738829500076572737e-21
4.014797384821576109e+00 2.142002138903480228e-20 1.489223850519643217e-21
4.015462384821147701e+00 9.923894621253821539e-21 1.574459283442956614e-21
4.016127384820719293e+00 1.169477830788791721e-20 1.728183153394212188e-21
4.016792384820290884e+00 8.378853501146219005e-21 1.779105286454721427e-21
4.017457384819862476e+00 -9.843495316529482424e-22 1.763861444876898755e-21
4.018122384819434068e+00 6.293738411932945951e-21 1.858017741537374770e-21
4.018787384819005659e+00 9.897363466248003839e-21 2.011313628389630409e-21
4.019452384818577251e+00 2.308733064085050189e-21 1.977526312368379819e-21
4.020117384818148842e+00 1.537036571813141806e-20 2.284153972255729380e-21
4.020782384817720434e+00 1.148608390819812249e-20 2.409638516248532277e-21
4.021447384817292026e+00 8.146970257740436567e-21 2.191012928092450141e-21
4.022112384816863617e+00 1.046538309375428005e-20 2.429709942029492164e-21
4.022777384816435209e+00 1.176360040621750170e-20 2.613060324617606684e-21
4.023442384816006800e+00 9.551304249243087667e-21 2.392956005292828525e-21
4.024107384815578392e+00 1.403257772787073071e-20 2.501103132733447998e-21
4.024772384815149984e+00 1.503297684295392670e-20 2.499830441790894501e-21
4.025437384814721575e+00 1.445619858441781936e-20 2.369562378644122205e-21
4.026102384814293167e+00 1.048838194926840262e-20 2.542865439224837462e-21
4.026767384813864759e+00 7.469234406809923798e-21 2.344485846994967063e-21
4.027432384813436350e+00 7.494814231483338075e-21 2.679443703374154113e-21
4.028097384813007942e+00 -6.742334641522208927e-22 2.983175372268370934e-21
4.028762384812579533e+00 1.338386627872290142e-21 2.212427835140146348e-21
4.029427384812151125e+00 1.069517437636477696e-20 2.513204121619390956e-21
4.030092384811722717e+00 1.249213426301878936e-21 2.658653585018195167e-21
4.030757384811294308e+00 4.035057939808197445e-21 3.661880431754845732e-21
4.031422384810865900e+00 8.822570539460102436e-21 3.469205877644455751e-21
4.032087384810437491e+00 1.166680352329691245e-21 3.160567293141760503e-21
4.032752384810009083e+00 2.272165939851229275e-20 5.785786396440726800e-21
4.033417384809580675e+00 1.900700038626819901e-20 3.882377867976862755e-21
4.034082384809152266e+00 1.012458382213837698e-20 3.187586673327292602e-21
4.034747384808723858e+00 2.040572255395991150e-20 4.972663865982863385e-21
4.035412384808295450e+00 -2.772653955006356077e-21 3.871665189081851634e-21
4.036077384807867041e+00 8.287373057579056889e-21 3.139869650916917359e-21
4.036742384807438633e+00 9.091250892666098918e-21 3.922568853333292491e-21
4.037407384807010224e+00 7.024336961872307258e-21 3.661095487200997478e-21
4.038072384806581816e+00 1.243633913381175365e-20 3.409902229606584245e-21
4.038737384806153408e+00 4.794467388853185750e-21 3.287640986923329436e-21
4.039402384805724999e+00 8.404791041511583649e-21 3.605335952252021734e-21
4.040067384805296591e+00 1.113819196736961918e-20 3.330994607473548930e-21
4.040732384804868182e+00 3.761893696130023898e-21 2.538138684352591941e-21
4.041397384804439774e+00 5.843734020865246229e-21 3.586137717668364021e-21
4.042062384804011366e+00 4.885443396993194483e-21 3.421370687899494503e-21
4.042727384803582957e+00 -7.998064467938856679e-21 3.413645068967138178e-21
4.043392384803154549e+00 1.090307432043360921e-20 3.971054405946590347e-21
4.044057384802726141e+00 -7.563339992547965323e-22 3.769969577338553600e-21
4.044722384802297732e+00 -1.420915566986129469e-21 3.366730901491194876e-21
4.045387384801869324e+00 7.763100446650300377e-21 2.761353386433613969e-21
4.046052384801440915e+00 2.373154628820039833e-21 3.473447498686304696e-21
4.046717384801012507e+00 1.870875599785989721e-21 3.134032254999933128e-21
4.047382384800584099e+00 9.740407335625977148e-21 4.018042241108250106e-21
4.048047384800155690e+00 6.147816253798111917e-21 3.927969924809776563e-21
4.048712384799727282e+00 3.080146971348919529e-21 4.535699253683863061e-21
4.049377384799298873e+00 2.753544237402773345e-21 4.139184960742788917e-21
4.050042384798870465e+00 -1.167353605610025709e-20 2.802699294779743062e-21
4.050707384798442057e+00 -1.934743653239635911e-21 3.351091798101762712e-21
4.051372384798013648e+00 -2.778230796831551497e-21 3.614533013474366875e-21
4.052037384797585240e+00 2.172856794170157553e-21 3.157236964708800458e-21
4.052702384797156832e+00 -7.035832216000191611e-21 3.177466934565022284e-21
4.053367384796728423e+00 4.894170797815346686e-21 3.791483266727095679e-21
4.054032384796300015e+00 5.845390442021629449e-21 3.762830923347399316e-21
4.054697384795871606e+00 2.107811808344346716e-20 4.526094424485207027e-21
4.055362384795443198e+00 1.260503758103726812e-20 3.546679383839707691e-21
4.056027384795014790e+00 1.572520919121997705e-20 3.694803202212467184e-21
4.056692384794586381e+00 1.582237030607081248e-20 3.802190725365533057e-21
4.057357384794157973e+00 1.445574296425296241e-20 3.559054697852481263e-21
4.058022384793729564e+00 1.351622748926875295e-20 5.349483990096159617e-21
4.058687384793301156e+00 1.833508580904159494e-20 5.085249150479510646e-21
4.059352384792872748e+00 2.725231230931144773e-20 5.752334480109464863e-21
4.060017384792444339e+00 1.033374018685156364e-20 5.661622120551133842e-21
4.060682384792015931e+00 1.157712310229209874e-20 5.222754003634351293e-21
4.061347384791587523e+00 8.154639137401792612e-21 4.432339305853809921e-21
4.062012384791159114e+00 1.197276263764578820e-20 3.470888143987241107e-21
4.062677384790730706e+00 3.345325437469008591e-20 6.315146525758039163e-21
4.063342384790302297e+00 3.269611207140992441e-20 7.687573260735422386e-21
4.064007384789873889e+00 1.051207481480968630e-20 4.280100002706220140e-21
4.064672384789445481e+00 -7.291117942167271158e-21 2.803780882508675933e-21
4.065337384789017072e+00 -4.543721069728810677e-21 1.931645127975335848e-21
4.066002384788588664e+00 7.061909615815040528e-23 2.423288087444883536e-21
4.066667384788160255e+00 7.919588765134443938e-22 3.003178635283181739e-21
4.067332384787731847e+00 0.000000000000000000e+00 0.000000000000000000e+00
4.067997384787303439e+00 0.000000000000000000e+00 0.000000000000000000e+00
4.068662384786875030e+00 0.000000000000000000e+00 0.000000000000000000e+00
4.069327384786446622e+00 0.000000000000000000e+00 0.000000000000000000e+00
4.069992384786018214e+00 0.000000000000000000e+00 0.000000000000000000e+00
4.070657384785589805e+00 0.000000000000000000e+00 0.000000000000000000e+00
4.071322384785161397e+00 0.000000000000000000e+00 0.000000000000000000e+00
4.071987384784732988e+00 0.000000000000000000e+00 0.000000000000000000e+00
4.072652384784304580e+00 0.000000000000000000e+00 0.000000000000000000e+00
4.073317384783876172e+00 0.000000000000000000e+00 0.000000000000000000e+00
4.073982384783447763e+00 0.000000000000000000e+00 0.000000000000000000e+00
4.074647384783019355e+00 0.000000000000000000e+00 0.000000000000000000e+00
4.075312384782590946e+00 0.000000000000000000e+00 0.000000000000000000e+00
4.075977384782162538e+00 0.000000000000000000e+00 0.000000000000000000e+00
4.076642384781734130e+00 0.000000000000000000e+00 0.000000000000000000e+00
4.077307384781305721e+00 0.000000000000000000e+00 0.000000000000000000e+00
4.077972384780877313e+00 0.000000000000000000e+00 0.000000000000000000e+00
4.078637384780448905e+00 0.000000000000000000e+00 0.000000000000000000e+00
4.079302384780020496e+00 0.000000000000000000e+00 0.000000000000000000e+00
4.079967384779592088e+00 0.000000000000000000e+00 0.000000000000000000e+00
4.080632384779163679e+00 0.000000000000000000e+00 0.000000000000000000e+00
4.081297384778735271e+00 0.000000000000000000e+00 0.000000000000000000e+00
4.081962384778306863e+00 0.000000000000000000e+00 0.000000000000000000e+00
4.082627384777878454e+00 0.000000000000000000e+00 0.000000000000000000e+00
4.083292384777450046e+00 0.000000000000000000e+00 0.000000000000000000e+00
4.083957384777021637e+00 0.000000000000000000e+00 0.000000000000000000e+00
4.084622384776593229e+00 0.000000000000000000e+00 0.000000000000000000e+00
4.085287384776164821e+00 0.000000000000000000e+00 0.000000000000000000e+00
4.085952384775736412e+00 0.000000000000000000e+00 0.000000000000000000e+00
4.086617384775308004e+00 0.000000000000000000e+00 0.000000000000000000e+00
4.087282384774879596e+00 0.000000000000000000e+00 0.000000000000000000e+00
4.087947384774451187e+00 0.000000000000000000e+00 0.000000000000000000e+00
4.088612384774022779e+00 0.000000000000000000e+00 0.000000000000000000e+00
4.089277384773594370e+00 0.000000000000000000e+00 0.000000000000000000e+00
4.089942384773165962e+00 0.000000000000000000e+00 0.000000000000000000e+00
4.090607384772737554e+00 0.000000000000000000e+00 0.000000000000000000e+00
4.091272384772309145e+00 0.000000000000000000e+00 0.000000000000000000e+00
4.091937384771880737e+00 0.000000000000000000e+00 0.000000000000000000e+00
4.092602384771452328e+00 0.000000000000000000e+00 0.000000000000000000e+00
4.093267384771023920e+00 0.000000000000000000e+00 0.000000000000000000e+00
4.093932384770595512e+00 0.000000000000000000e+00 0.000000000000000000e+00
4.094597384770167103e+00 0.000000000000000000e+00 0.000000000000000000e+00
4.095262384769738695e+00 0.000000000000000000e+00 0.000000000000000000e+00
4.095927384769310287e+00 0.000000000000000000e+00 0.000000000000000000e+00
4.096592384768881878e+00 0.000000000000000000e+00 0.000000000000000000e+00
4.097257384768453470e+00 0.000000000000000000e+00 0.000000000000000000e+00
4.097922384768025061e+00 0.000000000000000000e+00 0.000000000000000000e+00
4.098587384767596653e+00 0.000000000000000000e+00 0.000000000000000000e+00
4.099252384767168245e+00 0.000000000000000000e+00 0.000000000000000000e+00
4.099917384766739836e+00 0.000000000000000000e+00 0.000000000000000000e+00
4.100582384766311428e+00 0.000000000000000000e+00 0.000000000000000000e+00
4.101247384765883019e+00 0.000000000000000000e+00 0.000000000000000000e+00
4.101912384765454611e+00 0.000000000000000000e+00 0.000000000000000000e+00
4.102577384765026203e+00 0.000000000000000000e+00 0.000000000000000000e+00
4.103242384764597794e+00 0.000000000000000000e+00 0.000000000000000000e+00
4.103907384764169386e+00 0.000000000000000000e+00 0.000000000000000000e+00
4.104572384763740978e+00 0.000000000000000000e+00 0.000000000000000000e+00
4.105237384763312569e+00 0.000000000000000000e+00 0.000000000000000000e+00
4.105902384762884161e+00 0.000000000000000000e+00 0.000000000000000000e+00
4.106567384762455752e+00 0.000000000000000000e+00 0.000000000000000000e+00
4.107232384762027344e+00 0.000000000000000000e+00 0.000000000000000000e+00
4.107897384761598936e+00 0.000000000000000000e+00 0.000000000000000000e+00
4.108562384761170527e+00 0.000000000000000000e+00 0.000000000000000000e+00
4.109227384760742119e+00 0.000000000000000000e+00 0.000000000000000000e+00
4.109892384760313711e+00 0.000000000000000000e+00 0.000000000000000000e+00
4.110557384759885302e+00 0.000000000000000000e+00 0.000000000000000000e+00
4.111222384759456894e+00 0.000000000000000000e+00 0.000000000000000000e+00
4.111887384759028485e+00 0.000000000000000000e+00 0.000000000000000000e+00
4.112552384758600077e+00 0.000000000000000000e+00 0.000000000000000000e+00
4.113217384758171669e+00 0.000000000000000000e+00 0.000000000000000000e+00
4.113882384757743260e+00 0.000000000000000000e+00 0.000000000000000000e+00
4.114547384757314852e+00 0.000000000000000000e+00 0.000000000000000000e+00
4.115212384756886443e+00 0.000000000000000000e+00 0.000000000000000000e+00
4.115877384756458035e+00 0.000000000000000000e+00 0.000000000000000000e+00
4.116542384756029627e+00 0.000000000000000000e+00 0.000000000000000000e+00
4.117207384755601218e+00 0.000000000000000000e+00 0.000000000000000000e+00
4.117872384755172810e+00 0.000000000000000000e+00 0.000000000000000000e+00
4.118537384754744402e+00 0.000000000000000000e+00 0.000000000000000000e+00
4.119202384754315105e+00 0.000000000000000000e+00 0.000000000000000000e+00
4.119867384753886697e+00 0.000000000000000000e+00 0.000000000000000000e+00
4.120532384753458288e+00 0.000000000000000000e+00 0.000000000000000000e+00
4.121197384753029880e+00 0.000000000000000000e+00 0.000000000000000000e+00
4.121862384752601471e+00 0.000000000000000000e+00 0.000000000000000000e+00
4.122527384752173063e+00 0.000000000000000000e+00 0.000000000000000000e+00
4.123192384751744655e+00 0.000000000000000000e+00 0.000000000000000000e+00
4.123857384751316246e+00 0.000000000000000000e+00 0.000000000000000000e+00
4.124522384750887838e+00 0.000000000000000000e+00 0.000000000000000000e+00
4.125187384750459429e+00 2.627743971011827092e-21 3.183137021064264996e-21
4.125852384750031021e+00 -6.052000019171112268e-21 3.375522189156347519e-21
4.126517384749602613e+00 -3.999441664219773490e-21 2.274306929260669755e-21
4.127182384749174204e+00 -8.855305904226654011e-22 1.259876674552833241e-21
4.127847384748745796e+00 -2.191989194532892296e-21 1.679111425264155898e-21
4.128512384748317388e+00 7.248206437822362985e-21 6.946317385931825206e-21
4.129177384747888979e+00 -1.048919528405455539e-20 3.490989735648676843e-21
4.129842384747460571e+00 3.263461397069017380e-21 4.237561926260812301e-21
4.130507384747032162e+00 -6.655483939244076043e-21 7.038142344909982398e-21
4.131172384746603754e+00 1.301413207896145398e-20 5.253749672038077629e-21
4.131837384746175346e+00 4.326190729172044731e-20 1.249197291338300182e-20
4.132502384745746937e+00 6.928264850387588284e-21 6.453498182965009581e-21
4.133167384745318529e+00 1.945890788122667123e-20 6.559497010650126789e-21
4.133832384744890120e+00 1.656124543415377855e-20 6.920787231550903537e-21
4.134497384744461712e+00 8.925893631096251783e-21 5.630613522980355279e-21
4.135162384744033304e+00 1.727179832314318308e-20 6.556840374655891079e-21
4.135827384743604895e+00 1.824990581334262919e-20 5.098459265122182741e-21
4.136492384743176487e+00 1.045689495659426220e-20 5.314784409516551264e-21
4.137157384742748079e+00 9.060446514685956276e-22 3.462511020938004800e-21
4.137822384742319670e+00 8.534175738089598392e-21 3.953375968216843380e-21
4.138487384741891262e+00 7.095323497260471078e-21 4.773259333096349648e-21
4.139152384741462853e+00 8.564762988601784288e-21 6.022163370986903102e-21
4.139817384741034445e+00 3.534566305432069088e-20 8.908813761773036288e-21
4.140482384740606037e+00 1.967827380747937568e-20 5.975662625668652543e-21
4.141147384740177628e+00 1.085936882948980249e-20 3.902174909466520809e-21
4.141812384739749220e+00 6.732793274999454619e-21 4.607703816339081947e-21
4.142477384739320811e+00 1.841696484746054191e-21 4.598650196036413954e-21
4.143142384738892403e+00 2.042657713936761569e-20 5.789182504429271188e-21
4.143807384738463995e+00 1.089824828156209871e-20 4.298108709527490241e-21
4.144472384738035586e+00 4.882456747759783076e-21 5.427681032750240115e-21
4.145137384737607178e+00 1.106088350777291067e-20 4.628266679973049333e-21
4.145802384737178770e+00 1.692460530627337611e-20 4.790481274163315533e-21
4.146467384736750361e+00 1.739901695161873823e-20 4.942936365799720301e-21
4.147132384736321953e+00 1.232991381098420398e-21 4.321167863182500723e-21
4.147797384735893544e+00 -2.483890651242541955e-21 4.719247103871870409e-21
4.148462384735465136e+00 1.362452397050022323e-20 3.995737448281416352e-21
4.149127384735036728e+00 1.482295424881152306e-20 4.059923896337025531e-21
4.149792384734608319e+00 2.036464210070746905e-20 4.509840351710790385e-21
4.150457384734179911e+00 1.300834810095800991e-20 5.175363710583906168e-21
4.151122384733751502e+00 4.646597448308683799e-21 4.663449973368398770e-21
4.151787384733323094e+00 -2.047378450516967299e-21 5.184910060710023485e-21
4.152452384732894686e+00 -9.399092960212309360e-22 4.919007186735079395e-21
4.153117384732466277e+00 6.625523108071974324e-21 4.366068279147624111e-21
4.153782384732037869e+00 1.282438919591886519e-20 4.590226459689644433e-21
4.154447384731609461e+00 1.117286543250056705e-20 4.749414672711532107e-21
4.155112384731181052e+00 4.552122199410840749e-21 3.667171794634887787e-21
4.155777384730752644e+00 9.571325509080204621e-21 3.857102501371365582e-21
4.156442384730324235e+00 2.141917698143380437e-20 4.871690532048923461e-21
4.157107384729895827e+00 2.894599751883983687e-20 5.398520385506479390e-21
4.157772384729467419e+00 1.990710042364239921e-20 4.725923287871762584e-21
4.158437384729039010e+00 6.787118368607574400e-21 3.577623541419356350e-21
4.159102384728610602e+00 -3.738654907244542664e-21 3.619577460004784355e-21
4.159767384728182193e+00 2.552392389218486141e-22 4.461763109815893032e-21
4.160432384727753785e+00 1.078313860120811656e-20 4.231099675831382640e-21
4.161097384727325377e+00 1.080696373998875086e-20 4.602592319717071737e-21
4.161762384726896968e+00 -1.641799067795760728e-21 4.232081714747732112e-21
4.162427384726468560e+00 2.759033672592399152e-21 4.410370042058633853e-21
4.163092384726040152e+00 2.744382205196186713e-21 3.250460713725439398e-21
4.163757384725611743e+00 2.920388743658829590e-21 3.027817639453748771e-21
4.164422384725183335e+00 6.170869300437013243e-21 3.066315830995304559e-21
4.165087384724754926e+00 4.381461012311173679e-21 3.162629890090958473e-21
4.165752384724326518e+00 1.050004669139750302e-20 3.033888009018820090e-21
4.166417384723898110e+00 7.154807504691516839e-21 2.611764056458709279e-21
4.167082384723469701e+00 4.254834568829907777e-21 2.663787200366090427e-21
4.167747384723041293e+00 1.345023272562585686e-20 3.428112646914576885e-21
4.168412384722612885e+00 9.464668940512480793e-21 3.169895058550089109e-21
4.169077384722184476e+00 1.096121388121249225e-20 2.922515981381787191e-21
4.169742384721756068e+00 5.901676744861948417e-21 2.768435239229911974e-21
4.170407384721327659e+00 7.446056330446889358e-21 3.191112558546710115e-21
4.171072384720899251e+00 1.360155174874644898e-20 3.255644391529732671e-21
4.171737384720470843e+00 1.574461880639556255e-20 3.212042452715642582e-21
4.172402384720042434e+00 1.015839474682285240e-20 2.890409167111018803e-21
4.173067384719614026e+00 -1.290486613928649669e-21 3.058445081460420497e-21
4.173732384719185617e+00 1.221126912827359089e-20 3.969789004388434956e-21
4.174397384718757209e+00 1.166480148673151302e-20 3.244410595627246118e-21
4.175062384718328801e+00 5.093918129718034418e-21 2.674691771146340830e-21
4.175727384717900392e+00 1.199699997402599867e-20 2.954199474945283890e-21
4.176392384717471984e+00 9.663026640607584412e-21 3.026002889366791286e-21
4.177057384717043576e+00 8.081766146918574507e-22 2.599872732405665384e-21
4.177722384716615167e+00 7.151716126721248068e-21 2.651159711830129007e-21
4.178387384716186759e+00 1.022790581441805578e-20 2.650275460380153010e-21
4.179052384715758350e+00 9.046478020422737040e-21 2.880217980290876803e-21
4.179717384715329942e+00 1.084345949146449968e-20 3.012992571873682066e-21
4.180382384714901534e+00 9.281746635649240699e-21 2.927779014409132859e-21
4.181047384714473125e+00 7.042190401303802644e-21 2.599734840010348908e-21
4.181712384714044717e+00 1.050922401049486869e-20 2.766468318221247368e-21
4.182377384713616308e+00 5.703977392767299944e-21 2.684845721051027425e-21
4.183042384713187900e+00 1.342870393630788609e-20 2.685851227563924607e-21
4.183707384712759492e+00 4.206927330258710028e-21 2.447976140466793412e-21
4.184372384712331083e+00 1.511291834740560667e-22 2.476054688756482196e-21
4.185037384711902675e+00 -6.917956722345931302e-21 2.346512062454157412e-21
4.185702384711474267e+00 2.784197659453636141e-21 2.312932487223902155e-21
4.186367384711045858e+00 1.048933335977972368e-20 2.814872278126791235e-21
4.187032384710617450e+00 1.249982892465035983e-20 2.539564216163305180e-21
4.187697384710189041e+00 1.399009464630495737e-20 2.226458923746668870e-21
4.188362384709760633e+00 1.881068817993627742e-21 1.968196978072187647e-21
4.189027384709332225e+00 1.130845073563190303e-20 2.057056676826888199e-21
4.189692384708903816e+00 1.399147937390178857e-20 1.882799133093153124e-21
4.190357384708475408e+00 6.157827243597422618e-21 1.898658624993257991e-21
4.191022384708046999e+00 1.263254585307815929e-20 2.196775393561207402e-21
4.191687384707618591e+00 1.091080792608673855e-20 2.076267246471328180e-21
4.192352384707190183e+00 8.888225358047949355e-21 2.125031983834822231e-21
4.193017384706761774e+00 7.761983250238361209e-21 2.038702098787487441e-21
4.193682384706333366e+00 1.231149627819709827e-20 2.014113660697142643e-21
4.194347384705904958e+00 5.688174046485549609e-21 1.968832229345785658e-21
4.195012384705476549e+00 1.246097328827307935e-20 1.815452048169017363e-21
4.195677384705048141e+00 1.324030375331955706e-20 1.850642428161857878e-21
4.196342384704619732e+00 4.526881633038891685e-21 1.866161746611400946e-21
4.197007384704191324e+00 5.500710495118507506e-21 1.766693136519538933e-21
4.197672384703762916e+00 -4.347578282013284559e-21 1.866528448814676968e-21
4.198337384703334507e+00 6.809154390905954879e-21 1.806337115779297009e-21
4.199002384702906099e+00 5.702386553308478905e-22 2.037737514790781607e-21
4.199667384702477690e+00 1.033705292533976090e-20 2.083410654341171853e-21
4.200332384702049282e+00 1.151747251671695871e-20 2.077213856825967898e-21
4.200997384701620874e+00 4.872744397926795529e-21 2.096009490629837270e-21
4.201662384701192465e+00 7.511706042823475663e-21 2.087386745233529340e-21
4.202327384700764057e+00 1.841102840697227985e-20 2.063889343549432236e-21
4.202992384700335649e+00 9.763426649506542667e-21 2.070108297621647774e-21
4.203657384699907240e+00 3.946471910470494985e-21 1.943505944585654273e-21
4.204322384699478832e+00 -6.741607177129931361e-21 1.883636497266626418e-21
4.204987384699050423e+00 1.555688579258311017e-20 2.130343619887497162e-21
4.205652384698622015e+00 1.618161568599288868e-20 1.916444423509646930e-21
4.206317384698193607e+00 5.055246868278490096e-21 2.162662415500255050e-21
4.206982384697765198e+00 3.716056695232220200e-21 1.813359178467404004e-21
4.207647384697336790e+00 1.284983527427453131e-20 2.286709402643580339e-21
4.208312384696908381e+00 2.230789412803790354e-20 2.206807433922886808e-21
4.208977384696479973e+00 6.690768014454625584e-21 2.193107920360442591e-21
4.209642384696051565e+00 9.495208565679304761e-21 2.442645551901929913e-21
4.210307384695623156e+00 7.920120750755385277e-21 2.185647107725503775e-21
4.210972384695194748e+00 6.908641657280440819e-21 1.951280971493919742e-21
4.211637384694766340e+00 3.883932922014115720e-21 2.129959195694379517e-21
4.212302384694337931e+00 7.247301527641743654e-21 2.201762740869998737e-21
4.212967384693909523e+00 1.318979179336050665e-21 2.350674062519174610e-21
4.213632384693481114e+00 6.816981268013584981e-21 2.140830591119664981e-21
4.214297384693052706e+00 1.601498552891211086e-20 2.111942965983923204e-21
4.214962384692624298e+00 2.566046860570709759e-21 2.595292562428558897e-21
4.215627384692195889e+00 3.720023754950192715e-24 2.167645170406502309e-21
4.216292384691767481e+00 1.876425031785457850e-20 2.372305700430535696e-21
4.216957384691339072e+00 9.271681773024195001e-21 2.187756069092863211e-21
4.217622384690910664e+00 1.808639851025957569e-20 2.282273644813463088e-21
4.218287384690482256e+00 1.270855018428600373e-20 2.156273180983357151e-21
4.218952384690053847e+00 2.784650199525683220e-21 2.144970415694369403e-21
4.219617384689625439e+00 -2.339467058188802420e-21 2.020225673491892038e-21
4.220282384689197031e+00 1.328351025590375408e-20 2.073679462746201094e-21
4.220947384688768622e+00 1.761903442464417266e-20 2.090118058692244636e-21
4.221612384688340214e+00 1.639860996842067770e-20 2.226141548003988709e-21
4.222277384687911805e+00 1.926948873541118311e-20 2.270456861126142149e-21
4.222942384687483397e+00 1.396688376134552240e-20 2.099713439474261970e-21
4.223607384687054989e+00 3.622240379609150521e-21 1.994700158574412724e-21
4.224272384686626580e+00 1.156926526381089051e-20 1.893736938980853934e-21
4.224937384686198172e+00 4.308923456130673492e-21 2.053695521765359965e-21
4.225602384685769763e+00 1.252246712289437358e-20 1.821317639232012169e-21
4.226267384685341355e+00 8.298092472314216873e-21 1.817653212813267330e-21
4.226932384684912947e+00 8.214536255350633135e-21 2.195641656844954211e-21
4.227597384684484538e+00 8.202253399054828900e-21 1.746059248704824623e-21
4.228262384684056130e+00 -2.242229538624308349e-21 1.904102349345145520e-21
4.228927384683627722e+00 5.251884630252488318e-21 1.793206768376634322e-21
4.229592384683199313e+00 9.672242961520351498e-21 2.294834968319910090e-21
4.230257384682770905e+00 8.216141436174786683e-21 2.057891764764069379e-21
4.230922384682342496e+00 7.369767828577462553e-21 1.806371479700083997e-21
4.231587384681914088e+00 -2.055737908912606964e-21 2.151726938827505188e-21
4.232252384681485680e+00 6.768985302709089416e-21 1.887434809568347572e-21
4.232917384681057271e+00 1.786853829371351201e-20 1.990609821485895468e-21
4.233582384680628863e+00 5.572441184269483779e-21 6.163136079065922520e-21
4.234247384680200454e+00 -7.950789890597811862e-21 4.507378145132242982e-21
4.234912384679772046e+00 -8.594886825602658861e-22 2.173468575736474777e-21
4.235577384679343638e+00 1.647208695760347719e-21 2.096635294742966708e-21
4.236242384678915229e+00 9.610568238219974025e-21 2.985624497676376385e-21
4.236907384678486821e+00 1.875714626191556112e-20 2.493518973331403826e-21
4.237572384678058413e+00 1.220095381266187197e-20 1.918068568024246311e-21
4.238237384677630004e+00 9.827702350551262976e-21 2.117786435430393047e-21
4.238902384677201596e+00 -3.934812730958370336e-21 2.194206474402139348e-21
4.239567384676773187e+00 9.230890322177230149e-21 1.943966715514259966e-21
4.240232384676344779e+00 1.292896482267798030e-20 2.107947823349326384e-21
4.240897384675916371e+00 1.166398637010363445e-20 2.523558021917424522e-21
4.241562384675487962e+00 7.318266410586968214e-21 2.046656055275144258e-21
4.242227384675059554e+00 5.781730463334786284e-21 2.009341002894260704e-21
4.242892384674631145e+00 -2.540790129886191757e-22 1.946337549236303335e-21
4.243557384674202737e+00 -3.367227649607635273e-21 2.065140031703709949e-21
4.244222384673774329e+00 9.280280293008678841e-21 2.092864548699051359e-21
4.244887384673345920e+00 1.628683607761450423e-20 2.297869585424290728e-21
4.245552384672917512e+00 1.159065986357366412e-20 2.126595148976152667e-21
4.246217384672489104e+00 1.287799590309353107e-20 2.034332051869097883e-21
4.246882384672060695e+00 -2.528098281372492483e-21 2.372936894512343359e-21
4.247547384671632287e+00 5.575295035964640084e-21 2.267438855774484912e-21
4.248212384671203878e+00 1.297179925346735935e-20 2.163695592711117618e-21
4.248877384670775470e+00 1.496880689803683631e-21 2.095271952974973858e-21
4.249542384670347062e+00 2.669288669772522323e-21 2.213549084183065365e-21
4.250207384669918653e+00 1.733247504108554772e-21 2.040341393379514742e-21
4.250872384669490245e+00 4.698874555405706586e-21 2.041910093580414214e-21
4.251537384669061836e+00 4.716582110457473351e-21 2.081388135597443097e-21
4.252202384668633428e+00 2.602692559412249512e-21 2.494126863397594358e-21
4.252867384668205020e+00 1.513440953405958526e-21 2.175223542148912922e-21
4.253532384667776611e+00 6.408166393701129866e-21 2.095342234812604606e-21
4.254197384667348203e+00 2.190699423176586685e-20 2.214186182512389547e-21
4.254862384666919795e+00 7.872519320163464226e-21 2.159349346823882100e-21
4.255527384666491386e+00 6.985590546678453833e-21 2.058526748127163226e-21
4.256192384666062978e+00 1.004937119325828150e-20 2.607005502769408269e-21
4.256857384665634569e+00 1.086161888253266208e-20 3.358145646278860670e-21
4.257522384665206161e+00 -2.134322514100363483e-21 1.820057677441128028e-21
4.258187384664777753e+00 2.101171572672375201e-21 2.100443290308914402e-21
4.258852384664349344e+00 3.699780126809446149e-21 2.076794573985848812e-21
4.259517384663920936e+00 1.639288820490634253e-21 2.087363788258473694e-21
4.260182384663492527e+00 7.697228432092531444e-21 1.857460265959055018e-21
4.260847384663064119e+00 1.548292611472958447e-20 2.169995403544575258e-21
4.261512384662635711e+00 2.565381073262795429e-21 2.227883344364195399e-21
4.262177384662207302e+00 4.357121876462391148e-21 2.169948955526288492e-21
4.262842384661778894e+00 1.366515362913233859e-20 2.670773655604674023e-21
4.263507384661350486e+00 8.419225771896081721e-21 2.053675213498632887e-21
4.264172384660922077e+00 7.090314382666812323e-21 2.011803874691296812e-21
4.264837384660493669e+00 9.241539683146382132e-21 2.231734286174169342e-21
4.265502384660065260e+00 -6.678787267117214050e-21 2.138063872374373013e-21
4.266167384659636852e+00 -3.975563212608110417e-21 2.576436902347799092e-21
4.266832384659208444e+00 7.448509710888238175e-21 2.734200196790858190e-21
4.267497384658780035e+00 1.135533715981448135e-20 2.744516916746668512e-21
4.268162384658351627e+00 3.445034479045838750e-21 2.549130548393316431e-21
4.268827384657923218e+00 7.249870570677920090e-21 2.005226480536047096e-21
4.269492384657494810e+00 1.240470302706390840e-20 3.166215891701404761e-21
4.270157384657066402e+00 1.777467742595033860e-20 4.171169101614267584e-21
4.270822384656637993e+00 1.701306639817155682e-20 3.685654405415388769e-21
4.271487384656209585e+00 2.561333088941844776e-20 3.530537534711314931e-21
4.272152384655781177e+00 1.924073487689722995e-21 2.423344556185772624e-21
4.272817384655352768e+00 1.630933838165577413e-20 2.052052098826247438e-21
4.273482384654924360e+00 6.771558610877347014e-21 2.043695527795650242e-21
4.274147384654495951e+00 1.670515110665796784e-21 1.940654838405652308e-21
4.274812384654067543e+00 5.490719702593445567e-21 2.323167821384524934e-21
4.275477384653639135e+00 1.492941311309348602e-20 2.557548820023057320e-21
4.276142384653210726e+00 1.083463165648460153e-20 2.177994521520166320e-21
4.276807384652782318e+00 1.138240398175014998e-20 2.100409096173968305e-21
4.277472384652353909e+00 8.676732821353657003e-21 1.853149776672776385e-21
4.278137384651925501e+00 6.239775770620751148e-21 2.014570953906810608e-21
4.278802384651497093e+00 3.013556896737448234e-21 2.333625684389169564e-21
4.279467384651068684e+00 3.231105863832779282e-21 1.893027877299781345e-21
4.280132384650640276e+00 5.404287909650687607e-21 2.435292882839898328e-21
4.280797384650211868e+00 5.431315019945989499e-21 2.025728953353147810e-21
4.281462384649783459e+00 1.096571525517635222e-20 2.225106485261940786e-21
4.282127384649355051e+00 3.749696101181553592e-20 2.841262559236207945e-21
4.282792384648926642e+00 1.963298089880717992e-20 2.585938460212796192e-21
4.283457384648498234e+00 9.820926631053972649e-21 2.069786819361316921e-21
4.284122384648069826e+00 5.651506756007052531e-21 2.801054351938478002e-21
4.284787384647641417e+00 1.304602461868182230e-20 2.215268031926200861e-21
4.285452384647213009e+00 2.441685694137900054e-21 3.596208324704249856e-21
4.286117384646784600e+00 6.507277785840023913e-21 2.233668121749505010e-21
4.286782384646356192e+00 9.761400561897066994e-21 2.206464087282393052e-21
4.287447384645927784e+00 8.038291037371879738e-21 1.940858120155639781e-21
4.288112384645499375e+00 8.944999958708686051e-21 2.002831046983688920e-21
4.288777384645070967e+00 1.418165644118229751e-20 2.152327131104964631e-21
4.289442384644642559e+00 7.028756233834971002e-21 2.001466109015181765e-21
4.290107384644214150e+00 -6.467871899150427299e-23 2.854264516126747297e-21
4.290772384643785742e+00 4.651050513141018089e-21 2.037025766938593662e-21
4.291437384643357333e+00 -4.812516607803207098e-21 1.873219946218689842e-21
4.292102384642928925e+00 6.272649796989137751e-21 2.003758338636469791e-21
4.292767384642500517e+00 -2.927080750630457857e-22 1.968505351942307612e-21
4.293432384642072108e+00 -6.228971876206548074e-21 2.513772691434453962e-21
4.294097384641643700e+00 8.845071326985913443e-21 2.320727717020132034e-21
4.294762384641215291e+00 1.294058601061962371e-21 2.201183261585250331e-21
4.295427384640786883e+00 7.997756783844340980e-21 2.129380269019052016e-21
4.296092384640358475e+00 1.203705264817800374e-20 2.496359892470380520e-21
4.296757384639930066e+00 1.062328660867797155e-20 2.297554585649095464e-21
4.297422384639501658e+00 1.582784917645333369e-20 2.230797969437166244e-21
4.298087384639073250e+00 4.386431190358763497e-21 2.131208633987914176e-21
4.298752384638644841e+00 5.884494684269540018e-21 2.086295357420923608e-21
4.299417384638216433e+00 1.048313948164864781e-20 2.232045681430579872e-21
4.300082384637788024e+00 4.745775112532763640e-21 2.047890013492120381e-21
4.300747384637359616e+00 -3.952417946828805725e-22 2.235556162555862723e-21
4.301412384636931208e+00 1.364979173052396162e-20 2.539328311135175800e-21
4.302077384636502799e+00 3.205229846641793169e-20 2.247766100721102785e-20
4.302742384636074391e+00 1.822111133501629304e-20 6.270720672037520403e-21
4.303407384635645982e+00 1.206232906359528672e-20 4.011914352353584566e-21
4.304072384635217574e+00 7.630040543548240621e-21 2.378781338905607588e-21
4.304737384634789166e+00 1.464657335094024114e-20 2.240576508749346973e-21
4.305402384634360757e+00 1.732077147339886303e-21 2.009915901748327687e-21
4.306067384633932349e+00 8.132774568595423053e-21 1.965827449646879677e-21
4.306732384633503941e+00 2.304270172407515963e-21 1.947003430495283921e-21
4.307397384633075532e+00 1.242468731830797072e-21 2.279991229889838946e-21
4.308062384632647124e+00 5.408119007872295488e-21 2.241879531200468488e-21
4.308727384632218715e+00 7.996757887531176736e-22 2.679670800499118554e-21
4.309392384631790307e+00 1.097341657358718596e-20 2.519499904457055190e-21
4.310057384631361899e+00 4.769957630722574078e-21 2.206095161012685706e-21
4.310722384630933490e+00 -6.035086163616963865e-22 1.956885315119067782e-21
4.311387384630505082e+00 9.192552950953582103e-21 1.952053312350002733e-21
4.312052384630076673e+00 1.569792106760644669e-20 1.862790408283750254e-21
4.312717384629648265e+00 2.127559597882609974e-20 2.118156245714162860e-21
4.313382384629219857e+00 1.291773158709172946e-20 2.243944467882875405e-21
4.314047384628791448e+00 1.952634267939539123e-20 2.053817948304691094e-21
4.314712384628363040e+00 1.772993402778485218e-20 2.280858560549226103e-21
4.315377384627934632e+00 2.368815287551675498e-20 2.361841755151092734e-21
4.316042384627506223e+00 1.156957106400319385e-20 2.545103057122244264e-21
4.316707384627077815e+00 3.429538133606581979e-21 2.165878072083753339e-21
4.317372384626649406e+00 3.834675110551234394e-21 1.995610882468130565e-21
4.318037384626220998e+00 1.038199428185390415e-20 2.171931591329736791e-21
4.318702384625792590e+00 7.580574804452589422e-21 1.964906665134904919e-21
4.319367384625364181e+00 1.247951387148318184e-20 2.110776352698718279e-21
4.320032384624935773e+00 1.219035133195523447e-20 1.870083660941300481e-21
4.320697384624507364e+00 6.049110411081315829e-21 2.157491902061366726e-21
4.321362384624078956e+00 1.468898564913193692e-20 2.344032309090502442e-21
4.322027384623650548e+00 6.462058934858281683e-21 2.067479863718224832e-21
4.322692384623222139e+00 1.741193285663130163e-21 2.274355800495416914e-21
4.323357384622793731e+00 3.742440041716771401e-21 2.165732278344154840e-21
4.324022384622365323e+00 8.136158784755263769e-21 2.082457481129741831e-21
4.324687384621936914e+00 2.324383479648650127e-21 1.923384107562120134e-21
4.325352384621508506e+00 1.255272406660008514e-21 2.042787799884582954e-21
4.326017384621080097e+00 -4.185755526250050916e-21 1.806884799695145933e-21
4.326682384620651689e+00 1.627495686213913816e-21 2.019198658824976390e-21
4.327347384620223281e+00 2.049679165105651637e-21 2.082061096861618685e-21
4.328012384619794872e+00 5.197942817678235987e-21 1.885456623555061123e-21
4.328677384619366464e+00 1.768678538284558881e-20 2.366292668000676457e-21
4.329342384618938055e+00 -1.223759319802933157e-21 2.593009673483620881e-21
4.330007384618509647e+00 8.137645624034049013e-21 2.286795865255412129e-21
4.330672384618081239e+00 1.811567172740196215e-21 2.165945666363403945e-21
4.331337384617652830e+00 -3.717505737952517874e-22 2.056227288678482552e-21
4.332002384617224422e+00 -9.658341070105474861e-22 1.984402610781023607e-21
4.332667384616796014e+00 1.687700063407545544e-20 2.054711191273076198e-21
4.333332384616367605e+00 1.607025674092611358e-20 1.917277260909290543e-21
4.333997384615939197e+00 7.646864254305747502e-21 2.210567899106792562e-21
4.334662384615510788e+00 7.354238718416051188e-21 1.898476697271985312e-21
4.335327384615082380e+00 5.104791209924705469e-21 2.149140291300016347e-21
4.335992384614653972e+00 2.588675499263247168e-21 2.000405189969241668e-21
4.336657384614225563e+00 1.189456586986803453e-20 1.850980717470818356e-21
4.337322384613797155e+00 1.451661596055511132e-20 1.967904053653382369e-21
4.337987384613368746e+00 1.560418223399666036e-20 2.052606372641847780e-21
4.338652384612940338e+00 9.506958207483270468e-21 2.092731631631874955e-21
4.339317384612511930e+00 1.056374614070551981e-20 2.160296677210109352e-21
4.339982384612083521e+00 1.652802850525240411e-20 1.898991663166171730e-21
4.340647384611655113e+00 1.363414958898004219e-20 2.039771254139580596e-21
4.341312384611226705e+00 1.219542078824441675e-22 1.928162051606926545e-21
4.341977384610798296e+00 8.141842690319665354e-22 2.356710138595709312e-21
4.342642384610369888e+00 5.268251573723971799e-21 2.186724450600894295e-21
4.343307384609941479e+00 1.329893957619727324e-20 2.000806760246453819e-21
4.343972384609513071e+00 7.235835749779221033e-21 3.293171630905497378e-21
4.344637384609084663e+00 1.479762173552404290e-20 5.537089578826066254e-21
4.345302384608656254e+00 2.261869951733094195e-20 4.504985468691657670e-21
4.345967384608227846e+00 2.574034291413832905e-20 4.954443438762155099e-21
4.346632384607799438e+00 2.155971015590575587e-20 2.309588583247558491e-21
4.347297384607371029e+00 1.723990572989235029e-20 2.977120241886725435e-21
4.347962384606942621e+00 4.984314296187644313e-21 2.225212230168769203e-21
4.348627384606514212e+00 -1.982834294145718312e-21 2.105886153647742750e-21
4.349292384606085804e+00 -7.324376837916806447e-22 1.991171205496198653e-21
4.349957384605657396e+00 -6.853266598120168441e-21 2.252431177228215853e-21
4.350622384605228987e+00 -6.898009351898843334e-21 2.415988436846013635e-21
4.351287384604800579e+00 3.726782503369141919e-21 2.251977648023325749e-21
4.351952384604372170e+00 9.662248142115852793e-21 2.212607187787292275e-21
4.352617384603943762e+00 1.121234835801940344e-20 1.966288850215563411e-21
4.353282384603515354e+00 8.193083253710378637e-21 2.197823267867551293e-21
4.353947384603086945e+00 4.803888495095117537e-22 2.144499292710651543e-21
4.354612384602658537e+00 1.198772345600337253e-20 2.222009643567749535e-21
4.355277384602230129e+00 1.046881471049373525e-20 2.699505737198896490e-21
4.355942384601801720e+00 5.371427376407706785e-21 2.257406447387234233e-21
4.356607384601373312e+00 8.177986745302029540e-21 2.179981702642978686e-21
4.357272384600944903e+00 1.691334148435875954e-20 2.465724627897762642e-21
4.357937384600516495e+00 1.248978724209185780e-20 2.328367295125450658e-21
4.358602384600088087e+00 1.078865781862088394e-20 2.408955107991572130e-21
4.359267384599659678e+00 1.199774449715749472e-20 2.872813267858620271e-21
4.359932384599231270e+00 1.824634090261046105e-20 2.316778647278782047e-21
4.360597384598802861e+00 1.562890559952077741e-20 2.337006265000275357e-21
4.361262384598374453e+00 8.655200330714179607e-21 2.041224630614176455e-21
4.361927384597946045e+00 2.913064564300155960e-21 2.267565039887774262e-21
4.362592384597517636e+00 7.883190021816151279e-21 2.712146022968342265e-21
4.363257384597089228e+00 -9.021560169980808465e-22 2.318966710357634862e-21
4.363922384596660820e+00 2.372353918638547974e-21 2.242142895594795949e-21
4.364587384596232411e+00 1.203117640356924522e-20 2.134705168919857521e-21
4.365252384595804003e+00 1.328069626896169509e-20 2.369390641005440663e-21
4.365917384595375594e+00 1.012805318956383874e-20 2.063511783404269820e-21
4.366582384594947186e+00 3.893686097818812474e-21 2.003854298789710981e-21
4.367247384594518778e+00 1.752989878004544149e-20 2.005675515285583082e-21
4.367912384594090369e+00 1.007519134344952041e-20 2.281425157805031921e-21
4.368577384593661961e+00 1.004108243333559870e-20 2.075338141915955999e-21
4.369242384593233552e+00 8.648757901553874994e-21 2.632282794844119238e-21
4.369907384592805144e+00 7.708195542834788826e-21 2.497391938502886351e-21
4.370572384592376736e+00 1.415061819346964564e-20 2.244690312084245897e-21
4.371237384591948327e+00 9.689728096630013132e-21 2.157360632365676963e-21
4.371902384591519919e+00 2.056661553623713516e-20 2.802938234690405229e-21
4.372567384591091511e+00 1.463300156225328132e-20 3.032050874772188831e-21
4.373232384590663102e+00 1.061900709274379583e-20 1.977659841131900325e-21
4.373897384590234694e+00 8.171221841487788388e-22 2.350334048372089845e-21
4.374562384589806285e+00 1.339300600562074454e-20 2.695595124938058199e-21
4.375227384589377877e+00 1.521591553373409531e-20 2.409116559087722700e-21
4.375892384588949469e+00 2.019698066420937387e-21 2.195119976336940968e-21
4.376557384588521060e+00 -8.436827729794515047e-22 2.360223645810897924e-21
4.377222384588092652e+00 3.535506026692219344e-21 2.612820061252063504e-21
4.377887384587664243e+00 1.108277356456333521e-20 2.255439571011612406e-21
4.378552384587235835e+00 2.094945348745561549e-20 2.049407852822247207e-21
4.379217384586807427e+00 1.476345008260708028e-20 2.524494454952863245e-21
4.379882384586379018e+00 1.268297168566048010e-20 2.504683712719259270e-21
4.380547384585950610e+00 4.926027704530629950e-21 1.956145303575447568e-21
4.381212384585522202e+00 1.093608627293964592e-20 2.209289084164132753e-21
4.381877384585093793e+00 5.491354810517648965e-21 2.478955565519997514e-21
4.382542384584665385e+00 -3.557318333708099019e-21 2.279859811757140915e-21
4.383207384584236976e+00 -5.043070502742414222e-23 2.359467127730548061e-21
4.383872384583808568e+00 5.900938463649869739e-21 2.039232213966787366e-21
4.384537384583380160e+00 7.282635688872962423e-21 2.095643426546952324e-21
4.385202384582951751e+00 7.954209017032885383e-21 2.111528572477979376e-21
4.385867384582523343e+00 7.426138293720008642e-21 2.240091889585409551e-21
4.386532384582094934e+00 1.034779079221998838e-20 2.873252491890268240e-21
4.387197384581666526e+00 9.680695965015383291e-21 2.405652321056020046e-21
4.387862384581238118e+00 1.435454205298865383e-20 2.556318076220345379e-21
4.388527384580809709e+00 1.986841348435118904e-20 3.009287063474140354e-21
4.389192384580381301e+00 8.863386791427614357e-21 2.017316196431953720e-21
4.389857384579952893e+00 9.865705240014225972e-21 2.669655244728438949e-21
4.390522384579524484e+00 1.442303658451849989e-20 2.516091700485497363e-21
4.391187384579096076e+00 9.769071122547495708e-21 4.596634086505813432e-21
4.391852384578667667e+00 5.561099732927179696e-21 2.218082364659765118e-21
4.392517384578239259e+00 6.529187438868584123e-21 2.069024441521274441e-21
4.393182384577810851e+00 7.200093856083602908e-21 2.556027184517604665e-21
4.393847384577382442e+00 2.009758232242266055e-20 2.225452453812296922e-21
4.394512384576954034e+00 1.190606770677610990e-20 2.067519316424575658e-21
4.395177384576525625e+00 -1.030241902019971396e-21 2.566009783386600047e-21
4.395842384576097217e+00 -1.184538558868743682e-21 2.756209853734570672e-21
4.396507384575668809e+00 1.496708435374434159e-20 2.178196597653048540e-21
4.397172384575240400e+00 1.458526022069464595e-20 2.771106677845312296e-21
4.397837384574811992e+00 5.006210862079368582e-21 2.563163943579293510e-21
4.398502384574383584e+00 5.375374965910703578e-21 2.111183040406685025e-21
4.399167384573955175e+00 9.811627664356026227e-21 2.210620548766287714e-21
4.399832384573526767e+00 7.446905529898991968e-21 2.275074687044824666e-21
4.400497384573098358e+00 7.559450842977724858e-21 2.316654345402511803e-21
4.401162384572669950e+00 9.520317402401916577e-21 2.140467215797722728e-21
4.401827384572241542e+00 9.635057699641539881e-21 2.180595258010646375e-21
4.402492384571813133e+00 5.838649567378533341e-21 2.061305069598057128e-21
4.403157384571384725e+00 2.310101562844084258e-21 2.408526905226750436e-21
4.403822384570956316e+00 9.833527778084366904e-21 2.180408111604823719e-21
4.404487384570527908e+00 1.174285457341872570e-20 2.455996389362175185e-21
4.405152384570099500e+00 6.402886076196199198e-21 2.722429172599866985e-21
4.405817384569671091e+00 4.003048977075426641e-21 2.281028783451366672e-21
4.406482384569242683e+00 3.457200559081853678e-21 2.457594031856246328e-21
4.407147384568814275e+00 3.969742058293655971e-21 2.732472063397019264e-21
4.407812384568385866e+00 1.311544142848182779e-20 2.486830351567189483e-21
4.408477384567957458e+00 1.111120339542755273e-20 2.381147878699514025e-21
4.409142384567529049e+00 4.996260467814518046e-21 2.335476490095441025e-21
4.409807384567100641e+00 1.543525925764535527e-20 2.503347507622993831e-21
4.410472384566672233e+00 7.053696572935594542e-21 2.532912051071763747e-21
4.411137384566243824e+00 -1.974739445118209651e-22 2.772947109915707349e-21
4.411802384565815416e+00 1.516639606524241990e-20 2.477018504254185422e-21
4.412467384565387007e+00 1.841027704385794352e-20 2.664904875532268912e-21
4.413132384564958599e+00 5.839247358163558738e-21 2.423292453005550255e-21
4.413797384564530191e+00 1.486795995892313284e-20 2.287978444342610240e-21
4.414462384564101782e+00 1.458677937677183013e-20 2.526643250634382785e-21
4.415127384563673374e+00 9.911242823370923803e-21 2.166452973522764372e-21
4.415792384563244966e+00 8.053058537701645780e-21 2.444792027523995559e-21
4.416457384562816557e+00 1.435742323905233023e-20 2.130207914142262325e-21
4.417122384562388149e+00 1.603872247106281579e-20 2.460065256920834135e-21
4.417787384561959740e+00 2.020937172585249632e-20 2.283224681261550774e-21
4.418452384561531332e+00 1.073050103605512267e-20 2.214170483796733037e-21
4.419117384561102924e+00 1.192965431407007567e-20 2.178285109597029622e-21
4.419782384560674515e+00 1.451815248527597229e-20 2.390731024482425057e-21
4.420447384560246107e+00 1.990151103274843086e-20 2.192507554898486033e-21
4.421112384559817698e+00 1.499064178031871750e-20 2.255657758103785590e-21
4.421777384559389290e+00 6.663258077906513675e-21 2.141501750817090851e-21
4.422442384558960882e+00 3.977732914079217311e-21 2.290524597197127485e-21
4.423107384558532473e+00 1.082743140741459273e-20 2.301746752462263209e-21
4.423772384558104065e+00 3.990177240277184012e-21 2.201846518485828850e-21
4.424437384557675657e+00 1.708247406704020777e-20 2.730175563196526992e-21
4.425102384557247248e+00 -9.575198970399086307e-22 2.184400994077895935e-21
4.425767384556818840e+00 1.158363627621605729e-20 2.316762272823790112e-21
4.426432384556390431e+00 9.638585559611122396e-21 2.465997245349069796e-21
4.427097384555962023e+00 9.892098995561289387e-24 2.579428179995991868e-21
4.427762384555533615e+00 9.064698298594077100e-21 2.573923890500999629e-21
4.428427384555105206e+00 5.760478918722190064e-21 2.322324534420878347e-21
4.429092384554676798e+00 3.820810672014603526e-21 2.253825927925311078e-21
4.429757384554248389e+00 3.329867357031703772e-21 2.585207648301041449e-21
4.430422384553819981e+00 -1.845346044952063019e-21 2.417492721656545527e-21
4.431087384553391573e+00 3.195597517380148381e-21 2.716767337322811723e-21
4.431752384552963164e+00 8.277010793677599942e-21 2.373924112867914569e-21
4.432417384552534756e+00 1.772505434607928755e-20 2.465411015690607134e-21
4.433082384552106348e+00 2.478108077289285226e-20 2.410627240202856558e-21
4.433747384551677939e+00 2.526074187115960851e-20 2.077533057828669811e-21
4.434412384551249531e+00 1.389456772353947695e-20 2.455250022262081371e-21
4.435077384550821122e+00 -8.049255367129723819e-22 2.537406747137111845e-21
4.435742384550392714e+00 2.647967507045625211e-21 2.232244759375853468e-21
4.436407384549964306e+00 2.142304854500151959e-20 3.149444963870091118e-21
4.437072384549535897e+00 1.470318534959842494e-20 2.198431625504538912e-21
4.437737384549107489e+00 1.305105666040751457e-20 2.059711953397377396e-21
4.438402384548679080e+00 1.069036686302332307e-20 2.150681293675437610e-21
4.439067384548250672e+00 3.540770220317871993e-21 2.126578001594777329e-21
4.439732384547822264e+00 8.601628916501902994e-21 2.204238444362504385e-21
4.440397384547393855e+00 9.843100565626794617e-21 2.390160084534202434e-21
4.441062384546965447e+00 2.774374022495410046e-21 2.289530094195407378e-21
4.441727384546537039e+00 9.769426788769348666e-21 1.998322887337004324e-21
4.442392384546108630e+00 6.631960038278062521e-21 2.312798003902969359e-21
4.443057384545680222e+00 -4.157996157408290830e-21 2.172987617403964267e-21
4.443722384545251813e+00 1.347652006988641966e-20 8.188244926463624915e-21
4.444387384544823405e+00 -2.949311668438815462e-21 2.637347656985014645e-20
4.445052384544394997e+00 1.446359572085746068e-20 2.522541140803058334e-21
4.445717384543966588e+00 1.783844229147625159e-20 2.652538561620610375e-21
4.446382384543538180e+00 7.579967264109365558e-23 2.233427017231898718e-21
4.447047384543109771e+00 6.659581052101584067e-21 2.296579261240379973e-21
4.447712384542681363e+00 1.838242719035294552e-20 2.886202805972013932e-21
4.448377384542252955e+00 6.954863917674426438e-21 2.631629239369337416e-21
4.449042384541824546e+00 7.491627652535651938e-22 2.203401287760132794e-21
4.449707384541396138e+00 -5.294127377019180512e-21 3.040361210667152497e-21
4.450372384540967730e+00 -1.266606104267649707e-20 3.077106506229359291e-21
4.451037384540539321e+00 -1.416738212818426600e-20 3.127039183999681567e-21
4.451702384540110913e+00 1.375804192001368021e-20 2.817434984171077483e-21
4.452367384539682504e+00 1.259722529049931266e-20 2.979293405238310766e-21
4.453032384539254096e+00 7.360104878374243731e-21 2.369833738163543481e-21
4.453697384538825688e+00 5.600019055411479018e-21 2.440408694127490882e-21
4.454362384538397279e+00 6.654385560979336091e-21 2.227659331806546725e-21
4.455027384537968871e+00 1.586210290743757293e-20 2.999675049365647720e-21
4.455692384537540462e+00 8.325772692751710258e-21 2.054255896558290544e-21
4.456357384537112054e+00 1.327218054036941859e-20 2.035243064428375896e-21
4.457022384536683646e+00 1.616017282654422866e-20 2.255725297393796171e-21
4.457687384536255237e+00 8.032959930225323192e-21 2.173561370485273431e-21
4.458352384535826829e+00 9.064170683296656384e-21 2.303836295859367845e-21
4.459017384535398421e+00 2.638348263143145785e-21 2.635982493141579523e-21
4.459682384534970012e+00 2.123171161251436669e-20 2.269190227592169447e-21
4.460347384534541604e+00 1.410590137622589126e-20 2.034517275192495172e-21
4.461012384534113195e+00 3.178279185699796534e-21 2.140083231422536886e-21
4.461677384533684787e+00 5.457912329090607951e-21 1.627726478391595755e-21
4.462342384533256379e+00 4.211760451042114388e-21 2.088713630461504475e-21
4.463007384532827970e+00 9.895377604283482647e-21 2.410550142832841051e-21
4.463672384532399562e+00 7.738305415242342417e-21 2.468375967305324489e-21
4.464337384531971153e+00 6.437536297419046292e-21 2.665383141274987189e-21
4.465002384531542745e+00 -3.177678856824277107e-21 2.215254283368789002e-21
4.465667384531114337e+00 1.019592469431279686e-21 2.277575085861976345e-21
4.466332384530685928e+00 1.148304111336001072e-20 2.546151695902590525e-21
4.466997384530257520e+00 9.778099697851783764e-21 2.563963073651998043e-21
4.467662384529829112e+00 1.273428073726599545e-20 2.333233682173736378e-21
4.468327384529400703e+00 1.842431425051071641e-20 2.545331908885898903e-21
4.468992384528972295e+00 1.554047559301607550e-20 1.957661523690327404e-21
4.469657384528543886e+00 4.945752983867008443e-21 2.119018138709409689e-21
4.470322384528115478e+00 1.126891861007476969e-20 2.154964480636467616e-21
4.470987384527687070e+00 5.049419968746629593e-21 2.427656844985320301e-21
4.471652384527258661e+00 3.013992997675259281e-21 2.333741026262498425e-21
4.472317384526830253e+00 3.011907019803493059e-21 2.510603391844177226e-21
4.472982384526401844e+00 1.272209797757655816e-20 2.355655015978640660e-21
4.473647384525973436e+00 8.689377040946797118e-21 2.414617468779658392e-21
4.474312384525545028e+00 9.047236004321943546e-22 2.297727776202559213e-21
4.474977384525116619e+00 2.036439956657575102e-21 2.628158987490334037e-21
4.475642384524688211e+00 5.480446911235942807e-21 2.407302887176896807e-21
4.476307384524259803e+00 2.740901926912276303e-21 2.174508010306358050e-21
4.476972384523831394e+00 1.807466257417455344e-21 2.482380320342476901e-21
4.477637384523402986e+00 -5.826214117887163752e-22 2.271104448598946014e-21
4.478302384522974577e+00 -9.623756036001950990e-21 2.997130300416296043e-21
4.478967384522546169e+00 -1.880103838337669945e-21 2.771185805320126646e-21
4.479632384522117761e+00 4.956598444272107138e-21 2.122520941513080397e-21
4.480297384521689352e+00 -3.248530771649703055e-21 2.230484829996390915e-21
4.480962384521260944e+00 1.565547151743235180e-22 2.640624655931382782e-21
4.481627384520832535e+00 1.027580302357195170e-20 2.523720723409992238e-21
4.482292384520404127e+00 -4.599290964426523019e-22 5.155993757762955977e-21
4.482957384519975719e+00 2.128840414917433610e-21 2.436256882475652570e-21
4.483622384519547310e+00 4.882746567159177020e-21 2.295312938096868733e-21
4.484287384519118902e+00 1.671211969371765751e-20 2.244147107855850052e-21
4.484952384518690494e+00 1.867436925062149564e-20 2.660497287847357179e-21
4.485617384518262085e+00 1.331766450210469404e-20 2.283771995350117201e-21
4.486282384517833677e+00 -2.189287256800750109e-22 2.113541518589665435e-21
4.486947384517405268e+00 9.496943715284451358e-21 2.619094196057762380e-21
4.487612384516976860e+00 1.515304508391160569e-20 2.328129639610123538e-21
4.488277384516548452e+00 1.615524328855481682e-21 2.563962653980395602e-21
4.488942384516120043e+00 1.049885822897939155e-20 2.718546730265491828e-21
4.489607384515691635e+00 1.398582829009913335e-20 1.938338367558518393e-21
4.490272384515263226e+00 -1.083333758233726403e-21 2.021397380550043720e-21
4.490937384514834818e+00 3.298397229162521633e-21 2.382646579139806547e-21
4.491602384514406410e+00 3.173252078550172331e-21 2.625611720776383576e-21
4.492267384513978001e+00 7.658807252927486394e-21 2.867549658982305557e-21
4.492932384513549593e+00 1.706389833399686360e-20 2.775639876773034865e-21
4.493597384513121185e+00 1.603689912844241542e-20 2.435542654974152054e-21
4.494262384512692776e+00 1.154098833569731208e-20 2.647423634235490705e-21
4.494927384512264368e+00 1.028088197529490383e-20 2.404914147670471846e-21
4.495592384511835959e+00 1.042738189744459184e-20 3.218059848781380612e-21
4.496257384511407551e+00 2.854461991155880429e-20 2.516133891693069232e-21
4.496922384510979143e+00 3.366236556432481920e-20 2.345057551455171620e-21
4.497587384510550734e+00 1.952292103154309611e-20 2.794083845610706340e-21
4.498252384510122326e+00 1.048988088851030856e-20 3.301925096473466225e-21
4.498917384509693917e+00 -1.057808022865555500e-20 2.455786783321733660e-21
4.499582384509265509e+00 -1.716037138328509784e-21 2.284543938354350715e-21
4.500247384508837101e+00 7.178592761646389035e-21 2.166458654769557584e-21
4.500912384508408692e+00 1.043388181402989075e-20 2.179767342050362860e-21
4.501577384507980284e+00 1.756523171133384594e-20 2.223632750696196674e-21
4.502242384507551876e+00 1.433912519670021923e-20 2.522621550369318925e-21
4.502907384507123467e+00 1.140263296126736211e-20 2.584641477510853116e-21
4.503572384506695059e+00 1.824984661481704477e-20 2.435975296357693944e-21
4.504237384506266650e+00 1.291752807273010013e-20 2.084600188785600865e-21
4.504902384505838242e+00 6.989492496723011311e-21 1.962784775022751138e-21
4.505567384505409834e+00 -1.102019337306817729e-21 2.359488563429944142e-21
4.506232384504981425e+00 -4.715514697805136631e-21 1.978671470968164009e-21
4.506897384504553017e+00 5.903535394610594522e-21 2.350174518687842349e-21
4.507562384504124608e+00 2.115839637077688455e-20 2.054236349061840804e-21
4.508227384503696200e+00 1.459525218954610935e-20 2.014341734967534820e-21
4.508892384503267792e+00 5.815121377512139991e-21 2.346569186535856175e-21
4.509557384502839383e+00 1.922429561178934937e-21 2.509121486814801638e-21
4.510222384502410975e+00 9.472517927217294519e-21 2.293806781320365321e-21
4.510887384501982567e+00 1.514588677395602179e-20 2.960805088644939418e-21
4.511552384501554158e+00 3.199357869731904589e-21 2.484337689227222012e-21
4.512217384501125750e+00 9.776967201311697663e-21 2.193737153901775434e-21
4.512882384500697341e+00 1.464085413251147573e-20 2.220599283646770752e-21
4.513547384500268933e+00 1.371769797611971385e-20 1.923592738350578470e-21
4.514212384499840525e+00 6.545344938436216779e-21 2.489928182048137534e-21
4.514877384499412116e+00 1.717840062696289261e-20 2.211268114827196035e-21
4.515542384498983708e+00 2.032174999709393260e-20 2.142774439932210674e-21
4.516207384498555300e+00 1.479812335347542698e-20 1.994552396992606347e-21
4.516872384498126891e+00 7.646055993663491330e-21 2.717327411969445530e-21
4.517537384497698483e+00 4.004867844184123327e-21 2.178487476078946563e-21
4.518202384497270074e+00 5.920559728092925806e-22 2.086513442470566895e-21
4.518867384496841666e+00 -1.367633697435565110e-21 2.403464442547825747e-21
4.519532384496413258e+00 7.488915279536878492e-21 2.467466776604195852e-21
4.520197384495984849e+00 -1.682391114904531867e-21 2.121572503068099365e-21
4.520862384495556441e+00 1.225332033488780408e-20 2.196758417104382420e-21
4.521527384495128032e+00 1.260466991644556396e-20 2.497918083874112918e-21
4.522192384494699624e+00 2.691303581711056349e-21 6.653890516106048998e-21
4.522857384494271216e+00 7.202004838301590304e-21 1.077337115130807336e-20
4.523522384493842807e+00 6.990472577810136413e-21 2.912230866385379408e-21
4.524187384493414399e+00 5.264535379123425412e-21 2.213140701783244668e-21
4.524852384492985991e+00 -1.078328856437409983e-21 2.237731364762609166e-21
4.525517384492557582e+00 3.295004126981928679e-21 2.668980798416787488e-21
4.526182384492129174e+00 9.360640613545105632e-21 2.190288300039811415e-21
4.526847384491700765e+00 5.026042323253129801e-21 2.382254912913090057e-21
4.527512384491272357e+00 3.111783410538886753e-21 2.492269101499297660e-21
4.528177384490843949e+00 -1.985859746022931652e-21 2.238584065635412933e-21
4.528842384490415540e+00 8.625053116325876739e-21 2.033211807536863741e-21
4.529507384489987132e+00 3.331072428905559484e-21 2.289007781564120577e-21
4.530172384489558723e+00 1.480724852710787256e-21 2.386169405931306960e-21
4.530837384489130315e+00 9.966220428354140550e-21 2.466055913588878761e-21
4.531502384488701907e+00 1.292428408210537146e-20 2.536813716318253700e-21
4.532167384488273498e+00 1.216357261974397912e-20 2.504186055113322464e-21
4.532832384487845090e+00 7.166913803498578584e-21 2.324106450006108213e-21
4.533497384487416682e+00 1.346968956969526274e-20 2.699317854166961455e-21
4.534162384486988273e+00 1.370759993304583329e-20 2.149650568148635515e-21
4.534827384486559865e+00 3.367142306356778964e-21 2.421822585158200803e-21
4.535492384486131456e+00 1.013744834422874601e-20 2.750444286269738565e-21
4.536157384485703048e+00 1.337680643443911539e-20 2.188364281769254822e-21
4.536822384485274640e+00 6.032364905140203607e-21 2.193036494175795136e-21
4.537487384484846231e+00 3.034609577386328502e-21 2.471472137059598485e-21
4.538152384484417823e+00 2.443349393911757838e-20 2.041684116670975042e-21
4.538817384483989414e+00 7.393146056298661021e-21 2.501316454821615844e-21
4.539482384483561006e+00 1.449721062959626370e-20 2.333181746127291062e-21
4.540147384483132598e+00 1.056981744012038357e-21 2.285224188485632415e-21
4.540812384482704189e+00 1.421923759587892949e-21 2.257943385812336804e-21
4.541477384482275781e+00 -2.528290640003989812e-22 2.306457338330687223e-21
4.542142384481847373e+00 5.139429946359185624e-21 3.266979753896410175e-21
4.542807384481418964e+00 1.228735995160208775e-20 2.536755917677234532e-21
4.543472384480990556e+00 9.502200411864699005e-21 9.460799751346129379e-21
4.544137384480562147e+00 -6.740812391092832316e-21 3.964320241998249606e-21
4.544802384480133739e+00 1.003928656680293633e-20 2.339410511169129083e-21
4.545467384479705331e+00 7.952395016446805218e-21 2.043392225641736132e-21
4.546132384479276922e+00 9.651116910206482031e-21 2.236997287175729264e-21
4.546797384478848514e+00 1.270479649338565245e-20 3.490619377657495428e-21
4.547462384478420105e+00 7.127831551452337472e-21 2.298547228311773403e-21
4.548127384477991697e+00 3.589333608829417618e-21 2.302512465577151735e-21
4.548792384477563289e+00 1.333128168323378067e-20 2.277626879222474930e-21
4.549457384477134880e+00 9.001178635623096408e-21 2.286545503040414177e-21
4.550122384476706472e+00 -2.788464483609980668e-21 2.251703896776510767e-21
4.550787384476278064e+00 3.457302535684881782e-21 2.427576639482204904e-21
4.551452384475849655e+00 1.105634044845018697e-20 2.698152576629187091e-21
4.552117384475421247e+00 1.128718540884220620e-20 2.275810614584916356e-21
4.552782384474992838e+00 -1.072001412195628091e-20 2.561305282311884222e-21
4.553447384474564430e+00 2.186754459312322650e-21 2.303513026870205259e-21
4.554112384474136022e+00 1.547722091786017765e-20 2.435929409185949579e-21
4.554777384473707613e+00 2.121303483471675771e-20 2.336913039051784989e-21
4.555442384473279205e+00 2.120626516581622092e-20 2.558825343490067610e-21
4.556107384472850796e+00 7.097441942956008207e-21 2.406790696499861395e-21
4.556772384472422388e+00 1.161800675740323847e-20 2.669975760298166640e-21
4.557437384471993980e+00 1.640205571432409240e-21 2.457184336729198599e-21
4.558102384471565571e+00 -1.335026786245770734e-22 2.626890492614271531e-21
4.558767384471137163e+00 1.040209160390352687e-20 2.717650392543026503e-21
4.559432384470708755e+00 2.134498049012352167e-21 2.286272412461168104e-21
4.560097384470280346e+00 8.698310113719233189e-22 2.815236703719035443e-21
4.560762384469851938e+00 2.933025951250488352e-21 2.623452179996794111e-21
4.561427384469423529e+00 8.079603675580348297e-21 2.676667155735708804e-21
4.562092384468995121e+00 8.591361141655878433e-21 3.707247470803039787e-21
4.562757384468566713e+00 -1.200867109723077149e-21 2.610768709243749564e-21
4.563422384468138304e+00 6.086043587857423801e-21 2.401537626297833877e-21
4.564087384467709896e+00 8.162294556481622585e-21 2.638768478273104108e-21
4.564752384467281487e+00 6.315985018854849732e-21 2.506627804358669521e-21
4.565417384466853079e+00 2.380317994511249083e-20 2.908823391579735987e-21
4.566082384466424671e+00 8.604148836912393652e-21 3.016117226242640725e-21
4.566747384465996262e+00 1.279003552752544465e-20 2.379278432921542622e-21
4.567412384465567854e+00 1.244955061047759991e-20 2.556442437628690067e-21
4.568077384465139446e+00 2.522701101283741969e-20 3.232545344485408878e-21
4.568742384464711037e+00 1.522624532226843023e-20 3.095045166721512603e-21
4.569407384464282629e+00 6.410657229875044412e-21 2.365588714120319042e-21
4.570072384463854220e+00 8.370443678124430334e-21 2.537141008248670124e-21
4.570737384463425812e+00 4.372546656651855820e-21 2.757778062111769039e-21
4.571402384462997404e+00 9.500697681154282028e-21 2.529636094243611666e-21
4.572067384462568995e+00 7.897776926481356217e-21 2.221501533451551466e-21
4.572732384462140587e+00 -2.696697136181065847e-21 2.520951181308995755e-21
4.573397384461712178e+00 1.980510946386182622e-21 2.334416206746252862e-21
4.574062384461283770e+00 2.064959227441089386e-21 2.254436868692633665e-21
4.574727384460855362e+00 4.305775567365775660e-21 2.278936936947623665e-21
4.575392384460426953e+00 5.346580622592100164e-21 2.616932563779494873e-21
4.576057384459998545e+00 -2.938206713484932593e-21 2.124648195458737616e-21
4.576722384459570137e+00 4.503728031085325871e-21 2.373243986887739018e-21
4.577387384459141728e+00 2.398777913577431192e-21 2.822234411834308691e-21
4.578052384458713320e+00 1.297171613782515926e-20 2.319778114938551859e-21
4.578717384458284911e+00 1.249562490164121293e-20 2.431915188345005228e-21
4.579382384457856503e+00 1.234345274874055147e-20 2.588051386172977336e-21
4.580047384457428095e+00 9.808417641403903252e-21 3.303416126070101125e-21
4.580712384456999686e+00 1.439580603594387759e-21 2.186683771746610105e-21
4.581377384456571278e+00 -6.292734010402667746e-21 2.494309807031610962e-21
4.582042384456142869e+00 -3.012466711401947686e-21 2.231157506739610204e-21
4.582707384455714461e+00 2.477443709060221161e-20 2.695961925786022278e-21
4.583372384455286053e+00 2.330765490802959480e-20 2.580290281865530677e-21
4.584037384454857644e+00 1.862640118829996960e-20 2.428217225770336906e-21
4.584702384454429236e+00 1.518412118458148353e-20 2.214188480267783042e-21
4.585367384454000828e+00 -3.422576566456949567e-21 2.966928114515982662e-21
4.586032384453572419e+00 -6.642536185080069663e-21 2.393692215707703692e-21
4.586697384453144011e+00 -1.750378412121913066e-21 2.506672422891644354e-21
4.587362384452715602e+00 1.446578203030905475e-20 2.682655547276261722e-21
4.588027384452287194e+00 1.084028694555923245e-20 2.648011207412736572e-21
4.588692384451858786e+00 1.245134232264092645e-20 2.552284220392363240e-21
4.589357384451430377e+00 9.310332188659865295e-21 2.358230861341428989e-21
4.590022384451001969e+00 -6.821980789606256370e-21 2.233746261210994208e-21
4.590687384450573560e+00 3.192765931021057334e-21 3.060733146828679282e-21
4.591352384450145152e+00 -4.957523181138503154e-21 2.844898382224883552e-21
4.592017384449716744e+00 5.713916542154841698e-21 2.907532605185950065e-21
4.592682384449288335e+00 1.573031819908205557e-20 2.538040092812916602e-21
4.593347384448859927e+00 2.568115423442564374e-20 2.501992665344395070e-21
4.594012384448431519e+00 2.376825614162151504e-20 2.614812907799403024e-21
4.594677384448003110e+00 1.714002291375484606e-20 2.573280582613347476e-21
4.595342384447574702e+00 7.011580926603536391e-21 2.665239872904904413e-21
4.596007384447146293e+00 3.750212938722255348e-21 2.135040936275733103e-21
4.596672384446717885e+00 2.491133433701448882e-21 2.364405254453748385e-21
4.597337384446289477e+00 7.433875482378818795e-21 2.354828815004308185e-21
4.598002384445861068e+00 6.428203420036161743e-21 2.557956200129677585e-21
4.598667384445432660e+00 7.625291732437976138e-21 2.698020962986028985e-21
4.599332384445004251e+00 1.098037930224144880e-20 2.781697989279370462e-21
4.599997384444575843e+00 1.913113989619206044e-20 3.219048582385409489e-21
4.600662384444147435e+00 2.031274805757919779e-20 2.247672551520924096e-21
4.601327384443719026e+00 1.796502561463268176e-20 2.370112641041301171e-21
4.601992384443290618e+00 7.451053332509354777e-21 2.443273385382645690e-21
4.602657384442862210e+00 -2.375345003255582202e-21 2.797336357691788451e-21
4.603322384442433801e+00 1.471077591710193140e-20 2.472858022051124861e-21
4.603987384442005393e+00 8.980132493585535313e-21 2.404061534209326852e-21
4.604652384441576984e+00 -7.354702755535550594e-21 2.294013682594002805e-21
4.605317384441148576e+00 -1.271494702951606451e-20 2.196416895844601148e-21
4.605982384440720168e+00 -7.347646013979840994e-21 2.486299279658337493e-21
4.606647384440291759e+00 1.784193242416393136e-20 2.787863485081060303e-21
4.607312384439863351e+00 2.779972352338077543e-20 2.777497530457568418e-21
4.607977384439434942e+00 1.454686925039722431e-20 2.741734076559296288e-21
4.608642384439006534e+00 1.903740814621364198e-21 2.662131329259418256e-21
4.609307384438578126e+00 -9.004732527357868736e-21 2.522531655877630205e-21
4.609972384438149717e+00 3.707612681252081932e-21 2.259876056683724459e-21
4.610637384437721309e+00 8.288130468316890090e-21 3.126488033704248695e-21
4.611302384437292901e+00 -4.080921557222445419e-21 4.465310505238787803e-21
4.611967384436864492e+00 -7.742312295083377466e-21 2.497911621755810612e-21
4.612632384436436084e+00 -6.468927739130961455e-22 2.126795709865797920e-21
4.613297384436007675e+00 5.673838379377290685e-22 2.060263229482098885e-21
4.613962384435579267e+00 3.588143118955621689e-21 2.189767772940669232e-21
4.614627384435150859e+00 3.081745018594370952e-21 2.414763831503408517e-21
4.615292384434722450e+00 1.405959880895779789e-20 3.005317637859300039e-21
4.615957384434294042e+00 1.478312872949209560e-20 2.523200364403075173e-21
4.616622384433865633e+00 1.148347747772360922e-20 2.394402096200543300e-21
4.617287384433437225e+00 1.557857978162559949e-20 2.424371865304010950e-21
4.617952384433008817e+00 7.581564758354289310e-21 2.449397057058350152e-21
4.618617384432580408e+00 -9.991104116749744024e-23 2.598685169417680495e-21
4.619282384432152000e+00 7.672328467034103961e-21 2.347020951581398570e-21
4.619947384431723592e+00 2.085919018137368566e-20 2.466211314042314534e-21
4.620612384431295183e+00 2.369171140069801469e-20 2.345070196134814464e-21
4.621277384430866775e+00 1.190801405869356126e-20 1.961453229091045232e-21
4.621942384430438366e+00 5.636488901829017973e-21 2.473788368453192444e-21
4.622607384430009958e+00 -7.735898207776102929e-21 2.284271787411750470e-21
4.623272384429581550e+00 7.434822786172899994e-21 2.633051409138362418e-21
4.623937384429153141e+00 9.912647485357633960e-21 2.744716751093629167e-21
4.624602384428724733e+00 6.202764413854145282e-21 2.631658778743082561e-21
4.625267384428296324e+00 1.295286827487960340e-20 2.975129118267666663e-21
4.625932384427867916e+00 -2.713618499227005648e-21 2.197285098976119630e-21
4.626597384427439508e+00 1.934763888903106207e-21 2.799473917830265820e-21
4.627262384427011099e+00 7.915774982074226153e-21 2.819342830699079627e-21
4.627927384426582691e+00 -1.239706179789445615e-22 2.443076255613678350e-21
4.628592384426154283e+00 1.356553132412213989e-20 2.752242302836682529e-21
4.629257384425725874e+00 1.559437382182848508e-20 2.477029639268878112e-21
4.629922384425297466e+00 -3.747425791126070147e-21 7.633393646547522619e-21
4.630587384424869057e+00 2.369732920992190294e-21 3.055166493101348520e-21
4.631252384424440649e+00 -2.531502599929692593e-21 2.339978480308638661e-21
4.631917384424012241e+00 1.107308483518593960e-20 2.630178346724312158e-21
4.632582384423583832e+00 1.532086005793638265e-20 2.732205306207029733e-21
4.633247384423155424e+00 1.350887232938964221e-20 2.696418425811734335e-21
4.633912384422727015e+00 3.643173078207883083e-21 2.681227230717274494e-21
4.634577384422298607e+00 9.114389403688735193e-21 2.614075441964141895e-21
4.635242384421870199e+00 6.785439981113093735e-22 2.334385840013149137e-21
4.635907384421441790e+00 7.243263106846585650e-21 3.020025475027425651e-21
4.636572384421013382e+00 1.047985255091987390e-20 2.268318748934010459e-21
4.637237384420584974e+00 1.384075124729231621e-20 2.599532018685628161e-21
4.637902384420156565e+00 1.196509410812637430e-20 2.398472517292329410e-21
4.638567384419728157e+00 6.676914695463975444e-21 2.196640801545427704e-21
4.639232384419299748e+00 -1.185165251918127847e-20 2.441779982065474504e-21
4.639897384418871340e+00 1.798669375536709680e-20 3.219929665809411873e-21
4.640562384418442932e+00 1.107811846610731289e-20 2.350792390896507742e-21
4.641227384418014523e+00 1.505570686638143572e-20 2.508292153001849525e-21
4.641892384417586115e+00 2.635626166624467450e-20 2.800260756447184506e-21
4.642557384417157706e+00 -1.170237116404103957e-20 2.615600324654017528e-21
4.643222384416729298e+00 4.438830741952715413e-21 2.480587392356359513e-21
4.643887384416300890e+00 -5.137275715468329982e-21 2.940694771200848427e-21
4.644552384415872481e+00 3.017593151480800882e-21 2.930548645171520294e-21
4.645217384415444073e+00 9.313352728499259161e-21 2.812337054909707951e-21
4.645882384415015665e+00 8.862019990236923835e-21 2.294637728331125711e-21
4.646547384414587256e+00 -3.441873718800312121e-21 2.275726685899273436e-21
4.647212384414158848e+00 8.337340940589574897e-21 2.391841292848547253e-21
4.647877384413730439e+00 6.808005795681485168e-21 2.367168753269519554e-21
4.648542384413302031e+00 8.701266595535356397e-21 2.451441328233859753e-21
4.649207384412873623e+00 -2.774497636522600298e-21 2.701942011776955786e-21
4.649872384412445214e+00 -9.781191153195035821e-22 3.638421876773072265e-21
4.650537384412016806e+00 8.909790573720802468e-21 2.500552876008795133e-21
4.651202384411588397e+00 4.728856763931674690e-21 2.340302770992640888e-21
4.651867384411159989e+00 3.054477086433771244e-21 2.497570267195788676e-21
4.652532384410731581e+00 1.294268590637007190e-20 2.709445149486229784e-21
4.653197384410303172e+00 6.203600433090653158e-21 2.762597848792578355e-21
4.653862384409874764e+00 1.712909112053019955e-20 2.302602223146746519e-21
4.654527384409446356e+00 -3.135725358375823549e-21 2.708491281126043168e-21
4.655192384409017947e+00 4.068188565402781199e-21 2.219165422002476585e-21
4.655857384408589539e+00 -3.258258477905390266e-21 2.663806449892458844e-21
4.656522384408161130e+00 2.248608260928121427e-21 3.134963193020204279e-21
4.657187384407732722e+00 1.355960143658791478e-20 2.765301524812409958e-21
4.657852384407304314e+00 1.124520504568513550e-20 2.359010933213150445e-21
4.658517384406875905e+00 4.754336709137358074e-21 2.749927153724578700e-21
4.659182384406447497e+00 -1.275682668112607442e-20 2.529350264967951062e-21
4.659847384406019088e+00 2.362149064703018522e-22 2.854592831891766450e-21
4.660512384405590680e+00 6.066653036587785481e-21 2.835345858896266724e-21
4.661177384405162272e+00 4.002709820953358364e-21 2.566661590785167053e-21
4.661842384404733863e+00 3.585864516506731430e-21 2.646774179913114104e-21
4.662507384404305455e+00 9.706641269463346802e-21 2.537985997055542007e-21
4.663172384403877047e+00 -6.499818648615447775e-21 2.341781421261007666e-21
4.663837384403448638e+00 5.117796624537297828e-21 2.469667085636564631e-21
4.664502384403020230e+00 -3.937808604744416718e-21 4.406505851980196680e-21
4.665167384402591821e+00 5.171075635456231610e-21 3.694111433397930578e-21
4.665832384402163413e+00 1.217108605721925934e-20 3.791259106828953410e-21
4.666497384401735005e+00 6.980222397524251582e-22 2.519840977617862554e-21
4.667162384401306596e+00 9.193729062787193349e-21 2.613610486833184433e-21
4.667827384400878188e+00 5.912030384955124655e-21 2.498437658297040399e-21
4.668492384400449779e+00 1.284090695421407695e-20 2.756418769145245211e-21
4.669157384400021371e+00 2.777888400533513667e-21 2.640959892612086582e-21
4.669822384399592963e+00 1.469851431378169161e-20 2.862645120332488488e-21
4.670487384399164554e+00 1.350866671452670922e-20 2.504901337749911128e-21
4.671152384398736146e+00 -3.753199427402931124e-21 2.156919579013481495e-21
4.671817384398307738e+00 -2.040566155538835333e-21 2.635803992581028290e-21
4.672482384397879329e+00 -8.697689764411882738e-21 2.683949158736934519e-21
4.673147384397450921e+00 8.796184503836203933e-21 2.570468448239847306e-21
4.673812384397022512e+00 7.905449972912637033e-21 2.428379132548800760e-21
4.674477384396594104e+00 1.066618594437062044e-20 2.424212606950974611e-21
4.675142384396165696e+00 7.344522630401316223e-21 2.198137923545171160e-21
4.675807384395737287e+00 3.434305119568587178e-21 2.364257541786572309e-21
4.676472384395308879e+00 8.839132828115524561e-21 2.764898810405334968e-21
4.677137384394880470e+00 6.237452330334779519e-21 2.755751757423115140e-21
4.677802384394452062e+00 1.511108589267781772e-20 2.537208034871548609e-21
4.678467384394023654e+00 4.241309835011242626e-22 2.562778698946736990e-21
4.679132384393595245e+00 1.286787430727082110e-22 2.500425906253867695e-21
4.679797384393166837e+00 -2.356058944874813547e-21 2.515233831275112846e-21
4.680462384392738429e+00 -5.546351810828464704e-21 2.860734906845321719e-21
4.681127384392310020e+00 2.837054003448517709e-21 2.638863641736492723e-21
4.681792384391881612e+00 1.305723485908756165e-20 2.722423315727044800e-21
4.682457384391453203e+00 1.580783955851622265e-20 2.417952082909059202e-21
4.683122384391024795e+00 1.427513675660168335e-20 2.749214481550884666e-21
4.683787384390596387e+00 2.416473714393000296e-21 2.558692680799576826e-21
4.684452384390167978e+00 1.173276385477814242e-20 2.569536490992830408e-21
4.685117384389739570e+00 -6.985297121112980631e-22 2.631592822008446732e-21
4.685782384389311161e+00 -1.416989603149121621e-21 2.668151053606169637e-21
4.686447384388882753e+00 1.670448030870968246e-20 3.527887871343290368e-21
4.687112384388454345e+00 1.426180579429460952e-20 2.625442390010833390e-21
4.687777384388025936e+00 1.713712999299545271e-21 3.084773517346787676e-21
4.688442384387597528e+00 6.155984337926545987e-21 2.803890198210934519e-21
4.689107384387169120e+00 -4.336535709489666059e-21 2.808560186165779280e-21
4.689772384386740711e+00 1.124345906794680209e-20 2.739675061952778505e-21
4.690437384386312303e+00 2.053431083641525733e-20 2.402420816498246990e-21
4.691102384385883894e+00 2.179021385905935819e-20 2.315821156096667010e-21
4.691767384385455486e+00 1.869775688970827449e-20 2.772752930254750400e-21
4.692432384385027078e+00 -2.260168421123519187e-22 2.928571309266676929e-21
4.693097384384598669e+00 -3.980781902156555240e-21 2.712611467684399923e-21
4.693762384384170261e+00 2.468840480356891911e-20 2.399155495721017198e-21
4.694427384383741853e+00 6.359975659507722867e-21 2.948007915742100958e-21
4.695092384383313444e+00 8.414284920579643831e-21 2.631238586332890219e-21
4.695757384382885036e+00 3.253730301226699593e-21 2.820685606881081447e-21
4.696422384382456627e+00 9.896544253349073745e-21 2.826340216719376424e-21
4.697087384382028219e+00 9.029551746702732896e-21 2.669529089720625200e-21
4.697752384381599811e+00 1.382011483062501441e-20 2.621336145162527706e-21
4.698417384381171402e+00 1.648497297984378898e-20 2.742771204577170259e-21
4.699082384380742994e+00 1.434988211258867276e-20 3.062898190980790766e-21
4.699747384380314585e+00 1.519522873586549445e-20 2.845981934742923922e-21
4.700412384379886177e+00 -3.653814352340241764e-22 2.651644360720909848e-21
4.701077384379457769e+00 1.024011717318741808e-20 3.535463314323403734e-21
4.701742384379029360e+00 7.533651919615181613e-21 2.523801028766972375e-21
4.702407384378600952e+00 1.637920850127841068e-21 2.499727297217952340e-21
4.703072384378172544e+00 1.932707158435363292e-22 2.396983708731779261e-21
4.703737384377744135e+00 3.112158172320203542e-21 2.601031635681765402e-21
4.704402384377315727e+00 3.777649607358999282e-21 2.517081714351330758e-21
4.705067384376887318e+00 5.284486653500521215e-21 2.587122549130795237e-21
4.705732384376458910e+00 9.879701930019485585e-21 2.943029295851811405e-21
4.706397384376030502e+00 3.417003942290588281e-21 3.134696777379231877e-21
4.707062384375602093e+00 -5.271884120934152063e-21 2.384141228656096508e-21
4.707727384375173685e+00 1.302132955785998116e-21 2.533859793963921688e-21
4.708392384374745276e+00 -1.180407826698356005e-22 2.484355650668505004e-21
4.709057384374316868e+00 1.287735911191114391e-20 2.980746914925581246e-21
4.709722384373888460e+00 1.048319828142035729e-20 2.333186532315677610e-21
4.710387384373460051e+00 1.753105527862252588e-21 2.194371695754699949e-21
4.711052384373031643e+00 2.503053542071095594e-21 2.386871165652436048e-21
4.711717384372603235e+00 2.759850376877174959e-20 2.475348472957276372e-21
4.712382384372174826e+00 8.129459484353577892e-21 2.649697214772882960e-21
4.713047384371746418e+00 1.387895006102135533e-20 2.645725430685585744e-21
4.713712384371318009e+00 1.734459490914905095e-20 2.931327507893900106e-21
4.714377384370889601e+00 7.846280181359543321e-21 2.692771355435388660e-21
4.715042384370461193e+00 8.986154089108062322e-21 2.995470083022007060e-21
4.715707384370032784e+00 1.240496610588480210e-20 2.855724657146698440e-21
4.716372384369604376e+00 7.208456475785761714e-21 2.671378965053975370e-21
4.717037384369175967e+00 4.910224160818085325e-21 2.432430968431595381e-21
4.717702384368747559e+00 6.656100968783664309e-21 2.331449059718091573e-21
4.718367384368319151e+00 5.130045367756658603e-21 2.967362318821351423e-21
4.719032384367890742e+00 1.333329385700588710e-20 3.013094982883803483e-21
4.719697384367462334e+00 1.480247136828517463e-20 2.920859611824755789e-21
4.720362384367033926e+00 8.125996502316969605e-21 2.626497207388876618e-21
4.721027384366605517e+00 8.019309633627185665e-21 2.526899505662037286e-21
4.721692384366177109e+00 6.600128794733233779e-22 2.507825588470809998e-21
4.722357384365748700e+00 1.519720079411072280e-20 2.685514186978124312e-21
4.723022384365320292e+00 9.842746952271631688e-21 2.955768702416732299e-21
4.723687384364891884e+00 3.067822416157894053e-22 2.587035401061478434e-21
4.724352384364463475e+00 -1.796648356001091963e-21 2.517562407838462885e-21
4.725017384364035067e+00 1.730882405518352347e-21 2.875333561642033087e-21
4.725682384363606658e+00 1.190313867272104626e-20 3.088779074722918604e-21
4.726347384363178250e+00 4.316638818018395463e-21 2.630179604976328218e-21
4.727012384362749842e+00 -6.286399846408331911e-21 2.841762821589967532e-21
4.727677384362321433e+00 -4.310060035565933303e-22 2.695077656476250163e-21
4.728342384361893025e+00 1.086191053840269141e-20 2.327173359184597742e-21
4.729007384361464617e+00 1.123221273856284372e-20 2.500634929841067221e-21
4.729672384361036208e+00 1.027064742259016281e-20 2.703706477853219507e-21
4.730337384360607800e+00 -8.745729213623881221e-21 2.583053496292580574e-21
4.731002384360179391e+00 5.385502383267813620e-22 3.122839166687026457e-21
4.731667384359750983e+00 1.696032918077256447e-20 3.509657856886506396e-21
4.732332384359322575e+00 1.861622234774754318e-20 2.349361537130212442e-21
4.732997384358894166e+00 1.076591169217893506e-20 2.279952211663044548e-21
4.733662384358465758e+00 6.144876945550362523e-21 2.311730911906931898e-21
4.734327384358037349e+00 7.292872918964572580e-21 2.609083830670634264e-21
4.734992384357608941e+00 1.201780730113821316e-20 2.302423830070033613e-21
4.735657384357180533e+00 1.268224777548140371e-20 2.643164497210853757e-21
4.736322384356752124e+00 1.089992143936446256e-20 2.666350863138328940e-21
4.736987384356323716e+00 9.163596919852184820e-21 2.432223184528499880e-21
4.737652384355895308e+00 -7.649148272395669493e-22 2.408788701629496235e-21
4.738317384355466899e+00 8.129025439800696419e-21 2.360921073844954698e-21
4.738982384355038491e+00 1.095114718215816937e-21 2.581180518760837519e-21
4.739647384354610082e+00 -9.661441467898588185e-21 2.769253678297090283e-21
4.740312384354181674e+00 9.230317262268563241e-21 2.389171533115395934e-21
4.740977384353753266e+00 2.128948028306629518e-21 2.820005737872803931e-21
4.741642384353324857e+00 4.608833910649272105e-21 2.897313462840728971e-21
4.742307384352896449e+00 -8.202325668059952641e-21 2.421812038430750768e-21
4.742972384352468040e+00 -1.626064946662313573e-20 2.235737386988213965e-21
4.743637384352039632e+00 -6.395676829446119767e-21 2.324522128077749510e-21
4.744302384351611224e+00 -1.571371483200810543e-21 2.879181774253037399e-21
4.744967384351182815e+00 7.324851488537084114e-21 2.373761471519625151e-21
4.745632384350754407e+00 1.563620650992018666e-20 2.921766741077632365e-21
4.746297384350325999e+00 8.237565960536941387e-21 2.443380249334210012e-21
4.746962384349897590e+00 1.072593402249922530e-20 2.430114407290868959e-21
4.747627384349469182e+00 1.908975136533656601e-21 2.611011313141046413e-21
4.748292384349040773e+00 4.429516043458405755e-21 2.571090571670345914e-21
4.748957384348612365e+00 7.142040891261205148e-21 2.802746476021367804e-21
4.749622384348183957e+00 1.632678347261633810e-20 2.408034437587098854e-21
4.750287384347755548e+00 1.389498673034819761e-20 2.402733191535789599e-21
4.750952384347327140e+00 7.980488990623559292e-21 2.457619048924060841e-21
4.751617384346898731e+00 8.021150753931338509e-21 2.600506272954902931e-21
4.752282384346470323e+00 1.345255379808206266e-20 2.720065855936794827e-21
4.752947384346041915e+00 5.229418712597146471e-21 2.602171436655329273e-21
4.753612384345613506e+00 8.110225786078109984e-21 2.232342460569777173e-21
4.754277384345185098e+00 1.095688248610428117e-20 2.690654064886148757e-21
4.754942384344756690e+00 -2.860300529303670427e-22 2.827002128029707693e-21
4.755607384344328281e+00 2.833156454245815466e-21 3.114489223543218763e-21
4.756272384343899873e+00 4.578805289244001402e-21 2.563347054999742319e-21
4.756937384343471464e+00 2.002444885193562618e-20 2.434884604932115069e-21
4.757602384343043056e+00 1.233016237918416685e-20 2.472515853183223891e-21
4.758267384342614648e+00 1.055631298486417628e-20 2.270537604119495689e-21
4.758932384342186239e+00 -4.726452447792658363e-21 2.271204171355238644e-21
4.759597384341757831e+00 -5.443875124256833949e-22 2.604554104046555340e-21
4.760262384341329422e+00 3.932560784352989510e-21 2.550225599560563685e-21
4.760927384340901014e+00 -2.200692224427675210e-21 2.547178583270094006e-21
4.761592384340472606e+00 1.761161968536269969e-20 2.561207571568364405e-21
4.762257384340044197e+00 5.631660067922709995e-21 2.959172890888468105e-21
4.762922384339615789e+00 -1.165560953499868100e-20 2.859084715508920292e-21
4.763587384339187381e+00 6.314437687834776187e-23 2.660746775134018391e-21
4.764252384338758972e+00 -3.498820575201731434e-21 2.401823287202820520e-21
4.764917384338330564e+00 7.186295472971919024e-21 2.360961797652261762e-21
4.765582384337902155e+00 4.864455146415851099e-22 2.785487121767702421e-21
4.766247384337473747e+00 8.394305429169263341e-21 3.216345442967824650e-21
4.766912384337045339e+00 7.446418784410255894e-21 2.446795643149609757e-21
4.767577384336616930e+00 8.348185488190081868e-21 2.140056663605720669e-21
4.768242384336188522e+00 -7.783516530349226002e-21 2.583778921865524967e-21
4.768907384335760113e+00 8.733070446842047129e-21 2.225611537482630418e-21
4.769572384335331705e+00 8.273046786352595786e-21 3.004002311586059323e-21
4.770237384334903297e+00 2.119009888391446573e-20 2.595075333612415889e-21
4.770902384334474888e+00 9.775942572430153717e-21 2.836919108637936986e-21
4.771567384334046480e+00 -2.435429440557768853e-21 2.773705060534061255e-21
4.772232384333618072e+00 -8.033428296700272526e-22 2.311574252906723257e-21
4.772897384333189663e+00 9.821125668208688738e-21 2.417859491173884513e-21
4.773562384332761255e+00 1.075303940865172095e-20 2.725879955348492006e-21
4.774227384332332846e+00 6.882721194919096543e-21 2.301375669885011493e-21
4.774892384331904438e+00 2.627059493219363624e-21 2.517897201789539138e-21
4.775557384331476030e+00 9.953419567117145311e-21 2.832166127502340448e-21
4.776222384331047621e+00 9.991642047287998596e-21 2.922830900879091199e-21
4.776887384330619213e+00 -1.067043959285546540e-20 3.424570548672952241e-21
4.777552384330190804e+00 5.533885662324923652e-22 2.358154479825143254e-21
4.778217384329762396e+00 7.205053718986849183e-21 2.540599360163968135e-21
4.778882384329333988e+00 1.136513586221785260e-20 2.811135491128620965e-21
4.779547384328905579e+00 1.187921663274345069e-20 2.811229404338096203e-21
4.780212384328477171e+00 3.677281734331994112e-21 2.527783015914607627e-21
4.780877384328048763e+00 -4.635218994272143687e-21 2.390731585170748929e-21
4.781542384327620354e+00 1.027364191625471550e-20 2.426990684539524003e-21
4.782207384327191946e+00 8.991492081990801844e-21 2.761678406833071389e-21
4.782872384326763537e+00 5.357167318130641191e-21 2.737335242783664904e-21
4.783537384326335129e+00 4.653831535545674960e-21 2.430813399650741992e-21
4.784202384325906721e+00 9.172504523385375739e-21 2.360421106110862123e-21
4.784867384325478312e+00 1.159591961005568547e-20 3.311277835391503673e-21
4.785532384325049904e+00 4.067247820750093837e-21 3.111915231926425338e-21
4.786197384324621495e+00 3.591041310168818462e-21 2.613194701512685564e-21
4.786862384324193087e+00 1.102046525202160063e-20 2.714716911741658440e-21
4.787527384323764679e+00 2.923564942584446524e-21 3.113948596921688983e-21
4.788192384323336270e+00 1.226871469083952983e-20 2.748961458483036251e-21
4.788857384322907862e+00 2.472036468904397200e-20 2.989876096063013851e-21
4.789522384322479454e+00 3.672604813170855755e-21 2.461752244320995202e-21
4.790187384322051045e+00 5.396699414044816457e-22 2.646343822598166636e-21
4.790852384321622637e+00 4.931470469357911433e-21 2.868786331276037090e-21
4.791517384321194228e+00 -1.119311448048398257e-20 2.980036721067706956e-21
4.792182384320765820e+00 -9.477432913344394670e-21 2.420867320854457187e-21
4.792847384320337412e+00 1.150786304389239344e-22 2.777506601432544295e-21
4.793512384319909003e+00 2.468505827365504906e-22 2.558940045999394814e-21
4.794177384319480595e+00 3.777831460310427123e-21 2.699933763603041729e-21
4.794842384319052186e+00 1.049204598361355049e-20 2.734385074776840486e-21
4.795507384318623778e+00 1.155163066564983664e-20 2.467637840060654072e-21
4.796172384318195370e+00 -4.966445370431613725e-21 2.628492301413333663e-21
4.796837384317766961e+00 2.724483390782743965e-21 2.834657272577997059e-21
4.797502384317338553e+00 4.008265278709338318e-21 2.592594168962721241e-21
4.798167384316910145e+00 -2.335354119607456795e-21 2.869748240204915000e-21
4.798832384316481736e+00 1.944669949287569503e-21 2.990749612426417604e-21
4.799497384316053328e+00 -4.274982824413949486e-21 3.076372542709538224e-21
4.800162384315624919e+00 3.592019034771199838e-21 2.786791682771199815e-21
4.800827384315196511e+00 2.239631283463759320e-20 3.071326463397303867e-21
4.801492384314768103e+00 2.566123894264518423e-20 2.768475728447465446e-21
4.802157384314339694e+00 1.501781294161033393e-20 2.873461373867753634e-21
4.802822384313911286e+00 6.053196344675903480e-21 3.152995551700683782e-21
4.803487384313482877e+00 9.879336424945624190e-21 2.863707126816751494e-21
4.804152384313054469e+00 2.515977555148877286e-20 2.957665307235841849e-21
4.804817384312626061e+00 7.576459849334317100e-21 3.436131354948847551e-21
4.805482384312197652e+00 3.258020332588641519e-21 2.559254555620118787e-21
4.806147384311769244e+00 -3.294562395429730384e-21 2.569851040156290214e-21
4.806812384311340836e+00 -8.587204496906427920e-21 2.666175721965228287e-21
4.807477384310912427e+00 8.510551335908847729e-21 2.851503821857146402e-21
4.808142384310484019e+00 8.249616599567104352e-22 2.858288259207537362e-21
4.808807384310055610e+00 9.979156278064713676e-21 2.706367303074442354e-21
4.809472384309627202e+00 1.826046872608634778e-20 2.874765244064302625e-21
4.810137384309198794e+00 -1.172300583445533785e-20 2.598633382701936631e-21
4.810802384308770385e+00 4.328747585036796724e-21 2.445875477817139651e-21
4.811467384308341977e+00 8.156154850860679169e-21 2.373932413046052169e-21
4.812132384307913568e+00 4.988032551662212829e-21 2.309297950893710212e-21
4.812797384307485160e+00 7.605044428713242617e-21 3.459642150098399005e-21
4.813462384307056752e+00 2.227963701303748441e-21 2.504313610697998424e-21
4.814127384306628343e+00 -1.006030931097936177e-21 2.405343862201688675e-21
4.814792384306199935e+00 1.134956958745481785e-20 2.517446441069384661e-21
4.815457384305771527e+00 -3.643476139367239813e-21 2.367883641077109984e-21
4.816122384305343118e+00 -1.626648310163550175e-21 2.694584632709858967e-21
4.816787384304914710e+00 6.743399089135882981e-21 2.533330836828585539e-21
4.817452384304486301e+00 6.976045650036562042e-21 2.900919779528633475e-21
4.818117384304057893e+00 1.212652574694264655e-20 2.353482298484663188e-21
4.818782384303629485e+00 8.416562195993690862e-21 2.163774686605653309e-21
4.819447384303201076e+00 5.533909738470254237e-21 2.926834293074953861e-21
4.820112384302772668e+00 5.688696155552237742e-21 2.607370053800763772e-21
4.820777384302344259e+00 3.891728229928724710e-21 2.574198841286097401e-21
4.821442384301915851e+00 6.319028070826670759e-21 2.674279757839686012e-21
4.822107384301487443e+00 6.821399018292594443e-21 3.074645159370648984e-21
4.822772384301059034e+00 1.333229288861342684e-20 3.166318949262582675e-21
4.823437384300630626e+00 8.826278644322758033e-21 2.681982812145777234e-21
4.824102384300202218e+00 9.724681896916553296e-21 2.653874355209988557e-21
4.824767384299773809e+00 1.253510852566330756e-20 2.431797211075450054e-21
4.825432384299345401e+00 1.190237455262467692e-20 3.272999922221759939e-21
4.826097384298916992e+00 1.181157543612302640e-20 3.069785976907361374e-21
4.826762384298488584e+00 1.329955587177054114e-20 2.858755946149338422e-21
4.827427384298060176e+00 1.193418782562519874e-20 2.632774166084479937e-21
4.828092384297631767e+00 1.306560164709501614e-20 3.009223776331532946e-21
4.828757384297203359e+00 9.996033129997368834e-21 2.419904655086072292e-21
4.829422384296774950e+00 6.226777021950868465e-21 2.258481696662836136e-21
4.830087384296346542e+00 9.821485238093495271e-21 2.450011680351570494e-21
4.830752384295918134e+00 5.324572226318253057e-21 3.054342816436654151e-21
4.831417384295489725e+00 3.053625584677376065e-21 2.564581213227043490e-21
4.832082384295061317e+00 -1.529742031035515242e-21 2.503885782945333472e-21
4.832747384294632909e+00 -2.494403066894980224e-21 2.536104078795594546e-21
4.833412384294204500e+00 4.170824049813108247e-21 2.479104932330650084e-21
4.834077384293776092e+00 -5.794945751329757840e-22 2.426639474115037849e-21
4.834742384293347683e+00 8.471051216665057856e-21 2.430101321722595377e-21
4.835407384292919275e+00 1.015828214478802420e-20 2.552807213947823599e-21
4.836072384292490867e+00 -4.544567624376733042e-22 2.436986503614994666e-21
4.836737384292062458e+00 -4.347726563893132125e-21 2.947855712147415132e-21
4.837402384291634050e+00 -4.236451656978993923e-21 2.925664908098771404e-21
4.838067384291205641e+00 -3.059999196511256942e-21 2.271519430240382760e-21
4.838732384290777233e+00 9.359997327677906398e-21 2.526753126079608987e-21
4.839397384290348825e+00 7.945082164120844369e-21 2.677470632598828767e-21
4.840062384289920416e+00 -2.055627687412760131e-22 2.516844769402808576e-21
4.840727384289492008e+00 6.561595703603889174e-22 2.481873061488581152e-21
4.841392384289063600e+00 5.351597529938801453e-23 2.459357896124358222e-21
4.842057384288635191e+00 8.649431277114412640e-21 2.984630588195257712e-21
4.842722384288206783e+00 3.824237936567022832e-21 2.502063480162265661e-21
4.843387384287778374e+00 7.508627043861359126e-21 2.681129210460069813e-21
4.844052384287349966e+00 1.332448698236795800e-21 2.608953271610353170e-21
4.844717384286921558e+00 3.981931083764589300e-21 2.656980775015624476e-21
4.845382384286493149e+00 1.076578035718239452e-21 2.707272658361281894e-21
4.846047384286064741e+00 9.660406638859352334e-22 2.384006868028083224e-21
4.846712384285636332e+00 1.990748146803008524e-21 2.358781132895191354e-21
4.847377384285207924e+00 -3.755735569048497611e-21 2.484526023323303605e-21
4.848042384284779516e+00 5.501326527358132783e-21 2.671064026303789177e-21
4.848707384284351107e+00 -7.534583087415057143e-21 2.510282751389329355e-21
4.849372384283922699e+00 -1.872399944353957549e-21 3.218364275285351100e-21
4.850037384283494291e+00 -4.948816934132935753e-23 2.723639056687015513e-21
4.850702384283065882e+00 -2.637518000432295858e-21 2.757567947112245140e-21
4.851367384282637474e+00 -3.359950612413682129e-22 3.177707988346418374e-21
4.852032384282209065e+00 2.439729255232627554e-21 2.910294578851387786e-21
4.852697384281780657e+00 5.947853817906251763e-21 3.003821069121018372e-21
4.853362384281352249e+00 1.179526516066165395e-20 2.579739797326125218e-21
4.854027384280923840e+00 2.887229819322843848e-21 2.966857641451720135e-21
4.854692384280495432e+00 -3.278728902178322043e-21 2.839504538997018202e-21
4.855357384280067023e+00 -1.018884759329475588e-20 2.438628081786910537e-21
4.856022384279638615e+00 6.396003349289957926e-21 3.564426274022995761e-21
4.856687384279210207e+00 1.176574255097158062e-21 2.833022024111104465e-21
4.857352384278781798e+00 1.800958194617308167e-21 3.048913044638675592e-21
4.858017384278353390e+00 -7.812458180202005436e-23 2.502398409937963101e-21
4.858682384277924982e+00 -1.597158094996632620e-21 2.754384010393334945e-21
4.859347384277496573e+00 4.803784442438331538e-21 2.843004903833963280e-21
4.860012384277068165e+00 7.166854301818935359e-21 3.221246707330900993e-21
4.860677384276639756e+00 1.005659817020142317e-20 2.847675940894331640e-21
4.861342384276211348e+00 1.010245295352757321e-20 2.632315596987483103e-21
4.862007384275782940e+00 2.142438734041251389e-21 2.740794461111424999e-21
4.862672384275354531e+00 1.427108983605690539e-20 2.763145273904704674e-21
4.863337384274926123e+00 -6.680933597865448337e-21 3.066374933648994988e-21
4.864002384274497715e+00 5.136352800517212367e-21 3.226074567802210534e-21
4.864667384274069306e+00 1.796700626719649520e-20 3.168445600606258113e-21
4.865332384273640898e+00 -1.954328394294715876e-21 2.841392267298723353e-21
4.865997384273212489e+00 -1.411495217976815557e-21 2.772885082255174354e-21
4.866662384272784081e+00 1.433060710882617772e-20 2.694386359984301924e-21
4.867327384272355673e+00 1.166012696422654811e-20 2.621333075218169823e-21
4.867992384271927264e+00 1.426216755737033533e-20 2.869128502595622053e-21
4.868657384271498856e+00 2.490863935205498407e-20 2.915306008704815188e-21
4.869322384271070447e+00 1.221737422325494058e-20 3.493889405323676430e-21
4.869987384270642039e+00 1.282589332772288530e-20 3.305634206479130573e-21
4.870652384270213631e+00 1.537995287098619290e-20 2.897453005691939737e-21
4.871317384269785222e+00 2.372971383883454768e-20 3.020149725666109328e-21
4.871982384269356814e+00 4.885221395734861260e-21 2.629511054526654801e-21
4.872647384268928406e+00 4.436050702415283084e-21 2.797022553576865947e-21
4.873312384268499997e+00 3.903760683656403336e-21 3.049620216452045299e-21
4.873977384268071589e+00 1.696919393133084391e-21 2.767870264270034950e-21
4.874642384267643180e+00 2.010448745085989908e-20 3.088098704189796883e-21
4.875307384267214772e+00 2.485485449276149363e-20 2.498774523043928754e-21
4.875972384266786364e+00 8.947297655555731845e-21 3.064789752911411090e-21
4.876637384266357955e+00 -3.016266014375633827e-21 3.141962542188867101e-21
4.877302384265929547e+00 1.868342137118100797e-20 2.660720413816310206e-21
4.877967384265501138e+00 3.056303028048573143e-20 3.444392086222039718e-21
4.878632384265072730e+00 2.209062587601783177e-20 3.162459282086880071e-21
4.879297384264644322e+00 1.119479114047910550e-20 3.072473377487874363e-21
4.879962384264215913e+00 1.779149336914085266e-20 3.009018828831932147e-21
4.880627384263787505e+00 1.198156936658771772e-20 2.831779902058518942e-21
4.881292384263359097e+00 2.460295905085357980e-21 2.754896177525575860e-21
4.881957384262930688e+00 9.585597626012783662e-21 3.329282785410820810e-21
4.882622384262502280e+00 3.756593799092733447e-21 2.831711214506026801e-21
4.883287384262073871e+00 7.239938072994738715e-22 2.791287209285851570e-21
4.883952384261645463e+00 2.029867794700317418e-21 2.831217006784136255e-21
4.884617384261217055e+00 6.335151150043624753e-23 2.932540979860741300e-21
4.885282384260788646e+00 3.104316969794854370e-21 2.995609678244267203e-21
4.885947384260360238e+00 7.063121445987811794e-21 2.773115013175703547e-21
4.886612384259931829e+00 2.114657542557654098e-21 2.780992863928550917e-21
4.887277384259503421e+00 3.992930106525331480e-21 2.998590036186912076e-21
4.887942384259075013e+00 -5.490339577812208445e-21 2.565670504831722639e-21
4.888607384258646604e+00 -5.882694591336985526e-21 2.844778122859704739e-21
4.889272384258218196e+00 -1.942811736738697886e-21 3.078146163866501109e-21
4.889937384257789788e+00 -1.382799092038965854e-20 3.204156655174590708e-21
4.890602384257361379e+00 8.267763331479881544e-21 3.127815488067614372e-21
4.891267384256932971e+00 -5.506108735550035459e-21 2.545884551394032146e-21
4.891932384256504562e+00 5.956184451743360462e-21 3.237279274401438643e-21
4.892597384256076154e+00 8.563410457715809097e-21 2.922423942776408392e-21
4.893262384255647746e+00 -8.919940011029523569e-21 2.414077078306583577e-21
4.893927384255219337e+00 9.900732278892550770e-21 2.939075493771696024e-21
4.894592384254790929e+00 1.130809432469143811e-20 3.818299920682855303e-21
4.895257384254362520e+00 4.660038031512676033e-21 3.023269396315987434e-21
4.895922384253934112e+00 -6.182740840779303310e-21 3.027211377709818502e-21
4.896587384253505704e+00 9.745126735994877494e-21 3.195511042183464667e-21
4.897252384253077295e+00 9.728331287503540998e-21 2.659119685559996990e-21
4.897917384252648887e+00 1.624079350597477251e-20 2.798252208882998605e-21
4.898582384252220479e+00 8.893911226154826739e-21 2.973397570253757747e-21
4.899247384251792070e+00 6.868099868668838408e-21 2.774755016540569659e-21
4.899912384251363662e+00 4.114422544779016964e-21 2.680558743207495712e-21
4.900577384250935253e+00 -6.783369239970449021e-21 2.695611433156010455e-21
4.901242384250506845e+00 1.859800770683498398e-21 2.416506261874991866e-21
4.901907384250078437e+00 1.026169602581236931e-20 2.772110849701849074e-21
4.902572384249650028e+00 5.650386130143306407e-21 6.689040813748218334e-21
4.903237384249221620e+00 1.242791398208245309e-20 4.570523964167654469e-21
4.903902384248793211e+00 -7.324008250242771686e-21 2.977197676489514718e-21
4.904567384248364803e+00 4.107780110543631146e-21 6.241539232997916046e-21
4.905232384247936395e+00 5.508712897255514700e-21 3.717782691097378184e-21
4.905897384247507986e+00 -4.258755442949764426e-21 3.131905697230291562e-21
4.906562384247079578e+00 7.260155546378946579e-21 3.928883034749838641e-21
4.907227384246651170e+00 7.005059721863979726e-21 2.926369452897483675e-21
4.907892384246222761e+00 9.902852420352357948e-21 2.819492048921393607e-21
4.908557384245794353e+00 1.058745375596096251e-20 2.707905298009177236e-21
4.909222384245365944e+00 -2.684628703960584518e-21 2.696910883088858537e-21
4.909887384244937536e+00 3.264004172251972331e-21 2.656756258582235805e-21
4.910552384244509128e+00 1.489061882637479729e-20 2.651288620048873541e-21
4.911217384244080719e+00 4.473324383587721297e-21 3.003090094190231765e-21
4.911882384243652311e+00 2.842521824335445178e-21 2.781122376993784202e-21
4.912547384243223902e+00 2.537826982812167463e-21 2.590507235064021317e-21
4.913212384242795494e+00 -7.302660164125310476e-22 2.701082847774648471e-21
4.913877384242367086e+00 9.192010726809345357e-21 2.700049303519146047e-21
4.914542384241938677e+00 1.601707407476859553e-20 2.562212686332415526e-21
4.915207384241510269e+00 6.540026319824130910e-22 2.596103998060463859e-21
4.915872384241081861e+00 1.933899475686235456e-20 2.754318117540884316e-21
4.916537384240653452e+00 -2.906331196162753864e-21 2.958659609413837699e-21
4.917202384240225044e+00 2.070923488692538169e-20 2.733578679552690059e-21
4.917867384239796635e+00 7.753388115531623752e-21 3.107239436896881219e-21
4.918532384239368227e+00 2.223516979398986574e-21 6.649405698377070310e-21
4.919197384238939819e+00 1.174035699935935327e-20 7.641067310266611547e-21
4.919862384238511410e+00 1.091382887273576042e-21 2.639275597285548587e-21
4.920527384238083002e+00 -2.987366109951757315e-21 2.657546196420207662e-21
4.921192384237654593e+00 1.912995779249311739e-21 2.755893634011751191e-21
4.921857384237226185e+00 1.192790077577898843e-20 2.695719388244687897e-21
4.922522384236797777e+00 -9.153963832101223905e-21 3.078303561642499993e-21
4.923187384236369368e+00 1.467858367118027986e-20 2.844093628701317539e-21
4.923852384235940960e+00 9.353177923675245935e-21 3.129663456657714297e-21
4.924517384235512552e+00 6.638036112395493965e-21 2.837037415616057500e-21
4.925182384235084143e+00 1.049987074909064550e-20 2.955780611730946038e-21
4.925847384234655735e+00 4.913774247929489024e-21 2.628344737954046022e-21
4.926512384234227326e+00 8.865221798021974924e-21 2.417725155519616971e-21
4.927177384233798918e+00 6.850789724889687117e-21 2.894221924357029339e-21
4.927842384233370510e+00 2.531112512315385547e-22 3.154495108407917799e-21
4.928507384232942101e+00 3.627899176106597387e-21 2.871305503866039350e-21
4.929172384232513693e+00 2.582225446284862109e-20 2.533741589205469983e-21
4.929837384232085284e+00 3.401162878885680007e-21 3.124395316468754123e-21
4.930502384231656876e+00 2.879731517344707912e-20 2.826166369433168730e-21
4.931167384231228468e+00 1.483395326645787251e-20 2.760275206170843308e-21
4.931832384230800059e+00 9.789390220750352335e-21 2.973720085611007541e-21
4.932497384230371651e+00 -7.413388477931405373e-21 2.977230404713462718e-21
4.933162384229943243e+00 8.397002627202590142e-21 2.763972077975137323e-21
4.933827384229514834e+00 6.731879362044869537e-21 2.807179438323078127e-21
4.934492384229086426e+00 3.732793636850402044e-21 3.800151758371114931e-21
4.935157384228658017e+00 3.297692035126204348e-21 2.873947715314978993e-21
4.935822384228229609e+00 -9.348833815496537105e-22 2.563895432976118050e-21
4.936487384227801201e+00 1.903959002483992340e-20 2.890704487898566012e-21
4.937152384227372792e+00 9.452839728658235228e-21 3.276796757891793208e-21
4.937817384226944384e+00 1.128064310094523413e-20 2.689233354276082302e-21
4.938482384226515975e+00 1.034299340600650252e-20 3.095240036189524029e-21
4.939147384226087567e+00 4.941759292790861429e-21 2.584526828243316805e-21
4.939812384225659159e+00 5.374201813935508251e-21 2.668391844267130701e-21
4.940477384225230750e+00 8.386913364194512451e-21 2.510681119707512658e-21
4.941142384224802342e+00 4.561358756629704530e-21 3.452485877993148221e-21
4.941807384224373934e+00 1.488167470941466991e-20 3.064009675034069059e-21
4.942472384223945525e+00 2.631824067604338648e-21 2.986090994126278751e-21
4.943137384223517117e+00 1.753422776949575630e-20 3.165447725938404822e-21
4.943802384223088708e+00 2.599939659682689193e-20 2.737819872829940453e-21
4.944467384222660300e+00 1.233271264692698267e-20 2.993395829703403214e-21
4.945132384222231892e+00 8.138889993317983087e-21 7.168066162301435046e-21
4.945797384221803483e+00 1.777849654172026663e-20 3.481246471853827745e-21
4.946462384221375075e+00 7.272782201024049347e-22 3.073148094705668068e-21
4.947127384220946666e+00 2.751170858323051738e-20 3.140860007109634435e-21
4.947792384220518258e+00 2.985290714577590832e-20 3.020259911481809451e-21
4.948457384220089850e+00 2.299816244818170960e-20 3.275346700309284703e-21
4.949122384219661441e+00 4.812395207601890460e-21 3.460028623883274902e-21
4.949787384219233033e+00 2.176018518969694623e-22 3.452987289510209622e-21
4.950452384218804625e+00 1.506090950715976236e-20 3.055317268353346695e-21
4.951117384218376216e+00 1.325252611430772220e-21 2.582517876988438109e-21
4.951782384217947808e+00 5.771072228919903845e-21 2.552549399413060782e-21
4.952447384217519399e+00 6.127425486765211769e-21 3.100924420414330953e-21
4.953112384217090991e+00 3.879189252959417080e-21 2.867687071497110922e-21
4.953777384216662583e+00 5.408710609141031664e-21 2.693290689524795848e-21
4.954442384216234174e+00 -7.726478983088442254e-23 2.839193387987083844e-21
4.955107384215805766e+00 -4.179703374917062650e-21 2.853531629534910397e-21
4.955772384215377357e+00 1.117831672026080655e-20 2.800898756852486851e-21
4.956437384214948949e+00 3.226225676957851506e-20 3.095526681907635396e-21
4.957102384214520541e+00 8.293445719602356715e-21 3.006863432828224600e-21
4.957767384214092132e+00 -4.407033104995302754e-21 2.920497868981558251e-21
4.958432384213663724e+00 6.337774863743026388e-22 2.875266330537379194e-21
4.959097384213235316e+00 7.816269265540240286e-21 2.824929945724267676e-21
4.959762384212806907e+00 9.821890170597149139e-21 2.522343538697804826e-21
4.960427384212378499e+00 4.300562074736237078e-21 2.520642618565819928e-21
4.961092384211950090e+00 1.339826352055082491e-20 2.471646693096204145e-21
4.961757384211521682e+00 1.262542982309731878e-20 2.794708817776248904e-21
4.962422384211093274e+00 1.576408380927461613e-20 2.686748563330380283e-21
4.963087384210664865e+00 5.035978071927748464e-21 2.897963024982620324e-21
4.963752384210236457e+00 4.477576438600105004e-21 5.183068144543484087e-21
4.964417384209808048e+00 -3.048450217548872823e-21 2.565362479087752565e-21
4.965082384209379640e+00 -1.930987754840785655e-21 4.390205714128211579e-21
4.965747384208951232e+00 -2.455063595665541648e-21 2.589546946622115041e-21
4.966412384208522823e+00 7.162588294869580110e-22 3.107019807842900823e-21
4.967077384208094415e+00 1.037459475110088537e-20 2.266736256587503059e-21
4.967742384207666007e+00 1.310125884762357114e-20 3.646850744250923608e-21
4.968407384207237598e+00 6.273399815634833141e-21 2.426989860908881651e-21
4.969072384206809190e+00 9.828925589863703022e-21 2.342580404892057255e-21
4.969737384206380781e+00 6.885067504711670799e-21 2.308182621522589752e-21
4.970402384205952373e+00 9.250759121024382525e-22 2.327844743466419552e-21
4.971067384205523965e+00 -6.768432057261492784e-21 2.629386027212905391e-21
4.971732384205095556e+00 5.118887496819541445e-21 2.416245657644498701e-21
4.972397384204667148e+00 -1.422552991438879812e-20 2.595046995236690695e-21
4.973062384204238739e+00 -9.915034186462822946e-21 2.754508282100238362e-21
4.973727384203810331e+00 -2.394073098200395279e-21 2.863266527101218369e-21
4.974392384203381923e+00 -1.140031529025051235e-21 3.116156287353025519e-21
4.975057384202953514e+00 6.843873358703500048e-21 2.997739032882027549e-21
4.975722384202525106e+00 7.742654377947563225e-21 2.782744487272244203e-21
4.976387384202096698e+00 -1.336080896874983736e-21 3.030122564608941450e-21
4.977052384201668289e+00 8.318295893188036201e-21 2.800777689010593804e-21
4.977717384201239881e+00 1.131860683372766298e-20 2.907289144148158423e-21
4.978382384200811472e+00 5.591809241256341557e-21 3.066705336294537119e-21
4.979047384200383064e+00 3.141115178893235571e-21 3.164080945067172726e-21
4.979712384199954656e+00 -1.979915712876688796e-21 2.711255083099762994e-21
4.980377384199526247e+00 -3.966579163880198786e-21 2.760631596522485550e-21
4.981042384199097839e+00 3.473087492038082977e-21 2.733807228658981346e-21
4.981707384198669430e+00 7.756643952336326652e-21 2.749027869374700380e-21
4.982372384198241022e+00 1.653373721175812222e-20 2.809967641186076055e-21
4.983037384197812614e+00 1.021702930714452002e-20 2.724122466531808590e-21
4.983702384197384205e+00 5.124750476535509626e-21 2.843404524755118971e-21
4.984367384196955797e+00 5.683535731805836357e-21 2.567219180426526012e-21
4.985032384196527389e+00 1.126967815667600405e-20 2.955738897113326389e-21
4.985697384196098980e+00 1.178001945980657874e-20 2.940338943138236636e-21
4.986362384195670572e+00 2.782842797381466312e-20 3.428989186773688858e-21
4.987027384195242163e+00 2.760860195835702820e-20 2.628438221952761098e-21
4.987692384194813755e+00 1.230709350936369720e-20 2.459492059809499907e-21
4.988357384194385347e+00 1.995798999301276141e-20 2.666756036352500504e-21
4.989022384193956938e+00 2.352313417895937303e-20 2.723669751025429148e-21
4.989687384193528530e+00 1.242270916948927215e-20 2.759350747796891533e-21
4.990352384193100121e+00 -1.884387343493314677e-21 3.127572072991639058e-21
4.991017384192671713e+00 2.025089012334061615e-21 2.654511189932134654e-21
4.991682384192243305e+00 1.062236156572809302e-20 2.877930958563535076e-21
4.992347384191814896e+00 1.046309563560003275e-20 2.541181323559479308e-21
4.993012384191386488e+00 2.322596584372443250e-20 2.966072485290338492e-21
4.993677384190958080e+00 8.213080603114347339e-21 2.631981340493787199e-21
4.994342384190529671e+00 2.504944595450493597e-21 2.793805693769402641e-21
4.995007384190101263e+00 -2.969028032755464400e-22 3.000478985628487999e-21
4.995672384189672854e+00 -3.535298380262733773e-21 3.064152093342969266e-21
4.996337384189244446e+00 2.961111154890503080e-21 2.466513944769317813e-21
4.997002384188816038e+00 1.220275854355597072e-20 2.288083543212340640e-21
4.997667384188387629e+00 2.919775648564676633e-21 2.553859778107766925e-21
4.998332384187959221e+00 -1.584967993214988648e-21 2.833561551812791575e-21
4.998997384187530812e+00 1.762040353683820854e-21 2.889045147168713977e-21
4.999662384187102404e+00 7.775100139089457326e-21 3.002468190667982101e-21
5.000327384186673996e+00 6.006095982936310282e-21 3.291981487927123425e-21
5.000992384186245587e+00 -7.116662062610528290e-21 2.991967604667998386e-21
5.001657384185817179e+00 6.641523384002322247e-21 3.338906278273456364e-21
5.002322384185388771e+00 -2.724183600385865746e-21 2.741848882391604904e-21
5.002987384184960362e+00 -4.427041496966452214e-21 2.778242577568927370e-21
5.003652384184531954e+00 -3.902725206486510268e-21 2.458433709637742289e-21
5.004317384184103545e+00 -2.333697859684653653e-21 2.823846631497250745e-21
5.004982384183675137e+00 -9.236025239204151730e-23 2.851797597527851721e-21
5.005647384183246729e+00 -6.077070665985365267e-21 2.689812426556247058e-21
5.006312384182818320e+00 -8.152088808264147414e-21 2.698490037325448323e-21
5.006977384182389912e+00 -7.170315225494348519e-22 3.304917377761500871e-21
5.007642384181961503e+00 -9.167968340078877234e-21 3.465050237724376297e-21
5.008307384181533095e+00 3.243007528276038465e-21 2.888315617755887112e-21
5.008972384181104687e+00 -5.267474892963334967e-21 3.092086577561775747e-21
5.009637384180676278e+00 -3.872891861329728994e-21 2.656502474491655242e-21
5.010302384180247870e+00 -6.159367136860774564e-21 2.782096780693491245e-21
5.010967384179819462e+00 8.199426291680102746e-21 3.470580409475307017e-21
5.011632384179391053e+00 1.665785951299924108e-20 3.288529193230512902e-21
5.012297384178962645e+00 9.026491783379551318e-21 2.579741375095605436e-21
5.012962384178534236e+00 1.335763323620056742e-21 2.588367035006882419e-21
5.013627384178105828e+00 -9.319524591778117959e-21 2.871492384974386616e-21
5.014292384177677420e+00 -4.620013505656264083e-21 2.582330625436429514e-21
5.014957384177249011e+00 8.023016490371863563e-21 2.804296344407397383e-21
5.015622384176820603e+00 1.048558442292601154e-20 2.754366761532659647e-21
5.016287384176392194e+00 -3.543100354390939000e-21 2.618651241510786925e-21
5.016952384175963786e+00 3.101475483245214576e-21 2.730802169284959674e-21
5.017617384175535378e+00 7.629924448249971738e-22 2.443330179432436540e-21
5.018282384175106969e+00 -1.433064315070345379e-20 3.023914005490317633e-21
5.018947384174678561e+00 -4.805476963594726166e-21 2.428538502008352662e-21
5.019612384174250153e+00 2.178412115365811832e-21 3.352723689361696718e-21
5.020277384173821744e+00 -2.021474855374907899e-21 2.776075797943212926e-21
5.020942384173393336e+00 -3.553196084747586883e-21 2.733920006283561077e-21
5.021607384172964927e+00 -4.240514488832747514e-21 2.760912194802048383e-21
5.022272384172536519e+00 3.320188235552521637e-21 2.823413310585897325e-21
5.022937384172108111e+00 1.878132641738823277e-21 2.474972007333976732e-21
5.023602384171679702e+00 2.406747815406745957e-20 2.636769358374093210e-21
5.024267384171251294e+00 1.423670379598419247e-20 2.825937601490770378e-21
5.024932384170822885e+00 1.723481011885274051e-20 2.718836888120795087e-21
5.025597384170394477e+00 8.574175582097323709e-21 2.894618932473969339e-21
5.026262384169966069e+00 1.153656075028899940e-20 3.018144379002893759e-21
5.026927384169537660e+00 1.181099942096550342e-20 2.869612730644123184e-21
5.027592384169109252e+00 1.307070772179162991e-20 3.161755392107386744e-21
5.028257384168680844e+00 1.437745313748742466e-20 3.012482169969751824e-21
5.028922384168252435e+00 9.340856243416109866e-21 2.518870708629342327e-21
5.029587384167824027e+00 -6.843552656049926855e-21 3.001478906693623741e-21
5.030252384167395618e+00 1.957891831051740995e-20 2.805556455812062704e-21
5.030917384166967210e+00 5.788807637953118043e-21 3.197794711452204385e-21
5.031582384166538802e+00 -5.626368838735571313e-21 2.382947531784711740e-21
5.032247384166110393e+00 -1.097804093627214902e-20 2.870143359365298667e-21
5.032912384165681985e+00 -1.089723894430132446e-20 2.493868569030989657e-21
5.033577384165253576e+00 8.000182405246931204e-21 2.839545372227853029e-21
5.034242384164825168e+00 1.309857526391808981e-20 2.528664810161444390e-21
5.034907384164396760e+00 7.936098635070905358e-21 2.713168862529932793e-21
5.035572384163968351e+00 -2.818348674650030892e-21 2.863689738787832233e-21
5.036237384163539943e+00 -9.894144384376229620e-21 2.551147806229874125e-21
5.036902384163111535e+00 -7.610889772227070655e-21 2.369497453015172418e-21
5.037567384162683126e+00 -2.963761224663315018e-21 2.809278906951530459e-21
5.038232384162254718e+00 -4.093336935665285071e-21 2.721300147743805094e-21
5.038897384161826309e+00 3.315907576416625961e-21 2.340609172335157001e-21
5.039562384161397901e+00 4.679539498763558745e-21 3.048447149038259193e-21
5.040227384160969493e+00 9.899264940352499737e-21 2.874910572936303571e-21
5.040892384160541084e+00 2.712109762982930177e-21 2.758784206828182991e-21
5.041557384160112676e+00 -1.540237270117776084e-20 2.509751377163712465e-21
5.042222384159684268e+00 -5.794953059137202690e-21 2.895805906584839856e-21
5.042887384159255859e+00 3.798757992444906755e-21 2.699923899285562275e-21
5.043552384158827451e+00 7.609859919437306283e-21 2.742338268150425665e-21
5.044217384158399042e+00 1.879510375950918542e-20 2.924022393604570005e-21
5.044882384157970634e+00 2.076893356734586859e-20 3.104548811264592242e-21
5.045547384157542226e+00 2.540239606885230484e-21 2.674259148807640066e-21
5.046212384157113817e+00 6.855646706783417792e-22 3.464533567096877621e-21
5.046877384156685409e+00 -1.426469070373186493e-20 3.713199573526053155e-21
5.047542384156257000e+00 -3.399933829443059424e-22 3.289116168681057617e-21
5.048207384155828592e+00 8.506471257275189790e-21 3.351166655978926775e-21
5.048872384155400184e+00 5.753917260106429681e-21 2.461879483468224513e-21
5.049537384154971775e+00 8.217727830193465785e-21 2.575841664688745885e-21
5.050202384154543367e+00 4.619110820432333430e-21 2.916021888258904473e-21
5.050867384154114959e+00 -5.259426253363196621e-21 2.723787571688874865e-21
5.051532384153686550e+00 1.078549425822664859e-20 2.842732191586093084e-21
5.052197384153258142e+00 9.193414128410940761e-21 3.236969171181525196e-21
5.052862384152829733e+00 -1.377492680483307553e-20 2.663939590423992335e-21
5.053527384152401325e+00 4.652997963267812488e-21 2.397863812460746159e-21
5.054192384151972917e+00 -4.719364320022675294e-21 2.743657753078339642e-21
5.054857384151544508e+00 -1.892156501738949252e-20 2.633142907276115815e-21
5.055522384151116100e+00 9.479924359749459607e-21 4.491845154167495126e-21
5.056187384150687691e+00 1.563496944914288260e-20 2.730027454080611745e-21
5.056852384150259283e+00 1.477908513353261228e-20 3.168221315967762777e-21
5.057517384149830875e+00 3.391333826728443414e-21 2.849868085385633037e-21
5.058182384149402466e+00 9.716544346729700131e-21 3.286783184821462256e-21
5.058847384148974058e+00 7.553557234757628641e-21 3.547617684945404395e-21
5.059512384148545650e+00 1.742871080476536025e-20 2.986107705694359577e-21
5.060177384148117241e+00 7.601898795376232819e-22 2.742672012017950843e-21
5.060842384147688833e+00 3.966913142962768237e-22 2.477465734143503967e-21
5.061507384147260424e+00 1.568236127832423941e-20 2.555628652584169359e-21
5.062172384146832016e+00 1.368298042458214362e-20 2.692143084874017163e-21
5.062837384146403608e+00 8.615578444519225029e-22 2.901476864295865401e-21
5.063502384145975199e+00 1.921113776585898120e-21 3.319545142483360672e-21
5.064167384145546791e+00 2.354716876525198183e-20 3.196506441795266926e-21
5.064832384145118382e+00 2.110628827340180968e-21 3.341986342425839348e-21
5.065497384144689974e+00 1.067236850535233917e-20 2.813608842827018746e-21
5.066162384144261566e+00 2.848205743901649075e-22 2.894223562860830723e-21
5.066827384143833157e+00 1.290335107620471756e-20 2.623229648569202690e-21
5.067492384143404749e+00 2.647206798736005079e-20 2.764138477679958760e-21
5.068157384142976341e+00 7.337312946453852414e-21 3.033913505090589544e-21
5.068822384142547932e+00 1.426817502003624213e-20 2.927428747883508659e-21
5.069487384142119524e+00 1.076898487439161770e-20 2.692545163566457282e-21
5.070152384141691115e+00 2.092435901167600257e-20 2.970872522313782972e-21
5.070817384141262707e+00 6.702567291186161441e-21 3.220714522264124485e-21
5.071482384140834299e+00 1.707560366897138639e-20 2.794817635538529849e-21
5.072147384140405890e+00 -1.964571975963257359e-21 2.678727965317894844e-21
5.072812384139977482e+00 5.185614423905470730e-21 2.902416687019188211e-21
5.073477384139549073e+00 8.389789184590020088e-21 2.573893318813054174e-21
5.074142384139120665e+00 -3.511946220073614735e-21 2.853714401463452302e-21
5.074807384138692257e+00 -2.108318485387667716e-21 3.060843643825138320e-21
5.075472384138263848e+00 1.749771968966351034e-20 2.887344792535512120e-21
5.076137384137835440e+00 4.323752061812395379e-21 2.614185990906339150e-21
5.076802384137407032e+00 2.281114147305933696e-20 3.199588514934974859e-21
5.077467384136978623e+00 1.489575007012177872e-20 4.216037423712606433e-21
5.078132384136550215e+00 1.264908493301098767e-20 2.793968025112438780e-21
5.078797384136121806e+00 1.105146259992123028e-21 2.941825092120840255e-21
5.079462384135693398e+00 4.768632733127406390e-21 2.736937371700606873e-21
5.080127384135264990e+00 2.004631133647370107e-20 3.535238839452149757e-21
5.080792384134836581e+00 5.884384432539409657e-21 3.088943662043430397e-21
5.081457384134408173e+00 -1.167121483676041462e-20 3.192492690227713202e-21
5.082122384133979764e+00 -6.956132712064558210e-21 2.914668943768685132e-21
5.082787384133551356e+00 -4.654391599125296902e-21 3.067313408940032908e-21
5.083452384133122948e+00 8.884841972513095097e-21 3.281972633895466583e-21
5.084117384132694539e+00 1.056108989422834787e-20 3.036786737063276633e-21
5.084782384132266131e+00 5.654858959207520636e-21 3.276337753157726709e-21
5.085447384131837723e+00 1.368400454299145244e-20 2.968353203417257966e-21
5.086112384131409314e+00 2.176557741452328109e-20 3.711097211945580406e-21
5.086777384130980906e+00 1.942235995986329296e-20 3.006859529007688202e-21
5.087442384130552497e+00 1.350586274212774157e-20 4.516018571512015394e-21
5.088107384130124089e+00 1.428723620833352184e-20 3.115681897796833435e-21
5.088772384129695681e+00 2.340352628789986682e-20 2.804384533515414386e-21
5.089437384129267272e+00 1.309902143420532920e-20 2.835275300300841100e-21
5.090102384128838864e+00 6.711545469560237053e-21 2.684399814441961461e-21
5.090767384128410455e+00 3.964290554619786216e-21 3.773723520609295103e-21
5.091432384127982047e+00 5.543663869979614923e-21 3.310153230970914201e-21
5.092097384127553639e+00 2.314566286174730832e-21 2.706760049783787899e-21
5.092762384127125230e+00 1.921255718579368237e-21 2.652642123327398090e-21
5.093427384126696822e+00 1.956576324873776817e-20 3.008233353543495668e-21
5.094092384126268414e+00 2.421624266773566317e-20 2.730069323507984237e-21
5.094757384125840005e+00 1.912549139940573568e-20 2.741021277843908103e-21
5.095422384125411597e+00 1.601602138032115897e-20 3.339222881995649630e-21
5.096087384124983188e+00 1.547064466195458172e-20 2.675039089821015136e-21
5.096752384124554780e+00 1.141052247022957999e-20 2.818931360178514395e-21
5.097417384124126372e+00 2.496523517312993896e-20 2.464662276353979784e-21
5.098082384123697963e+00 1.646446793730495405e-20 2.999738098496670206e-21
5.098747384123269555e+00 2.094392021120442365e-20 3.268675390129144326e-21
5.099412384122841146e+00 1.341826374380376920e-20 2.880463275331090701e-21
5.100077384122412738e+00 9.922642165449332613e-21 3.234286568876693072e-21
5.100742384121984330e+00 7.524732587546203428e-21 2.640553587825426499e-21
5.101407384121555921e+00 1.078731560861339725e-20 2.492864464395183847e-21
5.102072384121127513e+00 1.020198400129547890e-20 2.979941811088332421e-21
5.102737384120699105e+00 4.196268382376692525e-21 3.210469352619171360e-21
5.103402384120270696e+00 8.274078571989852196e-21 2.972676620698403539e-21
5.104067384119842288e+00 1.190202711730122566e-20 2.719342082287790091e-21
5.104732384119413879e+00 1.349450742064030703e-20 2.981590440353258462e-21
5.105397384118985471e+00 1.861533740390080950e-20 2.645476820390918529e-21
5.106062384118557063e+00 1.288338416430685488e-20 3.119909616984894243e-21
5.106727384118128654e+00 1.866721063514405297e-20 2.457306610586540149e-21
5.107392384117700246e+00 1.816459893423449092e-22 2.718314069260516244e-21
5.108057384117271837e+00 9.798907227370443834e-21 2.484680683686808516e-21
5.108722384116843429e+00 1.638113495805874835e-20 2.981711191350356759e-21
5.109387384116415021e+00 2.155822999420364983e-20 2.802307211098987265e-21
5.110052384115986612e+00 1.521315089325736055e-20 2.930681479237212491e-21
5.110717384115558204e+00 2.036213105407620318e-20 2.784023617235550830e-21
5.111382384115129796e+00 1.402319984510422221e-20 2.524161989577031658e-21
5.112047384114701387e+00 1.374255193314646736e-20 2.774667084177920706e-21
5.112712384114272979e+00 1.695070089873471090e-20 3.028921306785984137e-21
5.113377384113844570e+00 1.598301085364089182e-20 3.758386560320806614e-20
5.114042384113416162e+00 2.126262932343204278e-20 4.483483431812576208e-20
5.114707384112987754e+00 1.176288564400218064e-20 3.379111503096622747e-20
5.115372384112559345e+00 1.368601991585462638e-20 4.448016093289310511e-20
5.116037384112130937e+00 1.972109860701174946e-20 2.847152469236325657e-21
5.116702384111702528e+00 1.695889470933619206e-20 3.286432538859794655e-21
5.117367384111274120e+00 1.759178453105739553e-20 2.975797638083740630e-21
5.118032384110845712e+00 2.901226235752798960e-20 2.462679186070872301e-21
5.118697384110417303e+00 2.004662771432079845e-20 2.679323921665519184e-21
5.119362384109988895e+00 1.845783464263338857e-20 2.622357975682182800e-21
5.120027384109560487e+00 1.661938500004296773e-20 2.537394329659520461e-21
5.120692384109132078e+00 1.246677870875415132e-20 2.610123184806409289e-21
5.121357384108703670e+00 8.690061913492151862e-21 2.772341653419875520e-21
5.122022384108275261e+00 1.555902071318888952e-20 2.902931301095511567e-21
5.122687384107846853e+00 3.147849943279686202e-20 2.713282712803893610e-21
5.123352384107418445e+00 4.186322125955691532e-20 2.717596437132457416e-21
5.124017384106990036e+00 7.153810748918497155e-21 2.620287460971667077e-21
5.124682384106561628e+00 1.622585867965702751e-20 2.829603581968675911e-21
5.125347384106133219e+00 2.549748047175367147e-20 2.481185252556019791e-21
5.126012384105704811e+00 2.315545155782078042e-20 2.627309910190941508e-21
5.126677384105276403e+00 1.471613366769623980e-20 2.442773400248755959e-21
5.127342384104847994e+00 6.597673084198872649e-21 2.643153864560070507e-21
5.128007384104419586e+00 2.113615800523978438e-20 3.140529953400049094e-21
5.128672384103991178e+00 2.686137694237933867e-20 4.101052704991972905e-21
5.129337384103562769e+00 2.123102987881911985e-20 2.957228243732793268e-21
5.130002384103134361e+00 2.902510727059608505e-20 2.883451354207646118e-21
5.130667384102705952e+00 3.125412294969276418e-20 2.687218144388164443e-21
5.131332384102277544e+00 3.665828553533328931e-20 2.650742908655352475e-21
5.131997384101849136e+00 3.175152855883710247e-20 2.897268850284151735e-21
5.132662384101420727e+00 1.827397689047128854e-20 3.031382566082062699e-21
5.133327384100992319e+00 3.283927848325831948e-20 3.582336874652173516e-21
5.133992384100563910e+00 2.602740951040264627e-20 3.626878203169407163e-21
5.134657384100135502e+00 2.499281724766052421e-20 3.231877541074474224e-21
5.135322384099707094e+00 2.225383049411877547e-20 2.879941472233069185e-21
5.135987384099278685e+00 2.725920709679251050e-20 2.664555945901405909e-21
5.136652384098850277e+00 2.589679549063404594e-20 2.907512374336963454e-21
5.137317384098421869e+00 3.149953119654459126e-20 3.098857679486092542e-21
5.137982384097993460e+00 4.636786618252948686e-20 2.870301669459310598e-21
5.138647384097565052e+00 2.399357967241335635e-20 2.810133891363958448e-21
5.139312384097136643e+00 2.687891172417230615e-20 3.038396243241114223e-21
5.139977384096708235e+00 3.142391602878179038e-20 2.900684492696977616e-21
5.140642384096279827e+00 2.205530808060855399e-20 3.001623122207204466e-21
5.141307384095851418e+00 2.468327477165857151e-20 3.267193580212122601e-21
5.141972384095423010e+00 3.813589408991433362e-20 2.913909655077585888e-21
5.142637384094994601e+00 3.088328293884594946e-20 2.925859956040619336e-21
5.143302384094566193e+00 4.651981569274023171e-20 4.197485622910031253e-21
5.143967384094137785e+00 3.555702949921594087e-20 3.523269883393198880e-21
5.144632384093709376e+00 3.504923440474483505e-20 3.008887151254257337e-21
5.145297384093280968e+00 4.008583607152000661e-20 3.037512416295823871e-21
5.145962384092852560e+00 2.848438398886795254e-20 2.886999399030679719e-21
5.146627384092424151e+00 2.547376638319157010e-20 3.118541455249974111e-21
5.147292384091995743e+00 3.847554712583839941e-20 3.564634964712789874e-21
5.147957384091567334e+00 5.927792151996367372e-20 3.562752716328151697e-21
5.148622384091138926e+00 4.519621635693536261e-20 3.160156828298444575e-21
5.149287384090710518e+00 4.132902033880557558e-20 2.832583842719589261e-21
5.149952384090282109e+00 3.817358910003111693e-20 3.257229598428405269e-21
5.150617384089853701e+00 4.776519612960188623e-20 2.520330782798462926e-21
5.151282384089425292e+00 5.483767545699524189e-20 3.304515251141199841e-21
5.151947384088996884e+00 4.149845346774079429e-20 3.042312756127287574e-21
5.152612384088568476e+00 5.272066096814981118e-20 2.998844375091816321e-21
5.153277384088140067e+00 6.881358438042420356e-20 3.212145186470877599e-21
5.153942384087711659e+00 4.321817077435376447e-20 3.238537614508135921e-21
5.154607384087283251e+00 5.859016836898143636e-20 2.952250483954295391e-21
5.155272384086854842e+00 6.632754510871351384e-20 2.960809619563969184e-21
5.155937384086426434e+00 6.138502693558576608e-20 3.347274157056605540e-21
5.156602384085998025e+00 4.844388316348807201e-20 3.093210859753184177e-21
5.157267384085569617e+00 4.792702581930148160e-20 2.614356115602226229e-21
5.157932384085141209e+00 4.587937792036933140e-20 2.739922452300582848e-21
5.158597384084712800e+00 4.121883976376664141e-20 3.323954119831197695e-21
5.159262384084284392e+00 4.576284906026402294e-20 2.901197565055334229e-21
5.159927384083855983e+00 2.983227007901368921e-20 2.491163394909129046e-21
5.160592384083427575e+00 4.193101556621138747e-20 2.735028110666033650e-21
5.161257384082999167e+00 2.978151818442217331e-20 2.912274356409168264e-21
5.161922384082570758e+00 2.563694501310410854e-20 2.692585828530862114e-21
5.162587384082142350e+00 2.795764042614483474e-20 2.681164448227869265e-21
5.163252384081713942e+00 2.691924604761501769e-20 2.863137323832771494e-21
5.163917384081285533e+00 2.381982529969305757e-20 3.116606442948436873e-21
5.164582384080857125e+00 4.073432600700559647e-20 3.002269878962915401e-21
5.165247384080428716e+00 2.732099930450940133e-20 2.808163883053895953e-21
5.165912384080000308e+00 1.249327328353325232e-20 2.987449769767140479e-21
5.166577384079571900e+00 3.838721392788868735e-20 2.918338565176092863e-21
5.167242384079143491e+00 3.803769395335247829e-20 2.635537578828721344e-21
5.167907384078715083e+00 4.125938029123538096e-20 7.371283101905367927e-21
5.168572384078286674e+00 3.569600359119585364e-20 1.406138900651362867e-20
5.169237384077858266e+00 3.401171847751845634e-20 3.289032747400042526e-21
5.169902384077429858e+00 3.360815954318722434e-20 3.259106301286946437e-21
5.170567384077001449e+00 3.049680640752687471e-20 2.832108473547277798e-21
5.171232384076573041e+00 3.920068131848923555e-20 3.495348854323352709e-21
5.171897384076144633e+00 4.189379272688886839e-20 2.872011571232078986e-21
5.172562384075716224e+00 2.051399494631621850e-20 3.046972120726521952e-21
5.173227384075287816e+00 2.164667745707534490e-20 2.934682579184420173e-21
5.173892384074859407e+00 8.150859387363131100e-21 2.914537407476698026e-21
5.174557384074430999e+00 4.312414467764321676e-21 2.835722893148688980e-21
5.175222384074002591e+00 1.575771564323957447e-20 2.992474342601587615e-21
5.175887384073574182e+00 4.686167506914157899e-21 2.854008731493615770e-21
5.176552384073145774e+00 1.333568181868794425e-20 2.982822785032051292e-21
5.177217384072717365e+00 3.050043268249140228e-20 3.271334095585164412e-21
5.177882384072288957e+00 2.395208666657023123e-21 2.958185591233016556e-21
5.178547384071860549e+00 1.424110591816699882e-20 3.178390616038373278e-21
5.179212384071432140e+00 1.508886621226414164e-20 3.143082765411555636e-21
5.179877384071003732e+00 1.258926593272435805e-20 2.715876098530792109e-21
5.180542384070575324e+00 1.937712665910596151e-20 2.864925461843273945e-21
5.181207384070146915e+00 2.337155745858343781e-21 3.264165864359892150e-21
5.181872384069718507e+00 9.158164326553337039e-21 3.020464243966884832e-21
5.182537384069290098e+00 1.411614102645295613e-20 3.161330588990751313e-21
5.183202384068861690e+00 4.846287388629381902e-21 3.408801052717213458e-21
5.183867384068433282e+00 -5.736167191404030218e-21 4.464707687747372540e-21
5.184532384068004873e+00 1.028234483307857380e-20 3.212000257446483449e-21
5.185197384067576465e+00 1.261000921064028268e-20 2.861342937834039532e-21
5.185862384067148056e+00 -6.475648151849929423e-22 3.450160857008910634e-21
5.186527384066719648e+00 1.389989755144323889e-20 3.410273266131901911e-21
5.187192384066291240e+00 5.574088712252183112e-21 2.810019677085273059e-21
5.187857384065862831e+00 1.132839167078870887e-20 3.287352075359881490e-21
5.188522384065434423e+00 8.276984128623503583e-21 3.320401964080614172e-21
5.189187384065006015e+00 1.966612241852411810e-20 3.290646412257143966e-21
5.189852384064577606e+00 2.593898600055543832e-20 2.467409959285651562e-21
5.190517384064149198e+00 6.298661072800042062e-21 3.223031646051312139e-21
5.191182384063720789e+00 -1.542050233209762705e-21 2.917345309339040711e-21
5.191847384063292381e+00 9.182254696427562481e-21 2.946786450493977552e-21
5.192512384062863973e+00 -5.614952674769644405e-21 2.857645734587081883e-21
5.193177384062435564e+00 4.856784931075103046e-21 2.743208623235769277e-21
5.193842384062007156e+00 2.405428412132483757e-20 3.213310317980879365e-21
5.194507384061578747e+00 1.200484585387975517e-20 3.123364880182468117e-21
5.195172384061150339e+00 3.007582613109932407e-21 3.597351526012348007e-21
5.195837384060721931e+00 7.554483712739470118e-21 2.967666198644508458e-21
5.196502384060293522e+00 1.600565791335985897e-20 2.648886174613075461e-21
5.197167384059865114e+00 1.606519265280281679e-20 2.729883746757218212e-21
5.197832384059436706e+00 1.014345427013676742e-20 2.788650671322213857e-21
5.198497384059008297e+00 1.179087088370224875e-20 2.736104783717831586e-21
5.199162384058579889e+00 -2.106774812764050692e-21 2.528262058265731516e-21
5.199827384058151480e+00 1.398141447140148884e-21 2.805895359411487714e-21
5.200492384057723072e+00 3.585670128127140146e-21 2.895470540152088968e-21
5.201157384057294664e+00 -6.065611540890972750e-21 2.641770107801402956e-21
5.201822384056866255e+00 1.344944444676651546e-20 2.771502485836010930e-21
5.202487384056437847e+00 8.716541274013254887e-21 3.086305572948851989e-21
5.203152384056009438e+00 -2.209149114847223628e-21 2.621090138394480434e-21
5.203817384055581030e+00 -1.475244009779148204e-20 3.339517174496339104e-21
5.204482384055152622e+00 8.951229689260051835e-21 2.639891759488158805e-21
5.205147384054724213e+00 2.144977743988790216e-20 3.024351548665050095e-21
5.205812384054295805e+00 1.937474434061971109e-20 3.068448048958861584e-21
5.206477384053867397e+00 6.221183248545611259e-21 2.966334274548288568e-21
5.207142384053438988e+00 7.364440056450002849e-21 2.893016900528173208e-21
5.207807384053010580e+00 6.681537042240352093e-21 2.567197096263777344e-21
5.208472384052582171e+00 1.005145351632381816e-20 2.754384525814190263e-21
5.209137384052153763e+00 -1.131222181696976487e-21 3.126418888334587919e-21
5.209802384051725355e+00 1.463494751268365620e-20 2.740823882361358429e-21
5.210467384051296946e+00 9.752527489432404237e-21 3.275940689479117654e-21
5.211132384050868538e+00 9.810477031019435351e-21 3.317634675710347105e-21
5.211797384050440129e+00 8.405293294378940519e-21 2.871418308641745611e-21
5.212462384050011721e+00 1.961631571431197733e-20 2.789119512985729226e-21
5.213127384049583313e+00 8.601557276876097664e-21 2.970486499208077540e-21
5.213792384049154904e+00 3.337466149656584944e-21 3.780523907302719559e-21
5.214457384048726496e+00 -9.131414256247037596e-21 2.814276602216172196e-21
5.215122384048298088e+00 2.555761980512701626e-20 3.003985907688308791e-21
5.215787384047869679e+00 2.105768702194280464e-20 3.030662513341670845e-21
5.216452384047441271e+00 3.240738650446959924e-20 2.870052749113349844e-21
5.217117384047012862e+00 1.927055558803105034e-20 2.600056320917055710e-21
5.217782384046584454e+00 1.184643012504189167e-20 3.093702927648327529e-21
5.218447384046156046e+00 3.246078577086474845e-21 2.911456134490769484e-21
5.219112384045727637e+00 1.102031286088058468e-20 2.963262562556114144e-21
5.219777384045299229e+00 9.973829457511360152e-21 2.841727157405602000e-21
5.220442384044870821e+00 3.715535059238557156e-21 2.833241239620360222e-21
5.221107384044442412e+00 1.915796247314922536e-21 3.197858730415850084e-21
5.221772384044014004e+00 6.376269688379825097e-21 3.349284908198155361e-21
5.222437384043585595e+00 -5.652962112166124525e-22 2.748385328635300621e-21
5.223102384043157187e+00 3.182565968887773805e-21 2.512736083480753476e-21
5.223767384042728779e+00 3.929753820449972429e-21 2.871891745987368091e-21
5.224432384042300370e+00 2.014718413139796261e-21 3.064944480008704547e-21
5.225097384041871962e+00 1.353209583806996119e-20 2.807042533407576373e-21
5.225762384041443553e+00 -5.774639252088917967e-21 3.245851216814092423e-21
5.226427384041015145e+00 2.689596369301401238e-21 2.794298388279687746e-21
5.227092384040586737e+00 1.123017048544606445e-20 3.422837699504977217e-21
5.227757384040158328e+00 1.407486194055463710e-20 3.297414187429318523e-21
5.228422384039729920e+00 3.826267330713311555e-21 3.167217236416912750e-21
5.229087384039301512e+00 1.914570423000977259e-20 3.002414592622953769e-21
5.229752384038873103e+00 1.017014971827801369e-23 2.738882494005013532e-21
5.230417384038444695e+00 1.722971398410702598e-20 3.010030271888793962e-21
5.231082384038016286e+00 1.665039849245561965e-20 2.982326437915652793e-21
5.231747384037587878e+00 1.548705561455475983e-20 3.195825755737202283e-21
5.232412384037159470e+00 1.843531444284149994e-20 2.796408299646633036e-21
5.233077384036731061e+00 1.561176698788980914e-20 3.147742804540519935e-21
5.233742384036302653e+00 -6.066908943158962636e-21 3.158486627063032337e-21
5.234407384035874244e+00 4.087793624115895106e-21 3.059258330310243035e-21
5.235072384035445836e+00 -2.002502662596083968e-22 3.040486182364274636e-21
5.235737384035017428e+00 1.037905438042370863e-20 3.265986807736011544e-21
5.236402384034589019e+00 2.828324487264752813e-20 3.790490497822695077e-21
5.237067384034160611e+00 2.599980460975066408e-20 2.550584059779202202e-21
5.237732384033732203e+00 2.298507879210685358e-20 3.282101992286523088e-21
5.238397384033303794e+00 2.206319272285200540e-20 3.692876686047962353e-21
5.239062384032875386e+00 -1.331703673881470160e-20 3.524413993814260972e-21
5.239727384032446977e+00 -8.479826305124354331e-21 3.193905410086724021e-21
5.240392384032018569e+00 7.343226626460148293e-21 4.825862989180400567e-21
5.241057384031590161e+00 5.475555518463852065e-21 3.225041732841344162e-21
5.241722384031161752e+00 -4.916622070001064262e-21 3.060375098184559007e-21
5.242387384030733344e+00 3.452155683480849505e-21 3.076422561204292195e-21
5.243052384030304935e+00 1.569169790348545980e-20 3.048129018677803766e-21
5.243717384029876527e+00 1.218585567589539254e-20 3.147612514993134775e-21
5.244382384029448119e+00 1.154184705498525183e-20 3.278100308214876286e-21
5.245047384029019710e+00 1.071407168821559696e-20 3.142694237017009569e-21
5.245712384028591302e+00 1.896447672392549421e-20 3.204815732366457766e-21
5.246377384028162894e+00 9.765487469744758030e-21 2.907457922972190806e-21
5.247042384027734485e+00 1.795166695248937159e-20 3.211580004661816784e-21
5.247707384027306077e+00 1.540291533688057124e-20 2.942460818253828079e-21
5.248372384026877668e+00 1.216500698741569682e-20 3.242068182779531906e-21
5.249037384026449260e+00 1.007000431120523141e-20 3.490639636492277266e-21
5.249702384026020852e+00 2.943324284315059547e-21 3.093022082499472464e-21
5.250367384025592443e+00 1.631784961534526575e-20 6.451573694087677112e-21
5.251032384025164035e+00 2.152199852580354489e-20 7.838460238365930699e-21
5.251697384024735626e+00 1.176499160347378731e-20 8.878030442413636485e-21
5.252362384024307218e+00 -1.389201082544249318e-20 8.079962818253042385e-21
5.253027384023878810e+00 1.293106009139373090e-20 2.830000113375071890e-21
5.253692384023450401e+00 -2.146801965600287452e-21 2.999795792082186147e-21
5.254357384023021993e+00 -1.230533027767395837e-20 3.190921020768535981e-21
5.255022384022593585e+00 9.134301767160344494e-21 3.230087212121360923e-21
5.255687384022165176e+00 -1.113438420391566994e-20 3.318839418493621751e-21
5.256352384021736768e+00 1.452804057673526982e-20 3.326589083426677246e-21
5.257017384021308359e+00 9.153455182617257271e-21 3.062454921744050780e-21
5.257682384020879951e+00 -1.549003457429925969e-21 2.877750726141006966e-21
5.258347384020451543e+00 2.022646838702268523e-20 2.973436420592510585e-21
5.259012384020023134e+00 1.438481960080379948e-20 3.361261443308100083e-21
5.259677384019594726e+00 1.636909521184574309e-20 3.509441502464757868e-21
5.260342384019166317e+00 2.463865979523630545e-20 3.562227398977038677e-21
5.261007384018737909e+00 1.150345571538410084e-20 3.296355351316467242e-21
5.261672384018309501e+00 1.615849222321305306e-20 3.754687057014772346e-21
5.262337384017881092e+00 1.752423918171587900e-20 3.124543379157969289e-21
5.263002384017452684e+00 1.561018874643290602e-20 2.782869995781789615e-21
5.263667384017024276e+00 7.825125144799575987e-21 3.278459579966451532e-21
5.264332384016595867e+00 2.560927722418166480e-20 3.339758917422258109e-21
5.264997384016167459e+00 5.652794873892587988e-21 2.797004431169892961e-21
5.265662384015739050e+00 -3.178979643851870888e-21 3.038223093320093645e-21
5.266327384015310642e+00 1.347924064492577292e-20 3.124800502187055943e-21
5.266992384014882234e+00 2.963478979112301807e-21 3.016990927017004658e-21
5.267657384014453825e+00 -8.480804226601200682e-22 3.179076472112113028e-21
5.268322384014025417e+00 1.096288457221044753e-20 3.278443918575079988e-21
5.268987384013597008e+00 2.330289321496991284e-20 2.839703236458782495e-21
5.269652384013168600e+00 2.504241835340256458e-20 4.681805707250649943e-21
5.270317384012740192e+00 0.000000000000000000e+00 0.000000000000000000e+00
