Wavelength_um Flux Err
2.870332385558867827e+00 1.963866930314671242e-21 7.716109040092378988e-21
2.870997385558439419e+00 -5.133901200211375670e-21 5.947994073927801257e-21
2.871662385558011010e+00 -2.398174621227623989e-20 5.455846840279096149e-21
2.872327385557582602e+00 1.841211384782199956e-20 5.562128209132701333e-21
2.872992385557154194e+00 2.428811539162613010e-20 6.226939737428019759e-21
2.873657385556725785e+00 4.870073112918929090e-20 5.772885603130819147e-21
2.874322385556297377e+00 2.444362361009925302e-20 5.555130647482899861e-21
2.874987385555868968e+00 4.358060678065263438e-20 5.304609928345982111e-21
2.875652385555440560e+00 2.875936011078032686e-21 5.683226343962234585e-21
2.876317385555012152e+00 -6.154319668011600076e-21 5.238078578451719248e-21
2.876982385554583743e+00 2.029711916336271942e-20 5.251468859447962301e-21
2.877647385554155335e+00 2.051740396755579313e-20 5.447384546220762830e-21
2.878312385553726926e+00 2.906145219319744231e-20 5.047117441892718643e-21
2.878977385553298518e+00 3.117118291956296312e-20 5.694119779402126573e-21
2.879642385552870110e+00 4.834786061897572115e-20 5.853468861422718816e-21
2.880307385552441701e+00 2.336562134584278668e-20 5.731519164014119062e-21
2.880972385552013293e+00 5.262054449058752136e-20 5.397223211484475116e-21
2.881637385551584885e+00 1.544717231374316432e-20 5.751319207590952268e-21
2.882302385551156476e+00 -2.012006592817589347e-20 5.636449593718230594e-21
2.882967385550728068e+00 2.570413382632224005e-20 5.135312579454565764e-21
2.883632385550299659e+00 1.561636818613454551e-20 5.529259181544511258e-21
2.884297385549871251e+00 2.413007924425731177e-20 5.220088987902201304e-21
2.884962385549442843e+00 1.100243110735033472e-20 5.662797865471404001e-21
2.885627385549014434e+00 -9.941487159663007946e-21 5.091746514452168411e-21
2.886292385548586026e+00 -1.798221100553054568e-20 5.110891775609552912e-21
2.886957385548157617e+00 1.815229373863622284e-20 4.879832777157205297e-21
2.887622385547729209e+00 -7.932675712754410441e-21 5.579457367874193283e-21
2.888287385547300801e+00 -4.162374198515731248e-21 5.863971549489382108e-21
2.888952385546872392e+00 1.844749616641737029e-20 5.736127312428930316e-21
2.889617385546443984e+00 4.585344772577342915e-20 5.666031181682420245e-21
2.890282385546015576e+00 2.858778382714115700e-20 5.026983507609326158e-21
2.890947385545587167e+00 4.161955631858276474e-20 4.988513130190391350e-21
2.891612385545158759e+00 1.271402777903362605e-20 4.907847727687544240e-21
2.892277385544730350e+00 3.134775996360530883e-20 5.064505748515329042e-21
2.892942385544301942e+00 2.653616654530425510e-21 5.274249307871969700e-21
2.893607385543873534e+00 9.839680282513397381e-21 5.062195808826316630e-21
2.894272385543445125e+00 3.518556433433797191e-20 4.808745255800067256e-21
2.894937385543016717e+00 4.604168325836404912e-20 6.524376667930771495e-21
2.895602385542588308e+00 2.559261947874248822e-20 5.908461414718229623e-21
2.896267385542159900e+00 7.117399841849238731e-20 6.905727065126658886e-21
2.896932385541731492e+00 4.321997135370133583e-20 4.976578971749653958e-21
2.897597385541303083e+00 3.301725566405618770e-20 4.867179952947460453e-21
2.898262385540874675e+00 3.009996495080173190e-20 5.145438415931348718e-21
2.898927385540446267e+00 5.048348532523436587e-20 5.421638162599892541e-21
2.899592385540017858e+00 5.578996334869274268e-20 4.960166118784459457e-21
2.900257385539589450e+00 5.035324850511375514e-20 4.613921884727189692e-21
2.900922385539161041e+00 4.702640018227693741e-20 5.362878663719707026e-21
2.901587385538732633e+00 5.448056369286386328e-20 5.056956998498520326e-21
2.902252385538304225e+00 4.592562829233043153e-20 5.588234347831186898e-21
2.902917385537875816e+00 3.519841112867901071e-20 5.096186917390980016e-21
2.903582385537447408e+00 2.020096442151056439e-20 4.675968433672547767e-21
2.904247385537018999e+00 1.727712653850410451e-20 5.348215281378605733e-21
2.904912385536590591e+00 -1.967033110622886098e-20 5.224613100703472806e-21
2.905577385536162183e+00 3.241719961826146873e-20 5.374219326828989143e-21
2.906242385535733774e+00 1.374731045526648106e-20 5.356140541958904703e-21
2.906907385535305366e+00 2.450001501899684962e-20 4.872662501036539529e-21
2.907572385534876958e+00 2.387948597354767601e-20 4.837118770655142347e-21
2.908237385534448549e+00 2.782537182217810872e-20 5.402231040883803464e-21
2.908902385534020141e+00 4.299940695510838301e-20 5.240191430815158666e-21
2.909567385533591732e+00 2.558525423699674324e-20 5.307125326869379614e-21
2.910232385533163324e+00 1.183977955756108123e-20 4.580261907926035463e-21
2.910897385532734916e+00 2.051752789421176364e-20 5.047474556821746823e-21
2.911562385532306507e+00 3.066418202138059303e-20 4.575047610494151917e-21
2.912227385531878099e+00 2.908765227135455271e-20 5.296652814723364394e-21
2.912892385531449690e+00 -6.959592197232202904e-21 4.985978702617351340e-21
2.913557385531021282e+00 7.119154634473009670e-21 4.402274172445514229e-21
2.914222385530592874e+00 1.281029488038266168e-20 4.963830868209975792e-21
2.914887385530164465e+00 1.455673666013236603e-21 4.409095090343449529e-21
2.915552385529736057e+00 1.307080653285534246e-20 4.474001125413916295e-21
2.916217385529307649e+00 -2.107812461965524990e-21 4.846111851631641181e-21
2.916882385528879240e+00 -1.517243440306686845e-20 4.638735194645468715e-21
2.917547385528450832e+00 4.366741871192269572e-22 4.591704352250408607e-21
2.918212385528022423e+00 2.880874946718196622e-20 5.762421778681204859e-21
2.918877385527594015e+00 3.471393026935929161e-20 4.658675475731005554e-21
2.919542385527165607e+00 1.302766294585283284e-20 7.849205651040107604e-21
2.920207385526737198e+00 1.197147430053910939e-20 4.214837269709880979e-21
2.920872385526308790e+00 9.835212133800015161e-21 4.439847291601789043e-21
2.921537385525880381e+00 7.382851734828788711e-22 4.565138471531480460e-21
2.922202385525451973e+00 4.518478639490372752e-20 4.437914741311197916e-21
2.922867385525023565e+00 4.836432129051177600e-20 4.282116997272675858e-21
2.923532385524595156e+00 3.058299284021906827e-20 4.176094354395713923e-21
2.924197385524166748e+00 3.963605918220203300e-20 4.433601309538253412e-21
2.924862385523738340e+00 1.726094306736815892e-20 4.115284320243623078e-21
2.925527385523309931e+00 2.552490129627990555e-20 4.312036239147158732e-21
2.926192385522881523e+00 2.031173724008413097e-20 4.389709988447791421e-21
2.926857385522453114e+00 3.780767645772438808e-20 4.190527856944173200e-21
2.927522385522024706e+00 6.151337035743528650e-20 4.374957255831543487e-21
2.928187385521596298e+00 6.152501588264864558e-20 4.169933724539870852e-21
2.928852385521167889e+00 4.353756239720844294e-20 4.840898338972143041e-21
2.929517385520739481e+00 -1.184755475655302175e-20 4.372872841110840204e-21
2.930182385520311072e+00 8.065914200278923493e-21 4.188225931362285961e-21
2.930847385519882664e+00 2.317425654530762286e-20 3.926838786717547960e-21
2.931512385519454256e+00 5.526368213307125592e-21 4.273009410874782312e-21
2.932177385519025847e+00 2.746412919296442674e-20 4.118555770828316930e-21
2.932842385518597439e+00 3.142735819776490918e-20 4.592300525521113046e-21
2.933507385518169031e+00 5.193826700992956879e-20 4.103049362180776540e-21
2.934172385517740622e+00 1.843566909287099893e-20 5.184606979590010581e-21
2.934837385517312214e+00 2.058877259363144664e-20 4.084994941416578899e-21
2.935502385516883805e+00 1.305187836696324282e-20 4.361915902726506277e-21
2.936167385516455397e+00 1.174008865698676626e-20 4.563813121669062229e-21
2.936832385516026989e+00 2.503908677046690952e-20 4.498037669239747570e-21
2.937497385515598580e+00 1.894459966445504409e-20 4.151905486972580261e-21
2.938162385515170172e+00 3.956643768191289940e-20 4.345314310839353654e-21
2.938827385514741763e+00 -4.927409738180750462e-21 4.629282428770790177e-21
2.939492385514313355e+00 -1.358972588262371983e-20 4.246510141566724816e-21
2.940157385513884947e+00 5.937684686873658601e-21 4.798379975452996228e-21
2.940822385513456538e+00 1.065430571662257522e-21 4.415691264672795156e-21
2.941487385513028130e+00 -9.187041966560766677e-21 4.817216212829769306e-21
2.942152385512599722e+00 9.591150110191821561e-21 4.214290743752256213e-21
2.942817385512171313e+00 1.478993454920515243e-20 4.218791400618464002e-21
2.943482385511742905e+00 2.383021682865027873e-20 4.610639795207277169e-21
2.944147385511314496e+00 2.627185036646280959e-20 4.743470919837740389e-21
2.944812385510886088e+00 5.814172018491599024e-21 4.069522030945878147e-21
2.945477385510457680e+00 -6.330091422638954249e-21 4.201051398655761892e-21
2.946142385510029271e+00 -1.635170302871024376e-20 4.214602919676450442e-21
2.946807385509600863e+00 6.467594853697351702e-21 4.519504498311518169e-21
2.947472385509172454e+00 -3.031552547375534914e-21 4.392436559082765048e-21
2.948137385508744046e+00 -2.728241897467533122e-21 4.470290964060692738e-21
2.948802385508315638e+00 2.372986890871108175e-20 4.488015000409042535e-21
2.949467385507887229e+00 1.632875689303934915e-20 4.354986901763513230e-21
2.950132385507458821e+00 7.904576870482981474e-21 4.095496778190428175e-21
2.950797385507030413e+00 2.707946127301402873e-20 3.854154256741465295e-21
2.951462385506602004e+00 1.642703102525725739e-20 3.933421908208370009e-21
2.952127385506173596e+00 2.306600980415016822e-20 3.634235812514869298e-21
2.952792385505745187e+00 2.972249545189514124e-20 4.361037173389629595e-21
2.953457385505316779e+00 2.884885968311563294e-20 4.646399545586504326e-21
2.954122385504888371e+00 9.886926310914822859e-21 4.457098535764459740e-21
2.954787385504459962e+00 1.117599480791070931e-20 4.099335163078066049e-21
2.955452385504031554e+00 1.566567816462416032e-20 4.475366872406933849e-21
2.956117385503603145e+00 2.901381948229085301e-20 4.269828573187349081e-21
2.956782385503174737e+00 2.816934340947255420e-20 4.185266221711286716e-21
2.957447385502746329e+00 1.206984493524333358e-20 4.205436171662782649e-21
2.958112385502317920e+00 1.822619911059898721e-20 4.390801142652178709e-21
2.958777385501889512e+00 4.683605227584968457e-20 4.281618807304055040e-21
2.959442385501461104e+00 1.581888989623167411e-20 3.908609150779400818e-21
2.960107385501032695e+00 3.803058512147559613e-20 4.082741400470748790e-21
2.960772385500604287e+00 1.868169609736264109e-20 3.777623064561231796e-21
2.961437385500175878e+00 1.755719177707201201e-20 4.185118573143696843e-21
2.962102385499747470e+00 1.782000846173169299e-20 3.785599543706253215e-21
2.962767385499319062e+00 1.009692468128498268e-20 4.036641923692879099e-21
2.963432385498890653e+00 1.615637265704969045e-20 4.031763257296460284e-21
2.964097385498462245e+00 8.897327494467760155e-21 3.986263046872334239e-21
2.964762385498033836e+00 4.452713624127984755e-20 3.832193348800093254e-21
2.965427385497605428e+00 8.869579055642645123e-21 3.958288632878417839e-21
2.966092385497177020e+00 2.360945892011254318e-20 3.988081933633724129e-21
2.966757385496748611e+00 2.187393801619396291e-20 3.976696397110249605e-21
2.967422385496320203e+00 1.861164794156181018e-20 3.573202621291929339e-21
2.968087385495891795e+00 3.658098878547420396e-20 4.016582959903770519e-21
2.968752385495463386e+00 9.417408814409868293e-21 4.184384488331923220e-21
2.969417385495034978e+00 2.534794464590691675e-20 4.010518093143330682e-21
2.970082385494606569e+00 1.609880653413849534e-20 3.418482726798474965e-21
2.970747385494178161e+00 2.716519979788849654e-20 3.750808180372454556e-21
2.971412385493749753e+00 1.984149823670398854e-21 3.524970777453789246e-21
2.972077385493321344e+00 -1.098648726289675667e-20 3.545213884833371531e-21
2.972742385492892936e+00 1.033951018291538341e-20 3.828655599826252868e-21
2.973407385492464527e+00 1.744343560551800936e-20 3.887355753492207908e-21
2.974072385492036119e+00 -2.575023463739160271e-21 4.420566692259309537e-21
2.974737385491607711e+00 1.269838410810851057e-20 3.909269042857007896e-21
2.975402385491179302e+00 2.696648207759369090e-20 4.020215708263009370e-21
2.976067385490750894e+00 6.512564071430222538e-20 3.691115107938837207e-21
2.976732385490322486e+00 3.938718693656884332e-20 3.599071365503404672e-21
2.977397385489894077e+00 3.787318858531894005e-20 4.258030779483150333e-21
2.978062385489465669e+00 1.364040757888259461e-20 4.068329028506051717e-21
2.978727385489037260e+00 3.634089389277670009e-22 3.729290268271633772e-21
2.979392385488608852e+00 1.863007107434978865e-20 3.951960684803636963e-21
2.980057385488180444e+00 3.085688739833277006e-21 3.926849866186710286e-21
2.980722385487752035e+00 1.550016409088578004e-20 3.987207423268610593e-21
2.981387385487323627e+00 3.909994344680976551e-21 3.583554130661098874e-21
2.982052385486895218e+00 3.118006030036275587e-20 3.444065916813215324e-21
2.982717385486466810e+00 9.208982710584139704e-21 3.541584795437140096e-21
2.983382385486038402e+00 1.934904489310935069e-20 3.582083327643815490e-21
2.984047385485609993e+00 7.337937751318134429e-22 3.940586823843667883e-21
2.984712385485181585e+00 -1.209931148974992086e-20 3.864259404257920746e-21
2.985377385484753177e+00 5.802381013056833822e-21 3.984509917573482885e-21
2.986042385484324768e+00 2.864159675980943817e-20 3.561794465094564901e-21
2.986707385483896360e+00 1.784819953913708602e-20 3.904275568863146863e-21
2.987372385483467951e+00 2.691925071542862955e-20 5.498876744160098253e-21
2.988037385483039543e+00 2.295015887263495381e-20 7.936438925872754518e-21
2.988702385482611135e+00 2.527132314777725196e-20 3.771027643353696102e-21
2.989367385482182726e+00 8.539044662426456648e-22 3.320590476424036140e-21
2.990032385481754318e+00 2.736874315574163263e-20 3.601404913176980687e-21
2.990697385481325909e+00 4.309352519745635364e-20 3.881427500387055830e-21
2.991362385480897501e+00 3.948343208563565308e-20 3.834119665347653633e-21
2.992027385480469093e+00 2.450284016377171158e-20 3.563295135252414006e-21
2.992692385480040684e+00 4.589801506714121639e-21 3.646806526792351881e-21
2.993357385479612276e+00 1.979493030521982724e-20 4.057546000146042470e-21
2.994022385479183868e+00 -6.249176802893398987e-21 4.389934695988488097e-21
2.994687385478755459e+00 2.568980730784260263e-20 3.944795330633325647e-21
2.995352385478327051e+00 1.270419854148407769e-20 4.020546160677066917e-21
2.996017385477898642e+00 1.833712114375277098e-20 3.941376615776735829e-21
2.996682385477470234e+00 1.772590986072944092e-20 4.332284049214631147e-21
2.997347385477041826e+00 3.429268288782852401e-21 4.549452520186971012e-21
2.998012385476613417e+00 2.304835402430091994e-20 4.338421091502915888e-21
2.998677385476185009e+00 3.020490472952878399e-20 3.413915831451294610e-21
2.999342385475756600e+00 2.814356872515441882e-20 3.745748970892860391e-21
3.000007385475328192e+00 1.654907170214976923e-20 3.916737208486095566e-21
3.000672385474899784e+00 2.275117379909506236e-20 3.693343808914039476e-21
3.001337385474471375e+00 2.193689671340207785e-20 3.471520628585114441e-21
3.002002385474042967e+00 8.989241361143554436e-21 3.238404609807458064e-21
3.002667385473614559e+00 7.350901253473165772e-21 4.030180880767180243e-21
3.003332385473186150e+00 1.560582636574496099e-20 3.639773868313189354e-21
3.003997385472757742e+00 2.382817318608087595e-20 4.039403165762587883e-21
3.004662385472329333e+00 2.181594253847141131e-20 4.132909769084379329e-21
3.005327385471900925e+00 2.001976852640081351e-20 3.746790887807729598e-21
3.005992385471472517e+00 1.307285818771111430e-20 3.477358995783636598e-21
3.006657385471044108e+00 -5.233374858698194214e-21 3.966228237727414476e-21
3.007322385470615700e+00 -1.192287691853663122e-20 3.862846650945531244e-21
3.007987385470187292e+00 1.697203997976313794e-20 3.901536462281243258e-21
3.008652385469758883e+00 1.481244420593702394e-20 3.458891789571424827e-21
3.009317385469330475e+00 2.333444762821930911e-20 4.337112972181772462e-21
3.009982385468902066e+00 3.899018680680301462e-20 3.712058803543914318e-21
3.010647385468473658e+00 6.040662980781544963e-20 3.820676311836453247e-21
3.011312385468045250e+00 2.094269199257016900e-20 3.529854092203308202e-21
3.011977385467616841e+00 1.880019681260955018e-20 3.632456923911279722e-21
3.012642385467188433e+00 1.418754909706959604e-20 3.745356215652266229e-21
3.013307385466760024e+00 2.130243086411187110e-20 3.678115489689245350e-21
3.013972385466331616e+00 1.745459012948168546e-20 3.478972117827460866e-21
3.014637385465903208e+00 2.339426324465757543e-20 3.563331742639493802e-21
3.015302385465474799e+00 3.795785868832354995e-20 3.552698146630929055e-21
3.015967385465046391e+00 3.029194392163010409e-20 3.367662285009460260e-21
3.016632385464617983e+00 2.878530665155775921e-20 3.427502917307256650e-21
3.017297385464189574e+00 2.176292753945401273e-20 3.791736187187122914e-21
3.017962385463761166e+00 2.596701111045334010e-20 3.766779250847253015e-21
3.018627385463332757e+00 1.531576557383837563e-20 4.148319416343318322e-21
3.019292385462904349e+00 -4.642219842286704141e-21 3.451370578408578770e-21
3.019957385462475941e+00 3.394419483725213949e-21 3.574793737536185922e-21
3.020622385462047532e+00 2.564706722319675929e-20 4.059402562220529740e-21
3.021287385461619124e+00 2.953845830981582600e-20 4.776913641246628017e-21
3.021952385461190715e+00 3.791503164600902183e-20 3.957984078005418831e-21
3.022617385460762307e+00 1.827952204595541113e-20 3.323489890299386172e-21
3.023282385460333899e+00 1.393300263820805630e-20 3.440166427027175850e-21
3.023947385459905490e+00 1.149709941108221256e-20 3.359640566529972002e-21
3.024612385459477082e+00 4.294744232254434185e-20 3.574844839332321272e-21
3.025277385459048674e+00 2.029266972978128212e-20 3.807253601046936433e-21
3.025942385458620265e+00 1.035826205259292158e-20 3.869878448692330603e-21
3.026607385458191857e+00 5.758228239154994968e-20 5.071989766445339368e-21
3.027272385457763448e+00 1.597077124754226693e-20 4.631958090498256901e-21
3.027937385457335040e+00 8.042177815450088064e-20 5.561067584565166326e-20
3.028602385456906632e+00 5.009242743997802318e-20 5.055992355214406199e-20
3.029267385456478223e+00 5.420223200657161584e-20 4.027360752460226524e-20
3.029932385456049815e+00 2.281160755654362451e-20 5.819481974069651780e-21
3.030597385455621406e+00 9.924983529766160913e-21 6.784855816147225348e-21
3.031262385455192998e+00 2.971005079889152842e-21 5.340016970153844013e-21
3.031927385454764590e+00 2.462889114412327466e-20 4.823688550767240868e-21
3.032592385454336181e+00 1.964267352477896447e-20 3.581052505963412279e-21
3.033257385453907773e+00 2.317278245678609502e-20 4.052928270565066055e-21
3.033922385453479365e+00 1.841868834222101917e-20 3.801412619205070155e-21
3.034587385453050956e+00 1.119883071387317419e-20 3.680123398944258415e-21
3.035252385452622548e+00 3.268232105170986219e-20 3.326169317468289108e-21
3.035917385452194139e+00 2.178043554295555927e-20 3.444943804647462249e-21
3.036582385451765731e+00 1.151304579599778412e-20 3.116910317672863651e-21
3.037247385451337323e+00 1.402177171072277282e-21 3.296213388988969338e-21
3.037912385450908914e+00 6.548137358185248761e-21 3.590860819485032246e-21
3.038577385450480506e+00 1.974923318063159014e-20 3.403696805419505441e-21
3.039242385450052097e+00 9.877949870412529458e-21 2.984809007848866463e-21
3.039907385449623689e+00 8.685940256490515475e-21 3.261397107981307708e-21
3.040572385449195281e+00 1.475847631538227246e-20 3.490325369424441904e-21
3.041237385448766872e+00 3.514364930372400698e-20 3.497261740228284726e-21
3.041902385448338464e+00 1.160369265568310533e-20 3.075106971340455952e-21
3.042567385447910056e+00 2.754293510120541890e-20 3.562271234910515682e-21
3.043232385447481647e+00 4.136282450065791648e-20 3.291266724339169524e-21
3.043897385447053239e+00 4.238360500513508044e-20 3.343111930918856686e-21
3.044562385446624830e+00 2.864087168806144592e-20 3.475755416540123655e-21
3.045227385446196422e+00 3.909004624403428866e-20 3.223750711502417534e-21
3.045892385445768014e+00 3.227661163613813837e-20 4.435480219336237477e-21
3.046557385445339605e+00 3.296954291592658974e-20 3.606563196165219422e-21
3.047222385444911197e+00 1.866039890188750705e-20 3.654145704416519632e-21
3.047887385444482788e+00 2.357883223950360774e-20 3.691907887905479223e-21
3.048552385444054380e+00 2.444581314572748916e-20 3.413845562768391310e-21
3.049217385443625972e+00 -3.608191953401429725e-21 3.844000155885040822e-21
3.049882385443197563e+00 8.477527353258660654e-21 3.550216695774229885e-21
3.050547385442769155e+00 2.077824358825075061e-20 3.983602335413248873e-21
3.051212385442340747e+00 2.750191825024056300e-20 3.560081781480568577e-21
3.051877385441912338e+00 8.260380895738446976e-21 3.877170792158355876e-21
3.052542385441483930e+00 1.672919636159222198e-20 3.641210107598640661e-21
3.053207385441055521e+00 1.863923642897657107e-20 3.761340137848911633e-21
3.053872385440627113e+00 2.195516729038283060e-20 3.620256706469041864e-21
3.054537385440198705e+00 3.081188489677927260e-20 3.878098995938166756e-21
3.055202385439770296e+00 1.934717044022728909e-20 3.492981633696716019e-21
3.055867385439341888e+00 1.945405548155487581e-20 3.637326802527082991e-21
3.056532385438913479e+00 -3.548543853833383643e-21 3.425895878497987056e-21
3.057197385438485071e+00 1.146576555638059866e-20 3.470381718062901846e-21
3.057862385438056663e+00 6.234244962339283392e-21 3.578306350087659377e-21
3.058527385437628254e+00 1.589554405902822349e-20 3.445193048068436364e-21
3.059192385437199846e+00 2.128670063093207632e-20 3.510443280154660261e-21
3.059857385436771438e+00 4.978830972560068253e-21 3.478134453127276378e-21
3.060522385436343029e+00 2.343859385279300234e-20 3.048411397507166938e-21
3.061187385435914621e+00 2.622274438721823919e-20 3.575025800370638073e-21
3.061852385435486212e+00 5.689702468959934311e-21 3.361232620063429498e-21
3.062517385435057804e+00 1.947881607198475539e-20 3.442312264766906646e-21
3.063182385434629396e+00 2.053936153387332556e-20 3.516339959874742144e-21
3.063847385434200987e+00 3.230314052676226418e-20 3.651008862075644286e-21
3.064512385433772579e+00 3.530214353974837190e-20 3.566560847488005832e-21
3.065177385433344170e+00 1.102994437840238655e-20 3.630747182661459749e-21
3.065842385432915762e+00 2.093606634406124903e-21 3.098025888359162045e-21
3.066507385432487354e+00 2.439549271223693610e-20 3.219572196351959303e-21
3.067172385432058945e+00 3.289480652799256174e-20 3.105243094438233229e-21
3.067837385431630537e+00 1.872439593615940689e-20 3.294183020918442933e-21
3.068502385431202129e+00 1.934166525534722577e-20 3.264550663459581188e-21
3.069167385430773720e+00 2.871531844976714529e-20 3.318600196651992745e-21
3.069832385430345312e+00 2.665092161754072039e-20 3.551161195968933990e-21
3.070497385429916903e+00 1.681120338956837244e-20 3.697346582583664272e-21
3.071162385429488495e+00 4.785616136331867381e-20 3.479341940793303321e-21
3.071827385429060087e+00 3.131773543178036087e-20 2.915405910146982441e-21
3.072492385428631678e+00 2.984189411640516015e-20 3.318750182796034403e-21
3.073157385428203270e+00 2.266462217928961562e-20 3.366703247292051415e-21
3.073822385427774861e+00 1.250731734803287233e-20 3.596360500268695860e-21
3.074487385427346453e+00 1.127876696101364822e-20 3.278448979295632317e-21
3.075152385426918045e+00 4.332693808134472715e-20 3.523988876891103392e-21
3.075817385426489636e+00 2.310564488749486846e-20 3.216784832718500655e-21
3.076482385426061228e+00 1.208396063200858141e-20 3.393608124323340870e-21
3.077147385425632820e+00 1.331801915405351764e-20 3.402060454506802461e-21
3.077812385425204411e+00 1.501664228146914639e-20 3.459875515779801034e-21
3.078477385424776003e+00 -7.635826685702905642e-22 3.078020113146374980e-21
3.079142385424347594e+00 9.426353760800302216e-22 3.310301356748782154e-21
3.079807385423919186e+00 4.142221559256497264e-21 3.613567231704804503e-21
3.080472385423490778e+00 1.552789527049613526e-20 3.346534788681579209e-21
3.081137385423062369e+00 3.222437011840522694e-20 3.016291706547893811e-21
3.081802385422633961e+00 1.843622598419182827e-20 3.416950685923503416e-21
3.082467385422205552e+00 4.412809179420182939e-21 3.261815585698678181e-21
3.083132385421777144e+00 2.707039670023585453e-21 3.346201746785698818e-21
3.083797385421348736e+00 6.232439050567715934e-21 3.576725687712538160e-21
3.084462385420920327e+00 9.538728782583826314e-21 3.825495029298210974e-21
3.085127385420491919e+00 1.191789027100393319e-20 3.578322447382878746e-21
3.085792385420063511e+00 2.659544405206581119e-20 3.007437704883787381e-21
3.086457385419635102e+00 2.369774746666268781e-20 3.618653099090551237e-21
3.087122385419206694e+00 2.438979650282552286e-20 3.519449417866863606e-21
3.087787385418778285e+00 4.241188920921765792e-20 3.605663479498715721e-21
3.088452385418349877e+00 3.327226834168955376e-20 3.386570773016210320e-21
3.089117385417921469e+00 5.131531913994554522e-21 3.639957808558914936e-21
3.089782385417493060e+00 2.530755797881977955e-20 3.233773842119642599e-21
3.090447385417064652e+00 1.491189357637674343e-20 3.687409953018549235e-21
3.091112385416636243e+00 1.434423735857172374e-20 3.100027154453597315e-21
3.091777385416207835e+00 -2.853955245948839068e-21 3.025045965973432500e-21
3.092442385415779427e+00 6.877785895297783493e-21 3.262440963109030670e-21
3.093107385415351018e+00 2.384142520851593027e-20 3.553234819531475178e-21
3.093772385414922610e+00 7.753580289812792995e-21 3.188913734157704068e-21
3.094437385414494202e+00 2.614893340496293347e-20 3.278697440290631132e-21
3.095102385414065793e+00 8.819527960455238917e-21 3.160564620192261044e-21
3.095767385413637385e+00 8.870982968322345378e-22 3.186024797615383556e-21
3.096432385413208976e+00 1.812970308857268408e-20 3.369053637014782647e-21
3.097097385412780568e+00 2.653149300873459410e-20 3.688355319678927891e-21
3.097762385412352160e+00 3.698780606458550846e-20 3.380273876759077271e-21
3.098427385411923751e+00 4.219581505361202613e-20 2.716499828787781863e-20
3.099092385411495343e+00 2.578053214320485261e-20 9.325994898216410627e-21
3.099757385411066934e+00 3.654398118044489810e-20 3.240954642413770978e-21
3.100422385410638526e+00 2.114415689918835905e-20 3.367748205967178322e-21
3.101087385410210118e+00 1.847828518343361001e-20 3.326208973807487240e-21
3.101752385409781709e+00 6.932370166569999618e-21 6.847565147738694312e-21
3.102417385409353301e+00 1.318167836428630848e-20 1.505775703592259919e-20
3.103082385408924893e+00 5.069842260489873851e-20 8.197370358485857717e-21
3.103747385408496484e+00 8.789424775473036723e-20 1.394188940285066574e-20
3.104412385408068076e+00 3.282918255096906646e-20 3.050708239547310828e-21
3.105077385407639667e+00 2.060036165183889702e-20 3.138261130235909999e-21
3.105742385407211259e+00 2.528711521987943527e-20 3.227952679869835426e-21
3.106407385406782851e+00 1.513565900213967507e-20 3.063584307295005135e-21
3.107072385406354442e+00 9.439119742777102048e-21 3.337841432579237679e-21
3.107737385405926034e+00 5.161453552232902061e-21 2.762908841420986619e-21
3.108402385405497625e+00 9.071436956852798712e-21 3.136265149074698207e-21
3.109067385405069217e+00 1.962000759744850590e-20 3.434397786455965113e-21
3.109732385404640809e+00 2.094734656097262772e-20 3.198918861517050963e-21
3.110397385404212400e+00 1.858448407616371295e-20 3.030496508486173350e-21
3.111062385403783992e+00 1.606243748435048109e-20 3.028980063338377830e-21
3.111727385403355139e+00 3.706817735285910166e-20 3.488458615740492631e-21
3.112392385402926731e+00 2.133727350814797678e-20 3.426358672519700198e-21
3.113057385402498323e+00 2.644018340579558465e-20 3.980361225618496919e-21
3.113722385402069914e+00 1.530957533566276063e-20 3.368973415019735791e-21
3.114387385401641506e+00 1.473448097159569981e-20 3.347103669932656813e-21
3.115052385401213098e+00 2.203458512851641255e-20 2.823535520593741070e-21
3.115717385400784689e+00 2.085692121503276304e-20 3.064304922945990110e-21
3.116382385400356281e+00 8.691985567419719114e-21 3.018329442545869876e-21
3.117047385399927872e+00 6.134062861742877071e-21 3.116189977118258425e-21
3.117712385399499464e+00 4.501552630583198549e-20 3.494579060820809320e-21
3.118377385399071056e+00 2.162997464253317172e-20 3.511097505028668793e-21
3.119042385398642647e+00 1.860556045998111277e-20 3.281163848260892530e-21
3.119707385398214239e+00 -1.864650588632246762e-21 3.295821564745974478e-21
3.120372385397786275e+00 1.234109483175260598e-20 3.163839573489496134e-21
3.121037385397357866e+00 3.581802663373176876e-20 3.057786874829315528e-21
3.121702385396929458e+00 1.239191540766558028e-20 3.172757126073775305e-21
3.122367385396501049e+00 1.174239991539252521e-20 3.095826932367357942e-21
3.123032385396072641e+00 2.034927989807875150e-20 3.148019721713131954e-21
3.123697385395644233e+00 6.881636862170950586e-21 3.319665678055048199e-21
3.124362385395215824e+00 1.637548696642405907e-20 3.105385624712477209e-21
3.125027385394787416e+00 2.042761797907658603e-20 3.209683950600522539e-21
3.125692385394359007e+00 1.681894271926900012e-20 3.372895292141636279e-21
3.126357385393930155e+00 9.415171396870923204e-21 3.334986242937478805e-21
3.127022385393501747e+00 1.235960181529394463e-20 4.014362686216357494e-21
3.127687385393073338e+00 -3.800767407591779116e-21 4.529141622385999965e-21
3.128352385392644930e+00 -6.427880796871640770e-21 4.284705887379418561e-21
3.129017385392216521e+00 8.786958812840238558e-21 3.753516593438969999e-21
3.129682385391788113e+00 2.067305992079135764e-20 4.105911050573556603e-21
3.130347385391359705e+00 1.205036991112265837e-20 3.072394928101373574e-21
3.131012385390931296e+00 9.819266246361817006e-21 3.216690511306864673e-21
3.131677385390502888e+00 6.342580304173835914e-21 3.660171196637335742e-21
3.132342385390074480e+00 -1.836490350523300537e-20 3.710400753809589719e-21
3.133007385389646071e+00 2.276717901590986263e-20 4.914723132876691934e-21
3.133672385389217663e+00 1.165016219454135163e-20 3.219733101442701996e-21
3.134337385388789254e+00 8.951454212584094351e-21 3.468906658758560153e-21
3.135002385388360846e+00 2.168569824909680692e-20 3.169247788967658333e-21
3.135667385387932438e+00 3.029639044486859626e-21 4.759710421660040902e-21
3.136332385387504029e+00 1.435048670060669555e-20 1.092871241703810049e-20
3.136997385387075621e+00 4.553979647439379946e-20 1.368369416567650853e-20
3.137662385386647212e+00 9.760432728215438635e-21 1.152102016321109788e-20
3.138327385386218804e+00 2.171563261026338471e-20 2.591101940133556590e-21
3.138992385385790396e+00 2.821095112584531495e-20 3.063664634258284636e-21
3.139657385385361987e+00 1.900627086123535663e-20 3.062425374839418511e-21
3.140322385384933579e+00 3.352589486532387468e-20 3.161463368455942143e-21
3.140987385384505171e+00 2.173640678182940113e-20 4.736948692717053993e-21
3.141652385384076762e+00 1.464827532743737329e-20 3.637607980768906960e-21
3.142317385383648354e+00 1.671176540370082566e-20 3.129615351588059003e-21
3.142982385383219945e+00 1.423265643530278344e-20 2.954766015610000566e-21
3.143647385382791537e+00 1.809535469962136697e-20 3.083462862928708145e-21
3.144312385382363129e+00 1.712328576715034444e-20 2.862549401263458597e-21
3.144977385381934720e+00 2.162100728407827748e-20 2.880483353453888770e-21
3.145642385381506312e+00 2.674976981028797628e-20 2.919446541538004599e-21
3.146307385381077903e+00 1.163181978493799028e-20 2.986601186833247762e-21
3.146972385380649495e+00 -1.548979247873812161e-21 3.016787525319797065e-21
3.147637385380221087e+00 1.675920606994906178e-20 3.036136639692205068e-21
3.148302385379792678e+00 1.632453955793368449e-20 3.032337578078031379e-21
3.148967385379364270e+00 1.985244298017458351e-20 3.383116846969504947e-21
3.149632385378935862e+00 3.088479339201842453e-20 3.437135454721806265e-21
3.150297385378507453e+00 1.949872032176407849e-20 3.083342086630567734e-21
3.150962385378079045e+00 3.127013455742508571e-20 2.943321389016487215e-21
3.151627385377650636e+00 1.953767976433847606e-20 2.783107303857255430e-21
3.152292385377222228e+00 2.120303630445252566e-20 3.043521895454830046e-21
3.152957385376793820e+00 1.778016977747055239e-20 3.590044244558611849e-21
3.153622385376365411e+00 2.157070058878611469e-20 3.110768115229215985e-21
3.154287385375937003e+00 1.634808224098093176e-20 3.118639510499970960e-21
3.154952385375508594e+00 2.541942088484419941e-20 3.062799859211684956e-21
3.155617385375080186e+00 3.236937199164720130e-20 3.161654731281064402e-21
3.156282385374651778e+00 1.218766555877577183e-20 2.659334259659109744e-21
3.156947385374223369e+00 2.064404685772581245e-20 2.857842496855776470e-21
3.157612385373794961e+00 1.135255478073991931e-20 2.794191753487358307e-21
3.158277385373366553e+00 1.710972557500353039e-20 2.928766884895661473e-21
3.158942385372938144e+00 2.335249804587735425e-20 3.285339538992945938e-21
3.159607385372509736e+00 -2.881093303215039595e-22 2.993980052890332432e-21
3.160272385372081327e+00 5.588203891500262951e-21 2.796961402806723612e-21
3.160937385371652919e+00 1.306175150209088089e-20 3.138971386641295148e-21
3.161602385371224511e+00 1.176630626078280231e-20 3.858263623200638834e-21
3.162267385370796102e+00 3.594725261852300879e-20 3.099973348673723362e-21
3.162932385370367694e+00 3.332009431554050371e-20 2.780844541178102015e-21
3.163597385369939285e+00 1.219142295581889442e-20 2.771884546170155950e-21
3.164262385369510877e+00 2.295434958840551252e-20 3.055595174246147552e-21
3.164927385369082469e+00 1.127473637533891728e-20 2.890195983944754185e-21
3.165592385368654060e+00 7.799499983600207474e-21 2.845451396845809009e-21
3.166257385368225652e+00 1.493448766588444263e-20 2.688572659508721184e-21
3.166922385367797244e+00 1.388568358995551440e-20 2.842838557611802249e-21
3.167587385367368835e+00 1.688988916426505289e-20 3.017199926414670033e-21
3.168252385366940427e+00 -2.546064592705640192e-22 3.043517466793380944e-21
3.168917385366512018e+00 1.434905469161564206e-20 3.221867985550799491e-21
3.169582385366083610e+00 3.940473351330890018e-20 3.011410140060265117e-21
3.170247385365655202e+00 4.110231769186061901e-21 2.774305026593961368e-21
3.170912385365226793e+00 1.588465315676989755e-20 2.961580842384907931e-21
3.171577385364798385e+00 2.833120568427190473e-20 3.256635205637333372e-21
3.172242385364369976e+00 3.315022324821758481e-20 3.136841276906980123e-21
3.172907385363941568e+00 2.206439316258424694e-20 2.845360694170894081e-21
3.173572385363513160e+00 1.229643755360876106e-21 3.121619812220596934e-21
3.174237385363084751e+00 1.016802787577387544e-20 2.967012545963094358e-21
3.174902385362656343e+00 2.268922057728520428e-20 3.348707131275803154e-21
3.175567385362227935e+00 1.929638186123206018e-20 2.723510348884925116e-21
3.176232385361799526e+00 2.346864237150635252e-20 2.923691060543584533e-21
3.176897385361371118e+00 2.148692442622119162e-20 3.200283453927437572e-21
3.177562385360942709e+00 2.159951696860597665e-20 3.080437301112662668e-21
3.178227385360514301e+00 3.329353192252794400e-20 2.879494035301465664e-21
3.178892385360085893e+00 1.598574706077433269e-20 3.092973080488158342e-21
3.179557385359657484e+00 1.838558197484336679e-20 2.953773139010846727e-21
3.180222385359229076e+00 7.094136602373254692e-21 7.478201372762257420e-21
3.180887385358800667e+00 4.283507506957280091e-21 7.186955878350515972e-21
3.181552385358372259e+00 3.790028622261242681e-20 6.742622128722463347e-21
3.182217385357943851e+00 4.276731350886642196e-20 2.784211676073613738e-21
3.182882385357515442e+00 1.376044528229209322e-20 3.012395031971155049e-21
3.183547385357087034e+00 1.829886893945879564e-20 3.374590201352580666e-21
3.184212385356658626e+00 3.178139399066100424e-20 2.770984781446213493e-21
3.184877385356230217e+00 1.589564009672376768e-20 2.948317686657924436e-21
3.185542385355801809e+00 2.740556059730309508e-21 2.881379959481419238e-21
3.186207385355373400e+00 3.173421518936892296e-20 2.798871198117948208e-21
3.186872385354944992e+00 1.880580308943019715e-20 4.149199642657169841e-21
3.187537385354516584e+00 1.214861648023078696e-20 3.422455870216777268e-21
3.188202385354088175e+00 2.780687588677538630e-20 2.862338344460876856e-21
3.188867385353659767e+00 2.075485398011558858e-20 2.725977728554668164e-21
3.189532385353231358e+00 2.413364201672333219e-21 2.927749612016216870e-21
3.190197385352802950e+00 1.349633230014660544e-20 2.732583705266744082e-21
3.190862385352374542e+00 1.962768516609326029e-20 3.077491576810370303e-21
3.191527385351946133e+00 2.314952508151061497e-20 2.978547784886495387e-21
3.192192385351517725e+00 3.719067989172269354e-20 3.155695781367971257e-21
3.192857385351089317e+00 3.980370882195273441e-20 2.714613675171973893e-21
3.193522385350660908e+00 2.005204583330594308e-20 2.740685383870231036e-21
3.194187385350232500e+00 3.410752364513979056e-20 2.998381774557812448e-21
3.194852385349804091e+00 2.573911675338563322e-20 3.115782245785496760e-21
3.195517385349375683e+00 3.676043416358628207e-20 3.721022623916863321e-21
3.196182385348947275e+00 1.855442310035016889e-20 3.327314915371108482e-21
3.196847385348518866e+00 1.477135511829688548e-20 3.093646927974230200e-21
3.197512385348090458e+00 1.629669766519903256e-20 2.784552284156386740e-21
3.198177385347662049e+00 3.279655200406166119e-20 3.232229653136224114e-21
3.198842385347233641e+00 1.856177109174387441e-20 3.111477172508472618e-21
3.199507385346805233e+00 3.218759641695509480e-20 3.349789745353109914e-21
3.200172385346376824e+00 4.470534388257214669e-20 3.129589436062648963e-21
3.200837385345948416e+00 2.962099594702575468e-20 3.196919044413318648e-21
3.201502385345520008e+00 3.005245637271203423e-20 3.060231329220373782e-21
3.202167385345091599e+00 1.995150435764132062e-20 2.638399911104537059e-21
3.202832385344663191e+00 1.783638393795999093e-20 3.118060187890433022e-21
3.203497385344234782e+00 8.881987187809527946e-21 3.068484517481426726e-21
3.204162385343806374e+00 1.551207661822439185e-20 2.752221165086019665e-21
3.204827385343377966e+00 1.412386865402803024e-20 3.024224122180857305e-21
3.205492385342949557e+00 2.042505304107364641e-20 2.840507336648393570e-21
3.206157385342521149e+00 8.546195619788236107e-21 3.188860789743985605e-21
3.206822385342092741e+00 2.133528012238243897e-20 3.472759006255234139e-21
3.207487385341664332e+00 3.275351909577820393e-20 3.480880159546213072e-21
3.208152385341235924e+00 4.364844279429959826e-20 3.027563235070296620e-21
3.208817385340807515e+00 1.777603608552684682e-20 2.650557568244430703e-21
3.209482385340379107e+00 2.381623398077044256e-20 3.113681104168499534e-21
3.210147385339950699e+00 1.044507349823557547e-20 3.287905702129377456e-21
3.210812385339522290e+00 1.907743659233344781e-20 3.131522510569706121e-21
3.211477385339093882e+00 1.358516054438140528e-20 3.217548264924491976e-21
3.212142385338665473e+00 7.930365499711003485e-21 3.127826537847985817e-21
3.212807385338237065e+00 2.446622606841785544e-20 3.201915975660586224e-21
3.213472385337808657e+00 2.505567979226924966e-20 3.096017226923039592e-21
3.214137385337380248e+00 1.626018968430919559e-20 3.043366675609901061e-21
3.214802385336951840e+00 1.372779050468482447e-20 3.091148230216012482e-21
3.215467385336523432e+00 3.220715400962549664e-20 2.797967332491051341e-21
3.216132385336095023e+00 2.623606369155581106e-20 2.815047133214333424e-21
3.216797385335666615e+00 1.972618141518751499e-20 2.873800090192591222e-21
3.217462385335238206e+00 1.598583420113864288e-20 2.592345251668850884e-21
3.218127385334809798e+00 1.892127958125460886e-20 2.927758905885330502e-21
3.218792385334381390e+00 3.037500610530161424e-20 3.349008108292848118e-21
3.219457385333952981e+00 3.218302792948520057e-20 2.806728543409453030e-21
3.220122385333524573e+00 2.254731530421025652e-20 2.969670842782302534e-21
3.220787385333096164e+00 2.291630658123234247e-20 2.679789171745769200e-21
3.221452385332667756e+00 2.205676029531699017e-20 2.741425936667918484e-21
3.222117385332239348e+00 2.879951899178854145e-20 4.966883475678603445e-21
3.222782385331810939e+00 2.262180265532092109e-20 1.060825065148135831e-20
3.223447385331382531e+00 -6.398772254819676056e-21 8.679593702478105822e-21
3.224112385330954123e+00 2.058952251804946239e-22 1.888043722965199295e-20
3.224777385330525714e+00 4.736616725423396871e-21 3.367725116280848870e-21
3.225442385330097306e+00 1.366507219588093608e-20 2.657212910953787058e-21
3.226107385329668897e+00 2.428112630886824991e-20 2.778357864057604213e-21
3.226772385329240489e+00 2.165256625405447999e-20 2.824577669555302402e-21
3.227437385328812081e+00 1.643017626042578637e-20 2.675358377532504304e-21
3.228102385328383672e+00 1.019984888248279537e-20 2.855830786843887971e-21
3.228767385327955264e+00 2.754809232984471491e-20 3.144622956027498524e-21
3.229432385327526855e+00 2.294040712985834030e-20 2.884946821398040106e-21
3.230097385327098447e+00 3.784537448740168977e-20 2.875737286245755498e-21
3.230762385326670039e+00 2.034989785473952959e-20 2.729372670219091397e-21
3.231427385326241630e+00 2.281014452935526948e-20 2.758681840719059137e-21
3.232092385325813222e+00 1.588161224054048189e-20 2.665683993174864498e-21
3.232757385325384814e+00 2.378052949772674697e-20 2.787521739290402878e-21
3.233422385324956405e+00 2.326695221914715683e-20 3.375565656360991657e-21
3.234087385324527997e+00 1.829400355365226131e-20 2.899964716756554366e-21
3.234752385324099588e+00 3.641877180204496667e-20 2.534889345000201878e-21
3.235417385323671180e+00 1.182358824956046755e-20 2.916017349290697641e-21
3.236082385323242772e+00 3.371146856823115678e-20 2.785729509146707891e-21
3.236747385322814363e+00 1.793715011030913035e-20 2.930377377936792012e-21
3.237412385322385955e+00 2.541992070602439106e-21 2.627598690196697279e-21
3.238077385321957546e+00 1.661563557865204298e-20 2.537367602275234501e-21
3.238742385321529138e+00 3.326005572335490145e-20 2.581537699717996522e-21
3.239407385321100730e+00 1.632786403180383539e-20 2.674818147138730537e-21
3.240072385320672321e+00 1.368158466279358421e-20 2.969263909524416935e-21
3.240737385320243913e+00 1.723086764678715820e-20 3.144780779885450463e-21
3.241402385319815505e+00 3.205787914059774961e-20 2.903427214845638196e-21
3.242067385319387096e+00 1.405992872032160801e-20 3.266891520186749821e-21
3.242732385318958688e+00 2.289748947278716099e-20 3.055635896595464334e-21
3.243397385318530279e+00 2.091749063885157608e-20 3.203925035851903182e-21
3.244062385318101871e+00 3.943156822357737975e-20 3.435778663983657515e-21
3.244727385317673463e+00 2.184166109264279039e-20 2.647566576551038913e-21
3.245392385317245054e+00 2.120776643279165927e-20 2.861009960879222882e-21
3.246057385316816646e+00 4.429487254834008175e-20 1.881495230171854851e-20
3.246722385316388237e+00 5.437510540106688972e-20 2.126540250173780009e-20
3.247387385315959829e+00 8.455133651604475716e-20 2.704690525454152111e-20
3.248052385315531421e+00 8.521450727767130772e-20 2.068895576733408043e-20
3.248717385315103012e+00 3.039450434148270184e-20 3.349251506514589568e-21
3.249382385314674604e+00 3.356711109951579502e-20 3.211062995896424214e-21
3.250047385314246196e+00 1.810982072130282680e-20 3.068816603513144588e-21
3.250712385313817787e+00 1.707732402436607522e-20 3.383992277879904077e-21
3.251377385313389379e+00 1.168345200052704658e-20 2.842338302447878063e-21
3.252042385312960970e+00 -3.782267771081879742e-21 2.691865247884727811e-21
3.252707385312532562e+00 1.143304956433602192e-20 2.838764254598397077e-21
3.253372385312104154e+00 -5.560348219244345981e-21 2.601901270048309427e-21
3.254037385311675745e+00 2.845242499322458823e-20 2.743126576557903378e-21
3.254702385311247337e+00 3.378742829126410570e-20 2.798991025885764252e-21
3.255367385310818928e+00 4.609537329280323037e-20 2.875662371628493620e-21
3.256032385310390520e+00 1.657864533380015227e-20 3.228440533573297394e-21
3.256697385309962112e+00 3.199020311306640950e-21 2.702726308739369216e-21
3.257362385309533703e+00 -1.636259108411956824e-21 2.668987146940759116e-21
3.258027385309105295e+00 1.312400738856101830e-20 2.863553212574264681e-21
3.258692385308676887e+00 2.462173057226297800e-20 2.817642992497849694e-21
3.259357385308248478e+00 1.761276697511867829e-20 2.872561731466891202e-21
3.260022385307820070e+00 1.907824637525255672e-20 2.858268974419589555e-21
3.260687385307391661e+00 2.536595899562643815e-20 1.476899491594999507e-20
3.261352385306963253e+00 3.486047811633377567e-20 8.409889631775355543e-21
3.262017385306534845e+00 2.036169537883943085e-20 2.799258057315597253e-21
3.262682385306106436e+00 8.850065383406499202e-21 2.835597061458477150e-21
3.263347385305678028e+00 1.327610613125620302e-20 2.553089105915375214e-21
3.264012385305249619e+00 1.026092512145909852e-20 2.887089035812177947e-21
3.264677385304821211e+00 2.028015150005924994e-20 3.085702742524000887e-21
3.265342385304392803e+00 2.020902638020738829e-20 2.875959239925019366e-21
3.266007385303964394e+00 2.647308295449747053e-20 2.879352227978957615e-21
3.266672385303535986e+00 3.214079635807221678e-20 3.099696631419530035e-21
3.267337385303107578e+00 1.559869904740382294e-20 2.750971830959285539e-21
3.268002385302679169e+00 2.385852294764261163e-20 2.870767961700318507e-21
3.268667385302250761e+00 2.918606108557454915e-20 2.808364994635950124e-21
3.269332385301822352e+00 2.860662290150451399e-20 3.277443688722564804e-21
3.269997385301393944e+00 3.076852357366096661e-20 2.855401345233826241e-21
3.270662385300965536e+00 3.069348991539299063e-20 3.629179459627011871e-21
3.271327385300537127e+00 2.396369028940015300e-20 2.668185426418724281e-21
3.271992385300108719e+00 3.266774488158672923e-20 3.129812238979291656e-21
3.272657385299680310e+00 2.926095246752605895e-20 3.252809587761188120e-21
3.273322385299251902e+00 3.398958202980164404e-20 3.000113510172036954e-21
3.273987385298823494e+00 1.360741528499894689e-20 2.963581421760960129e-21
3.274652385298395085e+00 1.626503560312321543e-20 2.647609759853440022e-21
3.275317385297966677e+00 2.444519200565458206e-20 3.175363199208238556e-21
3.275982385297538269e+00 2.121946662765543381e-20 3.137975832948665785e-21
3.276647385297109860e+00 4.175421574423237851e-20 2.814062459524827573e-21
3.277312385296681452e+00 3.356423124114132590e-20 2.610454255147620119e-21
3.277977385296253043e+00 4.193273486906357461e-20 3.080693188776375054e-21
3.278642385295824635e+00 1.341829139775985089e-20 3.059081156939376035e-21
3.279307385295396227e+00 1.824207353038422497e-20 3.250897632228187721e-21
3.279972385294967818e+00 2.702984749621038463e-20 2.867174344951800647e-21
3.280637385294539410e+00 3.493096704992380898e-20 2.676208846287047390e-21
3.281302385294111001e+00 2.951989367798092974e-20 2.856212545738437021e-21
3.281967385293682593e+00 2.818868244421456359e-20 2.961531826701807963e-21
3.282632385293254185e+00 1.584094505549459691e-20 2.657229537443280269e-21
3.283297385292825776e+00 1.683409824015910008e-20 2.821297242512414518e-21
3.283962385292397368e+00 2.908147837382457027e-20 3.496202787217462221e-21
3.284627385291968960e+00 3.438295818196895437e-20 2.901711380872783362e-21
3.285292385291540551e+00 2.221755974202830170e-20 2.681272306746214600e-21
3.285957385291112143e+00 1.757877691491913167e-20 2.735401675295598033e-21
3.286622385290683734e+00 1.207215652377762682e-20 2.883862491301977172e-21
3.287287385290255326e+00 -8.886217611660696889e-21 3.089570825373311385e-21
3.287952385289826918e+00 2.407101087448185553e-20 3.466441264537127228e-21
3.288617385289398509e+00 1.290812330603033464e-20 3.129893121582317192e-21
3.289282385288970101e+00 3.350091506932356477e-20 2.883954200681324479e-21
3.289947385288541692e+00 3.552658746223417721e-20 2.737053963170774852e-21
3.290612385288113284e+00 2.339261224818662004e-20 2.393485631010525502e-21
3.291277385287684876e+00 1.445378487492402146e-20 2.791028281611559874e-21
3.291942385287256467e+00 9.445713866534032226e-21 2.636663112467687134e-21
3.292607385286828059e+00 2.309222467619382506e-20 2.555659848386974816e-21
3.293272385286399651e+00 2.912132892147033564e-20 2.627451483650936516e-21
3.293937385285971242e+00 3.145005352616180024e-20 2.502109225692537233e-21
3.294602385285542834e+00 1.539918848395373777e-20 3.250081485592395271e-21
3.295267385285114425e+00 2.625582675675010954e-20 2.692525339038513572e-21
3.295932385284686017e+00 9.587611720514934970e-21 2.941775378223412915e-21
3.296597385284257609e+00 1.997332687707667690e-20 2.612674183937582177e-21
3.297262385283829200e+00 2.450304778213916030e-20 2.720728338850783188e-21
3.297927385283400792e+00 7.136819774939779896e-21 2.999095497660558104e-21
3.298592385282972383e+00 -2.190738594079583393e-21 2.721411292066964464e-21
3.299257385282543975e+00 2.316200039078227076e-20 2.590082811809477718e-21
3.299922385282115567e+00 2.633458626496904411e-20 2.543600437150770092e-21
3.300587385281687158e+00 1.825156675371852934e-20 2.870578868002838055e-21
3.301252385281258750e+00 1.238937366996313371e-20 3.169457348837941920e-21
3.301917385280830342e+00 1.992595407014968743e-20 3.598575753001936114e-21
3.302582385280401933e+00 1.640550444081096499e-20 3.003477794550173919e-21
3.303247385279973525e+00 3.099166801984569084e-20 3.022471753251651494e-21
3.303912385279545116e+00 2.678093281915960906e-20 2.871448692239405734e-21
3.304577385279116708e+00 2.062610971698764973e-20 3.097209499781613163e-21
3.305242385278688300e+00 2.416520812619273533e-20 2.727650168595377114e-21
3.305907385278259891e+00 3.337634369122466914e-20 2.960039771729490845e-21
3.306572385277831483e+00 1.738842534280302827e-20 2.907823201604321021e-21
3.307237385277403074e+00 9.192415592967773065e-21 3.432661217698135920e-21
3.307902385276974666e+00 3.249609234713538012e-20 2.904347318148982176e-21
3.308567385276546258e+00 1.664486102904758064e-20 2.914425140586438256e-21
3.309232385276117849e+00 1.867592899838170117e-20 2.963962558839082562e-21
3.309897385275689441e+00 2.223271808391962635e-20 2.780255616163794561e-21
3.310562385275261033e+00 3.407965336250129394e-20 2.728647861314394362e-21
3.311227385274832624e+00 7.143111873331920088e-21 2.708861131717978450e-21
3.311892385274404216e+00 1.132281710689882297e-20 2.982913687089600983e-21
3.312557385273975807e+00 1.856410775475930986e-20 3.070073044073496539e-21
3.313222385273547399e+00 9.226442042046751499e-21 2.573394127067577750e-21
3.313887385273118991e+00 1.258894962302011223e-20 3.063859470133785867e-21
3.314552385272690582e+00 4.385375102938400325e-21 2.733061160403009277e-21
3.315217385272262174e+00 2.549992910853746869e-20 2.993656229678509899e-21
3.315882385271833765e+00 1.527333034481091604e-20 3.179964543090528540e-21
3.316547385271405357e+00 7.104992924061355085e-21 2.962737298430848552e-21
3.317212385270976949e+00 1.476361457864521171e-20 2.757970448401745193e-21
3.317877385270548540e+00 1.616170783114596002e-20 2.773218517921182337e-21
3.318542385270120132e+00 4.800258545614682810e-21 2.819886382406800286e-21
3.319207385269691724e+00 1.878875018121259457e-20 3.551091164582028066e-21
3.319872385269263315e+00 1.721225287276114999e-20 3.572689155508751208e-21
3.320537385268834907e+00 3.155363441598943114e-20 3.792623650108646333e-21
3.321202385268406498e+00 2.465682365954018576e-20 3.035599916249843536e-21
3.321867385267978090e+00 1.217534620987147619e-20 2.812614176456566797e-21
3.322532385267549682e+00 2.747246812920863414e-21 2.628551911919002565e-21
3.323197385267121273e+00 9.285184742020890941e-21 2.804411250664882811e-21
3.323862385266692865e+00 1.958229827436041268e-20 2.479576242911483179e-21
3.324527385266264456e+00 3.173929620794238735e-20 2.667325873791970191e-21
3.325192385265836048e+00 4.090238213532062046e-20 2.807953764819242330e-21
3.325857385265407640e+00 4.114549294105498394e-20 2.857812836320219725e-21
3.326522385264979231e+00 1.670992631424218055e-20 2.673864033264103558e-21
3.327187385264550823e+00 1.944518368439415969e-21 2.881130171823144002e-21
3.327852385264122415e+00 1.443700645575615978e-20 2.872990467356143954e-21
3.328517385263694006e+00 1.646568529500350634e-20 2.667667235547876151e-21
3.329182385263265598e+00 2.033775653454490181e-20 2.742255745836670734e-21
3.329847385262837189e+00 3.561538459746558325e-21 2.854522508745087763e-21
3.330512385262408781e+00 2.126644746338959542e-20 2.957533502450668374e-21
3.331177385261980373e+00 6.507258219700289817e-21 3.115775926481851233e-21
3.331842385261551964e+00 1.313785920387322099e-20 3.009010830831710430e-21
3.332507385261123556e+00 3.371891735580179874e-20 3.012887064889993623e-21
3.333172385260695147e+00 1.686224691023367345e-20 2.888680189258880353e-21
3.333837385260266739e+00 1.156325199684992639e-20 3.025971164833733209e-21
3.334502385259838331e+00 1.374226524777311651e-20 3.046027077401823002e-21
3.335167385259409922e+00 3.971440618907821920e-21 2.829191331090661626e-21
3.335832385258981514e+00 2.230782561207671043e-20 3.183791075860142675e-21
3.336497385258553106e+00 3.503117438518488258e-20 3.048330821663825439e-21
3.337162385258124697e+00 2.721554384970384531e-20 2.942232477268602462e-21
3.337827385257696289e+00 1.835791477650149047e-20 2.807402923716629128e-21
3.338492385257267880e+00 2.203639146923344069e-20 2.742448189262332596e-21
3.339157385256839472e+00 2.841393944307101651e-20 3.154073344181396261e-21
3.339822385256411064e+00 1.324405561183565994e-20 2.860685100515617983e-21
3.340487385255982655e+00 3.440492532505227443e-21 2.607356977807267836e-21
3.341152385255554247e+00 -1.138486509647792415e-20 2.759430253783735117e-21
3.341817385255125838e+00 7.753818027618195895e-21 2.534612933292649375e-21
3.342482385254697430e+00 2.158112550726858565e-20 2.665989173632551488e-21
3.343147385254269022e+00 1.724874988438982014e-20 2.985286998033029954e-21
3.343812385253840613e+00 2.045397967129772548e-20 2.593983187993226039e-21
3.344477385253412205e+00 1.167724327275962496e-20 2.618660198648923689e-21
3.345142385252983797e+00 2.180493318262772056e-20 2.518743970750453821e-21
3.345807385252555388e+00 2.055296160053547338e-20 2.959356953657157028e-21
3.346472385252126980e+00 6.197475025427355283e-21 3.666554212333960360e-21
3.347137385251698571e+00 3.452274313967076125e-21 2.708260155449631962e-21
3.347802385251270163e+00 2.199865110877366795e-20 2.805440459194464418e-21
3.348467385250841755e+00 1.612320080578723875e-20 2.731334499012885820e-21
3.349132385250413346e+00 2.735183299073266369e-20 2.576270687627205177e-21
3.349797385249984938e+00 2.096883387110869077e-20 2.722599483071679851e-21
3.350462385249556529e+00 1.433208725251958993e-20 2.644596299938136938e-21
3.351127385249128121e+00 2.464563766459994532e-20 2.394719520699945939e-21
3.351792385248699713e+00 3.649134600008745324e-20 2.636827327100258957e-21
3.352457385248271304e+00 3.159676439797106597e-20 2.421319118227542063e-21
3.353122385247842896e+00 2.354328888629186813e-20 2.681348812562625313e-21
3.353787385247414488e+00 1.780643728145653804e-20 2.632204823299258871e-21
3.354452385246986079e+00 1.363756675197307546e-20 2.582216243039490741e-21
3.355117385246557671e+00 1.012711790339706802e-20 2.510407979854006482e-21
3.355782385246129262e+00 1.040120202230211638e-20 2.863809432895965315e-21
3.356447385245700854e+00 1.601081898569618829e-20 2.761775277236494517e-21
3.357112385245272446e+00 2.710777953575239405e-20 2.888794593201746981e-21
3.357777385244844037e+00 2.993347856165729458e-20 2.601263517645438979e-21
3.358442385244415629e+00 6.275497585213044911e-21 2.642008948925356285e-21
3.359107385243987220e+00 9.960991645782979125e-21 2.913840041978047340e-21
3.359772385243558812e+00 1.247466335281754183e-20 2.574704907105657032e-21
3.360437385243130404e+00 1.925674865715937642e-20 2.569624028036606551e-21
3.361102385242701995e+00 1.392929089027141840e-20 2.473315925400473206e-21
3.361767385242273587e+00 1.240491373626314898e-20 2.742933354737130760e-21
3.362432385241845179e+00 1.661465315818521037e-21 2.541193123335842533e-21
3.363097385241416770e+00 2.233565433286806330e-20 2.573177481622893935e-21
3.363762385240988362e+00 2.452349055127072238e-20 2.451155459222862420e-21
3.364427385240559953e+00 2.105026033638824206e-20 2.723262890697479804e-21
3.365092385240131545e+00 5.229194450583335234e-21 2.589941562157513285e-21
3.365757385239703137e+00 2.306445229077466827e-20 2.625399893787006382e-21
3.366422385239274728e+00 1.714466801805918174e-20 2.583210291606770018e-21
3.367087385238846320e+00 1.828349888148011772e-20 2.789522045269242444e-21
3.367752385238417911e+00 1.995354954218798427e-20 2.348251080091656476e-21
3.368417385237989503e+00 1.882823664502958516e-20 2.400511468392469755e-21
3.369082385237561095e+00 1.782124725906461829e-20 2.596967881140127649e-21
3.369747385237132686e+00 9.584386272613902540e-21 2.561058519829658731e-21
3.370412385236704278e+00 1.111186694365390285e-20 2.656513176877590620e-21
3.371077385236275870e+00 1.086216499115090206e-20 2.436928637565107505e-21
3.371742385235847461e+00 1.986846434395719070e-20 2.626852672068600347e-21
3.372407385235419053e+00 3.717935589301272553e-22 2.760051974309543409e-21
3.373072385234990644e+00 2.007636632987652160e-20 2.592837316879456285e-21
3.373737385234562236e+00 2.126746519931087743e-20 3.185916310790349565e-21
3.374402385234133828e+00 7.936010857262245000e-21 2.468865478223378299e-21
3.375067385233705419e+00 3.129525157411682432e-20 2.741889470784945312e-21
3.375732385233277011e+00 1.940146618031662600e-20 2.828441669172823311e-21
3.376397385232848602e+00 1.007465662902593328e-20 2.523499429053950404e-21
3.377062385232420194e+00 8.705461451859454048e-21 2.719157843240577286e-21
3.377727385231991786e+00 2.129379431594764662e-20 2.576182627460867512e-21
3.378392385231563377e+00 2.563771979365936149e-20 3.654244520792500667e-21
3.379057385231134969e+00 1.791717955853253705e-20 2.520344774275388611e-21
3.379722385230706561e+00 2.148341532446400086e-20 3.064037981319708402e-21
3.380387385230278152e+00 2.052009781292712656e-20 2.501744043669220110e-21
3.381052385229849744e+00 8.070429132636075779e-21 2.341372812078561297e-21
3.381717385229421335e+00 2.703913851352076811e-20 2.579773122829811170e-21
3.382382385228992927e+00 2.499395495711986417e-20 2.728144478642795659e-21
3.383047385228564519e+00 8.438279723688541712e-21 2.592532903034896036e-21
3.383712385228136110e+00 1.700663020337619507e-20 2.567936126547470266e-21
3.384377385227707702e+00 1.768670628442018895e-20 2.428867992345827745e-21
3.385042385227279294e+00 7.106743258670499497e-21 2.714203784199089839e-21
3.385707385226850885e+00 7.680575394849418936e-21 2.330781203346479952e-21
3.386372385226422477e+00 1.641177527135215738e-20 2.629734534120402439e-21
3.387037385225994068e+00 2.020462511572479561e-20 2.689131312080750036e-21
3.387702385225565660e+00 1.158331184340222286e-20 2.509487597099590016e-21
3.388367385225137252e+00 2.005961644017385042e-20 2.411176997936523224e-21
3.389032385224708843e+00 1.836082161795526709e-20 2.596526395146383234e-21
3.389697385224280435e+00 2.224014067522229440e-20 2.356929528436105953e-21
3.390362385223852026e+00 1.902539930630334497e-20 2.574362547249514162e-21
3.391027385223423618e+00 1.865753440526934215e-20 2.495050924191567246e-21
3.391692385222995210e+00 2.807930131997942362e-20 2.378049950764561536e-21
3.392357385222566801e+00 2.391809358535862668e-20 2.512157099283407372e-21
3.393022385222138393e+00 1.901855487025030526e-20 3.023242361224792428e-21
3.393687385221709985e+00 1.647602150552425071e-20 2.849660334294346826e-21
3.394352385221281576e+00 2.095092344028697322e-20 2.536493690536703856e-21
3.395017385220853168e+00 4.214754811741578500e-20 2.253643126866924164e-21
3.395682385220424759e+00 1.369854420099040362e-20 2.649881324168484420e-21
3.396347385219996351e+00 1.737358466086462287e-20 2.482350481670960221e-21
3.397012385219567943e+00 3.328344365338914546e-20 2.557390794920492832e-21
3.397677385219139534e+00 7.079991493206996665e-21 2.537686527156534620e-21
3.398342385218711126e+00 2.168409400302527214e-20 3.029330771736582100e-21
3.399007385218282717e+00 2.707600415697774298e-20 2.792508982025328450e-21
3.399672385217854309e+00 3.039251231321064876e-20 2.672010513605459788e-21
3.400337385217425901e+00 2.205919284513734109e-20 2.439181083901012069e-21
3.401002385216997492e+00 1.902197411641552929e-20 2.576211140629461377e-21
3.401667385216569084e+00 2.353392745920208729e-20 2.685081962864495678e-21
3.402332385216140676e+00 1.447550082764778787e-20 2.645373901896744986e-21
3.402997385215712267e+00 2.884698157569617715e-20 2.640938205105229659e-21
3.403662385215283859e+00 4.070394108084319015e-20 2.686535376315007750e-21
3.404327385214855450e+00 3.278664532530122168e-20 2.536036861879651363e-21
3.404992385214427042e+00 2.344914059051599297e-20 3.289431260654544663e-20
3.405657385213998634e+00 2.526959450707385242e-20 1.393653358537333362e-20
3.406322385213570225e+00 3.052232992161955389e-20 2.573440473359869858e-21
3.406987385213141817e+00 3.003063657717565050e-20 2.688829007028757270e-21
3.407652385212713408e+00 2.066380090350771966e-20 2.617858387575856314e-21
3.408317385212285000e+00 3.297369210381885892e-20 2.888514565536766000e-21
3.408982385211856592e+00 2.945945966581124444e-20 2.576320188691822497e-21
3.409647385211428183e+00 2.306481114564948628e-20 2.706076129350531316e-21
3.410312385210999775e+00 3.129383410006730101e-21 2.848277521249402939e-21
3.410977385210571367e+00 2.152552145244100245e-21 2.613537209439547021e-21
3.411642385210142958e+00 4.483356493527242724e-21 2.566202077999537059e-21
3.412307385209714550e+00 2.822589155540770467e-21 2.669501664061721233e-21
3.412972385209286141e+00 -5.709630941178273969e-21 2.935128531389434833e-21
3.413637385208857733e+00 -3.012442947880244739e-21 4.284204922031376983e-21
3.414302385208429325e+00 4.753658195069405853e-21 3.383148986596379322e-21
3.414967385208000916e+00 2.269888885101947755e-20 4.828614646988854398e-21
3.415632385207572508e+00 1.493068864495072983e-20 3.326127880268353009e-21
3.416297385207144099e+00 1.909829580007629352e-20 2.724943298080027462e-21
3.416962385206715691e+00 7.962186867964828821e-21 2.170077225621898627e-21
3.417627385206287283e+00 -7.197034793831363108e-21 2.286549533327221623e-21
3.418292385205858874e+00 2.569000478476275206e-20 2.532707557159964222e-21
3.418957385205430466e+00 2.215489026301541819e-20 2.430368963265714866e-21
3.419622385205002058e+00 1.104531761972036474e-20 3.243405419821478861e-21
3.420287385204573649e+00 -1.435173137105256781e-21 2.916693759926366711e-21
3.420952385204145241e+00 7.738905038457522553e-21 2.411263783885876014e-21
3.421617385203716832e+00 2.582733379376904242e-20 2.458704402742842011e-21
3.422282385203288424e+00 1.728823152795990327e-20 2.431083276923229523e-21
3.422947385202860016e+00 2.681401786984994080e-20 2.465416032994619800e-21
3.423612385202431607e+00 2.986961108325262149e-20 2.692864955992365367e-21
3.424277385202003199e+00 2.635166900457183098e-20 2.379166618176843211e-21
3.424942385201574790e+00 8.566819905414224349e-21 2.598667915855327968e-21
3.425607385201146382e+00 4.771223695140581800e-21 2.527275484386603562e-21
3.426272385200717974e+00 1.000450767163506297e-20 2.678687283090612557e-21
3.426937385200289565e+00 1.133466063273163529e-20 2.604184009758664190e-21
3.427602385199861157e+00 1.349371317701307693e-20 4.064385847418773357e-21
3.428267385199432749e+00 1.811549978188356218e-20 2.501176292451814504e-21
3.428932385199004340e+00 1.205610543979079787e-20 2.353440323394227289e-21
3.429597385198575932e+00 1.490194499000832046e-20 2.496736766391147353e-21
3.430262385198147523e+00 5.913116647957883918e-21 2.694727613003007075e-21
3.430927385197719115e+00 1.976004417719573509e-20 3.028548940806769093e-21
3.431592385197290707e+00 3.966213050419267781e-20 2.291993797940452035e-21
3.432257385196862298e+00 3.395663355125390309e-20 2.403234077737308283e-21
3.432922385196433890e+00 1.306540854294568138e-20 2.461538792352705925e-21
3.433587385196005481e+00 2.710528651957704094e-20 2.536516101606461990e-21
3.434252385195577073e+00 6.260366488285438175e-22 2.591706641856484387e-21
3.434917385195148665e+00 7.955558830004283499e-21 2.646747392452488905e-21
3.435582385194720256e+00 5.662984093401250473e-21 2.600242914341407670e-21
3.436247385194291848e+00 4.947387063977898964e-21 2.385036149301499830e-21
3.436912385193863440e+00 1.003924086803029490e-20 2.434019608310568176e-21
3.437577385193435031e+00 8.989361925433333307e-21 2.778335476377987649e-21
3.438242385193006623e+00 1.919934517292762648e-20 2.801805941077947688e-21
3.438907385192578214e+00 1.029136695546864759e-20 2.527531427454667747e-21
3.439572385192149806e+00 2.173860509206244923e-20 2.840576471174398068e-21
3.440237385191721398e+00 1.384650010439178742e-20 2.638711123469449088e-21
3.440902385191292989e+00 7.760807106805596067e-21 2.699823193883469872e-21
3.441567385190864581e+00 1.289061857180085563e-20 2.524022570129094085e-21
3.442232385190436172e+00 2.320121904825022505e-20 2.645366536957975607e-21
3.442897385190007764e+00 4.052261935129657938e-20 2.262085240698818857e-21
3.443562385189579356e+00 2.649346499429197381e-20 2.437992391429596752e-21
3.444227385189150947e+00 2.118775864540250217e-20 2.690531908569337872e-21
3.444892385188722539e+00 1.055127967575348058e-20 2.402093950820948012e-21
3.445557385188294131e+00 1.983147846788527033e-20 2.337951413636161662e-21
3.446222385187865722e+00 3.194085876024618934e-21 2.681390979957090550e-21
3.446887385187437314e+00 1.435293380705706430e-20 2.830078026194725410e-21
3.447552385187008905e+00 7.901325155910023147e-21 2.624326484192256639e-21
3.448217385186580497e+00 1.069205028494670097e-20 2.560479400221440248e-21
3.448882385186152089e+00 6.525088399151055755e-21 2.436902945542223701e-21
3.449547385185723680e+00 1.182169767345747172e-20 2.395414862012772198e-21
3.450212385185295272e+00 1.541493675468985248e-20 2.402787818744267572e-21
3.450877385184866863e+00 5.936159916283739463e-21 2.558006353660583044e-21
3.451542385184438455e+00 1.423325854356741068e-20 2.616100270310974659e-21
3.452207385184010047e+00 2.712616788638736446e-20 2.712162393351457503e-21
3.452872385183581638e+00 1.058277618386291134e-20 2.610719437141533326e-21
3.453537385183153230e+00 1.598743885412197738e-20 2.259656410961603179e-21
3.454202385182724822e+00 9.637773851646438070e-21 2.462806100786071617e-21
3.454867385182296413e+00 -1.850791757556653456e-20 2.381838616301267461e-21
3.455532385181868005e+00 1.022847005918175497e-20 2.372582412053344472e-21
3.456197385181439596e+00 2.410580821848802884e-20 2.462603952509881173e-21
3.456862385181011188e+00 1.755149649062687083e-20 2.348905294482342700e-21
3.457527385180582780e+00 3.475932761347446344e-20 2.300838532364700019e-21
3.458192385180154371e+00 1.641879671020235009e-20 2.198335633464348204e-21
3.458857385179725963e+00 2.375967510098919176e-20 2.433874566221650877e-21
3.459522385179297554e+00 1.810960249826859503e-21 2.794217913987883626e-21
3.460187385178869146e+00 1.787429398196755775e-20 2.454101571340553750e-21
3.460852385178440738e+00 2.349074017868624650e-20 2.322538296366501313e-21
3.461517385178012329e+00 9.149481041877040140e-21 2.387044514505492996e-21
3.462182385177583921e+00 1.320222951954585827e-20 2.513256817354438756e-21
3.462847385177155513e+00 2.238501257008212524e-20 2.265093544015265134e-21
3.463512385176727104e+00 2.931245465902814443e-20 2.638586654658612538e-21
3.464177385176298696e+00 8.131021628520572997e-21 2.253897396794093369e-21
3.464842385175870287e+00 -6.102385486706823022e-22 2.385014817563330821e-21
3.465507385175441879e+00 3.165118570158135884e-20 2.412861501243157844e-21
3.466172385175013471e+00 2.040349990908411244e-20 2.393950533384789061e-21
3.466837385174585062e+00 1.376589409564245840e-20 2.330692414028389110e-21
3.467502385174156654e+00 3.421123769163306593e-20 2.426780028726466775e-21
3.468167385173728245e+00 2.877200705470871080e-20 2.418458101502120671e-21
3.468832385173299837e+00 3.009370346628670161e-20 2.511032904882981656e-21
3.469497385172871429e+00 2.218692238224784639e-20 2.465498832850185217e-21
3.470162385172443020e+00 2.473266882513359016e-20 2.463776199183158909e-21
3.470827385172014612e+00 2.586011683269104773e-20 2.618108057676746741e-21
3.471492385171586204e+00 2.968475812690460387e-20 2.797328059741128010e-21
3.472157385171157795e+00 1.820775028922736749e-20 2.438117694099340890e-21
3.472822385170729387e+00 1.918705187246660302e-20 2.486853093817514755e-21
3.473487385170300978e+00 1.000553643031219309e-20 2.426562023611406823e-21
3.474152385169872570e+00 8.478823157882529490e-21 2.577270150277648004e-21
3.474817385169444162e+00 1.958636485304297502e-20 2.498504940891969638e-21
3.475482385169015753e+00 2.137788652768073963e-20 2.570175510457757434e-21
3.476147385168587345e+00 2.794603044038715203e-20 2.546649903217937092e-21
3.476812385168158936e+00 1.881575589873742505e-20 2.350837960361380269e-21
3.477477385167730528e+00 1.264269006429018514e-20 2.579727978145820320e-21
3.478142385167302120e+00 1.280232927358008928e-20 5.218540356581805096e-21
3.478807385166873711e+00 3.121597275223351845e-20 6.785937137516224392e-21
3.479472385166445303e+00 1.152385332946371672e-20 6.479314971577497383e-21
3.480137385166016895e+00 9.519167716638498998e-21 7.302791502601688007e-21
3.480802385165588486e+00 1.787084529307510550e-20 7.037452446766497624e-21
3.481467385165160078e+00 2.222212211993079157e-20 9.937600900223851601e-21
3.482132385164731669e+00 2.576093729368571373e-20 8.039689823485082290e-21
3.482797385164303261e+00 2.115455239647280829e-20 4.817287464747388656e-21
3.483462385163874853e+00 2.269191998194481288e-20 3.399561017070761135e-21
3.484127385163446444e+00 5.506290896051520548e-20 2.502427979257998217e-21
3.484792385163018036e+00 1.748217454249744696e-20 2.274545964151106951e-21
3.485457385162589627e+00 1.296083171472549482e-20 2.614607611794447637e-21
3.486122385162161219e+00 1.583313377211312645e-20 2.382696514750243193e-21
3.486787385161732811e+00 2.408554786250441195e-20 2.314047046490379359e-21
3.487452385161304402e+00 2.812771288266039844e-20 2.599702269169300353e-21
3.488117385160875994e+00 2.628683893845833639e-20 2.657949026840611433e-21
3.488782385160447586e+00 8.342724169723152254e-21 2.378325788848662368e-21
3.489447385160019177e+00 9.744954696556679411e-21 2.387478593477319258e-21
3.490112385159590769e+00 1.614540857871844065e-20 3.430861006737283424e-21
3.490777385159162360e+00 1.395349450284763878e-20 2.860969774976826238e-21
3.491442385158733952e+00 3.510204296630910584e-20 2.383829225443874738e-21
3.492107385158305544e+00 2.409026717348672371e-20 2.363077450638966568e-21
3.492772385157877135e+00 2.453901001477549044e-20 2.424227511686822280e-21
3.493437385157448727e+00 1.237419679587693797e-20 2.655823121274766919e-21
3.494102385157020318e+00 1.586660994851857149e-20 2.424575030268462766e-21
3.494767385156591466e+00 9.327393689863243243e-21 2.468290101609015104e-21
3.495432385156163058e+00 6.107825516386073258e-21 2.488423109160898092e-21
3.496097385155734649e+00 1.961610396089531701e-20 2.594558679724042533e-21
3.496762385155306241e+00 1.167011107640881471e-20 2.807063201664714440e-21
3.497427385154877832e+00 9.711777462015659861e-22 2.396569410977882037e-21
3.498092385154449424e+00 8.302213629031227816e-21 2.657281670575828068e-21
3.498757385154021016e+00 1.438023447303894446e-20 2.438903425906235513e-21
3.499422385153592607e+00 1.709086168245144384e-20 2.281977493485672218e-21
3.500087385153164199e+00 1.912167952418743500e-20 2.315195343349389001e-21
3.500752385152735791e+00 1.505740088266052435e-20 2.139004360581797726e-21
3.501417385152307382e+00 1.299265870100581951e-20 2.222556998284017659e-21
3.502082385151878974e+00 2.217310719091065202e-20 2.580585337692532655e-21
3.502747385151450565e+00 1.780534297676567418e-21 2.602090981881153869e-21
3.503412385151022157e+00 5.696592485873688762e-21 2.658739064712262178e-21
3.504077385150593749e+00 1.065483731843305863e-20 2.921530957189915699e-21
3.504742385150165340e+00 2.057409617545542993e-20 2.545576927192172374e-21
3.505407385149736932e+00 3.574067331389666842e-20 2.564636283321408885e-21
3.506072385149308523e+00 2.068407317277667677e-20 2.729271846717409985e-21
3.506737385148880115e+00 1.773999485517438297e-20 2.496813667285483873e-21
3.507402385148451707e+00 3.253145303564784019e-20 2.285512693834725328e-21
3.508067385148023298e+00 2.557467696160895115e-20 2.362977588504978699e-21
3.508732385147594890e+00 3.841741001423087022e-20 2.955348304470193397e-21
3.509397385147166482e+00 1.000199587372311902e-20 3.627141134049837967e-21
3.510062385146738073e+00 1.882951879262886486e-21 2.442290188569461076e-21
3.510727385146309665e+00 2.065537420177272517e-20 2.464498532821271179e-21
3.511392385145881256e+00 2.612155505549956222e-20 2.580649412011102591e-21
3.512057385145452848e+00 3.103041425484492245e-20 2.467160699194230713e-21
3.512722385145024440e+00 2.113065707399233933e-20 2.514454953631760062e-21
3.513387385144596031e+00 1.123006261469234524e-20 2.390687609417968848e-21
3.514052385144167623e+00 1.333323170935733474e-20 2.451367629576938106e-21
3.514717385143739214e+00 3.546881613865983256e-20 2.250133573894853111e-21
3.515382385143310806e+00 3.478826044265072087e-20 2.466806834731929235e-21
3.516047385142882398e+00 2.069573599553048859e-20 2.442731743623026899e-21
3.516712385142453989e+00 1.986315074293246261e-20 2.902439458998338504e-21
3.517377385142025581e+00 2.657893445032179635e-20 2.825082152922617445e-21
3.518042385141597173e+00 1.094182084929037410e-20 2.503692782959911098e-21
3.518707385141168764e+00 1.832278738863468892e-20 2.311515387809394867e-21
3.519372385140740356e+00 1.982946753734679819e-20 2.370074271968945090e-21
3.520037385140311947e+00 2.118853295630559764e-20 2.511162553493027471e-21
3.520702385139883539e+00 2.561056652648406778e-20 2.663321566778729053e-21
3.521367385139455131e+00 2.215755928426969672e-20 2.659351895888893000e-21
3.522032385139026722e+00 7.422243623412997081e-21 2.590938930739435643e-21
3.522697385138598314e+00 1.375716181438074612e-20 2.698967056847998012e-21
3.523362385138169905e+00 8.280626034414425035e-21 2.744982699705588512e-21
3.524027385137741497e+00 1.505348160163106958e-20 2.592652489284653464e-21
3.524692385137313089e+00 1.657548708446682774e-20 2.501421685186928308e-21
3.525357385136884680e+00 1.071438324474345165e-20 2.363096624400723256e-21
3.526022385136456272e+00 1.005716782531844384e-20 2.378261088877452225e-21
3.526687385136027864e+00 5.369394016398638526e-21 2.263382380695546698e-21
3.527352385135599455e+00 1.419259506977125046e-21 2.140563078094755718e-21
3.528017385135171047e+00 1.456086916539560745e-20 2.215162795804704339e-21
3.528682385134742638e+00 1.253493315012564869e-20 2.195054404294558930e-21
3.529347385134314230e+00 1.136159168210461430e-21 2.355788152132692621e-21
3.530012385133885822e+00 1.151417934058821103e-20 2.190341527715603197e-21
3.530677385133457413e+00 1.151549036553629825e-20 2.286006504382309680e-21
3.531342385133029005e+00 7.961490005964031868e-21 2.228531468206662152e-21
3.532007385132600596e+00 -7.907965547853116289e-21 2.366951505293830494e-21
3.532672385132172188e+00 2.271167111740782953e-21 2.208479465187054244e-21
3.533337385131743780e+00 5.422939690174968674e-22 2.138755402060947367e-21
3.534002385131315371e+00 6.147771761548856305e-21 2.410309794605960420e-21
3.534667385130886963e+00 1.384103337412105980e-20 2.306498354549515285e-21
3.535332385130458555e+00 2.683521008135552370e-20 2.247645563145394271e-21
3.535997385130030146e+00 1.286334881097554926e-20 2.178772866824654933e-21
3.536662385129601738e+00 6.048252255773822158e-21 2.542318919005785404e-21
3.537327385129173329e+00 5.776779409255896049e-21 2.523370014578855467e-21
3.537992385128744921e+00 5.131154929322114563e-21 2.245017523606819318e-21
3.538657385128316513e+00 9.318372151097305010e-21 2.432145375194520327e-21
3.539322385127888104e+00 2.924681643647760033e-20 2.568370416642908046e-21
3.539987385127459696e+00 2.450000763393659575e-20 2.355081257910399968e-21
3.540652385127031287e+00 1.858374741107156540e-20 2.454375371142075452e-21
3.541317385126602879e+00 1.851052145499608583e-20 2.429704011240649318e-21
3.541982385126174471e+00 1.269694899010025530e-20 2.358875019565907920e-21
3.542647385125746062e+00 3.142814042417931600e-20 2.532692799969245096e-21
3.543312385125317654e+00 1.376264248544832029e-20 1.968760768001054569e-21
3.543977385124889246e+00 1.786735352574571273e-20 2.265724437235272362e-21
3.544642385124460837e+00 2.600030680522006497e-20 2.301485258996802643e-21
3.545307385124032429e+00 2.475831604011655860e-20 2.398276354469870928e-21
3.545972385123604020e+00 7.715222361951479592e-21 7.040015696308242390e-21
3.546637385123175612e+00 2.128419968934871389e-20 6.802912059037965374e-21
3.547302385122747204e+00 2.375294534438917243e-20 3.069558374535284603e-21
3.547967385122318795e+00 2.393217130877493960e-20 2.603291720399215642e-21
3.548632385121890387e+00 1.267016296754918706e-20 2.297708771009130314e-21
3.549297385121461978e+00 2.486410878462576343e-20 2.477609288154612740e-21
3.549962385121033570e+00 1.452300082764820954e-20 2.490996948886856657e-21
3.550627385120605162e+00 1.044353480297061887e-20 2.526320312955251207e-21
3.551292385120176753e+00 2.871220753859296543e-20 2.482854551757177708e-21
3.551957385119748345e+00 1.438358290505642372e-20 2.339530033093973274e-21
3.552622385119319937e+00 1.354104834580183832e-20 2.355538559484362873e-21
3.553287385118891528e+00 1.305109190507728120e-20 2.377973593085881238e-21
3.553952385118463120e+00 1.023660483595129696e-20 2.136999110068865558e-21
3.554617385118034711e+00 1.708108955445685876e-20 2.322330324081011449e-21
3.555282385117606303e+00 1.532950224193261169e-20 2.566861306867747558e-21
3.555947385117177895e+00 1.502639179534844402e-20 2.393084461985573454e-21
3.556612385116749486e+00 1.636479333574231406e-20 2.342847121335685611e-21
3.557277385116321078e+00 1.607002018148839100e-20 2.659594010154229746e-21
3.557942385115892669e+00 1.188610370301323253e-20 2.412501475093619134e-21
3.558607385115464261e+00 2.944937702780324945e-20 2.490774047082350545e-21
3.559272385115035853e+00 1.207543682459407572e-20 2.258632834955442115e-21
3.559937385114607444e+00 7.985810974449455684e-21 2.204827209379398172e-21
3.560602385114179036e+00 8.906777553315723629e-21 2.207965915612935542e-21
3.561267385113750628e+00 2.939799601389301035e-20 2.344233911473762327e-21
3.561932385113322219e+00 3.246707954851593230e-20 2.273193541526125702e-21
3.562597385112893811e+00 4.936512962768057724e-20 2.444077874909513534e-21
3.563262385112465402e+00 2.020154409916313520e-20 2.174635323411414245e-21
3.563927385112036994e+00 1.034596497100284731e-20 2.267782784704722004e-21
3.564592385111608586e+00 8.459559256419252336e-21 2.455808023340311006e-21
3.565257385111180177e+00 1.473995566805710771e-20 2.679530239615016672e-21
3.565922385110751769e+00 2.019120033382767143e-20 2.716865119258591107e-21
3.566587385110323360e+00 2.072221904745370439e-20 2.308587809106679464e-21
3.567252385109894952e+00 2.286823443322055507e-20 2.552974390290121657e-21
3.567917385109466544e+00 5.340987930898976286e-21 2.428720720843616490e-21
3.568582385109038135e+00 1.011587191111913165e-21 2.180579420651917657e-21
3.569247385108609727e+00 2.415737299545619522e-20 2.280079241279734416e-21
3.569912385108181319e+00 2.252875230757373021e-20 2.385075964709233360e-21
3.570577385107752910e+00 1.380690438361135299e-20 2.215241335406726002e-21
3.571242385107324502e+00 1.811250276568148648e-20 2.652998674853245345e-21
3.571907385106896093e+00 1.738056625791677647e-20 2.519659076160336660e-21
3.572572385106467685e+00 1.399077602496049583e-20 2.433977043618349149e-21
3.573237385106039277e+00 9.993080317309900353e-21 2.291572290158124856e-21
3.573902385105610868e+00 5.813880627715009728e-21 2.392820028713048267e-21
3.574567385105182460e+00 1.182224906809116449e-20 2.582912560419099835e-21
3.575232385104754051e+00 2.897806668121976132e-20 2.451288138669379688e-21
3.575897385104325643e+00 3.458571384254468115e-20 2.417136948910727194e-21
3.576562385103897235e+00 1.735760562526169773e-20 2.388331812936932200e-21
3.577227385103468826e+00 1.391884045429726388e-20 2.239671278819300268e-21
3.577892385103040418e+00 5.305179384164072239e-21 2.385840803854449502e-21
3.578557385102612010e+00 2.264265626593340572e-20 2.656690893606399441e-21
3.579222385102183601e+00 1.735268609022792155e-20 2.456156203979833053e-21
3.579887385101755193e+00 2.246024245356996953e-20 2.610633699815751075e-21
3.580552385101326784e+00 2.143507529770787980e-20 2.470734129709169693e-21
3.581217385100898376e+00 1.253810561234374535e-20 2.509570895905122710e-21
3.581882385100469968e+00 1.902827918112794008e-20 2.682277943007352525e-21
3.582547385100041559e+00 -2.353646796446184742e-21 2.620940733823920866e-21
3.583212385099613151e+00 1.725913213320435463e-20 2.597035918878292422e-21
3.583877385099184743e+00 2.190642525077177832e-20 2.350126202520101256e-21
3.584542385098756334e+00 1.486156550961400218e-20 2.230073305249179291e-21
3.585207385098327926e+00 8.331630412965830622e-21 2.934159131962896947e-21
3.585872385097899517e+00 1.339494053681911549e-20 3.024064099547482136e-21
3.586537385097471109e+00 2.305651358394382336e-20 3.064363327240989296e-21
3.587202385097042701e+00 1.507694056137032085e-20 2.334208177342406523e-21
3.587867385096614292e+00 3.087691063992804841e-20 2.629145058610568770e-21
3.588532385096185884e+00 3.078403747716127838e-20 2.531649587834078874e-21
3.589197385095757475e+00 1.362018660530860648e-20 2.519842262272155057e-21
3.589862385095329067e+00 2.025810440703493331e-20 2.378127321947369621e-21
3.590527385094900659e+00 2.708439484407990412e-20 2.559934192117698378e-21
3.591192385094472250e+00 3.213365125003654251e-21 2.225624791446418697e-21
3.591857385094043842e+00 9.906505546168282855e-21 2.326715818858437692e-21
3.592522385093615434e+00 5.187765033799270741e-21 2.443255339097267209e-21
3.593187385093187025e+00 1.034871056180809585e-20 2.584645875186036784e-21
3.593852385092758617e+00 6.653311799053668714e-21 2.443772464549637478e-21
3.594517385092330208e+00 6.747965575522980698e-21 2.363422077922567751e-21
3.595182385091901800e+00 2.303500877468366590e-20 2.558565112492591334e-21
3.595847385091473392e+00 4.390629071053575388e-21 2.402660846867314786e-21
3.596512385091044983e+00 -3.208147498306154097e-21 2.860724245159638044e-21
3.597177385090616575e+00 -2.690213120819383694e-22 2.267176424114902303e-21
3.597842385090188166e+00 2.365635281686631621e-22 2.437672385253484864e-21
3.598507385089759758e+00 2.899720139827329799e-20 2.431852116464329487e-21
3.599172385089331350e+00 2.329923694724659414e-20 2.104929315168749564e-21
3.599837385088902941e+00 2.928393716191256482e-20 2.551599819417483981e-21
3.600502385088474533e+00 1.781700810749651983e-20 2.473273364687787047e-21
3.601167385088046125e+00 3.311055761301054284e-20 2.564066320602741779e-21
3.601832385087617716e+00 1.705409193227849865e-20 2.324843282991173087e-21
3.602497385087189308e+00 2.244069467844440528e-20 2.957335595796957579e-21
3.603162385086760899e+00 2.489126754103665490e-20 4.491726049485065899e-21
3.603827385086332491e+00 3.436459850462334053e-20 2.590615410050021061e-21
3.604492385085904083e+00 2.297427452835164464e-20 2.529920226667855771e-21
3.605157385085475674e+00 2.801233365261401576e-20 2.479187288644646357e-21
3.605822385085047266e+00 1.920130175392815848e-20 2.186614120945141822e-21
3.606487385084618857e+00 2.321645279605980439e-20 2.268122197978235017e-21
3.607152385084190449e+00 2.044041202225610374e-20 2.409166416398439637e-21
3.607817385083762041e+00 1.980970055589038628e-20 2.197412899083411372e-21
3.608482385083333632e+00 1.383245288691873524e-20 4.019274119423404069e-21
3.609147385082905224e+00 2.130049519380154435e-20 3.640479420038069480e-21
3.609812385082476816e+00 6.071065886162857276e-21 3.476089850129053971e-21
3.610477385082048407e+00 2.404816548016492701e-21 2.179257003063002813e-21
3.611142385081619999e+00 7.013775369523476207e-21 2.341304281593171385e-21
3.611807385081191590e+00 2.046796540393050710e-20 2.427580666034044372e-21
3.612472385080763182e+00 1.389909919484565206e-20 2.768667164003194348e-21
3.613137385080334774e+00 2.246839124657761295e-20 2.179449438781146451e-21
3.613802385079906365e+00 4.259508535250138288e-21 2.065662976288617696e-21
3.614467385079477957e+00 9.646762408387166916e-21 2.295575598385104186e-21
3.615132385079049548e+00 2.309072508542850496e-20 2.468646139204804335e-21
3.615797385078621140e+00 1.131207942504430724e-20 2.531557850209279981e-21
3.616462385078192732e+00 1.671281890651820883e-20 3.099967706112449612e-21
3.617127385077764323e+00 1.520082831388870694e-20 3.449251223891065404e-21
3.617792385077335915e+00 1.137781046675978109e-20 2.510076956035045557e-21
3.618457385076907507e+00 7.549651986238550687e-21 2.536995967978991892e-21
3.619122385076479098e+00 -4.059044762960094996e-21 3.665548992978879001e-21
3.619787385076050690e+00 1.217105127643637513e-21 4.335235971310846093e-21
3.620452385075622281e+00 -1.805629977476015445e-20 4.382215981844177242e-21
3.621117385075193873e+00 -1.832412897351292719e-20 3.820352592079313384e-21
3.621782385074765465e+00 1.466068174840116438e-20 2.259292243797614386e-21
3.622447385074337056e+00 2.911606707199014778e-20 2.489580289539267802e-21
3.623112385073908648e+00 2.610110431343611667e-20 2.522750570611392392e-21
3.623777385073480239e+00 1.718629842050172106e-20 2.192996923877556766e-21
3.624442385073051831e+00 1.347199403048419850e-20 2.522357868866626806e-21
3.625107385072623423e+00 1.283368259187670120e-20 2.600231421173698335e-21
3.625772385072195014e+00 2.073863092433062953e-20 2.448563157907831991e-21
3.626437385071766606e+00 1.476181163466008082e-20 2.582935806282159433e-21
3.627102385071338198e+00 2.115321075094431486e-22 2.189798949365076415e-21
3.627767385070909789e+00 1.543743736920821501e-20 2.286377406071165453e-21
3.628432385070481381e+00 1.773407339584784497e-20 2.320937982176629855e-21
3.629097385070052972e+00 3.176687291790023217e-20 2.126240699525905581e-21
3.629762385069624564e+00 2.164683559923866570e-20 2.235686991010770725e-21
3.630427385069196156e+00 7.383006056770723789e-21 2.344724828494639300e-21
3.631092385068767747e+00 1.580125846629179776e-20 2.323392060457379392e-21
3.631757385068339339e+00 2.620835616031763855e-20 2.075366358521487883e-21
3.632422385067910930e+00 1.846467835647368898e-20 2.442592406563142653e-21
3.633087385067482522e+00 1.116461253007278741e-20 2.320860384165565476e-21
3.633752385067054114e+00 8.758185937748768856e-21 2.203407202997427625e-21
3.634417385066625705e+00 1.027181824577680732e-20 2.212886133391352511e-21
3.635082385066197297e+00 1.453331373756885354e-20 2.424585830158367299e-21
3.635747385065768889e+00 2.080578187791278919e-20 2.174636669226349059e-21
3.636412385065340480e+00 1.548704513116730170e-20 2.200817642923088449e-21
3.637077385064912072e+00 1.292288497238564740e-20 2.462556608241849232e-21
3.637742385064483663e+00 7.779240077759271827e-21 2.244839700557853272e-21
3.638407385064055255e+00 2.952589788802224413e-20 2.103167845341695256e-21
3.639072385063626847e+00 1.826393873597950259e-20 2.397399494480717044e-21
3.639737385063198438e+00 1.068063942051885582e-20 2.235164108790538385e-21
3.640402385062770030e+00 5.230778199350691650e-21 2.472217646816966963e-21
3.641067385062341621e+00 1.771213644811768425e-20 2.354948307566005404e-21
3.641732385061913213e+00 3.277833733107500098e-20 2.255476666016807044e-21
3.642397385061484805e+00 2.333905247582588813e-20 2.246318954327925208e-21
3.643062385061056396e+00 2.791802345685592655e-20 2.477328171541191694e-21
3.643727385060627988e+00 2.580941057675929551e-20 2.304998780720158448e-21
3.644392385060199580e+00 1.361831246017550088e-20 2.536806109434114136e-21
3.645057385059771171e+00 2.187458177759933318e-20 2.264559992926568942e-21
3.645722385059342763e+00 2.429928385351087825e-20 2.356553501518523353e-21
3.646387385058914354e+00 2.110993253677468543e-20 2.097353757152549849e-21
3.647052385058485946e+00 1.026826066555009264e-20 2.359943807561365457e-21
3.647717385058057538e+00 1.438047314307345624e-20 2.446618787212375541e-21
3.648382385057629129e+00 1.515736513557559515e-20 2.495698876778761974e-21
3.649047385057200721e+00 5.937609534120754829e-21 2.481824810982681577e-21
3.649712385056772312e+00 2.370539324497036084e-20 2.333103659054998240e-21
3.650377385056343904e+00 1.747582470589076917e-20 2.368628627687984252e-21
3.651042385055915496e+00 1.734290328751772334e-20 2.335964353413518800e-21
3.651707385055487087e+00 2.415761369511904808e-20 2.204465733127705345e-21
3.652372385055058679e+00 -6.155199266652961514e-22 2.274264816612351703e-21
3.653037385054630271e+00 1.129716168282434834e-20 2.389953509377390186e-21
3.653702385054201862e+00 5.615254638633054447e-21 2.240477156528951918e-21
3.654367385053773454e+00 1.551126849830335927e-20 2.637413191727214956e-21
3.655032385053345045e+00 3.614480235317606210e-20 2.436931458075600354e-21
3.655697385052916637e+00 1.915304850595233530e-20 2.410089547946221941e-21
3.656362385052488229e+00 1.911753216570485002e-20 2.147837607082169278e-21
3.657027385052059820e+00 2.117667614049151196e-20 2.096470861832885369e-21
3.657692385051631412e+00 1.082550840446160978e-20 2.584630901175834910e-21
3.658357385051203003e+00 1.727725373700354039e-20 2.255481503785778877e-21
3.659022385050774595e+00 2.278009537496201888e-20 2.231955595042164776e-21
3.659687385050346187e+00 9.077524413259074491e-21 2.368730223409156041e-21
3.660352385049917778e+00 1.456165206609920682e-20 2.411486779661323074e-21
3.661017385049489370e+00 2.132549704063720000e-20 2.226144353229327270e-21
3.661682385049060962e+00 3.723089311390179759e-20 3.005860698535432761e-21
3.662347385048632553e+00 1.162242597270208816e-20 4.107337698381828352e-21
3.663012385048204145e+00 9.616028150188181126e-21 3.379855432947984460e-21
3.663677385047775736e+00 1.296707173648162712e-20 2.216998306705507913e-21
3.664342385047347328e+00 5.092478627337398723e-21 2.106882552861753744e-21
3.665007385046918920e+00 1.854778630287602401e-20 2.225484349964892974e-21
3.665672385046490511e+00 3.030025968889106132e-20 2.249898889168343275e-21
3.666337385046062103e+00 1.634416731704660467e-20 2.382746309237999536e-21
3.667002385045633694e+00 1.104996231756562213e-20 2.401586951668211578e-21
3.667667385045205286e+00 1.322122730879991497e-20 2.398320844522086973e-21
3.668332385044776878e+00 2.153033872092178091e-20 2.321912155671718901e-21
3.668997385044348469e+00 2.009871973405009413e-20 2.412182488316927659e-21
3.669662385043920061e+00 6.021382713580584895e-21 2.476314109124461187e-21
3.670327385043491653e+00 1.324356831913458685e-20 2.271647057412978777e-21
3.670992385043063244e+00 2.174225113434792349e-20 2.036238003911070177e-21
3.671657385042634836e+00 1.393255486305997681e-20 2.099871828549602411e-21
3.672322385042206427e+00 1.433795713375272228e-20 2.164525728239740691e-21
3.672987385041778019e+00 2.067415529380987748e-20 2.296417914613493472e-21
3.673652385041349611e+00 2.327128657983043592e-20 2.247885250703429690e-21
3.674317385040921202e+00 2.232453267460536140e-20 2.566663526743672787e-21
3.674982385040492794e+00 1.466125215835619717e-20 1.976242676114591805e-21
3.675647385040064385e+00 2.020642693978851593e-20 2.220256660489969447e-21
3.676312385039635977e+00 1.580682821902750674e-20 2.174749245025209387e-21
3.676977385039207569e+00 3.329042943368223186e-21 2.480731861994868822e-21
3.677642385038779160e+00 6.609899909915015477e-21 2.623894164530972222e-21
3.678307385038350752e+00 1.933557826532615099e-20 2.171766635167968604e-21
3.678972385037922344e+00 2.335442330127699910e-20 1.983830334366863889e-21
3.679637385037493935e+00 2.044957295323596130e-20 2.218300438846323557e-21
3.680302385037065527e+00 1.778452203160282549e-20 2.129035643673020616e-21
3.680967385036637118e+00 1.644123527807470039e-20 2.191246652540754847e-21
3.681632385036208710e+00 1.460969144243121759e-20 2.301445185191346834e-21
3.682297385035780302e+00 8.799772938386055090e-21 2.275363283320427842e-21
3.682962385035351893e+00 1.418319429305757111e-20 2.312613306475439985e-21
3.683627385034923485e+00 2.138790901826754463e-20 2.000371778686078937e-21
3.684292385034495076e+00 3.357348178358283918e-20 2.138815455464117952e-21
3.684957385034066668e+00 1.773362710918212537e-20 2.511745262569999720e-21
3.685622385033638260e+00 1.705280874350491824e-20 2.309100482331175157e-21
3.686287385033209851e+00 9.231151555703435676e-21 2.522665640104555725e-21
3.686952385032781443e+00 1.175461024484540881e-20 2.320701355873003690e-21
3.687617385032353035e+00 2.040306001661204129e-20 2.378922492005855606e-21
3.688282385031924626e+00 2.142831522120410897e-20 8.753793628351733920e-21
3.688947385031496218e+00 8.488092605981443675e-21 6.331939950057951365e-21
3.689612385031067809e+00 1.717961262901786639e-20 2.315556931031238633e-21
3.690277385030639401e+00 1.700287894897270684e-20 2.421915864903591874e-21
3.690942385030210993e+00 2.915416027621723152e-20 2.319476945145036032e-21
3.691607385029782584e+00 1.404872096988658437e-20 2.449802750471940997e-21
3.692272385029354176e+00 2.083683279893089462e-20 2.496630159641888116e-21
3.692937385028925767e+00 1.295402880772309582e-20 2.534318922340836156e-21
3.693602385028497359e+00 2.230862445527401231e-20 2.463700184797920329e-21
3.694267385028068951e+00 2.049650037816913382e-20 2.437706532791962412e-21
3.694932385027640542e+00 1.235049891822899454e-20 2.635433542051524337e-21
3.695597385027212134e+00 5.972019863115718396e-21 2.397827994902502972e-21
3.696262385026783726e+00 4.231855720137523340e-21 2.086250169584793184e-21
3.696927385026355317e+00 5.888195055032774297e-21 2.447270475978090996e-21
3.697592385025926909e+00 2.724451798222416568e-20 2.549352977346818807e-21
3.698257385025498500e+00 2.034521167966053289e-20 2.312314662076211402e-21
3.698922385025070092e+00 1.323843013633130263e-20 2.269416260605064713e-21
3.699587385024641684e+00 6.177220354492602823e-21 2.559441435617709279e-21
3.700252385024213275e+00 2.261274383663417985e-21 2.317425483563468323e-21
3.700917385023784867e+00 8.769307902497010705e-21 2.903506045113544662e-21
3.701582385023356458e+00 1.446554910740978856e-20 2.790382172620952993e-21
3.702247385022928050e+00 1.994299998603621853e-20 2.951061282010078457e-21
3.702912385022499642e+00 1.955413166940485908e-20 2.561667683298408393e-21
3.703577385022071233e+00 1.091697406427608815e-20 2.257544725578436460e-21
3.704242385021642825e+00 8.982895543607304707e-21 2.193598528230989595e-21
3.704907385021214417e+00 2.618630726329465907e-21 2.089374026228526102e-21
3.705572385020786008e+00 1.303523347114225227e-20 1.958132589574363162e-21
3.706237385020357600e+00 2.797254386190407186e-20 2.178528603006225670e-21
3.706902385019929191e+00 2.404397150413564764e-20 2.400271024675844021e-21
3.707567385019500783e+00 2.703052787638735040e-20 2.280014314273639395e-21
3.708232385019072375e+00 2.120554897252267999e-20 2.477797873849218861e-21
3.708897385018643966e+00 2.068917236516702480e-20 2.170656781866238107e-21
3.709562385018215558e+00 2.495772149734395885e-20 2.206994945322178635e-21
3.710227385017787149e+00 2.062860907865057514e-20 2.079679591715260615e-21
3.710892385017358741e+00 1.683931156459387471e-20 2.025938674538271801e-21
3.711557385016930333e+00 1.058406790192723191e-20 2.213798659604153381e-21
3.712222385016501924e+00 1.897480256171983820e-20 2.372247102684646733e-21
3.712887385016073516e+00 2.428436733278648003e-20 2.357975053694616891e-21
3.713552385015645108e+00 1.876303376701320301e-20 2.407239052078407255e-21
3.714217385015216699e+00 9.244603096384030259e-21 2.688117642569676915e-21
3.714882385014788291e+00 1.589245090022904651e-21 2.171375328329093790e-21
3.715547385014359882e+00 1.662666892591597850e-20 2.485081184994762943e-21
3.716212385013931474e+00 1.946106691777790587e-20 2.445725560875747796e-21
3.716877385013503066e+00 1.463537933579789707e-20 2.357823862101134595e-21
3.717542385013074657e+00 1.409400444193928988e-20 2.221751616994599478e-21
3.718207385012646249e+00 1.620329004652395427e-20 1.411344290629037093e-20
3.718872385012217840e+00 2.778537808527921029e-20 2.322349784849835179e-21
3.719537385011789432e+00 1.817896155985340688e-20 2.115295040464287202e-21
3.720202385011361024e+00 1.771075694832500556e-20 2.538126366509430406e-21
3.720867385010932615e+00 1.539293553179197717e-20 2.829738788845532935e-21
3.721532385010504207e+00 3.197642046121716239e-20 2.404244446683333563e-21
3.722197385010075799e+00 2.532588931468108560e-20 2.557906603631338283e-21
3.722862385009647390e+00 1.553211473443681767e-20 2.366587441465700888e-21
3.723527385009218982e+00 1.975018689836404236e-20 2.522662630990593197e-21
3.724192385008790573e+00 2.071646737563060724e-20 2.750370328951760208e-21
3.724857385008362165e+00 1.990517252449221108e-20 2.632812219891342191e-21
3.725522385007933757e+00 1.462575036014124604e-20 2.488068852509234328e-21
3.726187385007505348e+00 1.411203763273846912e-20 2.123190243380364763e-21
3.726852385007076940e+00 1.986265460628421622e-20 2.333921611770367416e-21
3.727517385006648531e+00 2.388850096813891767e-20 2.352542039844633209e-21
3.728182385006220123e+00 1.173283131739001815e-20 2.557576894346419329e-21
3.728847385005791715e+00 1.998526372002652358e-20 2.250756498597223720e-21
3.729512385005363306e+00 1.660896593515739714e-20 2.231886324388325118e-21
3.730177385004934898e+00 1.998253020869655010e-20 2.484706238721677415e-21
3.730842385004506490e+00 1.066128368762984653e-20 2.359780359709442803e-21
3.731507385004078081e+00 7.503171634238190633e-21 2.551264915940378740e-21
3.732172385003649673e+00 1.268698212215839793e-20 2.324272045605804803e-21
3.732837385003221264e+00 6.717659489726623188e-21 2.277791930964806725e-21
3.733502385002792856e+00 1.934410371126703207e-21 2.162751260781449089e-21
3.734167385002364448e+00 1.578656407835473197e-20 2.248622721396405613e-21
3.734832385001936039e+00 8.626396098179774476e-21 2.281154847841411775e-21
3.735497385001507631e+00 1.585048340799204728e-20 2.472341086337111970e-21
3.736162385001079222e+00 3.396374907186885892e-21 2.180290740070002205e-21
3.736827385000650814e+00 1.126769784127441968e-20 2.377867894791313243e-21
3.737492385000222406e+00 8.520014626937239072e-21 2.357186626267315263e-21
3.738157384999793997e+00 -6.100123913531772188e-22 2.170896494454248147e-21
3.738822384999365589e+00 1.986516111334990934e-20 2.177260746754576502e-21
3.739487384998937181e+00 1.198099675292479788e-20 2.342632855228908858e-21
3.740152384998508772e+00 1.725198088751187817e-20 2.608937143719323956e-21
3.740817384998080364e+00 2.096760969385377287e-20 2.569408423309722381e-21
3.741482384997651955e+00 2.308104495482255130e-20 2.622048576382561408e-21
3.742147384997223547e+00 9.776082684230402119e-21 2.433355898875401981e-21
3.742812384996795139e+00 1.811216150394945672e-20 2.490339971911741994e-21
3.743477384996366730e+00 2.115199260788796828e-20 2.358761456352425223e-21
3.744142384995938322e+00 9.572860033397939539e-21 2.318914259452918301e-21
3.744807384995509913e+00 1.714335385460061834e-20 2.157644155211762113e-21
3.745472384995081505e+00 8.073147511077505085e-21 2.352637640367856812e-21
3.746137384994653097e+00 2.539900766996451931e-20 2.447440290047256542e-21
3.746802384994224688e+00 2.775923860477402976e-20 2.626924945228989037e-21
3.747467384993796280e+00 1.923166833699423421e-20 2.224584676498448392e-21
3.748132384993367872e+00 2.299076279282684033e-20 2.260380467776472382e-21
3.748797384992939463e+00 2.265018064008746196e-20 2.278158338583205479e-21
3.749462384992511055e+00 2.784172208354301356e-20 2.196083403229159177e-21
3.750127384992082646e+00 1.782189247304325223e-20 2.284623271514608320e-21
3.750792384991654238e+00 1.927135798428207587e-20 2.160531291727591244e-21
3.751457384991225830e+00 3.575146418510843678e-20 1.917428759679763765e-21
3.752122384990797421e+00 1.174487793207289385e-20 2.476830272085052726e-21
3.752787384990369013e+00 2.068063894434501000e-20 2.310211923277231301e-21
3.753452384989940604e+00 1.299891198645131729e-20 2.152028032763659960e-21
3.754117384989512196e+00 3.140437381926973973e-20 2.147236222550275287e-21
3.754782384989083788e+00 1.254337037259179566e-20 2.073574293756922508e-21
3.755447384988655379e+00 1.008939989135284190e-20 2.131719911428864922e-21
3.756112384988226971e+00 2.435948526491175305e-20 2.482578984703772244e-21
3.756777384987798563e+00 1.806834392642805424e-20 2.338240917303190781e-21
3.757442384987370154e+00 1.384169185404680884e-20 2.406107222132637035e-21
3.758107384986941746e+00 8.406096862168587672e-21 2.437584792213318156e-21
3.758772384986513337e+00 1.544711948723091009e-20 2.328246900856486288e-21
3.759437384986084929e+00 2.152538425919623836e-20 2.369873782564207092e-21
3.760102384985656521e+00 2.646210172261612676e-20 2.251775250481775975e-21
3.760767384985228112e+00 1.181607497517812300e-20 2.033414246983721842e-21
3.761432384984799704e+00 1.429721731817577254e-20 2.176605465834195977e-21
3.762097384984371296e+00 1.262437191420667460e-20 2.358845337140510160e-21
3.762762384983942887e+00 1.590340744506172326e-20 2.323931032327627997e-21
3.763427384983514479e+00 2.017183097450126882e-20 2.013637618449843415e-21
3.764092384983086070e+00 1.284551672200676907e-20 2.142716073852321808e-21
3.764757384982657662e+00 2.888222295979130108e-20 2.057580121796859013e-21
3.765422384982229254e+00 3.955205506589908692e-20 2.074932863560582968e-21
3.766087384981800845e+00 2.409646447158159542e-20 2.267679225800952290e-21
3.766752384981372437e+00 2.225426414906139171e-20 3.491979161979546728e-21
3.767417384980944028e+00 2.655118669107888908e-20 3.715572332897985871e-21
3.768082384980515620e+00 3.632157861990595256e-20 3.524160972798747828e-21
3.768747384980087212e+00 9.075744663478707395e-21 3.318688826914509096e-21
3.769412384979658803e+00 1.737331175499798576e-20 2.365910943704856627e-21
3.770077384979230395e+00 1.850106015038520478e-20 2.178241632051105776e-21
3.770742384978801987e+00 2.039807658793596046e-20 2.237284219701101092e-21
3.771407384978373578e+00 2.296347084391329212e-20 2.457544353745769873e-21
3.772072384977945170e+00 4.645700436613402042e-21 2.570728364066733715e-21
3.772737384977516761e+00 1.998047187112555998e-20 2.378914219496974986e-21
3.773402384977088353e+00 1.040504272864156521e-20 2.390188384007369780e-21
3.774067384976659945e+00 4.640285367991458350e-21 2.442664554725888706e-21
3.774732384976231536e+00 7.953431084755320473e-21 2.332889098630737398e-21
3.775397384975803128e+00 1.120834053042688257e-20 2.202946681348439537e-21
3.776062384975374719e+00 4.908285569831446220e-21 2.324606011790932332e-21
3.776727384974946311e+00 1.543053256097750640e-20 2.067659301314312068e-21
3.777392384974517903e+00 2.500405282502550215e-20 2.330104662059836744e-21
3.778057384974089494e+00 2.306608418065404980e-20 2.713958042396138560e-21
3.778722384973661086e+00 2.028887554150099851e-20 2.334308277432169476e-21
3.779387384973232678e+00 1.133199262671014773e-20 2.545994724474065737e-21
3.780052384972804269e+00 1.595075776148867603e-20 2.224168295629505607e-21
3.780717384972375861e+00 5.019016523506408894e-21 2.102903054578958077e-21
3.781382384971947452e+00 2.018966674441213684e-20 2.387461526913495793e-21
3.782047384971519044e+00 1.659418457991765749e-20 2.310838889863943451e-21
3.782712384971090636e+00 8.489184391327253398e-21 2.290930134171310900e-21
3.783377384970662227e+00 2.181593374059314582e-21 2.404809854444418374e-21
3.784042384970233819e+00 1.580852983603051936e-20 2.510661573274626510e-21
3.784707384969805410e+00 2.530210322872367547e-20 2.143855902211487784e-21
3.785372384969377002e+00 -8.109521181497977781e-21 2.693814225298300655e-21
3.786037384968948594e+00 9.038453640086774031e-21 2.341580121465573402e-21
3.786702384968520185e+00 1.817518253433464493e-20 2.355929818659115955e-21
3.787367384968091777e+00 2.417398767287298472e-20 2.314477321279007905e-21
3.788032384967663369e+00 2.047096101086893657e-20 2.153847398404524642e-21
3.788697384967234960e+00 7.198421473262236495e-21 2.293301707593549885e-21
3.789362384966806552e+00 1.912373625964669504e-20 2.114516417811468077e-21
3.790027384966378143e+00 3.113994316002982192e-20 2.112054761138659056e-21
3.790692384965949735e+00 2.695203509162079290e-20 2.245569264079142451e-21
3.791357384965521327e+00 4.947688667389275555e-21 2.258148076085264614e-21
3.792022384965092918e+00 2.428442391224293332e-21 2.241758235082530652e-21
3.792687384964664510e+00 7.812789775709362255e-21 2.422364957976265986e-21
3.793352384964236101e+00 9.954350426118594008e-21 2.216058081510772602e-21
3.794017384963807693e+00 7.394532844242764988e-21 2.053051228630484496e-21
3.794682384963379285e+00 2.044247448868961663e-20 2.128806824961438788e-21
3.795347384962950876e+00 2.758113952558717648e-20 2.203993211370892203e-21
3.796012384962522468e+00 2.032407130121435174e-20 2.183272770045832542e-21
3.796677384962094060e+00 1.777872050768574738e-20 2.065990531492987957e-21
3.797342384961665651e+00 2.774484945673757892e-20 2.392611574261787721e-21
3.798007384961237243e+00 2.428534938408019896e-20 2.166473156428705319e-21
3.798672384960808834e+00 1.265049554868830252e-20 2.404905967664248700e-21
3.799337384960380426e+00 3.379115598614103016e-20 2.209446017820250054e-21
3.800002384959952018e+00 1.731024103757599918e-20 2.275077322289630755e-21
3.800667384959523609e+00 2.129543726639995817e-20 2.201184016119443998e-21
3.801332384959095201e+00 2.151464894375840658e-20 2.144492483451028513e-21
3.801997384958666792e+00 2.740444947323185186e-20 2.117526037127960657e-21
3.802662384958238384e+00 2.566274355248436913e-21 2.339621815636118693e-21
3.803327384957809976e+00 1.188784591777236158e-20 2.418990807785123965e-21
3.803992384957381567e+00 2.240549956415097303e-20 2.090138638556982849e-21
3.804657384956953159e+00 1.696017839139367417e-20 2.201785629257050451e-21
3.805322384956524751e+00 1.455224793878717368e-20 2.112221547597812052e-21
3.805987384956096342e+00 7.873725139342485906e-21 2.054533255578993983e-21
3.806652384955667934e+00 1.434047120944565460e-20 2.286636341414823527e-21
3.807317384955239525e+00 1.205889642591363778e-20 2.161767836115533447e-21
3.807982384954811117e+00 2.392471397089328400e-20 2.052237322697458949e-21
3.808647384954382709e+00 2.776418343228800543e-20 2.033268704257777929e-21
3.809312384953954300e+00 1.439306657236823664e-20 2.231774393215338392e-21
3.809977384953525892e+00 1.325203483999876899e-20 2.240333844457744741e-21
3.810642384953097483e+00 8.513913971465265282e-21 2.193071209313669396e-21
3.811307384952669075e+00 2.631767970533561284e-20 2.273468140719696676e-21
3.811972384952240667e+00 2.649271012830009445e-20 2.303391822343709137e-21
3.812637384951812258e+00 2.588608176890338781e-20 2.172531934242806630e-21
3.813302384951383850e+00 1.075711798498458750e-20 2.141641312004433626e-21
3.813967384950955442e+00 2.363739581239148430e-20 2.562131217740105255e-21
3.814632384950527033e+00 1.681004132279339463e-20 2.307838955418095202e-21
3.815297384950098625e+00 3.138254266681198520e-20 2.262634477315109726e-21
3.815962384949670216e+00 2.714163690843792857e-20 2.121007569025332627e-21
3.816627384949241808e+00 2.388337287728713051e-20 2.317208546678553239e-21
3.817292384948813400e+00 2.908673482135935916e-20 2.369325162995604506e-21
3.817957384948384991e+00 2.618990430124760681e-20 2.220821979701612121e-21
3.818622384947956583e+00 2.265867330937935569e-20 2.353416295244446153e-21
3.819287384947528174e+00 2.911241319962466543e-20 2.277210073253021328e-21
3.819952384947099766e+00 3.981273550433792659e-20 2.483007577725929508e-21
3.820617384946671358e+00 3.431623308853584291e-20 2.424129437378419288e-21
3.821282384946242949e+00 2.162463890437396760e-20 2.522782896129164930e-21
3.821947384945814541e+00 2.504930250305370740e-20 2.627780023345158141e-21
3.822612384945386133e+00 2.618407537500949160e-20 2.414622100362532830e-21
3.823277384944957724e+00 2.790628651838650506e-20 2.322077394638899472e-21
3.823942384944529316e+00 3.307755463642724011e-20 2.418173825831863766e-21
3.824607384944100907e+00 2.177490007767031065e-20 2.495566840866582467e-21
3.825272384943672499e+00 2.287047557007136665e-20 2.152346133184805407e-21
3.825937384943244091e+00 2.052731151499466829e-20 2.465422452050303668e-21
3.826602384942815682e+00 8.223624892191483139e-21 3.379215607372084826e-21
3.827267384942387274e+00 5.775827204237388597e-21 2.157494712504404976e-21
3.827932384941958865e+00 9.867812687980783304e-21 2.401153437761551624e-21
3.828597384941530457e+00 2.743139871401715680e-20 2.197830157466873637e-21
3.829262384941102049e+00 1.391104782461684593e-20 2.343420202218565436e-21
3.829927384940673640e+00 1.201080264858900474e-20 2.164059189505142865e-21
3.830592384940245232e+00 9.831164306699587746e-22 2.194344777570857175e-21
3.831257384939816824e+00 1.462873933657787451e-20 2.220441022191507934e-21
3.831922384939388415e+00 7.405707732243665580e-21 2.286999453355266060e-21
3.832587384938960007e+00 1.946087175542902469e-20 2.249853857397858970e-21
3.833252384938531598e+00 1.095642034400710298e-20 2.029631024755633357e-21
3.833917384938103190e+00 9.864495559799190700e-21 2.076208015347615270e-21
3.834582384937674782e+00 1.802661070971499296e-20 2.168663077972665199e-21
3.835247384937246373e+00 2.020384960039695655e-20 2.126153738057770656e-21
3.835912384936817965e+00 1.128470643495286059e-20 2.065346068188131328e-21
3.836577384936389556e+00 1.238279294166172544e-20 2.231678531635792923e-21
3.837242384935961148e+00 8.420762765744193977e-21 2.055707969331090326e-21
3.837907384935532740e+00 1.817913207402573753e-20 2.449908183631292448e-21
3.838572384935104331e+00 2.645101469809493947e-20 2.235375607174420972e-21
3.839237384934675923e+00 1.449602238331396409e-20 2.026623530247754843e-21
3.839902384934247515e+00 1.528708003836546659e-20 1.984875599746145608e-21
3.840567384933819106e+00 1.400077461251566987e-20 2.320581516373324452e-21
3.841232384933390698e+00 2.335134686851023266e-20 2.073706673756513995e-21
3.841897384932962289e+00 7.900854786774747148e-21 2.301052440119561592e-21
3.842562384932533881e+00 -9.626081554742344902e-23 2.026061950775921489e-21
3.843227384932105473e+00 1.283512474566601410e-20 2.006170438196423165e-21
3.843892384931677064e+00 2.076983836024435838e-20 2.424815462076459543e-21
3.844557384931248656e+00 9.158708195184755014e-21 2.278608227143722800e-21
3.845222384930820247e+00 1.530255025308551180e-20 2.188101674593926051e-21
3.845887384930391839e+00 2.394321170544930713e-20 1.921492571019008655e-21
3.846552384929963431e+00 9.227293244412241760e-21 2.134780603520787507e-21
3.847217384929535022e+00 2.008867951671883391e-20 1.960720153140973479e-21
3.847882384929106614e+00 1.966470071469412309e-20 2.153574340719502237e-21
3.848547384928678206e+00 2.029505541504539021e-20 2.037742522887733830e-21
3.849212384928249797e+00 8.264314222067791003e-21 2.069850819341788116e-21
3.849877384927821389e+00 2.226845714424604074e-20 2.326309188802013978e-21
3.850542384927392980e+00 1.477299811516757235e-20 2.145332594148296127e-21
3.851207384926964572e+00 1.788132640365972662e-20 2.154983695143384406e-21
3.851872384926536164e+00 2.749608097193607001e-20 2.305111260798087226e-21
3.852537384926107755e+00 1.577170145729160119e-20 2.236377479217436523e-21
3.853202384925679347e+00 1.290642455000516334e-20 2.152487542162948398e-21
3.853867384925250938e+00 1.565876272693288000e-20 2.197823588817890026e-21
3.854532384924822530e+00 2.176215493447678038e-20 2.225478451731157030e-21
3.855197384924394122e+00 2.610475083337239125e-20 2.176073021397259050e-21
3.855862384923965713e+00 1.652820669686942925e-20 2.167773862160242033e-21
3.856527384923537305e+00 3.851844992761940833e-20 2.434468904337467490e-21
3.857192384923108897e+00 4.317721954642383456e-20 2.807283672705199070e-21
3.857857384922680488e+00 1.837592849700747541e-20 2.312359202557224623e-21
3.858522384922252080e+00 3.132916330300905108e-20 2.236858570941118873e-21
3.859187384921823671e+00 1.778672070044140215e-20 2.363511114523642808e-21
3.859852384921395263e+00 8.312468591818996191e-22 2.315081692862611303e-21
3.860517384920966855e+00 1.272128546275352041e-20 2.392686228483427029e-21
3.861182384920538446e+00 2.047290756675793146e-20 2.250621606936323499e-21
3.861847384920110038e+00 2.455462807152027194e-21 2.260993195222081184e-21
3.862512384919681629e+00 1.525034808329470651e-20 2.029725486827327728e-21
3.863177384919253221e+00 2.139837095208747464e-20 2.003076335697709699e-21
3.863842384918824813e+00 1.706938942481632679e-20 2.142957962016642811e-21
3.864507384918396404e+00 3.018042900846811477e-20 2.039773239050995994e-21
3.865172384917967996e+00 2.133357561082516764e-20 2.134573720899028842e-21
3.865837384917539588e+00 1.534285727818901060e-20 2.041941249384922037e-21
3.866502384917111179e+00 1.590471184619346752e-20 2.305925961617337973e-21
3.867167384916682771e+00 1.464882905236640728e-20 2.190173924632322555e-21
3.867832384916254362e+00 2.705297458590931260e-20 1.953493938038553800e-21
3.868497384915825954e+00 1.884057986836585533e-20 2.463178926253817926e-21
3.869162384915397546e+00 1.750318708261140304e-20 2.381448498326437801e-21
3.869827384914969137e+00 1.614199976058123284e-20 2.269398442207010650e-21
3.870492384914540729e+00 1.367611271439390204e-20 2.375744708473030444e-21
3.871157384914112320e+00 1.499997622205296133e-20 2.242179481800946974e-21
3.871822384913683912e+00 2.092795071274495035e-20 2.182988570841047943e-21
3.872487384913255504e+00 1.783937477920617792e-20 2.230768236516393188e-21
3.873152384912827095e+00 1.687132623012872389e-20 2.098906181369555584e-21
3.873817384912398687e+00 2.244044099518088292e-20 2.397018844806830044e-21
3.874482384911970279e+00 2.849887902363647818e-20 2.098857183235860664e-21
3.875147384911541870e+00 3.275476844565685387e-20 2.265740615474688544e-21
3.875812384911113462e+00 3.717370146561764798e-20 2.350296699119781791e-21
3.876477384910685053e+00 2.375969034618345509e-20 2.408488752686931972e-21
3.877142384910256645e+00 2.326753898355017367e-20 2.531691816681248056e-21
3.877807384909828237e+00 1.807441948060426252e-20 2.415797741827913056e-21
3.878472384909399828e+00 6.637164650810664061e-21 2.187304140286204822e-21
3.879137384908971420e+00 2.623601458921441969e-20 2.421676454519528617e-21
3.879802384908543011e+00 3.255956945110239957e-20 2.406591536830199023e-21
3.880467384908114603e+00 3.309773020166299628e-20 2.330285710048798105e-21
3.881132384907686195e+00 1.776375761016408678e-20 2.127042787977372048e-21
3.881797384907257786e+00 1.805388334508660750e-20 2.236494576709214514e-21
3.882462384906829378e+00 6.603759429569275211e-21 2.196714880202466035e-21
3.883127384906400970e+00 7.786931012121635497e-21 2.169975531040381648e-21
3.883792384905972561e+00 1.715915069167960028e-20 2.338376101686627117e-21
3.884457384905544153e+00 9.780916530346017399e-21 2.171362099336246618e-21
3.885122384905115744e+00 2.402017360101813419e-20 2.146100265802544158e-21
3.885787384904687336e+00 2.978074625029573167e-20 2.131073541267962123e-21
3.886452384904258928e+00 3.612161725512345477e-20 1.915675484073718599e-21
3.887117384903830519e+00 2.195856814363658307e-20 2.219926760567162708e-21
3.887782384903402111e+00 2.072189829002564840e-20 2.551314659518903021e-21
3.888447384902973702e+00 3.025923924903407922e-20 2.075030126499922172e-21
3.889112384902545294e+00 3.915883282750159844e-20 2.055032755018785300e-21
3.889777384902116886e+00 3.484319389229188786e-20 2.071741805896549728e-21
3.890442384901688477e+00 2.365700104818060830e-20 2.393911597025028268e-21
3.891107384901260069e+00 2.252801001657555621e-20 2.377295472144053473e-21
3.891772384900831661e+00 1.884536162765558705e-20 2.113138973613363957e-21
3.892437384900403252e+00 2.770880674246068807e-20 2.695444440062369717e-21
3.893102384899974844e+00 2.784525942133153304e-20 2.236558510099506086e-21
3.893767384899546435e+00 3.742566217527984859e-20 2.366923204467616864e-21
3.894432384899118027e+00 3.301492463498977511e-20 2.308766262426206810e-21
3.895097384898689619e+00 2.782800321638417987e-20 2.250793913384832172e-21
3.895762384898261210e+00 1.417763623803553451e-20 2.359379349764043826e-21
3.896427384897832802e+00 1.554961339548469985e-20 2.503522307018965624e-21
3.897092384897404393e+00 2.138910471593659160e-20 2.695687938627328752e-21
3.897757384896975985e+00 2.044509367819110780e-20 2.894901631061176423e-21
3.898422384896547577e+00 1.141209450074878981e-20 4.274593445419696231e-21
3.899087384896119168e+00 1.877478349194034423e-20 2.564368505730086926e-21
3.899752384895690760e+00 1.784226737606779424e-20 1.980637398008950502e-21
3.900417384895262352e+00 2.838133238639783066e-20 2.438723407827482815e-21
3.901082384894833943e+00 8.440743634656455112e-21 2.078455204836815462e-21
3.901747384894405535e+00 2.079333895562016522e-20 1.970995332627216806e-21
3.902412384893977126e+00 2.938626432288699328e-20 1.972215346931189837e-21
3.903077384893548718e+00 3.429393436639206096e-20 1.999252881127349548e-21
3.903742384893120310e+00 3.018958307701649411e-20 2.057529672113473130e-21
3.904407384892691901e+00 1.423076841110192837e-20 2.566433158493917274e-21
3.905072384892263493e+00 5.236969396400186106e-21 2.408340769458153492e-21
3.905737384891835084e+00 1.034097211455236981e-20 2.116227244607652237e-21
3.906402384891406676e+00 2.373287381965594746e-20 2.150825738211736007e-21
3.907067384890978268e+00 2.719530557123227380e-20 2.208750087317014789e-21
3.907732384890549859e+00 2.067989349853166713e-20 2.217446172638598619e-21
3.908397384890121451e+00 3.263966774566071842e-20 2.043295160218987259e-21
3.909062384889693043e+00 2.020429570340974018e-20 2.232493498430734162e-21
3.909727384889264634e+00 2.813612431397775174e-20 2.161528681788577458e-21
3.910392384888836226e+00 2.418573688006084707e-20 2.105448912755530122e-21
3.911057384888407817e+00 4.157434255413421881e-20 2.091283450321931359e-21
3.911722384887979409e+00 3.187338386547097293e-20 2.268441299979493297e-21
3.912387384887551001e+00 2.295041486872225489e-20 2.080525779579374035e-21
3.913052384887122592e+00 1.827350816352105298e-20 2.374889160969545184e-21
3.913717384886694184e+00 1.979798888642520072e-20 2.292523796289769449e-21
3.914382384886265775e+00 2.454085135816668700e-20 2.281333951413053688e-21
3.915047384885837367e+00 2.920903592036554728e-20 2.211004080344461375e-21
3.915712384885408959e+00 1.101917886721174391e-20 2.133153456000290976e-21
3.916377384884980550e+00 2.365384431500650281e-20 2.403982874142308584e-21
3.917042384884552142e+00 2.564587880204107697e-20 2.408018941420232961e-21
3.917707384884123734e+00 3.946119566285730023e-20 2.381381658890337497e-21
3.918372384883695325e+00 3.425058519838968936e-20 2.343966449307140517e-21
3.919037384883266917e+00 3.390699204749183735e-20 2.514628907645954941e-21
3.919702384882838508e+00 3.897796724385522351e-21 2.252858403101354843e-21
3.920367384882410100e+00 1.417014031580550630e-20 2.470398741561879544e-21
3.921032384881981692e+00 2.109444702520014988e-20 2.393663638292454047e-21
3.921697384881553283e+00 1.655926448233685483e-20 2.302067441556879582e-21
3.922362384881124875e+00 2.499850048868793511e-20 2.437875182113233384e-21
3.923027384880696466e+00 3.055972229628573005e-20 2.199033120313607673e-21
3.923692384880268058e+00 2.222771833422659975e-20 2.358932659453373394e-21
3.924357384879839650e+00 3.775723898727856676e-20 2.362865104178464639e-21
3.925022384879411241e+00 2.713414222930445959e-20 2.436709449852563913e-21
3.925687384878982833e+00 3.254332687170935651e-20 2.351738058668486341e-21
3.926352384878554425e+00 3.967824135779462766e-20 2.211762835560430506e-21
3.927017384878126016e+00 3.313596448641104607e-20 2.193283024799014138e-21
3.927682384877697608e+00 3.256649844066751126e-20 2.477409360453665866e-21
3.928347384877269199e+00 3.287743617283466144e-20 2.460458318010351348e-21
3.929012384876840791e+00 3.218274012187142992e-20 1.114616059640111148e-20
3.929677384876412383e+00 3.537631101998588583e-20 1.345758478359147867e-20
3.930342384875983974e+00 3.404773021654818526e-20 2.284156971751032024e-21
3.931007384875555566e+00 4.433638193710932041e-20 2.430399773687699182e-21
3.931672384875127157e+00 5.499888077794347800e-20 2.226561949988244254e-21
3.932337384874698749e+00 4.104234571294187901e-20 3.720604065251597272e-21
3.933002384874270341e+00 2.780760600898103764e-20 2.318115882008976232e-21
3.933667384873841932e+00 1.972874309844662306e-20 2.751257349842883377e-21
3.934332384873413524e+00 1.732532813321990179e-20 2.704575241702244966e-21
3.934997384872985116e+00 5.862561557969567724e-20 2.354447943401940566e-21
3.935662384872556707e+00 2.347830356015362652e-20 2.216517769165493705e-21
3.936327384872128299e+00 2.659049536603641734e-20 2.360776428504738278e-21
3.936992384871699890e+00 1.492280222180014473e-20 2.325708522464485083e-21
3.937657384871271482e+00 8.701593020968968923e-21 2.083539014994947240e-21
3.938322384870843074e+00 2.245007900957064679e-20 2.510114997074773388e-21
3.938987384870414665e+00 2.500662108200744462e-20 2.486731278491733202e-21
3.939652384869986257e+00 2.326758620784010666e-20 2.534684902662673071e-21
3.940317384869557849e+00 1.882773842783030255e-20 2.320348002293793491e-21
3.940982384869129440e+00 1.104217032177590214e-20 2.356834742422629687e-21
3.941647384868701032e+00 1.018485068940211046e-20 2.546257306940953514e-21
3.942312384868272623e+00 1.679783087454428758e-20 2.195195055512972443e-21
3.942977384867844215e+00 1.987445410697970253e-20 2.118833298614922425e-21
3.943642384867415807e+00 2.387192283701029096e-20 2.005721630402629126e-21
3.944307384866987398e+00 8.449075352070809075e-21 2.340781029086809758e-21
3.944972384866558990e+00 -4.426896830932993861e-21 2.211063138242171876e-21
3.945637384866130581e+00 -1.131980457577190188e-21 2.258716288828463722e-21
3.946302384865702173e+00 9.740556624278874366e-21 2.321454101358236009e-21
3.946967384865273765e+00 2.761136424333182204e-20 2.187385567200843786e-21
3.947632384864845356e+00 2.836206177096606781e-20 2.011344017077494787e-21
3.948297384864416948e+00 1.057022673997391189e-20 2.254887857798000432e-21
3.948962384863988540e+00 1.659628947629565458e-20 2.533685659888512511e-21
3.949627384863560131e+00 2.135840921553349438e-20 2.682325979688982748e-21
3.950292384863131723e+00 2.565789750199287443e-20 2.859440367499990374e-21
3.950957384862703314e+00 8.255581932490004998e-21 2.441186847094541667e-21
3.951622384862274906e+00 2.033461659971473040e-20 2.678533348614317033e-21
3.952287384861846498e+00 1.822179174268320043e-20 2.196023525257082234e-21
3.952952384861418089e+00 1.179328938926550818e-20 2.325262644217081015e-21
3.953617384860989681e+00 3.127816272940060490e-21 2.347689695384105714e-21
3.954282384860561272e+00 8.792409982664086039e-21 2.263701235946622136e-21
3.954947384860132864e+00 6.514027088799834329e-21 2.324506434564308513e-21
3.955612384859704456e+00 1.469914695143324170e-20 2.420700286824878693e-21
3.956277384859276047e+00 3.865120238360017218e-21 2.115376079587700632e-21
3.956942384858847639e+00 1.388077521350804172e-20 2.103887572710639268e-21
3.957607384858419231e+00 8.762407764869298484e-21 2.261159220488458970e-21
3.958272384857990822e+00 1.284856366564522321e-20 2.123380194366269860e-21
3.958937384857562414e+00 7.966612331056540476e-21 2.132348375179601836e-21
3.959602384857134005e+00 8.675441531282007221e-21 2.344255130628183871e-21
3.960267384856705597e+00 -3.088490145517272273e-21 2.250744841549612148e-21
3.960932384856277189e+00 6.558866911873123958e-21 2.074972421517815844e-21
3.961597384855848780e+00 5.593575734649417025e-21 2.435800463897569019e-21
3.962262384855420372e+00 1.046622637545513988e-20 2.196497535947092898e-21
3.962927384854991963e+00 2.648289212911850356e-20 1.931101755035329421e-21
3.963592384854563555e+00 2.366194962162296932e-20 1.998962016913189135e-21
3.964257384854135147e+00 2.165299970371946375e-20 2.698497857950529547e-21
3.964922384853706738e+00 3.183256678628862090e-20 1.572938390927156247e-20
3.965587384853278330e+00 2.408621081965688724e-20 4.873263379850696434e-20
3.966252384852849922e+00 2.067718706074409129e-20 7.222478285510638942e-21
3.966917384852421513e+00 1.285851262168599100e-20 2.161399544735239864e-21
3.967582384851993105e+00 7.114996691103844951e-21 2.190238214970579039e-21
3.968247384851564696e+00 1.577016824892764136e-21 2.154896037001824428e-21
3.968912384851136288e+00 -3.934734021012830693e-21 2.139599819237449284e-21
3.969577384850707880e+00 2.106279470733979095e-20 2.042254839144846449e-21
3.970242384850279471e+00 2.070681666829829816e-20 2.252566720510798169e-21
3.970907384849851063e+00 9.855454474041927885e-21 2.023180982497130323e-21
3.971572384849422654e+00 9.292890755602697445e-21 2.231611863673764956e-21
3.972237384848994246e+00 1.557432212265740262e-20 2.340766880915659560e-21
3.972902384848565838e+00 1.890564649950268161e-20 2.411418558704003821e-21
3.973567384848137429e+00 1.034464689123746183e-20 2.562000997535760786e-21
3.974232384847709021e+00 3.625192462837859613e-22 2.409748160032988862e-21
3.974897384847280613e+00 5.799686178188735230e-21 4.094018425915317074e-21
3.975562384846852204e+00 7.463789644889293079e-21 2.323808782725204791e-21
3.976227384846423796e+00 1.111773407275894160e-20 2.200613912618588213e-21
3.976892384845995387e+00 4.899479757228456183e-21 2.164554116142822147e-21
3.977557384845566979e+00 3.886359937865825943e-21 2.046035232809902164e-21
3.978222384845138571e+00 1.749962979115288556e-20 2.139262950872889608e-21
3.978887384844710162e+00 1.239770431260120661e-20 2.206604643707792951e-21
3.979552384844281754e+00 1.532882373630734051e-20 2.273716235874314802e-21
3.980217384843853345e+00 1.281796342707984949e-20 2.142761400683157493e-21
3.980882384843424937e+00 3.606648314783620917e-20 2.060347062101898770e-21
3.981547384842996529e+00 2.580683729398585213e-20 2.424935543620815856e-21
3.982212384842568120e+00 1.130665709243699714e-20 1.954799715522444797e-21
3.982877384842139712e+00 1.795773290689679644e-20 2.253305737732707067e-21
3.983542384841711304e+00 2.684970929743334287e-20 2.051875846437333408e-21
3.984207384841282895e+00 2.226725464925631090e-20 2.234806386327847763e-21
3.984872384840854487e+00 1.300765234301901624e-20 2.057509191196685469e-21
3.985537384840426078e+00 1.540072054547281634e-20 2.433431907258290306e-21
3.986202384839997670e+00 1.384176044860369535e-20 2.304735195160793888e-21
3.986867384839569262e+00 2.952499880380813059e-20 2.228248081163347912e-21
3.987532384839140853e+00 2.914490111149252503e-20 2.148396542167740721e-21
3.988197384838712445e+00 1.246667697970205131e-20 2.009460424037071321e-21
3.988862384838284036e+00 2.923652033787653646e-20 2.157679347527936493e-21
3.989527384837855628e+00 2.299493968154562291e-20 2.207517275676368561e-21
3.990192384837427220e+00 1.369880666024751097e-20 2.158586714036386982e-21
3.990857384836998811e+00 5.533756129031600013e-21 2.041136694178352684e-21
3.991522384836570403e+00 1.671315326393861327e-20 2.288763518085819946e-21
3.992187384836141995e+00 9.444288482499899546e-21 3.641212213774707428e-21
3.992852384835713586e+00 3.630828931703777981e-21 4.187751135441694983e-21
3.993517384835285178e+00 7.060905030861297474e-21 2.231565878644991238e-21
3.994182384834856769e+00 7.476935937885580195e-21 2.256662976030929073e-21
3.994847384834428361e+00 1.347388885918059435e-20 2.246554964745626539e-21
3.995512384833999953e+00 1.834639350791130797e-20 2.149872192539793891e-21
3.996177384833571544e+00 5.073588089636426275e-21 2.491081705089649747e-21
3.996842384833143136e+00 2.120466574860109930e-20 2.115355995540832333e-21
3.997507384832714727e+00 2.408178919149881538e-20 2.136776665098425856e-21
3.998172384832286319e+00 2.206011410551976697e-20 2.167734511164239190e-21
3.998837384831857911e+00 3.625544072617202521e-20 2.391489972623250431e-21
3.999502384831429502e+00 3.898509846726491899e-20 6.237689638106851935e-21
4.000167384831001094e+00 1.122755386514075093e-20 6.994463363053996379e-21
4.000832384830572686e+00 3.210740850608603788e-20 6.942916260984561059e-21
4.001497384830144277e+00 3.304931526718732693e-20 1.099567021599871429e-20
4.002162384829715869e+00 2.159189462832414629e-20 2.175237841253040861e-21
4.002827384829287460e+00 1.342984517472867952e-20 1.948360188959428410e-21
4.003492384828859052e+00 1.887313133794805130e-20 2.376272485382493398e-21
4.004157384828430644e+00 1.742258322688708183e-20 1.962060986172290697e-21
4.004822384828002235e+00 2.414271101654141351e-20 2.056545566895631581e-21
4.005487384827573827e+00 2.120147520002180633e-20 2.216151467679448428e-21
4.006152384827145418e+00 1.473956883956363743e-20 1.951593225735901311e-21
4.006817384826717010e+00 3.694455740970201314e-21 2.105263689219839681e-21
4.007482384826288602e+00 6.893695774889066163e-21 2.090601388100242943e-21
4.008147384825860193e+00 1.689234989947946021e-20 2.148679531205930048e-21
4.008812384825431785e+00 1.411274227732467866e-20 2.075472379970038763e-21
4.009477384825003377e+00 1.057309590491187119e-20 2.212251909319612894e-21
4.010142384824574968e+00 1.634558080055926762e-20 2.105473014071697919e-21
4.010807384824146560e+00 6.891635371312193893e-21 2.278324059359061108e-21
4.011472384823718151e+00 1.105215481154736909e-20 2.091183958985882642e-21
4.012137384823289743e+00 1.605102859517180187e-20 7.322348227250623509e-21
4.012802384822861335e+00 1.636427419772843818e-20 3.443804281084037322e-20
4.013467384822432926e+00 2.075698206926274623e-20 4.026744510151720298e-20
4.014132384822004518e+00 2.559605517874898355e-20 3.188508944017250569e-21
4.014797384821576109e+00 2.778763595866997028e-20 2.070227323244327406e-21
4.015462384821147701e+00 7.584706461589486390e-21 2.100126836624448021e-21
4.016127384820719293e+00 1.253808292741941814e-20 2.314799987059187877e-21
4.016792384820290884e+00 5.952972948000591909e-21 2.303797539455051685e-21
4.017457384819862476e+00 -3.828695805897763904e-21 2.341059013422867024e-21
4.018122384819434068e+00 5.485624570439532611e-21 2.303789263114878753e-21
4.018787384819005659e+00 1.578404437544535242e-20 2.683699046681308439e-21
4.019452384818577251e+00 7.297536387700766005e-21 2.631368418778272617e-21
4.020117384818148842e+00 2.782232239217454153e-20 3.115085214094395198e-21
4.020782384817720434e+00 1.401403235901051238e-20 3.024564105796990549e-21
4.021447384817292026e+00 1.585683863957986806e-20 3.164206747611546429e-21
4.022112384816863617e+00 1.435982150532020970e-20 3.529915944719828102e-21
4.022777384816435209e+00 -1.293066589232585535e-21 4.283513408453428890e-21
4.023442384816006800e+00 8.156622322751960750e-21 3.596326549377961459e-21
4.024107384815578392e+00 1.568198661158331366e-20 3.569862226529837324e-21
4.024772384815149984e+00 2.661993858827490890e-20 3.446215655635240086e-21
4.025437384814721575e+00 2.075221616973796593e-20 3.327798272395097136e-21
4.026102384814293167e+00 6.356732022027975822e-21 3.277964788507418478e-21
4.026767384813864759e+00 7.639541906439816065e-21 3.423674046399027202e-21
4.027432384813436350e+00 3.044295192583499478e-21 3.561228530194666265e-21
4.028097384813007942e+00 -7.337273407023454723e-21 3.822229490794691247e-21
4.028762384812579533e+00 -2.026773252864969567e-21 3.452897439038972387e-21
4.029427384812151125e+00 1.046619749559219557e-20 3.810238808707569449e-21
4.030092384811722717e+00 -4.025928994609466474e-22 4.532673947399151996e-21
4.030757384811294308e+00 3.984092245627650023e-21 4.533105136589977421e-21
4.031422384810865900e+00 1.395191129929226578e-20 5.668139683237881394e-21
4.032087384810437491e+00 -8.341050737448397541e-21 5.378509978893256867e-21
4.032752384810009083e+00 4.800408668915918702e-20 8.941330075713917008e-21
4.033417384809580675e+00 4.756015340675180459e-20 6.260667907291448059e-21
4.034082384809152266e+00 2.812238921230063494e-20 5.615841388206257990e-21
4.034747384808723858e+00 4.647130295497689445e-20 7.363857580205610475e-21
4.035412384808295450e+00 -5.712910577713072321e-21 5.392266034096669623e-21
4.036077384807867041e+00 7.900204979989558309e-21 4.853216286168311932e-21
4.036742384807438633e+00 7.977113657729100770e-21 5.087015765052700820e-21
4.037407384807010224e+00 6.418402776088018506e-21 5.022708968205717790e-21
4.038072384806581816e+00 2.993800795158958291e-20 5.461566393109922310e-21
4.038737384806153408e+00 2.680085739540157791e-21 4.845885570163019699e-21
4.039402384805724999e+00 1.399017972627572132e-20 5.052211830596511580e-21
4.040067384805296591e+00 1.845199663109117933e-20 9.014455210217695588e-21
4.040732384804868182e+00 1.407575453299915252e-20 9.222748709932769770e-21
4.041397384804439774e+00 3.926431781225973480e-21 5.020737729527172095e-21
4.042062384804011366e+00 5.771239329956952677e-21 4.730056523488093971e-21
4.042727384803582957e+00 -4.714968028127751518e-21 5.445753984078478770e-21
4.043392384803154549e+00 2.316849616879233393e-20 5.456418919235601249e-21
4.044057384802726141e+00 -5.094154683148613741e-21 5.175038796889702060e-21
4.044722384802297732e+00 4.788684091421055909e-21 4.821583854893700384e-21
4.045387384801869324e+00 1.782492016180776063e-20 4.337058967531289149e-21
4.046052384801440915e+00 1.264208039225653266e-20 5.203071578956929454e-21
4.046717384801012507e+00 3.361931575116191442e-21 4.764438442944406720e-21
4.047382384800584099e+00 1.106705965098644587e-20 5.438783020158844817e-21
4.048047384800155690e+00 8.714824223981524055e-21 5.339856317001894034e-21
4.048712384799727282e+00 8.550203671087372353e-21 5.755056754136633726e-21
4.049377384799298873e+00 4.977520436923549900e-21 5.277678144335455147e-21
4.050042384798870465e+00 -2.066184112920700029e-20 4.079899396753074858e-21
4.050707384798442057e+00 -1.521312363986456197e-20 5.089496953375861645e-21
4.051372384798013648e+00 -1.855367566668313322e-20 4.826941312877236043e-21
4.052037384797585240e+00 -6.806835773402270660e-21 4.544486289180142175e-21
4.052702384797156832e+00 -5.896732194480141311e-21 5.658713838086423005e-21
4.053367384796728423e+00 6.501306023296247013e-21 5.536585310485271045e-21
4.054032384796300015e+00 1.617775925807603832e-20 5.898681449856344848e-21
4.054697384795871606e+00 3.305575720574715362e-20 5.747084219018809767e-21
4.055362384795443198e+00 9.162732600106864092e-21 5.114928662746569902e-21
4.056027384795014790e+00 1.749329653849311372e-20 4.806268069418761304e-21
4.056692384794586381e+00 2.835091889785416214e-20 5.178060249883386122e-21
4.057357384794157973e+00 2.571163956071305735e-20 5.493476926132273315e-21
4.058022384793729564e+00 1.316777903160451960e-20 6.873737477844053644e-21
4.058687384793301156e+00 1.757216349497572683e-20 5.726889958475547432e-21
4.059352384792872748e+00 3.568116808729806267e-20 7.419251744266618114e-21
4.060017384792444339e+00 7.250999876788339161e-21 6.963778329330751008e-21
4.060682384792015931e+00 1.287018980134515278e-20 7.712449438787364704e-21
4.061347384791587523e+00 1.727213843277113072e-20 5.815631467023338273e-21
4.062012384791159114e+00 1.727209962025393458e-20 4.803963300594197125e-21
4.062677384790730706e+00 3.383839320399391683e-20 6.505263293949058441e-21
4.063342384790302297e+00 3.692804119440744875e-20 7.962541222653679518e-21
4.064007384789873889e+00 1.636909678446514821e-20 6.109891982083061530e-21
4.064672384789445481e+00 -8.796496022751542068e-21 3.806583101940257812e-21
4.065337384789017072e+00 -4.648246357151405507e-21 3.465801055133516609e-21
4.066002384788588664e+00 4.382286476650696621e-21 4.030467302014669981e-21
4.066667384788160255e+00 7.248741289271333699e-21 6.183102110570606820e-21
4.067332384787731847e+00 -8.827721721186192064e-21 2.856966445027366948e-21
4.067997384787303439e+00 -2.286409010412537073e-21 1.746993982327523649e-21
4.068662384786875030e+00 5.587154747905318947e-21 3.064699105018356559e-21
4.069327384786446622e+00 1.677927370009086683e-21 2.245811165545512129e-21
4.069992384786018214e+00 1.153210078842561997e-21 1.847237263651878360e-21
4.070657384785589805e+00 1.294943561992942372e-21 1.910980293215601237e-21
4.071322384785161397e+00 9.281958560063915818e-22 1.766376393904364112e-21
4.071987384784732988e+00 2.361045210164746521e-21 1.908617010433320518e-21
4.072652384784304580e+00 2.541258631290496378e-21 2.066707519474641717e-21
4.073317384783876172e+00 0.000000000000000000e+00 0.000000000000000000e+00
4.073982384783447763e+00 0.000000000000000000e+00 0.000000000000000000e+00
4.074647384783019355e+00 0.000000000000000000e+00 0.000000000000000000e+00
4.075312384782590946e+00 0.000000000000000000e+00 0.000000000000000000e+00
4.075977384782162538e+00 0.000000000000000000e+00 0.000000000000000000e+00
4.076642384781734130e+00 0.000000000000000000e+00 0.000000000000000000e+00
4.077307384781305721e+00 0.000000000000000000e+00 0.000000000000000000e+00
4.077972384780877313e+00 0.000000000000000000e+00 0.000000000000000000e+00
4.078637384780448905e+00 0.000000000000000000e+00 0.000000000000000000e+00
4.079302384780020496e+00 0.000000000000000000e+00 0.000000000000000000e+00
4.079967384779592088e+00 0.000000000000000000e+00 0.000000000000000000e+00
4.080632384779163679e+00 0.000000000000000000e+00 0.000000000000000000e+00
4.081297384778735271e+00 0.000000000000000000e+00 0.000000000000000000e+00
4.081962384778306863e+00 0.000000000000000000e+00 0.000000000000000000e+00
4.082627384777878454e+00 0.000000000000000000e+00 0.000000000000000000e+00
4.083292384777450046e+00 0.000000000000000000e+00 0.000000000000000000e+00
4.083957384777021637e+00 0.000000000000000000e+00 0.000000000000000000e+00
4.084622384776593229e+00 0.000000000000000000e+00 0.000000000000000000e+00
4.085287384776164821e+00 0.000000000000000000e+00 0.000000000000000000e+00
4.085952384775736412e+00 0.000000000000000000e+00 0.000000000000000000e+00
4.086617384775308004e+00 0.000000000000000000e+00 0.000000000000000000e+00
4.087282384774879596e+00 0.000000000000000000e+00 0.000000000000000000e+00
4.087947384774451187e+00 0.000000000000000000e+00 0.000000000000000000e+00
4.088612384774022779e+00 0.000000000000000000e+00 0.000000000000000000e+00
4.089277384773594370e+00 0.000000000000000000e+00 0.000000000000000000e+00
4.089942384773165962e+00 0.000000000000000000e+00 0.000000000000000000e+00
4.090607384772737554e+00 0.000000000000000000e+00 0.000000000000000000e+00
4.091272384772309145e+00 0.000000000000000000e+00 0.000000000000000000e+00
4.091937384771880737e+00 0.000000000000000000e+00 0.000000000000000000e+00
4.092602384771452328e+00 0.000000000000000000e+00 0.000000000000000000e+00
4.093267384771023920e+00 0.000000000000000000e+00 0.000000000000000000e+00
4.093932384770595512e+00 0.000000000000000000e+00 0.000000000000000000e+00
4.094597384770167103e+00 0.000000000000000000e+00 0.000000000000000000e+00
4.095262384769738695e+00 0.000000000000000000e+00 0.000000000000000000e+00
4.095927384769310287e+00 0.000000000000000000e+00 0.000000000000000000e+00
4.096592384768881878e+00 0.000000000000000000e+00 0.000000000000000000e+00
4.097257384768453470e+00 0.000000000000000000e+00 0.000000000000000000e+00
4.097922384768025061e+00 0.000000000000000000e+00 0.000000000000000000e+00
4.098587384767596653e+00 0.000000000000000000e+00 0.000000000000000000e+00
4.099252384767168245e+00 0.000000000000000000e+00 0.000000000000000000e+00
4.099917384766739836e+00 0.000000000000000000e+00 0.000000000000000000e+00
4.100582384766311428e+00 0.000000000000000000e+00 0.000000000000000000e+00
4.101247384765883019e+00 0.000000000000000000e+00 0.000000000000000000e+00
4.101912384765454611e+00 0.000000000000000000e+00 0.000000000000000000e+00
4.102577384765026203e+00 0.000000000000000000e+00 0.000000000000000000e+00
4.103242384764597794e+00 0.000000000000000000e+00 0.000000000000000000e+00
4.103907384764169386e+00 0.000000000000000000e+00 0.000000000000000000e+00
4.104572384763740978e+00 0.000000000000000000e+00 0.000000000000000000e+00
4.105237384763312569e+00 0.000000000000000000e+00 0.000000000000000000e+00
4.105902384762884161e+00 0.000000000000000000e+00 0.000000000000000000e+00
4.106567384762455752e+00 0.000000000000000000e+00 0.000000000000000000e+00
4.107232384762027344e+00 0.000000000000000000e+00 0.000000000000000000e+00
4.107897384761598936e+00 0.000000000000000000e+00 0.000000000000000000e+00
4.108562384761170527e+00 0.000000000000000000e+00 0.000000000000000000e+00
4.109227384760742119e+00 0.000000000000000000e+00 0.000000000000000000e+00
4.109892384760313711e+00 0.000000000000000000e+00 0.000000000000000000e+00
4.110557384759885302e+00 0.000000000000000000e+00 0.000000000000000000e+00
4.111222384759456894e+00 0.000000000000000000e+00 0.000000000000000000e+00
4.111887384759028485e+00 0.000000000000000000e+00 0.000000000000000000e+00
4.112552384758600077e+00 0.000000000000000000e+00 0.000000000000000000e+00
4.113217384758171669e+00 0.000000000000000000e+00 0.000000000000000000e+00
4.113882384757743260e+00 0.000000000000000000e+00 0.000000000000000000e+00
4.114547384757314852e+00 0.000000000000000000e+00 0.000000000000000000e+00
4.115212384756886443e+00 0.000000000000000000e+00 0.000000000000000000e+00
4.115877384756458035e+00 0.000000000000000000e+00 0.000000000000000000e+00
4.116542384756029627e+00 0.000000000000000000e+00 0.000000000000000000e+00
4.117207384755601218e+00 0.000000000000000000e+00 0.000000000000000000e+00
4.117872384755172810e+00 0.000000000000000000e+00 0.000000000000000000e+00
4.118537384754744402e+00 0.000000000000000000e+00 0.000000000000000000e+00
4.119202384754315105e+00 0.000000000000000000e+00 0.000000000000000000e+00
4.119867384753886697e+00 0.000000000000000000e+00 0.000000000000000000e+00
4.120532384753458288e+00 0.000000000000000000e+00 0.000000000000000000e+00
4.121197384753029880e+00 0.000000000000000000e+00 0.000000000000000000e+00
4.121862384752601471e+00 -6.206095809721501457e-21 4.049598962228374144e-21
4.122527384752173063e+00 7.426765795509225182e-22 2.119560532288685580e-21
4.123192384751744655e+00 1.765490036134830539e-21 2.135225755173504612e-21
4.123857384751316246e+00 6.691688837172401124e-22 1.510051018305530976e-21
4.124522384750887838e+00 -5.946123790908354330e-21 4.629845224664296206e-21
4.125187384750459429e+00 -8.188869393526441400e-22 6.493378567835535313e-21
4.125852384750031021e+00 -1.384809611078021386e-20 6.111418246524788859e-21
4.126517384749602613e+00 -1.781073729106169600e-20 6.411321656408299515e-21
4.127182384749174204e+00 -2.334186922236267251e-20 7.348637684890712550e-21
4.127847384748745796e+00 -1.551676997927212400e-20 4.542118973591569384e-21
4.128512384748317388e+00 7.222880315745700640e-21 8.630733082699499275e-21
4.129177384747888979e+00 -1.904308737584275634e-20 5.245360804527322678e-21
4.129842384747460571e+00 3.400246997714198127e-21 6.187542630878733166e-21
4.130507384747032162e+00 -1.734079590336564499e-20 8.652207161782160075e-21
4.131172384746603754e+00 1.383877711841524687e-20 5.670260114782732087e-21
4.131837384746175346e+00 7.061313163412839507e-20 1.420276415850137506e-20
4.132502384745746937e+00 1.733444660163064179e-20 7.435625400380228674e-21
4.133167384745318529e+00 2.825251376959659768e-20 8.726911782231642225e-21
4.133832384744890120e+00 2.031496521232083541e-20 7.355072403267103116e-21
4.134497384744461712e+00 1.930540152229976161e-20 6.531967501745168275e-21
4.135162384744033304e+00 3.154855255504195451e-20 8.862604757539086325e-21
4.135827384743604895e+00 2.839863029969239875e-20 5.834824372596812283e-21
4.136492384743176487e+00 5.702903910035066030e-21 6.756123391877649636e-21
4.137157384742748079e+00 5.704214231021339351e-21 5.006988194543368379e-21
4.137822384742319670e+00 1.710584759924885625e-20 5.024092647807370273e-21
4.138487384741891262e+00 1.055368082412119706e-20 6.255818351060204595e-21
4.139152384741462853e+00 1.449031087014293661e-20 7.513175927451197685e-21
4.139817384741034445e+00 4.130168809158728668e-20 1.078079125700144603e-20
4.140482384740606037e+00 1.108393347766901695e-20 6.468987143182995713e-21
4.141147384740177628e+00 1.190598298237035925e-20 5.276173849420209057e-21
4.141812384739749220e+00 1.364921735214639731e-20 6.025000313817842529e-21
4.142477384739320811e+00 2.347242562659266408e-21 5.519031132548165946e-21
4.143142384738892403e+00 2.751884146401466705e-20 7.200484358960140269e-21
4.143807384738463995e+00 1.272974569819640802e-20 6.155166134466783782e-21
4.144472384738035586e+00 -1.106529070455654651e-20 6.561103851804180097e-21
4.145137384737607178e+00 1.606068460299817092e-20 5.624779534295629443e-21
4.145802384737178770e+00 2.202471436607233667e-20 5.345505598903846294e-21
4.146467384736750361e+00 2.382869391578269905e-20 6.454533423438919720e-21
4.147132384736321953e+00 8.379705747174301688e-21 6.121152537482417539e-21
4.147797384735893544e+00 8.310299116816273731e-21 6.347213431483519446e-21
4.148462384735465136e+00 2.311265355434493641e-20 5.496892004905752992e-21
4.149127384735036728e+00 2.516969577945925993e-20 5.683993257160397431e-21
4.149792384734608319e+00 3.098055396152905089e-20 6.274559343332231560e-21
4.150457384734179911e+00 1.938902715850488300e-20 7.178341280866880920e-21
4.151122384733751502e+00 2.186593370604210721e-20 6.937425257124221792e-21
4.151787384733323094e+00 1.828086478463443968e-20 7.097222810845097467e-21
4.152452384732894686e+00 -1.997127188209116578e-21 5.504739962710332645e-21
4.153117384732466277e+00 1.315101600773349744e-21 5.852193850984448424e-21
4.153782384732037869e+00 1.593453089700742104e-20 6.270790861221545155e-21
4.154447384731609461e+00 1.683769470029704435e-20 6.060457368744421317e-21
4.155112384731181052e+00 7.377658412115207375e-21 4.866157707939755343e-21
4.155777384730752644e+00 1.401291871636677474e-20 5.412030314120497817e-21
4.156442384730324235e+00 3.300936887009483006e-20 6.655952126702287463e-21
4.157107384729895827e+00 4.763116387455655373e-20 7.242321062344793033e-21
4.157772384729467419e+00 2.406330903717149200e-20 6.468478886446805725e-21
4.158437384729039010e+00 1.035856133080821458e-20 5.774023974484141776e-21
4.159102384728610602e+00 -1.150384437130892052e-20 4.591055747407844409e-21
4.159767384728182193e+00 -1.709239533078616479e-20 5.037309190003256785e-21
4.160432384727753785e+00 1.105761565685675463e-20 5.209543533680456820e-21
4.161097384727325377e+00 4.112606306445524442e-21 5.309103707333306074e-21
4.161762384726896968e+00 -4.374691784216655382e-22 5.337188183160399265e-21
4.162427384726468560e+00 1.955737549552129734e-20 6.614808895910940772e-21
4.163092384726040152e+00 9.464850173869168971e-21 4.920013573926167009e-21
4.163757384725611743e+00 -4.208329442946972706e-21 4.627247058232182611e-21
4.164422384725183335e+00 8.618633130471377149e-21 4.350385759674587778e-21
4.165087384724754926e+00 7.326367644409067494e-21 4.836486607643873685e-21
4.165752384724326518e+00 6.820190666195341522e-21 4.136220012158730721e-21
4.166417384723898110e+00 1.163426077423171339e-20 4.053308982157829472e-21
4.167082384723469701e+00 7.178413663935837563e-21 4.028616863316578491e-21
4.167747384723041293e+00 1.881001952093658177e-20 4.953626538451622742e-21
4.168412384722612885e+00 1.480607820731704812e-20 4.632259583706066863e-21
4.169077384722184476e+00 1.338037739733034091e-20 4.166719700360970481e-21
4.169742384721756068e+00 5.806313852367869813e-22 3.981655239457235177e-21
4.170407384721327659e+00 1.246944432935332604e-20 4.947988472017385783e-21
4.171072384720899251e+00 3.057986925672049755e-20 6.242131476562587687e-21
4.171737384720470843e+00 2.371366072229030302e-20 4.621866010185449793e-21
4.172402384720042434e+00 7.578439797743948592e-21 4.110081191187177061e-21
4.173067384719614026e+00 -1.506386427720187222e-21 4.147687717921234479e-21
4.173732384719185617e+00 1.622565761856349692e-20 5.130871238280540219e-21
4.174397384718757209e+00 1.906815183667311864e-20 4.288355650421152604e-21
4.175062384718328801e+00 3.143982226394841275e-21 3.860938391111360224e-21
4.175727384717900392e+00 6.795228790321203747e-21 4.170713158407452170e-21
4.176392384717471984e+00 1.005306368186547466e-20 4.150901218182325258e-21
4.177057384717043576e+00 -1.580219006901425228e-20 4.099404653322208443e-21
4.177722384716615167e+00 1.600320047195513207e-20 4.233244285634930045e-21
4.178387384716186759e+00 1.426696314930986852e-20 3.865199103307143235e-21
4.179052384715758350e+00 1.361880500458191733e-20 4.370820827038323365e-21
4.179717384715329942e+00 1.440503182145241372e-20 4.330854031438775804e-21
4.180382384714901534e+00 8.608381617935513484e-21 4.554560095591042293e-21
4.181047384714473125e+00 6.978124852227490921e-21 3.689528364527045357e-21
4.181712384714044717e+00 1.824379932523908385e-20 3.856021251887670116e-21
4.182377384713616308e+00 9.005937445766954937e-21 3.635068207808817076e-21
4.183042384713187900e+00 1.932671664185879664e-20 3.670719557282323078e-21
4.183707384712759492e+00 -1.738682783931140259e-21 3.476894460870314689e-21
4.184372384712331083e+00 -9.230023990111455381e-21 3.581908909494035176e-21
4.185037384711902675e+00 -1.490035904743820241e-20 5.464808329497659429e-21
4.185702384711474267e+00 -3.361565269470077676e-21 3.459614705379109551e-21
4.186367384711045858e+00 1.120552883759877067e-20 5.221580587837522573e-21
4.187032384710617450e+00 1.422074470505326045e-20 3.987481872358805673e-21
4.187697384710189041e+00 1.305757920530803959e-20 2.899897694717809317e-21
4.188362384709760633e+00 1.884349178234715704e-22 2.913365986008800389e-21
4.189027384709332225e+00 1.663157842835604595e-20 3.158506867669202848e-21
4.189692384708903816e+00 1.627482147919235051e-20 2.542415606186565184e-21
4.190357384708475408e+00 6.193418731875247880e-21 2.691194791331673684e-21
4.191022384708046999e+00 2.206321972854658740e-20 2.985231381489269645e-21
4.191687384707618591e+00 5.255956115722270518e-21 2.668419275704940186e-21
4.192352384707190183e+00 9.451651239961089532e-21 2.771088483877465780e-21
4.193017384706761774e+00 1.744948842298517461e-20 2.775991975686997425e-21
4.193682384706333366e+00 2.460902304636693060e-20 2.760005582984946694e-21
4.194347384705904958e+00 1.015667115778367246e-20 2.853527834461924802e-21
4.195012384705476549e+00 2.472319784434762945e-20 2.693860902785475353e-21
4.195677384705048141e+00 2.529216980784620810e-20 2.769714006553953156e-21
4.196342384704619732e+00 1.532967088492918026e-20 2.678364065804056084e-21
4.197007384704191324e+00 1.400328965202483843e-20 2.658063578659008537e-21
4.197672384703762916e+00 -1.281185301291094701e-20 2.746790273586205363e-21
4.198337384703334507e+00 3.022819609020665343e-21 2.709389670107611631e-21
4.199002384702906099e+00 -4.134318477704952944e-21 2.816081550532941786e-21
4.199667384702477690e+00 1.679907714397133330e-20 2.910524603809492472e-21
4.200332384702049282e+00 9.947472227790356727e-21 2.895636559978600136e-21
4.200997384701620874e+00 -8.583586312262234860e-22 2.906131248267185687e-21
4.201662384701192465e+00 1.081097101558256396e-20 3.092040671967433019e-21
4.202327384700764057e+00 2.394330258484417923e-20 2.990382962175822175e-21
4.202992384700335649e+00 1.528589825469051442e-20 2.751138832126687538e-21
4.203657384699907240e+00 4.783524202647108651e-21 2.906298992969579526e-21
4.204322384699478832e+00 -8.209127363721887026e-21 3.046244122116889086e-21
4.204987384699050423e+00 3.260613228808874223e-20 2.916716900584459258e-21
4.205652384698622015e+00 2.576548899987163956e-20 2.603921405776418933e-21
4.206317384698193607e+00 3.117593281963012709e-21 3.087352378089705080e-21
4.206982384697765198e+00 3.704308293523286517e-21 2.728443883084694652e-21
4.207647384697336790e+00 1.205014149441548188e-20 2.815559139435559315e-21
4.208312384696908381e+00 2.577476535188841667e-20 3.135391412330635959e-21
4.208977384696479973e+00 9.991557808350665742e-21 3.052874721397910125e-21
4.209642384696051565e+00 1.539826319462035315e-20 3.161368385673377857e-21
4.210307384695623156e+00 5.469673528781892250e-21 2.854858049800236567e-21
4.210972384695194748e+00 1.934209724408469508e-20 2.991851146879989949e-21
4.211637384694766340e+00 1.087629716299699490e-20 2.917895016854009222e-21
4.212302384694337931e+00 6.799637081065840992e-24 3.022588400814322969e-21
4.212967384693909523e+00 2.050681141759698133e-21 3.309488997207492651e-21
4.213632384693481114e+00 1.809065953704635763e-20 2.928197536116481488e-21
4.214297384693052706e+00 3.218185391058205635e-20 2.858892794631285708e-21
4.214962384692624298e+00 -4.931396171482795823e-21 3.580163129737998132e-21
4.215627384692195889e+00 -2.759142649270198856e-21 3.052917143203212385e-21
4.216292384691767481e+00 2.399225697726231283e-20 3.332960208205765429e-21
4.216957384691339072e+00 1.626635095397176836e-20 3.493194314905796379e-21
4.217622384690910664e+00 2.743807413142705296e-20 3.692074704458167811e-21
4.218287384690482256e+00 2.031303646814377488e-20 3.138561223049844416e-21
4.218952384690053847e+00 -3.566346851215488242e-21 2.842694549250790814e-21
4.219617384689625439e+00 -1.742256966007613203e-20 2.911661918798440100e-21
4.220282384689197031e+00 8.247161979722638670e-21 3.126139466215715696e-21
4.220947384688768622e+00 2.485824637979698272e-20 2.784001486460909622e-21
4.221612384688340214e+00 1.640288119734849414e-20 3.027807024496843528e-21
4.222277384687911805e+00 1.874994536587433691e-20 3.231853501616753406e-21
4.222942384687483397e+00 2.049303107022547071e-20 2.876148228340095337e-21
4.223607384687054989e+00 5.285884009733450384e-21 2.966621177216464621e-21
4.224272384686626580e+00 1.830504381635959492e-20 3.083264750151195136e-21
4.224937384686198172e+00 5.878600770987953007e-21 3.044449768370950201e-21
4.225602384685769763e+00 1.113678828695113670e-20 2.825472489335592721e-21
4.226267384685341355e+00 1.016441418847381706e-20 2.933756417806315101e-21
4.226932384684912947e+00 9.460901951302668649e-21 2.947853287358482217e-21
4.227597384684484538e+00 1.351121801415087749e-20 2.710194741692177216e-21
4.228262384684056130e+00 7.283767492863197845e-21 2.660197729308549943e-21
4.228927384683627722e+00 1.450714414215446334e-20 2.726510474689598041e-21
4.229592384683199313e+00 1.382275005314683586e-20 3.156394114064240844e-21
4.230257384682770905e+00 1.041797718478602939e-20 2.709111161805517531e-21
4.230922384682342496e+00 9.275131733169911065e-21 2.707389260146743445e-21
4.231587384681914088e+00 -1.281811110636212348e-20 2.757912529440225700e-21
4.232252384681485680e+00 1.987453985994307786e-21 2.983617704077138103e-21
4.232917384681057271e+00 2.294993717924552592e-20 2.896976524977009036e-21
4.233582384680628863e+00 1.571665824422099196e-20 6.607459967734920292e-21
4.234247384680200454e+00 -4.353511419973739557e-21 5.065266862513801960e-21
4.234912384679772046e+00 2.899711230271138044e-21 3.091249217264132270e-21
4.235577384679343638e+00 4.823379960892157186e-21 3.065419457286536920e-21
4.236242384678915229e+00 1.540301335408818735e-20 4.474142508143969333e-21
4.236907384678486821e+00 2.118917922501769224e-20 3.474961861120583213e-21
4.237572384678058413e+00 1.808879289722000426e-20 2.917682054363224229e-21
4.238237384677630004e+00 1.233418794491157110e-20 2.916076298028325402e-21
4.238902384677201596e+00 5.284832431288668720e-22 3.268928909791610138e-21
4.239567384676773187e+00 1.647670125230890556e-20 3.091421300040970286e-21
4.240232384676344779e+00 2.204981439373642645e-20 3.405595781987896526e-21
4.240897384675916371e+00 2.589989268334370518e-20 3.605286526731927113e-21
4.241562384675487962e+00 6.928297964508005232e-21 2.839791211689002083e-21
4.242227384675059554e+00 2.904586450883201561e-21 2.840636844403913229e-21
4.242892384674631145e+00 -5.204754587223110291e-21 3.064626985375379966e-21
4.243557384674202737e+00 -1.081284940887807804e-20 3.025858478514402378e-21
4.244222384673774329e+00 1.456909284790173545e-20 3.130983145409174241e-21
4.244887384673345920e+00 2.454232887484094894e-20 3.356369431038769130e-21
4.245552384672917512e+00 2.457786172303666401e-20 3.253206141632867025e-21
4.246217384672489104e+00 1.996722468697075283e-20 3.293764025043752434e-21
4.246882384672060695e+00 -1.583393713762378019e-21 3.602649671783417478e-21
4.247547384671632287e+00 4.692351487622739119e-21 3.008006255569778790e-21
4.248212384671203878e+00 1.366865953269584889e-20 3.012453196068531622e-21
4.248877384670775470e+00 -6.740742908738490642e-21 2.941997594242692647e-21
4.249542384670347062e+00 6.546977854616132398e-21 3.381201462010570883e-21
4.250207384669918653e+00 -2.316088217457876438e-21 2.964714655696185069e-21
4.250872384669490245e+00 6.909752275918744670e-21 2.797668711538311696e-21
4.251537384669061836e+00 1.128070030355830963e-20 2.935242841757908735e-21
4.252202384668633428e+00 1.562576173478249650e-20 3.603579181506557497e-21
4.252867384668205020e+00 3.643668778316574400e-22 3.074158681062479846e-21
4.253532384667776611e+00 6.607014976895388117e-21 3.024686005712208118e-21
4.254197384667348203e+00 3.140932190680055356e-20 3.026765652186365964e-21
4.254862384666919795e+00 1.047159743300282730e-20 3.346109740099322729e-21
4.255527384666491386e+00 5.815463519716762642e-21 3.063395224569127408e-21
4.256192384666062978e+00 2.802991037094699652e-20 8.014262599548741882e-21
4.256857384665634569e+00 2.149158180251637290e-20 1.044057466129430356e-20
4.257522384665206161e+00 -4.278551093273491493e-22 6.394973409926342895e-21
4.258187384664777753e+00 6.854944997656290608e-21 2.865160864780111149e-21
4.258852384664349344e+00 1.620928925047195653e-20 3.140236765727142482e-21
4.259517384663920936e+00 -7.966126151757345728e-22 3.089830994841084511e-21
4.260182384663492527e+00 9.716295538347960694e-21 2.917238426479096428e-21
4.260847384663064119e+00 3.079976849810562470e-20 3.042967715119216880e-21
4.261512384662635711e+00 5.396735706579811752e-21 3.101054644780471605e-21
4.262177384662207302e+00 4.357737282490626326e-21 3.123587689416161779e-21
4.262842384661778894e+00 2.308802623955793357e-20 3.488279088712283986e-21
4.263507384661350486e+00 1.064681375447394703e-20 3.341627520298787807e-21
4.264172384660922077e+00 6.619864246443554987e-21 2.798650088068644028e-21
4.264837384660493669e+00 9.701369770391509756e-21 3.238482512054786487e-21
4.265502384660065260e+00 -3.781658242582576227e-21 3.324540186484139342e-21
4.266167384659636852e+00 -8.405136007256024828e-21 3.697673594115247553e-21
4.266832384659208444e+00 1.632404939417962644e-21 3.841288293204415881e-21
4.267497384658780035e+00 8.067916379863982907e-21 3.847155137857194970e-21
4.268162384658351627e+00 4.459108115842037325e-22 3.708157736610157788e-21
4.268827384657923218e+00 3.668438195239216754e-21 2.922127650264435353e-21
4.269492384657494810e+00 2.110837954676373021e-20 4.375922929019382137e-21
4.270157384657066402e+00 3.102162653698889100e-20 5.345934845271501286e-21
4.270822384656637993e+00 2.899871912979012232e-20 4.970086558717973864e-21
4.271487384656209585e+00 2.627658639120829099e-20 4.175971223696237230e-21
4.272152384655781177e+00 -2.189179667135751328e-20 3.179040977603733268e-21
4.272817384655352768e+00 1.477536922424919750e-20 3.067130986372490375e-21
4.273482384654924360e+00 1.298141266130390005e-20 3.490917277879395414e-21
4.274147384654495951e+00 7.121883954434425103e-21 3.069685660918276477e-21
4.274812384654067543e+00 8.125057840912842896e-21 3.359212242690740568e-21
4.275477384653639135e+00 2.946005557462269275e-20 3.268629040188407019e-21
4.276142384653210726e+00 2.801888223378476662e-20 3.249903002790584882e-21
4.276807384652782318e+00 2.915415209798289214e-20 3.128993720425165032e-21
4.277472384652353909e+00 2.116869983229347460e-20 3.027738980993889701e-21
4.278137384651925501e+00 9.563775879194554962e-21 2.829146503549860536e-21
4.278802384651497093e+00 -1.059734888024044938e-21 3.251626665722318854e-21
4.279467384651068684e+00 2.985340924497961896e-22 3.259034334161196869e-21
4.280132384650640276e+00 4.133342465386936039e-21 3.053009747476159791e-21
4.280797384650211868e+00 3.481443863049156929e-21 3.050726939100252325e-21
4.281462384649783459e+00 1.486236984512562121e-20 3.493222794661168704e-21
4.282127384649355051e+00 5.348402433508259985e-20 3.651434428057988772e-21
4.282792384648926642e+00 3.363757845314559053e-20 3.340304353873414765e-21
4.283457384648498234e+00 1.130859680941962320e-20 3.515743775948706907e-21
4.284122384648069826e+00 1.011635652173331272e-20 4.440118222864426452e-21
4.284787384647641417e+00 1.302478629472551735e-20 3.129348545735304164e-21
4.285452384647213009e+00 -9.190050495332898472e-21 5.147953348180063499e-21
4.286117384646784600e+00 4.966894938877835118e-21 3.743263801166421285e-21
4.286782384646356192e+00 1.404478244382857986e-20 3.815897489495758394e-21
4.287447384645927784e+00 7.563859804404954907e-21 3.424850234285789842e-21
4.288112384645499375e+00 -3.187248745845967808e-21 3.324922937991933212e-21
4.288777384645070967e+00 1.567021810522554716e-20 3.442494610939198837e-21
4.289442384644642559e+00 6.431307680148515468e-21 3.117571602649828756e-21
4.290107384644214150e+00 -6.595332179961490418e-21 3.569577717285690172e-21
4.290772384643785742e+00 2.528138561549638754e-21 3.073415435549239572e-21
4.291437384643357333e+00 -9.648224071664635517e-21 2.766572594267083396e-21
4.292102384642928925e+00 1.494993489528201729e-20 2.852461363930946849e-21
4.292767384642500517e+00 -1.106250247447324958e-21 2.874723371636566378e-21
4.293432384642072108e+00 -1.365455079231953006e-20 3.506378090705291819e-21
4.294097384641643700e+00 5.395894582249474586e-21 3.480366761667105037e-21
4.294762384641215291e+00 -7.031374721588705610e-21 3.269115961046538515e-21
4.295427384640786883e+00 5.525899209698191015e-21 3.430668426330248106e-21
4.296092384640358475e+00 1.966750147015839966e-20 3.233467188086029048e-21
4.296757384639930066e+00 1.759674721130846917e-20 3.291900637323692869e-21
4.297422384639501658e+00 1.726393402997977044e-20 3.379526074883728913e-21
4.298087384639073250e+00 6.361238389211060076e-21 3.158030588572976650e-21
4.298752384638644841e+00 1.494882449665020663e-20 3.218081594773189513e-21
4.299417384638216433e+00 1.108871205748506816e-20 3.378389258966959724e-21
4.300082384637788024e+00 -1.258598528599106158e-21 2.842140731092774364e-21
4.300747384637359616e+00 -8.786091379824031930e-21 3.115103601660593401e-21
4.301412384636931208e+00 1.578008849425394329e-20 3.435753965175291224e-21
4.302077384636502799e+00 5.504678288656667840e-20 2.352554873074515361e-20
4.302742384636074391e+00 3.319717693318137562e-20 6.721881752128399400e-21
4.303407384635645982e+00 1.825422423755512135e-20 5.880959086916314055e-21
4.304072384635217574e+00 1.446542807081111160e-20 3.388912348241436870e-21
4.304737384634789166e+00 1.601823397747992051e-20 3.494997396489782077e-21
4.305402384634360757e+00 -3.416539810158595608e-21 2.943256794946662648e-21
4.306067384633932349e+00 1.230694712623861481e-20 2.700721374052404701e-21
4.306732384633503941e+00 4.744529958869537747e-21 2.897830391017080880e-21
4.307397384633075532e+00 5.606847240173445643e-21 3.160470419479600339e-21
4.308062384632647124e+00 5.907755307868822824e-21 3.084924073746386246e-21
4.308727384632218715e+00 -7.877900342906895348e-21 3.311990755561616715e-21
4.309392384631790307e+00 3.626775335258724725e-21 3.320250242979880124e-21
4.310057384631361899e+00 -2.339356036681566291e-21 3.275938721521343822e-21
4.310722384630933490e+00 -8.552252214059135497e-21 2.822668573818410387e-21
4.311387384630505082e+00 6.386554108503303308e-21 2.818455613396341725e-21
4.312052384630076673e+00 2.022771771008549914e-20 2.810647323241108312e-21
4.312717384629648265e+00 3.192375129939037801e-20 2.907776657531607997e-21
4.313382384629219857e+00 2.128415683866958840e-20 3.078865761076620940e-21
4.314047384628791448e+00 1.964029431792732084e-20 3.000431327176048399e-21
4.314712384628363040e+00 1.936003918591473086e-20 3.188191644722223348e-21
4.315377384627934632e+00 2.891371983719228420e-20 3.113784723669985558e-21
4.316042384627506223e+00 1.942613128421263593e-20 4.171614772872263610e-21
4.316707384627077815e+00 2.288630018602344417e-21 3.078032575743083769e-21
4.317372384626649406e+00 1.437883663128376851e-21 2.814503155812143272e-21
4.318037384626220998e+00 2.731937724829330213e-20 3.052355008911617607e-21
4.318702384625792590e+00 2.293918548026488805e-20 3.047749027091521581e-21
4.319367384625364181e+00 2.132090519626471386e-20 3.019446233691372656e-21
4.320032384624935773e+00 2.511635668249013140e-20 2.709557988578605679e-21
4.320697384624507364e+00 1.189492295646549046e-20 2.891649749270906842e-21
4.321362384624078956e+00 9.132946367390891004e-21 3.263357071477816517e-21
4.322027384623650548e+00 6.913030385302090121e-21 2.873464345596067757e-21
4.322692384623222139e+00 5.121903494427573087e-21 2.934353476016166722e-21
4.323357384622793731e+00 8.640215248239826537e-21 3.249003267383369972e-21
4.324022384622365323e+00 1.831688079919018973e-20 2.692530427913504131e-21
4.324687384621936914e+00 1.677520919945677531e-21 2.726628226991686423e-21
4.325352384621508506e+00 4.280815200664513690e-21 2.937355012439891041e-21
4.326017384621080097e+00 1.008131540410344391e-21 2.653118725437949793e-21
4.326682384620651689e+00 1.600444187413050011e-21 2.992796900279654589e-21
4.327347384620223281e+00 -1.006348716001266374e-20 2.972531788617775174e-21
4.328012384619794872e+00 -2.503467119024424716e-21 2.803772504698795828e-21
4.328677384619366464e+00 2.099485795426268519e-20 3.165216789136223843e-21
4.329342384618938055e+00 1.561372295499600392e-21 3.801468799463282293e-21
4.330007384618509647e+00 4.982568645002482650e-21 3.031764584372703010e-21
4.330672384618081239e+00 -1.513552019690438581e-20 2.887212093983565926e-21
4.331337384617652830e+00 -8.713631619932523488e-21 3.145378482962286694e-21
4.332002384617224422e+00 -1.342811944088222495e-21 3.092684939866743478e-21
4.332667384616796014e+00 1.454637062481882411e-20 2.862548478824441447e-21
4.333332384616367605e+00 2.340657389907224804e-20 3.063406881435331050e-21
4.333997384615939197e+00 4.617487989041905775e-21 3.000551932090337641e-21
4.334662384615510788e+00 5.088117637429725292e-21 2.819111048286644001e-21
4.335327384615082380e+00 5.087093041537750583e-21 3.182836447069112964e-21
4.335992384614653972e+00 4.397913209304853013e-21 2.811809553081286518e-21
4.336657384614225563e+00 1.379972289891649059e-20 2.771049467157013036e-21
4.337322384613797155e+00 1.194118481499011198e-20 2.745526801284966492e-21
4.337987384613368746e+00 1.057838553655169539e-20 2.847703375774080367e-21
4.338652384612940338e+00 2.670070176788331588e-22 2.805335465820358128e-21
4.339317384612511930e+00 5.908824378172029814e-21 3.159905507513652698e-21
4.339982384612083521e+00 2.799129752664337412e-21 2.769426277468180209e-21
4.340647384611655113e+00 2.295881894413146075e-20 2.828427601270388366e-21
4.341312384611226705e+00 4.783197680482091575e-21 3.850228674368584450e-21
4.341977384610798296e+00 2.480986565406003027e-21 3.757817620875749237e-21
4.342642384610369888e+00 8.278309247794671726e-21 2.906170570808311624e-21
4.343307384609941479e+00 1.878160416081593946e-20 2.821660396500550281e-21
4.343972384609513071e+00 1.353642412611976912e-20 4.135650240319166225e-21
4.344637384609084663e+00 2.723815876223131822e-20 6.312666211851692222e-21
4.345302384608656254e+00 2.577343156851600952e-20 5.850107771139117148e-21
4.345967384608227846e+00 5.418474193327765414e-20 6.144717705888626381e-21
4.346632384607799438e+00 4.854291593586085942e-20 3.241136089446129471e-21
4.347297384607371029e+00 3.071617317516582407e-20 4.310076950252356962e-21
4.347962384606942621e+00 1.546492254926216538e-20 3.358632611476878315e-21
4.348627384606514212e+00 3.650589171208590603e-21 3.179523340060541053e-21
4.349292384606085804e+00 -2.285046021168824847e-21 2.981059766933578141e-21
4.349957384605657396e+00 -1.681677024284846642e-20 2.969170019009389599e-21
4.350622384605228987e+00 -1.950070621658684984e-20 3.224478869828318168e-21
4.351287384604800579e+00 7.187813032403532442e-21 3.193286534765157209e-21
4.351952384604372170e+00 8.830145382605393237e-21 3.025914478474840726e-21
4.352617384603943762e+00 6.359265973428528488e-21 2.875070115407033186e-21
4.353282384603515354e+00 1.215678793146713870e-20 3.208538722089354978e-21
4.353947384603086945e+00 -2.041123925535644795e-21 3.023384017010996594e-21
4.354612384602658537e+00 2.494107917444330238e-21 3.284608513334454441e-21
4.355277384602230129e+00 3.446347146543183828e-21 3.927134716555202124e-21
4.355942384601801720e+00 1.234503957218536039e-22 3.381262528922941373e-21
4.356607384601373312e+00 1.183070530074467294e-20 3.782735455403256007e-21
4.357272384600944903e+00 2.399607399651082178e-20 3.569006857980181095e-21
4.357937384600516495e+00 2.176210261172553489e-20 3.123970902795924526e-21
4.358602384600088087e+00 3.902312674540656090e-21 3.462736813049295514e-21
4.359267384599659678e+00 1.510234009126348076e-20 3.776991189024951031e-21
4.359932384599231270e+00 3.466066518422595646e-20 3.267083808067806728e-21
4.360597384598802861e+00 2.676168668556570939e-20 2.953649386960938716e-21
4.361262384598374453e+00 1.070075251332386924e-20 2.952534163220729541e-21
4.361927384597946045e+00 1.457147364846639349e-21 3.208376491381447594e-21
4.362592384597517636e+00 9.487121113826810463e-21 3.554332052415186572e-21
4.363257384597089228e+00 -9.940590130698659428e-21 3.130161760741984184e-21
4.363922384596660820e+00 1.482176086740776723e-23 3.237942767055617367e-21
4.364587384596232411e+00 2.025712200111774158e-20 2.981953276305684144e-21
4.365252384595804003e+00 1.955296481324365092e-20 3.352890439552233155e-21
4.365917384595375594e+00 8.233806883232610733e-21 2.844534616957616536e-21
4.366582384594947186e+00 -2.329996569933327509e-21 3.061401378720275497e-21
4.367247384594518778e+00 3.268750072197255358e-20 2.938023376958140139e-21
4.367912384594090369e+00 1.649202042501688914e-20 3.065246132549321726e-21
4.368577384593661961e+00 1.191074311056563225e-20 2.846026213903927633e-21
4.369242384593233552e+00 3.685210531151890733e-21 3.396571473517958924e-21
4.369907384592805144e+00 1.125281183789858517e-20 3.833892264507731126e-21
4.370572384592376736e+00 2.190576818518039025e-20 3.429121774372544636e-21
4.371237384591948327e+00 9.035087552456162622e-21 3.198667799216021532e-21
4.371902384591519919e+00 2.054518081905269040e-20 4.183446384319509107e-21
4.372567384591091511e+00 2.225160520199055684e-20 4.250065870046664822e-21
4.373232384590663102e+00 2.182202882312520900e-20 3.067621502910422971e-21
4.373897384590234694e+00 1.583734404824152629e-21 3.282355431508676298e-21
4.374562384589806285e+00 2.095278261036828099e-20 3.503616029210875269e-21
4.375227384589377877e+00 1.744735274802222014e-20 3.027680643028042684e-21
4.375892384588949469e+00 -1.674464128795573010e-21 3.196459477361037088e-21
4.376557384588521060e+00 3.490020512142348840e-21 3.329829906008374171e-21
4.377222384588092652e+00 1.304093716224852865e-20 3.678398169446718499e-21
4.377887384587664243e+00 2.732909707411399947e-20 2.998991906893657585e-21
4.378552384587235835e+00 4.724053928287401656e-20 3.192311220045682420e-21
4.379217384586807427e+00 1.008322347077166686e-20 3.219313314952029640e-21
4.379882384586379018e+00 1.233727825702686654e-20 3.183762215704755001e-21
4.380547384585950610e+00 7.013325381694125082e-21 3.302652657285435451e-21
4.381212384585522202e+00 3.944088593043749623e-21 3.138487636116979870e-21
4.381877384585093793e+00 5.505747159330444784e-21 3.534351503372935209e-21
4.382542384584665385e+00 -1.926095822374835941e-21 3.132057551791222478e-21
4.383207384584236976e+00 8.344693571318510758e-21 3.311631791986776611e-21
4.383872384583808568e+00 2.573773185402986772e-20 3.149351098479301765e-21
4.384537384583380160e+00 3.478441181287369970e-21 3.042719019989649364e-21
4.385202384582951751e+00 8.777453044367575016e-21 3.167516769923289051e-21
4.385867384582523343e+00 1.437315620288444613e-20 3.033356970289061258e-21
4.386532384582094934e+00 2.373867603645737568e-20 3.811546544335498755e-21
4.387197384581666526e+00 1.528790534846006492e-20 3.522376489136571174e-21
4.387862384581238118e+00 1.699657497094288217e-20 4.134107527985405078e-21
4.388527384580809709e+00 2.110635095856043426e-20 4.595349225066995713e-21
4.389192384580381301e+00 2.020832969475628691e-20 2.895862178432329294e-21
4.389857384579952893e+00 2.228428853867993068e-20 3.870372715854941064e-21
4.390522384579524484e+00 1.733303134218947335e-20 3.380205604933358304e-21
4.391187384579096076e+00 1.755687135979082128e-20 6.714323405702477687e-21
4.391852384578667667e+00 6.733297514724162053e-21 3.361567658984917171e-21
4.392517384578239259e+00 1.797041896565598057e-20 3.009005525717063912e-21
4.393182384577810851e+00 1.360867910156832934e-20 3.494351592139955621e-21
4.393847384577382442e+00 2.791766950166684841e-20 3.264952028742331994e-21
4.394512384576954034e+00 2.271763001449457405e-20 3.038065727791602815e-21
4.395177384576525625e+00 4.309127958027157010e-21 3.369063538290168236e-21
4.395842384576097217e+00 4.723021032163142053e-21 3.848665617473687249e-21
4.396507384575668809e+00 2.270602803352598828e-20 3.359258732623737359e-21
4.397172384575240400e+00 3.597953830186092739e-20 3.761841948002458031e-21
4.397837384574811992e+00 3.835816736410958271e-21 3.830616686461709799e-21
4.398502384574383584e+00 1.334079271152453123e-20 3.048392102283629041e-21
4.399167384573955175e+00 1.679587429589393478e-20 3.404952544411705459e-21
4.399832384573526767e+00 1.120233012365518172e-20 3.185608333535145680e-21
4.400497384573098358e+00 1.552879980159152347e-20 3.274660076887656378e-21
4.401162384572669950e+00 2.287024569647725267e-20 3.218474905617375265e-21
4.401827384572241542e+00 1.699306601202381143e-20 2.923340814319098728e-21
4.402492384571813133e+00 1.923408717305345625e-20 2.883758803075796596e-21
4.403157384571384725e+00 7.810997087970802483e-21 3.422363340164671819e-21
4.403822384570956316e+00 1.199291588017500336e-20 3.298797010619583636e-21
4.404487384570527908e+00 1.467066710559917189e-20 3.263479985613158304e-21
4.405152384570099500e+00 6.852940184892833583e-21 3.771785190358687062e-21
4.405817384569671091e+00 8.765432855248194362e-21 3.281739063859820315e-21
4.406482384569242683e+00 9.594132266705837246e-21 3.437617827794693868e-21
4.407147384568814275e+00 3.268744601793068222e-21 3.733788035738323059e-21
4.407812384568385866e+00 9.009686965706744456e-21 3.572987602101295134e-21
4.408477384567957458e+00 1.472348857375664294e-20 3.574313416526620525e-21
4.409142384567529049e+00 4.929358418067446236e-21 3.323943141341334951e-21
4.409807384567100641e+00 2.869694277702340606e-20 3.539113796245265964e-21
4.410472384566672233e+00 1.693419271028485625e-20 3.376800081951057626e-21
4.411137384566243824e+00 5.115331487959966657e-21 3.375031009611904156e-21
4.411802384565815416e+00 3.281566166385591531e-20 3.499703768810062537e-21
4.412467384565387007e+00 1.720632086440276458e-20 3.459974569900983796e-21
4.413132384564958599e+00 1.742293902541310124e-20 3.332658037959751447e-21
4.413797384564530191e+00 2.905023133815909460e-20 3.384700048736942383e-21
4.414462384564101782e+00 2.438163405088590872e-20 3.307190598278749467e-21
4.415127384563673374e+00 2.589215024616414003e-20 3.472776274044842683e-21
4.415792384563244966e+00 9.257987055596034907e-21 3.649954189691289207e-21
4.416457384562816557e+00 2.233140233246497930e-20 5.493610263603870384e-21
4.417122384562388149e+00 3.134965473956639499e-20 3.387792480198474084e-21
4.417787384561959740e+00 3.783836657702832799e-20 3.344660112468032009e-21
4.418452384561531332e+00 1.655217521595672603e-20 3.079712923447692239e-21
4.419117384561102924e+00 1.058106346642425729e-20 3.143864040780706858e-21
4.419782384560674515e+00 1.538214330188828107e-20 3.436687761625461572e-21
4.420447384560246107e+00 3.900854864386603518e-20 3.238800892220798262e-21
4.421112384559817698e+00 1.963165126322139891e-20 3.173483234262252833e-21
4.421777384559389290e+00 1.514968539174933302e-20 3.443049718279847563e-21
4.422442384558960882e+00 4.584517969357138823e-21 3.307958713348718403e-21
4.423107384558532473e+00 2.207782042446782526e-20 3.353660978025178642e-21
4.423772384558104065e+00 1.409349956311889480e-20 3.040537330496170062e-21
4.424437384557675657e+00 3.098875756497020837e-20 3.523580401075862696e-21
4.425102384557247248e+00 4.365566610259824894e-21 3.203629167445129393e-21
4.425767384556818840e+00 1.873394214171546353e-20 3.282387077081632472e-21
4.426432384556390431e+00 1.075125749619846920e-20 3.464982682985255733e-21
4.427097384555962023e+00 -8.320502007132643865e-21 3.493709021524134642e-21
4.427762384555533615e+00 1.093453365019817911e-20 3.068069653598342946e-21
4.428427384555105206e+00 3.298644256531360720e-21 3.168728609790723011e-21
4.429092384554676798e+00 -3.499961802531752596e-21 3.414784905309688520e-21
4.429757384554248389e+00 -1.295930072900171588e-21 3.514662214562770956e-21
4.430422384553819981e+00 -4.788517158098981262e-21 3.260407271232661317e-21
4.431087384553391573e+00 -8.694532414189955050e-21 3.272511254167240867e-21
4.431752384552963164e+00 6.065165430504699370e-21 3.266711253854122659e-21
4.432417384552534756e+00 2.296097343554930431e-20 3.244554018833196144e-21
4.433082384552106348e+00 3.297045401401437028e-20 3.563380034244600340e-21
4.433747384551677939e+00 3.209073299950037412e-20 3.295855784617246178e-21
4.434412384551249531e+00 1.943446571630426079e-20 3.310467906867418703e-21
4.435077384550821122e+00 -8.430209424170664801e-22 3.437770418019115999e-21
4.435742384550392714e+00 1.843447678144725094e-20 3.096769056819645762e-21
4.436407384549964306e+00 3.473899850666613192e-20 3.470412392188278601e-21
4.437072384549535897e+00 1.742501273951606392e-20 3.200618088528920172e-21
4.437737384549107489e+00 1.245078947518464634e-20 3.199524051139561491e-21
4.438402384548679080e+00 2.382221151330017847e-20 3.507657138377209122e-21
4.439067384548250672e+00 1.142336251384720417e-21 3.226025368580904348e-21
4.439732384547822264e+00 9.297588424606119784e-21 2.975470224720328503e-21
4.440397384547393855e+00 8.832354700298925468e-21 3.317639815537618396e-21
4.441062384546965447e+00 5.594246832911584791e-21 3.206641275312178002e-21
4.441727384546537039e+00 1.508236061466531462e-20 3.168523323231892772e-21
4.442392384546108630e+00 1.735361899170970515e-20 3.184239328468935089e-21
4.443057384545680222e+00 -2.368757622771775163e-21 3.060145954522827265e-21
4.443722384545251813e+00 1.519125083110219184e-20 1.332317449731043083e-20
4.444387384544823405e+00 6.736253097671326897e-21 6.924775285408739501e-20
4.445052384544394997e+00 1.170448920058385517e-20 3.624440541997367493e-21
4.445717384543966588e+00 2.657167803755872907e-20 3.553678459811528698e-21
4.446382384543538180e+00 2.254042513749126050e-21 3.070680714726159876e-21
4.447047384543109771e+00 9.271142244348241622e-21 3.376184261335954923e-21
4.447712384542681363e+00 3.868972270080539083e-20 3.686620711749010286e-21
4.448377384542252955e+00 7.895500471493444851e-21 3.466168128580811013e-21
4.449042384541824546e+00 1.423649610824582485e-21 3.055246109964867113e-21
4.449707384541396138e+00 -1.901376444840926066e-20 3.870983388035095285e-21
4.450372384540967730e+00 -1.797803988325740847e-20 3.805245773079532674e-21
4.451037384540539321e+00 -2.065539770721814393e-20 3.730043437604334160e-21
4.451702384540110913e+00 1.700443648115742544e-20 3.562277496502718369e-21
4.452367384539682504e+00 1.306452934882652809e-20 3.402500378356783289e-21
4.453032384539254096e+00 -3.037483795139089555e-21 3.269691554498922662e-21
4.453697384538825688e+00 1.492880007028823175e-21 3.437139370193044084e-21
4.454362384538397279e+00 1.795881692474014402e-20 3.383130438580884101e-21
4.455027384537968871e+00 2.788195785417804469e-20 4.152599355844023472e-21
4.455692384537540462e+00 8.173421821452305085e-21 3.148603796730720679e-21
4.456357384537112054e+00 1.026821445946717627e-20 3.088600182656648148e-21
4.457022384536683646e+00 2.663086679497272396e-20 2.997087190682720831e-21
4.457687384536255237e+00 1.691066539500245954e-20 3.101360261013066162e-21
4.458352384535826829e+00 1.831700649321457818e-20 2.946070171814957343e-21
4.459017384535398421e+00 9.008621338512043691e-21 3.684858841125974635e-21
4.459682384534970012e+00 2.582631348877918615e-20 3.076341820976758373e-21
4.460347384534541604e+00 9.991204607818413359e-21 3.108769394807618430e-21
4.461012384534113195e+00 1.024278861375661715e-21 3.056308320375964235e-21
4.461677384533684787e+00 7.135635931815805680e-21 3.031765076386602863e-21
4.462342384533256379e+00 4.087471964204566257e-21 3.236907313119657528e-21
4.463007384532827970e+00 1.173354419543541506e-20 3.393429460982784486e-21
4.463672384532399562e+00 1.725838218329739729e-20 3.771092279717446676e-21
4.464337384531971153e+00 1.031154007333134789e-20 3.511472540057079121e-21
4.465002384531542745e+00 -1.936922136039227094e-20 3.365323689421313699e-21
4.465667384531114337e+00 9.964469742626542811e-21 4.542915633226988580e-21
4.466332384530685928e+00 3.122018293388293470e-20 3.699921322758925962e-21
4.466997384530257520e+00 1.463894252755864779e-20 3.779799971850355895e-21
4.467662384529829112e+00 2.444360049489471517e-20 3.300827141098977067e-21
4.468327384529400703e+00 2.756520852868529472e-20 3.283553243789378992e-21
4.468992384528972295e+00 1.579634953834365075e-20 4.790667614009422024e-21
4.469657384528543886e+00 4.155657950798319676e-21 3.169372623097507152e-21
4.470322384528115478e+00 2.577886333150174811e-20 3.317708639000370533e-21
4.470987384527687070e+00 6.035958125091448784e-21 3.877683410893094183e-21
4.471652384527258661e+00 1.128888816102146306e-20 3.495380600730789818e-21
4.472317384526830253e+00 1.080110803621849603e-20 3.283340100364852186e-21
4.472982384526401844e+00 2.268473273648313223e-20 3.417795893509349201e-21
4.473647384525973436e+00 4.533317815055156802e-21 3.253028245857513703e-21
4.474312384525545028e+00 -3.261802039227565550e-21 3.007346774937878344e-21
4.474977384525116619e+00 -1.299865160091056917e-20 3.572376283165248977e-21
4.475642384524688211e+00 -3.516037866803631433e-21 3.264605730303938297e-21
4.476307384524259803e+00 -2.193653002284421823e-21 3.297906354984663451e-21
4.476972384523831394e+00 -1.363628555451291571e-22 3.475651636098196880e-21
4.477637384523402986e+00 7.520359888773442628e-21 3.086746314246000230e-21
4.478302384522974577e+00 -1.298304071095018373e-20 6.464666008433703683e-21
4.478967384522546169e+00 -1.514441500326135418e-20 4.202027702196206572e-21
4.479632384522117761e+00 3.980975233640335230e-21 3.095507100575154033e-21
4.480297384521689352e+00 -4.473464456054384968e-21 3.431129498516591952e-21
4.480962384521260944e+00 3.007152973607868452e-21 3.542295067838930352e-21
4.481627384520832535e+00 9.561069324426221497e-21 3.593377197275934743e-21
4.482292384520404127e+00 5.435530953038512010e-21 6.166515913569158449e-21
4.482957384519975719e+00 5.634371176108235202e-22 3.502232590249132580e-21
4.483622384519547310e+00 4.737654619140459564e-21 3.315097560533914127e-21
4.484287384519118902e+00 2.591797218636488636e-20 3.238175434159529722e-21
4.484952384518690494e+00 2.486660737913704049e-20 4.007441613237861025e-21
4.485617384518262085e+00 1.809925625478747344e-20 3.015120160681347467e-21
4.486282384517833677e+00 2.434977385674845778e-22 3.070286114594722100e-21
4.486947384517405268e+00 1.212581734512703480e-20 3.633201814627789438e-21
4.487612384516976860e+00 2.608904289029333010e-20 3.425759783819929830e-21
4.488277384516548452e+00 2.007220335616553801e-21 4.005685163261476549e-21
4.488942384516120043e+00 2.500461972039468600e-20 4.298706553663719664e-21
4.489607384515691635e+00 2.461711960196788970e-20 2.960851754270100188e-21
4.490272384515263226e+00 -6.111916524590936490e-21 3.040176662597504261e-21
4.490937384514834818e+00 -7.114883211271934755e-21 3.508149911736756229e-21
4.491602384514406410e+00 4.793190574409881908e-21 3.476383111070554691e-21
4.492267384513978001e+00 6.571808096560664532e-21 3.617941371051790397e-21
4.492932384513549593e+00 2.761739443575023165e-20 3.942598861738012502e-21
4.493597384513121185e+00 2.302902786389040391e-20 3.338383383548163904e-21
4.494262384512692776e+00 2.549910803345954910e-20 5.034312722120088988e-21
4.494927384512264368e+00 2.550965612687318852e-20 3.452292214712081837e-21
4.495592384511835959e+00 1.871121557515246727e-20 3.962950378950569984e-21
4.496257384511407551e+00 3.897915843286262402e-20 3.603668848858255592e-21
4.496922384510979143e+00 4.463650907274250082e-20 3.190067033893842455e-21
4.497587384510550734e+00 2.214161580691575060e-20 3.425080218586843087e-21
4.498252384510122326e+00 1.012993182858616495e-20 3.632085972025717882e-21
4.498917384509693917e+00 -1.304152609719648822e-20 3.355814743604052472e-21
4.499582384509265509e+00 -9.280178913613913366e-21 3.342984662381279651e-21
4.500247384508837101e+00 1.142285042052713266e-20 3.235767206715308052e-21
4.500912384508408692e+00 1.554377811207866551e-20 3.184283555666725777e-21
4.501577384507980284e+00 2.691982181611983621e-20 3.437365923530421074e-21
4.502242384507551876e+00 2.520934747554738570e-20 3.811293575943520642e-21
4.502907384507123467e+00 1.765270133245912153e-20 3.588808792792964772e-21
4.503572384506695059e+00 2.029565839727850719e-20 3.587733271424980187e-21
4.504237384506266650e+00 2.668375877543718915e-20 3.282732318461351167e-21
4.504902384505838242e+00 1.140814015884206209e-20 3.078093305237806631e-21
4.505567384505409834e+00 -1.357436168146511656e-21 3.179887660935300043e-21
4.506232384504981425e+00 -7.403584066423277031e-21 3.144556105085241227e-21
4.506897384504553017e+00 1.055887712665421536e-20 3.239779027922235054e-21
4.507562384504124608e+00 3.119486546287635098e-20 2.839288800035132914e-21
4.508227384503696200e+00 9.984927405864692151e-21 3.284717672325822449e-21
4.508892384503267792e+00 4.567642126921225574e-21 3.528845602564920455e-21
4.509557384502839383e+00 6.834586036112010217e-21 3.488142247479303039e-21
4.510222384502410975e+00 1.599703484867746968e-20 3.304694721087643176e-21
4.510887384501982567e+00 1.739028580176308177e-20 3.817205081340374675e-21
4.511552384501554158e+00 -2.632499834497991140e-21 3.347436594556859964e-21
4.512217384501125750e+00 6.294062592261254147e-21 3.377544262464522798e-21
4.512882384500697341e+00 1.349085376669387011e-20 3.188606329462440550e-21
4.513547384500268933e+00 1.742452097800232751e-20 2.929131074297309715e-21
4.514212384499840525e+00 6.771609161556856530e-21 3.340741520944155974e-21
4.514877384499412116e+00 2.907943020512998875e-20 3.410903330678006699e-21
4.515542384498983708e+00 4.077210991924183462e-20 3.285764972661073406e-21
4.516207384498555300e+00 1.911364165421761470e-20 2.963487404165616221e-21
4.516872384498126891e+00 9.301136077650211284e-21 3.548590494437184190e-21
4.517537384497698483e+00 1.541322340148446565e-20 3.185249460950395977e-21
4.518202384497270074e+00 1.177277755142087271e-20 3.120603509675422742e-21
4.518867384496841666e+00 2.057182173788269527e-21 3.612469047147374973e-21
4.519532384496413258e+00 1.115736889709479979e-20 3.673327194981207252e-21
4.520197384495984849e+00 -1.485769494269680718e-21 3.130164019244639123e-21
4.520862384495556441e+00 1.996924437720781762e-20 3.276266656332941812e-21
4.521527384495128032e+00 1.083513007541862855e-20 3.360519695616286467e-21
4.522192384494699624e+00 1.489005901788171135e-21 7.391971100236898450e-21
4.522857384494271216e+00 1.593117376275000651e-20 1.141712097594295591e-20
4.523522384493842807e+00 -2.521593586181974876e-21 4.566212144572627368e-21
4.524187384493414399e+00 -7.370396593446302434e-21 3.314824501609752158e-21
4.524852384492985991e+00 8.307756919130741168e-22 3.382058127006773878e-21
4.525517384492557582e+00 1.361263521964839940e-20 3.636467050305841092e-21
4.526182384492129174e+00 1.742449903198345603e-20 3.357455093654868219e-21
4.526847384491700765e+00 1.363588226822835729e-20 3.402166187101245003e-21
4.527512384491272357e+00 1.024230835922676726e-20 3.230211316019514293e-21
4.528177384490843949e+00 5.678312167409933800e-21 3.212828513401203909e-21
4.528842384490415540e+00 2.333930647933865092e-20 2.967211178409738766e-21
4.529507384489987132e+00 7.052437159520471980e-21 3.294542521787640186e-21
4.530172384489558723e+00 2.019579661496416096e-21 3.572655085550805236e-21
4.530837384489130315e+00 6.453669006596733436e-21 3.555073485307536268e-21
4.531502384488701907e+00 9.434129655427523467e-21 3.865340558706213407e-21
4.532167384488273498e+00 2.203322940113173926e-20 3.535573956805150558e-21
4.532832384487845090e+00 1.957690567915571173e-20 3.549619902112255013e-21
4.533497384487416682e+00 2.125240801625722276e-20 3.748231562405614660e-21
4.534162384486988273e+00 1.250863777636653948e-20 3.155694071411524953e-21
4.534827384486559865e+00 3.869362855527131504e-21 3.428088113326262908e-21
4.535492384486131456e+00 7.663819485027429353e-21 3.408419415856985843e-21
4.536157384485703048e+00 2.473682418224409579e-20 3.180375345131145398e-21
4.536822384485274640e+00 1.020246888991081340e-20 3.259100770488596333e-21
4.537487384484846231e+00 5.889575966845941534e-21 3.681883519789121793e-21
4.538152384484417823e+00 3.955350300150401788e-20 3.033828037465832728e-21
4.538817384483989414e+00 2.023538002064496770e-20 3.463731418784653441e-21
4.539482384483561006e+00 3.320179913467795782e-20 3.516069599967523375e-21
4.540147384483132598e+00 4.823213440066045413e-21 3.059134352773481790e-21
4.540812384482704189e+00 -4.119777923675281090e-21 3.165932520500013101e-21
4.541477384482275781e+00 -1.643166955138375960e-21 3.231042883338593959e-21
4.542142384481847373e+00 3.085702689674822851e-21 4.488795995730635189e-21
4.542807384481418964e+00 1.785870822144624215e-20 3.298624601639548068e-21
4.543472384480990556e+00 1.871017981475029262e-20 4.414300535068736227e-21
4.544137384480562147e+00 -1.617772731498967041e-20 4.099938818759389689e-21
4.544802384480133739e+00 1.034527374064583438e-20 3.238333192504892192e-21
4.545467384479705331e+00 -6.904989506075541905e-22 3.117707087167765918e-21
4.546132384479276922e+00 1.429324659400240504e-20 3.198144738051250893e-21
4.546797384478848514e+00 1.803700418626570464e-20 4.588376449986578483e-21
4.547462384478420105e+00 6.914141424180358651e-21 3.320584605109466519e-21
4.548127384477991697e+00 -4.521652634650117398e-21 3.248368670320657721e-21
4.548792384477563289e+00 1.535724106342939439e-20 3.348295055004153794e-21
4.549457384477134880e+00 3.147937913946318265e-20 3.532327104327279375e-21
4.550122384476706472e+00 1.309650968774887236e-20 3.241974587143465322e-21
4.550787384476278064e+00 7.681972539673498088e-21 3.459027535230157700e-21
4.551452384475849655e+00 6.388723917169249200e-21 3.349100535145535608e-21
4.552117384475421247e+00 1.248231973615134483e-20 3.285351759144001294e-21
4.552782384474992838e+00 -2.067471517395572450e-20 3.264903487296314376e-21
4.553447384474564430e+00 -3.939231628831399381e-22 3.264091207814199324e-21
4.554112384474136022e+00 1.413390251436086220e-20 3.348860254607939874e-21
4.554777384473707613e+00 3.619502871298931636e-20 3.237183132498089296e-21
4.555442384473279205e+00 2.749097771316090227e-20 3.191035157921693376e-21
4.556107384472850796e+00 8.618932307006452437e-21 3.298179428113770742e-21
4.556772384472422388e+00 1.034451965004329173e-20 3.640912543880824563e-21
4.557437384471993980e+00 1.968295249553441595e-21 3.347953723957037168e-21
4.558102384471565571e+00 -3.380511167417594621e-21 3.671665128154689340e-21
4.558767384471137163e+00 2.015472318253301749e-20 3.613494018468741465e-21
4.559432384470708755e+00 3.967740813376976202e-21 3.334319316775734055e-21
4.560097384470280346e+00 7.409381792780485806e-21 3.734066044912622602e-21
4.560762384469851938e+00 3.584913778480680639e-21 3.696014588768098044e-21
4.561427384469423529e+00 8.958991740304212580e-21 3.788204366443538727e-21
4.562092384468995121e+00 2.423039942564357357e-20 4.653618814765183851e-21
4.562757384468566713e+00 -4.199225703751483180e-22 3.730204502919606562e-21
4.563422384468138304e+00 1.322746111951442146e-20 3.636300106928208601e-21
4.564087384467709896e+00 1.312031778886711479e-20 3.621833588874540163e-21
4.564752384467281487e+00 1.154031256877429480e-20 3.780956662652760410e-21
4.565417384466853079e+00 2.947569450532082987e-20 3.815621014203601317e-21
4.566082384466424671e+00 1.164990452858034112e-20 4.102389924318543285e-21
4.566747384465996262e+00 2.126165712690585623e-20 3.471559859799327776e-21
4.567412384465567854e+00 2.388416328898368193e-20 4.086777241239323036e-21
4.568077384465139446e+00 4.180623895672422657e-20 4.063136533446500005e-21
4.568742384464711037e+00 2.527632578971477551e-20 4.058412879494505615e-21
4.569407384464282629e+00 1.399940042949835735e-20 3.327337662644241746e-21
4.570072384463854220e+00 6.936016269858039467e-21 3.602713624821200738e-21
4.570737384463425812e+00 1.398160459499807076e-20 3.735924499008671993e-21
4.571402384462997404e+00 1.810798344272268834e-20 3.418479487741782920e-21
4.572067384462568995e+00 4.941742369910839091e-21 3.387513657387814241e-21
4.572732384462140587e+00 2.040700803201767916e-21 3.702465037643053420e-21
4.573397384461712178e+00 -7.533877741181922501e-21 3.645028084871080825e-21
4.574062384461283770e+00 -1.186543009527554344e-20 3.229558914445822325e-21
4.574727384460855362e+00 8.137335738038689154e-21 3.356561163965712191e-21
4.575392384460426953e+00 -3.129615589581413889e-22 4.008923113028188678e-21
4.576057384459998545e+00 -6.834928398307127296e-21 3.545164156431865838e-21
4.576722384459570137e+00 3.102225359293613489e-20 3.785907562103234262e-21
4.577387384459141728e+00 1.067555314820945588e-20 3.816042580489136182e-21
4.578052384458713320e+00 2.028654912618382039e-20 3.647981107067752305e-21
4.578717384458284911e+00 1.182682836801468110e-20 3.626000597721789313e-21
4.579382384457856503e+00 2.122815693900264767e-20 3.316954836145643697e-21
4.580047384457428095e+00 2.300239512635792098e-20 3.425832680988741552e-21
4.580712384456999686e+00 9.661368892905652504e-21 3.284470876142932255e-21
4.581377384456571278e+00 2.698000025852769114e-21 3.349455102095301961e-21
4.582042384456142869e+00 2.171363154086675773e-21 3.308364680609085087e-21
4.582707384455714461e+00 4.862768318948657683e-20 3.696596090628410255e-21
4.583372384455286053e+00 3.636274405025995334e-20 3.704174337955804012e-21
4.584037384454857644e+00 2.590801494772607451e-20 3.555079553106478644e-21
4.584702384454429236e+00 1.717989636140131299e-20 3.359900314157996960e-21
4.585367384454000828e+00 -5.858141630883402097e-21 3.836649133055799955e-21
4.586032384453572419e+00 -1.437637826244593389e-20 3.193174436086555791e-21
4.586697384453144011e+00 1.259587297501207411e-21 3.803333322470612203e-21
4.587362384452715602e+00 1.709986817465688574e-20 3.751524728230428741e-21
4.588027384452287194e+00 2.286826839296848631e-20 3.998422250339374555e-21
4.588692384451858786e+00 2.292524509703464922e-20 3.809351947904549806e-21
4.589357384451430377e+00 1.273714369241469349e-20 3.526997923032650502e-21
4.590022384451001969e+00 -1.925891170676318061e-20 3.282648950043553464e-21
4.590687384450573560e+00 7.144779352193557869e-22 3.933444413206489865e-21
4.591352384450145152e+00 -1.755493354238011667e-20 3.731507816213923696e-21
4.592017384449716744e+00 3.011099939314607847e-21 3.762237117595084483e-21
4.592682384449288335e+00 3.440695898840647556e-20 3.854077264909182551e-21
4.593347384448859927e+00 3.090528581766096087e-20 3.587076143021984726e-21
4.594012384448431519e+00 3.110645272758710706e-20 3.803985872655820876e-21
4.594677384448003110e+00 2.185068775020836990e-20 3.653459869822180774e-21
4.595342384447574702e+00 1.023188968442110819e-21 3.653039428909660730e-21
4.596007384447146293e+00 -1.179226840606280742e-20 3.186420380871379078e-21
4.596672384446717885e+00 2.823772377698757194e-21 3.201915504793812439e-21
4.597337384446289477e+00 1.515062219441222358e-20 3.678937881432027213e-21
4.598002384445861068e+00 2.065840795741106828e-20 3.755511079097235492e-21
4.598667384445432660e+00 1.454995218298266399e-20 4.873295138847432484e-21
4.599332384445004251e+00 2.359142485932312023e-20 5.421149637586848748e-21
4.599997384444575843e+00 2.155814377050197078e-20 5.966380750521715460e-21
4.600662384444147435e+00 2.100409693507030517e-20 3.225578339564071446e-21
4.601327384443719026e+00 3.689561385637452440e-20 3.355404926823696572e-21
4.601992384443290618e+00 2.365516343092561690e-20 3.621979364303685844e-21
4.602657384442862210e+00 2.133624236800491077e-21 3.764164468713168775e-21
4.603322384442433801e+00 2.416348520714735693e-20 3.607944951292874883e-21
4.603987384442005393e+00 9.993089659751628468e-21 3.380343385687302516e-21
4.604652384441576984e+00 6.996068018706404400e-22 3.322689780719470967e-21
4.605317384441148576e+00 -1.152117584014659292e-20 3.444583019523003736e-21
4.605982384440720168e+00 -1.127933625625619775e-20 3.681559459882691188e-21
4.606647384440291759e+00 5.596824998671024244e-20 4.422372884337346000e-21
4.607312384439863351e+00 7.117239579058327675e-20 4.016769596322020577e-21
4.607977384439434942e+00 1.778605085475444742e-20 3.448697721800683574e-21
4.608642384439006534e+00 -3.093915191329700257e-21 3.319845761309834485e-21
4.609307384438578126e+00 -1.255842374710692417e-20 3.772991724072756162e-21
4.609972384438149717e+00 1.789823822440709633e-20 3.586845925876259249e-21
4.610637384437721309e+00 1.336096605400070713e-20 4.336850147349205868e-21
4.611302384437292901e+00 -1.308522594441875448e-20 5.585362739493205701e-21
4.611967384436864492e+00 -9.618085013908483327e-21 3.483874634033060296e-21
4.612632384436436084e+00 -2.995887929345201619e-21 3.531428776847460619e-21
4.613297384436007675e+00 -1.012491119420302045e-20 3.463872278381542564e-21
4.613962384435579267e+00 -8.915416502101510489e-21 3.936644670136994905e-21
4.614627384435150859e+00 1.472374837359683821e-20 3.876996995620031700e-21
4.615292384434722450e+00 1.224126582318505122e-20 3.464390036095522703e-21
4.615957384434294042e+00 6.160653603107255651e-21 3.605771348923149812e-21
4.616622384433865633e+00 3.234345272120423222e-21 3.400573395680538586e-21
4.617287384433437225e+00 1.289357749744011249e-20 3.345712305128948406e-21
4.617952384433008817e+00 2.355830045017299537e-20 3.359462443915792342e-21
4.618617384432580408e+00 -9.830839803153458105e-21 3.505167668318088847e-21
4.619282384432152000e+00 5.537172631259144757e-21 3.323099090275851267e-21
4.619947384431723592e+00 2.598040320825225257e-20 3.319418437281417835e-21
4.620612384431295183e+00 2.354116066986458958e-20 3.682206572234073820e-21
4.621277384430866775e+00 1.272588699395661562e-20 3.300883807356587389e-21
4.621942384430438366e+00 1.469171956619790882e-20 3.662414497446627076e-21
4.622607384430009958e+00 6.579952635518796558e-22 3.296377793391421723e-21
4.623272384429581550e+00 1.244541843366112939e-20 3.927746942263629559e-21
4.623937384429153141e+00 1.005316188007701242e-20 3.623961356547581748e-21
4.624602384428724733e+00 3.567017153273881820e-21 3.681513510096174742e-21
4.625267384428296324e+00 2.445994168715643964e-20 3.898125583906261585e-21
4.625932384427867916e+00 -5.583640078477516021e-21 3.106493976642064380e-21
4.626597384427439508e+00 -2.472932828942750164e-21 4.046811952146101214e-21
4.627262384427011099e+00 1.722330465424579836e-20 3.774124142853237946e-21
4.627927384426582691e+00 -3.127906507394987218e-21 3.653922774908874091e-21
4.628592384426154283e+00 2.408735382403258340e-20 3.677128475768594907e-21
4.629257384425725874e+00 2.410494573326283688e-20 3.625469380845978598e-21
4.629922384425297466e+00 6.076665668549166889e-21 8.959942833044032187e-21
4.630587384424869057e+00 -9.778909006704321331e-22 4.356325216110105468e-21
4.631252384424440649e+00 2.641423744912821427e-21 3.211673828877705614e-21
4.631917384424012241e+00 2.379472735730687406e-20 3.804907966418124787e-21
4.632582384423583832e+00 1.908654960234722130e-20 3.700891076239697954e-21
4.633247384423155424e+00 1.261309884651930951e-20 3.612594323230998737e-21
4.633912384422727015e+00 1.667421316155798345e-20 3.606125363900982210e-21
4.634577384422298607e+00 1.068823964421526576e-20 3.853236139059495803e-21
4.635242384421870199e+00 5.772543363575679571e-22 3.635467417542972316e-21
4.635907384421441790e+00 1.256762581740212672e-20 3.728278241448800685e-21
4.636572384421013382e+00 6.439225421904818336e-21 3.421862051057595399e-21
4.637237384420584974e+00 7.129544737288598236e-21 3.552109880058151779e-21
4.637902384420156565e+00 5.458962570909407177e-21 3.510323424020248254e-21
4.638567384419728157e+00 -8.913601086646336035e-22 3.386311565602029245e-21
4.639232384419299748e+00 -2.212381790217834538e-20 3.499273971005996843e-21
4.639897384418871340e+00 2.421941586133430184e-20 4.467397716311835293e-21
4.640562384418442932e+00 2.021234988927396894e-20 3.313609997314330877e-21
4.641227384418014523e+00 2.266087890214098933e-20 3.859870821173933464e-21
4.641892384417586115e+00 3.891001793700963190e-20 4.045117985244501780e-21
4.642557384417157706e+00 -3.305379508534524928e-20 4.062137650622522948e-21
4.643222384416729298e+00 1.188714646052500125e-20 7.049973149309296763e-21
4.643887384416300890e+00 -3.637652709727511154e-21 1.060981082149567206e-20
4.644552384415872481e+00 9.504167795096152665e-21 4.443849101755732509e-21
4.645217384415444073e+00 2.750357112777170064e-20 3.991059856757495368e-21
4.645882384415015665e+00 1.436180046831215502e-20 3.419142425032222436e-21
4.646547384414587256e+00 -7.011206246529290808e-21 3.453391123268877956e-21
4.647212384414158848e+00 1.354898460348676069e-20 3.774409849398708909e-21
4.647877384413730439e+00 3.350066701457860486e-21 3.251089965947017525e-21
4.648542384413302031e+00 1.071760767874635052e-20 3.709805631007776566e-21
4.649207384412873623e+00 5.384397649098571926e-22 3.883782319911059058e-21
4.649872384412445214e+00 6.730056397464236305e-21 4.044246436993721892e-21
4.650537384412016806e+00 2.043592126143033650e-20 3.496644697713479225e-21
4.651202384411588397e+00 -1.291379549976232026e-21 3.428665763113947069e-21
4.651867384411159989e+00 6.752138259934886117e-21 3.693314196015225412e-21
4.652532384410731581e+00 1.453320158852327767e-20 3.765266903527842296e-21
4.653197384410303172e+00 1.872380081789564441e-20 4.103571718915216966e-21
4.653862384409874764e+00 3.172578452854338517e-20 3.514313281087430545e-21
4.654527384409446356e+00 -4.998504866230012850e-21 4.181244299606237213e-21
4.655192384409017947e+00 1.900055796992877091e-21 3.399830229515817779e-21
4.655857384408589539e+00 -1.401339002417063578e-20 3.734002972479985119e-21
4.656522384408161130e+00 1.254179959506204383e-20 4.043844014475417850e-21
4.657187384407732722e+00 2.372017730417430783e-20 3.962062953511110709e-21
4.657852384407304314e+00 2.506531071687161070e-20 3.660480092372958240e-21
4.658517384406875905e+00 -1.418008478519720868e-21 3.605294932823547536e-21
4.659182384406447497e+00 -1.850011299703025865e-20 3.509115165022849076e-21
4.659847384406019088e+00 -3.171979775136943099e-21 3.876156905677547755e-21
4.660512384405590680e+00 1.521851513099795074e-21 3.887006657268316694e-21
4.661177384405162272e+00 1.113902482340767026e-20 3.617995252313767360e-21
4.661842384404733863e+00 1.190810688615108794e-20 4.062669831289377834e-21
4.662507384404305455e+00 1.306096493121960564e-20 3.716848513036601825e-21
4.663172384403877047e+00 -1.018654678279542084e-20 3.601205760981522539e-21
4.663837384403448638e+00 1.085818203942469671e-20 3.745913781976645635e-21
4.664502384403020230e+00 -5.469517496676993250e-21 5.415628205921384058e-21
4.665167384402591821e+00 -3.744699372407605682e-21 5.172305757273485736e-21
4.665832384402163413e+00 1.555071738527493102e-20 4.925279582821402943e-21
4.666497384401735005e+00 1.729602533608224613e-21 3.677090843492094846e-21
4.667162384401306596e+00 2.011719276425280231e-20 3.632937610888851768e-21
4.667827384400878188e+00 1.874637270155158183e-20 3.417452489881555117e-21
4.668492384400449779e+00 2.350409596177744210e-20 3.730478158584410856e-21
4.669157384400021371e+00 6.384454943958430528e-21 3.771502975601738248e-21
4.669822384399592963e+00 2.648044405502343572e-20 4.081527569569836832e-21
4.670487384399164554e+00 2.314636521266619768e-20 5.256694581462777561e-21
4.671152384398736146e+00 -3.335426960578271928e-21 4.687340871386522933e-21
4.671817384398307738e+00 1.054798728084783518e-21 3.801393483028544637e-21
4.672482384397879329e+00 -1.118282615604520596e-20 3.614962530971594929e-21
4.673147384397450921e+00 5.379246557683967522e-21 3.296173440480639024e-21
4.673812384397022512e+00 6.406464294525880405e-21 3.475178861356604930e-21
4.674477384396594104e+00 1.510412404921443540e-20 3.865495643473762462e-21
4.675142384396165696e+00 1.178307350381527932e-20 3.082735715461037822e-21
4.675807384395737287e+00 -1.622628471136886985e-21 3.493148293818554023e-21
4.676472384395308879e+00 7.962139918627846832e-21 3.421984125654272233e-21
4.677137384394880470e+00 1.033417975408591532e-20 3.821661916053907593e-21
4.677802384394452062e+00 1.559106560804664450e-20 3.857809707551989172e-21
4.678467384394023654e+00 6.248219278259370779e-21 3.499787278359154942e-21
4.679132384393595245e+00 -8.777112539775868209e-22 3.297522850659063552e-21
4.679797384393166837e+00 1.418861990378006560e-21 3.437699008898143529e-21
4.680462384392738429e+00 -4.115246399876142226e-21 3.863527004917754029e-21
4.681127384392310020e+00 2.297201312928610660e-21 3.543421175003238233e-21
4.681792384391881612e+00 1.037854019277851808e-20 3.775434557437527855e-21
4.682457384391453203e+00 1.562459786352032191e-20 3.634710092080828733e-21
4.683122384391024795e+00 2.856848332441626011e-20 3.728008123117896904e-21
4.683787384390596387e+00 1.254624053564265825e-20 3.525024530581800825e-21
4.684452384390167978e+00 1.695372948335078109e-20 3.590268454235817011e-21
4.685117384389739570e+00 -4.401496520579705754e-21 3.460054512890494976e-21
4.685782384389311161e+00 -8.531991126645394447e-21 3.513909431819261910e-21
4.686447384388882753e+00 3.671984744632084046e-20 4.842517127738141297e-21
4.687112384388454345e+00 2.009409605559231474e-20 3.637062123850577800e-21
4.687777384388025936e+00 1.132449089510412045e-20 5.303089900655195395e-21
4.688442384387597528e+00 9.940586850518550879e-22 3.909535677509703962e-21
4.689107384387169120e+00 -9.181638512610873947e-21 3.691072907593715920e-21
4.689772384386740711e+00 2.646837758189726233e-20 3.756453932874087325e-21
4.690437384386312303e+00 5.208625271276744174e-20 3.462190915749237884e-21
4.691102384385883894e+00 3.130907875881300192e-20 3.320777756580509221e-21
4.691767384385455486e+00 4.184402301379330350e-20 3.364954339349546597e-21
4.692432384385027078e+00 7.347817768881072357e-21 3.836545107956295224e-21
4.693097384384598669e+00 -4.870877316700315268e-21 3.919227931929467666e-21
4.693762384384170261e+00 2.751947128708011463e-20 3.458552671466900688e-21
4.694427384383741853e+00 7.287372764821083568e-21 4.148893008820628264e-21
4.695092384383313444e+00 1.671867003648164551e-20 3.832858452755158502e-21
4.695757384382885036e+00 9.307397256169455081e-21 3.766038211480387027e-21
4.696422384382456627e+00 1.145837171887204660e-20 3.668473076955218095e-21
4.697087384382028219e+00 1.054371761799208621e-20 3.571208779345108921e-21
4.697752384381599811e+00 2.251859321316023197e-20 3.526518377651798365e-21
4.698417384381171402e+00 3.262832256512584789e-20 3.710521510117126122e-21
4.699082384380742994e+00 3.294087810055597716e-20 3.811627219145995563e-21
4.699747384380314585e+00 3.274614439750866027e-20 3.815154175568492244e-21
4.700412384379886177e+00 -2.307673403937932421e-21 3.445751544832172240e-21
4.701077384379457769e+00 1.644008518984627327e-20 4.513455349382324930e-21
4.701742384379029360e+00 2.183435646027701895e-20 3.583183566641490532e-21
4.702407384378600952e+00 2.642630492494049059e-21 3.447866308146044582e-21
4.703072384378172544e+00 5.655122213578948743e-21 3.322581275870912362e-21
4.703737384377744135e+00 2.343158481121106101e-21 3.457858672563666432e-21
4.704402384377315727e+00 1.137738712944366497e-21 3.378807423974520204e-21
4.705067384376887318e+00 1.140724699771738615e-20 3.441549848691072668e-21
4.705732384376458910e+00 1.591568170901136400e-20 3.754467586904719680e-21
4.706397384376030502e+00 6.173630977690580503e-21 4.147501165977323929e-21
4.707062384375602093e+00 -6.814340318745682241e-21 3.409603495998587583e-21
4.707727384375173685e+00 7.059928831306087410e-21 3.699994232015289294e-21
4.708392384374745276e+00 7.688636455475984167e-21 3.607816547958429453e-21
4.709057384374316868e+00 2.058901559330420727e-20 3.893623692476572434e-21
4.709722384373888460e+00 2.063691877451861739e-20 3.487167282418182931e-21
4.710387384373460051e+00 -9.992510022343403989e-23 3.353459821719460292e-21
4.711052384373031643e+00 -5.947344803831845012e-21 3.414478252615097700e-21
4.711717384372603235e+00 3.110667455724731812e-20 3.557374854172903582e-21
4.712382384372174826e+00 6.728225439559413625e-21 3.483945861263361063e-21
4.713047384371746418e+00 2.253982299506265150e-20 3.625994957471834621e-21
4.713712384371318009e+00 3.180928778138734365e-20 3.798527745228082771e-21
4.714377384370889601e+00 1.735412217822168427e-20 3.838166675629422817e-21
4.715042384370461193e+00 2.198521668991545912e-20 3.767431652799094181e-21
4.715707384370032784e+00 2.062292110136253780e-20 3.908326062409308372e-21
4.716372384369604376e+00 1.331632515334705617e-20 3.597681798593596015e-21
4.717037384369175967e+00 5.476534752277903193e-21 3.233625377715407742e-21
4.717702384368747559e+00 2.004751231374463669e-21 3.403571192483442200e-21
4.718367384368319151e+00 -1.614235712197562854e-21 4.359276557651634952e-21
4.719032384367890742e+00 3.224808037181703342e-20 4.513898053958744503e-21
4.719697384367462334e+00 3.016397681915866646e-20 4.250406084649423742e-21
4.720362384367033926e+00 1.969271729333111256e-20 3.409067094989485326e-21
4.721027384366605517e+00 1.575289059012761925e-20 3.311952834227141108e-21
4.721692384366177109e+00 1.865355311315278315e-20 3.674413619421229107e-21
4.722357384365748700e+00 2.183677548591817336e-20 3.487572310582066198e-21
4.723022384365320292e+00 1.048123258816565338e-20 3.784222889582175394e-21
4.723687384364891884e+00 1.623919860413338665e-21 3.252116545899773276e-21
4.724352384364463475e+00 -2.421940040896834120e-20 3.563704050787537863e-21
4.725017384364035067e+00 8.656561472742973259e-21 3.819523748080964232e-21
4.725682384363606658e+00 8.519689762802523786e-21 3.816478424837991398e-21
4.726347384363178250e+00 6.758468131359345984e-21 3.790233042271076997e-21
4.727012384362749842e+00 -1.174251319967149579e-20 3.887867443150926213e-21
4.727677384362321433e+00 -5.258636835225599863e-21 3.699304352714518546e-21
4.728342384361893025e+00 1.345546201071532374e-20 3.521239041539017980e-21
4.729007384361464617e+00 1.177982634732497138e-20 3.234621370042208480e-21
4.729672384361036208e+00 7.843704085081077578e-21 3.648691505183540858e-21
4.730337384360607800e+00 -1.053434254889940632e-20 3.456207607142677422e-21
4.731002384360179391e+00 -1.207881289388648336e-20 3.558602206150809097e-21
4.731667384359750983e+00 2.363045454419622959e-20 4.681465830225734270e-21
4.732332384359322575e+00 2.566776701352108541e-20 3.315606636623721744e-21
4.732997384358894166e+00 8.787473921623902629e-22 3.377388755161947561e-21
4.733662384358465758e+00 1.087629025673542419e-20 3.497814929160209676e-21
4.734327384358037349e+00 1.806271442337216253e-20 3.715498983407627427e-21
4.734992384357608941e+00 3.940665050570789289e-20 4.172735001641771819e-21
4.735657384357180533e+00 3.283066932414588404e-20 3.757816556862765396e-21
4.736322384356752124e+00 2.846191152490151539e-20 4.371864891370185784e-21
4.736987384356323716e+00 1.686677369907476979e-20 3.763563946634929187e-21
4.737652384355895308e+00 -5.220947027710436392e-21 3.640472455844083681e-21
4.738317384355466899e+00 -1.562168245421632764e-21 3.641480627470045915e-21
4.738982384355038491e+00 -3.235244174297334894e-21 3.649921773412347868e-21
4.739647384354610082e+00 -1.482668587564027563e-20 3.801671766460873770e-21
4.740312384354181674e+00 1.264020886962164788e-20 3.416535561633924967e-21
4.740977384353753266e+00 8.818087450566426861e-21 3.852925240708196807e-21
4.741642384353324857e+00 1.605849194003804425e-21 4.129868283588595222e-21
4.742307384352896449e+00 -1.100317095826535647e-20 3.353724592450655415e-21
4.742972384352468040e+00 -1.525096072248188758e-20 3.519037601294060564e-21
4.743637384352039632e+00 4.863630391108840817e-21 3.504315539295283282e-21
4.744302384351611224e+00 7.291946724725579731e-21 4.913435183780922199e-21
4.744967384351182815e+00 1.344692095829780676e-20 3.730343348119148134e-21
4.745632384350754407e+00 2.480219183108860264e-20 4.124015745007547469e-21
4.746297384350325999e+00 1.371415627084474177e-20 3.504117459360069817e-21
4.746962384349897590e+00 1.594424222301857192e-20 3.545216675974019911e-21
4.747627384349469182e+00 7.718172718045714741e-21 3.779431738013542995e-21
4.748292384349040773e+00 9.385753997084541323e-21 3.737785112959241530e-21
4.748957384348612365e+00 8.235563657756839046e-21 3.732512163893778025e-21
4.749622384348183957e+00 2.474610043124000633e-20 3.543371454112984208e-21
4.750287384347755548e+00 1.992900874241440627e-20 3.686376138578491085e-21
4.750952384347327140e+00 1.551671304189066650e-20 3.578888704444081806e-21
4.751617384346898731e+00 1.463731743043546206e-20 3.633529134872829930e-21
4.752282384346470323e+00 2.658190675743728634e-20 3.868048572648107128e-21
4.752947384346041915e+00 6.924257376860014506e-21 3.745075034662000299e-21
4.753612384345613506e+00 1.432105814856555902e-20 3.154683755711021679e-21
4.754277384345185098e+00 2.563786714428817844e-20 4.116784446447141329e-21
4.754942384344756690e+00 3.245475725769652924e-21 3.775185215793684966e-21
4.755607384344328281e+00 3.690846456753393184e-21 4.205023891004147864e-21
4.756272384343899873e+00 2.346785302669210308e-20 3.507123910484404727e-21
4.756937384343471464e+00 3.865202464976734133e-20 3.730051939832581562e-21
4.757602384343043056e+00 2.492090465592104112e-20 3.768203129550318079e-21
4.758267384342614648e+00 1.143417110184396892e-20 3.249705076845587655e-21
4.758932384342186239e+00 -4.071439043555062101e-22 3.579218583158411828e-21
4.759597384341757831e+00 -1.233679232512911254e-21 3.643045050331970411e-21
4.760262384341329422e+00 2.975396029272519519e-21 3.390401966476118103e-21
4.760927384340901014e+00 -1.862791250793937784e-21 3.637377134335049836e-21
4.761592384340472606e+00 2.874451833421763232e-20 3.691608059706324676e-21
4.762257384340044197e+00 1.641969977613569937e-21 3.889817258410426942e-21
4.762922384339615789e+00 -2.994701484318457550e-20 4.319858133894894970e-21
4.763587384339187381e+00 -7.953801386741182081e-21 3.806011095028949852e-21
4.764252384338758972e+00 -1.019206156552785295e-20 3.321154321037122948e-21
4.764917384338330564e+00 6.266317130673373472e-21 3.275118396681504278e-21
4.765582384337902155e+00 5.903745123942537595e-21 3.799950823496550930e-21
4.766247384337473747e+00 1.068658659648637671e-20 4.231703657404962066e-21
4.766912384337045339e+00 8.700876572129856376e-21 3.542636318856192554e-21
4.767577384336616930e+00 1.911744043018432030e-20 3.356605596595286114e-21
4.768242384336188522e+00 -1.564899688078039460e-20 3.851408182686729062e-21
4.768907384335760113e+00 2.820840966192876152e-20 3.407877703114546348e-21
4.769572384335331705e+00 3.239039757265517329e-20 3.845622448717172782e-21
4.770237384334903297e+00 3.480898126554049148e-20 3.773606548183307953e-21
4.770902384334474888e+00 1.140332754174834334e-20 3.754714054638346930e-21
4.771567384334046480e+00 2.659513198287753017e-21 4.868847159737535908e-21
4.772232384333618072e+00 6.136484785805701969e-21 3.666464910444648357e-21
4.772897384333189663e+00 2.225569973696301515e-20 3.640998026737406216e-21
4.773562384332761255e+00 2.833925205985234402e-20 3.731563502617104130e-21
4.774227384332332846e+00 1.381027861958400079e-20 3.479635499687363916e-21
4.774892384331904438e+00 1.153192257605779882e-20 3.420246169779600145e-21
4.775557384331476030e+00 7.674350173860420939e-21 3.772278004402319346e-21
4.776222384331047621e+00 8.229500126534020768e-21 3.973662641040303337e-21
4.776887384330619213e+00 -2.640461283035488977e-21 4.125989065553480681e-21
4.777552384330190804e+00 2.094149924240109000e-21 3.282605439192143923e-21
4.778217384329762396e+00 5.085543792035402441e-21 3.847671078002770997e-21
4.778882384329333988e+00 1.656968531525391999e-20 3.674130717756545205e-21
4.779547384328905579e+00 8.178947336246945666e-21 3.884047596058592936e-21
4.780212384328477171e+00 6.770143522666767101e-21 3.385674678589513686e-21
4.780877384328048763e+00 -4.694855342799112706e-22 3.281163295690372401e-21
4.781542384327620354e+00 1.194347024921002256e-20 3.623073468856006998e-21
4.782207384327191946e+00 1.491456421349325690e-20 3.906559841249017759e-21
4.782872384326763537e+00 1.420755430437385357e-20 3.803524125073683496e-21
4.783537384326335129e+00 9.924068194585776348e-21 3.241988080509203837e-21
4.784202384325906721e+00 1.597202876550997792e-20 3.453172172319753430e-21
4.784867384325478312e+00 6.246744615288946722e-21 4.215705656872890128e-21
4.785532384325049904e+00 7.159399084810137495e-21 4.068854351983981224e-21
4.786197384324621495e+00 1.686583850411729528e-20 3.926612867442430923e-21
4.786862384324193087e+00 8.623297036204737231e-21 3.872787165735656870e-21
4.787527384323764679e+00 -7.839129166069666692e-21 4.014703692260361509e-21
4.788192384323336270e+00 1.602654473162857110e-20 3.787527571712079003e-21
4.788857384322907862e+00 4.831067096217388013e-20 4.047183286672664156e-21
4.789522384322479454e+00 -1.071580680873898209e-21 3.485173192784385527e-21
4.790187384322051045e+00 3.426941465730117464e-21 3.628246944776026465e-21
4.790852384321622637e+00 4.564472724159798415e-21 4.019881295650490993e-21
4.791517384321194228e+00 -9.367705029081402721e-21 3.918928943359450888e-21
4.792182384320765820e+00 -2.035264003348682540e-20 3.385062468539821671e-21
4.792847384320337412e+00 4.228818379584824596e-21 3.535965282178375068e-21
4.793512384319909003e+00 4.344581889185528863e-21 3.453259725206129614e-21
4.794177384319480595e+00 7.398820868963259053e-22 3.725330614892185496e-21
4.794842384319052186e+00 1.349498415811531168e-20 3.644071825497297913e-21
4.795507384318623778e+00 2.527247435115211648e-20 3.386885267493502116e-21
4.796172384318195370e+00 -1.744684620939193015e-20 3.506626950500272789e-21
4.796837384317766961e+00 6.105710357862242455e-21 3.677314548188776630e-21
4.797502384317338553e+00 2.276887737116475548e-20 3.673467344218715596e-21
4.798167384316910145e+00 4.678792114210319354e-21 3.799903556627690032e-21
4.798832384316481736e+00 5.928590268867641020e-21 3.670544449296146068e-21
4.799497384316053328e+00 -9.412795880990864253e-21 3.885545460056423724e-21
4.800162384315624919e+00 5.844594031957760846e-21 3.874832251076835514e-21
4.800827384315196511e+00 3.494660850494724367e-20 4.175112254079739812e-21
4.801492384314768103e+00 3.132378568082600714e-20 3.922373693144252223e-21
4.802157384314339694e+00 1.250763523295989306e-20 4.238982238176414240e-21
4.802822384313911286e+00 4.772299019013277515e-21 4.013878667093562773e-21
4.803487384313482877e+00 2.667853135636006919e-20 3.699670350541077806e-21
4.804152384313054469e+00 4.194724073715107160e-20 3.956243189313948299e-21
4.804817384312626061e+00 3.592008650193479708e-21 6.484616071734191030e-21
4.805482384312197652e+00 1.378833114988085699e-20 3.823803392401998742e-21
4.806147384311769244e+00 -7.544189399268686778e-22 3.811074754447582886e-21
4.806812384311340836e+00 -1.458959677654211753e-20 3.477324581989063314e-21
4.807477384310912427e+00 1.286569431643375696e-20 3.923811405859828543e-21
4.808142384310484019e+00 5.240479109970048265e-21 4.187773406003776035e-21
4.808807384310055610e+00 2.085944125587562084e-20 3.659486867326589575e-21
4.809472384309627202e+00 1.993395389243152916e-20 3.823195472279562686e-21
4.810137384309198794e+00 -1.382063540376383955e-20 3.856577612269206696e-21
4.810802384308770385e+00 4.481487900308851841e-21 3.835220595564268475e-21
4.811467384308341977e+00 2.200595738151439908e-20 3.625010521374846384e-21
4.812132384307913568e+00 1.435180030816860138e-20 3.357908470889520982e-21
4.812797384307485160e+00 6.782092066004864941e-21 4.391419803418065907e-21
4.813462384307056752e+00 5.913887081497919519e-21 3.654164185284315750e-21
4.814127384306628343e+00 -4.129931320927242980e-22 3.504034623064957795e-21
4.814792384306199935e+00 1.376804114924982901e-20 3.979833686120710517e-21
4.815457384305771527e+00 -1.917999804887844172e-20 4.480850436624853337e-21
4.816122384305343118e+00 -1.503968463180144563e-20 3.667142748856322010e-21
4.816787384304914710e+00 1.307165989631689119e-22 3.502598013884014851e-21
4.817452384304486301e+00 9.116317228165891815e-21 4.154508473676827996e-21
4.818117384304057893e+00 2.074475078866990898e-20 3.501928618077863792e-21
4.818782384303629485e+00 1.513390676495706544e-20 3.406684319113800642e-21
4.819447384303201076e+00 -6.114061266789304655e-23 4.012050786845184264e-21
4.820112384302772668e+00 -2.006211055497186102e-22 3.745060443007189759e-21
4.820777384302344259e+00 1.405363776988618242e-21 3.960144094201467703e-21
4.821442384301915851e+00 1.460719817514242340e-20 3.518067521477269940e-21
4.822107384301487443e+00 1.930223770917125714e-20 4.475742331903688803e-21
4.822772384301059034e+00 1.233259050429290572e-20 4.391625548947407927e-21
4.823437384300630626e+00 1.551608863555185937e-20 3.764043109035276388e-21
4.824102384300202218e+00 3.002804257822968342e-20 3.457376730877239856e-21
4.824767384299773809e+00 2.052468369662185905e-20 3.455384142876249864e-21
4.825432384299345401e+00 1.567443936855583887e-20 4.864098678471239797e-21
4.826097384298916992e+00 1.552842683601742777e-20 4.190773068711987742e-21
4.826762384298488584e+00 1.266404173429690264e-20 4.257926031858112702e-21
4.827427384298060176e+00 1.003298738467630826e-20 4.132943661445187150e-21
4.828092384297631767e+00 7.722438160919163992e-21 4.396730735719181311e-21
4.828757384297203359e+00 2.304027208455713403e-21 3.808190998596138083e-21
4.829422384296774950e+00 8.989180451363248319e-21 3.460878089180193541e-21
4.830087384296346542e+00 1.063508310748777486e-20 3.610093155071740405e-21
4.830752384295918134e+00 -6.163924449262080777e-21 4.019214259924913732e-21
4.831417384295489725e+00 8.665127846696043001e-22 3.597470268900588032e-21
4.832082384295061317e+00 -4.546874779557875482e-21 3.763722520493466926e-21
4.832747384294632909e+00 6.482310415236659729e-21 4.184784135516418692e-21
4.833412384294204500e+00 1.266441574968147963e-20 3.882898814248050868e-21
4.834077384293776092e+00 -6.091893919614435871e-21 3.613155375901253114e-21
4.834742384293347683e+00 1.758754417573567085e-20 3.785754992906185229e-21
4.835407384292919275e+00 1.151253962726161279e-20 3.827550798663813595e-21
4.836072384292490867e+00 -2.913895744110631659e-21 3.412814043227071881e-21
4.836737384292062458e+00 -1.530253462849521588e-20 3.931619400738879658e-21
4.837402384291634050e+00 -9.934864593355595919e-21 4.269198340735313401e-21
4.838067384291205641e+00 -1.100175230316008052e-20 3.584273625250361763e-21
4.838732384290777233e+00 2.641663072703461398e-21 3.643761694195547401e-21
4.839397384290348825e+00 1.021475974889461077e-20 3.922116157021257119e-21
4.840062384289920416e+00 -4.750975556309908951e-21 3.643673353918672883e-21
4.840727384289492008e+00 8.457676097671058894e-21 3.899507910894392759e-21
4.841392384289063600e+00 8.492215915766037512e-21 3.559189097255629184e-21
4.842057384288635191e+00 1.799432091452497575e-20 3.993086870638502263e-21
4.842722384288206783e+00 1.184701190221952278e-20 3.488546494308111140e-21
4.843387384287778374e+00 1.973872771696335459e-20 3.874082639563902687e-21
4.844052384287349966e+00 1.214379461048201054e-20 3.871111484534366995e-21
4.844717384286921558e+00 1.079905663122543025e-20 3.977810482226975225e-21
4.845382384286493149e+00 6.511904821152157229e-21 3.651584486993232019e-21
4.846047384286064741e+00 -8.100540068356327028e-21 3.375862680384442849e-21
4.846712384285636332e+00 3.298150003868715698e-21 3.851509325454251508e-21
4.847377384285207924e+00 -1.093168354994426375e-20 3.882782437035406732e-21
4.848042384284779516e+00 1.936403417316325949e-21 3.404023185543473428e-21
4.848707384284351107e+00 -8.402802746441677786e-21 3.661734058191647412e-21
4.849372384283922699e+00 1.391933681890073463e-21 4.227244397952748334e-21
4.850037384283494291e+00 2.963357940830434297e-21 3.863484813380993714e-21
4.850702384283065882e+00 -1.026448112527241298e-21 3.707082322341073055e-21
4.851367384282637474e+00 -1.299065093183108733e-20 3.970049614610313742e-21
4.852032384282209065e+00 5.740571642345706237e-21 3.894999101147112374e-21
4.852697384281780657e+00 1.114973752466432219e-20 3.924444765378862647e-21
4.853362384281352249e+00 2.075308154229802306e-20 4.035431519560745293e-21
4.854027384280923840e+00 8.275041746460325179e-21 3.994341628937435864e-21
4.854692384280495432e+00 4.440192127547110321e-21 3.808442101344140246e-21
4.855357384280067023e+00 -8.019329510898444271e-22 3.604913679303787935e-21
4.856022384279638615e+00 1.240204855673013359e-20 4.344997376224843648e-21
4.856687384279210207e+00 6.547274998296719540e-21 4.174758861067692533e-21
4.857352384278781798e+00 -3.120327914700841514e-21 4.280234030652502447e-21
4.858017384278353390e+00 1.450035120884450427e-22 3.730352927307174098e-21
4.858682384277924982e+00 2.996491905865486184e-21 3.849309853820479906e-21
4.859347384277496573e+00 1.165813090557882811e-20 3.817641256963147079e-21
4.860012384277068165e+00 1.681375900976256046e-21 4.294271877126699277e-21
4.860677384276639756e+00 1.244742745518180319e-20 3.740910039138256587e-21
4.861342384276211348e+00 1.804882144847815860e-21 3.750847312067903300e-21
4.862007384275782940e+00 -5.956322399374012586e-21 3.653141315564629223e-21
4.862672384275354531e+00 1.350584255780143105e-20 3.721125429047501054e-21
4.863337384274926123e+00 -4.378469741497705667e-21 3.885824118397339329e-21
4.864002384274497715e+00 9.104694803848848015e-21 4.244842418769216343e-21
4.864667384274069306e+00 2.455953202008127544e-20 3.999677556433251016e-21
4.865332384273640898e+00 1.001873667410966210e-20 3.887450696544061460e-21
4.865997384273212489e+00 -1.845216540843349638e-21 3.913439296110275182e-21
4.866662384272784081e+00 1.399963229797917279e-20 3.557443666698831451e-21
4.867327384272355673e+00 1.706401381142647143e-20 3.982485083331646385e-21
4.867992384271927264e+00 2.451776993529176250e-20 4.099877305975639812e-21
4.868657384271498856e+00 3.551847468945644756e-20 4.031206090197094707e-21
4.869322384271070447e+00 2.540910644836553042e-20 4.836821594660848951e-21
4.869987384270642039e+00 9.490789148984083013e-21 4.249471825673812349e-21
4.870652384270213631e+00 7.389713528651983105e-21 3.761008796955590374e-21
4.871317384269785222e+00 2.496116453945043322e-20 3.801303523075765138e-21
4.871982384269356814e+00 -6.822619703610319688e-21 3.766226626019211956e-21
4.872647384268928406e+00 9.727815748712490825e-22 3.608965907713848123e-21
4.873312384268499997e+00 7.406930318881572174e-21 4.035926728129183774e-21
4.873977384268071589e+00 1.113183685007539024e-20 3.915289356965977260e-21
4.874642384267643180e+00 3.782990166631747905e-20 4.045484172155040460e-21
4.875307384267214772e+00 4.876850053019177183e-20 3.573002620135673963e-21
4.875972384266786364e+00 1.577197528054543138e-20 4.033972805965441402e-21
4.876637384266357955e+00 -1.956956850860278492e-21 3.913502988817831350e-21
4.877302384265929547e+00 1.809339987427252105e-20 3.890734810751878191e-21
4.877967384265501138e+00 3.515766932939246987e-20 4.669153394379900483e-21
4.878632384265072730e+00 2.577096230143487960e-20 3.979568763105347710e-21
4.879297384264644322e+00 2.592058741189535623e-20 4.468322040457109922e-21
4.879962384264215913e+00 1.681044312487083629e-20 4.072508496341213788e-21
4.880627384263787505e+00 9.975345685239368461e-21 3.934289613727246719e-21
4.881292384263359097e+00 6.720502238130810561e-22 3.813847319021065083e-21
4.881957384262930688e+00 1.294404839732273992e-20 4.097539312258070034e-21
4.882622384262502280e+00 1.912206364475175587e-20 3.967809205347422414e-21
4.883287384262073871e+00 4.013654392148954822e-21 3.743392152858455318e-21
4.883952384261645463e+00 -6.132550082993528585e-22 3.817439396008288423e-21
4.884617384261217055e+00 -1.093154812893829125e-20 3.841095885208803378e-21
4.885282384260788646e+00 5.192045419025240390e-21 4.339117814633681074e-21
4.885947384260360238e+00 1.268759122102467023e-20 3.783575853441084993e-21
4.886612384259931829e+00 -4.344275840178057593e-21 3.860535435075170426e-21
4.887277384259503421e+00 5.195498244906539875e-21 4.053514931064272228e-21
4.887942384259075013e+00 -1.499348397346841949e-20 4.065557468811671703e-21
4.888607384258646604e+00 -2.054458529534295950e-20 3.979015080271219314e-21
4.889272384258218196e+00 -1.332360240928204870e-20 3.733661025259710391e-21
4.889937384257789788e+00 -2.043480035683063148e-20 4.248251874828556159e-21
4.890602384257361379e+00 9.233434197477732883e-21 4.129551952405249428e-21
4.891267384256932971e+00 -1.089647129125931381e-20 3.964267660559889418e-21
4.891932384256504562e+00 1.310343944339755076e-20 4.187237218549185795e-21
4.892597384256076154e+00 1.035778268480237355e-20 4.204076578617335367e-21
4.893262384255647746e+00 -2.784381571259771360e-20 3.712921533075389338e-21
4.893927384255219337e+00 2.018431180477621921e-20 3.792563606666908656e-21
4.894592384254790929e+00 2.335144596896498212e-20 4.829236806737119147e-21
4.895257384254362520e+00 1.324414522487211698e-20 4.263349059018819154e-21
4.895922384253934112e+00 -1.279009511140240116e-20 4.002657886979680480e-21
4.896587384253505704e+00 1.724796442949389352e-20 4.034830565786361161e-21
4.897252384253077295e+00 2.026561184763840276e-20 3.405576788172380256e-21
4.897917384252648887e+00 2.667757848329300136e-20 3.755835934910904249e-21
4.898582384252220479e+00 6.727568246911320053e-21 4.369604110960692169e-21
4.899247384251792070e+00 5.614931684359057601e-21 3.995341948693820346e-21
4.899912384251363662e+00 2.012609655330495605e-22 3.740224166121619101e-21
4.900577384250935253e+00 -1.630430508696248768e-20 3.672719078293283688e-21
4.901242384250506845e+00 -7.463032896660706442e-21 3.701374893432595132e-21
4.901907384250078437e+00 1.229907474723455325e-20 3.889852756640782929e-21
4.902572384249650028e+00 1.701411740709865894e-20 8.565174396113943314e-21
4.903237384249221620e+00 2.266293915750994947e-21 7.279414660259125740e-21
4.903902384248793211e+00 -2.917032097590309934e-20 4.429605407710993481e-21
4.904567384248364803e+00 1.020913024082188822e-20 8.793757146934718624e-21
4.905232384247936395e+00 1.316174875520070015e-20 5.102795840303858894e-21
4.905897384247507986e+00 -1.332662262163923080e-20 4.191606222385893056e-21
4.906562384247079578e+00 6.877135799968759273e-21 5.257739736504145495e-21
4.907227384246651170e+00 1.103727746407262640e-20 4.097338480340662694e-21
4.907892384246222761e+00 6.735450891845559334e-21 3.629120851563161246e-21
4.908557384245794353e+00 1.224400553126672878e-20 3.949529110143713841e-21
4.909222384245365944e+00 -3.094922893451392359e-21 3.889347423235604116e-21
4.909887384244937536e+00 -1.472781128756692124e-21 3.771931285934817572e-21
4.910552384244509128e+00 1.335345165846634898e-20 3.693563991119556578e-21
4.911217384244080719e+00 1.958588782889287684e-20 4.061975758412570713e-21
4.911882384243652311e+00 2.827472962043423402e-20 4.143261240703201926e-21
4.912547384243223902e+00 6.371754138326502098e-21 3.717402955048376343e-21
4.913212384242795494e+00 8.539697359347120877e-21 3.724215101247011016e-21
4.913877384242367086e+00 2.591117721276468731e-20 3.859027225971630455e-21
4.914542384241938677e+00 3.590288289391900246e-20 4.083864333166118023e-21
4.915207384241510269e+00 1.357158939517029662e-20 4.085343073785350402e-21
4.915872384241081861e+00 2.124651047230395466e-20 4.028051191593545758e-21
4.916537384240653452e+00 -6.707126815646256157e-21 4.158563062922051114e-21
4.917202384240225044e+00 3.463632864273283973e-20 3.656081649218036881e-21
4.917867384239796635e+00 1.442941297495679717e-20 4.325342744331566553e-21
4.918532384239368227e+00 1.512860482375805359e-20 9.228473820471464277e-21
4.919197384238939819e+00 9.106304396982202542e-21 1.027270226009188509e-20
4.919862384238511410e+00 2.342985896504925161e-21 4.091546304262000110e-21
4.920527384238083002e+00 -4.582073769184537501e-21 3.962539032630026887e-21
4.921192384237654593e+00 4.573464516271066129e-21 4.006649280912075872e-21
4.921857384237226185e+00 1.448205822032271494e-20 3.969918105877228582e-21
4.922522384236797777e+00 -1.662079664711175820e-20 3.917042029527036508e-21
4.923187384236369368e+00 2.278336878862896670e-20 4.076554882041650324e-21
4.923852384235940960e+00 9.089872037471935095e-22 4.199680467255965475e-21
4.924517384235512552e+00 -8.969422633949150164e-21 3.646241546613540240e-21
4.925182384235084143e+00 2.000326316599812302e-20 4.068947529918600231e-21
4.925847384234655735e+00 6.653290678617866861e-21 3.717313743078057454e-21
4.926512384234227326e+00 1.534073280470235305e-20 3.733543097487872094e-21
4.927177384233798918e+00 1.857539224237233717e-20 3.861451105302992610e-21
4.927842384233370510e+00 1.023638402803999903e-20 4.353020332121680334e-21
4.928507384232942101e+00 9.519681072595093230e-21 4.009912013322279156e-21
4.929172384232513693e+00 3.968934223765634525e-20 3.496656954363092130e-21
4.929837384232085284e+00 1.034032328374163540e-20 4.344164641315292354e-21
4.930502384231656876e+00 4.046643000034139423e-20 4.425602842146838084e-21
4.931167384231228468e+00 2.073655422090668008e-20 3.977106887968257602e-21
4.931832384230800059e+00 4.712920167295888282e-21 3.978336032267905929e-21
4.932497384230371651e+00 -2.292504752527079774e-20 4.429483491399542107e-21
4.933162384229943243e+00 2.108355124270738969e-20 3.923893813132518671e-21
4.933827384229514834e+00 2.697654653752235366e-21 3.835273554010456957e-21
4.934492384229086426e+00 -2.328252871380393523e-21 5.526343433938473677e-21
4.935157384228658017e+00 -4.923906756372459963e-21 4.089992062848948129e-21
4.935822384228229609e+00 -1.235954060524885228e-20 3.504998458312090452e-21
4.936487384227801201e+00 3.774517824852652947e-20 3.710930601795958764e-21
4.937152384227372792e+00 2.173629798563408582e-20 4.447659294008043084e-21
4.937817384226944384e+00 1.467454457860184703e-20 3.839515155772774414e-21
4.938482384226515975e+00 1.444108621089165837e-20 4.503958942425473167e-21
4.939147384226087567e+00 -3.970417427871367048e-21 3.727291063970802903e-21
4.939812384225659159e+00 -3.417788280976928814e-21 4.062205389578834074e-21
4.940477384225230750e+00 1.613636251224449793e-20 3.512645959938933148e-21
4.941142384224802342e+00 2.288235131120488269e-20 4.653316312248759977e-21
4.941807384224373934e+00 2.581428188216906190e-20 4.289170087313174830e-21
4.942472384223945525e+00 -2.035115652894362882e-21 4.091013567973308081e-21
4.943137384223517117e+00 3.016896180328040037e-20 4.208299620746309838e-21
4.943802384223088708e+00 3.831500972148539551e-20 3.792598836481772244e-21
4.944467384222660300e+00 2.060992919708272578e-20 4.620009085002013922e-21
4.945132384222231892e+00 6.229738555229366294e-21 1.378940655850471154e-20
4.945797384221803483e+00 2.755800089120021255e-20 4.321709138367762033e-21
4.946462384221375075e+00 2.287692406013386303e-21 4.299437728978187886e-21
4.947127384220946666e+00 3.402523720207932819e-20 4.336206326151982547e-21
4.947792384220518258e+00 4.888909906919681610e-20 4.554079674881582355e-21
4.948457384220089850e+00 3.273619306454601902e-20 4.930193583084427740e-21
4.949122384219661441e+00 -5.548921345510643235e-21 5.397573574669140809e-21
4.949787384219233033e+00 -7.579812193411625442e-21 5.305513237931405775e-21
4.950452384218804625e+00 2.828992879692660539e-20 4.702808389958505236e-21
4.951117384218376216e+00 5.290469718781619057e-21 4.090417214778423773e-21
4.951782384217947808e+00 2.421877260814188386e-20 4.518121194286889781e-21
4.952447384217519399e+00 2.031557762952702531e-20 4.787699214616830946e-21
4.953112384217090991e+00 2.022185150825592021e-21 3.979732719660163055e-21
4.953777384216662583e+00 3.630991338889362817e-21 4.355164013987586559e-21
4.954442384216234174e+00 -7.749514702550411529e-21 4.622606738294278550e-21
4.955107384215805766e+00 -1.217545162378495855e-20 4.029282099820292698e-21
4.955772384215377357e+00 6.487339484064060256e-21 3.924504929547277394e-21
4.956437384214948949e+00 5.563880766109535988e-20 3.897813240685941555e-21
4.957102384214520541e+00 8.703128100522400305e-21 4.116356455326553275e-21
4.957767384214092132e+00 -1.263492590537751660e-20 4.219660490203913064e-21
4.958432384213663724e+00 -4.480340703161494478e-21 3.932867641984664009e-21
4.959097384213235316e+00 1.123365458130834373e-20 4.317775933383101922e-21
4.959762384212806907e+00 1.800831160218104072e-20 3.851401766095385029e-21
4.960427384212378499e+00 -1.405565780272261237e-21 4.051949816725974292e-21
4.961092384211950090e+00 2.020862758707844055e-20 3.650530318519579336e-21
4.961757384211521682e+00 2.702626731073713340e-20 4.269703032383082872e-21
4.962422384211093274e+00 2.330177354789120287e-20 4.257750956453608014e-21
4.963087384210664865e+00 4.490783883471958058e-21 4.346861102494027538e-21
4.963752384210236457e+00 1.887584049989755383e-21 5.808462919372597368e-21
4.964417384209808048e+00 -2.289294095871298382e-21 3.714666933866368772e-21
4.965082384209379640e+00 3.162667464644120820e-21 6.944607020281916135e-21
4.965747384208951232e+00 -1.489186345064323446e-20 3.739080371197268883e-21
4.966412384208522823e+00 -5.500906347059314902e-21 4.243704315620562989e-21
4.967077384208094415e+00 1.989264819118840232e-20 3.850500481471411572e-21
4.967742384207666007e+00 2.323797077812647775e-20 4.673184453363400871e-21
4.968407384207237598e+00 5.513790243015999312e-21 3.722806894894429135e-21
4.969072384206809190e+00 2.179720962198174902e-20 3.765997122824285747e-21
4.969737384206380781e+00 1.896902159581618641e-20 3.613394037437152131e-21
4.970402384205952373e+00 -9.391774469011576261e-21 3.795690959928545529e-21
4.971067384205523965e+00 -1.431616877866865563e-20 4.216899145752899168e-21
4.971732384205095556e+00 1.982429519955403213e-21 3.848335895117910206e-21
4.972397384204667148e+00 -2.264152630723950304e-20 4.370847220614626491e-21
4.973062384204238739e+00 -1.804782036589955459e-20 4.145228884973244226e-21
4.973727384203810331e+00 -8.282236937664785464e-21 4.222206372163376833e-21
4.974392384203381923e+00 -5.889422032648660221e-21 4.359592839918107789e-21
4.975057384202953514e+00 1.519669102261719367e-20 4.176195558601926540e-21
4.975722384202525106e+00 7.186377670857397265e-21 4.236264289419527248e-21
4.976387384202096698e+00 -7.581875148329569187e-22 4.972220642809534036e-21
4.977052384201668289e+00 1.410273487921465237e-20 4.103972745888816200e-21
4.977717384201239881e+00 -7.311433096861999290e-21 4.011293859986842045e-21
4.978382384200811472e+00 -1.441184953035692462e-20 4.210936205846302035e-21
4.979047384200383064e+00 -1.772534133408245155e-20 4.449875986170329422e-21
4.979712384199954656e+00 -1.366090321435658314e-20 4.198859328085702608e-21
4.980377384199526247e+00 -6.081536306025302019e-21 4.115131525164164141e-21
4.981042384199097839e+00 -6.222422557441908050e-21 4.254478877353574695e-21
4.981707384198669430e+00 -4.796495674353877167e-23 4.363482973974726550e-21
4.982372384198241022e+00 1.954831312479801837e-20 3.979157814438013601e-21
4.983037384197812614e+00 -1.286219544307846047e-21 3.938444930930627939e-21
4.983702384197384205e+00 -7.818782120109439959e-22 3.788742262077674688e-21
4.984367384196955797e+00 2.338400160460204268e-21 3.622714597007591470e-21
4.985032384196527389e+00 6.727474128875115417e-22 4.573359682920786206e-21
4.985697384196098980e+00 2.357861603808984629e-20 4.361904780684946905e-21
4.986362384195670572e+00 4.280299297125028382e-20 3.892359196331336283e-21
4.987027384195242163e+00 4.675129652204408566e-20 3.943235445906468369e-21
4.987692384194813755e+00 4.024731347578019436e-20 3.678131346245163399e-21
4.988357384194385347e+00 3.607929432760166716e-20 3.940996220292754601e-21
4.989022384193956938e+00 1.947322886108243121e-20 3.956652803169063116e-21
4.989687384193528530e+00 1.586636437163165734e-20 4.050028823871104287e-21
4.990352384193100121e+00 -3.031508364567194483e-21 4.439404741501720141e-21
4.991017384192671713e+00 -4.711199318543904031e-21 3.875345935797246327e-21
4.991682384192243305e+00 1.890685768775586411e-20 4.138584789647831715e-21
4.992347384191814896e+00 1.094145166329750595e-20 4.234741063162285054e-21
4.993012384191386488e+00 3.973295929646498423e-20 3.972615522257499564e-21
4.993677384190958080e+00 1.186560666880699197e-20 3.680661744242873981e-21
4.994342384190529671e+00 1.523693438562280081e-20 4.361796822093049914e-21
4.995007384190101263e+00 3.185064417140929147e-21 4.289826555466216347e-21
4.995672384189672854e+00 -9.076987972965942582e-21 4.664582593048923922e-21
4.996337384189244446e+00 -2.543269900942935366e-21 3.804577968635002577e-21
4.997002384188816038e+00 1.193816662305610222e-20 3.610228498831778928e-21
4.997667384188387629e+00 1.687148619756657073e-20 3.990897621774674637e-21
4.998332384187959221e+00 -7.557781125607324897e-22 3.852005580393237713e-21
4.998997384187530812e+00 1.200774514033508619e-21 4.070699397941768770e-21
4.999662384187102404e+00 6.352692936640276282e-21 4.286314842810116592e-21
5.000327384186673996e+00 5.859316292907122858e-21 4.617632314007431134e-21
5.000992384186245587e+00 -2.734702503004053716e-20 4.192730302461487380e-21
5.001657384185817179e+00 -1.374563543659255579e-21 4.768309978355129220e-21
5.002322384185388771e+00 -9.520598906224513274e-21 3.902031818400328146e-21
5.002987384184960362e+00 -3.017591753029859663e-20 3.694957249322805156e-21
5.003652384184531954e+00 -1.756051608726339245e-20 3.747715548077344383e-21
5.004317384184103545e+00 -1.225042457917003869e-20 4.002967002824425663e-21
5.004982384183675137e+00 -3.341056759684102965e-21 4.127281363001291849e-21
5.005647384183246729e+00 -2.108944371197357522e-20 4.505633011658143817e-21
5.006312384182818320e+00 -2.123324279124510216e-21 4.001825464666561339e-21
5.006977384182389912e+00 3.810738374851867277e-21 4.913666694638355866e-21
5.007642384181961503e+00 -2.791418885143894527e-20 4.903838225565265452e-21
5.008307384181533095e+00 1.302414754731811818e-21 3.988940441808375644e-21
5.008972384181104687e+00 -6.797595330356771133e-21 4.741334500589818898e-21
5.009637384180676278e+00 -9.327425279241406471e-21 3.911533984880990930e-21
5.010302384180247870e+00 -1.597102412851859448e-20 3.858585870593122516e-21
5.010967384179819462e+00 1.158031519067359606e-20 4.319545220299098796e-21
5.011632384179391053e+00 2.429020707556489804e-20 4.407260122846123605e-21
5.012297384178962645e+00 2.678577801261245154e-20 3.876753330084151422e-21
5.012962384178534236e+00 2.131867590894290252e-20 3.788732472667835847e-21
5.013627384178105828e+00 -1.075951902895617296e-20 3.986444270971095982e-21
5.014292384177677420e+00 -1.023921366276054445e-20 3.716958015518168239e-21
5.014957384177249011e+00 2.609085674434032094e-20 3.905125498904642774e-21
5.015622384176820603e+00 2.029647174839702437e-20 3.849734773368025603e-21
5.016287384176392194e+00 -6.877654137811179713e-21 3.788752930313449113e-21
5.016952384175963786e+00 2.834416464090082249e-21 4.156876846526628700e-21
5.017617384175535378e+00 8.820284670212670746e-21 4.092677552308674801e-21
5.018282384175106969e+00 -1.266969569550104814e-20 4.032843962649290095e-21
5.018947384174678561e+00 -7.589053762781372387e-21 3.469400877341455016e-21
5.019612384174250153e+00 8.542374229137988382e-21 4.158282779259054683e-21
5.020277384173821744e+00 2.871950205535239797e-21 3.978341502829156564e-21
5.020942384173393336e+00 9.260698808076751732e-22 3.604993529583458221e-21
5.021607384172964927e+00 -9.580028645736641255e-22 3.785307835397391548e-21
5.022272384172536519e+00 5.444606042487040980e-21 3.914642288413724788e-21
5.022937384172108111e+00 6.733227462695775444e-21 3.852051499966950090e-21
5.023602384171679702e+00 4.123920189832479705e-20 3.623713066904192080e-21
5.024267384171251294e+00 4.362139903885332139e-20 4.019291460775646946e-21
5.024932384170822885e+00 2.300780622966795075e-20 4.145669825919355505e-21
5.025597384170394477e+00 7.819700880095674375e-21 4.085036860873835061e-21
5.026262384169966069e+00 1.584333268807999541e-20 4.193046215522670714e-21
5.026927384169537660e+00 2.033221756662819887e-20 4.017394356146923765e-21
5.027592384169109252e+00 2.021926294245950152e-20 4.151119611970139349e-21
5.028257384168680844e+00 1.434200103535971926e-20 4.022505697633512021e-21
5.028922384168252435e+00 2.134558458345523775e-20 3.794962259959977660e-21
5.029587384167824027e+00 -1.754128845938621633e-21 4.149229726048317789e-21
5.030252384167395618e+00 2.879712232277786897e-20 4.226828499091479200e-21
5.030917384166967210e+00 8.101440693061765229e-21 3.737851436120054842e-21
5.031582384166538802e+00 -1.141641546522446985e-20 3.518962538146212041e-21
5.032247384166110393e+00 -1.217515186134377350e-20 3.991163178467897578e-21
5.032912384165681985e+00 -5.608948402542243604e-21 3.741966631623217501e-21
5.033577384165253576e+00 1.803405169800223668e-20 3.907923231610834397e-21
5.034242384164825168e+00 2.188463608675405739e-20 3.749090041725165981e-21
5.034907384164396760e+00 8.496867125394836514e-21 3.921751931647157837e-21
5.035572384163968351e+00 -2.576409554647881341e-21 4.270158423409249572e-21
5.036237384163539943e+00 -1.187784307799530090e-20 4.067177859041309569e-21
5.036902384163111535e+00 -1.052740764811810681e-20 3.784420389137882525e-21
5.037567384162683126e+00 -5.440094016640664310e-21 3.921430496301991412e-21
5.038232384162254718e+00 -1.209079485298425512e-20 4.062681289380760424e-21
5.038897384161826309e+00 5.387340006591967931e-21 3.620256423107516081e-21
5.039562384161397901e+00 -6.973139715791440244e-21 4.233263365272495928e-21
5.040227384160969493e+00 8.019534668932924442e-21 4.090171944044757437e-21
5.040892384160541084e+00 -1.586337314592224949e-21 3.994423105203153581e-21
5.041557384160112676e+00 -1.675379597384093585e-20 3.488507098317730967e-21
5.042222384159684268e+00 -4.410407647688386996e-21 3.841132534095790771e-21
5.042887384159255859e+00 -1.032309699955682870e-20 3.785059389703868526e-21
5.043552384158827451e+00 8.831637206738861810e-21 3.718172769140106153e-21
5.044217384158399042e+00 1.480019008555519317e-20 3.982911747680145233e-21
5.044882384157970634e+00 2.558556507353071800e-20 4.105897879282495538e-21
5.045547384157542226e+00 -6.101445161050908611e-22 3.866101555651288794e-21
5.046212384157113817e+00 3.781993512413777639e-21 5.574949527082812927e-21
5.046877384156685409e+00 -9.712963390960743993e-21 5.435373415161293779e-21
5.047542384156257000e+00 6.663733321488167230e-21 5.498085696905884281e-21
5.048207384155828592e+00 9.453222196939983834e-21 3.731958327463745354e-21
5.048872384155400184e+00 1.549692169818972868e-20 4.052089807848496594e-21
5.049537384154971775e+00 2.347643888755407569e-20 4.115985291216506324e-21
5.050202384154543367e+00 2.037891284143777595e-20 3.800133571736799630e-21
5.050867384154114959e+00 -7.728453087281923180e-22 3.565182124804173238e-21
5.051532384153686550e+00 2.223086469073477303e-20 3.899506400673114419e-21
5.052197384153258142e+00 2.418458648325522078e-20 4.495002170170447281e-21
5.052862384152829733e+00 -1.969402077517535469e-20 4.132456246483981477e-21
5.053527384152401325e+00 -1.278709075023240652e-20 3.851072662177008196e-21
5.054192384151972917e+00 -5.510408645267402593e-21 4.110076951547113903e-21
5.054857384151544508e+00 -1.947479000773027821e-20 3.829034533565978662e-21
5.055522384151116100e+00 1.593925816179459511e-20 4.901923769749633678e-21
5.056187384150687691e+00 3.170461540067261684e-20 4.031022007673528455e-21
5.056852384150259283e+00 2.067591857000829367e-20 4.152531174125031401e-21
5.057517384149830875e+00 1.506496312961290837e-20 4.004500904136326648e-21
5.058182384149402466e+00 1.670991321666307508e-20 4.316441863366512430e-21
5.058847384148974058e+00 1.606575388626892316e-20 4.640451485043352530e-21
5.059512384148545650e+00 2.765013448042911145e-20 4.399688388950406320e-21
5.060177384148117241e+00 -1.002397000201230552e-20 3.866647984624079951e-21
5.060842384147688833e+00 9.617618121390490935e-21 4.099737225050878632e-21
5.061507384147260424e+00 2.091912710688131804e-20 3.796481165781897087e-21
5.062172384146832016e+00 1.049321988943831352e-20 3.949818451091520836e-21
5.062837384146403608e+00 -1.483600209643877570e-20 4.045444749258329609e-21
5.063502384145975199e+00 -5.208440090834965223e-21 4.291462418331111834e-21
5.064167384145546791e+00 2.628843443326461879e-20 4.366034739535430888e-21
5.064832384145118382e+00 -8.168324278347541589e-21 4.550842431685680484e-21
5.065497384144689974e+00 4.235124455222465309e-22 4.030381497727378657e-21
5.066162384144261566e+00 -1.351762831071744240e-20 4.176650920476031200e-21
5.066827384143833157e+00 9.344942336332087581e-21 3.981496370318663279e-21
5.067492384143404749e+00 2.885519106586750945e-20 3.810566101263506854e-21
5.068157384142976341e+00 8.490634777497013213e-21 3.879780846811500859e-21
5.068822384142547932e+00 1.534850931643551144e-20 3.665660302673056509e-21
5.069487384142119524e+00 1.705664337452770386e-20 3.799856133798180805e-21
5.070152384141691115e+00 3.007831982312409944e-20 4.114116224594429244e-21
5.070817384141262707e+00 1.508505505832246096e-20 4.606611419295779711e-21
5.071482384140834299e+00 2.881381322703360956e-20 4.149068603713784402e-21
5.072147384140405890e+00 1.030795162437310775e-20 3.678298394786786148e-21
5.072812384139977482e+00 2.449870127722691584e-20 4.197767190654658835e-21
5.073477384139549073e+00 1.029577835431877144e-20 3.728326653521533926e-21
5.074142384139120665e+00 -2.827858684963568144e-21 3.902663095621067468e-21
5.074807384138692257e+00 -6.271988252297196664e-21 4.392368120481692490e-21
5.075472384138263848e+00 9.809147368376735498e-21 4.085776333516025069e-21
5.076137384137835440e+00 7.251903354615875321e-21 3.926672411352863131e-21
5.076802384137407032e+00 2.989809181588732425e-20 4.447227054016738411e-21
5.077467384136978623e+00 1.531135958741379866e-20 5.268004916638095876e-21
5.078132384136550215e+00 2.089446432247665029e-20 4.585187367319445191e-21
5.078797384136121806e+00 -8.050593475566621206e-21 3.893387000652522176e-21
5.079462384135693398e+00 1.646809751133063246e-21 3.561525027587448212e-21
5.080127384135264990e+00 3.465756073889413566e-20 4.537445360363478588e-21
5.080792384134836581e+00 -9.714045112132602429e-22 4.013921198892966845e-21
5.081457384134408173e+00 -2.117324580797661524e-20 4.109392535784783536e-21
5.082122384133979764e+00 -5.265448396424337253e-21 3.985415596805765468e-21
5.082787384133551356e+00 -5.221612989065291303e-21 4.266069228432082148e-21
5.083452384133122948e+00 1.393803226865795377e-20 4.132373786422986240e-21
5.084117384132694539e+00 1.080891669493893387e-20 4.122392608290798606e-21
5.084782384132266131e+00 5.760805336610224983e-21 5.206267991607724614e-21
5.085447384131837723e+00 1.334956572177398654e-20 4.365387256460770863e-21
5.086112384131409314e+00 2.554751642991022081e-20 4.581180624583590425e-21
5.086777384130980906e+00 2.026083308668269999e-20 4.214440085843462905e-21
5.087442384130552497e+00 2.024848530579777812e-20 5.972254370230653883e-21
5.088107384130124089e+00 1.602623350466968982e-20 4.161029612146177233e-21
5.088772384129695681e+00 1.466072526224678862e-20 3.861904826430572283e-21
5.089437384129267272e+00 9.160881011838823846e-21 3.939182437197396808e-21
5.090102384128838864e+00 2.086993537087832811e-21 3.789548699670216526e-21
5.090767384128410455e+00 -8.235432485045971607e-21 4.789456888252494461e-21
5.091432384127982047e+00 6.339801582910118521e-21 4.408455732754110494e-21
5.092097384127553639e+00 -4.737394759742060396e-21 3.778182482099818849e-21
5.092762384127125230e+00 -1.368004595020587028e-20 3.751056659274118800e-21
5.093427384126696822e+00 1.959813532543280546e-20 4.330648822029244125e-21
5.094092384126268414e+00 3.473995865748670981e-20 3.888533701069871896e-21
5.094757384125840005e+00 2.276890223706604316e-20 3.885715208373494613e-21
5.095422384125411597e+00 1.470850398081834393e-20 4.020414079207109367e-21
5.096087384124983188e+00 2.825471503956279651e-20 3.539594458955072734e-21
5.096752384124554780e+00 2.271383532728153090e-20 3.949011674689756331e-21
5.097417384124126372e+00 3.554880575665016301e-20 3.771258481667966493e-21
5.098082384123697963e+00 1.951677738134902255e-20 4.413099113302103946e-21
5.098747384123269555e+00 2.865510803558264123e-20 1.024988017043480668e-20
5.099412384122841146e+00 2.616727681816413224e-20 8.131584021383751122e-21
5.100077384122412738e+00 1.406358514294989461e-20 9.576192355889271365e-21
5.100742384121984330e+00 6.136047095423018259e-21 4.187033558588433807e-21
5.101407384121555921e+00 1.293109519577615135e-20 3.951023060286934662e-21
5.102072384121127513e+00 1.218301672650678320e-20 4.064456286842815664e-21
5.102737384120699105e+00 3.100725430191794819e-21 4.294826752947213777e-21
5.103402384120270696e+00 4.976660419809832731e-21 4.201459911508131775e-21
5.104067384119842288e+00 1.389523602809176817e-20 4.042411944051989892e-21
5.104732384119413879e+00 1.092634865379007874e-20 4.431711056708370521e-21
5.105397384118985471e+00 2.753235338199632397e-20 4.263431878087157385e-21
5.106062384118557063e+00 1.161791995067041469e-20 4.192002463131962344e-21
5.106727384118128654e+00 2.472594589620454134e-20 3.522262891656343687e-21
5.107392384117700246e+00 -3.834875052199863351e-21 4.479484306237765979e-21
5.108057384117271837e+00 1.217973848392411411e-20 3.525262825874915651e-21
5.108722384116843429e+00 1.786471486044214540e-20 4.100706088389672910e-21
5.109387384116415021e+00 1.347427272258534960e-20 4.156721168951138872e-21
5.110052384115986612e+00 1.911677711638773467e-20 4.010067645630000633e-21
5.110717384115558204e+00 2.473004168998320995e-20 4.212484777382096767e-21
5.111382384115129796e+00 1.601846672434336986e-20 3.975066737975792499e-21
5.112047384114701387e+00 4.500595351971459396e-21 4.175442696734496440e-21
5.112712384114272979e+00 8.898823577960655368e-21 4.011035352321630636e-21
5.113377384113844570e+00 2.047710594013368979e-20 3.770017028728414792e-20
5.114042384113416162e+00 2.129619880452807912e-20 4.492229083849955844e-20
5.114707384112987754e+00 1.615418517370363663e-20 3.469454858586656393e-20
5.115372384112559345e+00 1.494214834753186686e-20 4.574342970675455262e-20
5.116037384112130937e+00 2.036309732891431141e-20 4.199200290003865769e-21
5.116702384111702528e+00 1.701725146595072820e-20 4.539140136325514163e-21
5.117367384111274120e+00 2.012530020631131262e-20 4.047345142278188743e-21
5.118032384110845712e+00 2.190595435989597008e-20 3.759658637002841081e-21
5.118697384110417303e+00 1.799844925439415493e-20 3.915068392621028626e-21
5.119362384109988895e+00 1.779213365218917759e-20 3.871989982335902881e-21
5.120027384109560487e+00 1.447800638058710386e-20 3.679594242759878882e-21
5.120692384109132078e+00 9.803036260203975945e-21 3.857971501715251589e-21
5.121357384108703670e+00 4.128653698494209925e-21 3.832823305056789862e-21
5.122022384108275261e+00 -4.474213900516833826e-21 3.474341802590114701e-21
5.122687384107846853e+00 3.142718751316532547e-20 4.075291109191521596e-21
5.123352384107418445e+00 4.685222275766964017e-20 3.904093682758613506e-21
5.124017384106990036e+00 -8.984805456682664573e-21 3.810020804887493506e-21
5.124682384106561628e+00 1.072827000937293724e-20 3.879866777897054434e-21
5.125347384106133219e+00 3.129921270370025809e-20 3.904751120975020441e-21
5.126012384105704811e+00 2.956846564918625414e-20 3.944295581071324631e-21
5.126677384105276403e+00 1.876689901626329430e-20 3.796595805465369159e-21
5.127342384104847994e+00 7.146393784978774905e-21 3.847092989445822384e-21
5.128007384104419586e+00 2.389209812192199649e-20 4.137830053382959717e-21
5.128672384103991178e+00 2.221892881650464343e-20 4.959837591434110404e-21
5.129337384103562769e+00 1.078739153569229871e-20 3.750331484428199460e-21
5.130002384103134361e+00 2.531691068029040944e-20 4.155746259059860380e-21
5.130667384102705952e+00 3.240223233745001400e-20 3.899620275845076636e-21
5.131332384102277544e+00 3.388205992658517951e-20 3.812825893703959670e-21
5.131997384101849136e+00 3.174641698835779741e-20 4.369973710601292497e-21
5.132662384101420727e+00 2.563446436978739228e-20 4.303037744780160436e-21
5.133327384100992319e+00 4.268461794727775790e-20 4.299899273794197216e-21
5.133992384100563910e+00 2.973543685611136081e-20 4.440683291674372385e-21
5.134657384100135502e+00 1.540850213766465406e-20 3.979839498091415692e-21
5.135322384099707094e+00 2.574996878096301664e-20 4.467236458275885316e-21
5.135987384099278685e+00 2.023295450209211164e-20 3.829728943144603995e-21
5.136652384098850277e+00 3.150844208077765898e-20 4.122188408637592595e-21
5.137317384098421869e+00 3.659860442643319325e-20 4.132318554680684087e-21
5.137982384097993460e+00 6.294788337174296060e-20 3.952317623786780960e-21
5.138647384097565052e+00 1.958461291920214971e-20 4.125691003485182875e-21
5.139312384097136643e+00 1.393807496705925436e-20 4.238237887320362831e-21
5.139977384096708235e+00 4.041100161449709114e-20 3.925811036236639451e-21
5.140642384096279827e+00 3.579502519042460324e-20 4.005635810060132590e-21
5.141307384095851418e+00 1.946669022329797218e-20 4.059791919334122121e-21
5.141972384095423010e+00 3.910453358822709334e-20 4.132325046121674920e-21
5.142637384094994601e+00 3.311814668865594648e-20 3.789491587915648664e-21
5.143302384094566193e+00 4.689202339112309362e-20 5.706061559228727131e-21
5.143967384094137785e+00 3.636284745341932995e-20 4.822319083087429412e-21
5.144632384093709376e+00 2.902575875764030777e-20 4.244348707703243437e-21
5.145297384093280968e+00 5.021206323892300700e-20 4.356357842777809973e-21
5.145962384092852560e+00 3.934222408548999590e-20 3.945719319906425290e-21
5.146627384092424151e+00 4.669381831286827271e-20 4.588034991761916292e-21
5.147292384091995743e+00 5.463300295051428916e-20 4.584752167314625547e-21
5.147957384091567334e+00 6.652465053793121913e-20 4.915962520884650783e-21
5.148622384091138926e+00 5.745727695812854386e-20 4.322705136807145056e-21
5.149287384090710518e+00 5.233911037670793075e-20 4.124612489751399035e-21
5.149952384090282109e+00 3.966706104684445361e-20 4.128803365370355973e-21
5.150617384089853701e+00 6.249299615333905405e-20 3.903749562019340410e-21
5.151282384089425292e+00 7.324871022817485323e-20 4.136190527624629514e-21
5.151947384088996884e+00 5.742916509129218028e-20 3.941043059106874850e-21
5.152612384088568476e+00 8.681740186779562014e-20 4.381784301580506473e-21
5.153277384088140067e+00 9.067825018289950333e-20 4.165117054040435337e-21
5.153942384087711659e+00 6.476142611354445984e-20 4.257860682128233062e-21
5.154607384087283251e+00 8.328504494601725436e-20 4.187585210552684680e-21
5.155272384086854842e+00 7.552029869769142112e-20 4.176734767617605424e-21
5.155937384086426434e+00 8.180909789255345658e-20 4.349887402563755312e-21
5.156602384085998025e+00 6.609383815739196595e-20 4.598851824227931045e-21
5.157267384085569617e+00 6.706871651869025511e-20 4.406713092306781386e-21
5.157932384085141209e+00 6.213377644958364921e-20 4.365402557576119393e-21
5.158597384084712800e+00 5.666646486766253841e-20 4.918249323414696844e-21
5.159262384084284392e+00 5.869674497602561943e-20 4.347168134224141683e-21
5.159927384083855983e+00 4.161958961815134166e-20 3.950635397015360460e-21
5.160592384083427575e+00 6.505153555498145913e-20 4.027456258674141644e-21
5.161257384082999167e+00 4.306174900677554093e-20 4.092897007044358235e-21
5.161922384082570758e+00 3.802369328143750960e-20 4.094223324719402351e-21
5.162587384082142350e+00 4.510828538229605283e-20 3.968511910033306972e-21
5.163252384081713942e+00 4.293586569801378092e-20 4.272286609567180705e-21
5.163917384081285533e+00 3.993852667500060023e-20 4.885666622394003760e-21
5.164582384080857125e+00 4.977970461167424908e-20 4.393435816032473414e-21
5.165247384080428716e+00 3.179862265365811555e-20 4.105588358574138013e-21
5.165912384080000308e+00 1.581399818974365328e-20 4.221370304933113783e-21
5.166577384079571900e+00 5.204944181907462078e-20 4.401875766825981453e-21
5.167242384079143491e+00 6.981847667847837153e-20 3.943381115636771229e-21
5.167907384078715083e+00 6.361652466697672585e-20 4.325729050866312522e-21
5.168572384078286674e+00 5.587246813361863696e-20 4.917707735573227330e-21
5.169237384077858266e+00 4.071786451683233908e-20 4.428088861410118560e-21
5.169902384077429858e+00 5.443206170917754314e-20 4.683325492158907233e-21
5.170567384077001449e+00 5.663358229730251981e-20 4.389302743897723585e-21
5.171232384076573041e+00 4.727495930705422590e-20 4.722941045886150334e-21
5.171897384076144633e+00 4.431652873590793516e-20 4.302683301167902035e-21
5.172562384075716224e+00 2.558463936828083316e-20 4.663250468452910283e-21
5.173227384075287816e+00 1.577955676466074989e-20 4.128777099547374729e-21
5.173892384074859407e+00 2.225699900230665334e-21 4.074044925892737815e-21
5.174557384074430999e+00 -2.969343440582973278e-21 3.995755205184927899e-21
5.175222384074002591e+00 1.701780176865234716e-20 4.325831018452018512e-21
5.175887384073574182e+00 8.908275752144926019e-21 4.087239804506397415e-21
5.176552384073145774e+00 2.835710473379090273e-20 4.236057141981472870e-21
5.177217384072717365e+00 5.882886536134127223e-20 4.613010939949571624e-21
5.177882384072288957e+00 2.011222549970842659e-21 4.237274200295924570e-21
5.178547384071860549e+00 2.168971483270820109e-20 4.213886809583308059e-21
5.179212384071432140e+00 2.198095139385764317e-20 4.437015272016340045e-21
5.179877384071003732e+00 1.995893425193869145e-20 4.086189847500750787e-21
5.180542384070575324e+00 3.550389684694050987e-20 3.958369451131970018e-21
5.181207384070146915e+00 2.756577227374531620e-21 4.274186047347797943e-21
5.181872384069718507e+00 7.164012405922940969e-21 4.261521324087787716e-21
5.182537384069290098e+00 1.845032334176150146e-20 4.224660230393910059e-21
5.183202384068861690e+00 1.392567758582365294e-20 5.062281100970606785e-21
5.183867384068433282e+00 1.541843287289850926e-20 6.095116576088261858e-21
5.184532384068004873e+00 1.132422748972101516e-20 4.115416041929442379e-21
5.185197384067576465e+00 1.846791064371757217e-20 3.877584935420258009e-21
5.185862384067148056e+00 7.726773310692878337e-22 4.583135347551699976e-21
5.186527384066719648e+00 3.402266198432850835e-20 4.797237356865884586e-21
5.187192384066291240e+00 6.977511099663484581e-21 4.233690462121026239e-21
5.187857384065862831e+00 7.012928229592574385e-21 4.644150707910996408e-21
5.188522384065434423e+00 1.266183790745759793e-20 4.524446645970287446e-21
5.189187384065006015e+00 1.894509992128493378e-20 4.528821655717275949e-21
5.189852384064577606e+00 2.228459522172068569e-20 3.897156244501608021e-21
5.190517384064149198e+00 -2.588587404539758552e-21 4.319155590253613504e-21
5.191182384063720789e+00 -1.442876217731121104e-20 4.632876433571937935e-21
5.191847384063292381e+00 2.315804498960948449e-20 5.367456334808637043e-21
5.192512384062863973e+00 3.041748068362361086e-21 4.743971922039417427e-21
5.193177384062435564e+00 1.442443689776168047e-20 3.929916994906342438e-21
5.193842384062007156e+00 4.480019290561858011e-20 4.465436596829091713e-21
5.194507384061578747e+00 1.920793928069110188e-20 4.337501096312686779e-21
5.195172384061150339e+00 -1.117438850359708614e-20 5.511044262600860947e-21
5.195837384060721931e+00 1.989507304353642610e-21 4.331103605982646365e-21
5.196502384060293522e+00 3.404835299369510743e-20 3.896057174092650586e-21
5.197167384059865114e+00 2.067378864316321832e-20 4.267288829291155024e-21
5.197832384059436706e+00 1.656478006019693649e-20 4.147036924362866652e-21
5.198497384059008297e+00 2.188763889606975424e-20 4.046763910503254013e-21
5.199162384058579889e+00 -2.814566329553295116e-21 4.024814135275701517e-21
5.199827384058151480e+00 4.694509731052671514e-21 4.532758554376470127e-21
5.200492384057723072e+00 7.809687143413500405e-21 4.332588337641926239e-21
5.201157384057294664e+00 9.794329547736659935e-21 4.678791569888819736e-21
5.201822384056866255e+00 1.452090690631520869e-20 4.106418492299340975e-21
5.202487384056437847e+00 3.669026072990975636e-21 4.039466469792043200e-21
5.203152384056009438e+00 -1.064077151448914341e-20 4.184883053221026890e-21
5.203817384055581030e+00 -2.745520731716480887e-20 4.548594646708898771e-21
5.204482384055152622e+00 1.884755326240596391e-20 4.138688711172626587e-21
5.205147384054724213e+00 2.745561624124812013e-20 4.337534353904598162e-21
5.205812384054295805e+00 3.496284372177211405e-20 4.485038923438465316e-21
5.206477384053867397e+00 1.248228104406646467e-20 4.461717644673866503e-21
5.207142384053438988e+00 1.119335539225976630e-21 4.329554687769892179e-21
5.207807384053010580e+00 1.185469818248988897e-21 3.746048828776244525e-21
5.208472384052582171e+00 3.959582719915175781e-21 4.329588087214709608e-21
5.209137384052153763e+00 -2.515714198694075047e-21 4.150490782605471610e-21
5.209802384051725355e+00 1.982540445515434194e-20 3.929338725646913315e-21
5.210467384051296946e+00 1.104121101027459794e-20 4.337872007651725246e-21
5.211132384050868538e+00 4.495107900161743478e-21 5.172132392732735958e-21
5.211797384050440129e+00 2.156915443174767646e-20 4.896610646733955208e-21
5.212462384050011721e+00 3.393677206197623075e-20 5.722775380895669269e-21
5.213127384049583313e+00 -9.388908197983995158e-21 4.504139608567799783e-21
5.213792384049154904e+00 6.748543654152338980e-21 5.545231648143513303e-21
5.214457384048726496e+00 -8.555437373963007306e-21 4.197967114322820125e-21
5.215122384048298088e+00 2.717142235737484848e-20 4.062342882363841269e-21
5.215787384047869679e+00 3.222465529428062081e-20 4.580080680482311069e-21
5.216452384047441271e+00 4.745664730576635520e-20 4.356661971260782742e-21
5.217117384047012862e+00 2.889354339708989891e-20 3.883013891153826295e-21
5.217782384046584454e+00 1.329335551006643390e-20 4.104316920463976913e-21
5.218447384046156046e+00 2.171981428589204368e-21 4.028798488243504921e-21
5.219112384045727637e+00 2.024474140963131695e-20 4.508931528549832471e-21
5.219777384045299229e+00 1.920927859178324357e-20 4.255458294447345911e-21
5.220442384044870821e+00 1.062658681684443859e-20 4.477339241945092618e-21
5.221107384044442412e+00 -2.193305749064720837e-21 4.225408355148895967e-21
5.221772384044014004e+00 1.023720140256959764e-20 4.742036287411976640e-21
5.222437384043585595e+00 4.158280776923219567e-21 4.051341470387961377e-21
5.223102384043157187e+00 1.004746445726296764e-20 4.049848351140850555e-21
5.223767384042728779e+00 1.466477327984914934e-20 3.861051608707832930e-21
5.224432384042300370e+00 -3.905422700097014382e-21 4.826435960729985080e-21
5.225097384041871962e+00 5.037119649678019935e-21 4.490943053161655321e-21
5.225762384041443553e+00 -5.388218799729219920e-21 3.965668318012613773e-21
5.226427384041015145e+00 2.269900813417251133e-21 3.842707342663505226e-21
5.227092384040586737e+00 -7.479666497706313199e-22 4.526624959817047954e-21
5.227757384040158328e+00 1.194965862950270263e-20 4.234420117873205369e-21
5.228422384039729920e+00 7.026815316007130231e-21 4.339284306390284739e-21
5.229087384039301512e+00 5.191929910140576450e-20 4.208839397154186593e-21
5.229752384038873103e+00 1.589480610478867502e-20 4.219710568206220481e-21
5.230417384038444695e+00 2.592727385990451338e-20 4.289515775180179666e-21
5.231082384038016286e+00 2.908466423314710385e-20 4.111781640292297880e-21
5.231747384037587878e+00 1.788316416823696569e-20 4.238276527346107001e-21
5.232412384037159470e+00 3.709962293868936237e-20 3.886682323665259060e-21
5.233077384036731061e+00 3.304628644191952430e-20 4.216979300974422383e-21
5.233742384036302653e+00 9.472564295682338474e-21 4.244469281698363334e-21
5.234407384035874244e+00 6.579970325031666105e-21 4.361046462839260626e-21
5.235072384035445836e+00 5.288760377968705836e-21 4.174300283543369435e-21
5.235737384035017428e+00 1.446247357755616254e-20 4.461498564984164330e-21
5.236402384034589019e+00 5.136741077039693250e-20 4.829829355941177928e-21
5.237067384034160611e+00 4.317018543375100990e-20 4.497385699599839964e-21
5.237732384033732203e+00 3.096469155118172944e-20 6.576490561629267498e-21
5.238397384033303794e+00 2.219829482954474039e-20 5.377861995436707423e-21
5.239062384032875386e+00 -2.216732011762018192e-20 4.841723578408432717e-21
5.239727384032446977e+00 -1.891240213862929013e-20 4.667980413915813651e-21
5.240392384032018569e+00 -5.495014245241356880e-21 6.342103934446896715e-21
5.241057384031590161e+00 6.992788150389308935e-21 4.699838763597236721e-21
5.241722384031161752e+00 -1.477064022649862564e-20 4.329671666732613455e-21
5.242387384030733344e+00 1.699112727080813740e-20 4.713094534149978755e-21
5.243052384030304935e+00 2.676486728534052191e-20 4.398195432393590682e-21
5.243717384029876527e+00 2.708144309739578834e-20 4.460814310316266730e-21
5.244382384029448119e+00 2.118360374888423349e-20 4.498438092597826709e-21
5.245047384029019710e+00 1.056365462948658692e-20 4.307734078579615038e-21
5.245712384028591302e+00 2.092618777179670449e-20 4.228291529268745098e-21
5.246377384028162894e+00 7.763261723688340349e-21 4.478600135662881269e-21
5.247042384027734485e+00 2.945362334574432396e-20 4.450553865880647983e-21
5.247707384027306077e+00 1.714849040234085176e-20 4.465500852148967492e-21
5.248372384026877668e+00 1.263778852059244599e-20 4.883400121758141071e-21
5.249037384026449260e+00 1.572812759515783370e-20 4.667208015614058254e-21
5.249702384026020852e+00 -2.046533035370094079e-21 4.732589468034681595e-21
5.250367384025592443e+00 2.455080179897378250e-20 6.449427018496055195e-21
5.251032384025164035e+00 4.305548373489001291e-20 1.052929139976601685e-20
5.251697384024735626e+00 1.455923896259032540e-20 1.500124724673674581e-20
5.252362384024307218e+00 -3.661712506009689129e-20 9.622897459370851605e-21
5.253027384023878810e+00 2.252655918296207577e-20 4.263398718671128103e-21
5.253692384023450401e+00 -2.740593251731829764e-21 4.264223771579929052e-21
5.254357384023021993e+00 -2.164719957277057910e-20 5.396065875797556643e-21
5.255022384022593585e+00 1.369622026345116461e-20 4.487904414796271718e-21
5.255687384022165176e+00 -1.606897673431378873e-20 4.803846379513413518e-21
5.256352384021736768e+00 2.652725525162670403e-20 4.734719481128056234e-21
5.257017384021308359e+00 1.732273071800531985e-20 4.782091223570974890e-21
5.257682384020879951e+00 -1.383509822934267894e-21 4.315286475273065664e-21
5.258347384020451543e+00 2.868837436956238617e-20 4.336907270873297130e-21
5.259012384020023134e+00 2.181382681160177121e-20 4.580454029830640850e-21
5.259677384019594726e+00 2.373748185884473619e-20 4.634042094810723426e-21
5.260342384019166317e+00 3.424289071751733873e-20 4.816547581815138757e-21
5.261007384018737909e+00 2.325707945878141784e-20 4.864168470354542118e-21
5.261672384018309501e+00 3.182018750381651249e-20 4.830611749815504120e-21
5.262337384017881092e+00 2.479278832810862286e-20 4.752927725690660454e-21
5.263002384017452684e+00 3.051768299595698044e-20 4.152748941486207142e-21
5.263667384017024276e+00 1.105363516933008494e-20 4.736495112545595915e-21
5.264332384016595867e+00 4.817412410383680290e-20 4.559715189597975757e-21
5.264997384016167459e+00 1.554992377118168807e-20 4.315830056790582028e-21
5.265662384015739050e+00 5.045514037551567626e-21 4.563671372237934171e-21
5.266327384015310642e+00 2.111331947864640664e-20 4.225300753315223677e-21
5.266992384014882234e+00 1.550261356288463707e-20 4.328378317258724418e-21
5.267657384014453825e+00 -1.455941787438965413e-21 4.679415556049455951e-21
5.268322384014025417e+00 1.089760330501114385e-20 4.726068344739722353e-21
5.268987384013597008e+00 2.404907168984385850e-20 4.140606387026163501e-21
5.269652384013168600e+00 3.510609220165670600e-20 6.393643281893339827e-21
5.270317384012740192e+00 -9.330929562574021229e-21 2.468520267990324534e-21
