Wavelength_um Flux Err
2.870332385558867827e+00 -9.614793021470078459e-21 4.822747268589292778e-21
2.870997385558439419e+00 3.949408283398780470e-21 3.253461545523133066e-21
2.871662385558011010e+00 -3.432917624675114871e-21 3.828791474151174342e-21
2.872327385557582602e+00 -2.996228645321303346e-20 4.270712950627775949e-21
2.872992385557154194e+00 -1.192783807497382311e-20 3.444055890475558231e-21
2.873657385556725785e+00 -1.655042821537779769e-20 3.302161225256739901e-21
2.874322385556297377e+00 -2.229362504896166804e-21 3.795424772615230581e-21
2.874987385555868968e+00 1.469772531483387702e-20 3.104497830235729707e-21
2.875652385555440560e+00 5.771029180177462779e-21 4.147600439660198836e-21
2.876317385555012152e+00 -2.520683327975403230e-21 3.639088777169845460e-21
2.876982385554583743e+00 -3.910699954311125934e-21 3.116436653191579752e-21
2.877647385554155335e+00 -8.368944564653229841e-21 3.202275621137806412e-21
2.878312385553726926e+00 -1.419197335412953919e-21 3.506936621810168676e-21
2.878977385553298518e+00 1.529006077502802264e-20 3.259480008019768952e-21
2.879642385552870110e+00 1.957194137099272315e-20 3.154145172126319751e-21
2.880307385552441701e+00 1.021828786498324365e-20 3.906205221640892779e-21
2.880972385552013293e+00 4.116666154255940413e-21 3.878860752314239836e-21
2.881637385551584885e+00 -8.607655926076674480e-21 3.491539214115940622e-21
2.882302385551156476e+00 8.248085863411196425e-21 3.573872397498053618e-21
2.882967385550728068e+00 -6.678835574877711965e-22 3.406001348486858704e-21
2.883632385550299659e+00 1.580321959019069419e-20 3.226599654474848174e-21
2.884297385549871251e+00 8.103365683566713964e-21 3.168752159326790761e-21
2.884962385549442843e+00 7.177845260799457750e-21 5.437113046100893825e-21
2.885627385549014434e+00 -8.240505981074435657e-21 3.128585496941782048e-21
2.886292385548586026e+00 3.604010733324727162e-21 3.877055547467108200e-21
2.886957385548157617e+00 6.918803248325524102e-21 3.541468403414027732e-21
2.887622385547729209e+00 -1.101941142891558424e-20 2.946585729958110828e-21
2.888287385547300801e+00 -7.026783873152405132e-21 2.957594679025866808e-21
2.888952385546872392e+00 8.930457133343820707e-21 3.831568388437933971e-21
2.889617385546443984e+00 1.627516473509676033e-20 2.883839460284857025e-21
2.890282385546015576e+00 1.546428380845422547e-20 3.749518319912139343e-21
2.890947385545587167e+00 1.276990796908869087e-20 3.170210804535049474e-21
2.891612385545158759e+00 1.441860289849416971e-20 2.746186388616719748e-21
2.892277385544730350e+00 1.171604746889458070e-20 3.138357467207284036e-21
2.892942385544301942e+00 -1.613244128487978977e-20 3.040514654620987941e-21
2.893607385543873534e+00 9.634493523676441306e-21 3.106007434147285969e-21
2.894272385543445125e+00 1.888209488015129264e-20 3.089870522661778261e-21
2.894937385543016717e+00 1.424725921412353649e-20 3.427410440009856355e-21
2.895602385542588308e+00 1.320836463594482972e-20 4.191717477175959883e-21
2.896267385542159900e+00 2.163148021635140465e-20 3.539858796565625781e-21
2.896932385541731492e+00 1.583328567128698998e-20 3.030987801305294555e-21
2.897597385541303083e+00 1.113052594747104278e-20 3.078132002974680677e-21
2.898262385540874675e+00 6.035713063881441206e-21 2.534948822107238971e-21
2.898927385540446267e+00 -3.343524774693203654e-21 2.843096570490970117e-21
2.899592385540017858e+00 -9.574644070773255412e-23 2.755300452150369388e-21
2.900257385539589450e+00 -5.562466564679667840e-21 2.926677049759948991e-21
2.900922385539161041e+00 1.876787035832783198e-21 2.494360688316531584e-21
2.901587385538732633e+00 -7.148192466249063819e-21 2.755773061168937750e-21
2.902252385538304225e+00 5.878505058468066700e-21 3.151707415551354922e-21
2.902917385537875816e+00 1.137014924543344227e-20 2.893072344274657032e-21
2.903582385537447408e+00 1.055959798426437139e-20 3.378865699190165401e-21
2.904247385537018999e+00 -9.368459940406638131e-21 2.977482417600448815e-21
2.904912385536590591e+00 7.795487349210869948e-22 3.153039098002150537e-21
2.905577385536162183e+00 1.503399842627353632e-20 3.007468913797438800e-21
2.906242385535733774e+00 -1.798698666274518892e-21 3.411462007979099417e-21
2.906907385535305366e+00 5.184285045342904757e-21 3.250282438700702525e-21
2.907572385534876958e+00 1.305209043981333619e-20 3.537000579218648719e-21
2.908237385534448549e+00 7.502683300887770414e-21 2.872557934859271589e-21
2.908902385534020141e+00 8.945094203139013466e-21 3.105080836582910868e-21
2.909567385533591732e+00 3.058910511745720181e-22 2.842514492614128064e-21
2.910232385533163324e+00 8.699486319301756131e-21 3.276526004920282867e-21
2.910897385532734916e+00 6.062066950347423602e-21 3.756514507064202433e-21
2.911562385532306507e+00 4.581728771724213769e-21 2.807898809084889275e-21
2.912227385531878099e+00 3.951442735624617864e-21 3.300213992229154904e-21
2.912892385531449690e+00 1.949473607212702605e-21 3.260621672485443548e-21
2.913557385531021282e+00 1.726931309825149901e-20 3.026605577353880695e-21
2.914222385530592874e+00 1.645232062520039265e-20 3.492728852467590922e-21
2.914887385530164465e+00 -8.010485756036113715e-22 4.213116522774492849e-21
2.915552385529736057e+00 3.138046280314558952e-21 3.059562800195673425e-21
2.916217385529307649e+00 1.510072384934082332e-21 2.546803288163216630e-21
2.916882385528879240e+00 3.856113383691628461e-20 2.847615742871458785e-21
2.917547385528450832e+00 2.123731536229251482e-20 2.194694356559540460e-21
2.918212385528022423e+00 5.080409396198961356e-21 3.164820096615442538e-21
2.918877385527594015e+00 1.352470295326943026e-21 3.169005766642720741e-21
2.919542385527165607e+00 1.791175504685969479e-20 4.361608896155847174e-21
2.920207385526737198e+00 -7.038711133805097075e-21 2.847723916171747343e-21
2.920872385526308790e+00 5.448188222599804321e-21 2.941513200142413942e-21
2.921537385525880381e+00 9.611842653996188316e-21 2.499949923565677778e-21
2.922202385525451973e+00 2.050634221095427839e-20 2.648984238551899235e-21
2.922867385525023565e+00 3.543240219468066131e-21 2.982868635977687230e-21
2.923532385524595156e+00 7.928119652881846686e-21 2.424055376529136341e-21
2.924197385524166748e+00 1.600962529182820513e-20 2.930238423249955212e-21
2.924862385523738340e+00 2.110243896217056480e-20 2.720214993745952194e-21
2.925527385523309931e+00 -2.963653190328097415e-22 2.595757697162091505e-21
2.926192385522881523e+00 3.390028899624021616e-21 2.466067780657939916e-21
2.926857385522453114e+00 1.619075892540968363e-20 2.495007958382025463e-21
2.927522385522024706e+00 7.835373595708377248e-21 2.658762751075071523e-21
2.928187385521596298e+00 8.525479563919178339e-21 2.311772739834453217e-21
2.928852385521167889e+00 8.246852743350171752e-21 2.808731589346150126e-21
2.929517385520739481e+00 -1.062049069202038607e-20 2.980583640871475243e-21
2.930182385520311072e+00 4.190681269849329913e-21 2.581910794451086049e-21
2.930847385519882664e+00 7.642803137112045631e-21 2.829996193209412180e-21
2.931512385519454256e+00 1.290045919570067798e-20 3.636614398734834527e-21
2.932177385519025847e+00 1.060900554698120178e-20 2.402162450383912177e-21
2.932842385518597439e+00 2.539087319044313809e-21 2.403594720630033339e-21
2.933507385518169031e+00 -4.075468874118024268e-21 2.623763399085745979e-21
2.934172385517740622e+00 -1.293067310207953259e-20 2.333989071491435095e-21
2.934837385517312214e+00 -1.207426386583856492e-20 2.582854688037778168e-21
2.935502385516883805e+00 -4.817198899734164958e-21 2.673771424760493679e-21
2.936167385516455397e+00 -6.572649038015319707e-22 2.596927978999524463e-21
2.936832385516026989e+00 5.887767047996778903e-21 2.875978861768684417e-21
2.937497385515598580e+00 1.464139138334712210e-20 2.858575665100678298e-21
2.938162385515170172e+00 2.918955969288541750e-20 2.239835080597088607e-20
2.938827385514741763e+00 1.043091903414880912e-20 2.976724847493261995e-21
2.939492385514313355e+00 5.920929436095944927e-21 2.645755256587407868e-21
2.940157385513884947e+00 -9.791741724332878271e-21 7.711590301167933472e-21
2.940822385513456538e+00 -1.116185697293785126e-20 1.191593276417464352e-20
2.941487385513028130e+00 2.274386985568633885e-20 2.689291048372952956e-21
2.942152385512599722e+00 1.593472792774954993e-20 2.309748729760692830e-21
2.942817385512171313e+00 9.092078450603756135e-21 2.469755776541615412e-21
2.943482385511742905e+00 -1.004955714596654322e-21 2.554855319502673435e-21
2.944147385511314496e+00 -4.616900579355385681e-22 2.261352457481774270e-21
2.944812385510886088e+00 9.208879047533505088e-21 2.648462183318254588e-21
2.945477385510457680e+00 1.219267561689472082e-21 2.156254620750999547e-21
2.946142385510029271e+00 1.010354779174205736e-21 2.411602650762968470e-21
2.946807385509600863e+00 2.302891569890831146e-21 2.644854369215887094e-21
2.947472385509172454e+00 -1.155546761161557093e-20 2.891222888448768537e-21
2.948137385508744046e+00 -7.780158175218738419e-21 2.219065517872530026e-21
2.948802385508315638e+00 5.927651237686256717e-21 2.622329961738403718e-21
2.949467385507887229e+00 2.382178260894280722e-20 2.330390390614456696e-21
2.950132385507458821e+00 1.058509078953141837e-20 2.360077181179408924e-21
2.950797385507030413e+00 8.276633676714415613e-21 2.301031907774858091e-21
2.951462385506602004e+00 1.988087959700378868e-20 2.467633264762972798e-21
2.952127385506173596e+00 1.023875079568669330e-20 2.752124337582569816e-21
2.952792385505745187e+00 5.540623080101753348e-21 2.425172579115712988e-21
2.953457385505316779e+00 -2.130999770000565972e-21 2.370241933679533272e-21
2.954122385504888371e+00 2.395827857339974386e-21 3.273013500891418369e-21
2.954787385504459962e+00 3.626392569786341214e-21 2.789924276936597811e-21
2.955452385504031554e+00 2.064091380576566861e-21 2.568112614611555518e-21
2.956117385503603145e+00 -3.394060968727603177e-21 3.029132329899924695e-21
2.956782385503174737e+00 -2.008908557079714557e-22 3.003415737523254853e-21
2.957447385502746329e+00 8.102106293558800773e-21 2.815293879329147854e-21
2.958112385502317920e+00 1.069886442535628772e-20 2.611026705955458148e-21
2.958777385501889512e+00 1.518183523284336525e-20 2.384231224058647341e-21
2.959442385501461104e+00 6.706933590523486805e-21 2.154763683982052140e-21
2.960107385501032695e+00 1.177233436532504260e-20 2.694480997636206192e-21
2.960772385500604287e+00 1.022772434445254128e-20 2.332029737652467847e-21
2.961437385500175878e+00 -4.030744952726142314e-22 2.348289200998935124e-21
2.962102385499747470e+00 8.277412487255044273e-21 2.193599725878646015e-21
2.962767385499319062e+00 1.011681949935151027e-20 2.853484376527067367e-21
2.963432385498890653e+00 1.190578181352630545e-20 3.075516449133136352e-21
2.964097385498462245e+00 7.325928581698802072e-21 3.023985677404507751e-21
2.964762385498033836e+00 2.841390182728412400e-21 2.616546772252332758e-21
2.965427385497605428e+00 7.920270745111017448e-21 2.494588047561943837e-21
2.966092385497177020e+00 8.854293772053147493e-21 2.500152188210042825e-21
2.966757385496748611e+00 -6.825699165441005011e-22 2.382930378173966778e-21
2.967422385496320203e+00 9.822417455427350241e-21 2.162439988351241074e-21
2.968087385495891795e+00 5.123244148390608751e-21 2.985289668061733649e-21
2.968752385495463386e+00 2.102860661809219786e-21 2.909699564285214010e-21
2.969417385495034978e+00 5.109799602548040816e-21 2.344829624404823800e-21
2.970082385494606569e+00 6.945363615826562436e-21 2.443737320720503850e-21
2.970747385494178161e+00 1.327752479166830972e-20 2.186207463445112033e-21
2.971412385493749753e+00 9.814152211706049834e-21 2.633048590354338999e-21
2.972077385493321344e+00 -2.771839127819832347e-21 2.375193646875747080e-21
2.972742385492892936e+00 3.426399919894586870e-21 2.285036823970348162e-21
2.973407385492464527e+00 1.036741846719361541e-20 2.377299149121859011e-21
2.974072385492036119e+00 -9.400951246042404220e-22 2.652729741773729584e-21
2.974737385491607711e+00 1.147023889557805125e-21 2.093215386347605113e-21
2.975402385491179302e+00 6.618815457710418360e-21 2.367819177196065709e-21
2.976067385490750894e+00 1.813975957834336974e-20 2.211750698429766573e-21
2.976732385490322486e+00 1.458487547017389123e-20 2.111409303561940721e-21
2.977397385489894077e+00 1.040989868074429420e-20 2.199702921778944899e-21
2.978062385489465669e+00 -4.019386365959234267e-22 2.431910665101104583e-21
2.978727385489037260e+00 2.818743546967350359e-21 2.346821530982865757e-21
2.979392385488608852e+00 -2.207886858895863880e-21 2.177694715563867846e-21
2.980057385488180444e+00 -2.766469507292000852e-21 2.227983378662971571e-21
2.980722385487752035e+00 2.651398767918199783e-21 2.033644624169109194e-21
2.981387385487323627e+00 4.623630300784838786e-21 2.282336002480199602e-21
2.982052385486895218e+00 8.586251845707783665e-21 2.509862134763129836e-21
2.982717385486466810e+00 5.802384776429635074e-21 2.113940515506210833e-21
2.983382385486038402e+00 -3.007204803397416947e-21 2.421874620596393750e-21
2.984047385485609993e+00 -6.126577360517463509e-21 2.327789904481889320e-21
2.984712385485181585e+00 5.373262617579767331e-22 2.305586403532986179e-21
2.985377385484753177e+00 -1.258147255974246539e-21 2.387830798156998044e-21
2.986042385484324768e+00 1.494988173156662754e-20 2.244143279459680895e-21
2.986707385483896360e+00 1.012111657044683817e-20 2.283705232307024962e-21
2.987372385483467951e+00 2.043305653519819344e-20 6.673652762096926056e-21
2.988037385483039543e+00 2.391898725583447800e-20 1.122183844915616066e-20
2.988702385482611135e+00 1.963704738064295570e-20 2.607878953009642198e-21
2.989367385482182726e+00 2.074139521211107630e-20 2.433492444010032797e-21
2.990032385481754318e+00 1.286578058643632509e-20 2.171927276210335388e-21
2.990697385481325909e+00 3.936622679273765501e-21 2.347792966718102438e-21
2.991362385480897501e+00 6.847460766523954647e-21 2.869674146902365092e-21
2.992027385480469093e+00 6.645336640192185984e-21 2.650238798950755622e-21
2.992692385480040684e+00 -1.201572924159876323e-22 2.191977837553767668e-21
2.993357385479612276e+00 -4.733461489451879881e-21 2.882580625258007158e-21
2.994022385479183868e+00 -1.046580472008536636e-20 2.547809096705563818e-21
2.994687385478755459e+00 8.238963369672415660e-21 2.786865510280028390e-21
2.995352385478327051e+00 4.245982729526690987e-21 2.878285401140168660e-21
2.996017385477898642e+00 7.834756903250797803e-21 2.761880906190679378e-21
2.996682385477470234e+00 1.235366046104881790e-20 2.218708769099556371e-21
2.997347385477041826e+00 8.704971122646736005e-21 2.412124936477668265e-21
2.998012385476613417e+00 -7.391049538609216660e-22 2.354292303634583848e-21
2.998677385476185009e+00 5.841000010135840826e-21 1.986165642848107905e-21
2.999342385475756600e+00 3.739324911449545210e-21 2.023286498966602649e-21
3.000007385475328192e+00 7.555881283195899622e-21 2.287633451618789967e-21
3.000672385474899784e+00 2.181253941097145760e-21 2.336745922799927212e-21
3.001337385474471375e+00 -7.082509635824770428e-21 2.001062016772183737e-21
3.002002385474042967e+00 -5.958856062641317633e-22 2.039250222500350387e-21
3.002667385473614559e+00 -3.654238090984958167e-21 2.071793319130723724e-21
3.003332385473186150e+00 -6.676488144186180400e-21 2.435936657982077523e-21
3.003997385472757742e+00 -2.760875035731635235e-21 2.598523702589245797e-21
3.004662385472329333e+00 5.393284137035330552e-21 2.533739706450397538e-21
3.005327385471900925e+00 3.084103663894171955e-21 2.358793239984931814e-21
3.005992385471472517e+00 3.852061956769245916e-21 2.292620690403515109e-21
3.006657385471044108e+00 -6.303635247071966490e-21 2.086745009583701417e-21
3.007322385470615700e+00 -6.804449276737544003e-21 2.165844586493399656e-21
3.007987385470187292e+00 1.643785530551176546e-21 2.163274054589369266e-21
3.008652385469758883e+00 -2.504782411963460435e-21 2.349924043739835105e-21
3.009317385469330475e+00 9.553475821654368020e-21 2.191145628240147783e-21
3.009982385468902066e+00 1.177052568049162669e-20 1.987354295315963887e-21
3.010647385468473658e+00 1.779637871067881012e-20 1.939877462288098580e-21
3.011312385468045250e+00 9.876238802457812664e-21 2.520341971406739806e-21
3.011977385467616841e+00 -1.174804521533453547e-21 2.013932507490651676e-21
3.012642385467188433e+00 2.478346247541280675e-21 2.185712657235281478e-21
3.013307385466760024e+00 1.211937050911107971e-20 2.035562517780481421e-21
3.013972385466331616e+00 1.285827547326366195e-20 2.356951364206073212e-21
3.014637385465903208e+00 3.745950917176437189e-21 2.302430596663056798e-21
3.015302385465474799e+00 1.081316912996898618e-20 2.610842251667669680e-21
3.015967385465046391e+00 3.356295831610766389e-21 2.086420179201845417e-21
3.016632385464617983e+00 2.394208981777932681e-22 2.280790436678060172e-21
3.017297385464189574e+00 5.145594293420153526e-21 2.646539188761037479e-21
3.017962385463761166e+00 1.471540260538327205e-20 2.830932905320630738e-21
3.018627385463332757e+00 8.816357220253769389e-22 2.377066727317592039e-21
3.019292385462904349e+00 4.223297752576215157e-21 2.387174457226453749e-21
3.019957385462475941e+00 1.157226200310701541e-20 2.249912721081981720e-21
3.020622385462047532e+00 1.486534341936432658e-20 2.467933260241438498e-21
3.021287385461619124e+00 1.037896171021344326e-20 2.243250686968967599e-21
3.021952385461190715e+00 1.029700511174718167e-20 2.167961268193697868e-21
3.022617385460762307e+00 7.269762798188236915e-21 2.105409825461693582e-21
3.023282385460333899e+00 3.635494703951444764e-21 2.031389019945557582e-21
3.023947385459905490e+00 2.885380312874226436e-21 2.144104122352275346e-21
3.024612385459477082e+00 4.744445306204440549e-21 2.307743746861751360e-21
3.025277385459048674e+00 -5.872591269377090495e-21 2.463878597490641611e-21
3.025942385458620265e+00 3.448700350077931028e-21 2.474078449131542369e-21
3.026607385458191857e+00 7.890135736450553181e-21 2.088413692465597253e-21
3.027272385457763448e+00 7.801778865601911982e-21 2.013366896152328905e-21
3.027937385457335040e+00 1.056588194110017940e-20 2.512847765279891207e-21
3.028602385456906632e+00 6.071172983323593751e-21 2.282586149027624039e-21
3.029267385456478223e+00 -4.346215559001429563e-21 1.994458832015635967e-21
3.029932385456049815e+00 -5.342874375296664660e-21 2.395489280915609169e-21
3.030597385455621406e+00 2.764228660131467550e-21 2.403148775885053023e-21
3.031262385455192998e+00 -2.927980670720045282e-21 2.162038424087542050e-21
3.031927385454764590e+00 3.328658263263282228e-21 2.466997598779812734e-21
3.032592385454336181e+00 2.370951188200539125e-21 2.247347405374118192e-21
3.033257385453907773e+00 1.877012609437254148e-20 1.958902730749168921e-21
3.033922385453479365e+00 1.278877380178705945e-20 1.848690525830876337e-21
3.034587385453050956e+00 7.356791407665898318e-21 2.417228019972919212e-21
3.035252385452622548e+00 -1.406835527541604113e-21 2.185358449401563699e-21
3.035917385452194139e+00 7.223585362909353402e-21 2.498041157295719870e-21
3.036582385451765731e+00 1.035043750159135289e-20 2.148062475690375575e-21
3.037247385451337323e+00 9.515549643669870604e-22 2.031223927936079241e-21
3.037912385450908914e+00 1.026786237964210183e-20 2.126954841600397066e-21
3.038577385450480506e+00 7.090193175220338957e-21 2.096373810179263807e-21
3.039242385450052097e+00 -2.318810885767817078e-21 2.189617637304899195e-21
3.039907385449623689e+00 3.328087011437067407e-21 2.266290604954753478e-21
3.040572385449195281e+00 4.338658974440141628e-21 2.064378209113122295e-21
3.041237385448766872e+00 1.259512494517176228e-21 1.934032742072889461e-21
3.041902385448338464e+00 1.019691487701496361e-20 1.823650631221599552e-21
3.042567385447910056e+00 6.228067119424188219e-21 2.066144765523331216e-21
3.043232385447481647e+00 4.753015057676106225e-21 1.812664499313030841e-21
3.043897385447053239e+00 1.239461309586664660e-20 1.761546399202580194e-21
3.044562385446624830e+00 8.128216220734192459e-21 2.162174346345237060e-21
3.045227385446196422e+00 6.107814966879195231e-21 2.305217695340744415e-21
3.045892385445768014e+00 4.855987368034809887e-21 2.278635722857768394e-21
3.046557385445339605e+00 8.609423419807085015e-21 2.307892990654792189e-21
3.047222385444911197e+00 8.114738744267609828e-21 2.532478964289738393e-21
3.047887385444482788e+00 8.065131436835486088e-21 2.607645158071010176e-21
3.048552385444054380e+00 -4.204588138715974780e-21 2.478048006105584457e-21
3.049217385443625972e+00 3.659582009529019882e-21 2.327316699579843849e-21
3.049882385443197563e+00 7.693820264926462334e-21 2.685026228095803681e-21
3.050547385442769155e+00 2.980388651678982009e-21 1.938026793741774155e-21
3.051212385442340747e+00 -9.318360905291673639e-23 2.105727908456369248e-21
3.051877385441912338e+00 -1.428561397015764014e-21 2.409506841500833598e-21
3.052542385441483930e+00 1.745503038988362016e-22 1.905196150509918955e-21
3.053207385441055521e+00 4.452657788627310114e-21 1.961529167570244502e-21
3.053872385440627113e+00 1.328162352408042751e-20 2.007587871431147080e-21
3.054537385440198705e+00 1.266435264657323937e-20 2.456776909436733468e-21
3.055202385439770296e+00 1.802852335885455215e-20 2.108056984060986552e-21
3.055867385439341888e+00 -5.350329385786238116e-22 1.941906751685066313e-21
3.056532385438913479e+00 3.074872164515840287e-21 1.931821115153392434e-21
3.057197385438485071e+00 5.368469199040474853e-21 1.644521060814685946e-21
3.057862385438056663e+00 7.610853950497963991e-21 2.166847628006047903e-21
3.058527385437628254e+00 2.903322659013621257e-21 1.974393006435256496e-21
3.059192385437199846e+00 1.524528827405368012e-21 2.290085154173200973e-21
3.059857385436771438e+00 7.482972772968879499e-21 2.077084077364799812e-21
3.060522385436343029e+00 1.300998123822641218e-20 1.997664486389080254e-21
3.061187385435914621e+00 8.055059144444128428e-21 2.204483515379326552e-21
3.061852385435486212e+00 4.174505395302426995e-21 1.762649602423077050e-21
3.062517385435057804e+00 1.286208151935003450e-20 2.019769525354535089e-21
3.063182385434629396e+00 1.784641644125759213e-21 2.010267795241819218e-21
3.063847385434200987e+00 7.834122450280453346e-22 2.015513818592141683e-21
3.064512385433772579e+00 7.669243002395723267e-21 2.061298915130601250e-21
3.065177385433344170e+00 -4.855706524471230291e-21 1.948795882541155160e-21
3.065842385432915762e+00 4.157955558569380480e-21 1.921052633688061765e-21
3.066507385432487354e+00 9.479170085341641438e-21 4.153892613879881271e-21
3.067172385432058945e+00 2.677772417889715696e-21 3.939177931876023808e-21
3.067837385431630537e+00 6.218476176483910380e-22 3.479584336506672825e-21
3.068502385431202129e+00 -2.927550154946356223e-21 2.558431892865282451e-21
3.069167385430773720e+00 3.538084315986108509e-21 2.501283950108949161e-21
3.069832385430345312e+00 4.179173036059138033e-21 1.762551339080611959e-21
3.070497385429916903e+00 3.539809421609486488e-21 1.679626512612406075e-21
3.071162385429488495e+00 1.197029199954077390e-20 1.963106834583932898e-21
3.071827385429060087e+00 7.962691985055820819e-21 2.270593987953242918e-21
3.072492385428631678e+00 6.505595467112103560e-21 1.927490480650320735e-21
3.073157385428203270e+00 6.251529902403160678e-21 1.989654112993343482e-21
3.073822385427774861e+00 -6.153330110887190218e-21 2.226177777839546801e-21
3.074487385427346453e+00 -5.519098460053389121e-21 1.959314747756058023e-21
3.075152385426918045e+00 8.733631753006590723e-21 1.924256926661298008e-21
3.075817385426489636e+00 1.144808647296493572e-20 2.094931320274376748e-21
3.076482385426061228e+00 1.169602929443276806e-20 2.086952886730643642e-21
3.077147385425632820e+00 6.665849912074778863e-21 2.099307525904367671e-21
3.077812385425204411e+00 1.739995995213537407e-20 1.970188170572698879e-21
3.078477385424776003e+00 4.982296437954910393e-21 2.064611041471221438e-21
3.079142385424347594e+00 6.204059220555080501e-21 1.864911088652270813e-21
3.079807385423919186e+00 -2.754818158588153645e-21 2.035236767712701429e-21
3.080472385423490778e+00 1.101090766837789915e-20 2.653860584708973649e-21
3.081137385423062369e+00 5.394480427330028274e-21 2.031104500194357055e-21
3.081802385422633961e+00 2.936353087086902916e-21 2.675393771287031133e-21
3.082467385422205552e+00 1.101267765604667731e-21 2.293153419600480565e-21
3.083132385421777144e+00 -4.456670710877040638e-21 2.051830380092085155e-21
3.083797385421348736e+00 5.505664776146545368e-21 1.999529724341690818e-21
3.084462385420920327e+00 4.349630458499165910e-21 1.989651798898447231e-21
3.085127385420491919e+00 1.532260323093589035e-21 2.025187911200770236e-21
3.085792385420063511e+00 1.280818368186587571e-21 1.923550961051997944e-21
3.086457385419635102e+00 6.600920166808199812e-21 2.251370205435414253e-21
3.087122385419206694e+00 1.398594685411383042e-20 2.042074134708372282e-21
3.087787385418778285e+00 1.857524259382664992e-20 1.796716315579900456e-21
3.088452385418349877e+00 1.186180663240845728e-20 1.889288277436859237e-21
3.089117385417921469e+00 4.819430085793076324e-21 1.937763834506998108e-21
3.089782385417493060e+00 -8.465600997590245158e-21 1.996887563563361269e-21
3.090447385417064652e+00 -1.674034416524291466e-21 2.133571125333654410e-21
3.091112385416636243e+00 2.179850100435818804e-21 1.859207347841602705e-21
3.091777385416207835e+00 8.794192579978572190e-21 1.682727878114854878e-21
3.092442385415779427e+00 6.036811678815007723e-21 1.977343042001526277e-21
3.093107385415351018e+00 8.865989480234078374e-21 2.101071896764102774e-21
3.093772385414922610e+00 3.341917647701387313e-22 2.109002845975165600e-21
3.094437385414494202e+00 1.682811771879647717e-22 2.107721653753179731e-21
3.095102385414065793e+00 -2.009152400505808178e-21 2.220891311546907465e-21
3.095767385413637385e+00 1.444404594253069961e-20 1.916428482917821306e-21
3.096432385413208976e+00 1.446925459127004950e-20 1.878949142830794422e-21
3.097097385412780568e+00 -1.445304962762356990e-21 2.009493065000820643e-21
3.097762385412352160e+00 8.497299211144207787e-21 1.854348634884002216e-21
3.098427385411923751e+00 6.346226615880364449e-21 2.251548216108844493e-21
3.099092385411495343e+00 3.136015566240504966e-21 1.609456730046840170e-21
3.099757385411066934e+00 1.593806961786970840e-22 1.897403820523545040e-21
3.100422385410638526e+00 -1.155943785672193223e-21 1.705830487848633201e-21
3.101087385410210118e+00 1.065630460366300619e-20 1.751427839430693369e-21
3.101752385409781709e+00 4.732416232740995183e-21 2.927208190564269095e-21
3.102417385409353301e+00 -4.625575034850213739e-21 1.730562401582663478e-21
3.103082385408924893e+00 -1.991885614007005521e-21 1.670613522543993800e-21
3.103747385408496484e+00 6.690684728534420730e-21 1.807272781482232028e-21
3.104412385408068076e+00 1.399441611429441543e-20 1.619180765425123375e-21
3.105077385407639667e+00 1.049900091788006732e-20 1.772690758371660225e-21
3.105742385407211259e+00 1.097619648380515124e-20 1.933936695144978790e-21
3.106407385406782851e+00 1.154408231070206474e-20 2.024176343652514148e-21
3.107072385406354442e+00 1.040374976396461291e-20 1.917906936474653773e-21
3.107737385405926034e+00 3.113199282375181594e-21 2.049337396958027165e-21
3.108402385405497625e+00 9.053290269039775427e-22 1.982700885895964825e-21
3.109067385405069217e+00 3.024988553942268172e-21 1.858079325942088320e-21
3.109732385404640809e+00 7.838815500835536712e-21 1.774831448422775751e-21
3.110397385404212400e+00 -6.283027408525918127e-22 1.696219814505503357e-21
3.111062385403783992e+00 8.476292286113051389e-21 1.819414486606280956e-21
3.111727385403355139e+00 8.812835868444374166e-21 1.673217701280015072e-21
3.112392385402926731e+00 1.748296053123367957e-20 2.157805765060202486e-21
3.113057385402498323e+00 1.510168482264955296e-20 2.311177604755120293e-21
3.113722385402069914e+00 8.888943284849310838e-21 2.007334932859178496e-21
3.114387385401641506e+00 1.498884559109460915e-20 1.795916829941565347e-21
3.115052385401213098e+00 5.736256076552349136e-21 1.979194992618338538e-21
3.115717385400784689e+00 6.027324123927886896e-21 1.923028591543212144e-21
3.116382385400356281e+00 -2.280210905166170734e-21 2.441760135574351721e-21
3.117047385399927872e+00 7.635165786780735973e-21 2.311152004341332058e-21
3.117712385399499464e+00 5.504370760146900171e-21 2.331150713790470763e-21
3.118377385399071056e+00 1.005370495520240672e-21 1.887753647546863620e-21
3.119042385398642647e+00 5.944554959861491974e-21 1.883534758337859241e-21
3.119707385398214239e+00 6.892958646540846702e-21 2.023324887598245085e-21
3.120372385397786275e+00 1.642119761365227930e-21 2.041904458226779808e-21
3.121037385397357866e+00 3.406722899099820811e-21 1.714340714480797376e-21
3.121702385396929458e+00 -4.999494750934295861e-22 1.777286641083866508e-21
3.122367385396501049e+00 9.726061357152564756e-22 1.962130678874868254e-21
3.123032385396072641e+00 1.898038769925195370e-21 1.961762053750374724e-21
3.123697385395644233e+00 8.215632164561874058e-22 2.102612311041860597e-21
3.124362385395215824e+00 5.488925553994912820e-21 1.972306613569640273e-21
3.125027385394787416e+00 1.005249775158879531e-21 1.637398010576927445e-21
3.125692385394359007e+00 3.078447090897155694e-21 1.676688679676989832e-21
3.126357385393930155e+00 1.088949256008882693e-20 1.902803757293599679e-21
3.127022385393501747e+00 1.021753562269710706e-20 1.742093829541984933e-21
3.127687385393073338e+00 8.079261376971950928e-21 1.694569853237727456e-21
3.128352385392644930e+00 3.316299190005148253e-22 1.930439509460695558e-21
3.129017385392216521e+00 5.641640584523801544e-21 2.206511744958745326e-21
3.129682385391788113e+00 9.808474798371081886e-21 2.488583784768414832e-21
3.130347385391359705e+00 2.915735252934596911e-21 1.963006644647390176e-21
3.131012385390931296e+00 -1.639941371749749550e-21 2.102263519448907254e-21
3.131677385390502888e+00 -9.185375676281203236e-21 2.567882170936411495e-21
3.132342385390074480e+00 -2.656433771012283689e-21 2.479102376386284051e-21
3.133007385389646071e+00 -7.239931999193487085e-21 3.405744542705312981e-21
3.133672385389217663e+00 -2.389050310544531520e-21 1.679715431232185789e-21
3.134337385388789254e+00 3.610482916486404313e-21 1.635584774274887507e-21
3.135002385388360846e+00 1.070971616678914575e-20 1.957442082209261730e-21
3.135667385387932438e+00 3.613046847056263046e-21 1.943434339899427516e-21
3.136332385387504029e+00 9.415528812956517654e-21 2.070255557934475757e-21
3.136997385387075621e+00 2.428579042008154336e-22 1.989579127907307401e-21
3.137662385386647212e+00 2.787871840872596609e-21 2.107128652793616323e-21
3.138327385386218804e+00 9.522634874715116676e-21 1.872660921093050872e-21
3.138992385385790396e+00 1.580661658402830152e-21 1.857956286173840418e-21
3.139657385385361987e+00 2.078119769066100664e-20 1.883470529422001517e-21
3.140322385384933579e+00 1.336940901305237982e-21 1.916664310897921059e-21
3.140987385384505171e+00 1.432292314522027899e-21 1.992060161208878887e-21
3.141652385384076762e+00 7.369646837861144520e-21 2.029118382950175732e-21
3.142317385383648354e+00 4.248746240235706619e-21 1.941427041141372515e-21
3.142982385383219945e+00 4.020332500410068632e-21 1.774774692212380144e-21
3.143647385382791537e+00 3.451766431213616396e-21 1.744675405208126527e-21
3.144312385382363129e+00 2.218118908662861303e-21 2.199100117765215599e-21
3.144977385381934720e+00 1.617116915002334317e-21 1.772686619170277583e-21
3.145642385381506312e+00 -2.559992258052217326e-21 1.714601689329352350e-21
3.146307385381077903e+00 3.925396343814488426e-21 1.747646295431718381e-21
3.146972385380649495e+00 1.106871599413525076e-20 2.010456511901586358e-21
3.147637385380221087e+00 1.343374706012297063e-20 2.074958126168833761e-21
3.148302385379792678e+00 1.755312615709634724e-21 2.122896337273660467e-21
3.148967385379364270e+00 9.842918191981419467e-21 1.833222920758556722e-21
3.149632385378935862e+00 3.706426339186484810e-21 2.102101579748283968e-21
3.150297385378507453e+00 6.655550746998948495e-21 4.849900587803284302e-21
3.150962385378079045e+00 1.421335780200614407e-20 1.846363827263636382e-21
3.151627385377650636e+00 1.744975346706150853e-20 5.759786672939441074e-21
3.152292385377222228e+00 1.334777859112261077e-20 2.029813410624294920e-21
3.152957385376793820e+00 6.830709648083348616e-22 1.890105819154118809e-21
3.153622385376365411e+00 7.922238363705967056e-21 1.831462992826935327e-21
3.154287385375937003e+00 -1.445966779506852753e-21 2.538057712577630984e-21
3.154952385375508594e+00 5.067314536240092609e-22 2.121024344123836577e-21
3.155617385375080186e+00 5.220839084422515893e-21 2.033625016421885506e-21
3.156282385374651778e+00 -6.485102583812244373e-21 2.315869641800907269e-21
3.156947385374223369e+00 1.132816956482224398e-20 4.334558598612828760e-21
3.157612385373794961e+00 2.131190848989987210e-20 1.107436374571800387e-20
3.158277385373366553e+00 1.196373039000396325e-20 3.984803659685677442e-21
3.158942385372938144e+00 2.321248691530744849e-20 5.520995291168775122e-21
3.159607385372509736e+00 1.332088800618059174e-20 1.807394987390973499e-21
3.160272385372081327e+00 1.379818188756242079e-20 1.315193386191821506e-21
3.160937385371652919e+00 1.141730436353135534e-20 1.375714577982480757e-21
3.161602385371224511e+00 3.403365690225005567e-21 1.800224326650616737e-21
3.162267385370796102e+00 3.780175310101470137e-21 1.632303984010168958e-21
3.162932385370367694e+00 7.405791831721710345e-21 1.698015692609438707e-21
3.163597385369939285e+00 4.088051264631838177e-21 1.773594414942595000e-21
3.164262385369510877e+00 9.516747399426911640e-21 1.815630673280609897e-21
3.164927385369082469e+00 6.122842941704740719e-21 1.773698916891894130e-21
3.165592385368654060e+00 3.678799692285155887e-21 1.888716581765654789e-21
3.166257385368225652e+00 1.117452101613563524e-20 1.883280766028994923e-21
3.166922385367797244e+00 7.448661064235692462e-21 1.966618052506597843e-21
3.167587385367368835e+00 3.609357809710510772e-21 1.797169916235893231e-21
3.168252385366940427e+00 3.403514798685950100e-22 1.775639636821768311e-21
3.168917385366512018e+00 -3.555471683383516791e-21 2.142484698790219019e-21
3.169582385366083610e+00 1.092295666859332129e-20 1.443933702115474944e-21
3.170247385365655202e+00 1.284698901926791904e-20 1.692635705121058534e-21
3.170912385365226793e+00 1.008131323407967286e-20 2.015650362694568463e-21
3.171577385364798385e+00 -3.089179406720403184e-21 1.799019741569284093e-20
3.172242385364369976e+00 -2.458296062431104530e-21 4.861961258437437164e-21
3.172907385363941568e+00 2.388047655141436056e-21 2.016428665947150123e-21
3.173572385363513160e+00 2.550352373046004283e-22 1.716749171878313340e-21
3.174237385363084751e+00 7.560987020170696355e-21 1.603815970443051147e-21
3.174902385362656343e+00 -3.316835380920383987e-21 1.593382483355477175e-21
3.175567385362227935e+00 9.105743899226504840e-21 2.091622394312761884e-21
3.176232385361799526e+00 1.186908275063735383e-22 2.010044061413981889e-21
3.176897385361371118e+00 -1.368853982498318531e-21 1.677582302862353213e-21
3.177562385360942709e+00 5.435847881522671899e-21 1.753542244152244069e-21
3.178227385360514301e+00 4.041497382597868437e-21 1.966872397645821577e-21
3.178892385360085893e+00 7.804617773416640708e-21 1.508891660453967858e-21
3.179557385359657484e+00 2.926240270860473837e-21 2.011566238461672055e-21
3.180222385359229076e+00 6.113533957622505654e-21 9.492871095299008352e-21
3.180887385358800667e+00 -2.872031034160388906e-21 8.134975638952800189e-21
3.181552385358372259e+00 1.614774786055547107e-20 7.780518338374823092e-21
3.182217385357943851e+00 2.803990319114537601e-21 2.148069041071714348e-21
3.182882385357515442e+00 -2.204986693222601323e-21 1.823158319510565677e-21
3.183547385357087034e+00 7.332740928429983340e-21 1.988540492653636146e-21
3.184212385356658626e+00 4.600030669629715338e-21 1.881583659360520104e-21
3.184877385356230217e+00 5.808516269157589765e-21 1.834542436491130344e-21
3.185542385355801809e+00 1.761938126745999882e-21 1.613952954395996759e-21
3.186207385355373400e+00 6.655013114525615729e-21 1.658952903391812805e-21
3.186872385354944992e+00 5.710808682669019183e-21 2.096042847202206420e-21
3.187537385354516584e+00 9.906585352328800381e-21 1.939308102576618760e-21
3.188202385354088175e+00 6.529741270020012204e-21 1.790222182587106280e-21
3.188867385353659767e+00 3.436907507233541033e-21 1.834343121891387765e-21
3.189532385353231358e+00 5.836939669998003919e-21 1.420098071430816677e-21
3.190197385352802950e+00 4.026971676528598099e-21 1.586883548908668910e-21
3.190862385352374542e+00 -2.385489899871191201e-22 1.817097468589390381e-21
3.191527385351946133e+00 7.879513662282132913e-21 1.516570087219972422e-21
3.192192385351517725e+00 8.428020984348585400e-21 1.406820234855174501e-21
3.192857385351089317e+00 1.334878196204463566e-20 1.792178002940007699e-21
3.193522385350660908e+00 1.278264773262071636e-20 1.959416047211101466e-21
3.194187385350232500e+00 6.223366105081106241e-21 2.102397679702675228e-21
3.194852385349804091e+00 6.284658567059222022e-21 2.053129308277083208e-21
3.195517385349375683e+00 5.685384742703488781e-21 2.101367426939260222e-21
3.196182385348947275e+00 5.184020598358101799e-21 1.678457595347122516e-21
3.196847385348518866e+00 7.236992370511486117e-21 1.774654677103180764e-21
3.197512385348090458e+00 -1.765711988330230085e-21 1.688335457882746030e-21
3.198177385347662049e+00 8.166156556345777308e-21 2.172701462202288055e-21
3.198842385347233641e+00 5.221954468942117827e-21 2.299194424435052469e-21
3.199507385346805233e+00 8.159829453283576338e-21 2.324484865360064082e-21
3.200172385346376824e+00 1.325331636771175107e-20 2.006648433759705981e-21
3.200837385345948416e+00 6.879064987700015076e-21 2.015818329453929532e-21
3.201502385345520008e+00 4.812677783026087874e-21 1.800223898805699008e-21
3.202167385345091599e+00 -2.278639344201130962e-22 2.197397540577398681e-21
3.202832385344663191e+00 4.278749370143629651e-21 1.933096610199898240e-21
3.203497385344234782e+00 4.298960426955244592e-21 1.753973010364574998e-21
3.204162385343806374e+00 1.880447612596338539e-21 1.717033963452352497e-21
3.204827385343377966e+00 2.472992730340116052e-23 1.822946486360609917e-21
3.205492385342949557e+00 2.152815975566438525e-21 1.777820416988098445e-21
3.206157385342521149e+00 2.885810470852655383e-21 1.770791484885100660e-21
3.206822385342092741e+00 1.763531394158395841e-21 1.656278124420192309e-21
3.207487385341664332e+00 5.449986199554891503e-21 1.988243768350148544e-21
3.208152385341235924e+00 1.059011320219026688e-20 1.645158717032969998e-21
3.208817385340807515e+00 6.903353837193428955e-21 1.403542453644539175e-21
3.209482385340379107e+00 3.664054891145372060e-21 1.778374248289186329e-21
3.210147385339950699e+00 5.713703923436081481e-21 1.675422336797344472e-21
3.210812385339522290e+00 9.923186106167544053e-21 2.174570783456973742e-21
3.211477385339093882e+00 1.128961636823852850e-20 2.172566979810075165e-21
3.212142385338665473e+00 4.431084726955164124e-21 1.806103367377407138e-21
3.212807385338237065e+00 1.269273988523943855e-20 1.799655625291149720e-21
3.213472385337808657e+00 1.090305344949665936e-20 1.567513154592576343e-21
3.214137385337380248e+00 3.441820634622627213e-21 1.830884526996404912e-21
3.214802385336951840e+00 1.470110407012687847e-20 1.560602242053978128e-21
3.215467385336523432e+00 1.001182728861885417e-20 1.638631421940219471e-21
3.216132385336095023e+00 6.891288734424128712e-21 1.731245132053131123e-21
3.216797385335666615e+00 1.086393148597019260e-20 1.841741549726331429e-21
3.217462385335238206e+00 8.168320554279731027e-21 1.652957747800925398e-21
3.218127385334809798e+00 1.054857422491830128e-20 1.640486431791308804e-21
3.218792385334381390e+00 1.390258807454420936e-20 1.902428921849051067e-21
3.219457385333952981e+00 9.799069995419783813e-21 1.530499901735691012e-21
3.220122385333524573e+00 7.070745170900108737e-21 1.734545680757340702e-21
3.220787385333096164e+00 5.262181187839172361e-21 1.804569399861329534e-21
3.221452385332667756e+00 2.338786495088546007e-21 1.774488901107999907e-21
3.222117385332239348e+00 3.134695040207005350e-21 1.716006718372226345e-21
3.222782385331810939e+00 -3.901985920443909485e-21 1.680065002220155288e-21
3.223447385331382531e+00 2.088670235128847162e-21 1.593630952062438145e-21
3.224112385330954123e+00 6.978502508557568118e-21 1.650459922399140269e-21
3.224777385330525714e+00 1.960187374875671811e-20 1.718944987813102593e-21
3.225442385330097306e+00 5.736789874580139706e-21 1.570230926711260939e-21
3.226107385329668897e+00 1.033036322796062080e-20 1.380038212146678683e-21
3.226772385329240489e+00 4.428665615010974895e-21 1.665384028520070698e-21
3.227437385328812081e+00 9.066545786022865325e-21 1.596064690597130961e-21
3.228102385328383672e+00 4.901956983998531535e-21 1.394244417849042463e-21
3.228767385327955264e+00 5.192274515084657329e-21 1.478555784504316241e-21
3.229432385327526855e+00 1.196755045798339034e-20 1.631831037244397013e-21
3.230097385327098447e+00 1.216277127238922302e-20 1.599006138462253762e-21
3.230762385326670039e+00 2.867286643978943733e-21 1.502230168245276610e-21
3.231427385326241630e+00 9.911174435018157940e-21 1.616678400498158679e-21
3.232092385325813222e+00 4.470688961818250955e-21 1.716985595076966652e-21
3.232757385325384814e+00 5.678924158118641104e-21 1.676170230001488293e-21
3.233422385324956405e+00 3.880227812796472587e-21 1.662299198449076243e-21
3.234087385324527997e+00 7.726863046002490000e-21 1.517437240325548834e-21
3.234752385324099588e+00 2.451842451978861566e-21 1.466345431565334054e-21
3.235417385323671180e+00 8.348000438877566635e-21 1.546706633000258856e-21
3.236082385323242772e+00 1.639783029153042682e-20 1.641485440233314355e-21
3.236747385322814363e+00 7.357161382432895006e-21 1.728126682878175415e-21
3.237412385322385955e+00 3.963134777924858261e-21 1.754096503657375808e-21
3.238077385321957546e+00 7.188818057624633913e-21 1.677449703064067351e-21
3.238742385321529138e+00 2.597493710243508644e-21 1.590283016775267262e-21
3.239407385321100730e+00 5.315385186046775818e-21 1.604168030056527135e-21
3.240072385320672321e+00 8.500427921262935181e-21 1.864493405020059054e-21
3.240737385320243913e+00 4.474405122904297090e-21 1.413121217369921912e-21
3.241402385319815505e+00 7.188036133383131420e-21 1.650133094844413498e-21
3.242067385319387096e+00 5.522565788144129069e-21 1.751714830668555265e-21
3.242732385318958688e+00 3.948871464483539641e-21 1.719689693214216996e-21
3.243397385318530279e+00 5.591813201912155077e-21 1.673453334666090271e-21
3.244062385318101871e+00 1.274932283151555361e-20 1.775980862282745129e-21
3.244727385317673463e+00 4.659974800181179461e-21 1.397566776829524948e-21
3.245392385317245054e+00 3.451726920856152861e-21 1.625063754908366126e-21
3.246057385316816646e+00 -5.181704522315955941e-21 8.338849876387695529e-21
3.246722385316388237e+00 1.285758474361315994e-20 1.088855651310809412e-20
3.247387385315959829e+00 1.968707302973193240e-20 1.767267518768803295e-20
3.248052385315531421e+00 1.341360713320225312e-20 1.619571184263883391e-20
3.248717385315103012e+00 1.026362252435196700e-20 1.637684201189001948e-21
3.249382385314674604e+00 6.805675270928651675e-21 1.722037991858201532e-21
3.250047385314246196e+00 8.551115309496401603e-22 1.641292679816565873e-21
3.250712385313817787e+00 -1.250850271559160374e-21 1.610806152720729210e-21
3.251377385313389379e+00 1.018315514456548509e-21 1.776219048482321481e-21
3.252042385312960970e+00 -2.417607348696639975e-21 1.482964905342516922e-21
3.252707385312532562e+00 1.915010841440226057e-21 1.405886190466499777e-21
3.253372385312104154e+00 3.481642405334187693e-21 1.512367756420645160e-21
3.254037385311675745e+00 1.135523844084345749e-20 1.642764545069612217e-21
3.254702385311247337e+00 1.170390756039695145e-20 1.501836547824740108e-21
3.255367385310818928e+00 5.308397748568678278e-21 1.772274509361528762e-21
3.256032385310390520e+00 -4.607706584114051077e-21 1.792995102934283056e-21
3.256697385309962112e+00 -1.920489122681611219e-21 1.609327581281506177e-21
3.257362385309533703e+00 6.808236333936861776e-21 1.681169859846103446e-21
3.258027385309105295e+00 2.646267498681573161e-21 1.652936334575700863e-21
3.258692385308676887e+00 5.432345420754991586e-21 1.818152461550447389e-21
3.259357385308248478e+00 9.440567684420282297e-21 1.974219111795588598e-21
3.260022385307820070e+00 4.724461417957088123e-21 1.793563938149109774e-21
3.260687385307391661e+00 -1.311991523450638751e-21 1.843846853983823021e-21
3.261352385306963253e+00 6.683499729191170831e-21 1.802973380105224970e-21
3.262017385306534845e+00 6.746938983859658702e-21 1.806767529803712483e-21
3.262682385306106436e+00 1.020845374458903314e-20 2.040096723169329352e-21
3.263347385305678028e+00 6.263698860224666982e-21 1.913957174307752323e-21
3.264012385305249619e+00 5.666339402378334096e-21 1.696762127997685208e-21
3.264677385304821211e+00 4.390878164748767598e-21 1.856312906820588017e-21
3.265342385304392803e+00 1.265338717911441751e-21 1.725540856824768494e-21
3.266007385303964394e+00 -1.755361522699478563e-21 1.634361694777021164e-21
3.266672385303535986e+00 3.470354169905955771e-21 1.646588960048822504e-21
3.267337385303107578e+00 3.156977598108588341e-21 1.372706163675430936e-21
3.268002385302679169e+00 1.693086202873511527e-20 1.858633434829786003e-21
3.268667385302250761e+00 1.802752715617749819e-20 1.912311646570470203e-21
3.269332385301822352e+00 2.571618042841791546e-21 1.632189439968150160e-21
3.269997385301393944e+00 3.339176630746414771e-22 1.873795485297284294e-21
3.270662385300965536e+00 1.381741330359254507e-20 1.793287001151052396e-21
3.271327385300537127e+00 5.193933227090118101e-21 1.786194571849418149e-21
3.271992385300108719e+00 7.053688718134038219e-21 1.896880925860083960e-21
3.272657385299680310e+00 7.596638979024542351e-21 1.776065261872071228e-21
3.273322385299251902e+00 1.093759365090451103e-20 1.590474361254799391e-21
3.273987385298823494e+00 8.087486951005397024e-21 1.646361673117678236e-21
3.274652385298395085e+00 2.211469528641733102e-21 1.952699535444463491e-21
3.275317385297966677e+00 9.943071456868275926e-21 1.909495511415277681e-21
3.275982385297538269e+00 9.674198781549390869e-21 1.615394468399108041e-21
3.276647385297109860e+00 7.693939810395343440e-21 1.825940988175072957e-21
3.277312385296681452e+00 1.191972320859552620e-20 1.754393537886084520e-21
3.277977385296253043e+00 2.823859514484203174e-21 1.909424774799016843e-21
3.278642385295824635e+00 1.550580898636973818e-21 1.789215724060031686e-21
3.279307385295396227e+00 9.492250352448350314e-21 1.611279470285826449e-21
3.279972385294967818e+00 9.146207887068397361e-21 1.746667787298347361e-21
3.280637385294539410e+00 4.553942578068738453e-21 1.429004927128626154e-21
3.281302385294111001e+00 9.041055262152528030e-21 1.781462068418121261e-21
3.281967385293682593e+00 7.536935400101877761e-21 1.467845791794689849e-21
3.282632385293254185e+00 5.242485563229144800e-21 1.444621171905643555e-21
3.283297385292825776e+00 1.567018721583152958e-21 1.945094648888872774e-21
3.283962385292397368e+00 6.033094749015934748e-21 1.494917287182620385e-21
3.284627385291968960e+00 1.281764299057498903e-20 1.821229276122614866e-21
3.285292385291540551e+00 1.261962243081063008e-20 1.548191495548691909e-21
3.285957385291112143e+00 9.978355468846834592e-22 1.768509476636917988e-21
3.286622385290683734e+00 5.463457291440989889e-21 1.735840349657994419e-21
3.287287385290255326e+00 5.946554514655001659e-21 1.936807718274498032e-21
3.287952385289826918e+00 1.102200840738122932e-20 1.519554021161095602e-21
3.288617385289398509e+00 4.512632722181509537e-21 1.640253099856167118e-21
3.289282385288970101e+00 7.021795249254592665e-21 1.467756437714558084e-21
3.289947385288541692e+00 1.793278729994184188e-22 1.500317389114202200e-21
3.290612385288113284e+00 1.056684951856659029e-20 1.714013681420757659e-21
3.291277385287684876e+00 7.733873105472910417e-21 1.784194217620276376e-21
3.291942385287256467e+00 1.205129938484023113e-20 1.713939062174205506e-21
3.292607385286828059e+00 3.606692305918838521e-20 2.207794179614233376e-21
3.293272385286399651e+00 9.229404106063869216e-21 1.620457630321872911e-21
3.293937385285971242e+00 9.812810293023978511e-21 1.788197100528822907e-21
3.294602385285542834e+00 6.507258053138062192e-21 1.860855998147120419e-21
3.295267385285114425e+00 8.796320353573794939e-21 1.634675495373109793e-21
3.295932385284686017e+00 7.837192840478595954e-21 1.385053910707230817e-21
3.296597385284257609e+00 1.389342484721005768e-20 1.678844879774501556e-21
3.297262385283829200e+00 1.266601495976257091e-20 2.020039739857239649e-21
3.297927385283400792e+00 1.190969225317544076e-20 1.702139122638517318e-21
3.298592385282972383e+00 6.431841322632215291e-21 1.835269330494821147e-21
3.299257385282543975e+00 3.497798620055746225e-21 1.953000392571589265e-21
3.299922385282115567e+00 3.144178265115823920e-21 2.083388725159575141e-21
3.300587385281687158e+00 -2.080355060675863806e-21 3.213270672391495069e-21
3.301252385281258750e+00 5.121119757138838936e-21 1.876912412761500825e-21
3.301917385280830342e+00 8.500444444361196462e-21 2.175534469632627970e-21
3.302582385280401933e+00 5.817585005294485381e-21 1.559432156694334780e-21
3.303247385279973525e+00 2.314803940454990676e-21 1.600023150399391928e-21
3.303912385279545116e+00 4.947492113673961485e-21 1.536735671996381462e-21
3.304577385279116708e+00 1.232534716884112824e-20 1.664680514862985067e-21
3.305242385278688300e+00 6.087993457823117321e-21 1.688767569007078827e-21
3.305907385278259891e+00 -6.416238507406772268e-21 1.578033226043386878e-21
3.306572385277831483e+00 1.156552217453143540e-22 1.739191111171874461e-21
3.307237385277403074e+00 5.757190667907265722e-21 1.444158797348724465e-21
3.307902385276974666e+00 1.274121978966428731e-20 1.432820687352393635e-21
3.308567385276546258e+00 5.100573992320263698e-21 1.605774828575667787e-21
3.309232385276117849e+00 -6.212442232149283564e-22 1.625565527889752514e-21
3.309897385275689441e+00 5.087322294080777302e-21 1.956534848621241792e-21
3.310562385275261033e+00 6.497717420562855704e-21 1.557407982624664593e-21
3.311227385274832624e+00 3.334806692967920672e-21 1.503241723039110353e-21
3.311892385274404216e+00 4.279778954475307726e-21 1.559967420380074684e-21
3.312557385273975807e+00 7.110913764911199388e-21 1.611237547936984335e-21
3.313222385273547399e+00 5.744349679613004056e-21 1.719106863118139666e-21
3.313887385273118991e+00 7.078527755669605204e-21 1.538745096656639630e-21
3.314552385272690582e+00 5.732372256363342714e-21 1.521379577768436385e-21
3.315217385272262174e+00 4.488912389214505231e-21 1.705658404685955433e-21
3.315882385271833765e+00 3.343822868562219346e-21 1.729659701189605283e-21
3.316547385271405357e+00 4.585940842726689818e-21 1.657176326605799103e-21
3.317212385270976949e+00 8.109410765744417511e-21 1.519861589967134655e-21
3.317877385270548540e+00 9.656756429697348195e-21 1.403637107505727002e-21
3.318542385270120132e+00 2.814740795154308810e-23 1.572969729580009216e-21
3.319207385269691724e+00 -1.209261454304075382e-21 1.483961601469308871e-21
3.319872385269263315e+00 8.082278126937083964e-21 1.515806094961998025e-21
3.320537385268834907e+00 1.093778295359429331e-21 1.583913369821617588e-21
3.321202385268406498e+00 -1.464383710568819672e-21 1.670325151384216088e-21
3.321867385267978090e+00 6.882929157626391740e-21 1.900591466600998040e-21
3.322532385267549682e+00 2.537834537243132536e-21 1.797839131121547383e-21
3.323197385267121273e+00 4.001203387884551702e-21 2.016192563485380064e-21
3.323862385266692865e+00 5.768215415585976401e-21 1.767143926019975740e-21
3.324527385266264456e+00 8.373304560620865002e-21 1.665596598635022949e-21
3.325192385265836048e+00 1.389085283635603621e-20 2.034131563485424371e-21
3.325857385265407640e+00 1.074695561432056955e-20 1.608355771115425368e-21
3.326522385264979231e+00 1.071381141552756370e-20 1.620575120287456115e-21
3.327187385264550823e+00 1.027373542810506296e-21 5.512467760193192106e-21
3.327852385264122415e+00 1.840402868954416432e-22 3.794486196305282116e-21
3.328517385263694006e+00 -6.430430034055781677e-22 1.911276551892129083e-21
3.329182385263265598e+00 4.141962193013185168e-21 1.876548730511067152e-21
3.329847385262837189e+00 -3.045193631908040488e-21 1.774546963385500259e-21
3.330512385262408781e+00 7.304671360345490995e-21 1.705693594507858318e-21
3.331177385261980373e+00 3.074471632375361922e-21 1.921324884724496493e-21
3.331842385261551964e+00 3.521308572448495571e-21 1.734725298250952861e-21
3.332507385261123556e+00 1.894310433262682052e-21 1.653960098484837596e-21
3.333172385260695147e+00 5.058604467271120827e-21 1.757766401288354787e-21
3.333837385260266739e+00 8.897997368293737019e-21 1.489827819735452718e-21
3.334502385259838331e+00 3.079844202087725665e-21 1.814038670218220730e-21
3.335167385259409922e+00 -1.192589377207910384e-21 1.626496152009186809e-21
3.335832385258981514e+00 6.594060533318648785e-21 1.685892968430757696e-21
3.336497385258553106e+00 9.700202133113097257e-21 1.416544582651172211e-21
3.337162385258124697e+00 9.075387852471312133e-21 1.622733982983805641e-21
3.337827385257696289e+00 4.057807793559415858e-21 1.750026763897089163e-21
3.338492385257267880e+00 4.549556727173139857e-21 1.863626819936189899e-21
3.339157385256839472e+00 5.050055889376143461e-21 1.579795854755155385e-21
3.339822385256411064e+00 9.698834786085261940e-21 1.715865660502197975e-21
3.340487385255982655e+00 3.535511753325261334e-21 1.721164508307604263e-21
3.341152385255554247e+00 5.938990459254195229e-21 1.578155015259698979e-21
3.341817385255125838e+00 9.477985850252835265e-21 1.647213537821012375e-21
3.342482385254697430e+00 8.158681790273170677e-21 1.717037354958246742e-21
3.343147385254269022e+00 1.339082328449712102e-21 1.868214779401707203e-21
3.343812385253840613e+00 9.543733067231148655e-22 1.582779070829799845e-21
3.344477385253412205e+00 4.157523424973598959e-21 1.703341790141045361e-21
3.345142385252983797e+00 4.845849567365487782e-21 1.696675090798849591e-21
3.345807385252555388e+00 9.185588468264136890e-21 1.705525449665588410e-21
3.346472385252126980e+00 1.099983864868733828e-20 1.637430142219183843e-21
3.347137385251698571e+00 5.897014238230966480e-21 1.646332003420690540e-21
3.347802385251270163e+00 1.272802765692633419e-21 1.518076515730410415e-21
3.348467385250841755e+00 -1.523199067482054969e-21 1.776926917545521871e-21
3.349132385250413346e+00 8.823202367441602381e-21 1.657085768154834738e-21
3.349797385249984938e+00 8.540641232013625422e-21 1.634660557748746656e-21
3.350462385249556529e+00 7.611420888270183423e-21 1.439322740118479249e-21
3.351127385249128121e+00 6.778963074932772749e-21 1.786053352894707408e-21
3.351792385248699713e+00 2.211668027537743184e-21 1.419452185202150139e-21
3.352457385248271304e+00 6.354916973498571098e-21 1.439486703000223290e-21
3.353122385247842896e+00 8.681473486142957485e-21 1.523228671445027298e-21
3.353787385247414488e+00 4.734923608778035331e-21 2.015832902227437858e-21
3.354452385246986079e+00 6.216805044099282638e-21 1.534993426315827440e-21
3.355117385246557671e+00 9.804727573948389266e-21 1.618781707200235459e-21
3.355782385246129262e+00 1.007791312048754588e-20 1.573499007127882078e-21
3.356447385245700854e+00 1.734693986456819363e-21 1.545677421100541715e-21
3.357112385245272446e+00 2.795943091025721203e-21 1.706605482395947257e-21
3.357777385244844037e+00 9.448700509409632914e-21 1.708070381050563824e-21
3.358442385244415629e+00 4.173664281361853696e-21 1.445523891446473111e-21
3.359107385243987220e+00 2.458541477612079461e-21 1.667409262996101548e-21
3.359772385243558812e+00 1.969215791002804804e-21 1.916196373509803750e-21
3.360437385243130404e+00 2.029185545562048260e-21 1.674333608343827595e-21
3.361102385242701995e+00 1.490651094750315234e-21 1.627292762379987777e-21
3.361767385242273587e+00 2.008280776159299174e-21 1.775473587568545078e-21
3.362432385241845179e+00 6.566924354547085685e-21 1.633637254452406931e-21
3.363097385241416770e+00 1.045522267529007450e-20 1.641376756277710906e-21
3.363762385240988362e+00 6.912495947857348738e-21 1.678415215732386080e-21
3.364427385240559953e+00 4.790162252504938488e-22 1.707529760553820406e-21
3.365092385240131545e+00 -2.436197698032044820e-22 1.528679600060500996e-21
3.365757385239703137e+00 7.536854463819893667e-21 1.644840748038186172e-21
3.366422385239274728e+00 9.461740697907926278e-21 1.594930839505898661e-21
3.367087385238846320e+00 8.575566186282609840e-21 1.991370120130782367e-21
3.367752385238417911e+00 9.710301690905902168e-21 1.326561725295505942e-21
3.368417385237989503e+00 1.612525957258369645e-20 1.830463390537014856e-21
3.369082385237561095e+00 8.229899353766234336e-21 1.915434007480089933e-21
3.369747385237132686e+00 6.985557048261221275e-21 1.742827548863983634e-21
3.370412385236704278e+00 -1.904974108220358077e-21 1.713451892585314088e-21
3.371077385236275870e+00 3.356112041839506162e-21 1.700084571121711994e-21
3.371742385235847461e+00 8.759170039644574596e-22 1.777345195360165465e-21
3.372407385235419053e+00 2.839038489863344042e-21 1.805923084600090977e-21
3.373072385234990644e+00 4.216157219287666504e-21 1.391487904023950050e-21
3.373737385234562236e+00 6.362689989500766295e-21 1.639463911100152351e-21
3.374402385234133828e+00 6.951843006195967215e-21 1.607619596241981317e-21
3.375067385233705419e+00 6.409245752019841619e-21 1.460336981964134432e-21
3.375732385233277011e+00 8.072845160143339965e-21 1.648910130613379848e-21
3.376397385232848602e+00 3.206037186645169945e-21 1.498462822362193023e-21
3.377062385232420194e+00 1.874567422454727396e-21 1.608114554223311864e-21
3.377727385231991786e+00 1.386481455959755382e-21 1.467210348473865131e-21
3.378392385231563377e+00 -1.094303299280058729e-22 1.334977082722784362e-21
3.379057385231134969e+00 -1.570722414063959957e-21 1.641288806481315204e-21
3.379722385230706561e+00 2.815858090584709126e-21 1.555489644353741578e-21
3.380387385230278152e+00 5.955518873314414887e-21 1.668618535885103613e-21
3.381052385229849744e+00 -4.617542730412178963e-22 1.506355837690865925e-21
3.381717385229421335e+00 -8.117002231556752691e-21 1.844395869043007860e-21
3.382382385228992927e+00 8.999704840157481651e-21 1.555269726027510130e-21
3.383047385228564519e+00 1.081873853032688527e-20 1.548373005449729639e-21
3.383712385228136110e+00 6.787812216998361104e-21 1.418204263279964219e-21
3.384377385227707702e+00 5.124492976075455831e-21 1.550473343806885148e-21
3.385042385227279294e+00 8.535122206274688868e-21 1.800763969154865548e-21
3.385707385226850885e+00 1.099192005946921203e-20 1.509311439593220043e-21
3.386372385226422477e+00 -1.660448159044759010e-21 1.392652356458105639e-21
3.387037385225994068e+00 5.189944343407884142e-21 3.134228797393020275e-21
3.387702385225565660e+00 1.588449051255326312e-21 1.463806027723829962e-21
3.388367385225137252e+00 2.371406052720554346e-21 1.306545478548381172e-21
3.389032385224708843e+00 6.601620783503842627e-22 1.500626137197649998e-21
3.389697385224280435e+00 3.569858098978492184e-21 1.401428844762050964e-21
3.390362385223852026e+00 3.554164680881466634e-21 1.609448995873698053e-21
3.391027385223423618e+00 -1.713302204525392128e-21 1.527013711329597711e-21
3.391692385222995210e+00 3.677926605018463389e-21 1.396231664235163513e-21
3.392357385222566801e+00 9.641122316300506492e-21 1.613362816620148311e-21
3.393022385222138393e+00 8.348397618899900010e-21 1.670316123398063748e-21
3.393687385221709985e+00 3.840314624738062125e-22 1.743337962611943304e-21
3.394352385221281576e+00 5.302466650845345580e-21 1.718320929558070004e-21
3.395017385220853168e+00 9.957481686497600865e-21 1.385051983637941069e-21
3.395682385220424759e+00 3.605080428046591923e-21 1.834719466257354193e-21
3.396347385219996351e+00 3.862904680733475524e-21 1.398683897709181793e-21
3.397012385219567943e+00 -2.355475247312510966e-21 1.545613971971291358e-21
3.397677385219139534e+00 -3.656155038056436569e-21 1.555165512033455107e-21
3.398342385218711126e+00 5.093198853658038082e-21 1.962797164721094631e-21
3.399007385218282717e+00 4.296904291366591039e-21 1.676521317890571366e-21
3.399672385217854309e+00 5.532618132923540486e-21 1.408314177681513808e-21
3.400337385217425901e+00 4.849499528587146439e-21 1.733172532430733126e-21
3.401002385216997492e+00 5.294133756709384067e-21 1.753950842881395711e-21
3.401667385216569084e+00 -5.917903044929435641e-23 1.521972674188265001e-21
3.402332385216140676e+00 8.913508216575021742e-21 1.308115885892396193e-21
3.402997385215712267e+00 1.551693773849871201e-20 1.807200747021047317e-21
3.403662385215283859e+00 2.098984653714881794e-21 1.520569238663069475e-21
3.404327385214855450e+00 5.453116844680945071e-21 1.993991403254399180e-21
3.404992385214427042e+00 5.239329523164090517e-21 1.702295399335312164e-21
3.405657385213998634e+00 1.491362650557125968e-20 1.781353677660879181e-21
3.406322385213570225e+00 7.546277374385521505e-21 1.669788485072852580e-21
3.406987385213141817e+00 -9.630842165357756489e-22 1.611006536915018403e-21
3.407652385212713408e+00 1.626947105072072976e-21 1.244119910021589099e-21
3.408317385212285000e+00 1.906335456016631700e-21 1.406215034793854909e-21
3.408982385211856592e+00 1.517106164110797479e-21 1.476796808476452713e-21
3.409647385211428183e+00 9.572744214939735089e-21 2.438906995424406245e-21
3.410312385210999775e+00 5.075024729356126399e-21 3.715624636717144409e-21
3.410977385210571367e+00 4.052992240920678967e-21 4.523061913088588621e-21
3.411642385210142958e+00 -2.873126354824725926e-21 4.690498988072763162e-21
3.412307385209714550e+00 6.972651491890245035e-21 1.452295592407821570e-21
3.412972385209286141e+00 2.608204187176699986e-21 1.157477263153952738e-21
3.413637385208857733e+00 -2.578017575349269622e-21 1.671612929860551483e-21
3.414302385208429325e+00 1.112861907870497246e-21 1.808310806245707415e-21
3.414967385208000916e+00 1.109290600410777837e-20 1.675968130641882104e-21
3.415632385207572508e+00 1.598614592143583639e-20 1.749384810904593229e-21
3.416297385207144099e+00 7.680869938289758385e-21 1.657144765655656590e-21
3.416962385206715691e+00 8.906512919367168939e-21 1.450806176261688051e-21
3.417627385206287283e+00 5.244971248866060832e-22 2.059871487433719881e-21
3.418292385205858874e+00 5.640749928713545373e-21 1.678273259624260456e-21
3.418957385205430466e+00 6.757200678479646324e-21 1.784630124791538105e-21
3.419622385205002058e+00 -4.831679300927314749e-21 1.522093167073173864e-21
3.420287385204573649e+00 5.171650164682374672e-21 1.648457867455859786e-21
3.420952385204145241e+00 7.313089295876099970e-21 1.462776503905045089e-21
3.421617385203716832e+00 3.745890781683147493e-21 1.624995780234384297e-21
3.422282385203288424e+00 5.041757087621825054e-21 1.744008628117600657e-21
3.422947385202860016e+00 8.992999209551589511e-21 1.638274588083086545e-21
3.423612385202431607e+00 2.356835008236129794e-21 1.435347802409113214e-21
3.424277385202003199e+00 7.877710990947378896e-21 1.486565148831056570e-21
3.424942385201574790e+00 7.111326978037114376e-21 1.792869242389062814e-21
3.425607385201146382e+00 5.461105621526952954e-21 1.675518301584244838e-21
3.426272385200717974e+00 5.605893560969103094e-21 1.551257548144584916e-21
3.426937385200289565e+00 4.999429764785355143e-21 1.538828880809590183e-21
3.427602385199861157e+00 9.976693351797665854e-21 1.455931158408448036e-21
3.428267385199432749e+00 7.320185000148624315e-21 1.584927325173045565e-21
3.428932385199004340e+00 4.445018896951830384e-21 1.362797012270412077e-21
3.429597385198575932e+00 2.412181185947271370e-21 1.581750721299750576e-21
3.430262385198147523e+00 -1.669374799850033983e-21 1.785143801579736360e-21
3.430927385197719115e+00 6.749550681760941647e-21 1.748885767624221833e-21
3.431592385197290707e+00 4.316800484179547226e-21 1.554415942753659995e-21
3.432257385196862298e+00 -8.221349495839275514e-22 1.390194000663058870e-21
3.432922385196433890e+00 2.695015516586291160e-21 1.645920161905879352e-21
3.433587385196005481e+00 1.047192875504363486e-20 1.400515269996443939e-21
3.434252385195577073e+00 3.485712846441939901e-21 1.394998625783112690e-21
3.434917385195148665e+00 2.046656340866311615e-21 1.761989983215685729e-21
3.435582385194720256e+00 7.655039987894547471e-21 1.723014126752958481e-21
3.436247385194291848e+00 8.983571529967984996e-22 1.468010673263051739e-21
3.436912385193863440e+00 8.583885202252640830e-22 1.530539279277444932e-21
3.437577385193435031e+00 -2.329475243033597789e-21 1.530464481557545841e-21
3.438242385193006623e+00 -3.115187025941198113e-21 1.686593100342112155e-21
3.438907385192578214e+00 4.958754965368784245e-21 1.312277977979329788e-21
3.439572385192149806e+00 3.841882705770714137e-21 1.642613179832679940e-21
3.440237385191721398e+00 1.704751672353729921e-21 1.645219852141405074e-21
3.440902385191292989e+00 3.989599979626855436e-22 1.458947840447089314e-21
3.441567385190864581e+00 8.812203386360852027e-21 1.416867280998296219e-21
3.442232385190436172e+00 9.872713364594191060e-21 1.441015611884002618e-21
3.442897385190007764e+00 2.699116751548924772e-21 1.583422244228445359e-21
3.443562385189579356e+00 5.930808807797077000e-21 1.647674138063613132e-21
3.444227385189150947e+00 8.474286039096993572e-21 1.399151592214056518e-21
3.444892385188722539e+00 8.308309301797661997e-21 1.394391277061141910e-21
3.445557385188294131e+00 7.349600645286290253e-21 1.567691211880973838e-21
3.446222385187865722e+00 2.126432851343866033e-21 1.553931807945266763e-21
3.446887385187437314e+00 5.209397532636035241e-21 1.742315176489077152e-21
3.447552385187008905e+00 2.225857037608871592e-21 1.341838686232446350e-21
3.448217385186580497e+00 5.445533611461456040e-21 1.463475480279755631e-21
3.448882385186152089e+00 6.046975569174374704e-21 1.499214994527987732e-21
3.449547385185723680e+00 6.988246066819142444e-21 1.475066840293284015e-21
3.450212385185295272e+00 1.081252029344877377e-20 1.658974276912249924e-21
3.450877385184866863e+00 4.598027634057576500e-21 1.230740938662553825e-21
3.451542385184438455e+00 6.493769397266201368e-21 1.312681567202101135e-21
3.452207385184010047e+00 8.795222282381612362e-21 1.389615374916883491e-21
3.452872385183581638e+00 8.776742778961762147e-21 1.698176975800813567e-21
3.453537385183153230e+00 6.397412198933865081e-21 1.587586808471635947e-21
3.454202385182724822e+00 2.733724027168595798e-21 1.529674999866678675e-21
3.454867385182296413e+00 1.141565104239490555e-20 1.363152518042745708e-21
3.455532385181868005e+00 1.517975914607748094e-20 1.493635709108191687e-21
3.456197385181439596e+00 1.746969574743046735e-20 1.417210731684076930e-21
3.456862385181011188e+00 1.180368999380132704e-20 1.505949882151426576e-21
3.457527385180582780e+00 7.162014562043664366e-21 1.522752271355416587e-21
3.458192385180154371e+00 6.454632040543969176e-21 1.518836489474785047e-21
3.458857385179725963e+00 9.144351423505031897e-21 1.585282798002048263e-21
3.459522385179297554e+00 8.284478976370976111e-21 1.419612820408191045e-21
3.460187385178869146e+00 5.666046164185313016e-21 1.619260527254659920e-21
3.460852385178440738e+00 7.615717332518831415e-21 1.535467630635971397e-21
3.461517385178012329e+00 8.521710357732975881e-21 1.415401924439960590e-21
3.462182385177583921e+00 7.965910463662663406e-21 1.318965031053351507e-21
3.462847385177155513e+00 1.048877572033189795e-20 1.449499767542104487e-21
3.463512385176727104e+00 1.173345109123728770e-20 1.264698477827586185e-21
3.464177385176298696e+00 1.046757114360990964e-20 1.536588611600780879e-21
3.464842385175870287e+00 9.911446433802902542e-21 1.494400958139447678e-21
3.465507385175441879e+00 8.141691463701145670e-21 1.490018777225253115e-21
3.466172385175013471e+00 8.483833737306145314e-21 1.466042663992585856e-21
3.466837385174585062e+00 5.399320234947440183e-21 1.652450924769660407e-21
3.467502385174156654e+00 9.161080683234451708e-21 1.501217639920369865e-21
3.468167385173728245e+00 1.047073477819869425e-20 1.607049016460138367e-21
3.468832385173299837e+00 6.126036289460009363e-21 1.248567831297569113e-21
3.469497385172871429e+00 1.301243860128450304e-20 1.503510574576025187e-21
3.470162385172443020e+00 7.597442640512428177e-21 1.373597611883538784e-21
3.470827385172014612e+00 2.426727902923585543e-21 1.601682456070788493e-21
3.471492385171586204e+00 3.798616463985447164e-21 1.588992110993286084e-21
3.472157385171157795e+00 2.475986545318779838e-21 1.676709476166824652e-21
3.472822385170729387e+00 6.739178951712670986e-21 1.337415032543612815e-21
3.473487385170300978e+00 -5.195884048011972647e-22 1.353645920396443411e-21
3.474152385169872570e+00 -9.332782980627343769e-22 1.573009778703718098e-21
3.474817385169444162e+00 1.233726445187798298e-21 1.406482856319960016e-21
3.475482385169015753e+00 -4.952787115017777502e-21 1.485577540372106636e-21
3.476147385168587345e+00 1.266722054775104630e-21 1.460644498427975818e-21
3.476812385168158936e+00 9.032355626933277687e-21 1.402273277314572882e-21
3.477477385167730528e+00 2.195602877191027677e-21 1.415772904501268516e-21
3.478142385167302120e+00 -1.733688751937293632e-21 1.428720138723784278e-21
3.478807385166873711e+00 2.104807623541679234e-21 1.516657972980623864e-21
3.479472385166445303e+00 2.641578510542262614e-21 1.409384721306467865e-21
3.480137385166016895e+00 4.964170675484286382e-21 1.531015460328556850e-21
3.480802385165588486e+00 4.203169864539715218e-21 1.418025845610585418e-21
3.481467385165160078e+00 5.561659191341098087e-22 1.366267232326455149e-21
3.482132385164731669e+00 5.579510349409555216e-22 1.491173573866092621e-21
3.482797385164303261e+00 2.662602639807493992e-21 1.624634990611609078e-21
3.483462385163874853e+00 2.127023741414674165e-21 1.546995203231353030e-21
3.484127385163446444e+00 2.365125370107687249e-21 1.503961498524233044e-21
3.484792385163018036e+00 -7.620617748253823768e-22 1.454572393000026335e-21
3.485457385162589627e+00 -4.290645228753425747e-21 1.393188354950471154e-21
3.486122385162161219e+00 -3.016675822976672082e-21 1.393488252762599581e-21
3.486787385161732811e+00 9.454421050865267736e-21 1.239354596140718060e-21
3.487452385161304402e+00 -7.144419518888626941e-22 1.455413253368293703e-21
3.488117385160875994e+00 -1.712470411194450349e-21 1.658980635830520381e-21
3.488782385160447586e+00 2.121502193626486368e-21 1.695374328718558383e-21
3.489447385160019177e+00 2.585010162237890191e-21 1.489238795305135806e-21
3.490112385159590769e+00 8.007126759888379502e-21 1.411557356967662440e-21
3.490777385159162360e+00 4.737078932116555787e-21 1.575411596727203621e-21
3.491442385158733952e+00 6.872068720094708946e-21 1.681641720321694678e-21
3.492107385158305544e+00 4.137179959312799292e-21 1.396250231971140346e-21
3.492772385157877135e+00 9.269949110973119252e-21 1.402741888660891374e-21
3.493437385157448727e+00 2.135822727652283113e-21 1.467125488073520763e-21
3.494102385157020318e+00 3.141390336782283059e-21 1.316411373956580577e-21
3.494767385156591466e+00 5.067271508955795924e-21 1.637847124287007696e-21
3.495432385156163058e+00 5.037747643809829563e-21 1.419040261212143312e-21
3.496097385155734649e+00 7.201795676921430066e-21 1.335531384632951714e-21
3.496762385155306241e+00 3.692348845016363640e-21 1.420558955559938555e-21
3.497427385154877832e+00 8.822861648407174758e-21 1.412100842479215828e-21
3.498092385154449424e+00 8.848494397648850524e-21 1.259209859085580683e-21
3.498757385154021016e+00 1.151527613427329822e-20 1.286137959836127963e-21
3.499422385153592607e+00 6.790387389685765048e-21 1.404141051040403457e-21
3.500087385153164199e+00 3.496811920180373435e-21 1.503763146785586198e-21
3.500752385152735791e+00 2.380132708556079995e-21 1.424670321138036708e-21
3.501417385152307382e+00 1.321505851878890484e-21 1.311975692173348301e-21
3.502082385151878974e+00 4.361304323929508993e-22 1.310293007173346301e-21
3.502747385151450565e+00 5.888719873828532554e-21 1.471466262996022006e-21
3.503412385151022157e+00 1.253018425022322035e-20 1.337341183192529870e-21
3.504077385150593749e+00 6.847172554744661075e-21 1.442627637431400863e-21
3.504742385150165340e+00 -4.910317732517630409e-22 1.780683273964966359e-21
3.505407385149736932e+00 8.285491047652405607e-21 1.541578048846669770e-21
3.506072385149308523e+00 3.506099758486448104e-21 1.481199480116935106e-21
3.506737385148880115e+00 3.034268820168336313e-21 1.482539379190040351e-21
3.507402385148451707e+00 4.734262543258993867e-21 1.527387872775752074e-21
3.508067385148023298e+00 7.192199138277365829e-21 1.310007068387103078e-21
3.508732385147594890e+00 8.445979215879794084e-21 1.465276635949842909e-21
3.509397385147166482e+00 6.608377659632198373e-22 1.368969018357181258e-21
3.510062385146738073e+00 4.395889214637178763e-21 1.324231432514105098e-21
3.510727385146309665e+00 6.031854310150862275e-21 1.557121862464484382e-21
3.511392385145881256e+00 7.697652282998152276e-21 1.529667073045707470e-21
3.512057385145452848e+00 4.165795785237415019e-21 1.487066907881470763e-21
3.512722385145024440e+00 1.051615148042720826e-20 1.367312402469578623e-21
3.513387385144596031e+00 2.213682488381937801e-21 1.474368015005694446e-21
3.514052385144167623e+00 3.603472891810032883e-21 1.464469973460792385e-21
3.514717385143739214e+00 9.632633339227887082e-21 1.440449558802725395e-21
3.515382385143310806e+00 3.187498429756339045e-21 1.522443734756893980e-21
3.516047385142882398e+00 7.240665732259982071e-22 1.403378845154949636e-21
3.516712385142453989e+00 3.159787105254199409e-21 1.247581981659957703e-21
3.517377385142025581e+00 7.782061625730550692e-21 1.598279413935253537e-21
3.518042385141597173e+00 6.984268331488154465e-21 1.457232434946526898e-21
3.518707385141168764e+00 -4.064160707098640789e-23 1.416917821161053873e-21
3.519372385140740356e+00 4.442337707638691149e-21 1.423010309055570727e-21
3.520037385140311947e+00 8.639309717305304476e-21 1.641682294502984801e-21
3.520702385139883539e+00 1.004958564856014991e-20 1.641739805927525336e-21
3.521367385139455131e+00 2.194438548049214350e-21 1.500366225176172832e-21
3.522032385139026722e+00 5.355474714774829798e-21 1.539549425445954416e-21
3.522697385138598314e+00 1.542964671892789121e-20 1.606746843133389731e-21
3.523362385138169905e+00 1.670723200671268845e-21 1.712315968731413166e-21
3.524027385137741497e+00 8.587229925333702385e-21 1.502634282727344115e-21
3.524692385137313089e+00 3.941131888851007101e-21 1.460479055662863960e-21
3.525357385136884680e+00 1.096508997878199731e-20 1.181907957462649915e-21
3.526022385136456272e+00 1.154379131138768031e-20 1.661915102557841258e-21
3.526687385136027864e+00 2.401713343427599924e-21 1.738680890452766736e-21
3.527352385135599455e+00 -1.748673667152791032e-21 1.452002911105220980e-21
3.528017385135171047e+00 5.080122989686762374e-21 1.476755387720639871e-21
3.528682385134742638e+00 5.966331905285059945e-22 1.612781782602393376e-21
3.529347385134314230e+00 6.221358097225368985e-21 1.504596013115602457e-21
3.530012385133885822e+00 5.909802670257689749e-21 1.473765545412723030e-21
3.530677385133457413e+00 4.213877250455975282e-21 1.634724944702358374e-21
3.531342385133029005e+00 4.433675349322618535e-21 1.313244072095423241e-21
3.532007385132600596e+00 6.255816722670381432e-21 1.460245497710001873e-21
3.532672385132172188e+00 5.204764082436926900e-21 1.502842892847697478e-21
3.533337385131743780e+00 -1.070274440727824765e-21 1.305696174140368860e-21
3.534002385131315371e+00 5.905671308166170620e-22 1.398428980729023200e-21
3.534667385130886963e+00 6.251719010640994298e-21 1.494574332920388600e-21
3.535332385130458555e+00 2.046439769116635963e-21 1.457345200777436507e-21
3.535997385130030146e+00 2.155166140551060909e-21 1.425184206977386181e-21
3.536662385129601738e+00 5.049356484124069286e-21 1.466426128670632125e-21
3.537327385129173329e+00 4.863788325352266103e-21 1.450308827577602163e-21
3.537992385128744921e+00 1.482784027672623635e-21 1.287019564108609272e-21
3.538657385128316513e+00 7.364777779494996658e-22 1.434737400867608375e-21
3.539322385127888104e+00 4.886045886594603379e-21 1.277946604466781431e-21
3.539987385127459696e+00 5.373965618262341883e-21 1.606847084112230286e-21
3.540652385127031287e+00 3.126063129259042524e-21 1.581397056356541264e-21
3.541317385126602879e+00 3.598650899980426449e-21 1.457969126705918416e-21
3.541982385126174471e+00 8.262038374834110334e-21 1.246514244328640877e-21
3.542647385125746062e+00 8.450834335792139249e-21 1.416800204223020093e-21
3.543312385125317654e+00 7.746456473428502651e-21 1.486356321982594175e-21
3.543977385124889246e+00 8.024321936487696637e-21 1.419425425816689335e-21
3.544642385124460837e+00 3.707617576337264935e-21 1.252345422839633278e-21
3.545307385124032429e+00 3.557112418957445296e-21 1.332997747946843505e-21
3.545972385123604020e+00 3.247873884753647349e-21 1.513254136103195794e-21
3.546637385123175612e+00 8.184038375474377798e-21 1.506569378261131027e-21
3.547302385122747204e+00 6.271831060993170888e-21 1.407269600479407224e-21
3.547967385122318795e+00 4.505985798383580707e-21 1.490518869161590169e-21
3.548632385121890387e+00 5.943337881800315798e-21 1.468990113669975099e-21
3.549297385121461978e+00 2.512046043617226996e-21 1.118651744928509228e-21
3.549962385121033570e+00 1.034468921729486839e-20 1.514905075460734041e-21
3.550627385120605162e+00 1.602278648914892931e-20 1.132212729444727243e-21
3.551292385120176753e+00 7.363322278393537345e-21 1.291678475196594518e-21
3.551957385119748345e+00 7.991386852617696795e-21 1.438343399803382064e-21
3.552622385119319937e+00 3.634582987615786050e-21 1.604482946143420541e-21
3.553287385118891528e+00 -1.358407531129727009e-21 1.399591282528532539e-21
3.553952385118463120e+00 6.482558355220460166e-21 1.345528519968615736e-21
3.554617385118034711e+00 5.592802117001205534e-21 1.438982089703172680e-21
3.555282385117606303e+00 9.490839694437537991e-21 1.320388724741835340e-21
3.555947385117177895e+00 1.351147456607186425e-20 1.667595143431045554e-21
3.556612385116749486e+00 6.859404197645889008e-21 1.531704896066709394e-21
3.557277385116321078e+00 1.211571742148837385e-20 1.482279817086980660e-21
3.557942385115892669e+00 8.208957775351865608e-21 1.387145531914645654e-21
3.558607385115464261e+00 1.238117790620577393e-20 1.573869856604738315e-21
3.559272385115035853e+00 5.388145263835863054e-21 1.519364412031988354e-21
3.559937385114607444e+00 1.091701493509678879e-20 1.279953779893895826e-21
3.560602385114179036e+00 6.849309234706968734e-21 1.584101193923149037e-21
3.561267385113750628e+00 8.573861758264745104e-21 1.287269900029054401e-21
3.561932385113322219e+00 3.029932260652563276e-21 1.624418123935945188e-21
3.562597385112893811e+00 1.700104896177622396e-21 1.418609366307947976e-21
3.563262385112465402e+00 1.350534503883748537e-21 1.651600334544016417e-21
3.563927385112036994e+00 8.887692236021627945e-21 1.708380791626129797e-21
3.564592385111608586e+00 1.680072046175448278e-22 1.630185130269638254e-21
3.565257385111180177e+00 7.199859227142121852e-21 1.685641311126103411e-21
3.565922385110751769e+00 3.529795007509146593e-21 1.398556516482211760e-21
3.566587385110323360e+00 6.964347140749792427e-21 1.553830578990385291e-21
3.567252385109894952e+00 6.402662914499193383e-21 1.233576898557790804e-21
3.567917385109466544e+00 5.041128947340378482e-21 1.287439197120739839e-21
3.568582385109038135e+00 -6.141051337211647863e-22 1.359000307193398818e-21
3.569247385108609727e+00 9.373291972952945780e-21 1.364687603431609217e-21
3.569912385108181319e+00 7.236968689805780387e-21 1.502679355347661311e-21
3.570577385107752910e+00 7.739000508137923819e-21 1.357534510307069341e-21
3.571242385107324502e+00 7.946520239089461195e-22 2.103779393988808264e-21
3.571907385106896093e+00 -9.535271295440547585e-22 1.785421232579078381e-21
3.572572385106467685e+00 4.610910789082344698e-21 1.373141138340567921e-21
3.573237385106039277e+00 1.191974548726804732e-20 1.560281560564074816e-21
3.573902385105610868e+00 5.619946977449408453e-21 1.500668805951323824e-21
3.574567385105182460e+00 1.874275232225407741e-21 1.352216275862765350e-21
3.575232385104754051e+00 1.024534361627937815e-20 1.396899334361955181e-21
3.575897385104325643e+00 6.706940052721219052e-21 1.292794899704863283e-21
3.576562385103897235e+00 1.217546871500104792e-20 1.309729066595358696e-21
3.577227385103468826e+00 5.764721745140413176e-21 1.566984359632402343e-21
3.577892385103040418e+00 -1.790931514331238884e-21 1.357194225399937473e-21
3.578557385102612010e+00 7.753113231911121733e-21 1.433728521431541529e-21
3.579222385102183601e+00 5.606944342752400717e-21 1.364387429772749896e-21
3.579887385101755193e+00 5.549543247407212047e-21 1.515980777858565659e-21
3.580552385101326784e+00 7.105764466818402121e-21 1.575554731842346830e-21
3.581217385100898376e+00 4.144297215242368059e-21 1.533910468504253347e-21
3.581882385100469968e+00 2.521595519475827886e-21 1.438459677853246626e-21
3.582547385100041559e+00 7.061267522636287117e-21 1.321710129986404243e-21
3.583212385099613151e+00 1.202789649128189564e-20 1.543877611980813500e-21
3.583877385099184743e+00 8.277491501344235180e-21 1.383102180067479992e-21
3.584542385098756334e+00 -1.947774100858944587e-21 1.245394119319571010e-21
3.585207385098327926e+00 2.387563152231120655e-21 1.413453863046428410e-21
3.585872385097899517e+00 2.371370144882103490e-21 1.218048171039046734e-21
3.586537385097471109e+00 7.512412286849145358e-21 1.250140720047969615e-21
3.587202385097042701e+00 2.572603989504319982e-21 1.246837616253583806e-21
3.587867385096614292e+00 7.787558178048138367e-21 1.357643058244611688e-21
3.588532385096185884e+00 -1.212824201163736424e-21 1.422772566465591916e-21
3.589197385095757475e+00 9.861187457997668367e-22 1.603152287239241318e-21
3.589862385095329067e+00 6.403834952507930213e-21 1.305259580620695953e-21
3.590527385094900659e+00 7.517975733261338296e-21 1.256795021491225355e-21
3.591192385094472250e+00 2.143742818512492083e-21 1.338356276238081086e-21
3.591857385094043842e+00 3.071546035995754635e-21 1.272142954749419833e-21
3.592522385093615434e+00 1.114871900226805973e-20 1.411023108303601306e-21
3.593187385093187025e+00 1.898462161779894889e-20 1.503817135156347885e-21
3.593852385092758617e+00 7.928223238711966592e-21 1.319682615806286805e-21
3.594517385092330208e+00 7.729297615289504654e-21 1.327308970291234816e-21
3.595182385091901800e+00 1.114776789518598578e-20 1.431931119363815600e-21
3.595847385091473392e+00 4.851071803143625290e-21 1.162514534893781626e-21
3.596512385091044983e+00 7.026276734585290324e-22 1.366958822349595731e-21
3.597177385090616575e+00 -1.804051174647634169e-21 1.353151006272833425e-21
3.597842385090188166e+00 4.242087267411942651e-21 1.164870470626243978e-21
3.598507385089759758e+00 9.562511236939433513e-21 1.536454905527549965e-21
3.599172385089331350e+00 5.783982030691793920e-21 1.380175840278876180e-21
3.599837385088902941e+00 -3.959452511595557296e-21 1.328934269803322866e-21
3.600502385088474533e+00 -8.954512665084542833e-22 1.235696980132269240e-21
3.601167385088046125e+00 2.926881040759487700e-21 1.398463132812719491e-21
3.601832385087617716e+00 4.715912167313362735e-21 1.310153233047225793e-21
3.602497385087189308e+00 4.381878543023502133e-21 1.332051412023216117e-21
3.603162385086760899e+00 8.108477397636163528e-21 1.256544078437907003e-21
3.603827385086332491e+00 9.323171259471533243e-21 1.180960350446285722e-21
3.604492385085904083e+00 1.051122397045725287e-21 1.271710448667350730e-21
3.605157385085475674e+00 2.249305573595783959e-21 1.419868874483475375e-21
3.605822385085047266e+00 -1.876685553702528452e-21 1.359455136240235886e-21
3.606487385084618857e+00 1.499233473403628434e-21 1.270656184189022661e-21
3.607152385084190449e+00 4.926550748383530035e-21 1.393234076383045152e-21
3.607817385083762041e+00 1.328281794245980605e-20 1.367635546334963891e-21
3.608482385083333632e+00 -2.860129685558133924e-21 2.042276429814822937e-21
3.609147385082905224e+00 1.024996141994085566e-20 2.794371558806388522e-21
3.609812385082476816e+00 8.518846014902897485e-21 2.436273287246606950e-21
3.610477385082048407e+00 3.882319489759735168e-21 1.555509397045691912e-21
3.611142385081619999e+00 1.061310893883220112e-20 1.569851890089448939e-21
3.611807385081191590e+00 1.170231864109089303e-20 1.425685234990901451e-21
3.612472385080763182e+00 6.490025018797554250e-21 1.154717104444026336e-21
3.613137385080334774e+00 3.972707072633078391e-21 1.814102086528953957e-21
3.613802385079906365e+00 -3.916364021466128326e-21 1.273670561334969107e-21
3.614467385079477957e+00 3.179437322797475898e-21 1.525800542984091066e-21
3.615132385079049548e+00 7.696624510132160777e-21 1.715584798562577867e-21
3.615797385078621140e+00 6.379373459102096712e-21 1.428587605254338375e-21
3.616462385078192732e+00 1.440904934610131233e-21 1.497956529764949498e-21
3.617127385077764323e+00 1.932173495312809686e-22 1.462388872794935952e-21
3.617792385077335915e+00 8.305188214999421482e-21 1.444857444622559810e-21
3.618457385076907507e+00 3.118130126938892202e-21 1.455533427937687213e-21
3.619122385076479098e+00 3.173882635375134527e-21 1.198868424532548040e-21
3.619787385076050690e+00 8.032708219994760053e-21 1.558927896990282317e-21
3.620452385075622281e+00 3.428662625737836106e-21 1.300750260386562558e-21
3.621117385075193873e+00 4.472768541142569734e-22 1.395914014627546595e-21
3.621782385074765465e+00 1.570310682896897021e-21 1.463733772600290162e-21
3.622447385074337056e+00 9.636087060894713035e-21 1.513435784106820764e-21
3.623112385073908648e+00 1.222473591966881252e-20 1.379556697479962646e-21
3.623777385073480239e+00 8.357717904350988752e-21 1.537085543758971845e-21
3.624442385073051831e+00 4.118916209933238193e-21 1.258613301616532641e-21
3.625107385072623423e+00 9.359718938137833938e-21 1.348992126839720538e-21
3.625772385072195014e+00 3.598141493281511596e-21 1.435748469795862211e-21
3.626437385071766606e+00 8.477993030191935357e-21 1.520494675596785670e-21
3.627102385071338198e+00 1.188436880797204981e-21 1.482758467859976567e-21
3.627767385070909789e+00 8.364183073205067383e-21 1.284116524161620827e-21
3.628432385070481381e+00 3.174039618608788722e-21 1.295257424439489696e-21
3.629097385070052972e+00 -3.159216181314068282e-22 1.271564281149097761e-21
3.629762385069624564e+00 5.917129846640256671e-21 1.485559367939632600e-21
3.630427385069196156e+00 9.775182022413168081e-21 1.328343731819887618e-21
3.631092385068767747e+00 7.066594801024571841e-21 1.403048114150638819e-21
3.631757385068339339e+00 8.620330138620623954e-21 1.384029413439381853e-21
3.632422385067910930e+00 5.673075041167551810e-21 1.502208287228522539e-21
3.633087385067482522e+00 -2.245606061712069311e-21 1.582368587850833317e-21
3.633752385067054114e+00 1.393687683721480464e-20 1.701897558234632722e-21
3.634417385066625705e+00 1.291374213504865192e-20 1.497555139860190576e-21
3.635082385066197297e+00 6.807358969729824184e-21 1.610703090482885953e-21
3.635747385065768889e+00 9.031108572168728309e-21 1.330651692637360805e-21
3.636412385065340480e+00 4.102582254553392150e-21 1.750412948779429741e-21
3.637077385064912072e+00 2.757516143059317532e-21 1.453730293277378098e-21
3.637742385064483663e+00 4.040082297177534451e-21 1.286474159265441338e-21
3.638407385064055255e+00 6.571701014366098693e-21 1.347366342153797717e-21
3.639072385063626847e+00 -2.612126195843886200e-21 1.317695312415901257e-21
3.639737385063198438e+00 1.714654297015700174e-21 1.244537036619220938e-21
3.640402385062770030e+00 9.787657540852472218e-21 1.374856796017374979e-21
3.641067385062341621e+00 4.636682273423712751e-21 1.288434082689851967e-21
3.641732385061913213e+00 7.959900146900279533e-21 1.467912577780658778e-21
3.642397385061484805e+00 6.955659226219151867e-21 1.270377596143453524e-21
3.643062385061056396e+00 2.575465201709111222e-21 1.242451326896933684e-21
3.643727385060627988e+00 5.336245552261070280e-21 1.230900888706604358e-21
3.644392385060199580e+00 4.319932736376258179e-21 1.384039493974656080e-21
3.645057385059771171e+00 -5.848092613622182274e-22 1.553426557369954120e-21
3.645722385059342763e+00 3.693241000649031257e-21 1.575498975531457150e-21
3.646387385058914354e+00 1.242991499578494991e-21 1.670404325954230584e-21
3.647052385058485946e+00 2.539956164186188458e-21 1.391005880925921143e-21
3.647717385058057538e+00 3.334021236125127511e-21 1.529470433084169379e-21
3.648382385057629129e+00 6.178432132680281496e-21 1.450914311007661877e-21
3.649047385057200721e+00 5.882437927075951406e-21 1.159325919139989174e-21
3.649712385056772312e+00 1.295963030001629515e-20 1.287484838313061910e-21
3.650377385056343904e+00 2.280039285215833853e-21 1.464715839494849067e-21
3.651042385055915496e+00 4.321860654245312500e-21 1.577061452831587167e-21
3.651707385055487087e+00 9.417091792825810274e-21 1.556353292326694750e-21
3.652372385055058679e+00 6.805169057164883733e-21 1.432043699668759925e-21
3.653037385054630271e+00 8.327216376738935361e-21 1.687487262308962815e-21
3.653702385054201862e+00 5.562688018051413278e-21 1.513603558893889977e-21
3.654367385053773454e+00 6.510627438346084624e-21 1.503418336882642984e-21
3.655032385053345045e+00 3.344748016831760070e-21 1.490151040387505753e-21
3.655697385052916637e+00 4.300731826165719843e-21 1.512368686833004568e-21
3.656362385052488229e+00 1.184745707533107809e-20 1.477093802171485170e-21
3.657027385052059820e+00 9.300064546516625027e-21 1.187297782551677017e-21
3.657692385051631412e+00 6.336978468246732205e-21 1.694235862000622308e-21
3.658357385051203003e+00 5.114689263289989963e-22 1.472508596546066862e-21
3.659022385050774595e+00 1.328881537086792464e-21 1.555074112427890443e-21
3.659687385050346187e+00 -1.346409911343050662e-21 1.242685612254081805e-21
3.660352385049917778e+00 4.531105752314768373e-21 1.324642676224744226e-21
3.661017385049489370e+00 -1.616021898249263484e-21 1.294867286865502982e-21
3.661682385049060962e+00 6.438568967641601634e-21 2.202311754050723666e-21
3.662347385048632553e+00 3.200828194749738658e-21 1.507497311153537232e-21
3.663012385048204145e+00 2.177296475207446211e-21 1.431324479811199317e-21
3.663677385047775736e+00 6.531575131974182506e-21 1.590229041443118442e-21
3.664342385047347328e+00 6.890720250148601708e-21 1.370268848165254171e-21
3.665007385046918920e+00 3.137402036757520926e-21 1.352761613526813688e-21
3.665672385046490511e+00 2.025078932404391545e-21 1.248522930116186000e-21
3.666337385046062103e+00 -7.350988594030484493e-22 1.417576317202500763e-21
3.667002385045633694e+00 -4.647907363526587276e-21 1.635878326817952992e-21
3.667667385045205286e+00 1.088813093321834581e-21 1.369346421158221061e-21
3.668332385044776878e+00 -2.171087466556598130e-21 1.856601871474699659e-21
3.668997385044348469e+00 -1.334419920823576901e-21 1.371353401750815478e-21
3.669662385043920061e+00 4.342068170705749973e-21 1.362397634575961306e-21
3.670327385043491653e+00 9.806199442341285029e-21 1.372701789981062336e-21
3.670992385043063244e+00 1.120086518409751754e-20 1.140376355496116562e-21
3.671657385042634836e+00 8.424176124547608888e-21 1.500381609891421907e-21
3.672322385042206427e+00 4.950887436640508663e-21 1.540211850771474137e-21
3.672987385041778019e+00 8.621397881172922450e-21 1.622123087475668417e-21
3.673652385041349611e+00 5.789207717520996066e-21 1.735945179318890718e-21
3.674317385040921202e+00 5.355320549848367357e-21 1.505870670763041827e-21
3.674982385040492794e+00 3.003545333297021098e-21 1.369214327952999094e-21
3.675647385040064385e+00 7.723054691207327292e-21 1.210662624195283887e-21
3.676312385039635977e+00 2.757168166650247945e-21 1.367752535713634157e-21
3.676977385039207569e+00 6.528785210839958541e-22 1.541493276727545683e-21
3.677642385038779160e+00 5.688219034674364191e-21 2.032960640805615085e-21
3.678307385038350752e+00 6.763113631222065866e-22 1.228026491860421405e-21
3.678972385037922344e+00 1.938143317144178073e-20 1.552012790289965474e-21
3.679637385037493935e+00 9.111618178994785814e-21 1.515893218483505421e-21
3.680302385037065527e+00 6.600889067413538334e-21 7.082313274577407538e-21
3.680967385036637118e+00 1.431811229289236523e-21 5.693398893905875671e-21
3.681632385036208710e+00 1.370017511873905055e-20 7.292887491167405671e-21
3.682297385035780302e+00 8.061173969844234733e-21 5.761866443693737109e-21
3.682962385035351893e+00 1.626060064999402638e-20 1.527938014758887131e-21
3.683627385034923485e+00 9.288862288656384000e-21 1.494365275796068172e-21
3.684292385034495076e+00 9.027087695352872538e-21 1.345251588619828478e-21
3.684957385034066668e+00 6.114531881047653244e-22 1.431423717773588423e-21
3.685622385033638260e+00 1.031918293486567895e-21 1.468956559090696988e-21
3.686287385033209851e+00 9.213094014433278822e-21 1.332145744647748831e-21
3.686952385032781443e+00 3.908985283305859356e-21 1.219726854370204211e-21
3.687617385032353035e+00 -3.428504802574813480e-21 1.564806864036607019e-21
3.688282385031924626e+00 1.232132394973337306e-21 1.370142309741188007e-21
3.688947385031496218e+00 1.568795643925194449e-21 2.287794963965569292e-21
3.689612385031067809e+00 1.028056668174058885e-20 1.523331601032109128e-21
3.690277385030639401e+00 1.471959274876202898e-21 1.553955025345614644e-21
3.690942385030210993e+00 -2.043419819460055345e-21 1.462992566517635421e-21
3.691607385029782584e+00 -6.586524170589443259e-21 1.624497750970395361e-21
3.692272385029354176e+00 4.981792338646580429e-21 1.312261888919333447e-21
3.692937385028925767e+00 6.994922580394596818e-21 1.543027729603275691e-21
3.693602385028497359e+00 2.951272610196686222e-21 1.300765468489815050e-21
3.694267385028068951e+00 3.370209576091095274e-21 1.345973326133629296e-21
3.694932385027640542e+00 7.441159073187377558e-21 1.251356229914316078e-21
3.695597385027212134e+00 5.889871196368509835e-21 1.254364070546058376e-21
3.696262385026783726e+00 5.921253971144660379e-21 1.174189951179045412e-21
3.696927385026355317e+00 6.342681621989175392e-21 1.224039154295887545e-21
3.697592385025926909e+00 1.078396426498694851e-21 1.319013606826622534e-21
3.698257385025498500e+00 5.238806497834423525e-21 1.479384267881745190e-21
3.698922385025070092e+00 7.850916539181390768e-21 1.298732259528392407e-21
3.699587385024641684e+00 1.079339189249829777e-21 1.181755822996169552e-21
3.700252385024213275e+00 6.040408673694479594e-22 1.335994797954822248e-21
3.700917385023784867e+00 7.712786512521428983e-21 1.204099916357946075e-21
3.701582385023356458e+00 7.953535219560493804e-21 1.247904990395531103e-21
3.702247385022928050e+00 7.489343034783413341e-21 1.105136264750038427e-21
3.702912385022499642e+00 3.942827386508932352e-21 1.322282000004562513e-21
3.703577385022071233e+00 6.349759685422436377e-21 1.424576792627922205e-21
3.704242385021642825e+00 1.961140907581511532e-21 1.466613834348059508e-21
3.704907385021214417e+00 7.549201532263599285e-21 1.202223210806272117e-21
3.705572385020786008e+00 3.856186905124024783e-21 1.151891573253096449e-21
3.706237385020357600e+00 7.319832583244384059e-21 1.334318279582549646e-21
3.706902385019929191e+00 4.451985159079984757e-21 1.278152651848788135e-21
3.707567385019500783e+00 5.754615651014527296e-21 1.384504694888459702e-21
3.708232385019072375e+00 2.800581603219390926e-21 1.362273851237679042e-21
3.708897385018643966e+00 2.030273802298346392e-21 1.204509591308620123e-21
3.709562385018215558e+00 -3.047203233760592225e-21 1.428021426636928690e-21
3.710227385017787149e+00 1.589673697657108389e-21 2.027996587851154751e-21
3.710892385017358741e+00 7.926587153977785372e-21 2.938610917656300676e-21
3.711557385016930333e+00 6.469685331208412663e-21 2.980368496319643012e-21
3.712222385016501924e+00 9.370271461793460945e-21 2.974717822841647842e-21
3.712887385016073516e+00 6.005677577371630171e-21 2.527573863868474764e-21
3.713552385015645108e+00 6.236166822904110348e-21 1.970928931999590181e-21
3.714217385015216699e+00 1.733419822592292203e-21 2.011972721771333649e-21
3.714882385014788291e+00 4.429891949197270325e-21 1.377767074036362930e-21
3.715547385014359882e+00 2.581050710973300956e-21 1.260427792876998666e-21
3.716212385013931474e+00 -2.583172926174758449e-22 1.389922414018429047e-21
3.716877385013503066e+00 2.781772390737595638e-22 1.293380505563760235e-21
3.717542385013074657e+00 -1.501407711905974795e-21 2.031070129783413730e-21
3.718207385012646249e+00 -2.231486370106047855e-21 2.402350494003530196e-21
3.718872385012217840e+00 8.310320538426849414e-21 1.493069278698191821e-21
3.719537385011789432e+00 5.716159906951094840e-21 1.519377978333688050e-21
3.720202385011361024e+00 6.013337887721785188e-21 2.116049053527381516e-21
3.720867385010932615e+00 6.045423739430109542e-21 1.340882188325399012e-21
3.721532385010504207e+00 4.064673769588352704e-21 1.316154707181911091e-21
3.722197385010075799e+00 6.444551593001567170e-22 1.564484602262175837e-21
3.722862385009647390e+00 3.078614089381871945e-21 1.305332430907387604e-21
3.723527385009218982e+00 3.195406829075657904e-22 1.648052992442629676e-21
3.724192385008790573e+00 -1.617977999132028239e-21 1.171521536307881404e-21
3.724857385008362165e+00 1.752823835279414386e-21 1.275595446463680512e-21
3.725522385007933757e+00 5.498336993391059311e-21 1.442814234688068848e-21
3.726187385007505348e+00 6.551054926600719844e-21 1.641567471646146104e-21
3.726852385007076940e+00 1.048765528656581815e-20 1.460158067931948917e-21
3.727517385006648531e+00 1.131768312481770809e-20 1.298831424851632845e-21
3.728182385006220123e+00 5.212937089308264933e-21 1.545395818854767682e-21
3.728847385005791715e+00 6.773273579697918607e-21 1.071934692620065713e-20
3.729512385005363306e+00 2.292786751282149821e-20 1.522132336005504134e-20
3.730177385004934898e+00 2.551414378668092945e-20 9.598294430150084485e-21
3.730842385004506490e+00 2.656651145103038059e-21 1.425488035667648246e-21
3.731507385004078081e+00 1.562576523690410150e-21 1.412049545648748278e-21
3.732172385003649673e+00 9.261045221840017450e-21 1.192321783536445308e-21
3.732837385003221264e+00 8.426986956399716948e-21 1.232574080689896649e-21
3.733502385002792856e+00 7.755366400857714264e-21 1.579484343740471827e-21
3.734167385002364448e+00 4.669955563842573713e-21 1.347270358321899555e-21
3.734832385001936039e+00 1.183142355478884708e-20 1.233035400198380145e-21
3.735497385001507631e+00 9.788433040335634472e-21 1.306284132690196876e-21
3.736162385001079222e+00 6.261209436287669618e-21 1.166979098935342414e-21
3.736827385000650814e+00 1.285731322809037419e-21 1.425484282535812271e-21
3.737492385000222406e+00 1.151827318053175261e-21 1.334254673487815255e-21
3.738157384999793997e+00 1.160747290676448834e-21 1.443714895979455550e-21
3.738822384999365589e+00 4.228624055237360434e-21 1.438086420634746819e-21
3.739487384998937181e+00 -1.321880480612416517e-22 1.415925960594585385e-21
3.740152384998508772e+00 6.040014561371179929e-22 1.359949592632838152e-21
3.740817384998080364e+00 -2.130760871111944923e-21 1.295539952448744414e-21
3.741482384997651955e+00 9.387471875626384410e-21 1.378508143012087123e-21
3.742147384997223547e+00 5.063741096585338798e-21 1.364986996262529658e-21
3.742812384996795139e+00 5.006335366681284730e-21 1.628583369655488495e-21
3.743477384996366730e+00 6.453246838234148932e-21 1.332315434486514270e-21
3.744142384995938322e+00 3.917923980182245017e-21 1.480023231083906545e-21
3.744807384995509913e+00 4.303354027124665033e-21 1.366935474505541955e-21
3.745472384995081505e+00 2.803190183431746057e-21 1.420734664935360138e-21
3.746137384994653097e+00 7.477525529833696831e-21 1.347220688141190065e-21
3.746802384994224688e+00 4.573887953543439133e-21 1.158395740430229049e-21
3.747467384993796280e+00 6.530530836703154667e-21 1.079812472281008722e-21
3.748132384993367872e+00 1.077455350065482328e-20 1.422495358600598699e-21
3.748797384992939463e+00 1.091006596911115015e-20 1.334921625963702018e-21
3.749462384992511055e+00 5.165520039805045882e-21 1.480908516413367933e-21
3.750127384992082646e+00 2.781035617580304198e-21 1.554583853342391580e-21
3.750792384991654238e+00 -1.469054890174125846e-21 1.438460813927199731e-21
3.751457384991225830e+00 8.875073508230623694e-21 1.331566949626019549e-21
3.752122384990797421e+00 5.627878944262171130e-21 1.368290442425807367e-21
3.752787384990369013e+00 4.777260518391783789e-21 1.216747514450533042e-21
3.753452384989940604e+00 5.971179675317194394e-21 1.359001703049027900e-21
3.754117384989512196e+00 7.512017427989914013e-21 1.194750464975814511e-21
3.754782384989083788e+00 5.326132571711454966e-21 1.263672139704066479e-21
3.755447384988655379e+00 9.102443302125414361e-21 1.377028492109534587e-21
3.756112384988226971e+00 9.144749879404008991e-21 1.422687111137357820e-21
3.756777384987798563e+00 6.372970557365045755e-21 1.359470393102865968e-21
3.757442384987370154e+00 2.128225625399144881e-21 1.280329413022084952e-21
3.758107384986941746e+00 -1.359149017307896162e-21 1.293354665761460203e-21
3.758772384986513337e+00 7.814098769325873131e-21 1.516703744937703412e-21
3.759437384986084929e+00 6.379288325094398374e-21 1.454253851669733166e-21
3.760102384985656521e+00 1.387061179757875671e-21 1.415847135323758630e-21
3.760767384985228112e+00 2.602859538632935754e-21 1.270215201722685224e-21
3.761432384984799704e+00 9.565611991518112221e-21 1.230522118637558418e-21
3.762097384984371296e+00 3.228251193728961747e-21 1.353067052092233766e-21
3.762762384983942887e+00 9.788447297955671513e-22 1.312241084474922147e-21
3.763427384983514479e+00 1.046579964057470949e-20 1.206487280705532374e-21
3.764092384983086070e+00 8.253355530356184109e-21 1.214416934909733165e-21
3.764757384982657662e+00 6.290071349315297227e-21 1.358796843385699072e-21
3.765422384982229254e+00 8.957992584193413284e-21 1.273613909053072928e-21
3.766087384981800845e+00 5.944078642678941865e-21 1.462531335694002548e-21
3.766752384981372437e+00 5.507084691100849717e-21 1.583096070560018574e-21
3.767417384980944028e+00 5.441401469533701489e-21 3.097013493524603693e-21
3.768082384980515620e+00 6.140554688381217969e-21 1.646890147043745330e-21
3.768747384980087212e+00 -6.482144670873962264e-22 2.690311388512005714e-21
3.769412384979658803e+00 5.597624738090708428e-21 1.328533919371876560e-21
3.770077384979230395e+00 6.896822988277572475e-21 1.610412761665945586e-21
3.770742384978801987e+00 1.013199320961547323e-21 1.312175089171142490e-21
3.771407384978373578e+00 8.659483145680616084e-21 1.408863605238667384e-21
3.772072384977945170e+00 3.309744808865111033e-21 1.419169436049258903e-21
3.772737384977516761e+00 1.960645420812348938e-22 1.457288346417055221e-21
3.773402384977088353e+00 2.748849048922828133e-21 1.389841863010455976e-21
3.774067384976659945e+00 2.901968797895978431e-21 1.461289690063659303e-21
3.774732384976231536e+00 3.379583223956649351e-21 1.624577013244419529e-21
3.775397384975803128e+00 3.358812500429531846e-21 1.448313554053410305e-21
3.776062384975374719e+00 1.937448257257219961e-23 1.507488769665087355e-21
3.776727384974946311e+00 5.024791741366702260e-21 1.652032453357570350e-21
3.777392384974517903e+00 2.501193262521324046e-21 4.986000711479410949e-21
3.778057384974089494e+00 -1.774268562546097626e-21 9.132367512842195128e-21
3.778722384973661086e+00 2.170721028147751740e-21 1.472581646595954023e-21
3.779387384973232678e+00 6.260330977810212947e-21 1.355636904688987592e-21
3.780052384972804269e+00 6.813993497349116805e-21 1.358407961677926840e-21
3.780717384972375861e+00 7.082364912034490639e-21 1.195365383608145596e-21
3.781382384971947452e+00 8.015594859421858899e-21 1.209452640861793559e-21
3.782047384971519044e+00 6.409330422362810540e-21 1.355621734461530607e-21
3.782712384971090636e+00 5.420524754241527302e-21 1.144273436847399431e-21
3.783377384970662227e+00 4.038725082006828766e-21 1.218745913147085980e-21
3.784042384970233819e+00 5.591073879190223018e-21 1.209070455761113170e-21
3.784707384969805410e+00 4.276974082472493483e-21 1.562191544158700224e-21
3.785372384969377002e+00 4.110783266265530289e-21 1.618239101124468638e-21
3.786037384968948594e+00 4.648765673436545424e-21 1.234762992411829942e-21
3.786702384968520185e+00 1.059951221475862808e-20 1.654929010204576079e-21
3.787367384968091777e+00 1.147327041576954143e-20 1.441072879978421063e-21
3.788032384967663369e+00 3.964885125816328244e-21 1.510118561230268455e-21
3.788697384967234960e+00 6.794506990024676402e-21 1.458495216673919401e-21
3.789362384966806552e+00 3.883745239400715236e-21 1.446985452884765002e-21
3.790027384966378143e+00 1.193926111992712502e-21 1.177540818064652461e-21
3.790692384965949735e+00 6.432352607590719106e-21 1.631169151770851916e-21
3.791357384965521327e+00 3.936152366106123524e-21 1.398650173512339791e-21
3.792022384965092918e+00 2.015938313379225450e-21 1.296712102837445571e-21
3.792687384964664510e+00 -3.194018272424043672e-21 1.384899717801029107e-21
3.793352384964236101e+00 3.078958252888736590e-21 1.253193815559234277e-21
3.794017384963807693e+00 1.135476089016042622e-22 1.536364877676640659e-21
3.794682384963379285e+00 1.919130137077628126e-21 1.231596685730993021e-21
3.795347384962950876e+00 -3.367039329754641442e-21 1.351760526885604908e-21
3.796012384962522468e+00 2.972532517319798508e-21 1.224374443179106618e-21
3.796677384962094060e+00 3.980692520601111968e-21 1.129232936220680406e-21
3.797342384961665651e+00 4.109717103945384337e-21 1.419659527695690537e-21
3.798007384961237243e+00 8.918551777689654096e-22 1.173317339334194016e-21
3.798672384960808834e+00 5.005339688566386182e-22 1.268863184737485081e-21
3.799337384960380426e+00 6.178885344697837797e-21 1.377480826944349516e-21
3.800002384959952018e+00 5.920196739074870755e-21 1.297835948114016147e-21
3.800667384959523609e+00 2.368012325815305326e-21 1.435491143904711934e-21
3.801332384959095201e+00 8.283913729653419332e-21 1.221593012765696192e-21
3.801997384958666792e+00 8.463555298540736125e-21 1.274262893768634536e-21
3.802662384958238384e+00 -9.993451670675583506e-22 1.310744831278933323e-21
3.803327384957809976e+00 1.577010863714690000e-21 1.490538979337596667e-21
3.803992384957381567e+00 3.793247725405130856e-21 1.654883312165746871e-21
3.804657384956953159e+00 1.538743086045500326e-21 1.218996548130705192e-21
3.805322384956524751e+00 4.527001500814368317e-21 1.333430461841405744e-21
3.805987384956096342e+00 2.968445008802578594e-21 1.347894589573853462e-21
3.806652384955667934e+00 3.933718536805419059e-21 1.219273203438753830e-21
3.807317384955239525e+00 5.149416526875127417e-21 1.255539970991390380e-21
3.807982384954811117e+00 4.411561494311658030e-22 1.322955437438001205e-21
3.808647384954382709e+00 4.401402617643677616e-21 1.321065533562965768e-21
3.809312384953954300e+00 9.874747362961813074e-21 1.369358905234159780e-21
3.809977384953525892e+00 2.990746399248917925e-21 1.835759419437043073e-21
3.810642384953097483e+00 4.669972025296149312e-21 1.307661665529505420e-21
3.811307384952669075e+00 1.021321725229335519e-20 1.471893107773829452e-21
3.811972384952240667e+00 1.493806489819090197e-20 1.535786982731351644e-21
3.812637384951812258e+00 1.160867202944181375e-20 1.403896218090060859e-21
3.813302384951383850e+00 9.561052756170387406e-21 1.399678432645085414e-21
3.813967384950955442e+00 1.008507268497674123e-20 1.368683226864354493e-21
3.814632384950527033e+00 8.784662938041834292e-21 1.227975366602874733e-21
3.815297384950098625e+00 3.419938599681749788e-21 1.378202125771309478e-21
3.815962384949670216e+00 6.496583810903392271e-21 1.370292445164418696e-21
3.816627384949241808e+00 2.731335716114916570e-21 1.465880709928928869e-21
3.817292384948813400e+00 6.513264875557235773e-21 1.348084752754252952e-21
3.817957384948384991e+00 7.783835913063500923e-21 1.366560097096089252e-21
3.818622384947956583e+00 6.323330434894528814e-21 1.334352040252939755e-21
3.819287384947528174e+00 8.010310046649181879e-21 1.560895346774511371e-21
3.819952384947099766e+00 6.704920357485683699e-21 1.593170145059479969e-21
3.820617384946671358e+00 5.502199644324633836e-22 1.726222280605000147e-21
3.821282384946242949e+00 5.255999799701692507e-21 1.311676358110505268e-21
3.821947384945814541e+00 7.109525947444988724e-22 1.387840002894573103e-21
3.822612384945386133e+00 5.369098689760300463e-21 1.215238209673710822e-21
3.823277384944957724e+00 2.970588687082862175e-21 1.698401272166775184e-21
3.823942384944529316e+00 5.602468934803504651e-21 1.438946004220060601e-21
3.824607384944100907e+00 8.070838094986930419e-21 1.202734793395123588e-21
3.825272384943672499e+00 9.209315629760469617e-23 1.246932572214295962e-21
3.825937384943244091e+00 6.378469003067422180e-21 1.487100303200284401e-21
3.826602384942815682e+00 6.111206165898634476e-21 1.260388521877488401e-21
3.827267384942387274e+00 4.044242171900767201e-21 1.234630175529747572e-21
3.827932384941958865e+00 4.008034842711432042e-23 1.180011693632140092e-21
3.828597384941530457e+00 7.125039565386262686e-21 1.270249541420133852e-21
3.829262384941102049e+00 -1.929274704697656222e-21 1.153016612235036255e-21
3.829927384940673640e+00 2.612205886794994967e-21 1.459065731773659452e-21
3.830592384940245232e+00 3.039095982950882195e-21 1.261631954880155870e-21
3.831257384939816824e+00 -5.823152801198400080e-21 1.114212608648458264e-21
3.831922384939388415e+00 3.166166705368346061e-22 1.226118629536735175e-21
3.832587384938960007e+00 1.478054000336832512e-21 1.496292601141844321e-21
3.833252384938531598e+00 -1.376172371552663516e-21 1.517833098609756717e-21
3.833917384938103190e+00 -1.027418068312894306e-22 1.469087311619940002e-21
3.834582384937674782e+00 -1.119384807727195323e-21 1.284253104048666688e-21
3.835247384937246373e+00 8.221526457200773434e-21 1.183530715932686330e-21
3.835912384936817965e+00 2.258081784196960331e-21 1.516916125705123074e-21
3.836577384936389556e+00 6.823110388807867647e-21 1.295927120961178472e-21
3.837242384935961148e+00 1.013530825988135893e-20 1.522302578402762118e-21
3.837907384935532740e+00 4.588879456353834675e-21 1.155675963736686190e-21
3.838572384935104331e+00 6.042064046522119800e-21 1.279225762415481171e-21
3.839237384934675923e+00 -5.473055358232815414e-21 2.467513402046076425e-21
3.839902384934247515e+00 6.737395054897696222e-21 5.981400134753878767e-21
3.840567384933819106e+00 -5.912009175446007784e-22 4.695317173678580266e-21
3.841232384933390698e+00 1.471293966988792176e-20 1.645572216519309012e-21
3.841897384932962289e+00 6.745048594627079980e-21 1.640499970254204986e-21
3.842562384932533881e+00 3.420330291056259663e-21 1.668359694591706590e-21
3.843227384932105473e+00 6.300802738303487145e-21 1.442141599922462638e-21
3.843892384931677064e+00 1.123954460434558861e-20 1.448655687438927967e-21
3.844557384931248656e+00 3.492820456894132584e-21 1.175211033206821833e-21
3.845222384930820247e+00 5.676930893768993958e-21 9.296601308415195972e-22
3.845887384930391839e+00 1.200349902229859302e-20 1.560367922525602502e-21
3.846552384929963431e+00 1.162011170538900655e-20 1.274661513333507316e-21
3.847217384929535022e+00 8.393259454790995000e-21 1.210519824474516898e-21
3.847882384929106614e+00 5.243425938817719343e-21 1.207125636303955649e-21
3.848547384928678206e+00 4.538197611890136018e-21 1.357792948475880176e-21
3.849212384928249797e+00 1.024484733100264768e-20 1.421768745980800979e-21
3.849877384927821389e+00 1.256448563184684339e-20 1.400234416127256281e-21
3.850542384927392980e+00 5.178016997076031542e-21 1.404037081866445537e-21
3.851207384926964572e+00 1.052764785983651216e-20 1.307524962839436099e-21
3.851872384926536164e+00 1.023431029846925049e-20 1.376929984009784228e-21
3.852537384926107755e+00 1.187685973365000056e-20 1.376032179835104775e-21
3.853202384925679347e+00 9.877740990328211007e-21 1.521973588113228854e-21
3.853867384925250938e+00 -3.200828517382297452e-21 1.321038411446449397e-21
3.854532384924822530e+00 9.492017903972721009e-21 1.401239033250113342e-21
3.855197384924394122e+00 7.959140934317292908e-21 1.448232013777083784e-21
3.855862384923965713e+00 6.312833489504811995e-21 1.370923377129201022e-21
3.856527384923537305e+00 1.398092717070543518e-20 1.378133993950045984e-21
3.857192384923108897e+00 1.143828398367655644e-21 1.481475852658436214e-21
3.857857384922680488e+00 1.487551841238387812e-20 1.502194886363862574e-21
3.858522384922252080e+00 2.975389136566378771e-21 1.261839044575040721e-21
3.859187384921823671e+00 6.005362173526943290e-21 1.136469742640849857e-21
3.859852384921395263e+00 1.092264869143953342e-21 1.233474529131686896e-21
3.860517384920966855e+00 1.356958880938229250e-21 1.595170024640930940e-21
3.861182384920538446e+00 5.785064311166465612e-21 1.227858055098812242e-21
3.861847384920110038e+00 -1.940539877664013876e-21 1.235364448356009336e-21
3.862512384919681629e+00 7.506484242709266267e-21 1.103092218149059642e-21
3.863177384919253221e+00 4.173806064621377741e-21 1.352721633285396286e-21
3.863842384918824813e+00 3.395665998943060072e-21 1.480465699946150865e-21
3.864507384918396404e+00 9.864943002703893286e-21 1.197727629285447432e-21
3.865172384917967996e+00 5.376960162596360770e-21 1.011996811488570958e-21
3.865837384917539588e+00 5.697472871876770175e-21 1.148563997123666048e-21
3.866502384917111179e+00 -9.768643789776304653e-22 1.211257453843688079e-21
3.867167384916682771e+00 3.404672621527935407e-21 1.571877733816141689e-21
3.867832384916254362e+00 -3.724102136972187563e-22 1.308168084808242100e-21
3.868497384915825954e+00 -2.228142056350150775e-21 1.309444833886209239e-21
3.869162384915397546e+00 3.577384744881445211e-21 1.164293330259549028e-21
3.869827384914969137e+00 3.675146190422383799e-21 1.260950461147440111e-21
3.870492384914540729e+00 4.730967724638004888e-21 1.299403998167973754e-21
3.871157384914112320e+00 -6.706535631434466576e-22 1.176050292943746425e-21
3.871822384913683912e+00 3.152011172104493932e-21 1.317875458939878018e-21
3.872487384913255504e+00 2.899060126402185571e-21 1.258588041852584529e-21
3.873152384912827095e+00 2.144136870124402125e-21 1.353846551458408647e-21
3.873817384912398687e+00 1.198936387418670780e-22 1.444320561501203272e-21
3.874482384911970279e+00 1.127105212277870343e-21 1.349516547632379493e-21
3.875147384911541870e+00 4.547400616030725471e-21 1.457677890426919564e-21
3.875812384911113462e+00 1.412445697507826678e-21 1.552994340896935135e-21
3.876477384910685053e+00 5.911051858247001916e-21 1.788570369697106573e-21
3.877142384910256645e+00 3.911817797921650092e-21 1.414480165900188978e-21
3.877807384909828237e+00 7.337355541667549042e-21 1.317870917841334810e-21
3.878472384909399828e+00 8.623063226420610258e-21 1.119337036614568777e-21
3.879137384908971420e+00 6.381501020623860360e-21 1.454930174306992355e-21
3.879802384908543011e+00 1.250021475678762771e-20 1.276224658743709922e-21
3.880467384908114603e+00 2.609501006797423597e-21 1.315855026077931238e-21
3.881132384907686195e+00 2.841097348344060866e-21 1.512320615004061846e-21
3.881797384907257786e+00 3.327394457490389581e-21 1.213587790471587179e-21
3.882462384906829378e+00 7.393909869645597391e-21 1.295333012605084019e-21
3.883127384906400970e+00 5.561720881553698393e-21 1.271430704473084664e-21
3.883792384905972561e+00 5.037065713374002582e-23 1.401033915216113464e-21
3.884457384905544153e+00 3.871508063462372284e-21 1.143746481587805019e-21
3.885122384905115744e+00 7.242329313735830936e-22 1.186836516158733875e-21
3.885787384904687336e+00 4.034960191281360049e-21 1.303726333806780271e-21
3.886452384904258928e+00 3.558008495931346718e-21 1.217028169031478134e-21
3.887117384903830519e+00 6.557878109532589538e-21 1.214538280262474742e-21
3.887782384903402111e+00 6.155217779688315144e-21 1.349989150140943532e-21
3.888447384902973702e+00 9.592453791947560327e-21 1.409004247515406265e-21
3.889112384902545294e+00 1.204001877628538523e-20 1.320470472654439554e-21
3.889777384902116886e+00 7.176033720983381205e-21 1.148989138067982602e-21
3.890442384901688477e+00 9.649151713307461344e-21 1.145666360456278638e-21
3.891107384901260069e+00 5.144275409179638574e-21 1.341930428290423011e-21
3.891772384900831661e+00 -5.910085813287666902e-22 1.274635063610466018e-21
3.892437384900403252e+00 4.358001183364859613e-21 1.312890739105267054e-21
3.893102384899974844e+00 6.117887656778598670e-21 1.386809402420807641e-21
3.893767384899546435e+00 9.496180758052474655e-21 1.479098965934559627e-21
3.894432384899118027e+00 1.305967883518264057e-20 1.208796847826822529e-21
3.895097384898689619e+00 3.019132990693727898e-21 1.245938643221025436e-21
3.895762384898261210e+00 2.005880866435871499e-21 1.368333429857757676e-21
3.896427384897832802e+00 9.251342339722579009e-21 1.637034411786780571e-21
3.897092384897404393e+00 1.572668566403853166e-22 2.225033564302090130e-21
3.897757384896975985e+00 -9.222317274121424500e-23 2.532394323523780056e-21
3.898422384896547577e+00 3.634405976780243829e-21 2.188297237649569112e-21
3.899087384896119168e+00 2.926099975848761132e-21 1.285827592606312255e-21
3.899752384895690760e+00 4.269942472769132715e-21 1.190906813776974422e-21
3.900417384895262352e+00 1.817131109966243563e-21 1.234409412957032031e-21
3.901082384894833943e+00 -1.040062940713322163e-21 1.369105864104590707e-21
3.901747384894405535e+00 1.262726618852687935e-21 1.351030549361325088e-21
3.902412384893977126e+00 7.105905054937669727e-22 1.241683804484879528e-21
3.903077384893548718e+00 8.202559441241186691e-21 1.529323643793411150e-21
3.903742384893120310e+00 9.961109590009917728e-21 1.537348600260414829e-21
3.904407384892691901e+00 7.682818276232823389e-21 1.428838919803779149e-21
3.905072384892263493e+00 9.969675603950468536e-21 1.487013459080827050e-21
3.905737384891835084e+00 8.271560599489882691e-21 1.338646530699534048e-21
3.906402384891406676e+00 1.007585491204862530e-20 1.442276302421869272e-21
3.907067384890978268e+00 3.437690150798119802e-21 1.255623196938567279e-21
3.907732384890549859e+00 1.756280740659688987e-21 1.331017913028031856e-21
3.908397384890121451e+00 -9.004457620352611733e-22 1.458970485037106187e-21
3.909062384889693043e+00 5.576901226406930066e-21 1.282597173035567627e-21
3.909727384889264634e+00 9.790859207340350365e-21 1.318310344968567853e-21
3.910392384888836226e+00 5.640729542118621906e-21 1.287903573025453427e-21
3.911057384888407817e+00 2.594448096922677292e-21 1.315155762618550527e-21
3.911722384887979409e+00 2.541094690629093275e-21 1.203933774062744045e-21
3.912387384887551001e+00 9.962100959047786478e-22 1.324070770780205833e-21
3.913052384887122592e+00 5.465701413657483345e-21 1.360151547856763625e-21
3.913717384886694184e+00 6.113537093550216489e-21 1.127902497361138694e-21
3.914382384886265775e+00 1.302541612617112246e-20 1.258577351300477733e-21
3.915047384885837367e+00 7.313361928779152848e-21 1.356462558054785784e-21
3.915712384885408959e+00 -5.802448320363597564e-23 1.199759255240594874e-21
3.916377384884980550e+00 8.222920068092546845e-21 1.183882070385145756e-21
3.917042384884552142e+00 5.913838692499743161e-21 1.275273926810247291e-21
3.917707384884123734e+00 2.963173436818172142e-21 1.257200701520035292e-21
3.918372384883695325e+00 1.637328619414621400e-21 1.197925448313855330e-21
3.919037384883266917e+00 7.600880265315725939e-21 1.327971264658080366e-21
3.919702384882838508e+00 -2.314819154316668378e-21 1.452134975188142730e-21
3.920367384882410100e+00 4.880847426297798055e-21 1.129270125238874806e-21
3.921032384881981692e+00 6.041367474734839244e-22 1.241596504366927809e-21
3.921697384881553283e+00 -8.937870216806851331e-22 1.191049883080487100e-21
3.922362384881124875e+00 6.522914743505395912e-21 1.098296235913238384e-21
3.923027384880696466e+00 1.592573893134102606e-21 1.207025244441882204e-21
3.923692384880268058e+00 4.214436369508810261e-21 1.172661952005853420e-21
3.924357384879839650e+00 8.231511218047609798e-21 1.201979994210566054e-21
3.925022384879411241e+00 2.826505931447687144e-21 1.241786299684706063e-21
3.925687384878982833e+00 3.800772947589836147e-21 1.369419067794325034e-21
3.926352384878554425e+00 2.673358208896396820e-21 1.265296923553199096e-21
3.927017384878126016e+00 6.102900088329059643e-21 1.297570498269683464e-21
3.927682384877697608e+00 2.414009912779162315e-21 1.260348109050714632e-21
3.928347384877269199e+00 2.092381500723797988e-21 1.226211216467805136e-21
3.929012384876840791e+00 7.238326073874183617e-21 4.359595921629045258e-21
3.929677384876412383e+00 5.094709476391485167e-21 5.217892704558458531e-21
3.930342384875983974e+00 6.638308532229585650e-22 1.249958478078057256e-21
3.931007384875555566e+00 7.184856605745096428e-21 1.124723408588297521e-21
3.931672384875127157e+00 1.160640747307827996e-20 1.277393419468175307e-21
3.932337384874698749e+00 2.697962430291320538e-20 4.370846637005387549e-21
3.933002384874270341e+00 7.830567325429560459e-22 1.584432780684631391e-21
3.933667384873841932e+00 1.011300781897875363e-20 3.523890269365045681e-21
3.934332384873413524e+00 1.005959397636841001e-20 1.352477005715250400e-21
3.934997384872985116e+00 1.260007048298629663e-20 1.210916841738599856e-21
3.935662384872556707e+00 1.234913472813770081e-20 1.192748042551483900e-21
3.936327384872128299e+00 3.431096120044949244e-21 1.342687552171009593e-21
3.936992384871699890e+00 9.864938062615828016e-21 1.325489642281103093e-21
3.937657384871271482e+00 4.321127781829613975e-21 1.361129434055754222e-21
3.938322384870843074e+00 4.063815850230228137e-21 1.223458239358022405e-21
3.938987384870414665e+00 4.758942233522638607e-21 1.526155653041056891e-21
3.939652384869986257e+00 -8.818899604776916558e-22 1.316676675546754361e-21
3.940317384869557849e+00 4.297156579386919693e-21 1.596738412990901290e-21
3.940982384869129440e+00 7.571956925067682479e-21 1.461632703278510765e-21
3.941647384868701032e+00 7.720673012845529523e-22 1.287674390208516999e-21
3.942312384868272623e+00 3.434558846876757395e-21 1.278635200560002263e-21
3.942977384867844215e+00 -9.672830458830541868e-23 1.332239031040792357e-21
3.943642384867415807e+00 -1.339556979735983302e-21 2.152996100290322043e-21
3.944307384866987398e+00 3.328157666998719599e-21 1.990805195700132995e-21
3.944972384866558990e+00 -4.981370016239774280e-21 1.966986287430891223e-21
3.945637384866130581e+00 3.504227842268001544e-21 1.160498231334412474e-21
3.946302384865702173e+00 3.824145389638204681e-21 1.225567049640434499e-21
3.946967384865273765e+00 1.229715210073781219e-21 1.173640620486839128e-21
3.947632384864845356e+00 3.102781514845294120e-21 1.295866847262365094e-21
3.948297384864416948e+00 7.338413998415891301e-21 1.505308941558338619e-21
3.948962384863988540e+00 1.002617050703257391e-20 1.344531380475084320e-21
3.949627384863560131e+00 6.505692649051570401e-21 3.171901311334742700e-21
3.950292384863131723e+00 1.594547776276000672e-20 5.197071174058158731e-21
3.950957384862703314e+00 1.218092998130007840e-20 1.568935369823565125e-21
3.951622384862274906e+00 8.134767343737281120e-21 1.444773096809727449e-21
3.952287384861846498e+00 8.437167858897385791e-21 1.314602951103397824e-21
3.952952384861418089e+00 2.717208700782572865e-21 1.336902698775620770e-21
3.953617384860989681e+00 4.601744541165260868e-21 1.282081339082194478e-21
3.954282384860561272e+00 9.613280291558018012e-21 1.250758901409398532e-21
3.954947384860132864e+00 1.253593685468103625e-20 1.220876441472030125e-21
3.955612384859704456e+00 8.950032186453946280e-22 1.384488212894846701e-21
3.956277384859276047e+00 -4.401929575099138169e-22 1.329235013138112615e-21
3.956942384858847639e+00 2.676331696349457168e-21 1.324665389955458777e-21
3.957607384858419231e+00 -6.794437144088634838e-22 1.233940337681565225e-21
3.958272384857990822e+00 2.068060946286572634e-21 1.206917323617311931e-21
3.958937384857562414e+00 1.905080316605848510e-21 1.393813731838183244e-21
3.959602384857134005e+00 -1.840021517798017716e-21 1.430557300763769926e-21
3.960267384856705597e+00 2.957695076162430048e-21 1.247421459040788256e-21
3.960932384856277189e+00 1.092311863213249643e-20 1.772185962740178075e-21
3.961597384855848780e+00 5.518327479670148814e-21 1.494042812375824271e-21
3.962262384855420372e+00 4.614378109097503908e-21 1.692304646450644813e-21
3.962927384854991963e+00 8.312516773249096097e-21 1.328485513771942400e-21
3.963592384854563555e+00 1.926236013139951042e-21 1.176290749604238112e-21
3.964257384854135147e+00 2.600630814888873593e-21 1.446194923313053529e-21
3.964922384853706738e+00 3.266635067157300795e-21 1.937144554691880373e-21
3.965587384853278330e+00 2.628033127978186378e-21 1.360906029869582498e-21
3.966252384852849922e+00 4.770312031903599328e-21 1.217179393079395175e-21
3.966917384852421513e+00 4.035385013251682417e-21 1.220056389727856562e-21
3.967582384851993105e+00 9.041411417337324561e-22 1.410566335411512375e-21
3.968247384851564696e+00 9.306070383329371303e-21 1.248018465427781821e-21
3.968912384851136288e+00 -4.478714712795834346e-21 1.244358023620774054e-21
3.969577384850707880e+00 2.158014392534976853e-21 1.244361888403916630e-21
3.970242384850279471e+00 9.234242529980064454e-21 1.189707452069070729e-21
3.970907384849851063e+00 8.011610778507436967e-21 1.222848233371133980e-21
3.971572384849422654e+00 7.115990446260417610e-21 1.277892248849066213e-21
3.972237384848994246e+00 5.725144461425752801e-21 1.251098010512733230e-21
3.972902384848565838e+00 1.155873065745458877e-20 1.363429916975110027e-21
3.973567384848137429e+00 2.732436072504931221e-20 2.047865757325727376e-21
3.974232384847709021e+00 2.492947270095623902e-21 2.004567639863161354e-21
3.974897384847280613e+00 -5.490257448108438901e-21 1.588821990457222051e-21
3.975562384846852204e+00 1.480472619534450365e-21 1.197385422746385902e-21
3.976227384846423796e+00 2.101775738844506026e-21 1.287523437200995317e-21
3.976892384845995387e+00 1.493060490030646038e-21 1.203368190905426616e-21
3.977557384845566979e+00 1.130227618550199811e-21 1.158365293886799453e-21
3.978222384845138571e+00 3.969561615676576297e-21 1.327061569787761323e-21
3.978887384844710162e+00 1.490814736466357188e-21 1.096691255380743110e-21
3.979552384844281754e+00 -7.714038141117063607e-22 1.396878684931490250e-21
3.980217384843853345e+00 -2.188001479624994024e-22 1.215266196090056599e-21
3.980882384843424937e+00 9.408805241279334792e-21 1.105872998356101039e-21
3.981547384842996529e+00 7.035771913233603651e-21 1.288857044288439131e-21
3.982212384842568120e+00 -1.885935760241406582e-21 1.271636203445671718e-21
3.982877384842139712e+00 3.342210598549737775e-21 1.133923646499919362e-21
3.983542384841711304e+00 9.010382370359570900e-21 1.040693590747804579e-21
3.984207384841282895e+00 -6.886433433170831683e-21 1.252208817292842168e-21
3.984872384840854487e+00 -5.204115299919449332e-21 1.254722329490438190e-21
3.985537384840426078e+00 -4.971528821345319405e-21 1.259132377803960945e-21
3.986202384839997670e+00 1.332309221221777308e-23 1.240571752720487797e-21
3.986867384839569262e+00 9.979853289988736841e-22 1.345678828398455697e-21
3.987532384839140853e+00 5.512489454952105886e-21 1.202232161264421867e-21
3.988197384838712445e+00 8.676669264266535833e-21 1.157457146083709863e-21
3.988862384838284036e+00 2.869352260212886854e-21 1.216760723027394518e-21
3.989527384837855628e+00 5.101850599613885264e-21 1.298876458283739353e-21
3.990192384837427220e+00 1.802894843355949421e-21 1.523005284098369993e-21
3.990857384836998811e+00 -2.835428955265480853e-21 1.308020201351251583e-21
3.991522384836570403e+00 -2.675829697146892996e-21 2.394081692425564117e-21
3.992187384836141995e+00 -2.584420169672722012e-21 3.628589097093537231e-21
3.992852384835713586e+00 8.873862313726065193e-21 3.533139654050021422e-21
3.993517384835285178e+00 7.357905187376910029e-21 1.745260740921336931e-21
3.994182384834856769e+00 5.618874193959713779e-21 1.432772770681554454e-21
3.994847384834428361e+00 3.081184564222782810e-21 1.451545259033585759e-21
3.995512384833999953e+00 3.278244532736587323e-21 1.373905750514813915e-21
3.996177384833571544e+00 1.629129130266011428e-21 1.217244611068958966e-21
3.996842384833143136e+00 9.599043937399353411e-21 1.444110671037344584e-21
3.997507384832714727e+00 2.227133077319629727e-21 1.475416152186240023e-21
3.998172384832286319e+00 3.423855438609661181e-21 1.459025959998159394e-21
3.998837384831857911e+00 4.905404787438560470e-21 1.117701560883478499e-21
3.999502384831429502e+00 8.258170260027171698e-22 1.071488867840977785e-21
4.000167384831001094e+00 2.362140145004453661e-21 1.332109573045069707e-21
4.000832384830572686e+00 2.227321677556018794e-21 1.478177047267894491e-21
4.001497384830144277e+00 1.219092263111916238e-21 1.182336139030125676e-20
4.002162384829715869e+00 -7.999927614114692253e-22 1.668617140730796653e-21
4.002827384829287460e+00 -1.827896874606537857e-22 1.405801417272220033e-21
4.003492384828859052e+00 -7.726641152038933953e-23 1.089669246079993457e-21
4.004157384828430644e+00 -1.967796838500478638e-21 1.195630507962526689e-21
4.004822384828002235e+00 1.354621703011000700e-21 1.111674776377851621e-21
4.005487384827573827e+00 -2.674425773094550841e-21 1.179451814926646237e-21
4.006152384827145418e+00 2.687942207211790251e-21 1.201375791981883493e-21
4.006817384826717010e+00 6.259766551013729494e-21 1.221741930567375589e-21
4.007482384826288602e+00 3.938586502123299726e-21 1.235382070756367310e-21
4.008147384825860193e+00 -1.825580819839216954e-22 1.397352995617976699e-21
4.008812384825431785e+00 6.526202718823449393e-23 1.369670270560103057e-21
4.009477384825003377e+00 5.518211238279920827e-21 1.314669160166585311e-21
4.010142384824574968e+00 5.558199940888171439e-21 1.383022491694981713e-21
4.010807384824146560e+00 -2.794145372888967739e-21 1.367921504721882530e-21
4.011472384823718151e+00 6.988506109679407276e-21 1.008670118893438265e-21
4.012137384823289743e+00 6.651714591992579599e-21 1.277717901873679269e-21
4.012802384822861335e+00 5.493592716518664563e-21 1.298451456901811710e-21
4.013467384822432926e+00 3.784642137834345953e-21 1.234063996339823614e-21
4.014132384822004518e+00 5.594646467637158202e-21 1.172847799774928864e-21
4.014797384821576109e+00 9.406806454277218485e-21 1.347440792226900348e-21
4.015462384821147701e+00 5.836320785212069037e-21 1.172824030635339050e-21
4.016127384820719293e+00 4.469076513650669769e-21 1.361141709619015936e-21
4.016792384820290884e+00 -1.278545498068067205e-21 1.419988872925546489e-21
4.017457384819862476e+00 4.835629549021489621e-22 1.253827616668139804e-21
4.018122384819434068e+00 6.946201911716428951e-21 1.285512291948048384e-21
4.018787384819005659e+00 6.648280230896514724e-21 1.379477500384881086e-21
4.019452384818577251e+00 5.098978904366707626e-21 1.448277340074786137e-21
4.020117384818148842e+00 8.734775344562925930e-21 2.091207645150742124e-21
4.020782384817720434e+00 1.255510795869543357e-21 1.817533939024586043e-21
4.021447384817292026e+00 6.843006852953399693e-21 2.035508898422715101e-21
4.022112384816863617e+00 4.396565931894996399e-21 1.905271673204716112e-21
4.022777384816435209e+00 -2.816897608138924263e-22 1.997370235733224155e-21
4.023442384816006800e+00 -2.362027062658614835e-21 2.232465301629986772e-21
4.024107384815578392e+00 5.036731811791810218e-21 2.503431983688700823e-21
4.024772384815149984e+00 5.070663086569024644e-21 2.178124768486170272e-21
4.025437384814721575e+00 7.091349917159507982e-21 2.313819449073400600e-21
4.026102384814293167e+00 2.785282047620545646e-21 1.957406944778337835e-21
4.026767384813864759e+00 3.547642037048994333e-21 1.822713488913620685e-21
4.027432384813436350e+00 3.452299105622425319e-21 1.707501170925618541e-21
4.028097384813007942e+00 6.180965894427946132e-22 1.518168278597812236e-21
4.028762384812579533e+00 -4.714667675842701278e-22 1.615790920739853067e-21
4.029427384812151125e+00 7.361211082925156739e-22 1.580100605006055379e-21
4.030092384811722717e+00 7.298002168217295377e-21 2.181095959760480113e-21
4.030757384811294308e+00 1.035648443048825268e-20 2.003695834539972456e-21
4.031422384810865900e+00 6.516393474475092836e-21 1.875319488494237188e-21
4.032087384810437491e+00 3.688022531323438291e-21 2.069813786526320344e-21
4.032752384810009083e+00 6.282055525591718299e-21 1.856246142690906039e-21
4.033417384809580675e+00 8.043630364565573907e-21 1.992609151397057695e-21
4.034082384809152266e+00 1.528202724270718828e-20 2.221530366988042599e-21
4.034747384808723858e+00 1.371403691340374361e-20 2.534997244003133507e-21
4.035412384808295450e+00 4.696653615694199269e-21 1.867884297582370334e-21
4.036077384807867041e+00 6.847204797305545968e-21 1.909305072513230992e-21
4.036742384807438633e+00 8.952125979888761087e-21 1.970055819425088859e-21
4.037407384807010224e+00 2.923519141827204310e-21 1.735409151561588809e-21
4.038072384806581816e+00 8.819590178459784603e-21 2.173977088689681770e-21
4.038737384806153408e+00 2.239371869641905920e-21 1.817000765229361016e-21
4.039402384805724999e+00 2.713282760277308780e-21 2.073244999902316300e-21
4.040067384805296591e+00 1.476814196057108582e-21 1.739056187123180245e-21
4.040732384804868182e+00 5.116108253400805348e-21 1.810248044494069338e-21
4.041397384804439774e+00 4.724616135122573011e-21 1.671792257709991258e-21
4.042062384804011366e+00 2.905130485489722152e-21 1.699389070972298130e-21
4.042727384803582957e+00 1.880483640691970260e-21 1.644922473524016089e-21
4.043392384803154549e+00 1.795169835243391561e-21 1.861499032822651212e-21
4.044057384802726141e+00 -6.848478176330322304e-21 1.756733888187250891e-21
4.044722384802297732e+00 4.033215976693415008e-21 1.995698691441095415e-21
4.045387384801869324e+00 6.996063532073321015e-21 2.001010137044820427e-21
4.046052384801440915e+00 3.505567763277395628e-21 2.049087366307145676e-21
4.046717384801012507e+00 -1.330925767274730954e-21 1.765571887909503892e-21
4.047382384800584099e+00 5.021652007342850638e-21 1.798580007524817820e-21
4.048047384800155690e+00 6.081049102442335361e-21 2.142252682011635909e-21
4.048712384799727282e+00 4.050842233936058224e-21 2.309570966043109173e-21
4.049377384799298873e+00 2.160005060895608163e-20 7.356072973043664764e-21
4.050042384798870465e+00 1.063604633328475632e-20 6.999481269581292598e-21
4.050707384798442057e+00 5.332913648690945174e-21 5.854806268710174605e-21
4.051372384798013648e+00 1.805434973075176191e-20 5.958764486887957977e-21
4.052037384797585240e+00 1.937000721153817474e-21 2.568764984607841178e-21
4.052702384797156832e+00 1.651208814153870565e-21 2.038832633286733029e-21
4.053367384796728423e+00 8.382763817340372538e-21 2.351055463211874535e-21
4.054032384796300015e+00 9.773591396965610837e-22 1.882378256401463639e-21
4.054697384795871606e+00 9.718047375631188358e-21 1.944155825722999637e-21
4.055362384795443198e+00 1.966556907423479874e-21 1.853120791650891747e-21
4.056027384795014790e+00 -5.589153452174343303e-21 1.987479857697970026e-21
4.056692384794586381e+00 1.587942736488124854e-21 1.782672991981952406e-21
4.057357384794157973e+00 4.791280713154681727e-21 1.939903081983893425e-21
4.058022384793729564e+00 4.110370425720906525e-21 1.946034362869027024e-21
4.058687384793301156e+00 7.183400325414713420e-21 2.036991092327740854e-21
4.059352384792872748e+00 1.939297863893943886e-20 2.856878382022089680e-21
4.060017384792444339e+00 7.122769852417582345e-21 2.010902306955946907e-21
4.060682384792015931e+00 1.053426321188357728e-20 2.130715607872314259e-21
4.061347384791587523e+00 4.025926000419369575e-21 1.956935092711974580e-21
4.062012384791159114e+00 5.446064067664508427e-21 2.184445850298188144e-21
4.062677384790730706e+00 1.196720969169726610e-20 2.339632474096712306e-21
4.063342384790302297e+00 3.118238671819327331e-21 2.316952873398671846e-21
4.064007384789873889e+00 8.002416065742684428e-21 2.201617148458006449e-21
4.064672384789445481e+00 -2.010401382961380936e-21 2.490476098846015712e-21
4.065337384789017072e+00 -1.739642076486961006e-21 2.186554892266067837e-21
4.066002384788588664e+00 -3.254042513068460750e-21 2.370111079411183100e-21
4.066667384788160255e+00 3.396631169533044089e-21 3.308656726190648970e-21
4.067332384787731847e+00 -8.128155845427830618e-22 4.124462312526140456e-21
4.067997384787303439e+00 -6.944806422211777628e-23 2.779969056322561248e-21
4.068662384786875030e+00 7.464111741275583213e-21 2.844087358670421840e-21
4.069327384786446622e+00 3.775158951680832464e-21 3.552027713939454056e-21
4.069992384786018214e+00 -5.567701039908795389e-21 3.922446665174050410e-21
4.070657384785589805e+00 -1.224450377113872751e-21 3.675058367653910534e-21
4.071322384785161397e+00 9.406474345166664940e-22 3.823125231562483246e-21
4.071987384784732988e+00 4.848536538861373974e-21 4.905059821428156641e-21
4.072652384784304580e+00 7.456038184379640063e-21 6.639688954273625383e-21
4.073317384783876172e+00 2.106489513447032798e-21 3.512356298122390802e-21
4.073982384783447763e+00 -6.967266410012846031e-22 3.053019407308605178e-21
4.074647384783019355e+00 -3.369027815917987769e-22 4.242308254589811670e-21
4.075312384782590946e+00 -3.140255505816084327e-21 5.358068377746248929e-21
4.075977384782162538e+00 4.544030881393631823e-21 2.886771321500496134e-21
4.076642384781734130e+00 6.496171411740508592e-22 1.407150070888637561e-21
4.077307384781305721e+00 1.584593431027302780e-21 1.769185396113390841e-21
4.077972384780877313e+00 -2.296076768612463206e-21 3.174899932935816363e-21
4.078637384780448905e+00 0.000000000000000000e+00 0.000000000000000000e+00
4.079302384780020496e+00 0.000000000000000000e+00 0.000000000000000000e+00
4.079967384779592088e+00 0.000000000000000000e+00 0.000000000000000000e+00
4.080632384779163679e+00 0.000000000000000000e+00 0.000000000000000000e+00
4.081297384778735271e+00 0.000000000000000000e+00 0.000000000000000000e+00
4.081962384778306863e+00 0.000000000000000000e+00 0.000000000000000000e+00
4.082627384777878454e+00 0.000000000000000000e+00 0.000000000000000000e+00
4.083292384777450046e+00 0.000000000000000000e+00 0.000000000000000000e+00
4.083957384777021637e+00 0.000000000000000000e+00 0.000000000000000000e+00
4.084622384776593229e+00 0.000000000000000000e+00 0.000000000000000000e+00
4.085287384776164821e+00 0.000000000000000000e+00 0.000000000000000000e+00
4.085952384775736412e+00 0.000000000000000000e+00 0.000000000000000000e+00
4.086617384775308004e+00 0.000000000000000000e+00 0.000000000000000000e+00
4.087282384774879596e+00 0.000000000000000000e+00 0.000000000000000000e+00
4.087947384774451187e+00 0.000000000000000000e+00 0.000000000000000000e+00
4.088612384774022779e+00 0.000000000000000000e+00 0.000000000000000000e+00
4.089277384773594370e+00 0.000000000000000000e+00 0.000000000000000000e+00
4.089942384773165962e+00 0.000000000000000000e+00 0.000000000000000000e+00
4.090607384772737554e+00 0.000000000000000000e+00 0.000000000000000000e+00
4.091272384772309145e+00 0.000000000000000000e+00 0.000000000000000000e+00
4.091937384771880737e+00 0.000000000000000000e+00 0.000000000000000000e+00
4.092602384771452328e+00 0.000000000000000000e+00 0.000000000000000000e+00
4.093267384771023920e+00 0.000000000000000000e+00 0.000000000000000000e+00
4.093932384770595512e+00 0.000000000000000000e+00 0.000000000000000000e+00
4.094597384770167103e+00 0.000000000000000000e+00 0.000000000000000000e+00
4.095262384769738695e+00 0.000000000000000000e+00 0.000000000000000000e+00
4.095927384769310287e+00 0.000000000000000000e+00 0.000000000000000000e+00
4.096592384768881878e+00 0.000000000000000000e+00 0.000000000000000000e+00
4.097257384768453470e+00 0.000000000000000000e+00 0.000000000000000000e+00
4.097922384768025061e+00 0.000000000000000000e+00 0.000000000000000000e+00
4.098587384767596653e+00 0.000000000000000000e+00 0.000000000000000000e+00
4.099252384767168245e+00 0.000000000000000000e+00 0.000000000000000000e+00
4.099917384766739836e+00 0.000000000000000000e+00 0.000000000000000000e+00
4.100582384766311428e+00 0.000000000000000000e+00 0.000000000000000000e+00
4.101247384765883019e+00 0.000000000000000000e+00 0.000000000000000000e+00
4.101912384765454611e+00 0.000000000000000000e+00 0.000000000000000000e+00
4.102577384765026203e+00 0.000000000000000000e+00 0.000000000000000000e+00
4.103242384764597794e+00 0.000000000000000000e+00 0.000000000000000000e+00
4.103907384764169386e+00 0.000000000000000000e+00 0.000000000000000000e+00
4.104572384763740978e+00 0.000000000000000000e+00 0.000000000000000000e+00
4.105237384763312569e+00 0.000000000000000000e+00 0.000000000000000000e+00
4.105902384762884161e+00 0.000000000000000000e+00 0.000000000000000000e+00
4.106567384762455752e+00 0.000000000000000000e+00 0.000000000000000000e+00
4.107232384762027344e+00 0.000000000000000000e+00 0.000000000000000000e+00
4.107897384761598936e+00 0.000000000000000000e+00 0.000000000000000000e+00
4.108562384761170527e+00 0.000000000000000000e+00 0.000000000000000000e+00
4.109227384760742119e+00 0.000000000000000000e+00 0.000000000000000000e+00
4.109892384760313711e+00 0.000000000000000000e+00 0.000000000000000000e+00
4.110557384759885302e+00 0.000000000000000000e+00 0.000000000000000000e+00
4.111222384759456894e+00 0.000000000000000000e+00 0.000000000000000000e+00
4.111887384759028485e+00 0.000000000000000000e+00 0.000000000000000000e+00
4.112552384758600077e+00 0.000000000000000000e+00 0.000000000000000000e+00
4.113217384758171669e+00 0.000000000000000000e+00 0.000000000000000000e+00
4.113882384757743260e+00 0.000000000000000000e+00 0.000000000000000000e+00
4.114547384757314852e+00 0.000000000000000000e+00 0.000000000000000000e+00
4.115212384756886443e+00 0.000000000000000000e+00 0.000000000000000000e+00
4.115877384756458035e+00 0.000000000000000000e+00 0.000000000000000000e+00
4.116542384756029627e+00 0.000000000000000000e+00 0.000000000000000000e+00
4.117207384755601218e+00 0.000000000000000000e+00 0.000000000000000000e+00
4.117872384755172810e+00 0.000000000000000000e+00 0.000000000000000000e+00
4.118537384754744402e+00 0.000000000000000000e+00 0.000000000000000000e+00
4.119202384754315105e+00 0.000000000000000000e+00 0.000000000000000000e+00
4.119867384753886697e+00 0.000000000000000000e+00 0.000000000000000000e+00
4.120532384753458288e+00 0.000000000000000000e+00 0.000000000000000000e+00
4.121197384753029880e+00 0.000000000000000000e+00 0.000000000000000000e+00
4.121862384752601471e+00 0.000000000000000000e+00 0.000000000000000000e+00
4.122527384752173063e+00 0.000000000000000000e+00 0.000000000000000000e+00
4.123192384751744655e+00 0.000000000000000000e+00 0.000000000000000000e+00
4.123857384751316246e+00 0.000000000000000000e+00 0.000000000000000000e+00
4.124522384750887838e+00 0.000000000000000000e+00 0.000000000000000000e+00
4.125187384750459429e+00 0.000000000000000000e+00 0.000000000000000000e+00
4.125852384750031021e+00 0.000000000000000000e+00 0.000000000000000000e+00
4.126517384749602613e+00 0.000000000000000000e+00 0.000000000000000000e+00
4.127182384749174204e+00 0.000000000000000000e+00 0.000000000000000000e+00
4.127847384748745796e+00 0.000000000000000000e+00 0.000000000000000000e+00
4.128512384748317388e+00 0.000000000000000000e+00 0.000000000000000000e+00
4.129177384747888979e+00 0.000000000000000000e+00 0.000000000000000000e+00
4.129842384747460571e+00 0.000000000000000000e+00 0.000000000000000000e+00
4.130507384747032162e+00 0.000000000000000000e+00 0.000000000000000000e+00
4.131172384746603754e+00 0.000000000000000000e+00 0.000000000000000000e+00
4.131837384746175346e+00 0.000000000000000000e+00 0.000000000000000000e+00
4.132502384745746937e+00 0.000000000000000000e+00 0.000000000000000000e+00
4.133167384745318529e+00 0.000000000000000000e+00 0.000000000000000000e+00
4.133832384744890120e+00 0.000000000000000000e+00 0.000000000000000000e+00
4.134497384744461712e+00 0.000000000000000000e+00 0.000000000000000000e+00
4.135162384744033304e+00 0.000000000000000000e+00 0.000000000000000000e+00
4.135827384743604895e+00 0.000000000000000000e+00 0.000000000000000000e+00
4.136492384743176487e+00 0.000000000000000000e+00 0.000000000000000000e+00
4.137157384742748079e+00 0.000000000000000000e+00 0.000000000000000000e+00
4.137822384742319670e+00 0.000000000000000000e+00 0.000000000000000000e+00
4.138487384741891262e+00 0.000000000000000000e+00 0.000000000000000000e+00
4.139152384741462853e+00 0.000000000000000000e+00 0.000000000000000000e+00
4.139817384741034445e+00 0.000000000000000000e+00 0.000000000000000000e+00
4.140482384740606037e+00 0.000000000000000000e+00 0.000000000000000000e+00
4.141147384740177628e+00 0.000000000000000000e+00 0.000000000000000000e+00
4.141812384739749220e+00 0.000000000000000000e+00 0.000000000000000000e+00
4.142477384739320811e+00 0.000000000000000000e+00 0.000000000000000000e+00
4.143142384738892403e+00 0.000000000000000000e+00 0.000000000000000000e+00
4.143807384738463995e+00 0.000000000000000000e+00 0.000000000000000000e+00
4.144472384738035586e+00 0.000000000000000000e+00 0.000000000000000000e+00
4.145137384737607178e+00 0.000000000000000000e+00 0.000000000000000000e+00
4.145802384737178770e+00 0.000000000000000000e+00 0.000000000000000000e+00
4.146467384736750361e+00 0.000000000000000000e+00 0.000000000000000000e+00
4.147132384736321953e+00 0.000000000000000000e+00 0.000000000000000000e+00
4.147797384735893544e+00 0.000000000000000000e+00 0.000000000000000000e+00
4.148462384735465136e+00 0.000000000000000000e+00 0.000000000000000000e+00
4.149127384735036728e+00 0.000000000000000000e+00 0.000000000000000000e+00
4.149792384734608319e+00 0.000000000000000000e+00 0.000000000000000000e+00
4.150457384734179911e+00 0.000000000000000000e+00 0.000000000000000000e+00
4.151122384733751502e+00 0.000000000000000000e+00 0.000000000000000000e+00
4.151787384733323094e+00 0.000000000000000000e+00 0.000000000000000000e+00
4.152452384732894686e+00 0.000000000000000000e+00 0.000000000000000000e+00
4.153117384732466277e+00 0.000000000000000000e+00 0.000000000000000000e+00
4.153782384732037869e+00 0.000000000000000000e+00 0.000000000000000000e+00
4.154447384731609461e+00 0.000000000000000000e+00 0.000000000000000000e+00
4.155112384731181052e+00 0.000000000000000000e+00 0.000000000000000000e+00
4.155777384730752644e+00 0.000000000000000000e+00 0.000000000000000000e+00
4.156442384730324235e+00 0.000000000000000000e+00 0.000000000000000000e+00
4.157107384729895827e+00 0.000000000000000000e+00 0.000000000000000000e+00
4.157772384729467419e+00 0.000000000000000000e+00 0.000000000000000000e+00
4.158437384729039010e+00 0.000000000000000000e+00 0.000000000000000000e+00
4.159102384728610602e+00 0.000000000000000000e+00 0.000000000000000000e+00
4.159767384728182193e+00 0.000000000000000000e+00 0.000000000000000000e+00
4.160432384727753785e+00 0.000000000000000000e+00 0.000000000000000000e+00
4.161097384727325377e+00 0.000000000000000000e+00 0.000000000000000000e+00
4.161762384726896968e+00 0.000000000000000000e+00 0.000000000000000000e+00
4.162427384726468560e+00 -5.254650440377713729e-21 3.141575342446919836e-21
4.163092384726040152e+00 -4.012183771130473575e-21 1.919319582164191926e-21
4.163757384725611743e+00 -1.502769157796503063e-21 1.513298885569843256e-21
4.164422384725183335e+00 1.727893428924483735e-21 1.618523851680144939e-21
4.165087384724754926e+00 4.588524021722179920e-21 3.607401034677490875e-21
4.165752384724326518e+00 -6.911998606659642750e-21 3.821906527955778498e-21
4.166417384723898110e+00 1.868249704020554166e-21 3.656311192057867626e-21
4.167082384723469701e+00 9.207449589561290174e-21 3.829797086463691638e-21
4.167747384723041293e+00 2.115623850427295401e-21 4.193236548937351469e-21
4.168412384722612885e+00 2.314097797762765828e-20 6.685053506823541127e-21
4.169077384722184476e+00 7.252424273785499884e-21 4.445758941902288358e-21
4.169742384721756068e+00 -1.110100966742788419e-20 4.282403435313803009e-21
4.170407384721327659e+00 6.883985987657393666e-21 4.188572517955496375e-21
4.171072384720899251e+00 1.010505197333725604e-20 4.325823387178404680e-21
4.171737384720470843e+00 6.391000973822639728e-21 3.233301552130520159e-21
4.172402384720042434e+00 -8.437880462233467850e-21 2.600971647875275579e-21
4.173067384719614026e+00 -7.450811765374855485e-21 2.373851614796642684e-21
4.173732384719185617e+00 8.776230751277441444e-21 3.383677686526266831e-21
4.174397384718757209e+00 1.309347915694878694e-20 2.931622410325721087e-21
4.175062384718328801e+00 6.789742700427224437e-21 2.604130365419499189e-21
4.175727384717900392e+00 4.918900543176792546e-21 2.668091502538542027e-21
4.176392384717471984e+00 -4.389277160544480322e-21 3.247301928375266933e-21
4.177057384717043576e+00 -4.925032904606976208e-22 3.238569498545915289e-21
4.177722384716615167e+00 1.010593630944803730e-20 3.180508914284897806e-21
4.178387384716186759e+00 1.987581621591604258e-20 2.974856082779173441e-21
4.179052384715758350e+00 6.481962276659790724e-21 2.351224189308302082e-21
4.179717384715329942e+00 4.621838326708630400e-21 2.589924540180487711e-21
4.180382384714901534e+00 1.348437954698917732e-20 2.595346582910242025e-21
4.181047384714473125e+00 1.442122356906886596e-20 2.335745262168346047e-21
4.181712384714044717e+00 8.269697369044267888e-21 2.449722158296297915e-21
4.182377384713616308e+00 4.207817694502794535e-21 2.163297437321441611e-21
4.183042384713187900e+00 7.329944003669208460e-21 2.250725563614527453e-21
4.183707384712759492e+00 1.076778420681636355e-21 1.772308945916569096e-21
4.184372384712331083e+00 4.831274033889966578e-21 2.050346769311752478e-21
4.185037384711902675e+00 7.508864419883020241e-21 1.847675927293202124e-21
4.185702384711474267e+00 9.798124806918179461e-22 1.978471312679935290e-21
4.186367384711045858e+00 3.674801868661911295e-21 1.873492078062405562e-21
4.187032384710617450e+00 1.121064234775501315e-20 1.685379697964064452e-21
4.187697384710189041e+00 -1.862483793028234714e-21 1.602937752119968302e-21
4.188362384709760633e+00 7.211090472714159452e-22 1.707691405340483677e-21
4.189027384709332225e+00 1.632701277053493635e-20 1.637906105930329318e-21
4.189692384708903816e+00 8.427336733443891717e-21 1.615754283519989598e-21
4.190357384708475408e+00 9.379253542621504160e-21 1.580587074644860204e-21
4.191022384708046999e+00 8.798097844628608917e-21 1.429226101788434156e-21
4.191687384707618591e+00 1.073827895052222279e-20 1.634363214737337909e-21
4.192352384707190183e+00 8.477156493414505095e-21 1.431927596682968260e-21
4.193017384706761774e+00 9.174286499933500801e-21 1.630961870270463751e-21
4.193682384706333366e+00 8.789992524595167998e-21 1.533036388872793342e-21
4.194347384705904958e+00 3.538766175331630191e-21 1.824169917902497665e-21
4.195012384705476549e+00 8.056937340152597369e-21 1.555325733448229771e-21
4.195677384705048141e+00 7.467779316397420203e-21 1.484854039269266215e-21
4.196342384704619732e+00 6.593376112842325581e-22 1.408052126875019688e-21
4.197007384704191324e+00 4.664612791949989271e-21 1.537404489359954620e-21
4.197672384703762916e+00 1.785528609028868485e-21 1.658831781514049141e-21
4.198337384703334507e+00 2.108871542397171489e-21 1.507081309856890434e-21
4.199002384702906099e+00 1.013547441629983369e-20 1.615301254552952675e-21
4.199667384702477690e+00 3.431181568333800496e-21 1.504320869309746724e-21
4.200332384702049282e+00 1.017974331206952980e-21 1.374369144968226721e-21
4.200997384701620874e+00 4.871129786500052545e-21 1.450591315472256023e-21
4.201662384701192465e+00 6.907558270989630993e-21 1.596053519515103019e-21
4.202327384700764057e+00 7.943630995394602672e-21 1.951530794293521860e-21
4.202992384700335649e+00 4.991665357522998625e-21 1.690745662746321704e-21
4.203657384699907240e+00 4.804631727708179622e-22 1.801785298735112120e-21
4.204322384699478832e+00 -3.647905999611669086e-21 1.427000332908650512e-21
4.204987384699050423e+00 4.303643333362308575e-21 1.314362290376867157e-21
4.205652384698622015e+00 5.541144477758131889e-21 1.527648992702804764e-21
4.206317384698193607e+00 3.608552128209058790e-21 1.500504726193762774e-21
4.206982384697765198e+00 -1.544268916719485219e-21 1.614822018044172938e-21
4.207647384697336790e+00 1.295000981789900290e-21 1.771217189580539577e-21
4.208312384696908381e+00 4.204155877474713674e-21 1.435597493979945660e-21
4.208977384696479973e+00 -1.174741278866045041e-21 1.819030274023166932e-21
4.209642384696051565e+00 1.543783863935492339e-21 1.432322878234780022e-21
4.210307384695623156e+00 4.637346645728130342e-21 2.291615757132759544e-21
4.210972384695194748e+00 5.556086463436366343e-22 1.644200058984983066e-21
4.211637384694766340e+00 -4.027476371641679777e-21 1.732444862620844461e-21
4.212302384694337931e+00 -2.976761083354025056e-22 1.714909107813291745e-21
4.212967384693909523e+00 -1.407763615154050749e-21 1.324153320500159599e-21
4.213632384693481114e+00 1.868599578670505003e-20 1.698301110729129656e-21
4.214297384693052706e+00 1.163961761662586965e-20 1.870699872397051400e-21
4.214962384692624298e+00 1.261490550410692368e-21 1.700898438243025281e-21
4.215627384692195889e+00 2.153895217418032905e-21 1.954129857526494134e-21
4.216292384691767481e+00 -2.294318993728969050e-21 1.574236407884537036e-21
4.216957384691339072e+00 -4.647734665920908691e-22 1.745311800181719062e-21
4.217622384690910664e+00 -4.001202465658553783e-22 2.154936640769936181e-21
4.218287384690482256e+00 -8.672747440526516200e-22 1.839639522795261875e-21
4.218952384690053847e+00 4.351762874803471352e-21 1.653240266247298849e-21
4.219617384689625439e+00 5.815385131963392708e-21 1.572963218607199288e-21
4.220282384689197031e+00 1.659746629468338970e-20 1.775101025127293929e-21
4.220947384688768622e+00 9.672692455500293731e-21 1.557704440255984121e-21
4.221612384688340214e+00 5.935594214048682360e-21 1.610562116205020366e-21
4.222277384687911805e+00 2.699684836857031453e-21 1.779852373175991242e-21
4.222942384687483397e+00 6.904770389041064489e-21 1.772066782231104871e-21
4.223607384687054989e+00 -1.054118855683626699e-22 1.731680556385668393e-21
4.224272384686626580e+00 6.444334128258768619e-21 1.635950864853919172e-21
4.224937384686198172e+00 4.389993504361938425e-22 1.897206511520303930e-21
4.225602384685769763e+00 3.192156597591742053e-21 1.371883919048294861e-21
4.226267384685341355e+00 4.610850465707450949e-21 1.760847428417179405e-21
4.226932384684912947e+00 7.701353501300570632e-21 1.555270794329441028e-21
4.227597384684484538e+00 8.230102443871468383e-21 1.527622683203240809e-21
4.228262384684056130e+00 1.002469753680348704e-20 1.318666476633083741e-21
4.228927384683627722e+00 6.710688490735451359e-21 1.567405181891631423e-21
4.229592384683199313e+00 6.187935302261928632e-21 1.524492641260053756e-21
4.230257384682770905e+00 5.573196285427245890e-21 1.747355868432440849e-21
4.230922384682342496e+00 6.376213076742812769e-21 1.659391286620575156e-21
4.231587384681914088e+00 9.550676580420373899e-22 1.601676871922632919e-21
4.232252384681485680e+00 6.446183637237917295e-21 2.921154010431682452e-21
4.232917384681057271e+00 -7.126446596729975544e-21 2.286085260331401155e-21
4.233582384680628863e+00 5.858408267880562778e-21 2.477876452915852063e-21
4.234247384680200454e+00 -4.308115932830059317e-21 2.581949791502667024e-21
4.234912384679772046e+00 -5.747662847375668009e-21 2.089043718402286153e-21
4.235577384679343638e+00 2.645993442409439885e-21 1.640200840250678045e-21
4.236242384678915229e+00 4.416765150822723927e-21 2.195181352217987865e-21
4.236907384678486821e+00 3.718890097771187202e-21 2.068174439910546011e-21
4.237572384678058413e+00 3.338465339672070000e-21 1.622542008970648427e-21
4.238237384677630004e+00 2.465065402731429109e-21 1.688577488175202763e-21
4.238902384677201596e+00 9.372527038457081818e-21 1.597454055244365889e-21
4.239567384676773187e+00 8.181769399487079965e-21 1.576923435758303085e-21
4.240232384676344779e+00 2.127852896868771550e-21 1.849846554413832201e-21
4.240897384675916371e+00 1.183415195706964386e-21 2.157974566422900993e-21
4.241562384675487962e+00 2.257302894476600403e-21 1.425394668475303666e-21
4.242227384675059554e+00 2.110039441267843708e-20 1.682158794589849021e-21
4.242892384674631145e+00 1.209285713590882690e-20 1.706914591054826259e-21
4.243557384674202737e+00 -1.196824929224382884e-21 1.492100312865079839e-21
4.244222384673774329e+00 6.424316963679656696e-22 1.503507573367060736e-21
4.244887384673345920e+00 6.383164378210953916e-21 1.685069850281584633e-21
4.245552384672917512e+00 5.965320066017756114e-21 1.804400007021725640e-21
4.246217384672489104e+00 3.623084996823969297e-21 2.256454944808592974e-21
4.246882384672060695e+00 9.931448211578344510e-21 1.974784168348454067e-21
4.247547384671632287e+00 8.839273517761361858e-21 1.611983428474061081e-21
4.248212384671203878e+00 3.888576434739563722e-21 2.093276880235262612e-21
4.248877384670775470e+00 6.835016428510346236e-22 1.676108143412683024e-21
4.249542384670347062e+00 5.100470998396534941e-21 1.540961031368214771e-21
4.250207384669918653e+00 7.900647928410299570e-21 1.903025319888936901e-21
4.250872384669490245e+00 1.006990937723075438e-20 1.769639621721650372e-21
4.251537384669061836e+00 5.045705361901746413e-21 1.649864656709858712e-21
4.252202384668633428e+00 1.095562724229405226e-20 1.661639276702557868e-21
4.252867384668205020e+00 1.231219140991764135e-20 1.798683571724442739e-21
4.253532384667776611e+00 4.636833686556932349e-21 1.903097972414254030e-21
4.254197384667348203e+00 1.253654122866105133e-20 1.634989695510930678e-21
4.254862384666919795e+00 9.178827459677442794e-21 1.649350078717077196e-21
4.255527384666491386e+00 3.594530707517196696e-21 1.703628094024770196e-21
4.256192384666062978e+00 -5.955090496124282234e-22 1.449547994203416563e-21
4.256857384665634569e+00 -5.253341213152861030e-21 1.528860700275142391e-21
4.257522384665206161e+00 -4.731583151903132525e-21 1.555784803060792301e-21
4.258187384664777753e+00 -2.884814985227255861e-21 1.727994196225779105e-21
4.258852384664349344e+00 3.575409712083758185e-21 1.802156584506280047e-21
4.259517384663920936e+00 1.711267545137814330e-21 1.793406669427366100e-21
4.260182384663492527e+00 -8.847095081153847231e-21 1.555322219555050751e-21
4.260847384663064119e+00 -1.860124178953478561e-21 1.556638074509362908e-21
4.261512384662635711e+00 4.208934527013365741e-21 1.778737178457091144e-21
4.262177384662207302e+00 3.195583716761564665e-22 1.737146504750921707e-21
4.262842384661778894e+00 1.863875345124354424e-21 1.894000595658806350e-21
4.263507384661350486e+00 4.152383920078186399e-21 1.782376463620361774e-21
4.264172384660922077e+00 6.679549015862325563e-22 1.992570317906870393e-21
4.264837384660493669e+00 9.576863167770566017e-22 2.331479271466432598e-21
4.265502384660065260e+00 2.673501048936334350e-21 2.645652510386198532e-21
4.266167384659636852e+00 5.597149054627541804e-21 1.734745085811579711e-21
4.266832384659208444e+00 1.062118575370526161e-20 2.374343238847864323e-21
4.267497384658780035e+00 8.942612852554866050e-21 2.286167313606805270e-21
4.268162384658351627e+00 -6.173330909879951280e-22 2.300726414720918376e-21
4.268827384657923218e+00 6.722741377220355326e-21 1.704390742340726997e-21
4.269492384657494810e+00 1.229536056576838372e-20 2.974399001540540087e-21
4.270157384657066402e+00 9.844180960388286216e-21 3.652968098179611660e-21
4.270822384656637993e+00 6.523414447562526288e-21 2.619241256664577293e-21
4.271487384656209585e+00 2.148833480933887488e-21 2.570546972381391485e-21
4.272152384655781177e+00 5.129496786971216741e-21 1.929718947139586440e-21
4.272817384655352768e+00 1.223997485969101595e-20 2.063785870696474619e-21
4.273482384654924360e+00 9.254330601971184798e-21 1.591270647344000162e-21
4.274147384654495951e+00 8.394325294577457973e-21 1.956374028256116417e-21
4.274812384654067543e+00 1.047294706190919761e-20 2.378151540697194019e-21
4.275477384653639135e+00 -4.102680941752803369e-21 1.544608137461460331e-21
4.276142384653210726e+00 -3.370122406182095518e-21 1.906073916267369036e-21
4.276807384652782318e+00 3.185612018279965629e-21 2.118505067666478275e-21
4.277472384652353909e+00 1.626839453275770340e-21 1.682955472476367785e-21
4.278137384651925501e+00 1.178867039075009212e-20 2.022079942571796238e-21
4.278802384651497093e+00 4.695352427691748510e-21 1.809739345493143832e-21
4.279467384651068684e+00 -1.298679378030701529e-21 1.780517551046384268e-21
4.280132384650640276e+00 8.830995195212944411e-21 2.226439537354404928e-21
4.280797384650211868e+00 1.296100546752647433e-20 1.946056421734982662e-21
4.281462384649783459e+00 8.373030262195156101e-21 1.820114465758451969e-21
4.282127384649355051e+00 9.033041186167411854e-21 1.707852352405247890e-21
4.282792384648926642e+00 9.754072576537789222e-21 1.762830945249157207e-21
4.283457384648498234e+00 3.250150462928470230e-21 1.592398186976531168e-21
4.284122384648069826e+00 1.060667684247221899e-21 2.698104112393229993e-21
4.284787384647641417e+00 1.162036664044449032e-20 2.138630271559635000e-21
4.285452384647213009e+00 6.762169684312358829e-21 1.988970751409741627e-21
4.286117384646784600e+00 1.071838450329326525e-20 1.942707059674321629e-21
4.286782384646356192e+00 1.319625774917509003e-20 2.581502877807576506e-21
4.287447384645927784e+00 2.961917587648215964e-21 1.990986213202989919e-21
4.288112384645499375e+00 -1.525531714947786059e-21 1.975237695765723457e-21
4.288777384645070967e+00 8.932411920117872706e-21 1.827717269811741893e-21
4.289442384644642559e+00 2.635278965110332416e-20 2.214360576041731077e-21
4.290107384644214150e+00 1.714325477254205379e-20 2.260314797592332561e-21
4.290772384643785742e+00 9.124399709668445433e-21 1.831135355726585712e-21
4.291437384643357333e+00 1.830123225024605152e-21 1.834735380121403535e-21
4.292102384642928925e+00 1.242743474432328459e-20 1.790057004629619499e-21
4.292767384642500517e+00 1.540735163282894380e-20 1.767735431305003399e-21
4.293432384642072108e+00 7.275529709162659674e-21 2.271424042891739362e-21
4.294097384641643700e+00 -1.267520522372852990e-21 2.273045449557445972e-21
4.294762384641215291e+00 -1.403966170008700553e-21 1.827389681829013715e-21
4.295427384640786883e+00 -2.961250468541643229e-21 1.743289807895316077e-21
4.296092384640358475e+00 1.242081086275878233e-20 1.666970637642731514e-21
4.296757384639930066e+00 1.700410618862306398e-20 1.843167769587914721e-21
4.297422384639501658e+00 5.366446206968544317e-21 2.240562131365668550e-21
4.298087384639073250e+00 8.947356677749354597e-21 1.817198731151761043e-21
4.298752384638644841e+00 7.827490881243313087e-21 1.797783962656304746e-21
4.299417384638216433e+00 8.126828731379193629e-21 1.573066846354828777e-21
4.300082384637788024e+00 1.307342818586245711e-21 1.673910884906222786e-21
4.300747384637359616e+00 7.220978567951933110e-21 2.441990362327788622e-21
4.301412384636931208e+00 1.448147090918201405e-20 2.225657507378056761e-21
4.302077384636502799e+00 1.092702315177579154e-20 4.886354644370981427e-21
4.302742384636074391e+00 8.264691865710527839e-21 1.809369728320672316e-21
4.303407384635645982e+00 4.879205314251715186e-21 1.760674327672507961e-21
4.304072384635217574e+00 7.702727224153858674e-21 1.843193277185477755e-21
4.304737384634789166e+00 1.112343711982240161e-20 1.776096356431612605e-21
4.305402384634360757e+00 3.260361026897665422e-21 1.921457647921882576e-21
4.306067384633932349e+00 8.330696191929769224e-21 1.815974572140660665e-21
4.306732384633503941e+00 2.769205064532927618e-21 2.041317068331655422e-21
4.307397384633075532e+00 5.350510525238068252e-21 1.675614063540498314e-21
4.308062384632647124e+00 2.390194621346476608e-21 1.636481032496991279e-21
4.308727384632218715e+00 5.917485584841324860e-21 1.708062718762141299e-21
4.309392384631790307e+00 3.624657037926845768e-21 1.664127255038758872e-21
4.310057384631361899e+00 3.918650376917309900e-21 2.108632192650694302e-21
4.310722384630933490e+00 -1.809484203859946635e-21 1.885728088239204285e-21
4.311387384630505082e+00 5.340007630958020297e-21 2.029277242898149750e-21
4.312052384630076673e+00 1.022313125665820182e-20 1.802971232064709306e-21
4.312717384629648265e+00 2.840890117473907291e-21 1.918444322697187550e-21
4.313382384629219857e+00 1.362785881909087335e-20 1.652091732309286584e-21
4.314047384628791448e+00 1.325396393754915712e-20 1.721002834711341268e-21
4.314712384628363040e+00 8.042643283134029709e-21 1.756638165223842446e-21
4.315377384627934632e+00 7.642897806002602433e-21 1.793896253298481241e-21
4.316042384627506223e+00 4.616970473901755726e-21 1.951281467497902197e-21
4.316707384627077815e+00 8.301394948294987827e-21 1.719000449819354174e-21
4.317372384626649406e+00 -1.525962802105841481e-22 1.716784927620578560e-21
4.318037384626220998e+00 1.766544486672649933e-21 1.884000928987012319e-21
4.318702384625792590e+00 1.103423124754051749e-20 1.841158193704888234e-21
4.319367384625364181e+00 8.746442831922544777e-21 1.844040308651161828e-21
4.320032384624935773e+00 9.301388801012496197e-21 1.812400043921594457e-21
4.320697384624507364e+00 8.798990618164004737e-21 1.888320345360943431e-21
4.321362384624078956e+00 9.572917867200882130e-22 1.740129062219880554e-21
4.322027384623650548e+00 4.035190047268740215e-22 1.588261949635455869e-21
4.322692384623222139e+00 1.056685265951625900e-21 1.595120995594874573e-21
4.323357384622793731e+00 4.828063904407600899e-21 1.850397403837392250e-21
4.324022384622365323e+00 3.390397868012659407e-21 1.781609651002308905e-21
4.324687384621936914e+00 -4.700901936022396559e-21 2.138075610934332613e-21
4.325352384621508506e+00 -2.825271330322474278e-21 2.078234138271221512e-21
4.326017384621080097e+00 5.228644957266410552e-21 1.992484120227313289e-21
4.326682384620651689e+00 -7.902336468011277421e-22 1.820307998638462966e-21
4.327347384620223281e+00 -7.510477785996603820e-21 1.914139372528606820e-21
4.328012384619794872e+00 -5.930243489323784333e-22 1.839278551357462247e-21
4.328677384619366464e+00 4.949532144406547920e-22 1.858870798221406182e-21
4.329342384618938055e+00 -2.046106141720309473e-21 2.000049830519346789e-21
4.330007384618509647e+00 7.632818422899108189e-21 1.830511267192242781e-21
4.330672384618081239e+00 6.469406493530816100e-21 1.893781190499449332e-21
4.331337384617652830e+00 6.055650262243547608e-21 2.065183414495341153e-21
4.332002384617224422e+00 7.497221591305389088e-21 2.052062884765104025e-21
4.332667384616796014e+00 1.156163503426717938e-20 1.659468799853711589e-21
4.333332384616367605e+00 5.178061267592507725e-21 1.732929153114289021e-21
4.333997384615939197e+00 -1.270986554746595641e-23 1.768765848430675439e-21
4.334662384615510788e+00 1.426357949981497196e-20 1.960616898317474254e-21
4.335327384615082380e+00 4.789506835214049236e-21 1.664668976025006265e-21
4.335992384614653972e+00 -7.367984776898037146e-23 1.778191920482832922e-21
4.336657384614225563e+00 2.205875789759885082e-21 1.800962866798891532e-21
4.337322384613797155e+00 2.677208697477453368e-21 1.609529187178765930e-21
4.337987384613368746e+00 9.643915641025151247e-21 1.947840912103665670e-21
4.338652384612940338e+00 3.049894424286151869e-21 1.740514133123130114e-21
4.339317384612511930e+00 1.356949483087884642e-21 1.899280905837148555e-21
4.339982384612083521e+00 -3.445805952244707435e-21 2.050684469818132072e-21
4.340647384611655113e+00 -3.633329873476930653e-22 2.165824954958917048e-21
4.341312384611226705e+00 -1.136808518046275575e-21 3.444211655009659650e-21
4.341977384610798296e+00 -6.229856677691216252e-22 2.954145381445093172e-21
4.342642384610369888e+00 1.069494429032516801e-21 1.744962401311087955e-21
4.343307384609941479e+00 -4.767959230004219005e-22 1.951886265274607377e-21
4.343972384609513071e+00 3.598252590517487128e-21 1.819802194483953727e-21
4.344637384609084663e+00 1.086430458255976537e-20 2.648020185717426847e-21
4.345302384608656254e+00 1.527680841046814590e-20 1.864537075593519796e-21
4.345967384608227846e+00 5.780235636668669696e-21 2.090354300196556370e-21
4.346632384607799438e+00 -6.678612998501058051e-22 2.038131999194393166e-21
4.347297384607371029e+00 2.461369354045297455e-22 2.060779261922663348e-21
4.347962384606942621e+00 4.400324115031407954e-21 2.073463024912424794e-21
4.348627384606514212e+00 1.844491518452765757e-21 2.171968399045769065e-21
4.349292384606085804e+00 4.847561272013269035e-21 1.831953992472090714e-21
4.349957384605657396e+00 3.255169443808510883e-22 1.653260296914623929e-21
4.350622384605228987e+00 6.908465879916628955e-21 2.108731891999984823e-21
4.351287384604800579e+00 5.157523851127024047e-21 1.801179585663012276e-21
4.351952384604372170e+00 1.475519862606784993e-21 1.975182996042366693e-21
4.352617384603943762e+00 5.816974322941627122e-21 1.612049083598065008e-21
4.353282384603515354e+00 1.105953205780083479e-20 1.723961578450997560e-21
4.353947384603086945e+00 4.930705689424779862e-21 1.625368264451000861e-21
4.354612384602658537e+00 5.223884363895692134e-21 1.702753461314801589e-21
4.355277384602230129e+00 1.496736323055043919e-20 2.986722640419587681e-21
4.355942384601801720e+00 5.523635569960415079e-21 1.822493554994816281e-21
4.356607384601373312e+00 2.891461940092901164e-21 1.884453640671315327e-21
4.357272384600944903e+00 6.557213307734448666e-21 2.131459359912264499e-21
4.357937384600516495e+00 2.141421787270310274e-21 2.175888358367231943e-21
4.358602384600088087e+00 1.157440236454063350e-21 2.000409960562505283e-21
4.359267384599659678e+00 4.338164742859088394e-21 1.814498696446727464e-21
4.359932384599231270e+00 1.357428612819675255e-21 1.947634201693618408e-21
4.360597384598802861e+00 1.369917468814113627e-21 1.829490282237729682e-21
4.361262384598374453e+00 1.131206138130135716e-20 1.733079948425817679e-21
4.361927384597946045e+00 -1.952689970822081314e-21 1.979282439999865708e-21
4.362592384597517636e+00 6.637870355948186259e-22 1.715728180537267211e-21
4.363257384597089228e+00 4.631141942873233105e-21 2.123789650876450877e-21
4.363922384596660820e+00 7.444840716048680837e-21 1.693170892804044720e-21
4.364587384596232411e+00 5.354028233453121227e-21 1.725443428985238582e-21
4.365252384595804003e+00 8.648729860005075091e-21 1.512094269604540045e-21
4.365917384595375594e+00 2.355765732115006037e-21 1.525874013923851165e-21
4.366582384594947186e+00 6.854174722979346718e-21 1.610754563762902034e-21
4.367247384594518778e+00 3.116935264726913185e-21 1.822464014681823314e-21
4.367912384594090369e+00 6.066531866615759996e-22 1.986378945255704336e-21
4.368577384593661961e+00 -3.875016288252587704e-21 1.765924535316329462e-21
4.369242384593233552e+00 7.258758289860146011e-23 4.917729787871425948e-21
4.369907384592805144e+00 2.423209781220832758e-21 3.661193570088563364e-21
4.370572384592376736e+00 1.530150419008147845e-20 4.917601923684075126e-21
4.371237384591948327e+00 5.730519210488900749e-21 1.896711441220240839e-21
4.371902384591519919e+00 2.973560826339801780e-21 3.035405526603544429e-21
4.372567384591091511e+00 2.860552310832487365e-22 1.914874147519290238e-21
4.373232384590663102e+00 1.744046250713784895e-20 1.951143148382363684e-21
4.373897384590234694e+00 7.085039257120986402e-21 2.465939928140366626e-21
4.374562384589806285e+00 -1.305816893005836138e-21 2.684225783519800962e-21
4.375227384589377877e+00 5.288459090298135435e-21 1.818854667534588076e-21
4.375892384588949469e+00 -3.698779554736879595e-21 1.893434562856487729e-21
4.376557384588521060e+00 8.556548683242699926e-22 1.842418741990547141e-21
4.377222384588092652e+00 3.822785869043480906e-21 1.737489484000556974e-21
4.377887384587664243e+00 9.444347324887479424e-21 2.028159426648786443e-21
4.378552384587235835e+00 7.297683385785219243e-21 1.943033080302583451e-21
4.379217384586807427e+00 7.459892146616870076e-21 2.278244053896545852e-21
4.379882384586379018e+00 1.078045415963834287e-20 2.053647597379387051e-21
4.380547384585950610e+00 7.388635053232416360e-21 2.037116170178199702e-21
4.381212384585522202e+00 -2.330526346084726705e-21 2.080566194394720500e-21
4.381877384585093793e+00 -1.082508328249398840e-21 1.891211807646434525e-21
4.382542384584665385e+00 1.806028760928288197e-21 2.460276984595085994e-21
4.383207384584236976e+00 7.582428426341422017e-21 2.042835946407170457e-21
4.383872384583808568e+00 6.663520401696620953e-21 1.997122295616552607e-21
4.384537384583380160e+00 6.016633705557438025e-22 1.820240915286888020e-21
4.385202384582951751e+00 -6.478700827137616926e-22 1.716462983962384466e-21
4.385867384582523343e+00 2.294395468449911092e-21 2.077762774167318089e-21
4.386532384582094934e+00 9.223444001379757579e-22 1.873852343571557152e-21
4.387197384581666526e+00 3.164392556980417083e-21 2.369334170659304389e-21
4.387862384581238118e+00 1.052636287148296986e-20 1.779060042411787704e-21
4.388527384580809709e+00 1.114818392786868552e-20 1.620160443692114573e-21
4.389192384580381301e+00 1.601169955422487951e-21 1.951223717588849408e-21
4.389857384579952893e+00 -3.725017455882983169e-21 1.933511837556230802e-21
4.390522384579524484e+00 -1.062183585745259032e-21 1.913347544196045647e-21
4.391187384579096076e+00 -1.353529523140545910e-21 1.913219036351464302e-21
4.391852384578667667e+00 -1.037849871349459926e-20 2.064309139914699502e-21
4.392517384578239259e+00 -1.814357120907488709e-21 1.635799553863416197e-21
4.393182384577810851e+00 6.272612971831627172e-22 1.865891743903206352e-21
4.393847384577382442e+00 1.023158468978108061e-20 1.781497494384094234e-21
4.394512384576954034e+00 1.692354637738033182e-20 1.941570306255292305e-21
4.395177384576525625e+00 5.143051885925702264e-21 2.011895954494852428e-21
4.395842384576097217e+00 -5.076009339531758582e-21 2.047571911052820781e-21
4.396507384575668809e+00 -8.655468168329361471e-21 2.005088225785686168e-21
4.397172384575240400e+00 1.313976355757341766e-21 2.265636960692585012e-21
4.397837384574811992e+00 9.549196146339682209e-21 2.111668357246256304e-21
4.398502384574383584e+00 5.827752447623543018e-21 2.120929371455355461e-21
4.399167384573955175e+00 8.836282392426565386e-22 1.867125465482210285e-21
4.399832384573526767e+00 -2.681943694170128672e-21 1.782124531255926240e-21
4.400497384573098358e+00 -2.321628249192881795e-21 1.917453259142537471e-21
4.401162384572669950e+00 -3.412310229259362340e-21 1.767553101495618150e-21
4.401827384572241542e+00 6.973963940131273722e-21 1.937102136435981237e-21
4.402492384571813133e+00 5.840122366785464261e-21 1.780284772806732620e-21
4.403157384571384725e+00 7.998144800022290527e-21 1.867763934196396790e-21
4.403822384570956316e+00 6.911025453791221440e-21 1.854020100787656593e-21
4.404487384570527908e+00 4.011693765773525471e-21 1.946399416366673953e-21
4.405152384570099500e+00 9.956685492062504684e-21 1.603826105991774332e-21
4.405817384569671091e+00 1.075776710204154844e-20 1.807862001074092951e-21
4.406482384569242683e+00 -4.251279533553531736e-21 1.904102651540261613e-21
4.407147384568814275e+00 4.807538812108458848e-21 1.901183750341052061e-21
4.407812384568385866e+00 9.380290084912361043e-21 1.956072672322467908e-21
4.408477384567957458e+00 3.863797388501171389e-21 1.781055076834871808e-21
4.409142384567529049e+00 -5.204199458057275373e-22 1.845626625859011392e-21
4.409807384567100641e+00 1.042070314762889281e-21 1.847622023518471447e-21
4.410472384566672233e+00 8.047382179560277763e-21 1.754627181389227568e-21
4.411137384566243824e+00 1.005304062143562124e-20 1.918180081860995567e-21
4.411802384565815416e+00 -5.961578305979942184e-22 1.963386376396429921e-21
4.412467384565387007e+00 8.354259791868257246e-21 1.701928964035192805e-21
4.413132384564958599e+00 1.427436392840338965e-20 1.921663795380089843e-21
4.413797384564530191e+00 4.967660157307562343e-21 1.887984306790630489e-21
4.414462384564101782e+00 8.902410756401448263e-21 1.797005300009509668e-21
4.415127384563673374e+00 1.247478907893651912e-20 1.939334930856764140e-21
4.415792384563244966e+00 9.811128232592607801e-21 2.038499940211120847e-21
4.416457384562816557e+00 1.227299150317654133e-20 2.023501049156923156e-21
4.417122384562388149e+00 3.692641760549106453e-21 2.103880728623422592e-21
4.417787384561959740e+00 1.439161693673712269e-20 2.126491016673836265e-21
4.418452384561531332e+00 5.374820124911634418e-21 2.176198183791019240e-21
4.419117384561102924e+00 3.506225884787703895e-21 2.203152745911884318e-21
4.419782384560674515e+00 8.005507370891552878e-21 1.855578069694541620e-21
4.420447384560246107e+00 6.190126966001378183e-21 2.125760783718325628e-21
4.421112384559817698e+00 5.853407355956213257e-21 1.838789607806843814e-21
4.421777384559389290e+00 3.287887874595576524e-21 2.126369714165855091e-21
4.422442384558960882e+00 -1.322418021128405142e-21 2.006898628608217743e-21
4.423107384558532473e+00 8.672373671486753670e-21 1.938931800722736925e-21
4.423772384558104065e+00 5.620896218362563405e-21 1.982611587512331318e-21
4.424437384557675657e+00 5.848360657129838655e-21 1.595181054413680604e-21
4.425102384557247248e+00 4.139619442528913177e-21 1.836066009678495107e-21
4.425767384556818840e+00 7.819107323594407557e-21 1.676609787408381069e-21
4.426432384556390431e+00 8.129932296654357701e-21 1.824469709598509295e-21
4.427097384555962023e+00 2.795057925172376970e-21 1.655113923772352018e-21
4.427762384555533615e+00 8.789242462475012859e-21 1.691691063207205159e-21
4.428427384555105206e+00 1.216305105150384992e-20 1.636958965773353220e-21
4.429092384554676798e+00 1.534670377748670845e-21 1.849936627003596834e-21
4.429757384554248389e+00 -6.070003447497020024e-22 1.747886531308133574e-21
4.430422384553819981e+00 3.948986848286352986e-22 1.824942754511220601e-21
4.431087384553391573e+00 4.057577206055964271e-21 1.781987272716435982e-21
4.431752384552963164e+00 9.477761575387292757e-21 1.738643098897435149e-21
4.432417384552534756e+00 2.839888921137704152e-21 1.927984609891728377e-21
4.433082384552106348e+00 3.961931991665558994e-21 1.908803528109405575e-21
4.433747384551677939e+00 7.864247826943609514e-21 1.760184803646479405e-21
4.434412384551249531e+00 5.053010603833451289e-21 1.924056269931535480e-21
4.435077384550821122e+00 2.272116856142705913e-21 1.852251392935597915e-21
4.435742384550392714e+00 6.954063050299718921e-21 1.832738869873163987e-21
4.436407384549964306e+00 2.101631277736787925e-21 1.787856962086229753e-21
4.437072384549535897e+00 4.780107834781825737e-21 2.080018759311934112e-21
4.437737384549107489e+00 2.758781039352617586e-21 1.800255432954484558e-21
4.438402384548679080e+00 7.961025485445758109e-21 1.760042880640746967e-21
4.439067384548250672e+00 4.970909308481949615e-21 1.934388023719300793e-21
4.439732384547822264e+00 6.055143585686138582e-21 2.087107944348269498e-21
4.440397384547393855e+00 1.316105286923613183e-20 1.784399079889038779e-21
4.441062384546965447e+00 8.905981793120157334e-21 1.834316762480121521e-21
4.441727384546537039e+00 5.777364978681659142e-21 1.804620452947664755e-21
4.442392384546108630e+00 6.882408780960626776e-21 1.905613445030179536e-21
4.443057384545680222e+00 2.936151528373194593e-21 1.757755682986147658e-21
4.443722384545251813e+00 4.629709033591164992e-21 1.818517202061875384e-21
4.444387384544823405e+00 5.859617111617051460e-21 2.252960905690336987e-21
4.445052384544394997e+00 1.876952398147886037e-21 1.847318178385644548e-21
4.445717384543966588e+00 6.697925783280658889e-21 2.119854193662184188e-21
4.446382384543538180e+00 2.776596328708060703e-21 1.611353091806933115e-21
4.447047384543109771e+00 1.316062628453160365e-21 1.894444612724203009e-21
4.447712384542681363e+00 2.253179062591449174e-21 1.870514119465890257e-21
4.448377384542252955e+00 -7.855499250835178166e-21 2.037934289561607170e-21
4.449042384541824546e+00 9.773449606849533944e-22 1.933588204274465290e-21
4.449707384541396138e+00 -3.754752096401108736e-21 1.886395014313329378e-21
4.450372384540967730e+00 -1.740136904583325017e-21 1.936294538752219992e-21
4.451037384540539321e+00 2.356647655734746505e-21 1.815366962460122318e-21
4.451702384540110913e+00 -2.365753616875088788e-21 1.853266753645357137e-21
4.452367384539682504e+00 -5.335093676175176434e-22 1.782380850057776566e-21
4.453032384539254096e+00 -2.021548486778624464e-21 1.850448389480280008e-21
4.453697384538825688e+00 5.787864244243584024e-21 2.052581712845720672e-21
4.454362384538397279e+00 9.299472236617940500e-21 1.693893995686260329e-21
4.455027384537968871e+00 3.059397722975168128e-21 2.360801832932781158e-21
4.455692384537540462e+00 7.862239639439457721e-21 1.822615117354534023e-21
4.456357384537112054e+00 1.285409302991186275e-20 2.084391624406706412e-21
4.457022384536683646e+00 5.717806351612283065e-21 1.931313168417608176e-21
4.457687384536255237e+00 1.107714339930016432e-21 1.642181800544846664e-21
4.458352384535826829e+00 -4.102028265234120279e-21 1.883563345142421359e-21
4.459017384535398421e+00 1.128523761886747116e-21 1.917124718962150566e-21
4.459682384534970012e+00 7.126942723178119290e-21 1.905259374282285693e-21
4.460347384534541604e+00 1.627669696945208387e-21 1.852452310289336991e-21
4.461012384534113195e+00 2.069425548020783327e-21 1.842867406418557353e-21
4.461677384533684787e+00 1.171328310887960358e-20 1.969209271901481721e-21
4.462342384533256379e+00 2.760857810951675661e-21 2.008748277686647799e-21
4.463007384532827970e+00 5.877735796160040157e-21 1.940490223227078830e-21
4.463672384532399562e+00 -1.326722738063888365e-21 2.311417772614111623e-21
4.464337384531971153e+00 -1.434723544591986055e-21 2.061581037431755506e-21
4.465002384531542745e+00 7.614252968315994755e-22 1.888628956804144539e-21
4.465667384531114337e+00 9.846949721010900665e-21 1.902548925035992527e-21
4.466332384530685928e+00 8.738345736221393478e-21 1.853028709002822615e-21
4.466997384530257520e+00 5.573814838135078746e-21 1.997050220678462751e-21
4.467662384529829112e+00 1.739342260814105898e-20 1.851519633249650938e-21
4.468327384529400703e+00 2.122763391646944751e-20 1.928895651605710566e-21
4.468992384528972295e+00 1.288359212058280344e-20 3.603412019473594302e-21
4.469657384528543886e+00 7.278733499083025664e-21 1.867275940482762308e-21
4.470322384528115478e+00 1.135166739672560844e-20 1.711865523839231266e-21
4.470987384527687070e+00 -4.607084824191703725e-23 1.706543596712543542e-21
4.471652384527258661e+00 -1.068568087272776817e-20 2.178431731226198976e-21
4.472317384526830253e+00 1.774805623952425403e-21 2.100748725624359860e-21
4.472982384526401844e+00 9.271674527997480970e-22 1.790405078519199887e-21
4.473647384525973436e+00 -1.409511285094873223e-21 1.752193030922655129e-21
4.474312384525545028e+00 6.431763868977786951e-21 1.939350174773296333e-21
4.474977384525116619e+00 1.389457762491382186e-20 4.766407174156968724e-21
4.475642384524688211e+00 8.367673117957491221e-21 3.575877793372235408e-21
4.476307384524259803e+00 9.252103525744498847e-21 4.021766808075663043e-21
4.476972384523831394e+00 7.261983414859636588e-21 3.893349167964520217e-21
4.477637384523402986e+00 7.290334677140124929e-21 2.438760241924957634e-21
4.478302384522974577e+00 1.056617462488458184e-20 2.301019621652249489e-21
4.478967384522546169e+00 1.013633616868359807e-20 2.275586508815087459e-21
4.479632384522117761e+00 -5.557063317661183321e-21 2.112254431236291009e-21
4.480297384521689352e+00 5.293304482134662152e-21 1.764153145200546423e-21
4.480962384521260944e+00 2.846477472114843361e-21 1.906866187057479528e-21
4.481627384520832535e+00 1.181299741530685134e-21 2.108250807033882835e-21
4.482292384520404127e+00 3.206292328508238166e-21 4.545930759264353133e-21
4.482957384519975719e+00 -4.479742615964091182e-22 1.966048879085158395e-21
4.483622384519547310e+00 -1.372498310682698411e-21 1.940308922947470895e-21
4.484287384519118902e+00 -2.061169042240289787e-21 2.007586061796584290e-21
4.484952384518690494e+00 -5.689575999725903578e-23 1.930629469823370884e-21
4.485617384518262085e+00 3.315827588470763659e-21 1.945108822051761490e-21
4.486282384517833677e+00 9.830610059860677343e-22 2.004692545237539555e-21
4.486947384517405268e+00 2.426369667386178873e-21 2.111669842970330550e-21
4.487612384516976860e+00 1.403912356577793644e-20 1.909941384351689186e-21
4.488277384516548452e+00 2.605310658254276995e-21 1.890748045029728965e-21
4.488942384516120043e+00 1.102593023890394089e-20 1.850793101374522372e-21
4.489607384515691635e+00 -4.620240530048216349e-21 1.746333599413326785e-21
4.490272384515263226e+00 -8.770154502975260104e-21 1.644818728758383111e-21
4.490937384514834818e+00 -3.981366844072684437e-21 1.895480059920868665e-21
4.491602384514406410e+00 3.343682636684691120e-21 2.135159588742811836e-21
4.492267384513978001e+00 -6.936307360739285553e-21 2.281508422305919629e-21
4.492932384513549593e+00 9.529555569348598148e-22 1.912892727220980352e-21
4.493597384513121185e+00 -8.785143021226442644e-22 2.250124147582464091e-21
4.494262384512692776e+00 1.830842072299984922e-21 1.818488477525723139e-21
4.494927384512264368e+00 8.769401617893303153e-21 2.060945963840436794e-21
4.495592384511835959e+00 5.785960140919709598e-21 2.014646086148992678e-21
4.496257384511407551e+00 9.375249840307288734e-21 1.832085625101319366e-21
4.496922384510979143e+00 5.566704654081979486e-21 1.893510577760179127e-21
4.497587384510550734e+00 2.047507016963695338e-21 1.818505672423093250e-21
4.498252384510122326e+00 1.044701305474761960e-20 1.943006623999718167e-21
4.498917384509693917e+00 6.200442807678349433e-21 2.076698091846387274e-21
4.499582384509265509e+00 7.918524737153956981e-21 1.914836020048825645e-21
4.500247384508837101e+00 8.677507483969322087e-22 1.923443794144423610e-21
4.500912384508408692e+00 -1.432388848048364161e-21 1.989150562444493693e-21
4.501577384507980284e+00 3.551060375559153301e-21 2.048553834760265547e-21
4.502242384507551876e+00 8.783316654023739051e-21 2.119653078732870920e-21
4.502907384507123467e+00 9.961307639219180017e-22 2.530514278582804507e-21
4.503572384506695059e+00 1.122619923568731189e-21 2.348959830558704599e-21
4.504237384506266650e+00 8.899345287148195465e-22 2.032036051123731523e-21
4.504902384505838242e+00 6.115179882459013545e-21 1.853658683043139169e-21
4.505567384505409834e+00 3.239593090450739011e-21 1.829168956599268549e-21
4.506232384504981425e+00 -1.263124166134968285e-21 1.870306874647316202e-21
4.506897384504553017e+00 3.824423340691046321e-21 2.061643629488678645e-21
4.507562384504124608e+00 8.174644168702730367e-21 2.124635106886658432e-21
4.508227384503696200e+00 4.403536730496986052e-21 2.069643011096300563e-21
4.508892384503267792e+00 8.152129613720527733e-22 1.635668491039929789e-21
4.509557384502839383e+00 -5.810368420931107533e-22 2.104171996642158444e-21
4.510222384502410975e+00 1.684446090441238996e-21 2.118245929900587255e-21
4.510887384501982567e+00 6.679296542454398219e-21 1.891300913161666741e-21
4.511552384501554158e+00 1.125774815701585474e-21 1.829553678160325142e-21
4.512217384501125750e+00 4.142327638893221088e-21 2.236754554521153722e-21
4.512882384500697341e+00 2.470288228219370718e-21 2.289616054143683617e-21
4.513547384500268933e+00 9.978473318706493166e-22 2.114171817062983603e-21
4.514212384499840525e+00 4.238326642760681657e-21 2.314617730745963790e-21
4.514877384499412116e+00 4.085276123231087926e-21 2.079163655795725581e-21
4.515542384498983708e+00 1.336794504807864789e-20 2.376204364340807821e-21
4.516207384498555300e+00 6.199160528778946235e-21 2.059210363188233634e-21
4.516872384498126891e+00 1.217635394255560651e-21 1.724952034424481684e-21
4.517537384497698483e+00 -1.800891854844491443e-21 1.977047760759519913e-21
4.518202384497270074e+00 4.923881970299949848e-21 2.001883018644724108e-21
4.518867384496841666e+00 8.682446051141619447e-21 1.836239124976809764e-21
4.519532384496413258e+00 8.183532776086530759e-21 2.269387108945673414e-21
4.520197384495984849e+00 -7.113112575411296377e-22 1.835916912364244310e-21
4.520862384495556441e+00 1.903890045891767787e-21 2.136821289443710559e-21
4.521527384495128032e+00 -3.284670714602337516e-21 1.946312136890263668e-21
4.522192384494699624e+00 5.624660720561539573e-21 1.834688097314631634e-21
4.522857384494271216e+00 4.512921960799963380e-21 2.006187447860140899e-21
4.523522384493842807e+00 -6.691671877544892911e-21 2.613351294477280090e-21
4.524187384493414399e+00 -4.922773718290945091e-21 1.885198465263072721e-21
4.524852384492985991e+00 1.356261675371154768e-21 2.160031599242128444e-21
4.525517384492557582e+00 8.306982902297139223e-21 2.022604565100840787e-21
4.526182384492129174e+00 5.091864905884593871e-21 1.979310023835827085e-21
4.526847384491700765e+00 -7.385552800914590889e-23 1.944868458737190437e-21
4.527512384491272357e+00 -1.745950672093796147e-21 1.936453432938642677e-21
4.528177384490843949e+00 -6.791916409296894927e-21 1.999820445157785884e-21
4.528842384490415540e+00 1.183940450558183397e-20 1.996592690234567476e-21
4.529507384489987132e+00 5.376991411654042159e-21 1.819988422019294891e-21
4.530172384489558723e+00 2.458484855389798997e-22 1.935323795062546162e-21
4.530837384489130315e+00 3.583698325638234320e-21 1.917148763041355825e-21
4.531502384488701907e+00 -6.622088813466128795e-21 2.180148161310510243e-21
4.532167384488273498e+00 5.261645443002115656e-21 1.973374033896940229e-21
4.532832384487845090e+00 1.114168408976991589e-21 2.281108586938142363e-21
4.533497384487416682e+00 -3.054129541897402443e-22 2.150052639019033041e-21
4.534162384486988273e+00 -4.441514709619641742e-21 2.322183869562907093e-21
4.534827384486559865e+00 -6.312470387213810371e-21 2.322335468167144666e-21
4.535492384486131456e+00 5.052755540443458667e-21 2.563238548571691704e-21
4.536157384485703048e+00 -1.208439234558608153e-22 4.078428315311567658e-21
4.536822384485274640e+00 1.465758872510263632e-21 2.620553327265652495e-21
4.537487384484846231e+00 -4.721449828069213278e-21 2.461529656432577845e-21
4.538152384484417823e+00 2.810421239415908299e-21 2.845094218707514423e-21
4.538817384483989414e+00 4.560068846178208563e-21 2.571957774094769211e-21
4.539482384483561006e+00 5.212619450770133121e-21 2.019028380879924648e-21
4.540147384483132598e+00 4.307708031349173165e-21 2.139686684076029755e-21
4.540812384482704189e+00 3.601136064728069576e-21 1.986644575363412835e-21
4.541477384482275781e+00 4.435896990269755071e-21 2.008501597988952764e-21
4.542142384481847373e+00 1.404402293101919169e-20 3.607969697864091642e-21
4.542807384481418964e+00 2.251956180636266504e-21 4.136546515763423250e-21
4.543472384480990556e+00 1.565631816099802454e-20 4.497622652423554764e-21
4.544137384480562147e+00 5.041268281260292375e-21 2.354755935815147866e-21
4.544802384480133739e+00 1.039420157401613874e-20 2.334270504520342674e-21
4.545467384479705331e+00 1.047720805859781722e-20 1.782565151553723346e-21
4.546132384479276922e+00 4.940658481887977942e-21 2.148451812683532196e-21
4.546797384478848514e+00 1.748168986249017434e-20 2.851460303284210131e-21
4.547462384478420105e+00 4.076737693308774222e-21 2.322325871453000478e-21
4.548127384477991697e+00 4.033952129208273215e-21 1.899074585155554307e-21
4.548792384477563289e+00 5.279741662164359519e-21 2.425806581435344288e-21
4.549457384477134880e+00 1.504067490016051274e-20 2.087591981283837930e-21
4.550122384476706472e+00 9.182228273327738090e-21 2.109317556271855506e-21
4.550787384476278064e+00 7.876366188429704009e-22 2.881574602157475893e-21
4.551452384475849655e+00 3.196096293865501658e-23 2.104443464513801051e-21
4.552117384475421247e+00 6.056645295662369773e-21 1.970513792113763709e-21
4.552782384474992838e+00 1.777515406009424624e-21 2.026398038175777749e-21
4.553447384474564430e+00 -1.486303493840071842e-21 2.038941017533608169e-21
4.554112384474136022e+00 3.806673772467844640e-21 2.021931770032920620e-21
4.554777384473707613e+00 5.242991886662579241e-21 1.926259620302146321e-21
4.555442384473279205e+00 2.284197191722631577e-20 2.184310352275790831e-21
4.556107384472850796e+00 2.001360448463668730e-20 1.811820813796426688e-21
4.556772384472422388e+00 8.381700864203258035e-21 2.968309107984720910e-21
4.557437384471993980e+00 5.822420917656049219e-21 2.064796242838547916e-21
4.558102384471565571e+00 7.591084862131728575e-21 1.987008130008587262e-21
4.558767384471137163e+00 7.831153113782649167e-21 2.094790451437354977e-21
4.559432384470708755e+00 -4.768268205477386593e-21 2.006275340008004150e-21
4.560097384470280346e+00 2.487178303087661249e-21 2.290601684787415555e-21
4.560762384469851938e+00 1.064916024656428869e-20 2.153063533926883820e-21
4.561427384469423529e+00 1.222782375125605525e-20 2.167830277710394299e-21
4.562092384468995121e+00 1.308925050393313227e-21 2.423096605968968862e-21
4.562757384468566713e+00 4.738985464233741246e-21 1.865269002458713076e-21
4.563422384468138304e+00 -4.472815188104466316e-22 3.084316562487684796e-21
4.564087384467709896e+00 5.419254853103159211e-21 1.953012991150320005e-21
4.564752384467281487e+00 8.422458215063903208e-21 2.633489250229074122e-21
4.565417384466853079e+00 9.952618374049383350e-22 1.915989935364099887e-21
4.566082384466424671e+00 6.502464587230886852e-21 1.980791814120878536e-21
4.566747384465996262e+00 4.373485098749607005e-21 1.971115918412039861e-21
4.567412384465567854e+00 6.664298507482121846e-21 2.076957159357381243e-21
4.568077384465139446e+00 1.279629112431256008e-20 2.605340365518831849e-21
4.568742384464711037e+00 2.670999821210506361e-21 1.889857321227380553e-21
4.569407384464282629e+00 -2.424345023793585998e-21 2.158640488132977381e-21
4.570072384463854220e+00 2.066620199930546529e-22 2.055824909327628099e-21
4.570737384463425812e+00 3.888735430915906067e-21 2.016187030823114959e-21
4.571402384462997404e+00 1.436499540894435878e-20 2.293724695478471380e-21
4.572067384462568995e+00 -3.854229501004026090e-21 1.894220716892368109e-21
4.572732384462140587e+00 -6.992552074342399503e-22 1.849340525329994473e-21
4.573397384461712178e+00 -1.308295648749394929e-21 2.035821346460136819e-21
4.574062384461283770e+00 3.731770594510786711e-21 2.387093897039955219e-21
4.574727384460855362e+00 2.667452067321065964e-21 2.336067167723811595e-21
4.575392384460426953e+00 7.684473915695725660e-21 2.097308815438537706e-21
4.576057384459998545e+00 8.355189993206998889e-21 2.193625408046330004e-21
4.576722384459570137e+00 4.729074970799632452e-21 2.186605183259441420e-21
4.577387384459141728e+00 9.530383886717150742e-22 2.365992391023336457e-21
4.578052384458713320e+00 1.390723059889218738e-21 2.001259402902094105e-21
4.578717384458284911e+00 1.895676086863912499e-21 1.999978480472573590e-21
4.579382384457856503e+00 7.129510098731757720e-21 2.189512145867992092e-21
4.580047384457428095e+00 4.784209766039692698e-21 3.072363929761289585e-21
4.580712384456999686e+00 3.275667168228626832e-21 2.400388157993683946e-21
4.581377384456571278e+00 4.872497987511688684e-21 2.101689065848607780e-21
4.582042384456142869e+00 1.274283915264125233e-21 2.337464939460572877e-21
4.582707384455714461e+00 9.011553101857346099e-21 2.112208398515662921e-21
4.583372384455286053e+00 9.494169121973856679e-21 3.123584576494867523e-21
4.584037384454857644e+00 6.031689256723020916e-21 2.091721168206992476e-21
4.584702384454429236e+00 6.990180670312460758e-21 2.087349960182190478e-21
4.585367384454000828e+00 1.322265751242990766e-21 2.184645745179990268e-21
4.586032384453572419e+00 4.612290068404212563e-21 2.235372300333904944e-21
4.586697384453144011e+00 9.321615210632097965e-21 2.055624514955787694e-21
4.587362384452715602e+00 7.268345740618019453e-21 1.846178147429543844e-21
4.588027384452287194e+00 3.215938392667551671e-21 1.927311748886741899e-21
4.588692384451858786e+00 8.308794071151710620e-21 1.797437112648083807e-21
4.589357384451430377e+00 4.551508002790149724e-21 1.875763400030375928e-21
4.590022384451001969e+00 -4.520293411140019626e-21 1.965285488363796630e-21
4.590687384450573560e+00 3.538447106617265987e-21 2.614020182833373191e-21
4.591352384450145152e+00 2.681294971881599226e-21 2.432513708544287678e-21
4.592017384449716744e+00 -3.500221155881589547e-22 1.912331606820140037e-21
4.592682384449288335e+00 1.338534871919482205e-20 2.180149910051502662e-21
4.593347384448859927e+00 1.084641736605996389e-20 2.044041871662970497e-21
4.594012384448431519e+00 -3.268215233984677314e-21 1.981362831385442919e-21
4.594677384448003110e+00 -1.470909170003398886e-21 1.906993631747219505e-21
4.595342384447574702e+00 3.356220071334480578e-21 2.190936483979915483e-21
4.596007384447146293e+00 2.087002668414353159e-21 2.337365813186330741e-21
4.596672384446717885e+00 5.152378056295090054e-21 1.973849364026270229e-21
4.597337384446289477e+00 7.243009983414489022e-21 1.792465053402772132e-21
4.598002384445861068e+00 3.239747218179777717e-21 2.262746094939021107e-21
4.598667384445432660e+00 1.500470739892852091e-20 4.413026555678448082e-21
4.599332384445004251e+00 5.335439600122929828e-21 4.537411079685309383e-21
4.599997384444575843e+00 1.917199252841750053e-20 4.486400001190501880e-21
4.600662384444147435e+00 2.524036928586571675e-21 2.207178224183708061e-21
4.601327384443719026e+00 -4.145203470828684284e-21 1.858083036526131570e-21
4.601992384443290618e+00 5.895603698325906894e-21 1.811714025078212714e-21
4.602657384442862210e+00 7.139629874750052330e-21 1.912759709327304714e-21
4.603322384442433801e+00 1.023714824896835388e-20 1.643086816155727917e-21
4.603987384442005393e+00 7.050329934790538417e-21 1.770634361872732739e-21
4.604652384441576984e+00 -8.803307458132938467e-21 2.043317561651908417e-21
4.605317384441148576e+00 -8.724518240661594815e-21 1.996511375592837278e-21
4.605982384440720168e+00 3.463071031320974081e-21 2.169810366212005189e-21
4.606647384440291759e+00 1.053874025138970647e-20 1.950552040502807603e-21
4.607312384439863351e+00 8.970330828756488045e-21 2.172264431835047356e-21
4.607977384439434942e+00 -1.165415218006288988e-22 2.386176213279746199e-21
4.608642384439006534e+00 -1.118817376736945931e-20 2.029863985671321975e-21
4.609307384438578126e+00 1.391242655013952709e-21 1.807846888295595054e-21
4.609972384438149717e+00 7.816194358106582748e-21 2.098001948076207927e-21
4.610637384437721309e+00 3.262434270183746812e-21 1.867684436697215620e-21
4.611302384437292901e+00 -1.287482991846548803e-21 2.989427714113071502e-21
4.611967384436864492e+00 4.382366164632209117e-21 2.094280307821022190e-21
4.612632384436436084e+00 1.031855936876935621e-20 1.880997372827684317e-21
4.613297384436007675e+00 -2.724320293890189439e-21 2.232444508368915951e-21
4.613962384435579267e+00 -5.007225837466621338e-21 1.843872781446825822e-21
4.614627384435150859e+00 -1.065543474588817070e-21 1.779856608231022697e-21
4.615292384434722450e+00 4.662914247017158703e-21 2.542314074876045873e-21
4.615957384434294042e+00 9.058081040568338627e-21 2.106037236553753477e-21
4.616622384433865633e+00 5.429386849038548938e-21 2.089175232250779671e-21
4.617287384433437225e+00 2.661029570511621034e-22 2.251236213198441523e-21
4.617952384433008817e+00 1.611113807576458280e-21 2.018906437674394069e-21
4.618617384432580408e+00 -2.605376203685287066e-22 2.163214206012010252e-21
4.619282384432152000e+00 -1.356526579429726994e-21 2.005458976484316686e-21
4.619947384431723592e+00 2.619954973866057685e-21 1.966980921183345565e-21
4.620612384431295183e+00 1.661851056420868549e-21 2.251583677424974963e-21
4.621277384430866775e+00 7.705912883805403649e-21 2.080598430856406441e-21
4.621942384430438366e+00 1.004043621113616874e-20 2.007653114315481449e-21
4.622607384430009958e+00 5.580058938614246661e-21 1.719219766290456150e-21
4.623272384429581550e+00 -3.979583448549860540e-21 2.593049910185830435e-21
4.623937384429153141e+00 4.399954532967578558e-21 2.061081240115572964e-21
4.624602384428724733e+00 -2.530528741032519274e-21 1.947467408342033091e-21
4.625267384428296324e+00 -3.559089569484321690e-21 2.178320891252793586e-21
4.625932384427867916e+00 3.510940246398754393e-21 1.958114342688858258e-21
4.626597384427439508e+00 1.213439275158779102e-20 1.761948721954942335e-21
4.627262384427011099e+00 1.301127809989106293e-20 1.856784763728380297e-21
4.627927384426582691e+00 7.267789866167701631e-21 1.935165147690471008e-21
4.628592384426154283e+00 8.905888485341468275e-21 2.085979695273612505e-21
4.629257384425725874e+00 7.631285611660695419e-21 1.848811045041616705e-21
4.629922384425297466e+00 1.286911514120314571e-20 2.058444078667531802e-21
4.630587384424869057e+00 5.753255375116384406e-21 1.882915319709678834e-21
4.631252384424440649e+00 2.517687113861005027e-21 1.745497164413339466e-21
4.631917384424012241e+00 3.737068635340174663e-21 2.183832274472902885e-21
4.632582384423583832e+00 -6.346695617874638293e-22 2.011964059795379553e-21
4.633247384423155424e+00 3.624249601447360398e-21 1.964461393622985326e-21
4.633912384422727015e+00 -6.459779167617145165e-21 1.993911530544297399e-21
4.634577384422298607e+00 -4.423509857789049875e-21 2.295408481574270069e-21
4.635242384421870199e+00 -3.935096436869233517e-21 2.037334220770349508e-21
4.635907384421441790e+00 1.589283852685483259e-20 1.832641712084727369e-21
4.636572384421013382e+00 8.803722078193544818e-21 2.367527704341048298e-21
4.637237384420584974e+00 1.786791123010712159e-21 1.867883194679514579e-21
4.637902384420156565e+00 6.571665764126996310e-21 3.339189689628675034e-21
4.638567384419728157e+00 1.259408439870419013e-20 2.392532945225134921e-21
4.639232384419299748e+00 3.343362932893265888e-21 1.853542072088137074e-21
4.639897384418871340e+00 7.159770904926213332e-21 1.943791272910450834e-21
4.640562384418442932e+00 6.162735118915320757e-21 2.099157188388275108e-21
4.641227384418014523e+00 2.467057997324871659e-21 1.803139489256264644e-21
4.641892384417586115e+00 1.040684190929703568e-20 2.445452992071424233e-21
4.642557384417157706e+00 4.841011060039662028e-21 2.331842794499757039e-21
4.643222384416729298e+00 1.282150626551112943e-20 1.657349474527331438e-21
4.643887384416300890e+00 1.949961106646586221e-20 2.530034524687192390e-21
4.644552384415872481e+00 1.684315911966124747e-20 2.010557970349542356e-21
4.645217384415444073e+00 -1.368269103261047863e-21 1.942902762797900432e-21
4.645882384415015665e+00 -1.098993564205407596e-20 1.968441963335990872e-21
4.646547384414587256e+00 1.430185953891652420e-21 2.141139918355430659e-21
4.647212384414158848e+00 -2.608434428322691484e-21 2.169757909105347331e-21
4.647877384413730439e+00 -4.756696590466686337e-22 1.988968106878927390e-21
4.648542384413302031e+00 -2.573669497425376194e-21 1.957001089328034941e-21
4.649207384412873623e+00 -1.778696030759807502e-21 2.278674618045500255e-21
4.649872384412445214e+00 -2.446278699841081077e-22 1.994421907211605627e-21
4.650537384412016806e+00 -3.628682864752800532e-21 2.294481122588657070e-21
4.651202384411588397e+00 4.090072037829246544e-21 1.998442140806505917e-21
4.651867384411159989e+00 1.254385494123958708e-21 2.379052689758921893e-21
4.652532384410731581e+00 2.573753838391175894e-21 2.332370029017200125e-21
4.653197384410303172e+00 -6.663222236600254648e-21 2.457073356371781894e-21
4.653862384409874764e+00 6.309391350160390341e-21 1.900974497663366579e-21
4.654527384409446356e+00 2.679785746193198129e-21 2.164886008955055982e-21
4.655192384409017947e+00 -3.584108347259457711e-22 2.023125023887713150e-21
4.655857384408589539e+00 3.574327963891542358e-21 2.136999673017829824e-21
4.656522384408161130e+00 4.242864990974421903e-21 2.620635782148014703e-21
4.657187384407732722e+00 5.434031076974549241e-21 2.029111868762001876e-21
4.657852384407304314e+00 -1.440922460509584805e-21 1.819878803920816263e-21
4.658517384406875905e+00 2.593705804350783813e-21 1.846029826665701460e-21
4.659182384406447497e+00 1.029772385699843095e-20 2.177250342666397984e-21
4.659847384406019088e+00 7.681242721654754694e-21 1.862523902927373964e-21
4.660512384405590680e+00 3.924843972412310401e-21 2.179546921499315492e-21
4.661177384405162272e+00 6.641995915169523629e-21 2.155465711556209550e-21
4.661842384404733863e+00 -1.694527801143846080e-22 2.658353051861678924e-21
4.662507384404305455e+00 3.961349885557433356e-21 2.275241996015260304e-21
4.663172384403877047e+00 1.295464008884672292e-20 2.339343231718517458e-21
4.663837384403448638e+00 6.136382881434601950e-21 2.162724047681639873e-21
4.664502384403020230e+00 1.923378748223557382e-21 2.231241444817578247e-21
4.665167384402591821e+00 1.911215742276687023e-21 2.030394269635397883e-21
4.665832384402163413e+00 9.066457051814092998e-21 2.230573279393157550e-21
4.666497384401735005e+00 9.080763937251223969e-21 2.746410092624644597e-21
4.667162384401306596e+00 1.221213301746099844e-20 2.427606407012225317e-21
4.667827384400878188e+00 4.499021799363896092e-22 2.128490637492789499e-21
4.668492384400449779e+00 1.780359469599777420e-21 2.052473166465423212e-21
4.669157384400021371e+00 -4.757414373853700654e-21 1.878333242546107316e-21
4.669822384399592963e+00 -4.665927686568891665e-21 2.237885669467714240e-21
4.670487384399164554e+00 2.322902152692791976e-21 5.836708774385966523e-21
4.671152384398736146e+00 2.719740699499035043e-21 4.897246627671879863e-21
4.671817384398307738e+00 2.029672324307155430e-21 2.064102091803343718e-21
4.672482384397879329e+00 -5.570478842674285901e-22 1.960609676904270922e-21
4.673147384397450921e+00 1.259151772147018531e-21 1.943642808648899174e-21
4.673812384397022512e+00 8.329769955147820479e-21 2.272142127353408682e-21
4.674477384396594104e+00 1.016695125990094467e-20 2.319883302192594336e-21
4.675142384396165696e+00 -5.533883091438267761e-21 2.244863468782697457e-21
4.675807384395737287e+00 -9.351750400840912676e-22 2.143724531163794506e-21
4.676472384395308879e+00 2.371035400464329055e-21 2.158232095052684225e-21
4.677137384394880470e+00 2.516179918171676367e-21 2.099818128529048864e-21
4.677802384394452062e+00 2.164643243263857574e-21 2.108673485555275798e-21
4.678467384394023654e+00 5.982714283755678495e-21 2.058674860212455821e-21
4.679132384393595245e+00 6.953643777826854019e-21 2.078462923066093308e-21
4.679797384393166837e+00 7.092734881595544344e-21 2.106658006150954707e-21
4.680462384392738429e+00 1.412702229339102354e-20 2.618384397368147911e-21
4.681127384392310020e+00 6.890387561031538034e-21 1.964645898111484441e-21
4.681792384391881612e+00 1.142098775367664253e-20 2.132077249062822157e-21
4.682457384391453203e+00 9.080942348568751149e-21 2.201328646649356195e-21
4.683122384391024795e+00 1.332562495291922245e-20 2.211960278542513143e-21
4.683787384390596387e+00 3.591825584694340632e-21 2.102070081557594510e-21
4.684452384390167978e+00 3.960388619731255442e-21 3.441661901110110869e-21
4.685117384389739570e+00 4.103935439778049462e-21 1.913598204265209141e-21
4.685782384389311161e+00 1.453906648637277605e-20 2.245514963201859635e-21
4.686447384388882753e+00 2.198203861689069299e-20 2.476385740759491019e-21
4.687112384388454345e+00 1.153309092451851638e-20 2.142808492594284851e-21
4.687777384388025936e+00 1.732264312482344193e-20 2.030384852089127269e-21
4.688442384387597528e+00 5.320924676799861383e-21 1.731617002961243175e-21
4.689107384387169120e+00 9.446474406674078359e-22 2.303506145283225443e-21
4.689772384386740711e+00 8.408419412668137596e-21 2.543732729087321701e-21
4.690437384386312303e+00 1.070196148172859131e-20 1.958302676381689242e-21
4.691102384385883894e+00 1.231554343055270362e-21 1.869756380498718385e-21
4.691767384385455486e+00 -4.830864451738534752e-21 2.327927514832127232e-21
4.692432384385027078e+00 -4.837287940077333320e-21 2.311370982993308253e-21
4.693097384384598669e+00 6.982466099477085966e-21 2.417930536616750193e-21
4.693762384384170261e+00 1.368127282896657303e-20 2.085978595200203627e-21
4.694427384383741853e+00 -4.288799292845744164e-21 2.087237173244823897e-21
4.695092384383313444e+00 6.961748355261004876e-21 2.284072618329057347e-21
4.695757384382885036e+00 1.360886134730872014e-21 1.894506804573144382e-21
4.696422384382456627e+00 2.534764104849941804e-21 2.105020410862553017e-21
4.697087384382028219e+00 1.106006541922815213e-20 1.909212103412471474e-21
4.697752384381599811e+00 1.086742851756887415e-20 1.910273044195357822e-21
4.698417384381171402e+00 1.541529151323798669e-20 1.863782148795016770e-21
4.699082384380742994e+00 1.596758652005450118e-20 2.016741003632765404e-21
4.699747384380314585e+00 6.501459054069125734e-21 1.848521654032255025e-21
4.700412384379886177e+00 6.871173193366879920e-21 1.888011476583950012e-21
4.701077384379457769e+00 -3.329937698144729054e-22 2.171411602483978730e-21
4.701742384379029360e+00 1.907952017737368807e-21 2.215581078347052677e-21
4.702407384378600952e+00 8.774103073412468436e-21 1.854314092508027891e-21
4.703072384378172544e+00 6.757750429744138381e-21 1.911040577717565237e-21
4.703737384377744135e+00 2.469280359439054435e-21 2.047164225351158666e-21
4.704402384377315727e+00 1.945603645941335155e-21 2.215366527161813311e-21
4.705067384376887318e+00 4.836412054875918717e-21 2.165012646930181988e-21
4.705732384376458910e+00 1.059977397865724845e-20 2.244420598944993742e-21
4.706397384376030502e+00 9.454220265996409779e-21 2.123110539400078117e-21
4.707062384375602093e+00 9.474863479928691436e-21 2.317694711664404971e-21
4.707727384375173685e+00 1.102006406282528438e-20 2.316614622857310052e-21
4.708392384374745276e+00 1.062601291953579099e-20 2.072496762852485585e-21
4.709057384374316868e+00 5.457511007515338995e-21 2.519369595472132916e-21
4.709722384373888460e+00 1.281017286702378698e-20 2.187349880520361264e-21
4.710387384373460051e+00 8.888497034884095705e-21 2.148564775233984147e-21
4.711052384373031643e+00 3.360176892219531023e-21 2.100326437500679814e-21
4.711717384372603235e+00 1.298354719903254048e-20 3.315337710153940376e-21
4.712382384372174826e+00 4.202573757775046824e-21 2.389693277749345262e-21
4.713047384371746418e+00 3.793517088287714873e-21 1.845653836717822068e-21
4.713712384371318009e+00 1.115082016272784885e-20 1.775034295338750300e-21
4.714377384370889601e+00 6.519907942701355583e-21 1.994092817499139337e-21
4.715042384370461193e+00 4.199012218543232427e-21 1.833207321272088070e-21
4.715707384370032784e+00 -5.023627190446924253e-21 1.796283158421242352e-21
4.716372384369604376e+00 5.114697050102022641e-21 1.588013925080690852e-21
4.717037384369175967e+00 4.943579526140949176e-21 1.998122155579432935e-21
4.717702384368747559e+00 2.868490178797476747e-21 2.156761936669862887e-21
4.718367384368319151e+00 4.749817343103966881e-21 2.240399710760592057e-21
4.719032384367890742e+00 5.543839079283589502e-21 2.068375016922663909e-21
4.719697384367462334e+00 6.367426094424098545e-21 2.204416253981698371e-21
4.720362384367033926e+00 1.499076787223929432e-21 2.233340189708734156e-21
4.721027384366605517e+00 1.095968288763609056e-20 1.995817585464864963e-21
4.721692384366177109e+00 1.364026931771212967e-20 2.078359811485480258e-21
4.722357384365748700e+00 1.432309563532360217e-20 2.081266154285217007e-21
4.723022384365320292e+00 -4.557941435737271257e-21 2.035588972919017482e-21
4.723687384364891884e+00 1.332007242622549770e-21 2.008204440861435482e-21
4.724352384364463475e+00 2.193295164997845844e-21 1.804564638612184489e-21
4.725017384364035067e+00 5.160152530503954194e-21 2.022494229377909075e-21
4.725682384363606658e+00 1.160019247145710830e-20 2.206702734933094376e-21
4.726347384363178250e+00 9.675857128911200938e-21 2.117461916916516290e-21
4.727012384362749842e+00 8.628997911176123380e-21 1.853417404352770015e-21
4.727677384362321433e+00 1.177179336814842102e-20 2.013106788807089131e-21
4.728342384361893025e+00 9.199793194654828417e-21 2.298428996477414770e-21
4.729007384361464617e+00 1.133050397976387608e-20 2.342825854986805179e-21
4.729672384361036208e+00 8.594041271507343323e-21 1.787196011196760103e-21
4.730337384360607800e+00 7.876191343446444939e-21 1.825192718800196699e-21
4.731002384360179391e+00 -1.468346386378370412e-21 1.823710731863104492e-21
4.731667384359750983e+00 5.391092944591206549e-21 1.945433770504214105e-21
4.732332384359322575e+00 7.534396878245329386e-21 2.208079767820866684e-21
4.732997384358894166e+00 -1.697811780435893982e-21 2.124360493686090496e-21
4.733662384358465758e+00 2.316826827716247316e-21 1.946839031715687076e-21
4.734327384358037349e+00 -1.501716872476731571e-21 1.666514599410053231e-21
4.734992384357608941e+00 1.193737945962896973e-22 1.947116382215230086e-21
4.735657384357180533e+00 1.212396176038767899e-21 2.288225007179392404e-21
4.736322384356752124e+00 1.694441091547907789e-22 1.887826290464382808e-21
4.736987384356323716e+00 5.238466153829056065e-21 2.133523631520456305e-21
4.737652384355895308e+00 -4.138101882983651084e-21 1.710339172688630543e-21
4.738317384355466899e+00 6.062770863338629815e-21 2.002736602915707663e-21
4.738982384355038491e+00 -4.285037788926027565e-21 2.262635333101241682e-21
4.739647384354610082e+00 1.102249512646210610e-22 2.418635007089089703e-21
4.740312384354181674e+00 9.860074050721191265e-21 2.141804407896179785e-21
4.740977384353753266e+00 6.146900479894782267e-21 2.163504401060120280e-21
4.741642384353324857e+00 7.720673907822143409e-21 1.759956797725575268e-21
4.742307384352896449e+00 5.426327902073816425e-22 2.004697981165071109e-21
4.742972384352468040e+00 6.859874922308436099e-21 1.837248962533888798e-21
4.743637384352039632e+00 3.517702495001226991e-21 1.983742166897522186e-21
4.744302384351611224e+00 1.187810607109515927e-20 2.399490646384914354e-21
4.744967384351182815e+00 7.688325173085212921e-21 2.025744326501488275e-21
4.745632384350754407e+00 5.466461610933224825e-21 1.891199958933610658e-21
4.746297384350325999e+00 2.881566339565899935e-21 1.735937720047921447e-21
4.746962384349897590e+00 5.936584279973046135e-21 2.067282643173228562e-21
4.747627384349469182e+00 2.435219219960214034e-21 2.077278177540472194e-21
4.748292384349040773e+00 1.418017127994673817e-20 1.966795057718997139e-21
4.748957384348612365e+00 1.495281258274692902e-20 2.023336161858350591e-21
4.749622384348183957e+00 1.278354466780821365e-20 2.400336679190991339e-21
4.750287384347755548e+00 7.680340240496652371e-21 4.439233668528176786e-21
4.750952384347327140e+00 2.034638735366801585e-21 6.790874478004692364e-21
4.751617384346898731e+00 8.885209520800829968e-21 4.606275714514511167e-21
4.752282384346470323e+00 1.298355289422598510e-20 2.067274362184879005e-21
4.752947384346041915e+00 1.415539164850186924e-20 2.454257770569695321e-21
4.753612384345613506e+00 2.512771359242815733e-20 2.307822527288195932e-21
4.754277384345185098e+00 1.330138236698702230e-20 1.870435517428002991e-21
4.754942384344756690e+00 3.630031169820656625e-21 2.085439550783992775e-21
4.755607384344328281e+00 -2.517300083294206204e-21 1.805451642041670848e-21
4.756272384343899873e+00 6.488257431134715723e-21 1.907799030510901374e-21
4.756937384343471464e+00 1.597101926221155873e-20 1.879992121992462506e-21
4.757602384343043056e+00 7.653994159650581609e-21 1.844116330982796010e-21
4.758267384342614648e+00 -2.946300111694032803e-21 1.906676665224454757e-21
4.758932384342186239e+00 3.844430343755996202e-21 2.570720020593541254e-21
4.759597384341757831e+00 3.897013352365787604e-21 1.636838392815499319e-21
4.760262384341329422e+00 2.310445549576117011e-21 2.120056108363328451e-21
4.760927384340901014e+00 1.046414013608060994e-20 1.957325238463971602e-21
4.761592384340472606e+00 1.732257050552000709e-20 2.184975505161319631e-21
4.762257384340044197e+00 1.269347117234316976e-20 2.080658084267047388e-21
4.762922384339615789e+00 -9.962700560273547499e-21 2.225023264796377857e-21
4.763587384339187381e+00 -1.335930747280187062e-21 2.049564263800415953e-21
4.764252384338758972e+00 2.627308563083659554e-21 2.157562322964599151e-21
4.764917384338330564e+00 5.485164319018986250e-21 2.368959151371296058e-21
4.765582384337902155e+00 1.751077531152532227e-21 2.113816748282852846e-21
4.766247384337473747e+00 3.370991965644561525e-21 2.255092383579146400e-21
4.766912384337045339e+00 -4.171821309112127326e-21 1.936017554911884090e-21
4.767577384336616930e+00 7.719456138395100982e-22 2.357720592948476971e-21
4.768242384336188522e+00 3.353803132115441706e-21 2.014043491386127325e-21
4.768907384335760113e+00 8.396321549174024086e-21 1.891477580327828729e-21
4.769572384335331705e+00 1.441946531150468946e-20 2.397396821994125380e-21
4.770237384334903297e+00 1.577992623066027241e-20 2.285557176840989114e-21
4.770902384334474888e+00 5.875553908289061031e-21 2.065498030060037451e-21
4.771567384334046480e+00 6.285595940842793471e-21 2.231220891953137284e-21
4.772232384333618072e+00 9.146074105610104352e-21 2.383232881459994139e-21
4.772897384333189663e+00 7.778119536890189041e-21 1.809009736589464506e-21
4.773562384332761255e+00 6.717701245565228757e-21 2.297527251288247124e-21
4.774227384332332846e+00 -1.200992974690558109e-21 1.981302224101493917e-21
4.774892384331904438e+00 -1.905340103411517307e-21 2.595227926537214112e-21
4.775557384331476030e+00 5.170396666266349631e-23 2.810711788030374130e-21
4.776222384331047621e+00 1.214597117901944762e-20 2.154115049708998497e-21
4.776887384330619213e+00 -4.819173797313796413e-21 2.199593882537270326e-21
4.777552384330190804e+00 7.589568676136534107e-22 1.995127109621150857e-21
4.778217384329762396e+00 -2.008936651116370172e-21 2.148271636147410131e-21
4.778882384329333988e+00 -9.487047098047828616e-22 1.978092378084579760e-21
4.779547384328905579e+00 1.924934855371204078e-21 1.754438593138239840e-21
4.780212384328477171e+00 7.398654781854782124e-21 2.094432467539389818e-21
4.780877384328048763e+00 9.056746911091186875e-21 2.420844606563405733e-21
4.781542384327620354e+00 9.312574895178562762e-21 2.127129351787996993e-21
4.782207384327191946e+00 3.354966279929009255e-21 2.603021072596277543e-21
4.782872384326763537e+00 -2.256737139061528115e-21 1.990173842651186007e-21
4.783537384326335129e+00 -2.966311764475447880e-21 1.811252961425155134e-21
4.784202384325906721e+00 1.178326759412719880e-20 1.959915130692149998e-21
4.784867384325478312e+00 8.847440504457846235e-21 2.170861081183386963e-21
4.785532384325049904e+00 2.381199346934363082e-21 2.387220627467131128e-21
4.786197384324621495e+00 2.390203013133507405e-21 2.529658658779866629e-21
4.786862384324193087e+00 5.478161305844222185e-21 2.217069816663721568e-21
4.787527384323764679e+00 -1.691527909077763702e-21 2.033600797621825934e-21
4.788192384323336270e+00 -4.546911193385346380e-21 2.120832886923653457e-21
4.788857384322907862e+00 1.153016965488599329e-20 2.148263836545903937e-21
4.789522384322479454e+00 5.583987048120375265e-21 2.057539214691345190e-21
4.790187384322051045e+00 6.072481751513240349e-21 2.339863305428108404e-21
4.790852384321622637e+00 4.105050132860667738e-21 2.207876095929120126e-21
4.791517384321194228e+00 1.955020653795910879e-21 2.191215020400224530e-21
4.792182384320765820e+00 -2.577864327756193828e-21 2.245369579652360750e-21
4.792847384320337412e+00 -3.609711666933027555e-21 2.140593132099265238e-21
4.793512384319909003e+00 4.292994922828628916e-21 2.065709048508467638e-21
4.794177384319480595e+00 9.730953946872676112e-21 2.153198072479662268e-21
4.794842384319052186e+00 5.219174390876785722e-21 2.347721384099100486e-21
4.795507384318623778e+00 1.647696546147572544e-21 2.392644235856394268e-21
4.796172384318195370e+00 8.688264561188650889e-21 2.127391520565337723e-21
4.796837384317766961e+00 8.705793729981969207e-21 2.624833032766129327e-21
4.797502384317338553e+00 -8.339836426545655180e-21 2.097294259453324594e-21
4.798167384316910145e+00 -3.234692788854761734e-21 1.863537282286491797e-21
4.798832384316481736e+00 2.307556189192983796e-21 2.147552706930978980e-21
4.799497384316053328e+00 3.370131142970865447e-22 2.088218996628455198e-21
4.800162384315624919e+00 1.746068019613253027e-21 1.795242513981145240e-21
4.800827384315196511e+00 1.136472273706711446e-20 1.992873949818182699e-21
4.801492384314768103e+00 1.016922136681514952e-20 2.153940789194895181e-21
4.802157384314339694e+00 6.435037993212976632e-21 2.036276319487625895e-21
4.802822384313911286e+00 7.167754612691954048e-21 1.859969670452654198e-21
4.803487384313482877e+00 1.118577068681980854e-20 2.163284475966833423e-21
4.804152384313054469e+00 1.672935202296638513e-20 2.049756582125347520e-21
4.804817384312626061e+00 1.080358933002700206e-20 1.960557733161631625e-21
4.805482384312197652e+00 4.897477063555758556e-21 1.752910219814303523e-21
4.806147384311769244e+00 2.055687093138607550e-21 1.974343101403260214e-21
4.806812384311340836e+00 9.214793163429276541e-21 2.036791536632181369e-21
4.807477384310912427e+00 4.947753045623717923e-21 1.853143838495832302e-21
4.808142384310484019e+00 1.718636143879889252e-21 1.984043046498123988e-21
4.808807384310055610e+00 4.868723701411882682e-21 2.036832322836403983e-21
4.809472384309627202e+00 3.475707536247120634e-21 1.965215131792118138e-21
4.810137384309198794e+00 -5.761479732639540222e-21 2.090179681595680123e-21
4.810802384308770385e+00 -2.736518018035573496e-22 2.064538245297223567e-21
4.811467384308341977e+00 5.103207024793032443e-21 1.993431671657484042e-21
4.812132384307913568e+00 1.008009811429450144e-20 1.885461384798182746e-21
4.812797384307485160e+00 4.449207530389994071e-21 1.937019082240831812e-21
4.813462384307056752e+00 4.478564186806847144e-21 1.887825847460321152e-21
4.814127384306628343e+00 1.032374811483425779e-20 2.117201742737829371e-21
4.814792384306199935e+00 4.980328612973402670e-21 1.837797422936694642e-21
4.815457384305771527e+00 -1.069054700300295734e-20 1.918113736026865792e-21
4.816122384305343118e+00 3.547846334764738458e-21 2.004768244450470352e-21
4.816787384304914710e+00 1.251950041802587103e-21 2.174223658667024493e-21
4.817452384304486301e+00 5.460744603555814278e-21 2.378092147592939258e-21
4.818117384304057893e+00 8.150769192796022840e-21 2.355725998788540992e-21
4.818782384303629485e+00 7.421814290113831193e-21 1.979264118599822430e-21
4.819447384303201076e+00 4.616592370233881035e-21 1.921152916269922589e-21
4.820112384302772668e+00 2.303405177564519482e-21 2.061516733275634022e-21
4.820777384302344259e+00 5.363854034181353387e-21 2.290489567683569124e-21
4.821442384301915851e+00 9.511391321036117644e-21 1.971876756113117475e-21
4.822107384301487443e+00 7.963123455182660370e-21 1.967006038861852844e-21
4.822772384301059034e+00 1.328774615430005981e-20 2.213170114024073536e-21
4.823437384300630626e+00 -1.610881623608014624e-21 1.789217239580592409e-21
4.824102384300202218e+00 -6.217117307639860490e-21 2.096346303554694927e-21
4.824767384299773809e+00 4.690782010098603697e-21 2.076005782722180109e-21
4.825432384299345401e+00 8.095166192714034406e-21 2.478743626668868257e-21
4.826097384298916992e+00 5.663578025342474607e-21 2.112909976303407168e-21
4.826762384298488584e+00 1.518624875007176501e-20 2.030137476254676588e-21
4.827427384298060176e+00 5.392949860279919137e-21 2.280289511284263215e-21
4.828092384297631767e+00 -9.992059281462179908e-22 2.099205183781949710e-21
4.828757384297203359e+00 2.905209225133557065e-21 2.054068988988190582e-21
4.829422384296774950e+00 7.821412751745171439e-21 2.371984464077154231e-21
4.830087384296346542e+00 9.511287174368070487e-21 2.123342363397442495e-21
4.830752384295918134e+00 7.028113175946477423e-21 1.837392494438502603e-21
4.831417384295489725e+00 8.356534104163913384e-21 2.062058450610086339e-21
4.832082384295061317e+00 5.520618029637369532e-21 1.866331869276255344e-21
4.832747384294632909e+00 4.912015160435168485e-21 1.967828705971355586e-21
4.833412384294204500e+00 1.115147636017116477e-20 1.846642430829654656e-21
4.834077384293776092e+00 -1.756786842544331623e-21 2.188855332784299134e-21
4.834742384293347683e+00 -1.876255805503675913e-22 1.841983951532770764e-21
4.835407384292919275e+00 -9.524008761055885939e-22 1.985592078561465116e-21
4.836072384292490867e+00 -3.152914005722038115e-21 1.997116218990744910e-21
4.836737384292062458e+00 5.527440329762840534e-22 2.154001038128367809e-21
4.837402384291634050e+00 7.953457278253035242e-21 2.561033100739936619e-21
4.838067384291205641e+00 9.489695352182984597e-21 2.069788182714920477e-21
4.838732384290777233e+00 1.687624274815804582e-20 2.350704375748458655e-21
4.839397384290348825e+00 3.567503238673040498e-21 1.896035935718227405e-21
4.840062384289920416e+00 -4.913918351395475603e-21 1.855901725985539280e-21
4.840727384289492008e+00 1.084242780107015450e-20 2.385343048287433097e-21
4.841392384289063600e+00 1.300360538717120514e-20 2.146068853318383873e-21
4.842057384288635191e+00 1.282428738485717439e-20 2.075847143658654005e-21
4.842722384288206783e+00 1.369230749114224495e-20 2.190157781758311442e-21
4.843387384287778374e+00 1.079345676134986945e-20 2.151404315776976322e-21
4.844052384287349966e+00 1.569717693830577249e-20 1.742825141530041190e-21
4.844717384286921558e+00 6.356629882126655260e-21 2.003746533362835200e-21
4.845382384286493149e+00 -5.579965367290460854e-22 2.270153725478641312e-21
4.846047384286064741e+00 5.009952075526686521e-21 2.372889390103888425e-21
4.846712384285636332e+00 -1.699022026492443565e-21 2.549907739157260182e-21
4.847377384285207924e+00 6.379073238441643648e-22 2.267378813272080069e-21
4.848042384284779516e+00 1.307609640254820008e-21 2.284228384157630448e-21
4.848707384284351107e+00 4.083498129326501001e-22 1.940961303724483823e-21
4.849372384283922699e+00 -9.697859343626424700e-24 2.518920087911828204e-21
4.850037384283494291e+00 1.628145977408075865e-20 2.518202941944658666e-21
4.850702384283065882e+00 -3.308525809119640966e-21 2.418028713668167876e-21
4.851367384282637474e+00 1.311720604773597532e-20 3.828947617564858193e-21
4.852032384282209065e+00 5.424765439880675624e-21 2.227856489495092284e-21
4.852697384281780657e+00 4.994623145598824086e-21 2.368024836018669031e-21
4.853362384281352249e+00 3.348569178032473579e-21 2.671105059919224196e-21
4.854027384280923840e+00 -5.983273034236940686e-21 2.068954153970362356e-21
4.854692384280495432e+00 2.201705802870573884e-21 2.621040344379224672e-21
4.855357384280067023e+00 -6.739767787552777418e-21 1.871898560192946890e-21
4.856022384279638615e+00 -4.332034678981799671e-21 2.454455621764983082e-21
4.856687384279210207e+00 -1.221706976916815841e-20 2.539618582151743324e-21
4.857352384278781798e+00 -1.959574777220186108e-21 2.591645221287858919e-21
4.858017384278353390e+00 6.966986349970818834e-21 2.470118182910617625e-21
4.858682384277924982e+00 4.087386139833193733e-21 2.597310405037040193e-21
4.859347384277496573e+00 1.216660581285451333e-20 2.800250391668494779e-21
4.860012384277068165e+00 4.738121890424521882e-21 2.634028767804307726e-21
4.860677384276639756e+00 1.635141207220129991e-20 3.654173760742671548e-21
4.861342384276211348e+00 8.684196820853290915e-21 2.969073347615233007e-21
4.862007384275782940e+00 3.459190642888522941e-21 1.946787482034081071e-21
4.862672384275354531e+00 4.522544170661626258e-21 2.168839371734437516e-21
4.863337384274926123e+00 6.594223584117378027e-21 2.528377904281883222e-21
4.864002384274497715e+00 1.120537515486534361e-20 2.202511871895845055e-21
4.864667384274069306e+00 7.369652630382855180e-21 2.435544940508010153e-21
4.865332384273640898e+00 -1.493715804483089641e-21 2.190137375177488577e-21
4.865997384273212489e+00 2.633532335178661858e-21 2.347655468679001497e-21
4.866662384272784081e+00 3.435427368891456073e-21 2.011126359291999036e-21
4.867327384272355673e+00 1.519032269093065453e-20 2.577224726114513864e-21
4.867992384271927264e+00 -3.307847242185940565e-21 2.132293611942632083e-21
4.868657384271498856e+00 -9.836091107851823766e-22 2.415858522487856418e-21
4.869322384271070447e+00 7.276813034014156424e-21 1.999553095304811525e-21
4.869987384270642039e+00 2.661101103802808866e-21 1.886550488455915403e-21
4.870652384270213631e+00 -9.461104808108828876e-23 2.125320067599889847e-21
4.871317384269785222e+00 -4.312741230805082428e-21 2.072485321078393233e-21
4.871982384269356814e+00 -7.908041255383310592e-21 2.374525288432459181e-21
4.872647384268928406e+00 -2.580643354384337255e-21 2.060486359686934332e-21
4.873312384268499997e+00 2.060597246566334084e-23 2.324945439596389874e-21
4.873977384268071589e+00 3.714727906764876031e-21 2.159267646728960934e-21
4.874642384267643180e+00 7.339709874802130704e-21 2.254366866507450938e-21
4.875307384267214772e+00 -2.688559172993562124e-21 2.020170285206280415e-21
4.875972384266786364e+00 3.591927292982042748e-21 2.236674331972776660e-21
4.876637384266357955e+00 5.173566109666124916e-22 2.211668304152186429e-21
4.877302384265929547e+00 3.914623868652410973e-21 2.173377060203967753e-21
4.877967384265501138e+00 6.350776559546473194e-21 2.528672272452108185e-21
4.878632384265072730e+00 -1.404286844593907376e-22 2.089623966233321756e-21
4.879297384264644322e+00 3.550874748455553742e-21 1.935981885410678240e-21
4.879962384264215913e+00 8.708334108655972395e-21 2.618775509153865688e-21
4.880627384263787505e+00 8.003338955990328971e-21 2.121825784227031167e-21
4.881292384263359097e+00 2.854549896807757556e-21 2.302541850065295122e-21
4.881957384262930688e+00 -7.195119952303311323e-21 2.186723229232677820e-21
4.882622384262502280e+00 -9.827903160210387995e-22 3.664559655661482633e-21
4.883287384262073871e+00 -2.621473927812097430e-21 2.066621553295737982e-21
4.883952384261645463e+00 4.739246714479435884e-21 2.245199039960637555e-21
4.884617384261217055e+00 1.152564489167576732e-20 2.264486684711087474e-21
4.885282384260788646e+00 1.142981434551478379e-20 2.295451445637298081e-21
4.885947384260360238e+00 1.432499221954846522e-20 2.237392766808278367e-21
4.886612384259931829e+00 4.361374818925119522e-21 2.098943202676296074e-21
4.887277384259503421e+00 1.563151043791915874e-20 1.942990166179492163e-21
4.887942384259075013e+00 1.576737551670019686e-21 2.601321519093949303e-21
4.888607384258646604e+00 -4.506558466704569916e-21 2.305568380951228974e-21
4.889272384258218196e+00 5.180933270378636766e-22 2.141761840218486096e-21
4.889937384257789788e+00 7.839140577899811785e-21 2.359099274525908201e-21
4.890602384257361379e+00 9.687593011265281450e-21 2.268509020552815141e-21
4.891267384256932971e+00 9.767040980261939565e-21 1.949304413559691108e-21
4.891932384256504562e+00 9.580069730610345146e-21 2.213494542295297880e-21
4.892597384256076154e+00 6.941839046329696318e-21 2.280397653331061302e-21
4.893262384255647746e+00 3.276069465593784440e-21 2.053491354214559739e-21
4.893927384255219337e+00 4.454345748432958876e-21 2.075369344607238474e-21
4.894592384254790929e+00 6.890648857387987331e-22 2.102195724618504373e-21
4.895257384254362520e+00 5.272805354471103386e-23 2.050284381438681439e-21
4.895922384253934112e+00 -7.345643872302411166e-22 3.539310011837834030e-21
4.896587384253505704e+00 4.901462311384639045e-21 2.582185203390091740e-21
4.897252384253077295e+00 -4.047831673641172949e-21 2.317639462808019626e-21
4.897917384252648887e+00 -1.443911313702317179e-21 2.250765304607557627e-21
4.898582384252220479e+00 -3.951626675342767287e-21 2.461692752850901838e-21
4.899247384251792070e+00 -3.159181853875205974e-22 2.401936037139180385e-21
4.899912384251363662e+00 -2.178794183617950254e-21 2.112525708036216947e-21
4.900577384250935253e+00 -1.423716269083769374e-21 2.277535855524203322e-21
4.901242384250506845e+00 -9.237662255073500214e-22 2.067204865921143640e-21
4.901907384250078437e+00 -3.007952627580761070e-21 1.875950713739463867e-21
4.902572384249650028e+00 -8.737003462864774602e-21 5.346650360695540621e-21
4.903237384249221620e+00 5.046546140098795340e-21 2.969740067345403286e-21
4.903902384248793211e+00 5.563441147431046045e-21 2.508715066799228242e-21
4.904567384248364803e+00 2.105373470040989052e-21 7.202059083899497247e-21
4.905232384247936395e+00 4.086079182816209488e-21 2.005832300777792743e-21
4.905897384247507986e+00 5.525092434791689178e-21 2.533916963893592878e-21
4.906562384247079578e+00 1.504198420384477972e-21 2.197277223700857828e-21
4.907227384246651170e+00 6.458199806322714759e-21 2.270815220419760712e-21
4.907892384246222761e+00 8.035954252262460026e-21 2.129783832922554316e-21
4.908557384245794353e+00 9.350398938460583246e-21 2.737497095692629147e-21
4.909222384245365944e+00 3.429768439561392033e-22 2.160679278116735375e-21
4.909887384244937536e+00 -1.104403006209946549e-21 2.063210867671762015e-21
4.910552384244509128e+00 -2.950430120840530872e-21 1.988892439588910971e-21
4.911217384244080719e+00 -7.017692675509305405e-21 2.432309297480361392e-21
4.911882384243652311e+00 -2.657785728047797997e-21 2.179677070835985041e-21
4.912547384243223902e+00 -1.023217389045667542e-20 2.381844359979850977e-21
4.913212384242795494e+00 -4.746674437606850050e-21 2.369051441923245394e-21
4.913877384242367086e+00 3.309981829392965217e-21 2.477179076054903074e-21
4.914542384241938677e+00 -1.353403609602098791e-21 2.000426340289408826e-21
4.915207384241510269e+00 1.689324499482558773e-21 2.272194979665930519e-21
4.915872384241081861e+00 4.436128568787430837e-21 2.196997026659711723e-21
4.916537384240653452e+00 -8.928688190491085327e-22 1.925127937252932688e-21
4.917202384240225044e+00 4.982376424767150394e-21 1.972915256124672201e-21
4.917867384239796635e+00 1.314123349688938972e-21 1.930489751979007522e-21
4.918532384239368227e+00 7.088294943772911424e-21 2.082847469738278391e-21
4.919197384238939819e+00 5.069619751247602927e-21 2.175221226466094955e-21
4.919862384238511410e+00 -1.565983565719758741e-21 2.657912014123913461e-21
4.920527384238083002e+00 2.078107350207224649e-21 2.227819412135560071e-21
4.921192384237654593e+00 2.736539457586440047e-21 1.968437143040126041e-21
4.921857384237226185e+00 1.819481620110426952e-21 2.266905608323524517e-21
4.922522384236797777e+00 1.998908411274832170e-21 2.138240948621432503e-21
4.923187384236369368e+00 1.089081835341240447e-20 2.311883708171579159e-21
4.923852384235940960e+00 1.763518118078147035e-20 2.308049635221873059e-21
4.924517384235512552e+00 1.421898503893328318e-20 2.069286556913579853e-21
4.925182384235084143e+00 2.770835107617427169e-20 2.165463584639785412e-21
4.925847384234655735e+00 8.761149703891167694e-21 2.325135715300225128e-21
4.926512384234227326e+00 7.756989849574813944e-21 2.411170455451830171e-21
4.927177384233798918e+00 3.837396108365888640e-21 2.352356760858423569e-21
4.927842384233370510e+00 9.003613179298504093e-22 3.036998214556577930e-21
4.928507384232942101e+00 1.769853087861556977e-20 2.164304653266077896e-21
4.929172384232513693e+00 1.727989005245104548e-20 2.122412125299157978e-21
4.929837384232085284e+00 -2.032238465838129049e-21 2.419424462573699658e-21
4.930502384231656876e+00 5.411652409929336558e-21 2.137012523113150690e-21
4.931167384231228468e+00 6.695501982624334674e-21 2.524334066012339082e-21
4.931832384230800059e+00 1.159787793844123597e-20 2.272396559381144294e-21
4.932497384230371651e+00 1.043903490820020519e-20 2.159413784544301480e-21
4.933162384229943243e+00 1.546202130431478465e-20 2.657091331739331023e-21
4.933827384229514834e+00 9.047441065215727644e-21 2.287859112640591103e-21
4.934492384229086426e+00 4.053493137646239459e-21 5.118959706060760685e-21
4.935157384228658017e+00 -1.570558125544708376e-21 2.446506116396740889e-21
4.935822384228229609e+00 -1.084703167865636656e-22 2.488937451567344914e-21
4.936487384227801201e+00 6.622451218406169606e-21 2.075630838418059280e-21
4.937152384227372792e+00 1.335310209659867584e-20 2.237758157882476815e-21
4.937817384226944384e+00 7.478964155070884075e-21 2.265497968956905082e-21
4.938482384226515975e+00 4.554968408500966755e-21 2.247353495349970093e-21
4.939147384226087567e+00 3.571828181834474803e-21 2.154152295471600168e-21
4.939812384225659159e+00 -3.432272583272639973e-21 2.268558549174057522e-21
4.940477384225230750e+00 8.309592941983886370e-21 2.422305821478575022e-21
4.941142384224802342e+00 1.940113448537642829e-21 2.201089237204187548e-21
4.941807384224373934e+00 1.148562966968058851e-20 2.762291654249687192e-21
4.942472384223945525e+00 -2.542458034740791652e-21 2.516737249692557058e-21
4.943137384223517117e+00 3.718432740149549077e-21 2.264465514620009620e-21
4.943802384223088708e+00 4.711395928227112424e-21 2.093446203971808723e-21
4.944467384222660300e+00 -9.396695955058687424e-22 2.419113301115643499e-21
4.945132384222231892e+00 1.091574165461304937e-21 2.556441399224604480e-21
4.945797384221803483e+00 2.566483887520946366e-21 3.143648093088164091e-21
4.946462384221375075e+00 4.312822245016568706e-21 2.387557179696161509e-21
4.947127384220946666e+00 4.696389314432731671e-21 2.385029789647019329e-21
4.947792384220518258e+00 9.322774709625311609e-21 2.353036997244019008e-21
4.948457384220089850e+00 1.371409431458653689e-20 2.183334763286401358e-21
4.949122384219661441e+00 7.459447372721683727e-21 2.269661990396529963e-21
4.949787384219233033e+00 9.364287151257111747e-21 2.506517544386266175e-21
4.950452384218804625e+00 6.780859155431173429e-21 2.146858120865761621e-21
4.951117384218376216e+00 6.955754385605567971e-21 2.734124151321423271e-21
4.951782384217947808e+00 5.795911359306521509e-21 2.518438188936845173e-21
4.952447384217519399e+00 -1.625456527844924279e-21 2.728747674931711498e-21
4.953112384217090991e+00 2.648941337767945444e-21 2.314552732401275014e-21
4.953777384216662583e+00 5.048428726109707883e-21 2.570203976072377713e-21
4.954442384216234174e+00 -2.309027860100323031e-21 2.158132160517944712e-21
4.955107384215805766e+00 6.864873528597016798e-21 2.190557961196568303e-21
4.955772384215377357e+00 -1.575958943015379623e-21 2.404063423259345707e-21
4.956437384214948949e+00 -2.985134416455039840e-21 2.184701700450877848e-21
4.957102384214520541e+00 -4.616504190486367678e-21 2.016838841587054206e-21
4.957767384214092132e+00 3.192776622711590535e-21 2.267844038029093509e-21
4.958432384213663724e+00 -7.108728058547711005e-21 2.224528957663574797e-21
4.959097384213235316e+00 6.493528320416259778e-21 2.409531250507579157e-21
4.959762384212806907e+00 5.371343101021529073e-21 2.217709893373314262e-21
4.960427384212378499e+00 5.931773099600461800e-21 2.060254792575419547e-21
4.961092384211950090e+00 -1.079153178015119392e-22 2.067819454115159295e-21
4.961757384211521682e+00 5.718313389037381096e-21 2.266496466684931991e-21
4.962422384211093274e+00 -8.924216586781309288e-22 2.081646814126357513e-21
4.963087384210664865e+00 4.796231240272995431e-22 2.227775729189776408e-21
4.963752384210236457e+00 9.010475405613294228e-21 2.375865014350092994e-21
4.964417384209808048e+00 9.097970307641458224e-21 2.241601335746355561e-21
4.965082384209379640e+00 5.694247094474150066e-21 2.496971874353132054e-21
4.965747384208951232e+00 8.678437841810245944e-21 2.207224411036704824e-21
4.966412384208522823e+00 4.648771754962524138e-21 2.036237042815818233e-21
4.967077384208094415e+00 1.706926048653802428e-20 2.195065721101308939e-21
4.967742384207666007e+00 1.879497066326163044e-20 2.185255435121605923e-21
4.968407384207237598e+00 8.381065639987927389e-21 2.462450786442654476e-21
4.969072384206809190e+00 8.741004991290016005e-21 2.376631327898898072e-21
4.969737384206380781e+00 1.178246176636089638e-20 2.076580415343068418e-21
4.970402384205952373e+00 1.466282626699027650e-21 2.266095281656897276e-21
4.971067384205523965e+00 8.563754287787922589e-21 2.151532115679802765e-21
4.971732384205095556e+00 3.322511146941476931e-21 2.322406325260686683e-21
4.972397384204667148e+00 1.414549265272829458e-20 3.188552881498889686e-21
4.973062384204238739e+00 8.255641164811291993e-21 2.030825373558243053e-21
4.973727384203810331e+00 2.597344843600380840e-21 2.057337708421141083e-21
4.974392384203381923e+00 1.624082495768925722e-21 2.541672007176534299e-21
4.975057384202953514e+00 5.098685003584254340e-21 2.211031869227676769e-21
4.975722384202525106e+00 9.305920676311548155e-21 2.642285669535491191e-21
4.976387384202096698e+00 2.081017773548795681e-20 2.412843236932035158e-21
4.977052384201668289e+00 1.525025743620040057e-20 2.262738381057560956e-21
4.977717384201239881e+00 3.473327229852927018e-21 2.417571038569587995e-21
4.978382384200811472e+00 -1.162467421892417989e-21 2.106711949358421654e-21
4.979047384200383064e+00 -3.458307085746435001e-21 2.318297513113008490e-21
4.979712384199954656e+00 4.211042682169531614e-21 2.400861409699718046e-21
4.980377384199526247e+00 -6.406960728674852975e-21 1.895885955602255443e-21
4.981042384199097839e+00 8.651422345152915078e-21 2.086235487784887611e-21
4.981707384198669430e+00 5.878407686806971365e-21 2.049513560141608570e-21
4.982372384198241022e+00 1.439213645590689177e-20 1.970608576958855767e-21
4.983037384197812614e+00 8.321035406981246457e-21 2.337458871436041286e-21
4.983702384197384205e+00 1.129600254615079056e-20 2.144455894615169484e-21
4.984367384196955797e+00 -2.138891684282828746e-21 2.497714548169439288e-21
4.985032384196527389e+00 -7.805547199697362382e-22 2.442227261768363942e-21
4.985697384196098980e+00 1.480664786031651031e-20 2.621950478964760632e-21
4.986362384195670572e+00 1.755239728677163526e-20 2.373829227192320577e-21
4.987027384195242163e+00 9.778778476643084512e-21 2.064463579655078862e-21
4.987692384194813755e+00 7.856476007740373597e-21 2.614466626424019640e-21
4.988357384194385347e+00 5.712403691447814165e-21 2.388600055414858609e-21
4.989022384193956938e+00 2.529915297937112606e-21 2.255439517782411152e-21
4.989687384193528530e+00 2.161532552317170231e-21 2.156548962930162322e-21
4.990352384193100121e+00 4.357081151775357278e-21 2.258744316555298877e-21
4.991017384192671713e+00 -1.874135103220130125e-21 1.929524159016149717e-21
4.991682384192243305e+00 7.540584517066026375e-21 2.347263814510025328e-21
4.992347384191814896e+00 3.539358867412514920e-21 2.443313651314973495e-21
4.993012384191386488e+00 4.363281303707696321e-21 2.113666672450049834e-21
4.993677384190958080e+00 4.300709146545430023e-21 2.628087399526335198e-21
4.994342384190529671e+00 -3.413745612844250156e-21 2.555375428873683754e-21
4.995007384190101263e+00 1.017699288101604176e-21 2.756113025904638082e-21
4.995672384189672854e+00 -2.918957254064028906e-22 2.679113357156923181e-21
4.996337384189244446e+00 9.612631132733093876e-21 2.763913285767430809e-21
4.997002384188816038e+00 1.707874732509629105e-20 2.288354026174327303e-21
4.997667384188387629e+00 1.724270612816633784e-20 2.072668731313007302e-21
4.998332384187959221e+00 1.051655658620626916e-20 2.561632780776977820e-21
4.998997384187530812e+00 5.633767990557598871e-21 2.442049572951207688e-21
4.999662384187102404e+00 4.104919522139758375e-22 2.202084696562032060e-21
5.000327384186673996e+00 1.522999559489292483e-21 2.485362870101628226e-21
5.000992384186245587e+00 9.006327723356210545e-23 2.093947290994567515e-21
5.001657384185817179e+00 7.808104258910585749e-22 1.945976385283078729e-21
5.002322384185388771e+00 8.431863140051947810e-21 2.292563002028570283e-21
5.002987384184960362e+00 5.266483946984240394e-21 2.588779449253089135e-21
5.003652384184531954e+00 3.646773943424271054e-21 2.730524509843246998e-21
5.004317384184103545e+00 3.950992989897793184e-21 2.382293580231669327e-21
5.004982384183675137e+00 -1.594303114746781216e-21 2.151957288097417454e-21
5.005647384183246729e+00 4.654751079290555413e-21 2.980444146229175741e-21
5.006312384182818320e+00 2.307337263952853218e-21 2.911339503927932553e-21
5.006977384182389912e+00 -4.673206724161495609e-21 2.374642460465742704e-21
5.007642384181961503e+00 2.312618401631131843e-21 2.442240491762742081e-21
5.008307384181533095e+00 7.079325139320245304e-21 2.545497931494813852e-21
5.008972384181104687e+00 3.453115435275675851e-21 2.210192279767145965e-21
5.009637384180676278e+00 3.482084986617122237e-21 2.419716307752880093e-21
5.010302384180247870e+00 3.332821207960765777e-21 2.255773762155944788e-21
5.010967384179819462e+00 4.491164551078370612e-21 2.392338683089442375e-21
5.011632384179391053e+00 5.174937602364551715e-21 2.564301212544681077e-21
5.012297384178962645e+00 8.669661278758910919e-21 2.523620829577454433e-21
5.012962384178534236e+00 3.496688168911848681e-21 2.372606549380112897e-21
5.013627384178105828e+00 8.013272949871696667e-21 2.158137563143617488e-21
5.014292384177677420e+00 1.246841769270170016e-20 2.509705877941259069e-21
5.014957384177249011e+00 1.695554284443534406e-20 2.562710481551638450e-21
5.015622384176820603e+00 1.496016083917928338e-20 2.456082572901747231e-21
5.016287384176392194e+00 5.792610816742376709e-21 2.217038532423879445e-21
5.016952384175963786e+00 6.991485003098410101e-21 1.950588387884376234e-21
5.017617384175535378e+00 6.557645545754430881e-21 2.208303868785773836e-21
5.018282384175106969e+00 1.426117509910234271e-20 2.577929975368843961e-21
5.018947384174678561e+00 1.238113726687898628e-20 2.213081729525375383e-21
5.019612384174250153e+00 2.406323666219311277e-21 2.412574593224544528e-21
5.020277384173821744e+00 -8.602729732083854345e-21 2.415791270536552750e-21
5.020942384173393336e+00 3.000855164730191865e-21 2.452972183260158238e-21
5.021607384172964927e+00 5.536555691219270142e-21 2.229951323674722041e-21
5.022272384172536519e+00 9.844712686759167112e-21 2.529056749300071139e-21
5.022937384172108111e+00 5.291559697927102266e-21 2.179206805953691554e-21
5.023602384171679702e+00 4.681682285110994267e-21 2.258532368758965308e-21
5.024267384171251294e+00 3.142763687195298574e-21 2.237323459616057292e-21
5.024932384170822885e+00 2.631873640142165080e-21 2.296292975819162757e-21
5.025597384170394477e+00 1.496074541304321344e-20 2.200732152455040192e-21
5.026262384169966069e+00 1.090352594813965938e-20 1.940621583373448899e-21
5.026927384169537660e+00 2.998563006246759647e-21 2.058029773521605121e-21
5.027592384169109252e+00 8.409835801489572630e-22 1.994261543541693131e-21
5.028257384168680844e+00 5.901609402870785989e-21 2.057591987108383832e-21
5.028922384168252435e+00 1.313446242920757620e-20 2.259194470719795440e-21
5.029587384167824027e+00 7.870420828241446845e-21 2.167793229334560611e-21
5.030252384167395618e+00 1.234917341985048379e-20 2.518763044609448213e-21
5.030917384166967210e+00 4.968155884402280127e-21 2.851780137142751048e-21
5.031582384166538802e+00 -6.897572342791731515e-21 2.621794433873137342e-21
5.032247384166110393e+00 1.543543752339405482e-21 2.300092893039505671e-21
5.032912384165681985e+00 -2.033077492133951303e-23 2.104589945950891552e-21
5.033577384165253576e+00 2.347084297254242889e-21 2.412950102842610657e-21
5.034242384164825168e+00 1.267146450847383183e-22 2.115020811775789144e-21
5.034907384164396760e+00 2.876509180682948440e-21 2.123014301367015955e-21
5.035572384163968351e+00 8.604826210629525090e-21 2.135290870520018879e-21
5.036237384163539943e+00 6.528952676932677310e-21 2.004608442750368054e-21
5.036902384163111535e+00 3.961302218556005049e-22 2.202844263193640134e-21
5.037567384162683126e+00 -2.883625103979928879e-21 2.371022924569660806e-21
5.038232384162254718e+00 6.212446276880371684e-21 2.043886196808256571e-21
5.038897384161826309e+00 9.204189034527189543e-21 2.063028395428502667e-21
5.039562384161397901e+00 -2.390549185328497764e-21 2.360975603780974590e-21
5.040227384160969493e+00 7.179469441584772277e-21 2.013789847346539586e-21
5.040892384160541084e+00 -4.937415708395437112e-22 2.350697243364466170e-21
5.041557384160112676e+00 1.637173021834070617e-21 2.293949187784783957e-21
5.042222384159684268e+00 6.959518453569629714e-21 2.008338444600166036e-21
5.042887384159255859e+00 8.364283407190703344e-21 2.000908270811309040e-21
5.043552384158827451e+00 8.417436769091423079e-21 2.243451212533297971e-21
5.044217384158399042e+00 7.914271042978389148e-21 2.432106613502444639e-21
5.044882384157970634e+00 8.143951393946985959e-21 1.959218723169246541e-21
5.045547384157542226e+00 -8.565605078789717044e-21 2.257506491203445367e-21
5.046212384157113817e+00 6.708457104066043641e-21 2.280679535588886639e-21
5.046877384156685409e+00 1.411304168034546517e-20 2.426041658372297443e-21
5.047542384156257000e+00 7.859073067621314132e-21 2.051857172640149470e-21
5.048207384155828592e+00 1.902917393293555131e-20 2.095642534704483794e-21
5.048872384155400184e+00 1.143268061530606381e-20 2.629150110506281765e-21
5.049537384154971775e+00 1.175944577307987886e-20 2.209823799788572557e-21
5.050202384154543367e+00 4.122760463393339735e-21 2.034218390308574336e-21
5.050867384154114959e+00 2.798959549459210586e-20 2.496384488852870338e-21
5.051532384153686550e+00 1.061411537182305461e-20 2.368984887899902122e-21
5.052197384153258142e+00 7.958580766690155085e-21 2.263817693473315734e-21
5.052862384152829733e+00 3.427229751391159925e-21 2.141141404855415436e-21
5.053527384152401325e+00 1.246119627680281534e-20 2.203185433172823209e-21
5.054192384151972917e+00 1.648497713697045613e-21 2.350582943293480015e-21
5.054857384151544508e+00 1.586811962076244191e-20 2.512970432785253382e-21
5.055522384151116100e+00 5.176087321130675481e-21 1.939078935337804983e-21
5.056187384150687691e+00 9.293904066001582503e-21 2.134441366464528225e-21
5.056852384150259283e+00 2.171318455591416339e-20 2.316857296668874652e-21
5.057517384149830875e+00 1.720435482940593409e-20 2.475192973462282704e-21
5.058182384149402466e+00 1.363310191742382157e-20 2.418740028774858567e-21
5.058847384148974058e+00 6.796788122885301643e-21 2.712310299250052730e-21
5.059512384148545650e+00 5.558302469823354996e-21 2.113293134270247351e-21
5.060177384148117241e+00 -3.940200948898038167e-21 2.202206418084894629e-21
5.060842384147688833e+00 7.698348779783635122e-21 2.420522022092053022e-21
5.061507384147260424e+00 8.629241283350847607e-22 2.121326836060755999e-21
5.062172384146832016e+00 1.608087567651296829e-20 2.877126733156498527e-21
5.062837384146403608e+00 7.260213437386866978e-21 3.029563578722005068e-21
5.063502384145975199e+00 1.771694756012610661e-21 3.384503092014281795e-21
5.064167384145546791e+00 2.333200984487202297e-21 2.736119495322081956e-21
5.064832384145118382e+00 -3.049491071598242297e-21 2.141046547712756065e-21
5.065497384144689974e+00 7.143488993955674324e-21 2.358269514048075948e-21
5.066162384144261566e+00 -1.659240871754388157e-21 2.301681212063552259e-21
5.066827384143833157e+00 -9.091688079480811503e-21 2.433084156737398632e-21
5.067492384143404749e+00 -2.851811099519658177e-22 2.431516162171696789e-21
5.068157384142976341e+00 -1.806533849963052731e-21 2.310789692046670287e-21
5.068822384142547932e+00 9.141618491870928841e-22 2.310207944431324676e-21
5.069487384142119524e+00 2.834746972592807606e-21 2.367946039564321369e-21
5.070152384141691115e+00 1.337000786149442076e-20 2.511827064442139640e-21
5.070817384141262707e+00 1.702131094086995276e-20 2.441443261583034467e-21
5.071482384140834299e+00 6.879896974745279617e-21 3.075666960622392085e-21
5.072147384140405890e+00 1.657125523344937580e-20 2.148242109358941970e-21
5.072812384139977482e+00 1.058201263831362077e-20 2.271563471183154531e-21
5.073477384139549073e+00 5.138296505853569923e-21 2.234962443763794640e-21
5.074142384139120665e+00 6.700491121819255065e-21 2.291134564955857037e-21
5.074807384138692257e+00 1.276598945527910902e-20 2.548157319875220408e-21
5.075472384138263848e+00 1.093278323103796795e-21 2.718543526829873933e-21
5.076137384137835440e+00 3.147580088805746077e-22 2.587719527274066229e-21
5.076802384137407032e+00 1.053158552000258718e-20 3.491444492355303425e-21
5.077467384136978623e+00 8.634235750011171943e-21 2.789355057642303825e-21
5.078132384136550215e+00 4.341866906157880573e-21 2.393655811991897642e-21
5.078797384136121806e+00 -1.845063765133425560e-21 2.579729301880394885e-21
5.079462384135693398e+00 -6.030589778749093085e-22 2.411130017601471204e-21
5.080127384135264990e+00 1.441808961623640240e-20 2.656308755029482805e-21
5.080792384134836581e+00 2.426176831275304125e-21 2.128910593714836169e-21
5.081457384134408173e+00 1.485983367046314593e-21 2.383879667609200865e-21
5.082122384133979764e+00 1.099178265987999848e-20 2.310890961820784179e-21
5.082787384133551356e+00 1.135790566970717131e-20 1.979296304585229875e-21
5.083452384133122948e+00 1.313289332199173519e-20 2.078956196507917953e-21
5.084117384132694539e+00 -9.676372540173816533e-22 2.549653370905675289e-21
5.084782384132266131e+00 -7.633407882311578149e-21 2.674723388290794430e-21
5.085447384131837723e+00 -6.599292243595094285e-21 2.333239656295021200e-21
5.086112384131409314e+00 -8.943409204153606589e-21 2.266825281384472237e-21
5.086777384130980906e+00 -9.257676559504949881e-21 2.256318911302068591e-21
5.087442384130552497e+00 8.774012325157783377e-21 2.539897618967465806e-21
5.088107384130124089e+00 -9.334227177300546117e-22 2.513449797130011438e-21
5.088772384129695681e+00 -8.281704339282836734e-21 2.655956637910570020e-21
5.089437384129267272e+00 -4.211631509580089439e-21 1.936114829021550392e-21
5.090102384128838864e+00 5.503751524064136994e-21 2.064175124580096720e-21
5.090767384128410455e+00 2.356444821290570137e-20 2.158653595665950843e-21
5.091432384127982047e+00 1.247173833107544249e-20 2.266911187544067582e-21
5.092097384127553639e+00 -1.658365076338065449e-21 2.103484488281916705e-21
5.092762384127125230e+00 7.959868806474230087e-22 2.196927757454771731e-21
5.093427384126696822e+00 9.528735290648530482e-21 2.269062025511417400e-21
5.094092384126268414e+00 2.714217748614137040e-21 2.197902090396914009e-21
5.094757384125840005e+00 4.748488523336270077e-21 2.502676459060890846e-21
5.095422384125411597e+00 5.525301843934347681e-21 3.316823436658312810e-21
5.096087384124983188e+00 7.874052796968426004e-21 2.095353569032836405e-21
5.096752384124554780e+00 4.516139914867734257e-21 2.151311257560486940e-21
5.097417384124126372e+00 4.573644673257510800e-22 2.150048636170671532e-21
5.098082384123697963e+00 1.237894434478840110e-21 2.148533366790401941e-21
5.098747384123269555e+00 -1.119274764124476796e-21 2.401361113617863988e-21
5.099412384122841146e+00 6.769194818620897719e-21 2.342024520272207914e-21
5.100077384122412738e+00 9.378213926587684477e-21 2.879430036074462274e-21
5.100742384121984330e+00 7.393851412362145340e-21 2.542284960177314563e-21
5.101407384121555921e+00 5.039713981625401669e-21 2.547323186489417940e-21
5.102072384121127513e+00 2.107230337665737668e-23 2.610896741863541781e-21
5.102737384120699105e+00 7.046548373530207158e-21 2.247235767024373028e-21
5.103402384120270696e+00 9.599783106185240903e-21 2.536835853903094158e-21
5.104067384119842288e+00 4.944834595846708628e-21 2.177344911894677946e-21
5.104732384119413879e+00 7.798362284004896888e-21 2.252831033330604177e-21
5.105397384118985471e+00 1.017967980551531172e-20 1.940854912183746305e-21
5.106062384118557063e+00 9.873068173416225767e-21 2.171275074234084447e-21
5.106727384118128654e+00 4.103872331218030408e-21 3.082508273049739919e-21
5.107392384117700246e+00 3.600942328112567483e-21 2.298178287615501871e-21
5.108057384117271837e+00 8.450882960539603911e-21 2.124639902284743421e-21
5.108722384116843429e+00 -3.010195592585894716e-21 2.425492563377252965e-21
5.109387384116415021e+00 -1.346619508780890687e-21 2.471656265285088481e-21
5.110052384115986612e+00 8.230269100987465393e-21 2.488904107335406865e-21
5.110717384115558204e+00 9.189500825654696987e-22 2.474021980637632356e-21
5.111382384115129796e+00 -3.995621331703029167e-21 2.183050709460049663e-21
5.112047384114701387e+00 1.354686721761089518e-21 2.361949750043065900e-21
5.112712384114272979e+00 8.144544987995684940e-21 2.352498240000821522e-21
5.113377384113844570e+00 -1.795196695838125662e-21 2.390811180192019169e-21
5.114042384113416162e+00 1.541411272499674238e-20 2.341561940961800436e-21
5.114707384112987754e+00 8.383638417274354151e-21 2.835607571471653069e-21
5.115372384112559345e+00 3.866889765493186024e-21 2.464232055129575153e-21
5.116037384112130937e+00 2.839602270968365066e-21 2.644982984389624499e-21
5.116702384111702528e+00 -5.628112339253077716e-21 2.078219881390795736e-21
5.117367384111274120e+00 -5.138318765597266134e-21 2.297264812447871958e-21
5.118032384110845712e+00 5.181418655390529337e-21 4.488411384348902959e-21
5.118697384110417303e+00 1.226545238264363499e-20 2.758407628202371760e-21
5.119362384109988895e+00 9.259321369497221344e-21 5.627439207883646208e-20
5.120027384109560487e+00 3.540520533932771431e-21 6.161666205573278941e-21
5.120692384109132078e+00 5.442310551209042255e-21 2.371940045634914279e-21
5.121357384108703670e+00 1.274154526660197514e-21 2.747623234976169690e-21
5.122022384108275261e+00 -2.274141309037364872e-21 2.843033479902169375e-21
5.122687384107846853e+00 8.989712698023016217e-22 2.616804759739702449e-21
5.123352384107418445e+00 9.936597002176278487e-21 2.469356935152606416e-21
5.124017384106990036e+00 -1.503469300036412175e-21 2.647741666205855481e-21
5.124682384106561628e+00 -1.065914028276379448e-20 2.130943202709530547e-21
5.125347384106133219e+00 8.161081981824530571e-21 2.124527226834140562e-21
5.126012384105704811e+00 2.242001748428317025e-21 2.784594839680203478e-21
5.126677384105276403e+00 5.031608057197125140e-21 2.618049115023679360e-21
5.127342384104847994e+00 4.444824400838685146e-21 2.256135000703874226e-21
5.128007384104419586e+00 1.308712971101793726e-20 2.681317466189095243e-21
5.128672384103991178e+00 -9.660411614048010268e-23 2.599206644602730811e-21
5.129337384103562769e+00 -2.595044913969347810e-22 3.059951969756422884e-21
5.130002384103134361e+00 7.726729546292639837e-21 2.413023858344146801e-21
5.130667384102705952e+00 -1.167619568992711530e-21 2.205318575806205801e-21
5.131332384102277544e+00 -9.983009438636642190e-21 2.546647952040912364e-21
5.131997384101849136e+00 -5.516860315268962395e-21 2.429049505026346881e-21
5.132662384101420727e+00 4.471999083020704763e-21 2.201321914803455135e-21
5.133327384100992319e+00 2.266369645754773237e-21 2.276089708171290479e-21
5.133992384100563910e+00 -5.806356827249726532e-21 2.553113212140860691e-21
5.134657384100135502e+00 -2.082709636726040853e-21 2.608611565311965820e-21
5.135322384099707094e+00 -5.102833434441866416e-21 3.006496887414428005e-21
5.135987384099278685e+00 2.396027208141536105e-21 2.638271415155210743e-21
5.136652384098850277e+00 -9.376314254236002690e-21 2.518703025407196616e-21
5.137317384098421869e+00 -2.063470238095833557e-21 2.333956915185009454e-21
5.137982384097993460e+00 6.859422180104192473e-21 3.747881906533857649e-21
5.138647384097565052e+00 1.495582219783376046e-21 2.374307966083696943e-21
5.139312384097136643e+00 6.802205231175475764e-21 2.659730464627216823e-21
5.139977384096708235e+00 6.158603907251535158e-21 2.442995722451085511e-21
5.140642384096279827e+00 2.453911016661738525e-21 2.415291473881280528e-21
5.141307384095851418e+00 5.563997385306608093e-21 2.500412481873355033e-21
5.141972384095423010e+00 2.635304895501362321e-21 2.653252260370266040e-21
5.142637384094994601e+00 6.956835691493884945e-21 3.936275608580290091e-21
5.143302384094566193e+00 -2.107410624096163766e-21 3.008230334593676129e-21
5.143967384094137785e+00 6.606549760642339035e-21 2.840729958963650148e-21
5.144632384093709376e+00 -1.913178406826762553e-21 2.318837236851891497e-21
5.145297384093280968e+00 2.873730662954188072e-21 2.340320914059297981e-21
5.145962384092852560e+00 3.027705260669788318e-21 2.348152425053238432e-21
5.146627384092424151e+00 1.210751002669813857e-20 2.284475336241441068e-21
5.147292384091995743e+00 3.020416174328798576e-21 2.498148134994278672e-21
5.147957384091567334e+00 1.203349409488612484e-20 2.433936302178039639e-21
5.148622384091138926e+00 1.258625419017357463e-20 2.343703981749759599e-21
5.149287384090710518e+00 -4.541114466690310660e-22 2.503891504600188107e-21
5.149952384090282109e+00 5.883171575990444173e-21 2.162176772114581917e-21
5.150617384089853701e+00 4.593774494498213967e-21 2.766770702960020608e-21
5.151282384089425292e+00 6.921766857703927102e-21 2.437334149262172844e-21
5.151947384088996884e+00 -4.018186124952800840e-21 2.379998046669275315e-21
5.152612384088568476e+00 -7.753803445098341162e-21 2.569974932677330410e-21
5.153277384088140067e+00 -1.410864571623898504e-21 2.203086601811078585e-21
5.153942384087711659e+00 5.981798670769502018e-21 2.580861632798986632e-21
5.154607384087283251e+00 1.815639908206233511e-20 2.821384887071279460e-21
5.155272384086854842e+00 1.082324860276996226e-20 2.601402550328352697e-21
5.155937384086426434e+00 1.114017260860139324e-20 2.474054770958461223e-21
5.156602384085998025e+00 2.803944902763103209e-21 2.385855538019469427e-21
5.157267384085569617e+00 9.602460761966234490e-21 2.801660004036130831e-21
5.157932384085141209e+00 2.090820383276670827e-20 2.518497380293633095e-21
5.158597384084712800e+00 1.365212917641567059e-20 2.173544977739821111e-21
5.159262384084284392e+00 8.765036522244343573e-21 2.593635166295663288e-21
5.159927384083855983e+00 7.981561091278446937e-21 2.361888117319232753e-21
5.160592384083427575e+00 -3.265085956178279037e-21 2.064105499184134946e-21
5.161257384082999167e+00 7.934007568057083784e-21 2.482664876720448121e-21
5.161922384082570758e+00 -2.271674128867966077e-22 2.142673524817296705e-21
5.162587384082142350e+00 1.246610824161715896e-20 2.231934602137189492e-21
5.163252384081713942e+00 6.087473028309954301e-21 2.651240331853122670e-21
5.163917384081285533e+00 1.005277857722987886e-20 2.365565652613627409e-21
5.164582384080857125e+00 9.948580147953349063e-21 2.346616177499812750e-21
5.165247384080428716e+00 -4.252355736239492710e-22 2.670183795779843514e-21
5.165912384080000308e+00 1.172458788425107678e-20 2.354172897447517892e-21
5.166577384079571900e+00 5.883870607424943353e-21 2.174527548308619028e-21
5.167242384079143491e+00 5.010611356656913183e-21 2.444684263762443190e-21
5.167907384078715083e+00 1.111731865104706445e-20 2.096931995159804615e-21
5.168572384078286674e+00 3.357677442173338878e-21 2.172262209767917137e-21
5.169237384077858266e+00 5.415750549328362160e-21 1.959347832059542792e-21
5.169902384077429858e+00 1.407696579441887101e-20 2.718987210783348180e-21
5.170567384077001449e+00 4.532415387588632016e-21 2.875867782292992730e-21
5.171232384076573041e+00 1.557100709322226499e-20 2.854786665088490431e-21
5.171897384076144633e+00 4.069316636791139642e-21 2.247289760492635499e-21
5.172562384075716224e+00 -1.662740937897740971e-21 2.475957220499561008e-21
5.173227384075287816e+00 -8.284628501537484988e-21 2.593084032289970453e-21
5.173892384074859407e+00 -2.795200254678495883e-21 2.281845482932093422e-21
5.174557384074430999e+00 -8.514054009597260901e-21 2.330039296038199731e-21
5.175222384074002591e+00 -8.423055509209510768e-21 2.306362412968762769e-21
5.175887384073574182e+00 -3.400019773291368658e-21 2.326371726288127798e-21
5.176552384073145774e+00 -3.846628268125059625e-21 2.387713720284571347e-21
5.177217384072717365e+00 1.064962000713574966e-20 2.505168171695335259e-21
5.177882384072288957e+00 8.736011158630785666e-21 2.176931602053602047e-21
5.178547384071860549e+00 -7.037584225783320516e-21 2.613834966551347683e-21
5.179212384071432140e+00 -2.022723414124007587e-21 2.422998451840254881e-21
5.179877384071003732e+00 3.514968137836716053e-21 2.387462900923184343e-21
5.180542384070575324e+00 1.615744881993503451e-20 2.118376271454659545e-21
5.181207384070146915e+00 1.734102810567251391e-20 2.199874265704043700e-21
5.181872384069718507e+00 8.758215763844764215e-21 2.495851760466741326e-21
5.182537384069290098e+00 -1.497782642509506339e-21 2.599112149817004959e-21
5.183202384068861690e+00 -8.765986525096805560e-21 2.590876089605929668e-21
5.183867384068433282e+00 7.472448850441092529e-21 8.192741783490454496e-21
5.184532384068004873e+00 6.839816421910878820e-21 3.846146409463853967e-21
5.185197384067576465e+00 6.329082777634066808e-21 5.225641817824493526e-21
5.185862384067148056e+00 -7.508645994615696139e-21 2.232872332496320967e-21
5.186527384066719648e+00 -4.413482191658482015e-21 2.498736553865820827e-21
5.187192384066291240e+00 -3.695092800892648882e-22 2.204392465867822294e-21
5.187857384065862831e+00 1.196017533143884473e-21 2.433404715578209375e-21
5.188522384065434423e+00 1.079682284812700350e-20 2.565041102525565243e-21
5.189187384065006015e+00 5.255395570434552575e-21 2.416271626029214836e-21
5.189852384064577606e+00 7.164544027556202639e-23 2.328733580871562631e-21
5.190517384064149198e+00 -4.918055456674581405e-21 2.587130061761192480e-21
5.191182384063720789e+00 7.838587839135545730e-21 2.757502881099692547e-21
5.191847384063292381e+00 1.621271575686562489e-21 2.440686778159680354e-21
5.192512384062863973e+00 -2.949502520157107927e-21 2.370135519462861982e-21
5.193177384062435564e+00 4.554105845469058929e-21 2.297308907821466906e-21
5.193842384062007156e+00 8.919391405380826417e-21 2.482461371187129689e-21
5.194507384061578747e+00 1.562847365042643340e-20 2.686411951216281838e-21
5.195172384061150339e+00 7.783582806123137895e-21 2.433238814681270110e-21
5.195837384060721931e+00 -3.950911616516650430e-22 2.372792649910598961e-21
5.196502384060293522e+00 7.990569514579633236e-21 2.532767150834671791e-21
5.197167384059865114e+00 9.198595907142295829e-21 2.209574906689933643e-21
5.197832384059436706e+00 3.970763525455656448e-21 2.045158118972249700e-21
5.198497384059008297e+00 -7.267772110932685825e-22 2.539083241234224277e-21
5.199162384058579889e+00 1.816644473298530639e-21 2.367339415618885394e-21
5.199827384058151480e+00 5.032344046080787127e-21 2.248562330579772536e-21
5.200492384057723072e+00 5.358561008947674479e-21 3.585087684627100989e-21
5.201157384057294664e+00 1.023283961844290961e-20 2.754212929621951014e-21
5.201822384056866255e+00 1.971525817034404314e-20 2.893385281120991562e-21
5.202487384056437847e+00 6.274545074345698667e-21 2.040206698990571123e-21
5.203152384056009438e+00 6.469753150804271210e-21 2.529562384988085759e-21
5.203817384055581030e+00 1.825127586819274663e-21 2.373341894447532137e-21
5.204482384055152622e+00 4.448618040692971628e-21 2.530096429731790032e-21
5.205147384054724213e+00 1.569807531039082540e-20 2.386514400176163132e-21
5.205812384054295805e+00 -3.911378150960487561e-21 2.775204021638240709e-21
5.206477384053867397e+00 3.000520563084486332e-21 3.091995327686011299e-21
5.207142384053438988e+00 -7.965461858156186782e-21 2.378156197756133967e-21
5.207807384053010580e+00 -4.953739838028781489e-21 2.378694079803654196e-21
5.208472384052582171e+00 5.546811894966229100e-21 2.695067956418821801e-21
5.209137384052153763e+00 4.300897258900321667e-21 2.588363525333050470e-21
5.209802384051725355e+00 8.260404948630227307e-21 2.314429070114371076e-21
5.210467384051296946e+00 4.650270404549202220e-21 2.307772855481981821e-21
5.211132384050868538e+00 4.543568916733537979e-21 2.259174336087795987e-21
5.211797384050440129e+00 -4.746594084282843412e-21 2.799246495829285098e-21
5.212462384050011721e+00 8.280764374733662303e-21 2.417215584903053535e-21
5.213127384049583313e+00 2.739766614819426592e-21 2.205759920203541550e-21
5.213792384049154904e+00 -9.525261572829131543e-21 2.298192008879735198e-21
5.214457384048726496e+00 1.147116963488060554e-21 2.378958476790208011e-21
5.215122384048298088e+00 7.764859698036299914e-21 2.289322172586878663e-21
5.215787384047869679e+00 1.477616154236739820e-20 3.012487565484030972e-21
5.216452384047441271e+00 1.001421860324415817e-20 2.274359777276082656e-21
5.217117384047012862e+00 1.066391673771333900e-21 2.278664536327986409e-21
5.217782384046584454e+00 -1.181947290163290562e-22 3.064079683255555207e-21
5.218447384046156046e+00 5.022750498525489909e-21 3.787786483207598457e-21
5.219112384045727637e+00 1.524386846061469965e-20 2.408838280928440420e-21
5.219777384045299229e+00 2.718815063481196468e-20 2.386231798501458574e-21
5.220442384044870821e+00 9.539846184522222092e-21 2.394125812977956161e-21
5.221107384044442412e+00 -1.516212277670905146e-20 2.627434112735263494e-21
5.221772384044014004e+00 -2.382099987001658552e-22 2.662477281106248308e-21
5.222437384043585595e+00 1.125187223517200816e-20 2.519223133621078132e-21
5.223102384043157187e+00 1.989489793814830602e-20 2.358232979876586561e-21
5.223767384042728779e+00 2.207416716682835424e-20 2.807906533085781189e-21
5.224432384042300370e+00 1.767372909052486101e-21 2.838991755293870265e-21
5.225097384041871962e+00 4.888533309983339322e-21 2.560892990752835026e-21
5.225762384041443553e+00 -5.196937271502304949e-21 2.595688860581518306e-21
5.226427384041015145e+00 -1.686990859362694732e-20 2.400823803563728199e-21
5.227092384040586737e+00 1.333744990524269794e-21 3.061232400963403647e-21
5.227757384040158328e+00 6.391762832114686538e-22 2.604532390947965390e-21
5.228422384039729920e+00 -3.975927608210851977e-21 2.664964890953994507e-21
5.229087384039301512e+00 1.637392669435962115e-20 2.692219212864955050e-21
5.229752384038873103e+00 -7.747931323463144464e-22 2.611310833103883866e-21
5.230417384038444695e+00 4.545198288208492568e-21 2.835935610374873744e-21
5.231082384038016286e+00 7.533118191818265127e-21 2.887664640265799689e-21
5.231747384037587878e+00 3.474933460750915474e-21 2.533199465336104759e-21
5.232412384037159470e+00 4.983179986628256299e-21 2.840928610060833499e-21
5.233077384036731061e+00 1.577126602407587644e-20 3.084220790017454565e-21
5.233742384036302653e+00 4.573492306102007951e-21 3.066258423537129229e-21
5.234407384035874244e+00 1.157683085249510390e-20 2.973402839987852810e-21
5.235072384035445836e+00 -6.328548578662051703e-21 2.278580045345093980e-21
5.235737384035017428e+00 4.864314547277911718e-21 2.871404200521388933e-21
5.236402384034589019e+00 9.940321248102134706e-21 2.638439362791562756e-21
5.237067384034160611e+00 7.449159580149565241e-21 3.127386915922010331e-21
5.237732384033732203e+00 -3.436607996756735352e-21 4.426733298773481496e-21
5.238397384033303794e+00 2.663274499672192859e-21 3.213561154519503512e-21
5.239062384032875386e+00 -4.094540246295599852e-21 2.930165601837707691e-21
5.239727384032446977e+00 8.050758496042847689e-21 2.456910312046203253e-21
5.240392384032018569e+00 2.712004497695867158e-22 2.765337941299857934e-21
5.241057384031590161e+00 -1.351516214405772481e-20 3.584638729423054442e-21
5.241722384031161752e+00 -4.953500048771222416e-21 3.097400536249467989e-21
5.242387384030733344e+00 2.518023322471108146e-21 2.229095846648462883e-21
5.243052384030304935e+00 1.361047964983141548e-20 2.689291199699034815e-21
5.243717384029876527e+00 7.244881451510645885e-21 2.305827325082831281e-21
5.244382384029448119e+00 1.259794791859341686e-20 2.380853599981682765e-21
5.245047384029019710e+00 4.795614832845527601e-21 2.740901225657777485e-21
5.245712384028591302e+00 6.097777835391422363e-21 2.569106067194263666e-21
5.246377384028162894e+00 -6.067524262383100724e-21 2.520389261115107242e-21
5.247042384027734485e+00 3.487061576287953534e-21 2.494694395848538212e-21
5.247707384027306077e+00 -4.249112637268359703e-21 2.639159765476181239e-21
5.248372384026877668e+00 -3.734580581152614396e-21 2.702452303167069763e-21
5.249037384026449260e+00 8.704097454251826639e-21 2.884440383479466560e-21
5.249702384026020852e+00 -5.908274484838631897e-21 2.723687216582730919e-21
5.250367384025592443e+00 -1.846880148232274822e-21 3.193218058227696642e-21
5.251032384025164035e+00 4.748255573024332693e-21 5.784017547792382914e-21
5.251697384024735626e+00 8.730374338059887616e-21 7.163069532866217601e-21
5.252362384024307218e+00 -4.404563827213791069e-21 2.357632239032280939e-21
5.253027384023878810e+00 -1.980716054681304338e-21 2.561080768780224985e-21
5.253692384023450401e+00 -3.866405739246536682e-21 3.017257182842069125e-21
5.254357384023021993e+00 -3.910407208255325162e-21 3.145536610207340604e-21
5.255022384022593585e+00 -2.504971475790004805e-21 3.402963583602539810e-21
5.255687384022165176e+00 -5.755867637846649572e-21 2.715403861509343179e-21
5.256352384021736768e+00 1.244839455791414852e-21 2.622040917045081092e-21
5.257017384021308359e+00 6.704048091374529198e-21 3.056051251821063522e-21
5.257682384020879951e+00 1.167232945940642435e-20 2.735372159800778175e-21
5.258347384020451543e+00 1.058171023228810470e-20 2.529081166183358220e-21
5.259012384020023134e+00 1.132047715471753496e-20 3.138630548767801917e-21
5.259677384019594726e+00 2.716580745832583185e-21 2.936268801507168084e-21
5.260342384019166317e+00 5.454193971313505610e-21 2.849251779484697095e-21
5.261007384018737909e+00 3.523941954470074959e-21 2.802607923138890899e-21
5.261672384018309501e+00 1.841768769320869938e-21 2.720456212729267515e-21
5.262337384017881092e+00 5.880135239292768218e-21 2.448858581309483727e-21
5.263002384017452684e+00 -1.417072326459023448e-21 2.383724867907270125e-21
5.263667384017024276e+00 -3.646672812430193081e-21 2.949725731002004628e-21
5.264332384016595867e+00 6.395471175828036303e-21 2.407410920397202781e-21
5.264997384016167459e+00 8.974547180202932354e-21 2.566088972685666716e-21
5.265662384015739050e+00 1.356995032019393753e-21 2.625142423495649851e-21
5.266327384015310642e+00 -1.262354123064517958e-21 2.359504732800552988e-21
5.266992384014882234e+00 -4.597572155109297588e-21 2.523930769420418863e-21
5.267657384014453825e+00 4.107792146735671740e-21 2.741631585809165004e-21
5.268322384014025417e+00 -1.129752481073167847e-20 2.682678914107241052e-21
5.268987384013597008e+00 -6.025836444307834735e-21 2.445789191313776642e-21
5.269652384013168600e+00 -2.777411794235479066e-21 3.856531133299154220e-21
5.270317384012740192e+00 -1.292603644556618056e-20 9.342826819483091711e-21
