Wavelength_um Flux Err
2.870332385558867827e+00 -2.380545606956873465e-21 1.795552644936474369e-21
2.870997385558439419e+00 -8.728480085106526390e-23 9.960693628054708527e-22
2.871662385558011010e+00 7.834952995526381485e-22 1.400301011976220647e-21
2.872327385557582602e+00 2.758555928559740547e-21 1.348698296449596707e-21
2.872992385557154194e+00 8.113541472054401971e-22 8.920575453064922644e-22
2.873657385556725785e+00 -2.769065460843411643e-21 1.255931311115789303e-21
2.874322385556297377e+00 -4.261758748583178849e-21 1.401121604671325526e-21
2.874987385555868968e+00 2.487678181471185016e-21 1.150745606868785522e-21
2.875652385555440560e+00 9.151013452557080586e-23 9.338185723548898999e-22
2.876317385555012152e+00 -7.397451077157814435e-22 1.142804889464616868e-21
2.876982385554583743e+00 -4.259569780928159031e-22 1.282292485864516624e-21
2.877647385554155335e+00 3.559678148921487031e-22 1.114740544568565871e-21
2.878312385553726926e+00 4.549655258268148627e-21 1.239983347423708254e-21
2.878977385553298518e+00 1.100045587124731004e-21 1.364640655749329624e-21
2.879642385552870110e+00 -1.220333812131079041e-21 1.121022916909912485e-21
2.880307385552441701e+00 1.598073928565950584e-22 1.162344572565868239e-21
2.880972385552013293e+00 3.355068923546505389e-21 1.004000313805660531e-21
2.881637385551584885e+00 2.646167853342476322e-21 8.799507971400951437e-22
2.882302385551156476e+00 4.509065172987669564e-21 9.692226602036152192e-22
2.882967385550728068e+00 4.347137165725387116e-21 1.080220874104497957e-21
2.883632385550299659e+00 2.600115280765807031e-21 1.065725127563803064e-21
2.884297385549871251e+00 2.322606329483304650e-21 9.690282033584124760e-22
2.884962385549442843e+00 -1.651666293817517483e-21 1.549719679377070993e-21
2.885627385549014434e+00 1.045138906039334056e-23 1.748849782249361628e-21
2.886292385548586026e+00 1.727181985370427700e-21 1.397226748014188715e-21
2.886957385548157617e+00 -3.895876833379236370e-21 1.986048053758482087e-21
2.887622385547729209e+00 -1.141248462213440830e-21 1.099017476728494187e-21
2.888287385547300801e+00 2.367172677518491921e-21 1.227791057871851819e-21
2.888952385546872392e+00 3.161051203384895031e-21 1.932802441618924588e-21
2.889617385546443984e+00 -3.192131154178014501e-21 1.441328178415098859e-21
2.890282385546015576e+00 -3.511795012559361836e-21 4.323205635424567081e-21
2.890947385545587167e+00 -1.232967107837545053e-21 1.825052836357983914e-21
2.891612385545158759e+00 6.138980372158128608e-22 1.420445170003250112e-21
2.892277385544730350e+00 1.628689128440091311e-21 9.315776329642131326e-22
2.892942385544301942e+00 1.108232635277279022e-21 1.405981656134080994e-21
2.893607385543873534e+00 1.516703405838220532e-21 1.751040140813549296e-21
2.894272385543445125e+00 3.018820250425077617e-23 9.217642055781846093e-22
2.894937385543016717e+00 -2.449409491356831987e-21 9.975635603444473627e-22
2.895602385542588308e+00 -1.336480242627273242e-21 1.129853910854298161e-21
2.896267385542159900e+00 -1.754055813889931463e-21 1.216298075643426833e-21
2.896932385541731492e+00 -4.938855089278355326e-22 7.993918028673848276e-22
2.897597385541303083e+00 5.312938674014462510e-23 6.917565966399170235e-22
2.898262385540874675e+00 -1.896326643674014041e-21 8.882087320787805238e-22
2.898927385540446267e+00 -1.407460091251227547e-21 1.463548807362124742e-21
2.899592385540017858e+00 2.111706281915384441e-21 1.479319761228514404e-21
2.900257385539589450e+00 2.900468656324662808e-21 9.418756623695161057e-22
2.900922385539161041e+00 2.404607638020461491e-21 7.202553996269813022e-22
2.901587385538732633e+00 3.347541480944949972e-21 9.805622748458345599e-22
2.902252385538304225e+00 3.221910732785587791e-21 1.066231248758739029e-21
2.902917385537875816e+00 -4.886626601242620508e-22 9.413225599498316172e-22
2.903582385537447408e+00 7.943368294340455033e-22 9.377702538832848932e-22
2.904247385537018999e+00 -4.126635271684047400e-22 1.056750162042495783e-21
2.904912385536590591e+00 2.160195621076796662e-21 9.596165023334808152e-22
2.905577385536162183e+00 1.599338978919912982e-21 9.716902980258714845e-22
2.906242385535733774e+00 1.884278849634792052e-21 1.353396712982684688e-21
2.906907385535305366e+00 6.672534998454173294e-22 8.496137704393601158e-22
2.907572385534876958e+00 7.244858192749671630e-22 1.086574645387654933e-21
2.908237385534448549e+00 -1.156576826966944441e-21 1.164035668316195016e-21
2.908902385534020141e+00 -1.696383891337469805e-21 9.448457078888047392e-22
2.909567385533591732e+00 6.487029516303061925e-22 8.771378101724799364e-22
2.910232385533163324e+00 5.477989603481006288e-21 9.006670223564401816e-22
2.910897385532734916e+00 9.762212788395087727e-22 1.178337289751056295e-21
2.911562385532306507e+00 8.189009731839832924e-22 8.244219420406780040e-22
2.912227385531878099e+00 2.089342407829195608e-21 8.404813898416820820e-22
2.912892385531449690e+00 -2.986513709213911407e-21 1.419063045653763966e-21
2.913557385531021282e+00 -1.761276119834509968e-21 1.085661471798178294e-21
2.914222385530592874e+00 -2.418620592866597582e-21 1.065301665799134266e-21
2.914887385530164465e+00 -9.901976095141858481e-22 6.185892743881076698e-22
2.915552385529736057e+00 3.389724034863239771e-22 8.675917921258176865e-22
2.916217385529307649e+00 2.371243429696173675e-21 9.388993640802217953e-22
2.916882385528879240e+00 3.941345521753447874e-23 8.032203501575886330e-22
2.917547385528450832e+00 7.038771240290506353e-22 8.082151888440357025e-22
2.918212385528022423e+00 2.890354924757002309e-21 9.844162025453294016e-22
2.918877385527594015e+00 2.232596847752838140e-21 1.001370843809329437e-21
2.919542385527165607e+00 -1.843419264221045810e-21 7.077301346999963001e-22
2.920207385526737198e+00 1.748554133356891574e-21 7.910771417689201579e-22
2.920872385526308790e+00 6.153735633367937171e-21 9.053941957950635282e-22
2.921537385525880381e+00 5.986778857021933433e-21 7.610598357069026971e-22
2.922202385525451973e+00 3.147581157914116974e-21 8.155628983305073339e-22
2.922867385525023565e+00 4.028295046583406692e-21 9.174046020253267883e-22
2.923532385524595156e+00 -1.772394293533698924e-21 9.059338652009732005e-22
2.924197385524166748e+00 2.375420803783973498e-21 1.150696846582000803e-21
2.924862385523738340e+00 5.273622498341229259e-21 6.639696143370930587e-22
2.925527385523309931e+00 2.910395492288395853e-21 1.076341664577796033e-21
2.926192385522881523e+00 3.835205159496337266e-21 1.009552130062786188e-21
2.926857385522453114e+00 1.896102690697460748e-21 7.722721624101410808e-22
2.927522385522024706e+00 -1.003986499901331118e-21 1.056534556790588063e-21
2.928187385521596298e+00 5.462351635026397220e-22 8.224467808816513205e-22
2.928852385521167889e+00 6.140222659067622385e-22 1.106910659627461618e-21
2.929517385520739481e+00 -4.581145289186813919e-22 9.352390854608068925e-22
2.930182385520311072e+00 3.703432172029142603e-22 8.135522507935223896e-22
2.930847385519882664e+00 -1.352363082783989402e-22 5.821747106712863648e-22
2.931512385519454256e+00 -6.351650943395892633e-22 6.367017121550783843e-22
2.932177385519025847e+00 1.078891765936060362e-23 6.927480499799683986e-22
2.932842385518597439e+00 -2.369659822461282417e-22 6.374060687484601610e-22
2.933507385518169031e+00 -1.540420831323906918e-21 7.339564472438313222e-22
2.934172385517740622e+00 -6.256395982984816488e-22 9.396995956527603616e-22
2.934837385517312214e+00 -9.016912972657955781e-22 1.176041509993786921e-21
2.935502385516883805e+00 -1.525796190402162611e-21 9.206134482400194947e-22
2.936167385516455397e+00 -2.320228326774610595e-21 7.713643269084102054e-22
2.936832385516026989e+00 -1.691164875809215744e-21 7.996567950809992071e-22
2.937497385515598580e+00 -2.689454946969762323e-22 7.626265322532672092e-22
2.938162385515170172e+00 5.486931548795686728e-21 7.740310805417276957e-22
2.938827385514741763e+00 9.996014880985928418e-21 7.760956424852343230e-22
2.939492385514313355e+00 4.207469291047805963e-21 1.185035053929493996e-21
2.940157385513884947e+00 5.533290349448596721e-23 1.477829347306217612e-21
2.940822385513456538e+00 5.215411742627793541e-22 6.906467668949485901e-22
2.941487385513028130e+00 4.340434724795503490e-21 9.587045360104160252e-22
2.942152385512599722e+00 2.854793109896056676e-21 1.467351976722050526e-21
2.942817385512171313e+00 2.238552869363452446e-21 9.887468175312937406e-22
2.943482385511742905e+00 5.468915174473355996e-22 1.210289338402100038e-21
2.944147385511314496e+00 -5.659671707639276241e-22 8.132010006781931919e-22
2.944812385510886088e+00 5.458145747737918461e-23 1.175241918950111123e-21
2.945477385510457680e+00 -1.216201235712612339e-21 1.118631176694507840e-21
2.946142385510029271e+00 -3.526538176083088146e-21 1.044846784546887063e-21
2.946807385509600863e+00 -2.265675605265979787e-21 1.094464246230009917e-21
2.947472385509172454e+00 2.319126223592977754e-21 1.046894755022686826e-21
2.948137385508744046e+00 2.440587835232735878e-21 1.093832266168612174e-21
2.948802385508315638e+00 -2.296281818097021762e-21 1.087711816898338971e-21
2.949467385507887229e+00 -1.220575843531822693e-21 1.534996211552118535e-21
2.950132385507458821e+00 3.422894686826794623e-22 1.001669457436723256e-21
2.950797385507030413e+00 1.525661398070823736e-21 9.450935775120503685e-22
2.951462385506602004e+00 1.551224102621113791e-21 1.280255276923195792e-21
2.952127385506173596e+00 -2.213236066772141585e-21 6.542488728310582639e-22
2.952792385505745187e+00 7.808881907532510735e-22 1.138291050935225590e-21
2.953457385505316779e+00 -1.284859646978499365e-21 8.430364413544363890e-22
2.954122385504888371e+00 -3.407057378547339867e-21 1.144462866614413602e-21
2.954787385504459962e+00 -2.345947456751181429e-21 7.911371251058900643e-22
2.955452385504031554e+00 -8.007687102313304076e-22 9.783290647514943350e-22
2.956117385503603145e+00 3.152684500278716966e-21 1.057664883993492436e-21
2.956782385503174737e+00 8.617458823901656755e-22 1.207295830780237283e-21
2.957447385502746329e+00 1.007769389743991067e-21 9.114058346795011970e-22
2.958112385502317920e+00 -1.370706817049956853e-21 1.552800947635897586e-21
2.958777385501889512e+00 3.131748556914115285e-21 1.479413644442550277e-21
2.959442385501461104e+00 2.473654166278841863e-21 1.723953540480980467e-21
2.960107385501032695e+00 1.477329062956640459e-21 1.149841826306014680e-21
2.960772385500604287e+00 2.923799514010155084e-21 7.125032938806623653e-22
2.961437385500175878e+00 5.941086330032953526e-23 1.039707932620904317e-21
2.962102385499747470e+00 -3.802851206451588658e-23 8.214410564289442130e-22
2.962767385499319062e+00 9.871715407802930289e-22 6.164308974964781937e-22
2.963432385498890653e+00 7.940114183269013488e-22 6.903552226274103020e-22
2.964097385498462245e+00 7.902388886864778062e-22 6.017352490477894477e-22
2.964762385498033836e+00 1.684338390803705809e-21 6.473968225228701890e-22
2.965427385497605428e+00 2.452988133422800562e-21 8.284005695939947599e-22
2.966092385497177020e+00 -5.655566599921760229e-22 5.986325287524188626e-22
2.966757385496748611e+00 -1.352253729293979648e-21 7.815868718006548104e-22
2.967422385496320203e+00 2.600660349871791397e-22 8.421478094295277892e-22
2.968087385495891795e+00 1.226560182390100386e-21 5.941561040453057814e-22
2.968752385495463386e+00 1.069282238775744148e-21 7.434575600139096042e-22
2.969417385495034978e+00 -6.042641437543863437e-22 7.006042808503743215e-22
2.970082385494606569e+00 -7.328448623256757846e-22 7.459355252850506967e-22
2.970747385494178161e+00 -1.195014695828846877e-21 5.675624725815633731e-22
2.971412385493749753e+00 -1.743574410532150483e-21 6.530694589714402536e-22
2.972077385493321344e+00 2.311067330661964668e-22 8.975100684935638909e-22
2.972742385492892936e+00 2.218092220892261382e-21 5.470688470888310461e-22
2.973407385492464527e+00 2.546855353212561783e-21 5.373420293198360128e-22
2.974072385492036119e+00 1.958808953668848782e-21 7.244022572686348439e-22
2.974737385491607711e+00 4.358738987522107208e-21 9.548875536688364379e-22
2.975402385491179302e+00 3.079973269199751991e-21 8.803220325445445974e-22
2.976067385490750894e+00 4.427187983946603629e-23 7.850027479327246699e-22
2.976732385490322486e+00 -1.119423171293260517e-21 1.210759065110499152e-21
2.977397385489894077e+00 7.575085598910458698e-23 8.077800021878502337e-22
2.978062385489465669e+00 -1.839154128256029297e-22 6.851353148199575170e-22
2.978727385489037260e+00 1.947639493914450957e-21 7.368890052087929229e-22
2.979392385488608852e+00 5.211348898146332135e-22 1.247526853536694148e-21
2.980057385488180444e+00 8.920439301008957769e-23 1.140141788421581403e-21
2.980722385487752035e+00 -5.840221315069585345e-23 1.096163116196335393e-21
2.981387385487323627e+00 2.090811615436891830e-21 9.826546355286998970e-22
2.982052385486895218e+00 6.441753290900835520e-22 9.108186347387706774e-22
2.982717385486466810e+00 -9.160943944042919580e-22 1.019452176543985823e-21
2.983382385486038402e+00 -2.038026936036644476e-22 8.061633774523401600e-22
2.984047385485609993e+00 -1.920916890594753718e-21 6.900548653703844900e-22
2.984712385485181585e+00 2.736941771439389870e-21 9.759735565991738414e-22
2.985377385484753177e+00 2.894116037755060887e-21 1.022209690473221179e-21
2.986042385484324768e+00 4.623360895984831892e-21 1.433743921544498194e-21
2.986707385483896360e+00 2.177188454096465012e-21 1.015542183389486971e-21
2.987372385483467951e+00 2.235092256677615047e-21 9.155964668280382554e-22
2.988037385483039543e+00 5.835619314742460545e-22 6.142400565110205980e-22
2.988702385482611135e+00 8.745313193460830895e-22 7.785462419618354840e-22
2.989367385482182726e+00 -7.375233402473017608e-22 9.351166636716158974e-22
2.990032385481754318e+00 8.031273060647196416e-22 1.629326239134898541e-21
2.990697385481325909e+00 2.312216255812502098e-21 1.180447485044247644e-21
2.991362385480897501e+00 -1.004699136222018067e-21 1.131535225262865676e-21
2.992027385480469093e+00 -2.767422454676416282e-21 1.175056213478678823e-21
2.992692385480040684e+00 -5.395479078935249990e-22 1.227982856836911762e-21
2.993357385479612276e+00 -2.350109929709085320e-21 8.550388422705206722e-22
2.994022385479183868e+00 1.109017361253189239e-21 7.087543416545666361e-22
2.994687385478755459e+00 2.823876657577687708e-21 9.328975528607599052e-22
2.995352385478327051e+00 7.155904033261761013e-23 8.073951243461885380e-22
2.996017385477898642e+00 -8.303313408681599057e-22 1.016082883542225325e-21
2.996682385477470234e+00 4.644088623794457567e-22 1.399902558540663870e-21
2.997347385477041826e+00 3.992752490810756430e-22 9.160033584323264831e-22
2.998012385476613417e+00 2.548287957310079324e-21 6.556011253728168886e-22
2.998677385476185009e+00 2.885303090779228439e-21 6.524449587601963429e-22
2.999342385475756600e+00 1.804632898680448340e-21 7.222858099829948872e-22
3.000007385475328192e+00 6.644428320185425748e-22 6.203228893422323255e-22
3.000672385474899784e+00 -5.964579502229664989e-22 6.634252708464735385e-22
3.001337385474471375e+00 -1.974282735027781403e-21 5.707466080998213575e-22
3.002002385474042967e+00 -2.890309010105789324e-21 9.196705121366733757e-22
3.002667385473614559e+00 1.038558627578231677e-21 7.327522037514235204e-22
3.003332385473186150e+00 3.388311688679368638e-21 5.858455366479926487e-22
3.003997385472757742e+00 -7.187441449055036357e-22 7.091164727403048713e-22
3.004662385472329333e+00 2.422640355341693238e-23 7.943324065405602300e-22
3.005327385471900925e+00 -1.402032301792561247e-21 8.191213883785238028e-22
3.005992385471472517e+00 1.058791751956694079e-22 5.906490713499983828e-22
3.006657385471044108e+00 -2.751980725127313766e-22 6.023089323462518810e-22
3.007322385470615700e+00 1.156938711147165684e-21 5.614501777741867704e-22
3.007987385470187292e+00 -1.716408455555073348e-21 8.229254197031460174e-22
3.008652385469758883e+00 -7.082641934834512286e-22 8.243924736229527629e-22
3.009317385469330475e+00 -1.155047089764315944e-21 9.826316283028537837e-22
3.009982385468902066e+00 1.573027473843350247e-22 5.679922054290553836e-22
3.010647385468473658e+00 8.366659432166582497e-22 7.918188768258277017e-22
3.011312385468045250e+00 3.586487941359955849e-21 8.559332001873103756e-22
3.011977385467616841e+00 -1.618826703965008820e-21 6.264033765789754879e-22
3.012642385467188433e+00 -1.406773260634531579e-21 9.712023704635432717e-22
3.013307385466760024e+00 -2.587063300450089792e-21 7.826285326481049379e-22
3.013972385466331616e+00 -8.673360839036362160e-22 7.366876182765671400e-22
3.014637385465903208e+00 4.846576813727107199e-22 7.729615105613847241e-22
3.015302385465474799e+00 7.851455163598117881e-22 9.150773024051874941e-22
3.015967385465046391e+00 2.732757841986221102e-21 1.144889252940078201e-21
3.016632385464617983e+00 1.208979651976769930e-21 8.066689486839368276e-22
3.017297385464189574e+00 -1.666995705059497843e-22 1.244953817328369606e-21
3.017962385463761166e+00 -2.415525443630169133e-21 1.084402776273749071e-21
3.018627385463332757e+00 1.175915533783747898e-21 6.798588347186139683e-22
3.019292385462904349e+00 1.698140361220556204e-21 1.077227242754451608e-21
3.019957385462475941e+00 -1.342460675535878671e-21 5.988829513406516957e-22
3.020622385462047532e+00 4.378257916559365059e-22 6.916244452732464605e-22
3.021287385461619124e+00 -1.609527182937071353e-22 8.430304641909912771e-22
3.021952385461190715e+00 3.797564238353938991e-22 9.530491530885795044e-22
3.022617385460762307e+00 -2.361510139631797107e-21 1.001303417973503149e-21
3.023282385460333899e+00 2.408056308776838454e-21 7.693760092540791379e-22
3.023947385459905490e+00 7.104175898636474050e-23 1.029832698353447422e-21
3.024612385459477082e+00 1.318987476275769789e-21 8.403025595890165990e-22
3.025277385459048674e+00 1.289764357886160819e-21 7.194621433953418531e-22
3.025942385458620265e+00 1.906202349810563175e-21 1.129300588139249800e-21
3.026607385458191857e+00 1.243273540593761241e-21 8.426961390444420518e-22
3.027272385457763448e+00 5.224520264810100254e-22 7.826073656553272913e-22
3.027937385457335040e+00 3.892676057010531346e-22 9.402516799793955076e-22
3.028602385456906632e+00 2.721000298897890858e-21 9.761236849377572549e-22
3.029267385456478223e+00 1.553385737160017366e-21 8.284965108049567998e-22
3.029932385456049815e+00 7.906178718096450286e-22 8.079116121726710260e-22
3.030597385455621406e+00 -6.413466588967375212e-23 8.077895542529266448e-22
3.031262385455192998e+00 1.442243255913851428e-21 7.907177138087865171e-22
3.031927385454764590e+00 2.076281704694471947e-21 6.840486225977305935e-22
3.032592385454336181e+00 6.726042802010148938e-22 6.932399472475705431e-22
3.033257385453907773e+00 4.542384099567295729e-22 8.095323910840965636e-22
3.033922385453479365e+00 2.071935437699616000e-21 9.274019026479387203e-22
3.034587385453050956e+00 1.449497518647351495e-21 1.164330384281086293e-21
3.035252385452622548e+00 1.686622202944576975e-22 9.469645133179259608e-22
3.035917385452194139e+00 -5.738267019856104997e-22 7.517544572092111211e-22
3.036582385451765731e+00 -3.261509697511494083e-21 7.354741587264859395e-22
3.037247385451337323e+00 -1.229321436661233880e-22 7.943506806322064915e-22
3.037912385450908914e+00 9.882596352811464641e-22 4.910550163503687516e-22
3.038577385450480506e+00 1.431681102086097561e-21 7.649773190305370900e-22
3.039242385450052097e+00 9.314434496685820642e-22 7.926823236855839859e-22
3.039907385449623689e+00 1.204004604029980143e-21 8.196514204501762054e-22
3.040572385449195281e+00 2.141459500262455969e-22 7.368034803607501157e-22
3.041237385448766872e+00 1.084321600185903408e-22 7.707984252174716883e-22
3.041902385448338464e+00 -1.455557543084234981e-21 9.352531900947671328e-22
3.042567385447910056e+00 4.805534535932109536e-22 9.812332733074719275e-22
3.043232385447481647e+00 -3.229737681746745413e-22 6.537826587884995333e-22
3.043897385447053239e+00 4.409378500065878522e-22 5.049503484634307085e-22
3.044562385446624830e+00 1.184411471487352616e-21 6.083359953023559711e-22
3.045227385446196422e+00 1.775345143061957492e-21 6.073927220036376727e-22
3.045892385445768014e+00 -3.071177932115853321e-22 8.398664667890292809e-22
3.046557385445339605e+00 1.702697303500842126e-21 6.943451190512087392e-22
3.047222385444911197e+00 1.952617627114662094e-21 1.081039917734084708e-21
3.047887385444482788e+00 -7.168813642649487218e-22 4.618935182776845186e-22
3.048552385444054380e+00 -4.771845107449662375e-22 7.325669963008698607e-22
3.049217385443625972e+00 -9.245510130598263051e-22 7.127431251123194127e-22
3.049882385443197563e+00 4.607588813208124920e-22 6.446424108401528884e-22
3.050547385442769155e+00 6.413979259880576109e-22 7.805039927092937523e-22
3.051212385442340747e+00 7.826901749363174962e-22 7.569863579249490544e-22
3.051877385441912338e+00 2.433152570446585558e-22 7.789618174497522941e-22
3.052542385441483930e+00 1.456176362783831384e-21 8.183259651657728483e-22
3.053207385441055521e+00 -6.588148054755526924e-22 7.566124479265492787e-22
3.053872385440627113e+00 2.497046503878298218e-21 8.693519145096243502e-22
3.054537385440198705e+00 2.252327598311797381e-21 7.239660459615455655e-22
3.055202385439770296e+00 2.178175043351391974e-21 8.675801269622280543e-22
3.055867385439341888e+00 8.761135558105489372e-22 9.281779561180346186e-22
3.056532385438913479e+00 -5.076448806728013394e-22 8.036033961816315897e-22
3.057197385438485071e+00 5.007076406370050536e-22 7.580842471028342218e-22
3.057862385438056663e+00 1.141951985554095263e-21 5.171292344284529085e-22
3.058527385437628254e+00 1.708061261069787057e-21 7.866092228505014185e-22
3.059192385437199846e+00 -7.356378207381396769e-22 7.279455379490574096e-22
3.059857385436771438e+00 -3.710403218225559186e-22 5.970897879794768563e-22
3.060522385436343029e+00 5.508230901938382011e-22 7.743093949718141773e-22
3.061187385435914621e+00 -6.863048810105565488e-22 4.789842741916353036e-22
3.061852385435486212e+00 -1.242474650589835174e-21 4.957071892272418690e-22
3.062517385435057804e+00 2.370784845249425659e-21 7.798441258722690701e-22
3.063182385434629396e+00 -4.009538391011641065e-22 4.857396071200956930e-22
3.063847385434200987e+00 -4.301449155955802963e-22 5.484243221590096133e-22
3.064512385433772579e+00 1.405044373465242785e-21 6.922801127198246197e-22
3.065177385433344170e+00 2.647157198344900415e-22 6.949718100410487481e-22
3.065842385432915762e+00 -6.531606325095370082e-23 5.363854298478988077e-22
3.066507385432487354e+00 7.123645423310868038e-22 4.658520534933955809e-22
3.067172385432058945e+00 3.783195768839393757e-22 4.751232852943947489e-22
3.067837385431630537e+00 1.389169967766239149e-21 7.352048492626350899e-22
3.068502385431202129e+00 9.974189706746973592e-22 7.130081367549540257e-22
3.069167385430773720e+00 -1.240429551460675605e-21 5.664447860612371817e-22
3.069832385430345312e+00 -1.674228662152092349e-21 7.588643550077139493e-22
3.070497385429916903e+00 -4.342006204770664012e-22 5.722595296606826933e-22
3.071162385429488495e+00 -8.781230547184871968e-22 6.775242926024989817e-22
3.071827385429060087e+00 -1.347505599652206179e-21 7.590660858301143858e-22
3.072492385428631678e+00 7.385660134416669902e-22 5.859029712304273150e-22
3.073157385428203270e+00 4.849299435854520503e-22 6.228003576729780572e-22
3.073822385427774861e+00 2.727302154216404199e-21 6.217948973033443487e-22
3.074487385427346453e+00 9.896464074733438233e-22 6.971788885263462452e-22
3.075152385426918045e+00 -3.129402906689925671e-22 8.067532987967113424e-22
3.075817385426489636e+00 -6.529656917786575491e-23 6.402102384015782198e-22
3.076482385426061228e+00 1.567897213737571900e-22 7.269372521774333847e-22
3.077147385425632820e+00 2.970167820411882205e-22 6.967131583763024101e-22
3.077812385425204411e+00 -1.508927623937087215e-22 4.829980705225732534e-22
3.078477385424776003e+00 -2.401454916751235117e-22 6.789198935792961907e-22
3.079142385424347594e+00 -1.648107007267381041e-24 8.332635797788034399e-22
3.079807385423919186e+00 -1.636403161613501967e-21 7.326425885624996396e-22
3.080472385423490778e+00 -3.644071189796419147e-21 1.060571818452109561e-21
3.081137385423062369e+00 -1.477172966333571121e-21 7.841358196291426842e-22
3.081802385422633961e+00 -1.436059830402644991e-21 1.263802126501906395e-21
3.082467385422205552e+00 1.261869632679871067e-21 7.713540606561942401e-22
3.083132385421777144e+00 -2.809227272964022942e-21 5.644769552604234219e-22
3.083797385421348736e+00 -8.551084402997506926e-22 6.189566749797556033e-22
3.084462385420920327e+00 -3.291054054047806475e-21 6.023861359020386193e-22
3.085127385420491919e+00 -8.940579616972861488e-22 4.703931369983076795e-22
3.085792385420063511e+00 -1.657416712350188136e-21 9.453488613353297779e-22
3.086457385419635102e+00 -4.022587915438602311e-21 8.135655757939766315e-22
3.087122385419206694e+00 -1.902684080820700036e-21 9.296872223863600558e-22
3.087787385418778285e+00 -2.161483354816533115e-21 7.258553245831372663e-22
3.088452385418349877e+00 -1.232160113197776292e-21 1.266330849118175973e-21
3.089117385417921469e+00 4.928863191287138476e-22 4.824589252324109052e-22
3.089782385417493060e+00 -1.785584738793473648e-21 6.540584351752369257e-22
3.090447385417064652e+00 -7.771008787995536352e-22 7.391496750118746089e-22
3.091112385416636243e+00 -1.135022261989979951e-21 5.892627672138706729e-22
3.091777385416207835e+00 1.751861020905501601e-21 1.011464742340802880e-21
3.092442385415779427e+00 2.212395562500300677e-22 5.791941761315624019e-22
3.093107385415351018e+00 -1.592614304115311500e-21 5.511693909181751370e-22
3.093772385414922610e+00 -1.304613190913911950e-21 7.865254618747379042e-22
3.094437385414494202e+00 -3.950856098621711121e-21 1.134538216884085559e-21
3.095102385414065793e+00 -1.735730954433507641e-21 9.506355292229859963e-22
3.095767385413637385e+00 1.934977732381375450e-21 1.041552110177432891e-21
3.096432385413208976e+00 3.953936364130720074e-22 9.626909552349223494e-22
3.097097385412780568e+00 1.946227834922747681e-22 7.621866811925246134e-22
3.097762385412352160e+00 6.322834209644049490e-22 5.530577900536325312e-22
3.098427385411923751e+00 7.887164470222929600e-22 7.523236847533099077e-22
3.099092385411495343e+00 3.762811451937680142e-22 6.704401462022127644e-22
3.099757385411066934e+00 -1.675641707640202256e-21 6.062141946291931891e-22
3.100422385410638526e+00 -1.452445923403969829e-21 6.331361183811717236e-22
3.101087385410210118e+00 -2.908052082510960628e-21 7.157241614380855295e-22
3.101752385409781709e+00 -9.535703608646718563e-22 5.421033488024711304e-22
3.102417385409353301e+00 -2.547390796466624245e-21 6.726515771869491999e-22
3.103082385408924893e+00 -1.278486288108326607e-21 5.725661852981853108e-22
3.103747385408496484e+00 3.623582009766051150e-22 5.466920520132232701e-22
3.104412385408068076e+00 1.330999742894102734e-21 5.084686354799386934e-22
3.105077385407639667e+00 2.355771930527860060e-21 5.599812972034732020e-22
3.105742385407211259e+00 -1.815006696808158509e-21 5.188862701687679098e-22
3.106407385406782851e+00 -2.547527414132000956e-21 7.221878506701755050e-22
3.107072385406354442e+00 1.321436681142707669e-21 7.503396031282409234e-22
3.107737385405926034e+00 1.948055874602500772e-21 6.594390779496446924e-22
3.108402385405497625e+00 1.859044074053201308e-21 7.039177455012509260e-22
3.109067385405069217e+00 -3.545939940906957486e-22 6.219877387091482949e-22
3.109732385404640809e+00 -2.117853814067586219e-21 5.178869791690423393e-22
3.110397385404212400e+00 3.909105688909436974e-22 5.309408816027528629e-22
3.111062385403783992e+00 1.364702642971074337e-21 5.767527534479621828e-22
3.111727385403355139e+00 -1.032810439976029238e-21 6.114787308004332532e-22
3.112392385402926731e+00 5.889028682207726080e-22 4.994068549501095051e-22
3.113057385402498323e+00 6.327252771184233611e-22 4.689463209594945855e-22
3.113722385402069914e+00 -1.368543341628549620e-22 5.964516629383099153e-22
3.114387385401641506e+00 1.334840226037165632e-21 7.442804948176048615e-22
3.115052385401213098e+00 1.341511010061290474e-21 7.124786832264393983e-22
3.115717385400784689e+00 -3.493507547867751216e-21 7.995722050779539779e-22
3.116382385400356281e+00 3.710760402472150487e-22 7.219765212440930185e-22
3.117047385399927872e+00 1.532683883431700776e-21 5.833555547747336156e-22
3.117712385399499464e+00 3.888712867423084589e-21 7.166110238431849178e-22
3.118377385399071056e+00 2.351726000025528302e-21 8.043305078831221068e-22
3.119042385398642647e+00 1.318002568532828421e-21 5.244096483117876765e-22
3.119707385398214239e+00 8.720821631642311804e-22 9.015540365890077619e-22
3.120372385397786275e+00 4.156281145298168135e-22 7.449398437960676131e-22
3.121037385397357866e+00 6.784202203644270790e-22 8.352226679276737589e-22
3.121702385396929458e+00 -2.453339077967570354e-21 8.501531234964996121e-22
3.122367385396501049e+00 -2.163206888987317843e-21 1.044580821705502022e-21
3.123032385396072641e+00 -4.142518156159892265e-22 4.912389962896999769e-22
3.123697385395644233e+00 2.242108567690860210e-21 4.457490600644765516e-22
3.124362385395215824e+00 3.209948862329484105e-21 5.682123412796562708e-22
3.125027385394787416e+00 -1.054057522101047097e-21 1.388151338790739944e-21
3.125692385394359007e+00 -1.463421769045695975e-21 6.807660106094752033e-22
3.126357385393930155e+00 1.366604108200905740e-21 6.174044035321578588e-22
3.127022385393501747e+00 -1.473658167648228258e-21 1.111646385878771201e-21
3.127687385393073338e+00 1.775472860912222338e-21 6.189123963251904059e-22
3.128352385392644930e+00 7.441237702288492916e-23 9.144161270110967814e-22
3.129017385392216521e+00 -2.200960863749273402e-23 1.147887696929932420e-21
3.129682385391788113e+00 -3.710930375432102485e-21 9.938371057881902198e-22
3.130347385391359705e+00 8.828663149829109759e-22 8.831647771676895039e-22
3.131012385390931296e+00 -8.627359183479318261e-22 9.981694259253780039e-22
3.131677385390502888e+00 1.458703640941392156e-22 9.023895783289796695e-22
3.132342385390074480e+00 -2.061836451496333285e-21 6.718371066039045213e-22
3.133007385389646071e+00 -1.396448677235230264e-21 5.955159348854025717e-22
3.133672385389217663e+00 -1.992945939097594229e-22 4.690570522133738986e-22
3.134337385388789254e+00 -2.946270193351397748e-21 8.967704175034189037e-22
3.135002385388360846e+00 -8.394402180430367392e-22 8.320602994306092792e-22
3.135667385387932438e+00 8.440806437687326204e-22 7.581180422670439732e-22
3.136332385387504029e+00 -1.216755409352812243e-21 5.711175435067050140e-22
3.136997385387075621e+00 2.738714658828542441e-22 5.100170272857481382e-22
3.137662385386647212e+00 2.984861797131796488e-22 7.397270879560754677e-22
3.138327385386218804e+00 -9.712853104662926865e-22 5.868614386184147563e-22
3.138992385385790396e+00 4.425886841597725851e-23 5.701049102135561264e-22
3.139657385385361987e+00 6.374748741574684505e-22 5.943154605032947049e-22
3.140322385384933579e+00 1.295909949582050791e-21 8.025341787262730346e-22
3.140987385384505171e+00 1.706599137383862991e-21 7.611961510274026080e-22
3.141652385384076762e+00 9.134252567393895562e-22 6.679608992177044749e-22
3.142317385383648354e+00 7.725529181020061400e-22 7.036742653578494258e-22
3.142982385383219945e+00 1.513765625103472812e-21 6.320914159044501726e-22
3.143647385382791537e+00 -4.956017783524550072e-22 5.558608925664273173e-22
3.144312385382363129e+00 -4.297989769520078351e-22 6.220806129452775351e-22
3.144977385381934720e+00 -1.377121376177987301e-21 4.823153418763763567e-22
3.145642385381506312e+00 -7.146641806228199895e-22 5.208670598009459070e-22
3.146307385381077903e+00 3.269173663607102783e-22 5.639640881483370055e-22
3.146972385380649495e+00 1.356905718012554659e-21 7.520668003531032356e-22
3.147637385380221087e+00 -4.053563996999219763e-22 7.102124217636482273e-22
3.148302385379792678e+00 -8.021004541032398260e-22 6.655758026846630159e-22
3.148967385379364270e+00 -1.312288457388453107e-21 7.401871888983125137e-22
3.149632385378935862e+00 3.148407418490725169e-21 9.822811441076415475e-22
3.150297385378507453e+00 -3.527725801569113637e-22 5.713223968126710326e-22
3.150962385378079045e+00 -9.898571929996993310e-22 8.013371371655545153e-22
3.151627385377650636e+00 2.111321953303743763e-22 5.824346837002055444e-22
3.152292385377222228e+00 2.022769794390432908e-21 6.994291675949809080e-22
3.152957385376793820e+00 5.481116099360490051e-22 8.320239907667774955e-22
3.153622385376365411e+00 9.197151752708389234e-23 6.859147660552197914e-22
3.154287385375937003e+00 5.117564070693967163e-22 6.801473707952938749e-22
3.154952385375508594e+00 9.304946823931164301e-22 9.238857043719829990e-22
3.155617385375080186e+00 1.983828446771221940e-21 5.304790037113669576e-22
3.156282385374651778e+00 3.983051423261301828e-22 5.993717545583871758e-22
3.156947385374223369e+00 3.267582400136310482e-21 6.122758774323147213e-22
3.157612385373794961e+00 3.544819366956109089e-22 7.063321742285445281e-22
3.158277385373366553e+00 7.756668386005380411e-22 7.565663755266997427e-22
3.158942385372938144e+00 -3.763886548146966469e-22 8.086672345955969741e-22
3.159607385372509736e+00 1.038426199287790010e-21 8.355253567957578905e-22
3.160272385372081327e+00 6.128276741763538325e-22 7.594272927469827805e-22
3.160937385371652919e+00 -1.493549518256722599e-21 5.250471220726769901e-22
3.161602385371224511e+00 2.841009183775796339e-21 4.554542591897343936e-22
3.162267385370796102e+00 1.320989826881954790e-21 7.346879700438478958e-22
3.162932385370367694e+00 1.110514957859756168e-21 7.427469838519718002e-22
3.163597385369939285e+00 5.856584953504715351e-22 6.023579990214158260e-22
3.164262385369510877e+00 7.918518433879710712e-22 5.965409611138789480e-22
3.164927385369082469e+00 1.105842755637222317e-21 9.831155692584989792e-22
3.165592385368654060e+00 5.903536195606144478e-22 9.569418960897329854e-22
3.166257385368225652e+00 2.665073019918094175e-21 5.000821781641794722e-22
3.166922385367797244e+00 5.849753826540493431e-22 6.154916149930075478e-22
3.167587385367368835e+00 3.793590404619102366e-22 5.811523235387703873e-22
3.168252385366940427e+00 1.567142008162096648e-21 7.570325547064810590e-22
3.168917385366512018e+00 -6.953606772675400709e-22 9.416743601939647664e-22
3.169582385366083610e+00 -5.898959598812801281e-22 7.031452631406237776e-22
3.170247385365655202e+00 1.268731958988781602e-21 6.669284956254665985e-22
3.170912385365226793e+00 -7.563344317779202538e-22 5.294204754952565270e-22
3.171577385364798385e+00 -9.689439558527024998e-22 7.309892703967113962e-22
3.172242385364369976e+00 1.644015425367221763e-22 8.254794248708995718e-22
3.172907385363941568e+00 3.900868661007446108e-21 5.403814970036015985e-22
3.173572385363513160e+00 2.160475206412967715e-21 4.245554413371997895e-22
3.174237385363084751e+00 4.108049565912587856e-23 6.370995847935259957e-22
3.174902385362656343e+00 2.104581334484933079e-22 6.600626448119894232e-22
3.175567385362227935e+00 1.250863004278282239e-21 5.575904579200282522e-22
3.176232385361799526e+00 1.696215067674474362e-21 7.784459219078686457e-22
3.176897385361371118e+00 9.056267884705640049e-22 5.297157408445787977e-22
3.177562385360942709e+00 -8.672458491473239029e-23 5.448702951938476752e-22
3.178227385360514301e+00 1.886490364700365244e-21 4.703898084250945775e-22
3.178892385360085893e+00 3.308450693780901399e-21 5.049422482144939059e-22
3.179557385359657484e+00 1.600915950325250755e-21 4.035555432333367580e-22
3.180222385359229076e+00 -8.938052208935868785e-22 4.134212406346891272e-22
3.180887385358800667e+00 -1.572279572211898123e-21 4.157246655570421809e-22
3.181552385358372259e+00 -1.615604557108694953e-21 5.004042196487066240e-22
3.182217385357943851e+00 1.582852568965410741e-21 5.171195025276993164e-22
3.182882385357515442e+00 1.076292216549147692e-21 6.228150684713437305e-22
3.183547385357087034e+00 -1.383188782477893809e-22 4.496159742262375463e-22
3.184212385356658626e+00 7.343106437624064599e-22 6.637332277725640507e-22
3.184877385356230217e+00 3.067530790110896395e-22 6.669462307761425022e-22
3.185542385355801809e+00 3.418505897505697816e-22 6.089914617092341335e-22
3.186207385355373400e+00 -1.101866774543600234e-21 5.382711439488432608e-22
3.186872385354944992e+00 -8.052335835495690330e-22 7.366394989659648002e-22
3.187537385354516584e+00 7.940421646121988848e-23 8.450083545546769836e-22
3.188202385354088175e+00 1.555069010680268888e-21 1.035116893655759236e-21
3.188867385353659767e+00 9.621467469198357850e-22 6.603446027965812138e-22
3.189532385353231358e+00 1.334580827945078620e-21 6.552157971582693725e-22
3.190197385352802950e+00 -1.273655724869671741e-21 4.603033396642994472e-22
3.190862385352374542e+00 -5.842910620163576949e-22 6.189441968534755585e-22
3.191527385351946133e+00 5.995537552580767875e-22 9.227838775462754885e-22
3.192192385351517725e+00 1.917338522170127827e-21 9.083328371686597966e-22
3.192857385351089317e+00 -3.150387201425288466e-22 6.826561701219434792e-22
3.193522385350660908e+00 1.621608197466296382e-23 6.623056879902439181e-22
3.194187385350232500e+00 -3.842485059318751397e-22 7.508178429530837615e-22
3.194852385349804091e+00 1.838900920926932933e-22 6.797417962057687663e-22
3.195517385349375683e+00 -3.151007105445663493e-24 8.352083173414216344e-22
3.196182385348947275e+00 1.350305748477939132e-21 6.650819511413466128e-22
3.196847385348518866e+00 -2.009707022562141086e-21 6.161870148606960060e-22
3.197512385348090458e+00 1.572565658287679236e-21 7.656178427372130600e-22
3.198177385347662049e+00 2.146962572833114306e-21 4.082904518070047352e-22
3.198842385347233641e+00 1.560568782634813557e-21 7.028613953278638322e-22
3.199507385346805233e+00 3.037611214669723565e-21 1.032296208125033186e-21
3.200172385346376824e+00 3.771203393772287516e-22 7.318902939147129278e-22
3.200837385345948416e+00 1.137842182800802627e-21 6.742335253671140547e-22
3.201502385345520008e+00 3.185588767282819914e-21 7.170776694550883689e-22
3.202167385345091599e+00 1.194258345632421711e-21 4.905245002763419143e-22
3.202832385344663191e+00 -1.601296315817815818e-21 7.159934674593710220e-22
3.203497385344234782e+00 4.033801716024225733e-23 6.888516246190706552e-22
3.204162385343806374e+00 -1.776627536024746715e-21 5.333107815521366990e-22
3.204827385343377966e+00 1.202073513805727933e-23 5.920878513314384206e-22
3.205492385342949557e+00 -1.742328189322321223e-21 5.923572300594241981e-22
3.206157385342521149e+00 -6.725917665734052524e-23 5.636173341507043780e-22
3.206822385342092741e+00 5.648646424724579707e-22 5.901290527548641792e-22
3.207487385341664332e+00 -1.265574382288782090e-21 5.660190531913382631e-22
3.208152385341235924e+00 -1.767336596842587529e-21 6.437923487959301644e-22
3.208817385340807515e+00 3.716645181751103074e-22 5.770270297987349418e-22
3.209482385340379107e+00 9.724911805706555903e-22 4.880021848419767063e-22
3.210147385339950699e+00 7.111471312767181289e-22 7.383248322347253677e-22
3.210812385339522290e+00 -8.945660486035154632e-22 4.984727955801930846e-22
3.211477385339093882e+00 3.382115364890654230e-22 4.947488945160055026e-22
3.212142385338665473e+00 1.481402835143435570e-21 4.195511049944214918e-22
3.212807385338237065e+00 8.002608535925851859e-22 5.173928616327245503e-22
3.213472385337808657e+00 4.813681699531009409e-22 5.186860670362576308e-22
3.214137385337380248e+00 1.200589454853088450e-21 5.170879781353968837e-22
3.214802385336951840e+00 -5.845162520804570782e-22 5.321688204636590548e-22
3.215467385336523432e+00 -1.404601321957049308e-21 4.368068009115475585e-22
3.216132385336095023e+00 3.168829100319590106e-22 5.125345540615248200e-22
3.216797385335666615e+00 -6.032348890414070654e-22 5.505476300435520292e-22
3.217462385335238206e+00 -6.203299905696692718e-22 5.762383745970351596e-22
3.218127385334809798e+00 -4.237468878700152690e-22 5.623408547820798133e-22
3.218792385334381390e+00 -7.573055192642632405e-22 5.999607292093712076e-22
3.219457385333952981e+00 3.694736630113938390e-22 6.808531907738023329e-22
3.220122385333524573e+00 -2.875008075606539307e-22 5.162961322594522023e-22
3.220787385333096164e+00 6.781556416563563255e-22 6.660516457506054980e-22
3.221452385332667756e+00 -3.905893190952520667e-22 5.836079715163973541e-22
3.222117385332239348e+00 6.193607840418955804e-23 6.300742570758304820e-22
3.222782385331810939e+00 5.188092409758651989e-22 5.463731927858959090e-22
3.223447385331382531e+00 -2.985430970918304326e-22 5.419900844289528786e-22
3.224112385330954123e+00 -1.018223407020611829e-21 7.822614462397168170e-22
3.224777385330525714e+00 -8.103014609779389438e-22 6.277233615318345704e-22
3.225442385330097306e+00 9.024594930760973171e-22 6.378193247775150214e-22
3.226107385329668897e+00 2.870544481805203081e-22 6.158775936936885504e-22
3.226772385329240489e+00 6.474997691474735705e-22 4.944713271138413554e-22
3.227437385328812081e+00 -3.086440091154598957e-22 6.956577862097589485e-22
3.228102385328383672e+00 -7.996062916600322991e-22 4.755865610604670452e-22
3.228767385327955264e+00 1.358517832005609233e-22 6.280993475892929695e-22
3.229432385327526855e+00 -6.412595536352689989e-22 8.298983022070678700e-22
3.230097385327098447e+00 1.221240061108193513e-21 7.430789488131638495e-22
3.230762385326670039e+00 8.894975469944462059e-22 4.910636131449811027e-22
3.231427385326241630e+00 -1.103173485487210282e-21 5.076314388521252338e-22
3.232092385325813222e+00 6.882817595097845475e-22 6.456591842678144977e-22
3.232757385325384814e+00 1.138220301664459052e-21 5.863014083563620275e-22
3.233422385324956405e+00 -1.927297572118212154e-21 8.289243178604815989e-22
3.234087385324527997e+00 -1.823880531439704383e-21 7.856558796786147695e-22
3.234752385324099588e+00 -1.265344079106963210e-21 5.677077822723509901e-22
3.235417385323671180e+00 2.198842775646012032e-21 5.249397219325619567e-22
3.236082385323242772e+00 -3.756928211417199285e-22 4.619108431530716988e-22
3.236747385322814363e+00 5.271448173449214288e-23 4.943237775659464053e-22
3.237412385322385955e+00 1.837669238467322339e-21 1.052624298190334706e-21
3.238077385321957546e+00 1.802679157497624789e-21 9.209673045944007854e-22
3.238742385321529138e+00 1.227034658731524098e-21 7.521030418205304835e-22
3.239407385321100730e+00 6.311837251406406584e-22 9.380709053949841814e-22
3.240072385320672321e+00 -3.426215971795070942e-21 6.186047631315730770e-22
3.240737385320243913e+00 -2.166249081742474951e-22 9.834419578043769288e-22
3.241402385319815505e+00 -6.918792030594922742e-22 6.918046000939315632e-22
3.242067385319387096e+00 -1.415035500917444509e-21 5.801185134388689057e-22
3.242732385318958688e+00 -8.071511512759110032e-22 6.922998021254357094e-22
3.243397385318530279e+00 4.045132114652369021e-21 7.537548804822265123e-22
3.244062385318101871e+00 9.751109534503416284e-22 5.820251747592445207e-22
3.244727385317673463e+00 2.105420009456910675e-21 4.854717422125540048e-22
3.245392385317245054e+00 9.908848277657562580e-22 9.325281588545630550e-22
3.246057385316816646e+00 -4.192419462273450815e-22 8.256555532340206999e-22
3.246722385316388237e+00 7.581440634293917280e-22 7.549897004153304417e-22
3.247387385315959829e+00 5.027976721356347346e-21 9.828828293376797003e-22
3.248052385315531421e+00 2.990057271386011613e-21 8.283691443371936618e-22
3.248717385315103012e+00 2.748726641504108051e-21 7.474962330871568927e-22
3.249382385314674604e+00 6.006782881580547264e-22 7.273788340868539693e-22
3.250047385314246196e+00 -4.343666094163178181e-22 5.800518937613617869e-22
3.250712385313817787e+00 -1.307576114016070285e-21 6.662297812090384989e-22
3.251377385313389379e+00 -2.190052641610443526e-21 6.191705151870413206e-22
3.252042385312960970e+00 2.470847232294006227e-23 7.119200671609273201e-22
3.252707385312532562e+00 1.097468823463798286e-21 6.624686915908783268e-22
3.253372385312104154e+00 1.887668710179146029e-21 5.722525808334879495e-22
3.254037385311675745e+00 1.171624738939739902e-21 5.637379131824579603e-22
3.254702385311247337e+00 2.765309246659498869e-22 5.954620351191520172e-22
3.255367385310818928e+00 3.360368024243951316e-22 7.034443697396113174e-22
3.256032385310390520e+00 -1.105529852048296704e-21 6.831322293538346632e-22
3.256697385309962112e+00 1.362650533897213560e-21 6.235423480392019494e-22
3.257362385309533703e+00 8.663112962756539842e-22 6.173657515875229495e-22
3.258027385309105295e+00 1.088767806201160672e-21 5.528463137278091845e-22
3.258692385308676887e+00 8.726368098985202105e-23 8.004124066226498616e-22
3.259357385308248478e+00 1.191870253835377293e-21 7.848932935296156965e-22
3.260022385307820070e+00 1.593923538064282843e-21 7.347310796267682718e-22
3.260687385307391661e+00 -1.693176380205003306e-21 6.860039836555826033e-22
3.261352385306963253e+00 4.282371318196743049e-22 4.989840407239232733e-22
3.262017385306534845e+00 -1.530568874742001989e-21 6.922080682689661715e-22
3.262682385306106436e+00 3.040152595010165353e-22 8.123722109239547967e-22
3.263347385305678028e+00 6.045303440226124731e-22 6.861950160054621706e-22
3.264012385305249619e+00 -3.237509777679527830e-23 7.118700843966193484e-22
3.264677385304821211e+00 -2.301711108521443619e-21 8.238414503329896342e-22
3.265342385304392803e+00 -3.107998157155050205e-22 6.034058867182019001e-22
3.266007385303964394e+00 -1.675025718724500665e-22 7.463403495929025050e-22
3.266672385303535986e+00 -2.200596117111762627e-22 7.429123890641173628e-22
3.267337385303107578e+00 -4.089342110201581120e-22 7.169863049786925896e-22
3.268002385302679169e+00 -1.311224216046576381e-21 6.407076314554357435e-22
3.268667385302250761e+00 -1.444214525710622612e-21 4.445596547337828568e-22
3.269332385301822352e+00 -5.969380182190643482e-22 7.120381244613275309e-22
3.269997385301393944e+00 -9.608303903134194638e-22 6.906131914814889367e-22
3.270662385300965536e+00 2.536590423130900980e-23 8.220077294666387992e-22
3.271327385300537127e+00 2.714188948444663184e-21 7.161662478353248905e-22
3.271992385300108719e+00 -2.011673641419322116e-22 7.626416530448374744e-22
3.272657385299680310e+00 6.031732963727666077e-22 4.253122518867501828e-22
3.273322385299251902e+00 9.068587737887170395e-22 5.721488849639523342e-22
3.273987385298823494e+00 -1.000153407965249569e-21 5.985544518752059423e-22
3.274652385298395085e+00 3.828290011197465811e-22 5.698939181318364370e-22
3.275317385297966677e+00 4.768959127389952228e-22 3.742652452330452767e-22
3.275982385297538269e+00 5.973904294664457805e-22 6.131148256342053016e-22
3.276647385297109860e+00 -3.672794572121223731e-22 5.825794700588614986e-22
3.277312385296681452e+00 -1.802777126860802099e-21 7.317381484282749872e-22
3.277977385296253043e+00 6.568501271927631452e-22 7.041438327061737094e-22
3.278642385295824635e+00 1.371698834806355633e-21 5.224840973049169708e-22
3.279307385295396227e+00 -3.739663657621220775e-22 6.986241975021190049e-22
3.279972385294967818e+00 7.443541109578883931e-22 5.217169181198932391e-22
3.280637385294539410e+00 -3.945163019909611861e-23 4.149409381390980983e-22
3.281302385294111001e+00 -1.371317934907332836e-21 7.113169028381044008e-22
3.281967385293682593e+00 7.888678954328857949e-22 4.897972722530543727e-22
3.282632385293254185e+00 5.623629971806188202e-22 3.975239374895363806e-22
3.283297385292825776e+00 -1.128796466798841561e-21 5.387180078562365515e-22
3.283962385292397368e+00 -1.113734598430029707e-21 7.889202457604796396e-22
3.284627385291968960e+00 -3.302519977983919172e-22 6.431467510735515554e-22
3.285292385291540551e+00 -8.639327071461457399e-23 5.404073847401945637e-22
3.285957385291112143e+00 1.566730015074922487e-21 5.068661850908047651e-22
3.286622385290683734e+00 1.933606567231049037e-21 4.569326366005074026e-22
3.287287385290255326e+00 6.339143194808593304e-22 4.900159954112989978e-22
3.287952385289826918e+00 2.696055756657387277e-22 7.959506456022132262e-22
3.288617385289398509e+00 8.569672798841925004e-22 7.230243058679316304e-22
3.289282385288970101e+00 1.579947904199998106e-21 6.307286761449933204e-22
3.289947385288541692e+00 -2.144790907644833870e-22 6.923159678758608735e-22
3.290612385288113284e+00 -8.811865791567799601e-22 5.810007810761668014e-22
3.291277385287684876e+00 -3.794828114197583860e-22 5.762231148469721937e-22
3.291942385287256467e+00 -3.753987556814863300e-22 8.085295260496367790e-22
3.292607385286828059e+00 -5.405660897937482657e-22 7.466929609883268880e-22
3.293272385286399651e+00 2.085237993314944232e-22 6.063300728485047455e-22
3.293937385285971242e+00 1.082680474689869634e-21 6.864603579097135018e-22
3.294602385285542834e+00 1.444379837271233585e-21 4.399777970427180691e-22
3.295267385285114425e+00 1.524411990156374063e-21 5.460715620796820211e-22
3.295932385284686017e+00 -1.228248507569941943e-21 5.462371512486339220e-22
3.296597385284257609e+00 -3.722229830574724578e-22 4.622392907600063702e-22
3.297262385283829200e+00 -9.308721209910823860e-23 5.513984631905541486e-22
3.297927385283400792e+00 -1.160237647693958104e-21 6.559351027849273339e-22
3.298592385282972383e+00 7.675000989348133725e-22 5.966442751258863706e-22
3.299257385282543975e+00 2.233703716604309103e-21 4.372434090381140430e-22
3.299922385282115567e+00 -1.266933143940979866e-21 6.341263123220370235e-22
3.300587385281687158e+00 -1.376423218345203878e-21 5.497997444591253727e-22
3.301252385281258750e+00 2.822226126781245618e-21 5.681653519064088376e-22
3.301917385280830342e+00 3.910812852240162845e-21 7.443334194440716578e-22
3.302582385280401933e+00 6.980680837747001075e-22 5.113396297417546552e-22
3.303247385279973525e+00 3.116028247126102485e-22 7.511166573353573653e-22
3.303912385279545116e+00 9.324358362981471148e-22 7.015206632197841434e-22
3.304577385279116708e+00 1.561982914370923866e-22 4.396585954020925807e-22
3.305242385278688300e+00 6.171583256235190744e-22 4.645582821738284300e-22
3.305907385278259891e+00 -8.284613460259123300e-22 9.278763037631827872e-22
3.306572385277831483e+00 2.423691876049448744e-21 8.765221182339583334e-22
3.307237385277403074e+00 6.371569285133962577e-22 9.125010492943636749e-22
3.307902385276974666e+00 3.601641964311816333e-22 6.655536273723366349e-22
3.308567385276546258e+00 2.969564708954049884e-22 6.833584468772801525e-22
3.309232385276117849e+00 -6.068962085509396811e-22 5.390710836491135028e-22
3.309897385275689441e+00 2.132355206478266772e-21 6.627159167602302551e-22
3.310562385275261033e+00 2.348251665119226589e-21 6.266541135897979371e-22
3.311227385274832624e+00 1.704083546427073841e-21 9.036132181910326769e-22
3.311892385274404216e+00 1.143444467247254515e-21 7.873840027625153939e-22
3.312557385273975807e+00 1.043770236128027964e-21 4.440266884192398493e-22
3.313222385273547399e+00 4.960702322227859041e-22 8.022473074719439718e-22
3.313887385273118991e+00 6.833749518172139484e-23 6.678810859920712168e-22
3.314552385272690582e+00 -1.100133050315525898e-22 8.454503450619659153e-22
3.315217385272262174e+00 -1.881943588899044445e-21 4.657092295407994011e-22
3.315882385271833765e+00 -5.678584357432055140e-22 4.992799916862967022e-22
3.316547385271405357e+00 9.685932080314811355e-22 6.611333095390839788e-22
3.317212385270976949e+00 3.798573797248929919e-22 5.434573177874734914e-22
3.317877385270548540e+00 7.341691370806869110e-22 6.308255177910166668e-22
3.318542385270120132e+00 7.737037114947775953e-22 4.809369513297864134e-22
3.319207385269691724e+00 9.304842152309927237e-22 7.165584875468663442e-22
3.319872385269263315e+00 1.948521141580768055e-22 6.401769160406727118e-22
3.320537385268834907e+00 1.957289956062957418e-22 6.381876496576885284e-22
3.321202385268406498e+00 -5.128869460470445065e-22 5.203235842942689712e-22
3.321867385267978090e+00 -1.131272102060257970e-21 5.949007950559874028e-22
3.322532385267549682e+00 -2.187512208699446588e-21 5.179606254853001035e-22
3.323197385267121273e+00 3.539722497586287389e-22 5.644323863647778956e-22
3.323862385266692865e+00 -4.469891961514433120e-22 4.591809583198235133e-22
3.324527385266264456e+00 -1.197744056171163607e-21 4.390276110824076568e-22
3.325192385265836048e+00 -5.221219277965666727e-22 4.872239570485804299e-22
3.325857385265407640e+00 5.316938021333332061e-22 5.006285087094439634e-22
3.326522385264979231e+00 8.016100764276905490e-23 5.860224830514675183e-22
3.327187385264550823e+00 -6.203535694384126416e-22 4.734723359544649059e-22
3.327852385264122415e+00 -1.857369136863151472e-22 4.679373087896747193e-22
3.328517385263694006e+00 1.141648768808777141e-23 4.692498783134641602e-22
3.329182385263265598e+00 -3.295414052439389604e-22 4.024461954982615440e-22
3.329847385262837189e+00 1.372287508157743475e-21 5.318540132667577791e-22
3.330512385262408781e+00 2.001271108177260001e-22 5.277435063791541232e-22
3.331177385261980373e+00 -3.776820180785406864e-22 5.667734726659760352e-22
3.331842385261551964e+00 -5.551960904068573850e-22 4.721342645459631601e-22
3.332507385261123556e+00 6.250371285940134646e-22 5.269320220591650208e-22
3.333172385260695147e+00 -1.315891955346860391e-21 5.142756365069404552e-22
3.333837385260266739e+00 -1.030368520981329763e-21 9.273034122607319015e-22
3.334502385259838331e+00 -1.072048929606330085e-21 5.356305512715433956e-22
3.335167385259409922e+00 5.705076784934547422e-22 4.768747816166992778e-22
3.335832385258981514e+00 1.092861621433466774e-21 6.152952356326220417e-22
3.336497385258553106e+00 -6.780535207593921116e-22 5.077279838569965353e-22
3.337162385258124697e+00 -7.951256128160512904e-22 5.180932339431948031e-22
3.337827385257696289e+00 -9.430510797477328098e-22 5.433468873921607810e-22
3.338492385257267880e+00 -6.616095194312258008e-22 3.757617213084035561e-22
3.339157385256839472e+00 -1.313103087054637855e-22 5.764229895521557579e-22
3.339822385256411064e+00 -1.414071079223058467e-21 6.119956198452253098e-22
3.340487385255982655e+00 1.430006520008986163e-22 5.280315533306140249e-22
3.341152385255554247e+00 -2.480091951016931795e-21 6.192457763331514929e-22
3.341817385255125838e+00 5.021601483653464563e-23 3.347067263868961511e-22
3.342482385254697430e+00 1.838141288908697131e-21 6.180338915213776125e-22
3.343147385254269022e+00 1.833079433328549688e-23 6.189839872234825060e-22
3.343812385253840613e+00 1.100746365527815607e-21 5.003178612986921737e-22
3.344477385253412205e+00 -4.840485964984368226e-22 7.216418481413066265e-22
3.345142385252983797e+00 -3.879947211120761095e-22 5.593545257164409588e-22
3.345807385252555388e+00 -3.360989644654273742e-22 5.570216109637611650e-22
3.346472385252126980e+00 1.650624826319799918e-21 6.607258657501078514e-22
3.347137385251698571e+00 5.962995678242434468e-22 5.670515021794408379e-22
3.347802385251270163e+00 -6.318166355231603700e-24 7.730528360113551727e-22
3.348467385250841755e+00 -1.977450106010648327e-21 8.945988178723415225e-22
3.349132385250413346e+00 -4.714164926233570729e-22 4.387479128091720255e-22
3.349797385249984938e+00 -5.903788054977070954e-22 5.771454590020289320e-22
3.350462385249556529e+00 -5.929299003036559840e-22 5.193587045259233229e-22
3.351127385249128121e+00 1.038375233821076781e-22 9.065016247374629180e-22
3.351792385248699713e+00 2.039568262733717098e-21 8.318217337285829342e-22
3.352457385248271304e+00 2.225211990044242025e-21 6.942323482884048123e-22
3.353122385247842896e+00 7.462827506884874730e-22 8.896859173452983524e-22
3.353787385247414488e+00 -1.708180616040764358e-22 6.873280500322686769e-22
3.354452385246986079e+00 -9.510433559152236326e-23 8.035314559470396054e-22
3.355117385246557671e+00 4.055969510312490749e-22 5.839613056811154899e-22
3.355782385246129262e+00 1.250988695470074617e-22 5.836742781630710159e-22
3.356447385245700854e+00 6.991653585511291555e-22 5.020109127425953109e-22
3.357112385245272446e+00 1.077580489357302258e-21 4.253858324532079487e-22
3.357777385244844037e+00 1.659843813088284185e-21 6.375784687211971033e-22
3.358442385244415629e+00 1.074209005321561145e-21 4.289131057073870689e-22
3.359107385243987220e+00 -5.139797149828090916e-22 5.324127764480704349e-22
3.359772385243558812e+00 1.229463011159574598e-21 5.617908350490496225e-22
3.360437385243130404e+00 1.526493521651598607e-21 5.455530089315061663e-22
3.361102385242701995e+00 1.166161535413868597e-21 4.192653642243445306e-22
3.361767385242273587e+00 2.100002689101786151e-21 5.546269736214539402e-22
3.362432385241845179e+00 1.011509297553922115e-21 4.998909125580253168e-22
3.363097385241416770e+00 1.179754418795198322e-21 4.910925067540666313e-22
3.363762385240988362e+00 1.383493506144563060e-22 8.987093888745519429e-22
3.364427385240559953e+00 -1.413040506144668453e-21 6.813970801372962477e-22
3.365092385240131545e+00 -5.045162818731017715e-22 5.874334545884159303e-22
3.365757385239703137e+00 6.531035108434904448e-22 6.684804298434953402e-22
3.366422385239274728e+00 1.516581926017225716e-21 5.654128358921616870e-22
3.367087385238846320e+00 8.512345477549682829e-22 5.650375750087628222e-22
3.367752385238417911e+00 1.154662609398744638e-21 5.765743357512200358e-22
3.368417385237989503e+00 4.471585021150280122e-22 8.561357702756229901e-22
3.369082385237561095e+00 -1.477541057220081587e-21 6.634503392698697057e-22
3.369747385237132686e+00 -3.064012082753617566e-22 5.598494607304655037e-22
3.370412385236704278e+00 1.079502414854701559e-21 6.585990969095285756e-22
3.371077385236275870e+00 1.010701178537598136e-21 5.914320490084243200e-22
3.371742385235847461e+00 -7.396305345852378608e-22 7.166157521958505669e-22
3.372407385235419053e+00 -8.249232699502526890e-22 5.543665445650862738e-22
3.373072385234990644e+00 -1.577992095662912371e-21 4.632208142853692720e-22
3.373737385234562236e+00 5.812975758066746712e-22 5.658331515072954644e-22
3.374402385234133828e+00 1.431079007215622457e-21 6.087978788737182604e-22
3.375067385233705419e+00 1.111215776006283331e-21 6.636504648232126394e-22
3.375732385233277011e+00 6.733465307023984212e-22 7.067616116683153876e-22
3.376397385232848602e+00 5.304485422448006329e-22 5.650952250684388145e-22
3.377062385232420194e+00 -9.253645612668729322e-22 3.535114600380152852e-22
3.377727385231991786e+00 -1.505467095647656118e-22 5.807367263237595673e-22
3.378392385231563377e+00 1.792339663447978096e-22 6.026943152108317697e-22
3.379057385231134969e+00 2.474662623425307505e-21 7.029213902575515974e-22
3.379722385230706561e+00 1.778681022616453043e-21 6.578585389094942404e-22
3.380387385230278152e+00 -9.267742322398571620e-22 4.705766614662144804e-22
3.381052385229849744e+00 3.655130825395312768e-22 4.917470306235784819e-22
3.381717385229421335e+00 1.519541940453116857e-21 5.306801776055336016e-22
3.382382385228992927e+00 5.942604133518656210e-22 4.437850580885493152e-22
3.383047385228564519e+00 -1.951213133447700475e-22 4.681956563208381702e-22
3.383712385228136110e+00 4.343119366689977946e-22 6.723617925088501704e-22
3.384377385227707702e+00 6.460042325489393555e-22 5.748977197552524873e-22
3.385042385227279294e+00 -7.531955609402681696e-23 5.406810366854783796e-22
3.385707385226850885e+00 -1.500070183400260354e-21 3.870727013077310659e-22
3.386372385226422477e+00 6.812590972598807596e-22 4.303304393284206165e-22
3.387037385225994068e+00 -2.700912492968487350e-22 6.602636989866193289e-22
3.387702385225565660e+00 3.487010417470580489e-22 6.634596723047206414e-22
3.388367385225137252e+00 8.224367608606084782e-22 5.773577166354973316e-22
3.389032385224708843e+00 -1.170263747677254314e-22 4.038107930830667514e-22
3.389697385224280435e+00 -1.910215486597122523e-21 6.001653970993142365e-22
3.390362385223852026e+00 7.327164591715273954e-22 8.382196488848961292e-22
3.391027385223423618e+00 1.991528310719837659e-21 5.520240667308973754e-22
3.391692385222995210e+00 -1.917232253220815946e-21 7.952415042527821350e-22
3.392357385222566801e+00 2.650432960166202036e-22 4.954923361777640904e-22
3.393022385222138393e+00 -1.037318597544695609e-21 3.978642200626440469e-22
3.393687385221709985e+00 -7.567160094120963559e-22 7.122239103093071311e-22
3.394352385221281576e+00 -3.181082153897307417e-22 6.955420996316190404e-22
3.395017385220853168e+00 -1.978099628654616994e-23 6.513265372704735559e-22
3.395682385220424759e+00 8.883122035563963963e-22 6.512980325513382573e-22
3.396347385219996351e+00 -6.368828161064296524e-22 4.098623008127581976e-22
3.397012385219567943e+00 -2.359788010471402187e-21 5.599765036895908356e-22
3.397677385219139534e+00 -1.269296979523673554e-21 5.164715958575857383e-22
3.398342385218711126e+00 2.067271848895709206e-21 4.827917560395770083e-22
3.399007385218282717e+00 1.220789435903006237e-21 4.532721828653744002e-22
3.399672385217854309e+00 -5.751003537662872717e-22 3.792544240770495566e-22
3.400337385217425901e+00 5.468348383871871285e-22 6.970688775869119793e-22
3.401002385216997492e+00 -3.258305441368371564e-22 3.918888582542785218e-22
3.401667385216569084e+00 -1.849318595721860515e-22 6.259886998360981204e-22
3.402332385216140676e+00 -8.497377470924815682e-22 5.758424876593196611e-22
3.402997385215712267e+00 4.938183489869014266e-22 6.399903172582082628e-22
3.403662385215283859e+00 8.529576000085721117e-22 6.318066821068216417e-22
3.404327385214855450e+00 8.098752887147100418e-22 7.185416711752519830e-22
3.404992385214427042e+00 2.440683381106157318e-21 6.066699785587405787e-22
3.405657385213998634e+00 1.583632399285311692e-21 5.138730811409035114e-22
3.406322385213570225e+00 1.531217667480620733e-21 4.588147449354198442e-22
3.406987385213141817e+00 7.358789339523323794e-22 3.658856702233436483e-22
3.407652385212713408e+00 1.311938606658831740e-21 3.313051038556069365e-22
3.408317385212285000e+00 -6.537243390660794913e-22 4.835097593641239027e-22
3.408982385211856592e+00 9.440447599599525687e-22 5.612640147773385490e-22
3.409647385211428183e+00 -3.006093633369253546e-23 4.797124415178348243e-22
3.410312385210999775e+00 1.334248650297406414e-22 5.603686885867552742e-22
3.410977385210571367e+00 -9.999182610814211073e-23 5.397240226843639963e-22
3.411642385210142958e+00 9.872616784877832511e-23 5.267926863501369709e-22
3.412307385209714550e+00 1.240885554482914146e-21 5.860080268031171154e-22
3.412972385209286141e+00 7.704817954138523158e-22 4.386033153942647520e-22
3.413637385208857733e+00 9.151827790954805387e-22 3.988675475887237413e-22
3.414302385208429325e+00 1.132307985416101050e-21 5.540572365562282116e-22
3.414967385208000916e+00 1.200923548483866227e-21 4.923301755172269040e-22
3.415632385207572508e+00 2.022216049087226398e-21 7.450116573069824637e-22
3.416297385207144099e+00 5.555711481100556134e-22 4.976996692938097159e-22
3.416962385206715691e+00 -7.480320120388127436e-22 4.649485659981449348e-22
3.417627385206287283e+00 6.528931979186394322e-22 6.726492285826906381e-22
3.418292385205858874e+00 8.559705206896138247e-22 8.802549679731144644e-22
3.418957385205430466e+00 2.796773647187621279e-22 5.295454444695458360e-22
3.419622385205002058e+00 -1.703186805436970685e-21 4.779654291150248442e-22
3.420287385204573649e+00 -2.084281071419598254e-22 4.727941667429878002e-22
3.420952385204145241e+00 -2.368142943241077325e-21 4.866022170731357084e-22
3.421617385203716832e+00 -1.291927447321035266e-22 5.865044959246755758e-22
3.422282385203288424e+00 8.099562211789441778e-22 5.862905353487962031e-22
3.422947385202860016e+00 5.016606377923312754e-22 8.853234745501369403e-22
3.423612385202431607e+00 7.558136941640538194e-22 5.585668374532873295e-22
3.424277385202003199e+00 7.599105806736418821e-22 7.220847999681963356e-22
3.424942385201574790e+00 -3.969014460044678077e-22 9.259427100915718898e-22
3.425607385201146382e+00 5.211159503251353948e-22 5.186962273178906174e-22
3.426272385200717974e+00 -1.209173252105146545e-21 4.072994496524955709e-22
3.426937385200289565e+00 -1.059176335424044716e-21 4.145871502982180947e-22
3.427602385199861157e+00 -3.946905087161921325e-22 5.386943747847764706e-22
3.428267385199432749e+00 -3.713144328333963000e-22 3.908983625504989895e-22
3.428932385199004340e+00 -8.663911858798631502e-22 5.874447643539674734e-22
3.429597385198575932e+00 9.435972528974256509e-22 3.486743005037652567e-22
3.430262385198147523e+00 1.567678376202571711e-21 6.756760899688260305e-22
3.430927385197719115e+00 -3.901047995170984010e-22 5.019331460927451400e-22
3.431592385197290707e+00 -1.934356746176056594e-22 7.031824987235495068e-22
3.432257385196862298e+00 5.725048013420523235e-22 5.786754705980469798e-22
3.432922385196433890e+00 2.017307883457666359e-21 5.518705370757311696e-22
3.433587385196005481e+00 7.981816912811040337e-22 9.962633007051462392e-22
3.434252385195577073e+00 4.441756749364309299e-22 5.121976305113385193e-22
3.434917385195148665e+00 1.585177994633822680e-21 4.637628779526371101e-22
3.435582385194720256e+00 2.585071994827681694e-22 8.765384456999835914e-22
3.436247385194291848e+00 -7.572593418716605293e-22 5.421351558198372778e-22
3.436912385193863440e+00 -4.064397678222031427e-22 4.283756972019684371e-22
3.437577385193435031e+00 1.638533758949402737e-22 8.814619739380135500e-22
3.438242385193006623e+00 -2.315493042018879732e-21 4.275719885420158559e-22
3.438907385192578214e+00 -1.270973506009512477e-21 6.404609346322251296e-22
3.439572385192149806e+00 -1.308637294538426093e-21 5.654977668853365721e-22
3.440237385191721398e+00 -6.110540049574172280e-22 7.638356502414558676e-22
3.440902385191292989e+00 -1.450581332873033709e-21 6.652384314263972795e-22
3.441567385190864581e+00 1.076093646074881150e-22 8.418593051618239455e-22
3.442232385190436172e+00 1.134683067703685401e-21 5.757556250301976193e-22
3.442897385190007764e+00 1.390611158797485851e-21 5.112401767259072402e-22
3.443562385189579356e+00 1.958401136056675035e-21 5.782865156971485992e-22
3.444227385189150947e+00 3.818397411703526461e-22 3.988520628657021213e-22
3.444892385188722539e+00 1.832805981767254302e-21 4.168476273944233552e-22
3.445557385188294131e+00 8.217118445839118106e-23 6.400514927449516844e-22
3.446222385187865722e+00 8.871685731720692732e-23 6.731167709200587234e-22
3.446887385187437314e+00 1.244188756527365718e-21 6.207819883905061289e-22
3.447552385187008905e+00 6.448326167548504489e-22 5.665779185861552468e-22
3.448217385186580497e+00 1.098436891663839956e-21 4.322633517174823601e-22
3.448882385186152089e+00 2.752295704367306013e-22 6.438647784937518867e-22
3.449547385185723680e+00 7.521606968678524222e-22 5.082985062344402845e-22
3.450212385185295272e+00 -8.711823977069673874e-22 5.843920026547298164e-22
3.450877385184866863e+00 -1.894791025694566742e-23 4.725308495398724173e-22
3.451542385184438455e+00 9.482349097301374683e-22 4.613236883008985524e-22
3.452207385184010047e+00 1.022874472601786115e-21 5.393077396385978312e-22
3.452872385183581638e+00 9.686436008334838092e-22 5.658364498491540678e-22
3.453537385183153230e+00 2.436699350784140028e-22 6.777829186103767727e-22
3.454202385182724822e+00 7.823381992278033382e-22 4.672736994914398273e-22
3.454867385182296413e+00 5.516171769644541282e-22 5.468699197541393150e-22
3.455532385181868005e+00 -2.137963937946367682e-23 6.358645062601122699e-22
3.456197385181439596e+00 1.153180432784631879e-22 7.788743306679351309e-22
3.456862385181011188e+00 -2.097732460586998090e-21 5.478446451994816864e-22
3.457527385180582780e+00 4.647656980286467157e-22 7.007631268044944379e-22
3.458192385180154371e+00 2.094311032970228658e-23 5.054740000449728596e-22
3.458857385179725963e+00 2.026203635322084299e-22 7.522944472365267723e-22
3.459522385179297554e+00 1.555658241351819523e-21 4.048072653169524838e-22
3.460187385178869146e+00 9.946467192144551937e-22 6.462897628891478520e-22
3.460852385178440738e+00 -5.904238825749098053e-22 6.093301411404199890e-22
3.461517385178012329e+00 -6.055906358333349144e-22 3.791171081951853859e-22
3.462182385177583921e+00 1.740514239698111804e-22 5.788902794748647172e-22
3.462847385177155513e+00 2.023783442289043172e-22 4.571105295143360186e-22
3.463512385176727104e+00 3.060536643619778305e-22 5.317649421863109392e-22
3.464177385176298696e+00 -5.681241973680793515e-23 4.001410721174272542e-22
3.464842385175870287e+00 -1.815046488641998697e-21 6.774256136053365760e-22
3.465507385175441879e+00 -6.962247849430362322e-22 5.591623961808892384e-22
3.466172385175013471e+00 -2.650947048099123005e-22 4.751332172546969800e-22
3.466837385174585062e+00 6.510169445858667133e-22 8.309315144942250219e-22
3.467502385174156654e+00 1.975048248708945736e-22 4.399869791095871113e-22
3.468167385173728245e+00 5.853181024509257764e-22 5.785972126543007874e-22
3.468832385173299837e+00 6.832209298376083310e-22 6.812650802008821104e-22
3.469497385172871429e+00 1.565655667850716246e-21 5.345940778727190799e-22
3.470162385172443020e+00 1.223927339068596922e-21 6.339592656051651881e-22
3.470827385172014612e+00 -2.565216326807346160e-21 3.846167480661376000e-22
3.471492385171586204e+00 1.248637326532235347e-22 5.253138808062026987e-22
3.472157385171157795e+00 1.516748815885890238e-21 3.710956640703873363e-22
3.472822385170729387e+00 9.535622653986941436e-22 4.354459892059391634e-22
3.473487385170300978e+00 2.661259914726330189e-21 8.241761825284685508e-22
3.474152385169872570e+00 1.478903204552065126e-21 4.725011032163300993e-22
3.474817385169444162e+00 2.264093365019200623e-21 3.875752550709369410e-22
3.475482385169015753e+00 2.377371002383489346e-21 5.123344072524950594e-22
3.476147385168587345e+00 1.031350903604379627e-21 5.555082599664812388e-22
3.476812385168158936e+00 1.494356348477825832e-21 4.224756073076655502e-22
3.477477385167730528e+00 -1.722003033351614031e-22 4.867777262089425721e-22
3.478142385167302120e+00 -7.100773990757735685e-22 4.960801582631050511e-22
3.478807385166873711e+00 -5.147690756912486684e-22 4.967134892668621518e-22
3.479472385166445303e+00 -5.000834857776098894e-22 4.404530770391782100e-22
3.480137385166016895e+00 -6.588758320753637160e-22 5.483065090281951727e-22
3.480802385165588486e+00 3.923889820024759256e-22 9.174185065261330522e-21
3.481467385165160078e+00 2.748255142465905870e-21 5.223422585736842461e-21
3.482132385164731669e+00 1.221836864285389469e-21 7.912475384231517767e-22
3.482797385164303261e+00 -1.282589776042337399e-21 4.915713458597423296e-22
3.483462385163874853e+00 -9.040097115804369047e-22 5.415888111960436069e-22
3.484127385163446444e+00 8.894221070192230043e-22 4.535008599779100361e-22
3.484792385163018036e+00 1.613199559336421672e-21 3.582266780904220512e-22
3.485457385162589627e+00 -5.228890758066795561e-23 6.129651892245621816e-22
3.486122385162161219e+00 1.737068461686322588e-22 5.581118702802341739e-22
3.486787385161732811e+00 -9.560908290746178159e-23 5.594594684858980930e-22
3.487452385161304402e+00 -1.145302118588657311e-21 4.733259505605595512e-22
3.488117385160875994e+00 -3.230396050441657106e-22 3.767121132626899310e-22
3.488782385160447586e+00 -7.538298746896452974e-22 5.076315198155205966e-22
3.489447385160019177e+00 -3.021509617340976099e-23 5.194553619157138961e-22
3.490112385159590769e+00 -4.156933922483207692e-21 6.220322899701380666e-22
3.490777385159162360e+00 -9.088431518317290888e-22 5.395208512734248010e-22
3.491442385158733952e+00 -1.351920711631973245e-21 5.250566549659996985e-22
3.492107385158305544e+00 -4.357801900785896303e-22 5.785894193249402680e-22
3.492772385157877135e+00 -1.197025053125507100e-21 4.859301681026391172e-22
3.493437385157448727e+00 -1.587199925133726276e-21 5.960495775421646913e-22
3.494102385157020318e+00 -1.132607098127965407e-21 4.033025897199645447e-22
3.494767385156591466e+00 2.766242152621916830e-22 3.270400992087428519e-22
3.495432385156163058e+00 2.166053453209815795e-21 5.317339144514863572e-22
3.496097385155734649e+00 3.372425733038097153e-22 4.129380004282918627e-22
3.496762385155306241e+00 -6.256924490430202233e-22 4.156633011683471312e-22
3.497427385154877832e+00 -7.099046454607182160e-22 4.062725729972607775e-22
3.498092385154449424e+00 -1.342976658605355964e-21 5.959571836189183045e-22
3.498757385154021016e+00 -9.729700648703532626e-22 9.712637000746009755e-22
3.499422385153592607e+00 6.006667621070574872e-22 6.840685686724563549e-22
3.500087385153164199e+00 9.872870851771461492e-22 6.063280973995328974e-22
3.500752385152735791e+00 1.263360894542089057e-21 6.041847064194379112e-22
3.501417385152307382e+00 2.986570361621826034e-22 6.528534776889138516e-22
3.502082385151878974e+00 -3.249956671446371149e-22 4.493572888811424005e-22
3.502747385151450565e+00 3.121887105246884119e-21 4.967987761209746451e-22
3.503412385151022157e+00 1.175562067702486904e-21 6.025648973851876687e-22
3.504077385150593749e+00 1.498401939709297978e-21 5.401487400895979701e-22
3.504742385150165340e+00 2.383101953135730451e-21 4.506181126957615655e-22
3.505407385149736932e+00 -5.386366986642277501e-22 3.540424476374311453e-22
3.506072385149308523e+00 -6.954244254817794294e-22 4.894900446685660531e-22
3.506737385148880115e+00 -9.330799923907175182e-22 3.613177089239389629e-22
3.507402385148451707e+00 -1.139146722476682720e-21 7.205806954937239901e-22
3.508067385148023298e+00 -8.246423267401878436e-22 7.895863542761922025e-22
3.508732385147594890e+00 -2.011506106620917526e-21 7.284757423406833993e-22
3.509397385147166482e+00 -7.920301851700473784e-22 3.860889025865324778e-22
3.510062385146738073e+00 -1.528230801944172075e-22 6.421102306168147157e-22
3.510727385146309665e+00 2.456280706310684335e-21 4.031951372313410382e-22
3.511392385145881256e+00 6.201737648345104957e-22 6.686401352685077699e-22
3.512057385145452848e+00 1.225005519830395216e-21 5.998061988785590871e-22
3.512722385145024440e+00 1.002410757640889429e-21 4.215668091697829517e-22
3.513387385144596031e+00 1.167745040395792584e-21 4.957462321795154400e-22
3.514052385144167623e+00 -9.297011201970690391e-22 5.416193476849074165e-22
3.514717385143739214e+00 -2.766132472071868371e-22 7.277941224279873944e-22
3.515382385143310806e+00 7.758553995150665683e-22 5.694802292727627052e-22
3.516047385142882398e+00 -1.174024099857453611e-21 7.864397954799091268e-22
3.516712385142453989e+00 -7.507667381706358587e-22 4.735512568717160534e-22
3.517377385142025581e+00 1.310538169237290281e-22 6.658839799294053535e-22
3.518042385141597173e+00 1.075826643418418667e-21 8.454677795718226615e-22
3.518707385141168764e+00 4.865468239041670763e-21 9.357336580741980227e-22
3.519372385140740356e+00 1.131996272845348783e-21 5.004274492609083416e-22
3.520037385140311947e+00 -1.033643366605790164e-21 3.916518483502353824e-22
3.520702385139883539e+00 7.684369574221980141e-22 5.881116253822333167e-22
3.521367385139455131e+00 -6.422325883146128910e-23 5.365864834484030725e-22
3.522032385139026722e+00 -6.410777371853636805e-23 4.015132381171387748e-22
3.522697385138598314e+00 7.944992684382053947e-22 6.381767784424190651e-22
3.523362385138169905e+00 -2.118531114712074414e-22 6.074546178504757593e-22
3.524027385137741497e+00 -1.509024116981143643e-21 4.896183422839240167e-22
3.524692385137313089e+00 -1.767103645796268748e-22 7.971788348618688654e-22
3.525357385136884680e+00 8.477472903470148818e-22 4.751606743441449407e-22
3.526022385136456272e+00 2.854460058751612428e-21 3.643292784602359856e-22
3.526687385136027864e+00 3.378279761425661850e-22 5.178023363509315437e-22
3.527352385135599455e+00 1.414526070253904436e-21 4.107360505062944483e-22
3.528017385135171047e+00 1.081999646058956803e-21 5.320030820521563056e-22
3.528682385134742638e+00 -2.022369285517290478e-22 4.329208746702247712e-22
3.529347385134314230e+00 -8.987510113339289071e-23 3.559691430332748197e-22
3.530012385133885822e+00 -8.770680943465795957e-22 6.937714221085621008e-22
3.530677385133457413e+00 -7.509568098033714902e-22 3.951469860220507514e-22
3.531342385133029005e+00 -1.290927301085127552e-21 5.003638588211923644e-22
3.532007385132600596e+00 -2.215711571038518353e-21 3.951495868460210561e-22
3.532672385132172188e+00 -2.940637407087536193e-22 4.646994060189214831e-22
3.533337385131743780e+00 1.275984675749394012e-21 4.794709779921462937e-22
3.534002385131315371e+00 7.829109077158228047e-22 6.707678317951774193e-22
3.534667385130886963e+00 -1.068393210681799333e-21 4.092973404588855603e-22
3.535332385130458555e+00 -6.944325496104459635e-22 3.109883679740267535e-22
3.535997385130030146e+00 -1.330106746302525053e-22 6.217121401938421014e-22
3.536662385129601738e+00 5.604166379411994642e-23 4.731916702682456083e-22
3.537327385129173329e+00 -7.670329190961352433e-22 6.163762470106097186e-22
3.537992385128744921e+00 -5.820541447805595141e-22 5.606806084949220023e-22
3.538657385128316513e+00 1.612535386271309407e-21 8.475729269942887459e-22
3.539322385127888104e+00 -8.499297145981366621e-22 5.475969384334125998e-22
3.539987385127459696e+00 -9.540996808743918805e-22 5.302291806573250436e-22
3.540652385127031287e+00 -1.311395676152794591e-22 5.820926435157998381e-22
3.541317385126602879e+00 -1.273509912304523315e-21 4.900782682989246425e-22
3.541982385126174471e+00 6.227659640137469304e-22 4.665115925370839192e-22
3.542647385125746062e+00 -4.172842160692931447e-22 4.451452301310499168e-22
3.543312385125317654e+00 -9.671109872936742581e-23 3.666622719359446404e-22
3.543977385124889246e+00 -1.738594207463410790e-22 5.297856640820109631e-22
3.544642385124460837e+00 1.686447732044772279e-21 5.160925584873334758e-22
3.545307385124032429e+00 1.648709403963254114e-21 6.505187009423182484e-22
3.545972385123604020e+00 1.295466260527802056e-21 4.784143778696310756e-22
3.546637385123175612e+00 -9.274137570331026780e-22 6.271486093278445447e-22
3.547302385122747204e+00 -1.189074011703666145e-22 6.051683679417029711e-22
3.547967385122318795e+00 9.577933307229698106e-22 3.540286641329221098e-22
3.548632385121890387e+00 8.255993474608901406e-22 4.905828382548483477e-22
3.549297385121461978e+00 2.435075624760396722e-21 5.902706601857496347e-22
3.549962385121033570e+00 6.981277495433702463e-22 4.227300737831075719e-22
3.550627385120605162e+00 -1.176078537720240791e-21 5.137569142603399225e-22
3.551292385120176753e+00 4.921929454536014866e-22 5.809232842657934828e-22
3.551957385119748345e+00 -2.358657256741106973e-22 5.192728498793204568e-22
3.552622385119319937e+00 1.634946343212987824e-21 7.301339330532609544e-22
3.553287385118891528e+00 -5.448186459053210221e-22 5.057653425058145346e-22
3.553952385118463120e+00 -1.975824795431558193e-21 3.966711584679926929e-22
3.554617385118034711e+00 9.236438268619839363e-22 4.023050154856702895e-22
3.555282385117606303e+00 2.410091520008863424e-21 6.685246728240623407e-22
3.555947385117177895e+00 -7.978772131847538208e-22 5.227435766360526768e-22
3.556612385116749486e+00 2.181918578103369768e-22 4.045435344093997366e-22
3.557277385116321078e+00 -5.322059281394156120e-22 3.972374351064116878e-22
3.557942385115892669e+00 8.504990845253293199e-22 4.824653431357181648e-22
3.558607385115464261e+00 1.330000203095961524e-21 6.471616387337820345e-22
3.559272385115035853e+00 7.339862635524953010e-22 3.996334214348037386e-22
3.559937385114607444e+00 8.871318757947641325e-22 4.336799838722804637e-22
3.560602385114179036e+00 7.752966786821114204e-22 7.276536844349301777e-22
3.561267385113750628e+00 -4.343379054884593012e-23 7.805577919030499349e-22
3.561932385113322219e+00 -1.753611188101123873e-21 6.881105197172154471e-22
3.562597385112893811e+00 -1.811854201499354426e-21 5.275594485558082080e-22
3.563262385112465402e+00 -1.547117353571772572e-23 4.027383399658494793e-22
3.563927385112036994e+00 -6.193600079082172421e-22 3.603134582660188668e-22
3.564592385111608586e+00 -5.888255918688696792e-22 5.115689525248087023e-22
3.565257385111180177e+00 -1.757569644736251164e-22 5.834710442264968178e-22
3.565922385110751769e+00 -1.527468601501392562e-22 4.091844729152359786e-22
3.566587385110323360e+00 1.721123105436035236e-22 4.094709163506438399e-22
3.567252385109894952e+00 7.252599094805287599e-22 4.305277714843112136e-22
3.567917385109466544e+00 5.206151820452329587e-22 5.130268922615657437e-22
3.568582385109038135e+00 -7.274216807284086742e-22 5.010898204005636153e-22
3.569247385108609727e+00 -2.025788569420425799e-21 4.483314037244119019e-22
3.569912385108181319e+00 7.328305341259715995e-22 4.718613469390951166e-22
3.570577385107752910e+00 3.427433368315421611e-22 5.176358770330784251e-22
3.571242385107324502e+00 -2.618172850156439921e-21 4.229131778400342609e-22
3.571907385106896093e+00 -4.193086445932025203e-22 3.396802137539734923e-22
3.572572385106467685e+00 4.445111648034227989e-22 3.764720035963031110e-22
3.573237385106039277e+00 -3.622008131059106945e-22 4.956759053187474351e-22
3.573902385105610868e+00 5.927073330343627252e-22 4.604429498354623092e-22
3.574567385105182460e+00 1.281736233428496505e-21 5.506172882867370699e-22
3.575232385104754051e+00 -6.666594863203662955e-23 5.316264080270771147e-22
3.575897385104325643e+00 -4.027593345516104390e-22 5.540893216665441179e-22
3.576562385103897235e+00 9.397490197045429670e-23 3.901848413265445197e-22
3.577227385103468826e+00 4.923750134881502253e-23 6.382702891976219202e-22
3.577892385103040418e+00 -6.697495181265322337e-22 4.502372942016212209e-22
3.578557385102612010e+00 1.684049588822043277e-22 3.186483602679891696e-22
3.579222385102183601e+00 5.686863617961578878e-22 3.985210054128230366e-22
3.579887385101755193e+00 9.078069243236164580e-22 4.742067783470629865e-22
3.580552385101326784e+00 1.213052046845013179e-21 6.581602208684734297e-22
3.581217385100898376e+00 1.371422357787190468e-21 5.529232530623462660e-22
3.581882385100469968e+00 1.061956004119919342e-21 7.905042261250871302e-22
3.582547385100041559e+00 4.995381943355799485e-22 5.589837012630486090e-22
3.583212385099613151e+00 9.262391512486072324e-22 5.463365716039652234e-22
3.583877385099184743e+00 -1.275257587779494388e-21 4.822645344261844726e-22
3.584542385098756334e+00 5.295452092248502371e-22 5.339348014777734569e-22
3.585207385098327926e+00 1.045103026855325980e-22 5.809820224356573710e-22
3.585872385097899517e+00 1.960921732925465060e-21 4.861946472359371118e-22
3.586537385097471109e+00 -3.781675437179839150e-22 4.340595194803803529e-22
3.587202385097042701e+00 -1.263184927030332633e-21 3.974976340852250088e-22
3.587867385096614292e+00 1.745910352993113026e-22 4.368910168912483529e-22
3.588532385096185884e+00 5.694030772410059620e-22 5.030725797814280137e-22
3.589197385095757475e+00 -1.184217950066168697e-21 5.824661309854117339e-22
3.589862385095329067e+00 -9.163998943386547671e-23 3.528480044935327295e-22
3.590527385094900659e+00 -5.017950507356967566e-22 4.016416041783716944e-22
3.591192385094472250e+00 3.934713061753595186e-22 4.651637583828194820e-22
3.591857385094043842e+00 -2.373014170311927760e-22 3.749823029539603651e-22
3.592522385093615434e+00 -1.177673351895000145e-22 4.385082772744022501e-22
3.593187385093187025e+00 -1.339665483207610142e-21 3.337002323514495746e-22
3.593852385092758617e+00 2.502161466215516510e-21 4.370660119821566613e-22
3.594517385092330208e+00 1.397709336424402313e-21 5.817679942961226655e-22
3.595182385091901800e+00 2.044946455211028342e-22 5.248592215315145510e-22
3.595847385091473392e+00 7.726447863333101242e-22 8.088710583044831727e-22
3.596512385091044983e+00 -9.426605684105727905e-22 5.520202022108960744e-22
3.597177385090616575e+00 1.084061627754760910e-22 3.956215743656451571e-22
3.597842385090188166e+00 -1.888729042793784434e-22 5.189224272977396929e-22
3.598507385089759758e+00 -1.207431932778458567e-21 4.865319823963666213e-22
3.599172385089331350e+00 -1.255328873247071840e-21 8.042213874328068095e-22
3.599837385088902941e+00 -1.051155805946380034e-22 3.533658688431598001e-22
3.600502385088474533e+00 -5.406053167887847418e-22 3.936760191092374968e-22
3.601167385088046125e+00 3.964698704391439394e-22 3.946807285598187720e-22
3.601832385087617716e+00 -1.128167760206625401e-21 3.922465250552010089e-22
3.602497385087189308e+00 2.017065020470563554e-21 6.018427477029531900e-22
3.603162385086760899e+00 6.788127880735603736e-22 4.040135562926367341e-22
3.603827385086332491e+00 -7.687723984620660143e-22 4.031268913688966536e-22
3.604492385085904083e+00 -3.648417148915710539e-22 5.048953627023863131e-22
3.605157385085475674e+00 -3.062761027500894611e-22 5.419793804278724633e-22
3.605822385085047266e+00 7.339600893839337741e-22 5.114859143963596983e-22
3.606487385084618857e+00 1.201355127834711713e-21 3.347510841699164244e-22
3.607152385084190449e+00 8.035413040803106738e-22 4.343238689222262064e-22
3.607817385083762041e+00 9.363128387411955545e-22 3.844575828255967410e-22
3.608482385083333632e+00 -1.580686712063663623e-21 4.835584935157021448e-22
3.609147385082905224e+00 -9.714965106226517076e-23 5.073350635293879029e-22
3.609812385082476816e+00 -9.607360152506266820e-23 5.473298186434668137e-22
3.610477385082048407e+00 -1.202513542179343946e-21 4.711669536526001164e-22
3.611142385081619999e+00 -5.594009616006691395e-22 3.573613520873270803e-22
3.611807385081191590e+00 -5.869975802925820915e-22 6.614665254629701805e-22
3.612472385080763182e+00 4.276970769717126485e-22 6.467820167061526407e-22
3.613137385080334774e+00 1.663209065752229214e-21 4.906127854405771918e-22
3.613802385079906365e+00 1.223152069729953119e-21 5.111782685717574645e-22
3.614467385079477957e+00 -2.812792140361261765e-22 3.996989150617044649e-22
3.615132385079049548e+00 -1.228833305270232804e-21 3.796782965329776183e-22
3.615797385078621140e+00 -1.349829733604908176e-21 6.042707957066313036e-22
3.616462385078192732e+00 -7.618574804853507059e-22 4.516646475862422487e-22
3.617127385077764323e+00 9.521594372627417046e-22 4.850837840275796992e-22
3.617792385077335915e+00 -9.448231669173263607e-22 6.581466137709773794e-22
3.618457385076907507e+00 3.707804237471221952e-22 5.160839052077086866e-22
3.619122385076479098e+00 7.256889100077693073e-22 4.952798573755602991e-22
3.619787385076050690e+00 -1.534453186006999612e-22 5.640618736924579534e-22
3.620452385075622281e+00 2.322791282220987512e-22 4.115021440633712995e-22
3.621117385075193873e+00 3.173506074625479570e-22 4.313518351024042891e-22
3.621782385074765465e+00 -1.085780919800877404e-21 4.130577585620150017e-22
3.622447385074337056e+00 2.288210242264105967e-22 7.380655125157800066e-22
3.623112385073908648e+00 6.111273461454082192e-22 5.150951986014139189e-22
3.623777385073480239e+00 -1.272069299421064229e-21 3.883250006629837368e-22
3.624442385073051831e+00 -6.084442975801128745e-22 4.876245234854383627e-22
3.625107385072623423e+00 -6.023526884523662464e-22 3.918251440811411364e-22
3.625772385072195014e+00 2.784302074017750794e-22 6.597941710093453210e-22
3.626437385071766606e+00 6.271414894468143446e-22 5.620577053003173738e-22
3.627102385071338198e+00 1.404743794654602349e-21 4.809667585670270448e-22
3.627767385070909789e+00 -1.465801061975468121e-21 6.125846313950884508e-22
3.628432385070481381e+00 -1.698046760771128391e-21 4.337987190278754622e-22
3.629097385070052972e+00 8.330332768253579559e-23 4.302495663076421935e-22
3.629762385069624564e+00 -9.216376194937834975e-22 7.413815993534226721e-22
3.630427385069196156e+00 2.595984898374687028e-22 3.801700075670932222e-22
3.631092385068767747e+00 1.465843562451403885e-21 4.994950737392864557e-22
3.631757385068339339e+00 2.935663631839922630e-22 4.001506938829934750e-22
3.632422385067910930e+00 1.275062011915700991e-21 6.463651194554611627e-22
3.633087385067482522e+00 1.094647238172434826e-21 6.293194716077129098e-22
3.633752385067054114e+00 1.775066549315707190e-21 3.836007136498877764e-22
3.634417385066625705e+00 7.595122637906102922e-22 7.842110244051289104e-22
3.635082385066197297e+00 3.732146890633827958e-22 4.321551051050016430e-22
3.635747385065768889e+00 -7.242915607699670306e-22 5.430010552176835004e-22
3.636412385065340480e+00 -1.694524351051752743e-21 5.707959566870150206e-22
3.637077385064912072e+00 -1.674234529066181752e-21 5.702131384048687274e-22
3.637742385064483663e+00 -2.769832410281369667e-23 8.489590810721354404e-22
3.638407385064055255e+00 1.915026773444975546e-21 6.231084833531963122e-22
3.639072385063626847e+00 -5.549301970315745983e-22 4.846186894335715321e-22
3.639737385063198438e+00 -1.101492271458892748e-21 5.525068789882024384e-22
3.640402385062770030e+00 7.166605676075061675e-22 2.856353137871145712e-21
3.641067385062341621e+00 1.641502372403538065e-21 1.727363723979683256e-21
3.641732385061913213e+00 1.649368060165795770e-21 2.741496417480648567e-21
3.642397385061484805e+00 -2.528386290372481937e-22 4.618491459896112664e-22
3.643062385061056396e+00 3.659976112586848131e-22 3.664536983887662462e-22
3.643727385060627988e+00 -1.968438633877273832e-21 4.323231533131426372e-22
3.644392385060199580e+00 -1.404358493616636505e-22 4.020497732358704112e-22
3.645057385059771171e+00 5.142527063091118827e-22 5.206349717228787727e-22
3.645722385059342763e+00 9.815903311872516034e-22 5.999750196476871778e-22
3.646387385058914354e+00 4.622947324059359558e-22 6.684384556941542945e-22
3.647052385058485946e+00 1.255009058482218400e-22 5.783520542459993235e-22
3.647717385058057538e+00 -3.188810203402330261e-22 6.399805543045291147e-22
3.648382385057629129e+00 1.001043257311274134e-21 4.190614567488321094e-22
3.649047385057200721e+00 -1.332613865326990593e-21 4.172314512108634992e-22
3.649712385056772312e+00 -2.527917000073134328e-22 7.275881904131541447e-22
3.650377385056343904e+00 -1.032626703567181939e-22 4.682872406098867085e-22
3.651042385055915496e+00 -2.008920744416633615e-22 3.792249542522365597e-22
3.651707385055487087e+00 2.636337826277404610e-22 6.203849159544251339e-22
3.652372385055058679e+00 1.905829427978658944e-21 5.649345487510173381e-22
3.653037385054630271e+00 -3.969387895680313715e-22 3.564838889756173467e-22
3.653702385054201862e+00 -6.226177497491337598e-22 6.331190001154062531e-22
3.654367385053773454e+00 1.062033796667198591e-21 3.880172143942836191e-22
3.655032385053345045e+00 2.770568948054457603e-22 6.966269000678941002e-22
3.655697385052916637e+00 -5.892914085759223728e-23 7.772379889716296868e-22
3.656362385052488229e+00 -2.846696932399692851e-22 5.801567511213529679e-22
3.657027385052059820e+00 -1.846236344961390615e-22 4.723381647860418611e-22
3.657692385051631412e+00 1.104154414597234069e-21 3.736047654957296298e-22
3.658357385051203003e+00 4.913676812356917803e-22 3.641037990733755470e-22
3.659022385050774595e+00 -1.292255581386669547e-21 4.379980416400588108e-22
3.659687385050346187e+00 8.856481772288612819e-22 3.586590048623730774e-22
3.660352385049917778e+00 7.344822695684748449e-22 6.331466657530594533e-22
3.661017385049489370e+00 8.666751707748708316e-22 7.185538729755248155e-22
3.661682385049060962e+00 1.110455444707580354e-21 9.002695421010190554e-22
3.662347385048632553e+00 -6.896155144566412111e-22 5.695196493785877849e-22
3.663012385048204145e+00 -1.735309891338010242e-21 4.414357259230845622e-22
3.663677385047775736e+00 6.445160771613091294e-22 7.534963776969549215e-22
3.664342385047347328e+00 1.067806085968492978e-21 5.164696122113857552e-22
3.665007385046918920e+00 -1.615100133712419869e-21 5.041871210773808227e-22
3.665672385046490511e+00 9.604167349439685271e-23 6.452513153694110998e-22
3.666337385046062103e+00 -8.335642730884939690e-22 5.734676360290081574e-22
3.667002385045633694e+00 1.157150351618205138e-21 6.948351278519700107e-22
3.667667385045205286e+00 1.342245273139590609e-21 7.155584463328102283e-22
3.668332385044776878e+00 1.050797185209680195e-21 5.769870729739337817e-22
3.668997385044348469e+00 -6.948955923172447700e-22 5.465628086834101970e-22
3.669662385043920061e+00 1.099377937264913727e-21 8.958813287641709463e-22
3.670327385043491653e+00 8.228076982172056212e-22 6.006128881591292851e-22
3.670992385043063244e+00 -5.568578390656853177e-22 6.134796166807621187e-22
3.671657385042634836e+00 -1.474375462334793661e-21 4.534531167593480275e-22
3.672322385042206427e+00 -1.151476245265710995e-21 4.687431183830082597e-22
3.672987385041778019e+00 -4.757394808212415848e-22 8.062675936289360148e-22
3.673652385041349611e+00 6.661249248022011440e-22 5.093152257766890999e-22
3.674317385040921202e+00 -2.141688754690468001e-22 6.654062820938070502e-22
3.674982385040492794e+00 -1.762842564109242139e-21 4.188867293636793248e-22
3.675647385040064385e+00 4.027897644989844052e-21 4.839256043199725769e-22
3.676312385039635977e+00 2.473535487129201815e-21 3.593601052217306872e-22
3.676977385039207569e+00 1.593184357574779569e-21 4.482222384044466544e-22
3.677642385038779160e+00 3.678139869342306384e-22 5.068891962869034548e-22
3.678307385038350752e+00 3.043996966315885176e-22 5.731660998687295970e-22
3.678972385037922344e+00 -5.101544196244392772e-22 4.474590761286561819e-22
3.679637385037493935e+00 -1.366413073401928643e-21 5.088557152253792414e-22
3.680302385037065527e+00 9.558320017125963707e-22 4.573748338850039477e-22
3.680967385036637118e+00 -5.042250133339563972e-23 4.539822441672231749e-22
3.681632385036208710e+00 1.396811872617757678e-21 5.235411237332812772e-22
3.682297385035780302e+00 1.511842768566079489e-21 5.861827640413837312e-22
3.682962385035351893e+00 6.605682640536864666e-22 4.375388024986448799e-22
3.683627385034923485e+00 1.938949260330409503e-22 5.013036254810903996e-22
3.684292385034495076e+00 -4.092462835015964256e-22 4.783548814381650047e-22
3.684957385034066668e+00 8.100518916959661893e-22 5.996613417177077620e-22
3.685622385033638260e+00 -1.223203578368616774e-21 4.603885529650630719e-22
3.686287385033209851e+00 -2.184177672317039768e-21 3.939233034613033759e-22
3.686952385032781443e+00 -1.402517550754048894e-22 4.786804709472297680e-22
3.687617385032353035e+00 -5.522187285605214248e-22 6.188270040430154813e-22
3.688282385031924626e+00 3.949308978589039720e-22 5.991244728317455174e-22
3.688947385031496218e+00 2.777561652673776929e-22 5.513201683671979266e-22
3.689612385031067809e+00 -1.406332974076706401e-21 4.234346376465304918e-22
3.690277385030639401e+00 1.611963324226533011e-22 5.149571816769463874e-22
3.690942385030210993e+00 1.096558183948600989e-21 4.188874854838309275e-22
3.691607385029782584e+00 9.663110193737132255e-23 4.634377389612065668e-22
3.692272385029354176e+00 -3.193406130464663411e-22 3.575222887137840718e-22
3.692937385028925767e+00 1.514896624860458828e-21 4.383006479120873950e-22
3.693602385028497359e+00 -1.388987531688713146e-21 5.712975815335567847e-22
3.694267385028068951e+00 -8.396157402893045661e-22 4.477520428158116242e-22
3.694932385027640542e+00 -6.703082442031592890e-22 5.945508919924362318e-22
3.695597385027212134e+00 -3.017080581865247889e-23 4.841728520000868386e-22
3.696262385026783726e+00 4.767966020342027772e-22 4.335385099597701010e-22
3.696927385026355317e+00 5.196876074642893170e-22 5.030618080146448479e-22
3.697592385025926909e+00 2.429739458959688425e-22 4.667912847982040404e-22
3.698257385025498500e+00 -7.140681926046215392e-22 4.726963301142399370e-22
3.698922385025070092e+00 -5.931929583541367418e-22 3.367659071830926052e-22
3.699587385024641684e+00 -5.594502774478878788e-22 4.404874766266455197e-22
3.700252385024213275e+00 8.124672966911637853e-22 3.313920031543687745e-22
3.700917385023784867e+00 1.010011786808515658e-21 4.784694210709250874e-22
3.701582385023356458e+00 2.281220278491046879e-22 4.802954226527943192e-22
3.702247385022928050e+00 8.059705000888734565e-22 5.799169265345349948e-22
3.702912385022499642e+00 -5.892393381465446532e-22 5.678194243223646677e-22
3.703577385022071233e+00 -5.748215618302247554e-22 4.591504578001495467e-22
3.704242385021642825e+00 1.471501433735488258e-21 4.739720560784957248e-22
3.704907385021214417e+00 2.313471479846463070e-21 4.490150705814078148e-22
3.705572385020786008e+00 2.194868395483119852e-21 4.426199899444580756e-22
3.706237385020357600e+00 8.910950205828909540e-22 4.687868870324210117e-22
3.706902385019929191e+00 1.237391244066242166e-21 4.187354827964897948e-22
3.707567385019500783e+00 -5.681454654635242662e-22 4.826068705715975249e-22
3.708232385019072375e+00 -3.530392359196549272e-22 3.779043723029824238e-22
3.708897385018643966e+00 -1.798577449785573476e-21 5.332958511013225361e-22
3.709562385018215558e+00 -1.596987682969823223e-21 5.577714322673270768e-22
3.710227385017787149e+00 1.823389458891323547e-22 4.169971250828085178e-22
3.710892385017358741e+00 6.746680010903888441e-22 5.215792781462581373e-22
3.711557385016930333e+00 1.486525013092709067e-22 3.685551157179966535e-22
3.712222385016501924e+00 -4.698693774161028889e-23 4.374513385085515377e-22
3.712887385016073516e+00 6.822788710578740740e-22 4.887877769581077138e-22
3.713552385015645108e+00 1.209380180152870276e-21 5.130837429099953248e-22
3.714217385015216699e+00 5.656193482326851652e-22 4.406142403011008762e-22
3.714882385014788291e+00 -4.678105303102154903e-22 5.408518723109242862e-22
3.715547385014359882e+00 1.379469082633416151e-21 4.892042750848838008e-22
3.716212385013931474e+00 1.639053638113249362e-21 6.251531651914277939e-22
3.716877385013503066e+00 1.103022311382941705e-21 4.109841875743205271e-22
3.717542385013074657e+00 3.446158305436429302e-22 4.281732839601812389e-22
3.718207385012646249e+00 -3.493922052355593159e-22 4.497114556823925193e-22
3.718872385012217840e+00 6.210757472892496804e-22 5.326643285858382320e-22
3.719537385011789432e+00 1.909944766851307955e-21 4.541672168754412538e-22
3.720202385011361024e+00 -4.706628789274122876e-22 5.358981094866720495e-22
3.720867385010932615e+00 -2.867516885289903638e-22 4.591377562940208668e-22
3.721532385010504207e+00 -1.792757747000612647e-22 4.001740918183979441e-22
3.722197385010075799e+00 -9.934703478145458304e-23 4.917898634074475162e-22
3.722862385009647390e+00 -5.454758577834629423e-22 4.987998058447892455e-22
3.723527385009218982e+00 -2.816881808294006971e-21 4.161180556737282742e-22
3.724192385008790573e+00 -1.601904777998446770e-21 5.390819885626754275e-22
3.724857385008362165e+00 -5.421370197350893877e-22 4.758397409052240578e-22
3.725522385007933757e+00 4.628258221543920806e-22 4.049033410178466529e-22
3.726187385007505348e+00 1.050244895941435247e-21 3.389032899147685276e-22
3.726852385007076940e+00 -4.905651229159705956e-22 3.622780161379002533e-22
3.727517385006648531e+00 -2.044836939210261689e-21 3.890411150639559420e-22
3.728182385006220123e+00 -2.765549346279615895e-22 4.742685642216197274e-22
3.728847385005791715e+00 6.884530720148409386e-22 4.753984576445943569e-22
3.729512385005363306e+00 4.660285381434517772e-22 3.456910446598876549e-22
3.730177385004934898e+00 2.550897685584268346e-21 3.287135415657970596e-22
3.730842385004506490e+00 1.383817518739438989e-21 4.061718569713564356e-22
3.731507385004078081e+00 2.394648800246912981e-22 4.409959507259677475e-22
3.732172385003649673e+00 -8.906520791067641830e-22 5.217040447766264991e-22
3.732837385003221264e+00 9.424681855750506605e-22 2.995199530409523045e-21
3.733502385002792856e+00 -3.160225179803320983e-22 1.851201618778764862e-21
3.734167385002364448e+00 4.955174870709711911e-22 3.950254230097424617e-22
3.734832385001936039e+00 -9.922477841175050791e-23 4.037447154708686200e-22
3.735497385001507631e+00 7.213557995857209078e-22 5.087060403771719420e-22
3.736162385001079222e+00 -1.960585922519989452e-22 4.153418506978348746e-22
3.736827385000650814e+00 -5.998483762709176827e-22 3.804171594317427243e-22
3.737492385000222406e+00 -1.400630760904475371e-21 6.597558096748818608e-22
3.738157384999793997e+00 -3.581831111409185981e-22 3.880366788982710705e-22
3.738822384999365589e+00 2.809404669337784905e-22 3.103405459503166569e-22
3.739487384998937181e+00 -2.826192196950169850e-22 3.649955030906469312e-22
3.740152384998508772e+00 2.223965887265200786e-22 4.625155468907452786e-22
3.740817384998080364e+00 2.963124675367056882e-22 6.024262370677512771e-22
3.741482384997651955e+00 8.425653035540018432e-22 4.339731219821441228e-22
3.742147384997223547e+00 1.801918671391509425e-21 4.541613694773379771e-22
3.742812384996795139e+00 1.195547790475380834e-21 5.971309570740864013e-22
3.743477384996366730e+00 -6.440429569647045090e-23 7.693867114497468380e-22
3.744142384995938322e+00 1.320016562863714022e-21 6.212523778597234913e-22
3.744807384995509913e+00 2.825442170401279592e-22 4.026019801612947260e-22
3.745472384995081505e+00 2.749593244274666359e-22 4.250631212185471118e-22
3.746137384994653097e+00 7.662485356945405831e-22 3.669069427556385684e-22
3.746802384994224688e+00 1.934313677216340427e-22 3.882167525661526063e-22
3.747467384993796280e+00 3.232528402123563759e-22 5.721845043854068468e-22
3.748132384993367872e+00 3.226166659083316219e-23 3.550741955603390977e-22
3.748797384992939463e+00 2.716815356031429735e-22 5.157360764298915984e-22
3.749462384992511055e+00 -6.087392616330283061e-22 5.008275484262760037e-22
3.750127384992082646e+00 3.877835612181492913e-22 6.596273447442576636e-22
3.750792384991654238e+00 1.181294134229660156e-23 5.367327218226760768e-22
3.751457384991225830e+00 -4.848702092559870073e-22 5.588647949542825809e-22
3.752122384990797421e+00 9.785871291635180910e-22 5.025057918973684817e-22
3.752787384990369013e+00 1.367507730659094323e-21 3.758285232472287244e-22
3.753452384989940604e+00 2.349371012384391138e-21 5.452912938932020523e-22
3.754117384989512196e+00 -6.663358614022930699e-22 3.902075452803701700e-22
3.754782384989083788e+00 -1.137866397214917110e-21 5.080042866381914390e-22
3.755447384988655379e+00 1.872351235433613184e-22 4.356874308706977277e-22
3.756112384988226971e+00 -4.076856948450960830e-22 6.082472450750889299e-22
3.756777384987798563e+00 1.241979381095268513e-21 5.800923897123149483e-22
3.757442384987370154e+00 1.438926421572224381e-21 6.247368290467906309e-22
3.758107384986941746e+00 2.568515841931920055e-22 6.898201381846117935e-22
3.758772384986513337e+00 1.536628834894185383e-22 3.917642782058679573e-22
3.759437384986084929e+00 1.298813395160763598e-21 3.601454155471962199e-22
3.760102384985656521e+00 2.003037555166242966e-21 5.108549176414336589e-22
3.760767384985228112e+00 8.593382226100435004e-22 6.518957981090844694e-22
3.761432384984799704e+00 1.344452080877453963e-21 6.452773739738977561e-22
3.762097384984371296e+00 1.020221553669642023e-21 4.746843649760146733e-22
3.762762384983942887e+00 -6.347235922400043211e-22 4.775760278541901837e-22
3.763427384983514479e+00 -8.417192105255534858e-22 4.667290784765827084e-22
3.764092384983086070e+00 4.148411703015454231e-22 6.378826547964553885e-22
3.764757384982657662e+00 -1.268117711538657843e-21 6.175630201997828506e-22
3.765422384982229254e+00 1.779504558677011709e-21 6.908561662126578249e-22
3.766087384981800845e+00 7.693737279376971922e-22 4.665206368142274923e-22
3.766752384981372437e+00 1.049387916132783727e-21 4.803000527531637752e-22
3.767417384980944028e+00 1.327666142070572153e-21 5.959349375303133819e-22
3.768082384980515620e+00 5.528272761874827734e-22 5.893599008835307512e-22
3.768747384980087212e+00 8.268043906401295061e-22 3.942352755432038200e-22
3.769412384979658803e+00 8.242768203194232040e-22 3.423727268827242931e-22
3.770077384979230395e+00 8.055292048381963931e-22 4.753045683320424461e-22
3.770742384978801987e+00 3.460380961782055066e-22 7.765532410241940172e-22
3.771407384978373578e+00 1.292211965335505943e-21 3.859699550415295709e-22
3.772072384977945170e+00 9.384833548030358918e-22 7.034723173004118733e-22
3.772737384977516761e+00 1.140480799748321782e-21 6.679784271274013115e-22
3.773402384977088353e+00 1.520421612548762331e-21 5.779790320346787712e-22
3.774067384976659945e+00 2.880192950588699767e-22 9.493872262857299711e-22
3.774732384976231536e+00 -1.203879544499582321e-21 9.425239856793164088e-22
3.775397384975803128e+00 -6.485564717268495995e-22 5.181231283469002866e-22
3.776062384975374719e+00 1.398092627481797925e-21 8.980106311584140248e-22
3.776727384974946311e+00 2.075967061937228084e-21 4.672520886582452275e-22
3.777392384974517903e+00 -1.876748920825438873e-22 7.019528775418462311e-22
3.778057384974089494e+00 9.367808660318029781e-22 3.660477203365207555e-22
3.778722384973661086e+00 4.929307955435060028e-22 4.772389480122342176e-22
3.779387384973232678e+00 1.494017684102555375e-21 3.959856096714173343e-22
3.780052384972804269e+00 -1.964765597599715236e-21 9.949470928269389813e-22
3.780717384972375861e+00 1.005460572435872852e-21 4.288600912903961838e-22
3.781382384971947452e+00 3.697728837432477445e-21 5.255152981494055698e-22
3.782047384971519044e+00 1.946164791996400786e-21 3.202004769816579233e-22
3.782712384971090636e+00 8.573932299701468404e-22 4.193334178375359201e-22
3.783377384970662227e+00 5.497840537592129893e-22 6.071933142962466004e-22
3.784042384970233819e+00 3.679630975944240563e-22 5.600300835107200689e-22
3.784707384969805410e+00 6.356522485022565376e-22 6.419335488379608595e-22
3.785372384969377002e+00 3.197172547390438289e-22 6.136380973968420610e-22
3.786037384968948594e+00 -3.107085208203989867e-22 5.372095374085345171e-22
3.786702384968520185e+00 -6.752368761560884316e-22 4.524100259897199310e-22
3.787367384968091777e+00 -4.534957242961474662e-22 6.278223823429460811e-22
3.788032384967663369e+00 6.468978059305334928e-23 4.105185849237039253e-22
3.788697384967234960e+00 9.352817426217478135e-23 3.142247843507365466e-22
3.789362384966806552e+00 9.713159313902196349e-22 4.634776552383747806e-22
3.790027384966378143e+00 1.427565185836856134e-21 4.992861015088811298e-22
3.790692384965949735e+00 1.250151604620403110e-21 3.560270846722937024e-22
3.791357384965521327e+00 1.727742218650999905e-22 3.867784346092079503e-22
3.792022384965092918e+00 8.201074713519643432e-22 5.180955650443659910e-22
3.792687384964664510e+00 1.070885701250498463e-21 5.858660865006587221e-22
3.793352384964236101e+00 -1.830368586905431632e-21 5.177438268035026055e-22
3.794017384963807693e+00 -2.341473880925507053e-21 4.859240559096167287e-22
3.794682384963379285e+00 -2.683595038305067001e-22 7.623417520474174622e-22
3.795347384962950876e+00 7.039629444588923294e-22 4.472299962292455156e-22
3.796012384962522468e+00 -7.122898108814184630e-22 4.914000533663361854e-22
3.796677384962094060e+00 -1.269801963797320989e-23 4.005199381539085442e-22
3.797342384961665651e+00 -7.710362213359419249e-22 5.532407921143631727e-22
3.798007384961237243e+00 6.499559176924677779e-23 3.638216719254970400e-22
3.798672384960808834e+00 -3.105055510923816454e-22 3.889773729515475152e-22
3.799337384960380426e+00 -7.137300658945460424e-22 5.561821410890512310e-22
3.800002384959952018e+00 -7.486439020494097163e-22 5.803557664266480274e-22
3.800667384959523609e+00 -2.693148957078940781e-22 3.690209856455460889e-22
3.801332384959095201e+00 -4.347627920995736766e-22 3.445424068707300725e-22
3.801997384958666792e+00 3.360247758554943139e-23 6.537706255635694641e-22
3.802662384958238384e+00 5.643490341721191030e-22 6.935248580431766566e-22
3.803327384957809976e+00 1.110957048481621039e-21 6.578153400284892797e-22
3.803992384957381567e+00 -3.463658387934245192e-22 3.207544368910492110e-22
3.804657384956953159e+00 -2.676262945420412985e-22 4.141207547992923864e-22
3.805322384956524751e+00 -3.956093335758407305e-22 3.805730934825169520e-22
3.805987384956096342e+00 2.812466924869167718e-22 3.886218242883974254e-22
3.806652384955667934e+00 4.204350804463620752e-23 5.165570015596966570e-22
3.807317384955239525e+00 2.391952142956776987e-22 5.670359691099350998e-22
3.807982384954811117e+00 6.239785815795681515e-22 5.275799290371960526e-22
3.808647384954382709e+00 -6.006511247458086503e-23 5.633563339137335476e-22
3.809312384953954300e+00 -5.351928884027503315e-23 5.019148953716877455e-22
3.809977384953525892e+00 -1.151822816350654719e-21 1.064227083289224224e-21
3.810642384953097483e+00 5.904249328267159679e-22 5.273033999708406431e-22
3.811307384952669075e+00 7.307987740163876607e-22 1.138667381122824154e-21
3.811972384952240667e+00 1.767302608860133231e-21 7.261126685314738018e-22
3.812637384951812258e+00 2.684356476291818916e-21 5.630161544253626585e-22
3.813302384951383850e+00 3.984624134080949386e-22 5.077518907773413856e-22
3.813967384950955442e+00 7.317181018334972304e-22 4.159585024363603017e-22
3.814632384950527033e+00 2.122787072690433541e-21 5.239685074464727562e-22
3.815297384950098625e+00 2.320585745528281560e-21 4.180929121212081261e-22
3.815962384949670216e+00 1.171368446642579976e-21 3.909824217433140137e-22
3.816627384949241808e+00 1.245071860763470140e-21 5.456908720066031244e-22
3.817292384948813400e+00 2.245750941241375931e-21 5.086978191117909063e-22
3.817957384948384991e+00 1.095827627210675962e-21 6.090868964851567108e-22
3.818622384947956583e+00 1.803246946766240680e-23 5.523623166801721627e-22
3.819287384947528174e+00 2.124734325840424616e-21 7.707517460173640832e-22
3.819952384947099766e+00 2.391044840813675047e-21 4.637506716869157098e-22
3.820617384946671358e+00 1.112756978270103606e-21 5.263259351857938180e-22
3.821282384946242949e+00 -2.482036354948402507e-22 4.460884338552923402e-22
3.821947384945814541e+00 3.377979290299592964e-23 7.957791417617825190e-22
3.822612384945386133e+00 1.963514780646676105e-21 6.346819228544640752e-22
3.823277384944957724e+00 -3.540613939005385543e-22 6.046165567075563983e-22
3.823942384944529316e+00 -1.644032454369079347e-21 5.876117676734795760e-22
3.824607384944100907e+00 -2.100478189935627505e-21 8.086582354927500156e-22
3.825272384943672499e+00 -3.275182799119300662e-22 5.700004328010086695e-22
3.825937384943244091e+00 8.278716457073116703e-23 8.039913329780930028e-22
3.826602384942815682e+00 -3.403417948242324095e-22 7.283410791512052837e-22
3.827267384942387274e+00 -6.288661103686432537e-22 4.491942802089688943e-22
3.827932384941958865e+00 -1.653035167929916452e-22 6.430970799501876607e-22
3.828597384941530457e+00 -7.048669676028477183e-22 4.274180312482963488e-22
3.829262384941102049e+00 -2.602224396525835860e-21 7.542083055280510245e-22
3.829927384940673640e+00 -1.803923855330072651e-21 5.654885555591454849e-22
3.830592384940245232e+00 9.275719910832479276e-22 8.463386456026876813e-22
3.831257384939816824e+00 1.039881570385973702e-21 5.523450998653920269e-22
3.831922384939388415e+00 1.084587599905490425e-21 4.485873078786680999e-22
3.832587384938960007e+00 -2.182969998619229783e-22 5.712535039723342814e-22
3.833252384938531598e+00 -3.673760292424050799e-22 5.487018471139788067e-22
3.833917384938103190e+00 5.149225152796643772e-22 4.348308311290476760e-22
3.834582384937674782e+00 2.121296132739466185e-21 5.999521278621064755e-22
3.835247384937246373e+00 -1.014411167319128897e-22 3.889925949458953430e-22
3.835912384936817965e+00 2.606546682540286955e-21 6.032942162629466126e-22
3.836577384936389556e+00 -5.736287627915651926e-22 3.466434428752526552e-22
3.837242384935961148e+00 -1.992528586164943950e-21 4.617656568207205352e-22
3.837907384935532740e+00 -1.577925186024246522e-21 4.883178374347338384e-22
3.838572384935104331e+00 -1.159725964331491478e-21 3.048249058616069326e-22
3.839237384934675923e+00 -3.177699551175496934e-22 4.811113351793873980e-22
3.839902384934247515e+00 -1.579659147225596134e-21 6.422328999913015883e-22
3.840567384933819106e+00 -1.255975017539232630e-21 3.165687153294517698e-22
3.841232384933390698e+00 1.036402362899779721e-21 4.359363853960426003e-22
3.841897384932962289e+00 -1.014259915666458366e-21 4.996946662866377561e-22
3.842562384932533881e+00 -1.846179488062906331e-21 4.203487005262234530e-22
3.843227384932105473e+00 5.242369244586524954e-22 6.643843812483822826e-22
3.843892384931677064e+00 3.278443758830385005e-22 6.007373001246155726e-22
3.844557384931248656e+00 3.325763696697056501e-22 3.664939894284707439e-22
3.845222384930820247e+00 1.092538486031973357e-21 4.870433375390094974e-22
3.845887384930391839e+00 -3.913589413391500455e-22 5.452914706258149824e-22
3.846552384929963431e+00 -1.449778245788141705e-21 5.306414713258437928e-22
3.847217384929535022e+00 -3.768229466399407089e-23 5.714369890891910435e-22
3.847882384929106614e+00 9.573718047259959900e-22 4.523772926618267113e-22
3.848547384928678206e+00 -2.414998297695341575e-22 4.410391331719974298e-22
3.849212384928249797e+00 8.994739494665782448e-22 4.760918334692328030e-22
3.849877384927821389e+00 2.558777888456650919e-22 6.067673915738373899e-22
3.850542384927392980e+00 -6.353936960029346618e-25 6.464538873960627106e-22
3.851207384926964572e+00 2.067471628256905488e-22 6.477339892564438770e-22
3.851872384926536164e+00 -9.184035672778918844e-23 6.238596418908065426e-22
3.852537384926107755e+00 -1.482016306580138366e-21 3.784867145172926730e-22
3.853202384925679347e+00 -3.017954783674227300e-22 2.732876576033456771e-22
3.853867384925250938e+00 1.149078488817719194e-21 4.117608675012099668e-22
3.854532384924822530e+00 -9.911001091287650338e-22 4.040711475631819788e-22
3.855197384924394122e+00 4.255043288435554642e-22 5.128881546742625003e-22
3.855862384923965713e+00 7.484928482604351541e-22 5.082516485757088562e-22
3.856527384923537305e+00 1.214632543557216561e-21 4.537104103901885524e-22
3.857192384923108897e+00 -6.048757878479076443e-22 3.968166881741167890e-22
3.857857384922680488e+00 1.206070673750385452e-21 3.495944141955984441e-22
3.858522384922252080e+00 8.438647695665100311e-22 5.315366682640352320e-22
3.859187384921823671e+00 5.372217728648581865e-22 5.423495277616161492e-22
3.859852384921395263e+00 -1.380805599352613708e-21 4.923385974268645839e-22
3.860517384920966855e+00 -4.473500357087909559e-22 5.008624101755343666e-22
3.861182384920538446e+00 1.256707490693313560e-21 4.431352240667993934e-22
3.861847384920110038e+00 -4.851920002598841011e-22 5.859295356826196563e-22
3.862512384919681629e+00 -3.350156754064693045e-22 5.308570621993374550e-22
3.863177384919253221e+00 1.884153807560096768e-21 6.511083007975354971e-22
3.863842384918824813e+00 7.911542455100574938e-22 4.710693765869331123e-22
3.864507384918396404e+00 6.650452013682288494e-22 4.190970834066077934e-22
3.865172384917967996e+00 5.865294588995510315e-23 3.839837189114533426e-22
3.865837384917539588e+00 -1.016017525869232627e-21 4.709450302740373900e-22
3.866502384917111179e+00 2.186872246859689324e-22 3.417610049697989734e-22
3.867167384916682771e+00 -3.512111369721894409e-22 5.285913230168063871e-22
3.867832384916254362e+00 1.345577984011712552e-21 4.402408085816791170e-22
3.868497384915825954e+00 3.254237654372290143e-22 2.900430506454568809e-22
3.869162384915397546e+00 1.236376180640517740e-21 4.229939100848038608e-22
3.869827384914969137e+00 1.652022853103277800e-22 4.538860029924879793e-22
3.870492384914540729e+00 -2.969349047206327027e-23 5.490512174382455054e-22
3.871157384914112320e+00 7.929059450418548498e-22 5.056262462659752803e-22
3.871822384913683912e+00 7.946187412101533508e-22 6.154037348727466354e-22
3.872487384913255504e+00 2.546814976992562137e-22 5.998761837365635958e-22
3.873152384912827095e+00 8.754606388212052354e-22 5.732238537052288186e-22
3.873817384912398687e+00 -2.412793794774378023e-22 4.289944994225215916e-22
3.874482384911970279e+00 4.196550449741869483e-22 3.607762849424271209e-22
3.875147384911541870e+00 -2.186325889781171894e-22 6.311694735214887358e-22
3.875812384911113462e+00 -6.625372702598602960e-22 6.071889658801534216e-22
3.876477384910685053e+00 4.871418333425126723e-22 5.423516543554099444e-22
3.877142384910256645e+00 4.226231322564793203e-22 3.763889781474530855e-22
3.877807384909828237e+00 1.535822088015466162e-21 3.429249951756372526e-22
3.878472384909399828e+00 9.763310334728037191e-22 4.417931579833429274e-22
3.879137384908971420e+00 1.079119493986443598e-21 4.526660311354567484e-22
3.879802384908543011e+00 -8.775508525349942649e-23 5.632129114635582107e-22
3.880467384908114603e+00 1.797279506728189461e-21 4.382638144406801149e-22
3.881132384907686195e+00 1.180289585196269862e-21 5.591926711905737032e-22
3.881797384907257786e+00 1.380516229071880854e-21 4.953797693945198099e-22
3.882462384906829378e+00 2.008904220572531795e-22 4.511008385002050883e-22
3.883127384906400970e+00 6.770062583912587485e-22 5.447699021331096640e-22
3.883792384905972561e+00 -8.614965104649166786e-22 4.695832650522207942e-22
3.884457384905544153e+00 2.426147697344835234e-21 5.642452695162196811e-22
3.885122384905115744e+00 3.412091673352743436e-21 4.120343880686077155e-22
3.885787384904687336e+00 2.080217906398938315e-21 5.825690538158638485e-22
3.886452384904258928e+00 3.030664487511696094e-21 6.337423904317499448e-22
3.887117384903830519e+00 1.730175935862459356e-21 5.347680517253144882e-22
3.887782384903402111e+00 1.653863087406933986e-21 4.926781443858260781e-22
3.888447384902973702e+00 2.283143217548626523e-21 7.028150129316661854e-22
3.889112384902545294e+00 3.696053180191593235e-21 7.307997792754596463e-22
3.889777384902116886e+00 6.069801287891573954e-21 4.914152347645548250e-22
3.890442384901688477e+00 2.946958142079339653e-21 6.131977354905096542e-22
3.891107384901260069e+00 3.215151658809439181e-21 5.897253178730957569e-22
3.891772384900831661e+00 1.443288998094970198e-21 5.630727348243012651e-22
3.892437384900403252e+00 -7.136877957961166931e-22 6.366409045135684745e-22
3.893102384899974844e+00 1.481977039809225278e-21 5.719658405331868466e-22
3.893767384899546435e+00 2.155550882536254266e-22 5.472865526890513600e-22
3.894432384899118027e+00 1.925476070587446715e-21 3.662992976843541743e-22
3.895097384898689619e+00 1.493836635855895559e-21 4.818091517222698873e-22
3.895762384898261210e+00 5.653511815383571641e-22 6.513887842348937880e-22
3.896427384897832802e+00 -1.289708749651894467e-22 5.182141491874788296e-22
3.897092384897404393e+00 6.034019849688707499e-22 5.669164361957290973e-22
3.897757384896975985e+00 -8.792268671586934009e-22 3.473021858685146987e-22
3.898422384896547577e+00 -1.574242691655776422e-21 3.459846457701184549e-22
3.899087384896119168e+00 4.047760750326946516e-22 5.998533991603841037e-22
3.899752384895690760e+00 1.505427436778532196e-21 1.097214420457222416e-21
3.900417384895262352e+00 3.061759726602806911e-21 5.836447570587972879e-22
3.901082384894833943e+00 7.098650839393503580e-22 4.344602480712999354e-22
3.901747384894405535e+00 -4.578132998230578987e-23 4.993677318564896317e-22
3.902412384893977126e+00 1.258806676746279827e-21 4.622987844516208982e-22
3.903077384893548718e+00 8.473865625052050131e-22 4.498878823124025914e-22
3.903742384893120310e+00 1.133130883251377867e-21 5.672413376025199088e-22
3.904407384892691901e+00 -4.984757735968871187e-22 5.293062719025023097e-22
3.905072384892263493e+00 1.120522401604677256e-21 4.224399430770215108e-22
3.905737384891835084e+00 7.037296196312342010e-22 3.978972649610684798e-22
3.906402384891406676e+00 2.498223524660806366e-21 5.712501778205918639e-22
3.907067384890978268e+00 9.857085282231388229e-22 3.707543766799401707e-22
3.907732384890549859e+00 1.369548262197915927e-21 4.273199892141295201e-22
3.908397384890121451e+00 2.668987059200603650e-21 4.507891086931255524e-22
3.909062384889693043e+00 -4.852939795582410055e-22 4.631632952582528198e-22
3.909727384889264634e+00 1.336742568355535229e-21 7.196952340457315881e-22
3.910392384888836226e+00 -7.765429934410090260e-22 4.964407688360484279e-22
3.911057384888407817e+00 -9.775570290202883677e-22 5.025880610597973663e-22
3.911722384887979409e+00 -1.136617466295464353e-21 5.606837604207356404e-22
3.912387384887551001e+00 5.786158152208097207e-22 6.236120454561940158e-22
3.913052384887122592e+00 1.594065586032157331e-22 4.059194328560761365e-22
3.913717384886694184e+00 1.290028843497983116e-21 6.974122703955644863e-22
3.914382384886265775e+00 9.441110989965718504e-22 5.344611185536893989e-22
3.915047384885837367e+00 -5.974514457114892859e-22 4.013627040939004638e-22
3.915712384885408959e+00 1.053393918851028745e-21 3.895782424841426780e-22
3.916377384884980550e+00 1.438459529651488256e-21 3.964209665920050296e-22
3.917042384884552142e+00 8.543317799683452162e-22 3.548724123748863608e-22
3.917707384884123734e+00 3.536235688783226746e-22 6.055855173874356220e-22
3.918372384883695325e+00 1.085565216019953658e-21 4.595886948596701527e-22
3.919037384883266917e+00 8.401299028062002666e-22 3.883461023413669847e-22
3.919702384882838508e+00 9.210558839338868400e-22 4.448451748545952692e-22
3.920367384882410100e+00 2.347921018843489693e-21 4.267571443575710039e-22
3.921032384881981692e+00 3.146489548487918289e-21 5.399864108512891688e-22
3.921697384881553283e+00 3.092544973935451053e-21 5.565118921035595985e-22
3.922362384881124875e+00 3.338005204511719775e-21 5.119580061315057991e-22
3.923027384880696466e+00 4.047088450277850217e-21 3.249706562785742589e-21
3.923692384880268058e+00 5.075963133963151270e-21 3.342881440111757349e-21
3.924357384879839650e+00 2.820867363919197271e-21 9.527320915333015979e-22
3.925022384879411241e+00 3.896120080725746756e-21 6.103557614288997124e-22
3.925687384878982833e+00 4.426091057758578786e-21 5.234691627351014528e-22
3.926352384878554425e+00 6.490397811477536430e-21 5.531035337675182894e-22
3.927017384878126016e+00 7.408072730456100668e-21 4.668067758431834729e-22
3.927682384877697608e+00 5.748678102043753833e-21 4.986320517286649066e-22
3.928347384877269199e+00 3.528139464206238248e-21 5.135326419837837549e-22
3.929012384876840791e+00 3.671579534490281289e-21 5.116715878617507029e-22
3.929677384876412383e+00 3.449863868419130076e-21 4.242938773429370376e-22
3.930342384875983974e+00 3.369879470335158803e-21 4.393105881495173040e-22
3.931007384875555566e+00 3.850500235208549942e-21 5.171593663991780278e-22
3.931672384875127157e+00 4.505149484992704852e-21 5.867923183657458405e-22
3.932337384874698749e+00 2.418106550902491928e-21 4.347027466657828059e-22
3.933002384874270341e+00 2.756534512380943201e-21 3.997190625845133235e-22
3.933667384873841932e+00 1.701281559220251075e-21 4.145841371987026613e-22
3.934332384873413524e+00 4.245239235309712116e-22 4.791230368199774850e-22
3.934997384872985116e+00 1.217012243931603479e-22 4.492385499056375437e-22
3.935662384872556707e+00 -2.249012158985271491e-21 5.292636651604828134e-22
3.936327384872128299e+00 -4.602965023424296703e-22 5.474994301115096751e-22
3.936992384871699890e+00 6.201234740135018124e-22 5.048975229993731587e-22
3.937657384871271482e+00 -6.556133335770454586e-22 4.941144821215356662e-22
3.938322384870843074e+00 -1.615591130128449956e-21 5.087888740401709917e-22
3.938987384870414665e+00 -1.392185687038253438e-21 3.947503176979433632e-22
3.939652384869986257e+00 -1.328251368774608748e-22 4.529596510952718687e-22
3.940317384869557849e+00 4.990606853108563001e-22 3.266818067393732382e-22
3.940982384869129440e+00 9.633701091636381238e-24 3.427700566005296400e-22
3.941647384868701032e+00 -3.870184182005838663e-22 4.738351311924627042e-22
3.942312384868272623e+00 9.910719069394326735e-22 5.714057237771191785e-22
3.942977384867844215e+00 -1.559014412749622595e-22 3.847500698236830700e-22
3.943642384867415807e+00 9.662025508232649218e-22 4.939255990563731937e-22
3.944307384866987398e+00 2.113509424851071941e-22 4.515718851535196448e-22
3.944972384866558990e+00 1.558427524663044167e-21 7.659420204428674408e-22
3.945637384866130581e+00 6.582682303447694595e-22 4.134067185107559875e-22
3.946302384865702173e+00 1.503165728284105888e-21 6.068066062925574239e-22
3.946967384865273765e+00 -8.474818326552383946e-22 4.328746198497958508e-22
3.947632384864845356e+00 1.025728608203723233e-21 5.068867937792509853e-22
3.948297384864416948e+00 9.858551871561007976e-22 5.302712058238201932e-22
3.948962384863988540e+00 -4.699075959960073058e-22 5.656699522639183699e-22
3.949627384863560131e+00 -8.076982240540559736e-22 6.200985289100013064e-22
3.950292384863131723e+00 5.584346985878800394e-22 4.080756259938142431e-22
3.950957384862703314e+00 -2.454454993655962265e-22 5.920519122601451691e-22
3.951622384862274906e+00 -4.637758671582247712e-22 4.400709323969536279e-22
3.952287384861846498e+00 -1.908822638443163676e-22 4.652786911146285292e-22
3.952952384861418089e+00 -4.527555314383282987e-23 5.042679391446016305e-22
3.953617384860989681e+00 -9.058255634680784999e-23 3.290957677308057078e-22
3.954282384860561272e+00 1.032635328760179054e-21 3.588786046096540698e-22
3.954947384860132864e+00 1.408710758438917069e-21 3.962335424307631218e-22
3.955612384859704456e+00 1.544069180720159743e-21 3.992136053133301763e-22
3.956277384859276047e+00 7.182377926157649641e-23 4.926995914747155698e-22
3.956942384858847639e+00 1.647385529208654268e-21 3.886094617952220756e-22
3.957607384858419231e+00 1.594476658683956970e-21 4.975366292582899613e-22
3.958272384857990822e+00 3.011186374039318416e-22 5.010810082129300648e-22
3.958937384857562414e+00 2.912179959723453970e-22 4.554227045858231343e-22
3.959602384857134005e+00 -4.914629661921946407e-22 4.475462912731234923e-22
3.960267384856705597e+00 1.525392066509259472e-22 3.998724605157462160e-22
3.960932384856277189e+00 4.882038878244874484e-23 3.921761794014390976e-22
3.961597384855848780e+00 -4.061507972605248338e-22 3.909719753424055767e-22
3.962262384855420372e+00 9.804807320719833632e-23 6.532072669224430139e-22
3.962927384854991963e+00 -4.068322076723524245e-22 5.415813895925618057e-22
3.963592384854563555e+00 1.367005262219346630e-21 3.265029976009300907e-22
3.964257384854135147e+00 2.318157988137102657e-22 4.703380839364857586e-22
3.964922384853706738e+00 -1.898234643164312853e-23 4.116914604665112120e-22
3.965587384853278330e+00 1.343833557904016654e-21 4.869215701613047246e-22
3.966252384852849922e+00 5.603287560271238046e-22 4.186340485182899739e-22
3.966917384852421513e+00 -5.434224676533960259e-23 3.558732107987669513e-22
3.967582384851993105e+00 4.664883067912100726e-22 4.770346210410828197e-22
3.968247384851564696e+00 4.072525831074825660e-22 4.826674767914995735e-22
3.968912384851136288e+00 7.224123357382493971e-22 4.866219388910274690e-22
3.969577384850707880e+00 1.735882266482444914e-21 5.384611587005914960e-22
3.970242384850279471e+00 1.270567949848114505e-21 3.996391291788109715e-22
3.970907384849851063e+00 1.032691590449819129e-21 3.369597313029020340e-22
3.971572384849422654e+00 7.434799811067989594e-23 4.107541870021277040e-22
3.972237384848994246e+00 8.622450735996371754e-22 4.707918079985603125e-22
3.972902384848565838e+00 -6.759874232257136155e-22 3.682185089786977798e-22
3.973567384848137429e+00 4.075302689389263395e-22 5.211989989183338016e-22
3.974232384847709021e+00 -3.620490232433964704e-22 3.229296727271581137e-22
3.974897384847280613e+00 2.546625162205672145e-22 4.636457305455776845e-22
3.975562384846852204e+00 8.714209143268673350e-22 3.616509273998147016e-22
3.976227384846423796e+00 1.913263147074932637e-22 7.421568900102305450e-22
3.976892384845995387e+00 -6.563804451580913287e-22 3.284318790798895583e-22
3.977557384845566979e+00 6.012533269716681261e-23 4.587863304934992186e-22
3.978222384845138571e+00 1.462465512458014054e-22 4.730348573259242159e-22
3.978887384844710162e+00 2.341992299164061445e-22 4.837953118958829410e-22
3.979552384844281754e+00 6.313900142869925455e-22 6.201301702115079860e-22
3.980217384843853345e+00 -2.841741509023672126e-22 5.076835890006449515e-22
3.980882384843424937e+00 -4.464851571718433549e-22 5.820312630966521459e-22
3.981547384842996529e+00 1.512483893507190717e-21 4.763487525323514407e-22
3.982212384842568120e+00 1.287022494452813654e-21 3.756855276996449101e-22
3.982877384842139712e+00 3.849630428018395254e-22 4.545512705733317351e-22
3.983542384841711304e+00 6.560353339417949962e-23 4.138886577295149038e-22
3.984207384841282895e+00 -1.200168749932804039e-21 3.496434455150946450e-22
3.984872384840854487e+00 -1.254778705446262646e-21 3.550803184674758877e-22
3.985537384840426078e+00 2.319901002178906020e-22 5.719176589367133939e-22
3.986202384839997670e+00 5.978052246525931319e-22 3.451880320982496757e-22
3.986867384839569262e+00 1.309682571611143814e-21 8.145594964534980485e-22
3.987532384839140853e+00 -5.168169165882903934e-23 4.749644004062294280e-22
3.988197384838712445e+00 1.096504012316574852e-21 3.938183140612011348e-22
3.988862384838284036e+00 1.149349319214806506e-21 5.274663772715284958e-22
3.989527384837855628e+00 2.026841411961866259e-21 5.500395899302530452e-22
3.990192384837427220e+00 -3.309782547546689699e-22 2.896692722236043978e-22
3.990857384836998811e+00 8.124414622241253845e-23 2.933594597134058188e-22
3.991522384836570403e+00 -1.002458777187897283e-21 3.300471266051086830e-22
3.992187384836141995e+00 -2.685959414797189342e-21 3.633541049145392063e-22
3.992852384835713586e+00 -1.265832863838094000e-21 4.147755657832079720e-22
3.993517384835285178e+00 -1.043362399463842669e-22 3.973578334355466173e-22
3.994182384834856769e+00 -6.189917457916081985e-22 4.132729234042488024e-22
3.994847384834428361e+00 -9.604378557564286269e-22 3.605665787679462443e-22
3.995512384833999953e+00 -1.049829207796476737e-21 3.902745417414413864e-22
3.996177384833571544e+00 -1.004134368576303379e-21 3.763478544065982697e-22
3.996842384833143136e+00 6.935161373414202548e-22 4.090878319253528661e-22
3.997507384832714727e+00 1.339661595621465488e-21 4.526245659036706820e-22
3.998172384832286319e+00 -5.154598021429005635e-22 3.861880108382555172e-22
3.998837384831857911e+00 -1.560085536680746668e-21 3.431464293098477123e-22
3.999502384831429502e+00 3.279274277701477441e-22 3.906349310982527340e-22
4.000167384831001094e+00 -3.709311380536976743e-22 3.741374746136151440e-22
4.000832384830572686e+00 -1.477280310584151694e-22 6.127683167685487408e-22
4.001497384830144277e+00 -2.416495382933492284e-22 5.017905435967621660e-22
4.002162384829715869e+00 -1.284519993751579036e-22 5.204008738924299204e-22
4.002827384829287460e+00 -1.009084070030997689e-21 5.098825015769538891e-22
4.003492384828859052e+00 -1.188358342685334185e-21 4.676760493266539993e-22
4.004157384828430644e+00 -6.292013613642197170e-22 5.066163422394575105e-22
4.004822384828002235e+00 -3.947035418726426706e-22 5.765226667623923748e-22
4.005487384827573827e+00 2.130021821145798007e-22 4.767733200486091578e-22
4.006152384827145418e+00 3.289495457543884092e-22 6.490272127418501021e-22
4.006817384826717010e+00 7.911394060007668192e-23 8.741415592490590111e-22
4.007482384826288602e+00 -2.802190932219075674e-21 6.986737158237174056e-22
4.008147384825860193e+00 -2.462887397163099615e-21 4.749175161512433601e-22
4.008812384825431785e+00 -2.345781579535414317e-21 9.357868453007810007e-22
4.009477384825003377e+00 1.936599209588575447e-22 6.276256252409358558e-22
4.010142384824574968e+00 -1.773553522589314099e-21 1.054122122779246433e-21
4.010807384824146560e+00 -2.550365701007439269e-21 9.780246614590758519e-22
4.011472384823718151e+00 -8.441053298557919352e-22 1.335957090656582262e-21
4.012137384823289743e+00 -3.361670336896428060e-21 9.797476419216219746e-22
4.012802384822861335e+00 -1.954032834962378002e-21 1.017282589483313206e-21
4.013467384822432926e+00 -3.764772466163891119e-21 1.456658302937503793e-21
4.014132384822004518e+00 0.000000000000000000e+00 0.000000000000000000e+00
4.014797384821576109e+00 0.000000000000000000e+00 0.000000000000000000e+00
4.015462384821147701e+00 0.000000000000000000e+00 0.000000000000000000e+00
4.016127384820719293e+00 0.000000000000000000e+00 0.000000000000000000e+00
4.016792384820290884e+00 0.000000000000000000e+00 0.000000000000000000e+00
4.017457384819862476e+00 0.000000000000000000e+00 0.000000000000000000e+00
4.018122384819434068e+00 0.000000000000000000e+00 0.000000000000000000e+00
4.018787384819005659e+00 0.000000000000000000e+00 0.000000000000000000e+00
4.019452384818577251e+00 0.000000000000000000e+00 0.000000000000000000e+00
4.020117384818148842e+00 0.000000000000000000e+00 0.000000000000000000e+00
4.020782384817720434e+00 0.000000000000000000e+00 0.000000000000000000e+00
4.021447384817292026e+00 0.000000000000000000e+00 0.000000000000000000e+00
4.022112384816863617e+00 0.000000000000000000e+00 0.000000000000000000e+00
4.022777384816435209e+00 0.000000000000000000e+00 0.000000000000000000e+00
4.023442384816006800e+00 0.000000000000000000e+00 0.000000000000000000e+00
4.024107384815578392e+00 0.000000000000000000e+00 0.000000000000000000e+00
4.024772384815149984e+00 0.000000000000000000e+00 0.000000000000000000e+00
4.025437384814721575e+00 0.000000000000000000e+00 0.000000000000000000e+00
4.026102384814293167e+00 0.000000000000000000e+00 0.000000000000000000e+00
4.026767384813864759e+00 0.000000000000000000e+00 0.000000000000000000e+00
4.027432384813436350e+00 0.000000000000000000e+00 0.000000000000000000e+00
4.028097384813007942e+00 0.000000000000000000e+00 0.000000000000000000e+00
4.028762384812579533e+00 0.000000000000000000e+00 0.000000000000000000e+00
4.029427384812151125e+00 0.000000000000000000e+00 0.000000000000000000e+00
4.030092384811722717e+00 0.000000000000000000e+00 0.000000000000000000e+00
4.030757384811294308e+00 0.000000000000000000e+00 0.000000000000000000e+00
4.031422384810865900e+00 0.000000000000000000e+00 0.000000000000000000e+00
4.032087384810437491e+00 0.000000000000000000e+00 0.000000000000000000e+00
4.032752384810009083e+00 0.000000000000000000e+00 0.000000000000000000e+00
4.033417384809580675e+00 0.000000000000000000e+00 0.000000000000000000e+00
4.034082384809152266e+00 0.000000000000000000e+00 0.000000000000000000e+00
4.034747384808723858e+00 0.000000000000000000e+00 0.000000000000000000e+00
4.035412384808295450e+00 0.000000000000000000e+00 0.000000000000000000e+00
4.036077384807867041e+00 0.000000000000000000e+00 0.000000000000000000e+00
4.036742384807438633e+00 0.000000000000000000e+00 0.000000000000000000e+00
4.037407384807010224e+00 0.000000000000000000e+00 0.000000000000000000e+00
4.038072384806581816e+00 0.000000000000000000e+00 0.000000000000000000e+00
4.038737384806153408e+00 0.000000000000000000e+00 0.000000000000000000e+00
4.039402384805724999e+00 0.000000000000000000e+00 0.000000000000000000e+00
4.040067384805296591e+00 0.000000000000000000e+00 0.000000000000000000e+00
4.040732384804868182e+00 0.000000000000000000e+00 0.000000000000000000e+00
4.041397384804439774e+00 0.000000000000000000e+00 0.000000000000000000e+00
4.042062384804011366e+00 0.000000000000000000e+00 0.000000000000000000e+00
4.042727384803582957e+00 0.000000000000000000e+00 0.000000000000000000e+00
4.043392384803154549e+00 0.000000000000000000e+00 0.000000000000000000e+00
4.044057384802726141e+00 0.000000000000000000e+00 0.000000000000000000e+00
4.044722384802297732e+00 0.000000000000000000e+00 0.000000000000000000e+00
4.045387384801869324e+00 0.000000000000000000e+00 0.000000000000000000e+00
4.046052384801440915e+00 0.000000000000000000e+00 0.000000000000000000e+00
4.046717384801012507e+00 0.000000000000000000e+00 0.000000000000000000e+00
4.047382384800584099e+00 0.000000000000000000e+00 0.000000000000000000e+00
4.048047384800155690e+00 0.000000000000000000e+00 0.000000000000000000e+00
4.048712384799727282e+00 0.000000000000000000e+00 0.000000000000000000e+00
4.049377384799298873e+00 0.000000000000000000e+00 0.000000000000000000e+00
4.050042384798870465e+00 0.000000000000000000e+00 0.000000000000000000e+00
4.050707384798442057e+00 0.000000000000000000e+00 0.000000000000000000e+00
4.051372384798013648e+00 0.000000000000000000e+00 0.000000000000000000e+00
4.052037384797585240e+00 0.000000000000000000e+00 0.000000000000000000e+00
4.052702384797156832e+00 0.000000000000000000e+00 0.000000000000000000e+00
4.053367384796728423e+00 0.000000000000000000e+00 0.000000000000000000e+00
4.054032384796300015e+00 0.000000000000000000e+00 0.000000000000000000e+00
4.054697384795871606e+00 0.000000000000000000e+00 0.000000000000000000e+00
4.055362384795443198e+00 0.000000000000000000e+00 0.000000000000000000e+00
4.056027384795014790e+00 0.000000000000000000e+00 0.000000000000000000e+00
4.056692384794586381e+00 0.000000000000000000e+00 0.000000000000000000e+00
4.057357384794157973e+00 0.000000000000000000e+00 0.000000000000000000e+00
4.058022384793729564e+00 0.000000000000000000e+00 0.000000000000000000e+00
4.058687384793301156e+00 0.000000000000000000e+00 0.000000000000000000e+00
4.059352384792872748e+00 0.000000000000000000e+00 0.000000000000000000e+00
4.060017384792444339e+00 0.000000000000000000e+00 0.000000000000000000e+00
4.060682384792015931e+00 0.000000000000000000e+00 0.000000000000000000e+00
4.061347384791587523e+00 0.000000000000000000e+00 0.000000000000000000e+00
4.062012384791159114e+00 0.000000000000000000e+00 0.000000000000000000e+00
4.062677384790730706e+00 0.000000000000000000e+00 0.000000000000000000e+00
4.063342384790302297e+00 0.000000000000000000e+00 0.000000000000000000e+00
4.064007384789873889e+00 0.000000000000000000e+00 0.000000000000000000e+00
4.064672384789445481e+00 0.000000000000000000e+00 0.000000000000000000e+00
4.065337384789017072e+00 0.000000000000000000e+00 0.000000000000000000e+00
4.066002384788588664e+00 0.000000000000000000e+00 0.000000000000000000e+00
4.066667384788160255e+00 0.000000000000000000e+00 0.000000000000000000e+00
4.067332384787731847e+00 0.000000000000000000e+00 0.000000000000000000e+00
4.067997384787303439e+00 0.000000000000000000e+00 0.000000000000000000e+00
4.068662384786875030e+00 0.000000000000000000e+00 0.000000000000000000e+00
4.069327384786446622e+00 0.000000000000000000e+00 0.000000000000000000e+00
4.069992384786018214e+00 0.000000000000000000e+00 0.000000000000000000e+00
4.070657384785589805e+00 0.000000000000000000e+00 0.000000000000000000e+00
4.071322384785161397e+00 0.000000000000000000e+00 0.000000000000000000e+00
4.071987384784732988e+00 0.000000000000000000e+00 0.000000000000000000e+00
4.072652384784304580e+00 0.000000000000000000e+00 0.000000000000000000e+00
4.073317384783876172e+00 0.000000000000000000e+00 0.000000000000000000e+00
4.073982384783447763e+00 0.000000000000000000e+00 0.000000000000000000e+00
4.074647384783019355e+00 0.000000000000000000e+00 0.000000000000000000e+00
4.075312384782590946e+00 0.000000000000000000e+00 0.000000000000000000e+00
4.075977384782162538e+00 0.000000000000000000e+00 0.000000000000000000e+00
4.076642384781734130e+00 0.000000000000000000e+00 0.000000000000000000e+00
4.077307384781305721e+00 0.000000000000000000e+00 0.000000000000000000e+00
4.077972384780877313e+00 0.000000000000000000e+00 0.000000000000000000e+00
4.078637384780448905e+00 0.000000000000000000e+00 0.000000000000000000e+00
4.079302384780020496e+00 0.000000000000000000e+00 0.000000000000000000e+00
4.079967384779592088e+00 0.000000000000000000e+00 0.000000000000000000e+00
4.080632384779163679e+00 0.000000000000000000e+00 0.000000000000000000e+00
4.081297384778735271e+00 0.000000000000000000e+00 0.000000000000000000e+00
4.081962384778306863e+00 0.000000000000000000e+00 0.000000000000000000e+00
4.082627384777878454e+00 0.000000000000000000e+00 0.000000000000000000e+00
4.083292384777450046e+00 0.000000000000000000e+00 0.000000000000000000e+00
4.083957384777021637e+00 0.000000000000000000e+00 0.000000000000000000e+00
4.084622384776593229e+00 0.000000000000000000e+00 0.000000000000000000e+00
4.085287384776164821e+00 0.000000000000000000e+00 0.000000000000000000e+00
4.085952384775736412e+00 0.000000000000000000e+00 0.000000000000000000e+00
4.086617384775308004e+00 0.000000000000000000e+00 0.000000000000000000e+00
4.087282384774879596e+00 0.000000000000000000e+00 0.000000000000000000e+00
4.087947384774451187e+00 0.000000000000000000e+00 0.000000000000000000e+00
4.088612384774022779e+00 0.000000000000000000e+00 0.000000000000000000e+00
4.089277384773594370e+00 0.000000000000000000e+00 0.000000000000000000e+00
4.089942384773165962e+00 0.000000000000000000e+00 0.000000000000000000e+00
4.090607384772737554e+00 0.000000000000000000e+00 0.000000000000000000e+00
4.091272384772309145e+00 0.000000000000000000e+00 0.000000000000000000e+00
4.091937384771880737e+00 0.000000000000000000e+00 0.000000000000000000e+00
4.092602384771452328e+00 0.000000000000000000e+00 0.000000000000000000e+00
4.093267384771023920e+00 0.000000000000000000e+00 0.000000000000000000e+00
4.093932384770595512e+00 0.000000000000000000e+00 0.000000000000000000e+00
4.094597384770167103e+00 0.000000000000000000e+00 0.000000000000000000e+00
4.095262384769738695e+00 0.000000000000000000e+00 0.000000000000000000e+00
4.095927384769310287e+00 0.000000000000000000e+00 0.000000000000000000e+00
4.096592384768881878e+00 0.000000000000000000e+00 0.000000000000000000e+00
4.097257384768453470e+00 0.000000000000000000e+00 0.000000000000000000e+00
4.097922384768025061e+00 0.000000000000000000e+00 0.000000000000000000e+00
4.098587384767596653e+00 0.000000000000000000e+00 0.000000000000000000e+00
4.099252384767168245e+00 0.000000000000000000e+00 0.000000000000000000e+00
4.099917384766739836e+00 5.436971099427383850e-21 6.977593853920884227e-21
4.100582384766311428e+00 5.349658617462002850e-21 5.746177316742739996e-21
4.101247384765883019e+00 3.994554567501205626e-21 5.303260444294193262e-21
4.101912384765454611e+00 6.718692566340117641e-22 2.382825418876927887e-21
4.102577384765026203e+00 3.295186424536416246e-21 5.479011288759604459e-21
4.103242384764597794e+00 -3.867308315219631917e-21 2.140138312723225084e-21
4.103907384764169386e+00 5.399113922581052608e-21 4.966522996727973869e-21
4.104572384763740978e+00 8.816102081803801867e-21 7.081773250832645732e-21
4.105237384763312569e+00 5.576767827258846901e-21 4.509609195141629681e-21
4.105902384762884161e+00 5.997069344037730022e-21 4.747184367919672530e-21
4.106567384762455752e+00 3.752126354978583239e-21 3.048033426281903717e-21
4.107232384762027344e+00 2.541236157934049458e-21 2.597054626449476864e-21
4.107897384761598936e+00 1.655177270557459812e-21 2.013636621242956633e-21
4.108562384761170527e+00 1.541172705679918237e-22 1.267212043355717845e-21
4.109227384760742119e+00 8.415804805533092519e-22 1.550299403903844871e-21
4.109892384760313711e+00 -1.870395478517526935e-21 1.311723962554599063e-21
4.110557384759885302e+00 1.894337531079806142e-21 2.567407483203712253e-21
4.111222384759456894e+00 1.966747755882700615e-22 1.265363283566116153e-21
4.111887384759028485e+00 1.365505242687676399e-21 1.409954641144652330e-21
4.112552384758600077e+00 2.452973741845703433e-21 1.931931016362000922e-21
4.113217384758171669e+00 -2.493419710219124441e-21 2.407942942800599353e-21
4.113882384757743260e+00 4.330599019743665450e-22 1.678250029668123573e-21
4.114547384757314852e+00 6.137768482948915091e-22 1.510320771003014802e-21
4.115212384756886443e+00 3.099596576244247378e-22 1.266582874783996704e-21
4.115877384756458035e+00 1.397834998559836698e-21 1.537806070762273071e-21
4.116542384756029627e+00 -1.097399305519049934e-22 9.636987222393354920e-22
4.117207384755601218e+00 3.287260991020555540e-22 2.026161195255190526e-21
4.117872384755172810e+00 -1.483673376867947110e-21 7.220957949365497480e-22
4.118537384754744402e+00 -1.464947041769185213e-21 9.863058519300444626e-22
4.119202384754315105e+00 6.725348530425253297e-22 1.051289430569716513e-21
4.119867384753886697e+00 1.132701353421438418e-21 1.298707421193646641e-21
4.120532384753458288e+00 -1.494833226294170605e-21 8.910960957284060814e-22
4.121197384753029880e+00 5.745677336622197878e-22 8.862236338384099056e-22
4.121862384752601471e+00 5.266865574288286307e-22 7.751364261554919444e-22
4.122527384752173063e+00 -7.269038311454447059e-22 6.742253343170430541e-22
4.123192384751744655e+00 -9.705832707857631563e-22 1.109562158782603770e-21
4.123857384751316246e+00 -1.753534517803132354e-21 8.775075545537550101e-22
4.124522384750887838e+00 -1.802542061357196381e-21 7.963041242192580011e-22
4.125187384750459429e+00 4.613760705876076766e-22 8.159965723317846523e-22
4.125852384750031021e+00 4.730210677221136775e-22 1.115552775764209412e-21
4.126517384749602613e+00 -1.340794858877830780e-22 6.210926281337920795e-22
4.127182384749174204e+00 -7.625403317357318673e-22 7.300905995403339739e-22
4.127847384748745796e+00 -4.457064625547827278e-22 6.823304157132579811e-22
4.128512384748317388e+00 -3.634612597915161842e-22 6.662610817887173121e-22
4.129177384747888979e+00 1.877906149827132294e-21 1.000458155028661027e-21
4.129842384747460571e+00 -1.198264277259605094e-22 6.455821343662061793e-22
4.130507384747032162e+00 7.503863418950368627e-22 8.731813176076603953e-22
4.131172384746603754e+00 2.756730924429768360e-22 7.933133123229129808e-22
4.131837384746175346e+00 -4.587914429227841724e-23 5.801368663554578838e-22
4.132502384745746937e+00 7.353444099386855944e-22 8.741694563677494003e-22
4.133167384745318529e+00 -3.646505444213237189e-22 6.441421567142938460e-22
4.133832384744890120e+00 -4.734537979986506934e-22 6.575981405490013634e-22
4.134497384744461712e+00 1.648342369043895361e-22 5.968266112208758585e-22
4.135162384744033304e+00 -2.527734809893279125e-22 6.047143461359631996e-22
4.135827384743604895e+00 4.675511037211019185e-22 9.598082767542119429e-22
4.136492384743176487e+00 1.158572845907348298e-21 1.272901228407212129e-21
4.137157384742748079e+00 7.734288266466085545e-22 9.223545407693973377e-22
4.137822384742319670e+00 1.501624707275752330e-21 1.005184869865163493e-21
4.138487384741891262e+00 1.196886264154083644e-21 9.493906316473209501e-22
4.139152384741462853e+00 -8.732523991627238342e-22 6.098134311218503628e-22
4.139817384741034445e+00 -8.047766334752812073e-22 5.949764457035345120e-22
4.140482384740606037e+00 1.007511198539735817e-21 6.817125672752930246e-22
4.141147384740177628e+00 3.158475323131529975e-22 6.073278375229624285e-22
4.141812384739749220e+00 -1.449910093068494847e-22 6.454216489018801120e-22
4.142477384739320811e+00 6.417667773817334811e-22 6.880538148118324798e-22
4.143142384738892403e+00 7.934463588337464700e-22 7.270520155280382938e-22
4.143807384738463995e+00 -7.485900159948010380e-22 7.131826196891791626e-22
4.144472384738035586e+00 -1.457726426645475624e-21 9.185495550500846352e-22
4.145137384737607178e+00 7.488088532282125877e-22 9.992645991774532667e-22
4.145802384737178770e+00 -1.144192742441407845e-21 1.129683028167389079e-21
4.146467384736750361e+00 6.220933698125261533e-22 1.018642128785087862e-21
4.147132384736321953e+00 -1.735326651566596419e-21 5.011974118439098900e-21
4.147797384735893544e+00 2.708949672913158440e-21 4.047743447837448622e-21
4.148462384735465136e+00 3.676445270162696770e-21 4.517341319675160088e-21
4.149127384735036728e+00 6.107191458805428436e-22 6.741402898890453973e-22
4.149792384734608319e+00 3.483627049398808805e-22 6.543187593957666531e-22
4.150457384734179911e+00 -2.858320964445644541e-22 7.871033296946876318e-22
4.151122384733751502e+00 -7.202498993541108398e-22 1.101130782647400885e-21
4.151787384733323094e+00 4.943015871943849356e-22 7.040086775775287815e-22
4.152452384732894686e+00 1.098413055561499747e-21 7.031827436273620260e-22
4.153117384732466277e+00 2.883463557585394660e-22 7.252283311960585786e-22
4.153782384732037869e+00 -1.138521940578034024e-21 5.328290540050098914e-22
4.154447384731609461e+00 -1.472519103294983742e-21 5.984977213526759483e-22
4.155112384731181052e+00 6.748041723810415564e-22 7.994949531570196097e-22
4.155777384730752644e+00 -1.017265607271892117e-21 8.802971805363731224e-22
4.156442384730324235e+00 -1.410579866218087532e-21 7.657567187609997987e-22
4.157107384729895827e+00 4.270820902923736107e-22 8.291985300826051380e-22
4.157772384729467419e+00 -2.350637344927835301e-22 6.416924680477846814e-22
4.158437384729039010e+00 -2.529758862517891627e-22 5.725133964477111940e-22
4.159102384728610602e+00 -6.851365462826895056e-22 7.116398494954819330e-22
4.159767384728182193e+00 -5.925641101845653644e-22 5.202995100767052991e-22
4.160432384727753785e+00 1.452163321845022030e-22 6.981681399293589547e-22
4.161097384727325377e+00 8.560954693081615223e-22 7.759142274983962453e-22
4.161762384726896968e+00 -2.225711409607762614e-22 6.406077476873191048e-22
4.162427384726468560e+00 -1.323291708303596242e-21 8.242085982883619891e-22
4.163092384726040152e+00 1.529140733263434881e-22 7.790180086797814732e-22
4.163757384725611743e+00 -1.878789626246058159e-22 7.288609541047788555e-22
4.164422384725183335e+00 1.334329714322040311e-22 9.843546101203219031e-22
4.165087384724754926e+00 -1.257571505984616404e-22 7.362016439190667354e-22
4.165752384724326518e+00 -8.109477381909499831e-22 6.304220808502319439e-22
4.166417384723898110e+00 -1.671340400011804514e-21 6.326676452569691575e-22
4.167082384723469701e+00 -5.350199027301802435e-22 7.085804366513976732e-22
4.167747384723041293e+00 1.365003044888850835e-21 6.776736091687590642e-22
4.168412384722612885e+00 2.082170857010806520e-21 8.413812607179754315e-22
4.169077384722184476e+00 7.586252885758002294e-22 9.255124520782661787e-22
4.169742384721756068e+00 2.037789808049647219e-21 1.195819421442307649e-21
4.170407384721327659e+00 -4.210161966769198106e-23 7.551568183933385722e-22
4.171072384720899251e+00 -1.235245078944043592e-21 9.994409180085770082e-22
4.171737384720470843e+00 1.165710504523844175e-21 7.882479869764193600e-22
4.172402384720042434e+00 1.037133708335200456e-21 9.675611444765940246e-22
4.173067384719614026e+00 2.553677241030345362e-21 1.019519383347872953e-21
4.173732384719185617e+00 2.567852609839897502e-21 1.062587691499170392e-21
4.174397384718757209e+00 2.411957448452451390e-21 1.130087133030137671e-21
4.175062384718328801e+00 1.129718603830283785e-21 8.042799157894795000e-22
4.175727384717900392e+00 -4.575401637631015197e-22 6.976815968254634454e-22
4.176392384717471984e+00 2.654058387585055015e-22 8.551023035226465261e-22
4.177057384717043576e+00 4.283690664581465915e-22 8.098164712675348427e-22
4.177722384716615167e+00 1.885735135309934967e-21 9.147719824059300684e-22
4.178387384716186759e+00 1.887168009167835707e-21 1.010139989022429774e-21
4.179052384715758350e+00 -1.072062050816693023e-21 7.329903842755681374e-22
4.179717384715329942e+00 -1.559963934483995386e-21 1.019871278458720391e-21
4.180382384714901534e+00 -6.622682231378806158e-23 1.047033444791788770e-21
4.181047384714473125e+00 8.682782189926703611e-22 9.547833113376027141e-22
4.181712384714044717e+00 -1.701091493392512893e-22 6.398074410356857056e-22
4.182377384713616308e+00 -2.169616497096023450e-21 6.418257600292728738e-22
4.183042384713187900e+00 -1.829390525935795791e-21 7.007240226439048307e-22
4.183707384712759492e+00 1.310003995009653946e-21 9.504937733563677315e-22
4.184372384712331083e+00 -1.540163171223056136e-22 6.414073659829791295e-22
4.185037384711902675e+00 -1.529254610177315768e-21 8.718723342771019999e-22
4.185702384711474267e+00 7.272427428247064964e-22 8.692615809801895854e-22
4.186367384711045858e+00 1.910945736001659311e-22 7.922005869195220793e-22
4.187032384710617450e+00 -1.527653345890342454e-21 8.601015248895688213e-22
4.187697384710189041e+00 -1.094950704383768687e-22 9.023507226868588070e-22
4.188362384709760633e+00 2.986056919376291820e-21 8.656099700532531628e-22
4.189027384709332225e+00 8.928357443718622947e-22 5.473548839980896870e-22
4.189692384708903816e+00 2.238609127045814411e-21 8.220227959672126335e-22
4.190357384708475408e+00 2.541001956441972719e-21 7.233502414071732772e-22
4.191022384708046999e+00 1.031845856409225010e-21 7.463201083816561512e-22
4.191687384707618591e+00 -8.844299296872262006e-22 5.900252814481232327e-22
4.192352384707190183e+00 -9.449498384659947842e-22 6.646231732391312574e-22
4.193017384706761774e+00 1.063045194755698742e-21 8.005427831476408135e-22
4.193682384706333366e+00 8.966684625682535305e-22 7.838960225898806917e-22
4.194347384705904958e+00 -6.650671415560340866e-22 8.153524190822498395e-22
4.195012384705476549e+00 -4.907872999822516400e-22 6.609448556258436625e-22
4.195677384705048141e+00 4.305888986659497521e-22 6.372942247833776607e-22
4.196342384704619732e+00 9.862998774022234769e-22 5.016004162166372718e-22
4.197007384704191324e+00 1.200216635692765154e-21 5.786098378791954942e-22
4.197672384703762916e+00 1.070930499515462847e-21 7.391160693661787421e-22
4.198337384703334507e+00 6.117571798432183782e-22 7.422541522125103408e-22
4.199002384702906099e+00 5.382494520716506851e-22 5.971099436230063770e-22
4.199667384702477690e+00 -8.780643340363835527e-22 7.941694869963690005e-22
4.200332384702049282e+00 1.319098954642883550e-21 6.771219767862891817e-22
4.200997384701620874e+00 1.349671671432282414e-21 7.384866520633759710e-22
4.201662384701192465e+00 -9.793208088131980342e-23 8.453983441440776274e-22
4.202327384700764057e+00 3.265927001601723568e-22 7.756512556744152779e-22
4.202992384700335649e+00 2.153834146110534834e-22 5.718887884329771526e-22
4.203657384699907240e+00 4.811476820120881875e-22 5.305831986643864475e-22
4.204322384699478832e+00 5.448441232865190854e-22 6.275554498219406418e-22
4.204987384699050423e+00 -2.581392585599691259e-21 6.930029266885459164e-22
4.205652384698622015e+00 -3.836921137842403925e-22 5.791829537119101274e-22
4.206317384698193607e+00 1.408640272464411864e-21 5.103687590329077330e-22
4.206982384697765198e+00 1.248011811766912846e-21 6.859807196139754186e-22
4.207647384697336790e+00 -3.442255265757485196e-22 7.799703757662235151e-22
4.208312384696908381e+00 5.359150572872114878e-22 4.436133911604106960e-22
4.208977384696479973e+00 2.871735432471237018e-21 6.554572988131822804e-22
4.209642384696051565e+00 2.227951023224665271e-22 6.998010643884798986e-22
4.210307384695623156e+00 2.966680245296714192e-21 6.866044310049229242e-22
4.210972384695194748e+00 6.720078653179840564e-22 6.477038500371299862e-22
4.211637384694766340e+00 -9.876270371609174832e-24 7.707657932583066343e-22
4.212302384694337931e+00 1.275934294992586030e-21 6.471033934768200921e-22
4.212967384693909523e+00 -2.053275197704634340e-21 8.724329901179058059e-22
4.213632384693481114e+00 2.100550107298939998e-22 8.333016860790168881e-22
4.214297384693052706e+00 -6.904553301105943092e-22 8.007701483164195056e-22
4.214962384692624298e+00 2.744812676940455924e-21 6.449434868231699559e-22
4.215627384692195889e+00 7.208668444265231538e-22 6.673272599322237539e-22
4.216292384691767481e+00 -1.184533146129644133e-21 6.005153966417414217e-22
4.216957384691339072e+00 -1.011716442628622530e-21 6.565640274622928576e-22
4.217622384690910664e+00 5.553921088871352112e-22 6.414010195996902012e-22
4.218287384690482256e+00 5.422160668955025677e-22 7.594153222093724482e-22
4.218952384690053847e+00 1.624636024870002942e-21 8.153408285244179776e-22
4.219617384689625439e+00 1.048252472811060901e-21 9.798567895277633336e-22
4.220282384689197031e+00 8.470340196697587069e-23 5.577623840663603210e-22
4.220947384688768622e+00 6.010488998397173179e-23 6.721785610329612814e-22
4.221612384688340214e+00 -2.097957633450624005e-22 7.102592436876936005e-22
4.222277384687911805e+00 -2.303009065711697660e-21 5.970983840148576247e-22
4.222942384687483397e+00 -1.424746360214222291e-21 5.707119279433714823e-22
4.223607384687054989e+00 2.471428900851811902e-21 7.834785516057884778e-22
4.224272384686626580e+00 1.564941937230929283e-21 5.926274469489343964e-22
4.224937384686198172e+00 -9.684853621368619810e-22 6.997635098543990859e-22
4.225602384685769763e+00 1.195788447805425334e-21 6.719013079836663938e-22
4.226267384685341355e+00 -6.013262334958729142e-22 6.787572322952490739e-22
4.226932384684912947e+00 1.128629243020454134e-21 6.801015477273355200e-22
4.227597384684484538e+00 1.753679005850040055e-21 7.701393873004060869e-22
4.228262384684056130e+00 5.228934943955851204e-22 6.282924294727248235e-22
4.228927384683627722e+00 1.613525741982457858e-21 8.126313151579746723e-22
4.229592384683199313e+00 1.052351034769265990e-21 9.034915994383031728e-22
4.230257384682770905e+00 1.322892892888627146e-21 7.558302149983686523e-22
4.230922384682342496e+00 -4.572910197276909934e-22 9.548750925466102098e-22
4.231587384681914088e+00 7.916182183819038284e-22 5.417943423399491905e-22
4.232252384681485680e+00 7.874506473897927780e-22 6.344901282237212264e-22
4.232917384681057271e+00 -5.682154705522703860e-22 1.072660171541289277e-21
4.233582384680628863e+00 7.948600409219610729e-23 5.148474441359975788e-22
4.234247384680200454e+00 1.235990194476929203e-21 5.889701812465353854e-22
4.234912384679772046e+00 1.339197091409675318e-21 8.172603184845814609e-22
4.235577384679343638e+00 4.863112265518497255e-22 6.968127304779928874e-22
4.236242384678915229e+00 -5.200610495049852808e-22 5.611036261831087205e-22
4.236907384678486821e+00 9.072980481888464640e-23 5.395974395251099528e-22
4.237572384678058413e+00 5.979764965542046692e-22 5.749829434701537121e-22
4.238237384677630004e+00 2.866235117129523648e-23 7.052487975546553242e-22
4.238902384677201596e+00 -7.123287097721612190e-22 7.672367454695282168e-22
4.239567384676773187e+00 3.679630789416175373e-22 7.693085344549918768e-22
4.240232384676344779e+00 1.094839469643764441e-21 5.167481841531254937e-22
4.240897384675916371e+00 -4.159186566693387086e-22 7.915196465979975021e-22
4.241562384675487962e+00 1.314247351536658046e-21 5.424856413819561927e-22
4.242227384675059554e+00 -4.536083881043316245e-22 4.292162901565499085e-22
4.242892384674631145e+00 -5.735977471220837465e-22 5.238780034429018060e-22
4.243557384674202737e+00 1.231772224486193152e-21 6.115403246174269316e-22
4.244222384673774329e+00 6.886428066004005621e-22 6.672284225544000413e-22
4.244887384673345920e+00 1.566640704217354634e-21 7.711235477797722635e-22
4.245552384672917512e+00 7.288503399096485883e-22 8.655770412216941317e-22
4.246217384672489104e+00 1.542448593495563277e-21 5.112441772327960978e-22
4.246882384672060695e+00 1.288348996994397054e-21 5.901840417222022944e-22
4.247547384671632287e+00 -7.606766429651898836e-22 5.124688276978844835e-22
4.248212384671203878e+00 -8.014964280808663210e-23 5.844563571823538468e-22
4.248877384670775470e+00 3.675612425696423483e-22 5.857835790677479266e-22
4.249542384670347062e+00 -6.346686452774687508e-23 6.974684811728445565e-22
4.250207384669918653e+00 -1.313631603454386095e-21 5.663339648577259175e-22
4.250872384669490245e+00 2.582490764052895612e-21 9.113231377066954972e-22
4.251537384669061836e+00 4.181774323621140391e-22 7.182963153668235603e-22
4.252202384668633428e+00 2.246467885014376107e-21 7.131911886228170478e-22
4.252867384668205020e+00 2.003576006164402887e-21 8.864173839855591706e-22
4.253532384667776611e+00 -3.037372269351126380e-22 7.998794658153921787e-22
4.254197384667348203e+00 8.493362984272062055e-22 7.660487797394584880e-22
4.254862384666919795e+00 2.519671739734608251e-21 7.723008317450780470e-22
4.255527384666491386e+00 -3.907860597176557501e-22 7.361853607146327444e-22
4.256192384666062978e+00 2.032756045106978818e-21 6.303185326901880393e-22
4.256857384665634569e+00 2.810753136592154943e-21 5.491481362470920847e-22
4.257522384665206161e+00 2.589977567712963529e-22 6.433410073894425701e-22
4.258187384664777753e+00 2.079626514121756546e-21 5.610626367483820228e-22
4.258852384664349344e+00 3.262039292195350641e-21 5.847011699593009029e-22
4.259517384663920936e+00 -6.383393065208064878e-23 8.314165357691289741e-22
4.260182384663492527e+00 -1.180755857715241873e-21 8.007141405484151057e-22
4.260847384663064119e+00 8.986386124696518215e-22 8.293568815359668560e-22
4.261512384662635711e+00 -9.202989951011188676e-23 6.028816686213170930e-22
4.262177384662207302e+00 -4.372864413808180486e-22 1.512421276603311596e-21
4.262842384661778894e+00 -3.379824023685747550e-22 6.405901132216764868e-22
4.263507384661350486e+00 -8.203862938527106488e-22 4.456136243610219916e-22
4.264172384660922077e+00 -1.009331349954533611e-21 5.623876679236020512e-22
4.264837384660493669e+00 9.263919113749825772e-22 6.663353718673502772e-22
4.265502384660065260e+00 -1.703227026365599208e-21 5.000479761403330821e-22
4.266167384659636852e+00 -2.415298305452408127e-21 5.778254070467940425e-22
4.266832384659208444e+00 -1.332820092267239943e-21 6.877551754764165166e-22
4.267497384658780035e+00 5.867806968058129427e-22 9.479014166237992769e-22
4.268162384658351627e+00 1.880148789931836616e-21 7.922004932317172821e-22
4.268827384657923218e+00 9.878202858883514397e-22 6.985848739274087203e-22
4.269492384657494810e+00 5.870932078594059007e-22 5.907004323503467925e-22
4.270157384657066402e+00 1.055854473391080147e-21 9.144092923919194781e-22
4.270822384656637993e+00 3.627949869657526895e-22 7.971243167275530833e-22
4.271487384656209585e+00 7.198847156627691136e-22 6.145096684179275108e-22
4.272152384655781177e+00 2.168715360210711925e-21 9.952098053026334109e-22
4.272817384655352768e+00 5.933635560529186353e-22 6.039404334040303729e-22
4.273482384654924360e+00 2.234631537143714940e-21 6.052741295739238311e-22
4.274147384654495951e+00 -6.332308468490374047e-22 7.226077709188481361e-22
4.274812384654067543e+00 8.885631344570132919e-22 8.674135951906307847e-22
4.275477384653639135e+00 1.530710598589729864e-21 6.205518214048364972e-22
4.276142384653210726e+00 9.151678839901133375e-22 4.770247170787186722e-22
4.276807384652782318e+00 1.248760357849367613e-21 5.199050963252097978e-22
4.277472384652353909e+00 1.545303805611515137e-22 6.143570168242816582e-22
4.278137384651925501e+00 -9.969005685929975993e-22 6.972626426932406988e-22
4.278802384651497093e+00 -7.890962231563321642e-22 6.767850746133489894e-22
4.279467384651068684e+00 -6.086630508719842190e-22 1.126523575956236548e-21
4.280132384650640276e+00 1.095939768506598527e-22 8.628053395150516626e-22
4.280797384650211868e+00 2.460821596183370761e-21 7.919634336299964140e-22
4.281462384649783459e+00 1.620249170576493507e-21 7.573127151684049350e-22
4.282127384649355051e+00 -4.275442658926357433e-22 6.255072312155248962e-22
4.282792384648926642e+00 -1.607107050367014618e-22 1.166873248622685054e-21
4.283457384648498234e+00 1.270283096527789715e-21 7.804744018360552236e-22
4.284122384648069826e+00 1.864685443779294460e-21 8.821034693863824207e-22
4.284787384647641417e+00 3.426180082604074156e-21 5.503990539265075787e-22
4.285452384647213009e+00 1.796849152173327179e-21 7.516902803683201033e-22
4.286117384646784600e+00 9.525852358093422702e-22 7.501218378844688626e-22
4.286782384646356192e+00 1.430472639250640939e-22 6.762560826475871933e-22
4.287447384645927784e+00 1.527228646111341677e-21 8.488396033766707733e-22
4.288112384645499375e+00 -2.474810400835686890e-22 4.301521953511124057e-22
4.288777384645070967e+00 -1.063895684799139097e-21 5.069698865135220192e-22
4.289442384644642559e+00 -8.881875891137050294e-22 7.408065708591711829e-22
4.290107384644214150e+00 -2.254330577461379112e-21 7.072619862721949485e-22
4.290772384643785742e+00 1.961718924936833393e-22 4.922986639714469860e-22
4.291437384643357333e+00 2.518156124180560377e-21 5.915662293122559097e-22
4.292102384642928925e+00 6.878756654554156991e-22 6.982634874775046814e-22
4.292767384642500517e+00 -1.244896939513799329e-22 7.681454372004681587e-22
4.293432384642072108e+00 3.020461281294185631e-22 4.955400983077617818e-22
4.294097384641643700e+00 -1.516361087839305448e-21 6.266251752838274961e-22
4.294762384641215291e+00 2.300934843942755824e-21 6.180674841812716231e-22
4.295427384640786883e+00 1.482582699927094096e-22 7.273909007802666022e-22
4.296092384640358475e+00 3.059942546397952614e-21 8.758219971573151095e-22
4.296757384639930066e+00 4.536505210505677811e-22 6.556118744892634715e-22
4.297422384639501658e+00 -6.076156837149441998e-22 6.861972174174718327e-22
4.298087384639073250e+00 1.129482400479304407e-21 7.529724742848147191e-22
4.298752384638644841e+00 2.176922953396479676e-21 1.074026712879142592e-21
4.299417384638216433e+00 1.415344083460367507e-21 7.581199390751444234e-22
4.300082384637788024e+00 9.131089912335547139e-22 6.187105631922369219e-22
4.300747384637359616e+00 -8.923976131725674710e-22 1.112437622306150573e-21
4.301412384636931208e+00 -1.387377905838524713e-22 6.243642391412722602e-22
4.302077384636502799e+00 -3.735567965016247295e-22 9.926144333478621368e-22
4.302742384636074391e+00 3.811306385922038150e-22 6.180589795026914827e-22
4.303407384635645982e+00 -1.185331409592791914e-21 7.046621622031198146e-22
4.304072384635217574e+00 1.459693809207688377e-21 7.497280675462848564e-22
4.304737384634789166e+00 8.553000152720304705e-22 6.042114310347468699e-22
4.305402384634360757e+00 -1.969908325521764374e-21 7.626583092445883503e-22
4.306067384633932349e+00 -6.049843144258420345e-22 8.032428163220257701e-22
4.306732384633503941e+00 1.482241542479410265e-21 1.086463768553317178e-21
4.307397384633075532e+00 2.223520874212076986e-22 9.993548733700082785e-22
4.308062384632647124e+00 1.172796615430113869e-21 9.218595017001530987e-22
4.308727384632218715e+00 4.217950739323791487e-22 8.398221612905199008e-22
4.309392384631790307e+00 5.972519524773335348e-22 1.047317545344619630e-21
4.310057384631361899e+00 2.761560687126704838e-22 4.840810233839558472e-22
4.310722384630933490e+00 7.856949220074870109e-22 6.316994195648747405e-22
4.311387384630505082e+00 1.524588431024401003e-21 9.216241798241503350e-22
4.312052384630076673e+00 -4.865198328286552607e-22 6.281248579075515024e-22
4.312717384629648265e+00 -2.751116092288541843e-22 6.129571434552226375e-22
4.313382384629219857e+00 -1.707061098959710555e-21 1.090209658034067274e-21
4.314047384628791448e+00 1.137547862859773636e-21 1.024601487345926144e-21
4.314712384628363040e+00 1.317889358878521418e-21 7.151145971784968889e-22
4.315377384627934632e+00 -6.852563870635633579e-22 1.003965394026277920e-21
4.316042384627506223e+00 -1.236441449076598673e-22 8.894479470679331714e-22
4.316707384627077815e+00 5.919968842767101808e-22 6.899712024313931948e-22
4.317372384626649406e+00 -1.120572563301979231e-22 8.454690243931186483e-22
4.318037384626220998e+00 3.538537548424336873e-21 7.715767923288484671e-22
4.318702384625792590e+00 3.616100486502471933e-21 8.509164087398371445e-22
4.319367384625364181e+00 2.834352674674108934e-21 7.317884740889772910e-22
4.320032384624935773e+00 -1.474902911042467582e-21 8.095628172578217438e-22
4.320697384624507364e+00 -7.060035174721913548e-22 5.415603490653332658e-22
4.321362384624078956e+00 -2.825253021900202913e-22 7.421260727176796076e-22
4.322027384623650548e+00 2.218998390928567857e-21 9.300682060429407012e-22
4.322692384623222139e+00 -7.196149514248776804e-22 5.624213277249381492e-22
4.323357384622793731e+00 -4.165483812415867292e-22 6.043187558423592645e-22
4.324022384622365323e+00 1.572897698846699268e-21 5.207179961569073630e-22
4.324687384621936914e+00 8.672938677466594260e-22 6.718750071363804238e-22
4.325352384621508506e+00 1.123977944501761055e-21 1.010622424750217826e-21
4.326017384621080097e+00 3.740904158164720509e-22 7.024309855076975676e-22
4.326682384620651689e+00 1.970949275805420144e-21 5.181930662450491889e-22
4.327347384620223281e+00 1.808815332191848799e-21 8.030549174646330696e-22
4.328012384619794872e+00 -3.207492313444786608e-22 5.866813328932156853e-22
4.328677384619366464e+00 5.434380059169136430e-22 1.062431155705330801e-21
4.329342384618938055e+00 -2.212027032768490082e-21 1.069192796690328022e-21
4.330007384618509647e+00 7.235497364144464938e-22 7.642451422660378380e-22
4.330672384618081239e+00 1.701905754916148271e-21 6.095633907834490004e-22
4.331337384617652830e+00 -1.085547394244961053e-21 1.333578850708817672e-21
4.332002384617224422e+00 -1.238947134793665874e-21 6.003847665787288183e-22
4.332667384616796014e+00 -9.837643261209878184e-22 5.527797042427719941e-22
4.333332384616367605e+00 9.507254557422101609e-23 4.732388496894934042e-22
4.333997384615939197e+00 2.385605526711868836e-21 5.627920677867429717e-22
4.334662384615510788e+00 1.128586548911977666e-21 8.851594887382104206e-22
4.335327384615082380e+00 4.427057476816450752e-22 6.581136566938090592e-22
4.335992384614653972e+00 1.086259603831916995e-21 8.979630082885907256e-22
4.336657384614225563e+00 -1.028602724465772439e-21 8.235529235839251099e-22
4.337322384613797155e+00 1.573546674886725124e-21 7.001908605669330298e-22
4.337987384613368746e+00 1.865530840421705350e-22 7.856952251641026576e-22
4.338652384612940338e+00 2.989516543106763835e-22 5.060913012698879807e-22
4.339317384612511930e+00 1.181875740638558659e-22 9.385811832875147436e-22
4.339982384612083521e+00 5.880620469657746827e-22 6.509763409744820241e-22
4.340647384611655113e+00 9.409668579429648014e-22 5.153913216076311994e-22
4.341312384611226705e+00 7.523005531192481615e-22 6.521898131274747855e-22
4.341977384610798296e+00 9.426624758381350973e-22 6.294206465716962979e-22
4.342642384610369888e+00 1.209973827808506686e-21 7.241359058294631452e-22
4.343307384609941479e+00 6.769371319495126945e-21 9.114502253715300367e-22
4.343972384609513071e+00 3.075037402864579927e-21 1.034247427172158888e-21
4.344637384609084663e+00 1.693700971109564220e-21 6.875570920322860225e-22
4.345302384608656254e+00 -4.069630656014850316e-22 8.546405008373442024e-22
4.345967384608227846e+00 -5.770753032506949153e-22 7.271882571515328297e-22
4.346632384607799438e+00 -7.754468456693969662e-22 8.098882793307524976e-22
4.347297384607371029e+00 -1.286518161496355051e-21 8.717018570128419737e-22
4.347962384606942621e+00 -1.978843366394118815e-21 7.518904539951829317e-22
4.348627384606514212e+00 8.534250238852512675e-22 1.479701788664800939e-21
4.349292384606085804e+00 1.090844159374011382e-21 7.800490210291989011e-22
4.349957384605657396e+00 -4.365252690749599685e-23 6.352323004758223095e-22
4.350622384605228987e+00 3.805269312493769149e-22 7.499610099424710237e-22
4.351287384604800579e+00 1.946476951423398846e-21 7.982388918336362969e-22
4.351952384604372170e+00 5.690601189661069431e-22 6.189842585077336040e-22
4.352617384603943762e+00 8.199025932225461181e-22 8.254246084006794094e-22
4.353282384603515354e+00 3.083604003080738152e-22 5.845786815396391338e-22
4.353947384603086945e+00 4.404179225180507742e-22 7.367577004578689199e-22
4.354612384602658537e+00 1.055038868226209658e-22 7.088350421492230527e-22
4.355277384602230129e+00 6.015830789451523645e-21 3.450005271894418760e-21
4.355942384601801720e+00 1.337408211539145183e-21 1.097777579575716018e-21
4.356607384601373312e+00 8.067046029350106920e-22 7.296859603992954628e-22
4.357272384600944903e+00 3.505232947910594800e-23 7.154117864728403370e-22
4.357937384600516495e+00 -3.774007488182470621e-22 5.609093865508851770e-22
4.358602384600088087e+00 -4.800204548003466860e-22 7.517440640078197434e-22
4.359267384599659678e+00 -1.284413955881110786e-21 6.272087379394071940e-22
4.359932384599231270e+00 2.758221612084814371e-22 7.154553884944556364e-22
4.360597384598802861e+00 2.064597211939662674e-21 6.975234594980311409e-22
4.361262384598374453e+00 1.554353045342580505e-21 5.404270022589448756e-22
4.361927384597946045e+00 1.062574520968766267e-21 5.626479183198444395e-22
4.362592384597517636e+00 1.096001935394092745e-21 8.691626928445487685e-22
4.363257384597089228e+00 2.799037479042023602e-22 7.152094078736866984e-22
4.363922384596660820e+00 3.586670540490869937e-22 4.681999165152189176e-22
4.364587384596232411e+00 1.021259172178497087e-21 5.112910781047605510e-22
4.365252384595804003e+00 1.159925020873354717e-21 6.851123849431879550e-22
4.365917384595375594e+00 -8.137809454454231299e-22 7.999090447900208187e-22
4.366582384594947186e+00 -2.094812682640647946e-21 4.942701648086415206e-22
4.367247384594518778e+00 -2.326636148554815351e-21 5.402176401519545933e-22
4.367912384594090369e+00 6.328846359670485299e-22 6.684011548989483735e-22
4.368577384593661961e+00 1.933025500736730723e-21 6.742893269032259619e-22
4.369242384593233552e+00 3.370345313945087138e-22 4.265885601185176046e-22
4.369907384592805144e+00 5.596721597643735119e-23 5.538878654468717555e-22
4.370572384592376736e+00 2.000979634855139598e-21 7.460896363283099916e-22
4.371237384591948327e+00 1.800601327365866935e-21 6.006276689025494712e-22
4.371902384591519919e+00 1.728056102891133312e-21 6.794763568679297356e-22
4.372567384591091511e+00 8.422164358348082536e-22 6.614869634276427369e-22
4.373232384590663102e+00 6.850472969801881386e-23 5.055202606442881143e-22
4.373897384590234694e+00 2.707772604960564950e-22 6.754865935624830304e-22
4.374562384589806285e+00 2.997259048059959174e-22 5.875986979725734185e-22
4.375227384589377877e+00 -8.463817206337741248e-23 6.477021743316244686e-22
4.375892384588949469e+00 -7.823227002189364774e-22 5.426979392927099186e-22
4.376557384588521060e+00 -1.013263329879936082e-21 4.487827837255453453e-22
4.377222384588092652e+00 -5.015711146871397865e-22 5.983912557585433868e-22
4.377887384587664243e+00 5.140409955027710941e-22 7.241545976356049715e-22
4.378552384587235835e+00 6.275910443440923411e-22 7.358741900161691545e-22
4.379217384586807427e+00 6.036659266513976838e-22 6.129918218602240160e-22
4.379882384586379018e+00 9.027883740236114086e-22 6.098130639948056252e-22
4.380547384585950610e+00 8.802891613728635128e-22 5.003316384759446443e-22
4.381212384585522202e+00 7.207877484377170414e-23 5.862217341879099573e-22
4.381877384585093793e+00 3.038964742774743253e-22 5.657880493956176828e-22
4.382542384584665385e+00 1.693901544826502311e-21 6.653707249835823550e-22
4.383207384584236976e+00 -1.741049435758448817e-22 6.459953584984776177e-22
4.383872384583808568e+00 -9.608896088600728727e-23 5.286003448184439938e-22
4.384537384583380160e+00 -6.495284435387338797e-22 6.307985301890476066e-22
4.385202384582951751e+00 -1.492379336508316634e-21 6.681822932486315954e-22
4.385867384582523343e+00 -2.216322548468927825e-21 6.752447054313179265e-22
4.386532384582094934e+00 -8.968249892099760363e-22 7.558305127673995335e-22
4.387197384581666526e+00 -1.232310692951730810e-21 6.470619889618511414e-22
4.387862384581238118e+00 1.449974661241532438e-21 6.840927884048552271e-22
4.388527384580809709e+00 3.362219040701845816e-21 5.229666962799399317e-22
4.389192384580381301e+00 1.503581395993234805e-22 6.162447085302554673e-22
4.389857384579952893e+00 4.739916598660801397e-22 6.149349468658981256e-22
4.390522384579524484e+00 -1.854551702103597308e-21 6.888715117462301424e-22
4.391187384579096076e+00 -5.611269128998580521e-22 7.405318200783016875e-22
4.391852384578667667e+00 5.994246809544489748e-23 6.456519394002164161e-22
4.392517384578239259e+00 1.089836599530338062e-21 6.411873869050180082e-22
4.393182384577810851e+00 2.548953688225241819e-22 5.511365293381675955e-22
4.393847384577382442e+00 1.410679604457733518e-21 6.828220010032358467e-22
4.394512384576954034e+00 1.360419758822716255e-21 6.986568698256023288e-22
4.395177384576525625e+00 2.514680824174349492e-21 6.979285331867074212e-22
4.395842384576097217e+00 6.858985527445735250e-22 8.139764281983126652e-22
4.396507384575668809e+00 -6.343015726485769301e-23 8.510567840686409268e-22
4.397172384575240400e+00 -6.579522061952504768e-22 4.930359255516393003e-22
4.397837384574811992e+00 -1.560961554668821882e-21 5.724219547484855461e-22
4.398502384574383584e+00 -1.781173770032960324e-21 6.558209275016987355e-22
4.399167384573955175e+00 -1.116625978337306833e-21 4.788746517086113656e-22
4.399832384573526767e+00 1.075292102472168750e-21 7.226386883608225902e-22
4.400497384573098358e+00 -8.807461948167259912e-22 5.751262098044630854e-22
4.401162384572669950e+00 -4.283608477538377615e-22 8.035718794835846064e-22
4.401827384572241542e+00 7.598754934967679595e-22 7.082446962757575091e-22
4.402492384571813133e+00 -2.282616003242400652e-22 6.113386071823898228e-22
4.403157384571384725e+00 -7.644897629686593761e-22 6.309414369395436569e-22
4.403822384570956316e+00 1.136468989470547113e-21 6.192269530443657528e-22
4.404487384570527908e+00 -7.317643253020803747e-22 8.781805595705706150e-22
4.405152384570099500e+00 -1.805505137465694032e-21 6.821686830426618969e-22
4.405817384569671091e+00 -2.031012463703564699e-21 5.568435372352425469e-22
4.406482384569242683e+00 -1.902454379160390284e-21 8.264300807582491985e-22
4.407147384568814275e+00 1.126143921930454977e-22 8.088927463335032444e-22
4.407812384568385866e+00 1.534404372702333998e-21 8.397429809704164259e-22
4.408477384567957458e+00 -9.826324379409082881e-22 5.435338250315167326e-22
4.409142384567529049e+00 9.623788297341357009e-22 5.790294469239431315e-22
4.409807384567100641e+00 2.327787884528478759e-21 7.011362576619425415e-22
4.410472384566672233e+00 5.619078688582011994e-22 5.693865989863315703e-22
4.411137384566243824e+00 -2.224810772255801918e-21 6.202243300956504294e-22
4.411802384565815416e+00 -1.891240618639460943e-23 6.336457025779264868e-22
4.412467384565387007e+00 8.197608478606313216e-23 6.330621757269178639e-22
4.413132384564958599e+00 5.225454521557820901e-22 6.459012321598743078e-22
4.413797384564530191e+00 -1.881374004824171402e-21 5.852445548269145011e-22
4.414462384564101782e+00 3.128515174876273788e-21 6.165263559310133076e-22
4.415127384563673374e+00 2.568339777749479570e-21 6.586568554363087496e-22
4.415792384563244966e+00 -7.369283162007073643e-22 8.826188837747539153e-22
4.416457384562816557e+00 3.868650151191295038e-22 7.755571966804984392e-22
4.417122384562388149e+00 1.224040697929348665e-21 8.377582781105148969e-22
4.417787384561959740e+00 -6.910389097792631436e-22 6.278752825737788305e-22
4.418452384561531332e+00 7.772996720056117231e-22 6.504185294040571439e-22
4.419117384561102924e+00 -6.510288777940322233e-22 5.840436570664116867e-22
4.419782384560674515e+00 -7.226794811947221885e-22 4.785277842022211333e-22
4.420447384560246107e+00 1.292060538013874493e-21 5.859486144038828018e-22
4.421112384559817698e+00 1.795447263279375141e-21 6.625472849784662935e-22
4.421777384559389290e+00 5.626496891733718925e-21 7.544946197188276169e-22
4.422442384558960882e+00 1.091421934292672153e-21 6.974299557181595717e-22
4.423107384558532473e+00 -8.665896003100911348e-22 4.876768273645591495e-22
4.423772384558104065e+00 1.453239916399019020e-21 5.979595926712383900e-22
4.424437384557675657e+00 1.413454089218524509e-21 6.751490101749142180e-22
4.425102384557247248e+00 -1.305067178316170136e-21 5.536904227415819274e-22
4.425767384556818840e+00 -1.105384109520312177e-21 6.760191135822084776e-22
4.426432384556390431e+00 4.063274462196921307e-22 7.730779849774365222e-22
4.427097384555962023e+00 8.153158914534289434e-22 7.370139664825322455e-22
4.427762384555533615e+00 1.612236942629937478e-22 6.578304980247161439e-22
4.428427384555105206e+00 7.876085988497378767e-22 8.196281888733440719e-22
4.429092384554676798e+00 8.125644930168744164e-22 8.179470070432848587e-22
4.429757384554248389e+00 9.396404266472502818e-22 8.239786401185039640e-22
4.430422384553819981e+00 2.390638060232571494e-21 1.104396345177008763e-21
4.431087384553391573e+00 6.314115406439167228e-22 6.909313895470876200e-22
4.431752384552963164e+00 1.014637145194945619e-23 7.314105438725874898e-22
4.432417384552534756e+00 -1.051873453006719715e-22 5.650423781534914697e-22
4.433082384552106348e+00 -5.635438829859153216e-22 7.305184067336781506e-22
4.433747384551677939e+00 6.906513075589311908e-22 7.036364183175121748e-22
4.434412384551249531e+00 1.418836385231598323e-21 7.122058549242880787e-22
4.435077384550821122e+00 7.098085998978589171e-22 5.755052654018653002e-22
4.435742384550392714e+00 8.002437433030427814e-22 5.814626907753294833e-22
4.436407384549964306e+00 2.141750204334116713e-21 7.403071586597407131e-22
4.437072384549535897e+00 -7.435322223599974899e-22 8.702529010713530259e-22
4.437737384549107489e+00 -6.451707862275869078e-22 7.268124506219570676e-22
4.438402384548679080e+00 2.748600196015513184e-22 6.870625627421035951e-22
4.439067384548250672e+00 4.566573437689146886e-23 7.160070902427661928e-22
4.439732384547822264e+00 1.185663182076830919e-21 5.320663288363750141e-22
4.440397384547393855e+00 1.805330345192255040e-21 5.527085341103839740e-22
4.441062384546965447e+00 7.589440474305018648e-22 6.978869055518559593e-22
4.441727384546537039e+00 1.265221651473088430e-22 9.129087539446127363e-22
4.442392384546108630e+00 -1.714913859276612017e-22 5.979580170450506582e-22
4.443057384545680222e+00 7.115094134478338441e-22 6.534966573037807564e-22
4.443722384545251813e+00 4.120489694678907669e-22 7.210320613752030668e-22
4.444387384544823405e+00 2.222759051635744752e-23 8.839480840795665141e-22
4.445052384544394997e+00 -8.527970112575477238e-22 6.332681121716808499e-22
4.445717384543966588e+00 -1.577012843675159608e-21 5.886551027354311336e-22
4.446382384543538180e+00 -4.753213242750418809e-22 8.233789045667522624e-22
4.447047384543109771e+00 -1.736735601786953155e-21 1.096906990300193416e-21
4.447712384542681363e+00 -1.872578770481018345e-21 6.182219080004463880e-22
4.448377384542252955e+00 2.071585388653944011e-21 7.371312782486532412e-22
4.449042384541824546e+00 2.051188522511638848e-21 6.009706688879597234e-22
4.449707384541396138e+00 -1.265036746596211578e-22 6.509255553351014470e-22
4.450372384540967730e+00 -1.072268021445584141e-21 7.413178363409576236e-22
4.451037384540539321e+00 -2.120328335052292616e-21 8.945041291962166435e-22
4.451702384540110913e+00 -1.805415265519427238e-21 5.542133931110486322e-22
4.452367384539682504e+00 5.390346215329138622e-22 5.817210295520002611e-22
4.453032384539254096e+00 -2.583684432660216864e-22 9.287897073775492263e-22
4.453697384538825688e+00 -2.926672654547897032e-22 1.440253520642865072e-21
4.454362384538397279e+00 1.659120813653268784e-25 4.800458301322990178e-22
4.455027384537968871e+00 -8.271289914419594741e-22 5.819576234682673637e-22
4.455692384537540462e+00 -1.684194798629956270e-21 6.322124112434780749e-22
4.456357384537112054e+00 1.685171607734273462e-21 7.050431138096669931e-22
4.457022384536683646e+00 2.962793854106558353e-21 7.102596628610641711e-22
4.457687384536255237e+00 2.655350150122701312e-22 6.822857252303097968e-22
4.458352384535826829e+00 -7.757144657267449464e-22 5.080130224438907413e-22
4.459017384535398421e+00 -5.551103757210892778e-22 5.191631220058157705e-22
4.459682384534970012e+00 2.318194736291834310e-21 6.392694158986386217e-22
4.460347384534541604e+00 5.391195092256210642e-22 6.764041376371592902e-22
4.461012384534113195e+00 -3.938877520546964660e-22 7.044384151857776148e-22
4.461677384533684787e+00 -3.380404069742303455e-21 5.887473913214941560e-22
4.462342384533256379e+00 -1.640567100643864405e-21 7.204941815747654567e-22
4.463007384532827970e+00 3.988447532227437663e-22 6.742547412929140694e-22
4.463672384532399562e+00 1.903668821709979201e-21 7.531831212243243590e-22
4.464337384531971153e+00 2.738775071681211073e-21 6.742793983363513552e-22
4.465002384531542745e+00 4.184633492592861956e-22 9.011905464765081445e-22
4.465667384531114337e+00 -1.524344844310682785e-21 5.229312084384065685e-22
4.466332384530685928e+00 3.261284374396789810e-22 5.750073671727246389e-22
4.466997384530257520e+00 -5.056695314679184953e-22 6.958285880015448151e-22
4.467662384529829112e+00 7.370093388655735158e-23 7.798397873200091965e-22
4.468327384529400703e+00 2.109408243848286670e-22 6.568424641854234148e-22
4.468992384528972295e+00 9.200443083443398426e-22 6.129282653948648783e-22
4.469657384528543886e+00 3.362090779121978492e-22 5.819319663823029755e-22
4.470322384528115478e+00 1.157188617420637109e-22 7.578113800828948040e-22
4.470987384527687070e+00 -3.827494708841270323e-22 5.952964726892048151e-22
4.471652384527258661e+00 -2.738416673160966104e-21 1.127517194917075236e-21
4.472317384526830253e+00 5.496141084923508861e-24 8.208367586232259381e-22
4.472982384526401844e+00 -1.657552656045703702e-21 6.080523490897641752e-22
4.473647384525973436e+00 -1.391181000073200159e-21 6.266940635759519435e-22
4.474312384525545028e+00 1.538225782721163586e-21 6.684041763855147193e-22
4.474977384525116619e+00 2.461420881836376896e-22 8.095475158759947573e-22
4.475642384524688211e+00 -1.449764400904087684e-21 9.772882888992118765e-22
4.476307384524259803e+00 -1.424103400767087279e-21 8.740741261949413308e-22
4.476972384523831394e+00 -9.760368199135549410e-22 7.352868535075005530e-22
4.477637384523402986e+00 3.130169098685222142e-22 7.518310060163204241e-22
4.478302384522974577e+00 5.833043567883369599e-22 5.395834746982625362e-22
4.478967384522546169e+00 1.068297971893372892e-22 7.633859738103685756e-22
4.479632384522117761e+00 -3.504256448646387213e-25 5.698466123652010119e-22
4.480297384521689352e+00 1.106724948951778036e-21 7.319940784679504730e-22
4.480962384521260944e+00 1.469020866721234835e-21 6.122979415273914328e-22
4.481627384520832535e+00 -7.392578349863908532e-22 6.997528072048079416e-22
4.482292384520404127e+00 -8.328753622028056654e-22 8.160143666042811723e-22
4.482957384519975719e+00 3.587342865416482891e-23 7.314374254705001001e-22
4.483622384519547310e+00 -9.795652903264707836e-22 6.829510741466162932e-22
4.484287384519118902e+00 -1.149563329210792198e-21 7.053248131834618850e-22
4.484952384518690494e+00 2.613599285656838679e-22 4.961705884119202248e-22
4.485617384518262085e+00 -8.513763435441744470e-22 5.113474548032244394e-22
4.486282384517833677e+00 7.274297370860964322e-22 5.067248495000822808e-22
4.486947384517405268e+00 3.136905466008910765e-21 5.549607912283885250e-22
4.487612384516976860e+00 -1.095617905026404718e-21 9.386896486647142840e-22
4.488277384516548452e+00 1.493736894555049002e-21 6.750268505538352624e-22
4.488942384516120043e+00 1.040320731196314817e-21 9.407155059905580513e-22
4.489607384515691635e+00 3.381055668628461093e-21 5.638678280412941435e-22
4.490272384515263226e+00 5.154863287527763236e-22 6.608623562650419477e-22
4.490937384514834818e+00 -1.619860325071316429e-21 6.907601885947207188e-22
4.491602384514406410e+00 -5.451315567773657884e-22 8.343082788998838676e-22
4.492267384513978001e+00 1.281741023212186504e-21 6.007888026634874497e-22
4.492932384513549593e+00 1.094987864156503599e-21 7.671245721160807118e-22
4.493597384513121185e+00 -3.629682170079316774e-22 6.841161295900321758e-22
4.494262384512692776e+00 -4.549804753280391266e-23 5.619292264499030362e-22
4.494927384512264368e+00 -1.196631987717030297e-21 4.059224408114598659e-22
4.495592384511835959e+00 2.091794467274891633e-21 4.257446688277772668e-22
4.496257384511407551e+00 1.177088078411784623e-22 4.914175152249164878e-22
4.496922384510979143e+00 -1.131460449884382501e-21 5.920603540487732922e-22
4.497587384510550734e+00 1.608852646047449536e-21 1.096786820631901539e-21
4.498252384510122326e+00 2.938048776844752378e-22 6.022846106056341930e-22
4.498917384509693917e+00 -2.833304516162788678e-22 6.497012928220953115e-22
4.499582384509265509e+00 -7.663951432666353165e-23 6.731619632858851577e-22
4.500247384508837101e+00 1.168376643752621518e-22 6.718716064301016972e-22
4.500912384508408692e+00 4.158289800597762449e-22 6.265083512334179364e-22
4.501577384507980284e+00 -3.180781688181564482e-23 6.084757176854385322e-22
4.502242384507551876e+00 7.300836367629295529e-22 7.933348028287269452e-22
4.502907384507123467e+00 -1.030113158063783355e-21 7.645683196948011654e-22
4.503572384506695059e+00 1.465396364081846534e-21 6.840316370582063580e-22
4.504237384506266650e+00 2.058414655337934456e-21 7.794791471366104464e-22
4.504902384505838242e+00 1.593715214183456264e-21 6.794239498065629872e-22
4.505567384505409834e+00 1.662455318211080482e-22 9.141866601799327734e-22
4.506232384504981425e+00 1.214600332616663456e-21 7.675768137416773826e-22
4.506897384504553017e+00 4.755013697342381450e-22 5.854519977252918031e-22
4.507562384504124608e+00 2.457071456099303049e-21 6.887812694927285771e-22
4.508227384503696200e+00 2.186169296857621117e-21 6.495332118529918353e-22
4.508892384503267792e+00 2.770868154968463934e-21 7.543735759720534859e-22
4.509557384502839383e+00 3.702669721328186357e-22 6.988363057344778847e-22
4.510222384502410975e+00 2.060966818126251965e-22 7.228795209820272517e-22
4.510887384501982567e+00 1.748017924688709242e-21 9.116400951215987359e-22
4.511552384501554158e+00 1.574603760636893045e-21 6.855860298740261583e-22
4.512217384501125750e+00 -1.951598515826724555e-21 5.997338371297783957e-22
4.512882384500697341e+00 8.277954300516770845e-22 7.423931585544903648e-22
4.513547384500268933e+00 -8.941315089529867146e-23 6.631804482403465627e-22
4.514212384499840525e+00 -1.414566664743491143e-21 6.483652816518840878e-22
4.514877384499412116e+00 1.529055449209699618e-21 5.942480073813003439e-22
4.515542384498983708e+00 -5.132712489365267804e-22 7.436479470274853394e-22
4.516207384498555300e+00 -1.172814145739497599e-22 5.177195360709078117e-22
4.516872384498126891e+00 4.444768134047939188e-22 5.790624193520542092e-22
4.517537384497698483e+00 8.974810165379705266e-22 6.401082893073139370e-22
4.518202384497270074e+00 -6.640474924154824604e-22 7.233284104833275230e-22
4.518867384496841666e+00 2.911763984771309101e-21 5.494044383486836362e-22
4.519532384496413258e+00 1.068414465274824826e-21 7.984195414347124127e-22
4.520197384495984849e+00 -5.458439670588374353e-22 9.413084808178720552e-22
4.520862384495556441e+00 2.682200619615004330e-23 8.011161759316276644e-22
4.521527384495128032e+00 -1.337845922080800367e-22 7.249214277679674244e-22
4.522192384494699624e+00 3.214349929551626295e-23 7.319951090385418944e-22
4.522857384494271216e+00 1.480979376883531955e-21 6.196503280906757624e-22
4.523522384493842807e+00 2.710930510515857448e-21 7.319082034991493379e-22
4.524187384493414399e+00 1.318444166207410487e-21 6.363170166563772406e-22
4.524852384492985991e+00 -3.153543834454835860e-21 7.892982996917999467e-22
4.525517384492557582e+00 -3.316637360963119567e-21 7.205589378213646692e-22
4.526182384492129174e+00 1.704554020316050064e-21 5.868104109617803521e-22
4.526847384491700765e+00 -9.921184676970191009e-22 9.004010577538687543e-22
4.527512384491272357e+00 -2.250926296177694366e-22 5.447578265125025147e-22
4.528177384490843949e+00 -3.226256641892582601e-22 6.382801001018173282e-22
4.528842384490415540e+00 -1.409349143718296225e-21 5.399996066468379733e-22
4.529507384489987132e+00 1.893716055309347596e-21 9.112010993402904095e-22
4.530172384489558723e+00 1.857281328011798988e-21 7.080345742436036521e-22
4.530837384489130315e+00 1.236764319843269479e-21 8.023455262616118282e-22
4.531502384488701907e+00 1.148425851123018644e-22 7.006159046616679787e-22
4.532167384488273498e+00 7.215236762658992627e-22 9.211646024402798423e-22
4.532832384487845090e+00 2.286738063827338738e-21 7.084704131203064996e-22
4.533497384487416682e+00 1.535727360575159996e-21 6.252863074965560006e-22
4.534162384486988273e+00 -1.292358580007209175e-21 6.493352099724454997e-22
4.534827384486559865e+00 1.175640855994512265e-22 7.556906063254386040e-22
4.535492384486131456e+00 6.208338816868074290e-22 7.782028385278728009e-22
4.536157384485703048e+00 1.497827853506721315e-21 1.162708577927929762e-21
4.536822384485274640e+00 1.715079184026996954e-22 3.364316219000324168e-21
4.537487384484846231e+00 5.040441762793218935e-22 5.563555952100837015e-22
4.538152384484417823e+00 1.453367399342245729e-21 8.906909935825420614e-22
4.538817384483989414e+00 9.839645456138945597e-22 7.002688327778284965e-22
4.539482384483561006e+00 -1.097504690862825482e-22 7.572960520055701079e-22
4.540147384483132598e+00 -4.513686827026672281e-23 6.728412068768417955e-22
4.540812384482704189e+00 1.572520291608469593e-21 7.904815931345121311e-22
4.541477384482275781e+00 1.491898970510308367e-21 1.048931515867058799e-21
4.542142384481847373e+00 -6.943666891822226961e-22 5.211122532915382931e-22
4.542807384481418964e+00 2.567357841305774318e-22 6.286228410448002782e-22
4.543472384480990556e+00 1.936502926747051483e-21 8.734652101884551356e-22
4.544137384480562147e+00 3.439204259558152766e-21 8.083133928636664116e-22
4.544802384480133739e+00 2.177284261114028748e-22 9.533254428125909866e-22
4.545467384479705331e+00 -4.613617683837221054e-22 1.025644120878253395e-21
4.546132384479276922e+00 1.139605568552626106e-21 5.420055685762198576e-22
4.546797384478848514e+00 -4.528328886569903987e-23 9.852281686189567291e-22
4.547462384478420105e+00 9.373403778029254937e-22 8.289106674556629466e-22
4.548127384477991697e+00 1.545132123109086166e-21 5.823747117749370527e-22
4.548792384477563289e+00 7.390357559084693402e-22 9.662060162947595467e-22
4.549457384477134880e+00 4.457104671469617066e-22 1.043014007363783743e-21
4.550122384476706472e+00 1.688195869550825451e-21 6.709482467863620313e-22
4.550787384476278064e+00 1.424785190591146048e-22 5.575084375949240582e-22
4.551452384475849655e+00 9.641129960118199332e-22 8.925169129431142535e-22
4.552117384475421247e+00 5.265247108445885139e-22 9.076012110844141927e-22
4.552782384474992838e+00 -3.964371783899417641e-23 9.818087246310267095e-22
4.553447384474564430e+00 -4.372798947560382180e-22 6.637362384138406527e-22
4.554112384474136022e+00 1.218618538339379819e-21 9.142265568661293235e-22
4.554777384473707613e+00 6.149528159154074608e-22 7.939774661505129781e-22
4.555442384473279205e+00 8.865827966473936928e-22 6.231217884759999863e-22
4.556107384472850796e+00 1.563870727452444524e-22 1.031732598723474227e-21
4.556772384472422388e+00 3.330175003731545528e-21 1.039619410343736383e-21
4.557437384471993980e+00 1.631974709698762135e-21 7.216237267450817063e-22
4.558102384471565571e+00 2.016301986560090142e-21 6.674648434576502053e-22
4.558767384471137163e+00 2.913070907043188559e-21 5.836632257291564903e-22
4.559432384470708755e+00 -8.228336653513498038e-22 7.901496366798911222e-22
4.560097384470280346e+00 8.057359794206483481e-22 9.246504066442058865e-22
4.560762384469851938e+00 7.356076935445036990e-22 1.280319768257750952e-21
4.561427384469423529e+00 -1.803795868702669395e-21 9.273355262480626026e-22
4.562092384468995121e+00 -7.706813060579055166e-23 7.504014336650602244e-22
4.562757384468566713e+00 1.398542343822496693e-21 1.066264027817472495e-21
4.563422384468138304e+00 -2.042421295081984115e-21 9.556376719602810295e-22
4.564087384467709896e+00 -3.293868538346561683e-21 1.048917785934177365e-21
4.564752384467281487e+00 -7.167987253365021309e-22 9.052816334621940282e-22
4.565417384466853079e+00 -1.462759798042439940e-21 6.220106452694205379e-22
4.566082384466424671e+00 -1.467509222024641806e-21 1.356837892314090294e-21
4.566747384465996262e+00 -6.060604271117922857e-22 1.374935411095422627e-21
4.567412384465567854e+00 -5.657114011231920125e-22 8.955236390097389058e-22
4.568077384465139446e+00 -7.486207395455573810e-22 8.296311787712467033e-22
4.568742384464711037e+00 -2.456798349258520905e-21 9.523055902469128153e-22
4.569407384464282629e+00 -1.365854426737848822e-21 9.724501581627681452e-22
4.570072384463854220e+00 7.287683435988458168e-22 7.428979977417801411e-22
4.570737384463425812e+00 6.691646751110751131e-22 7.274275671237535184e-22
4.571402384462997404e+00 -6.639100527108233877e-22 7.095200463362421159e-22
4.572067384462568995e+00 9.189527864089864501e-23 9.579052776944723413e-22
4.572732384462140587e+00 7.996714605357466742e-22 9.613360031021712434e-22
4.573397384461712178e+00 -1.639365845296822067e-21 5.821788381962702448e-22
4.574062384461283770e+00 -8.239219382124132645e-22 6.794288975952049511e-22
4.574727384460855362e+00 2.301713238786696818e-21 7.830858169923546580e-22
4.575392384460426953e+00 -1.208315669933341487e-22 1.102645445441587948e-21
4.576057384459998545e+00 4.192697855177274392e-23 7.708817114899122016e-22
4.576722384459570137e+00 -1.303566147549725463e-21 6.114651920027304195e-22
4.577387384459141728e+00 2.360418063873099246e-22 1.067993622551529321e-21
4.578052384458713320e+00 -7.938814336890323029e-22 7.266053208093153916e-22
4.578717384458284911e+00 6.495794608211405038e-22 1.210604469010888035e-21
4.579382384457856503e+00 -1.138538042737134549e-21 6.447956599484815257e-22
4.580047384457428095e+00 -2.220576718228848947e-22 5.673953845357305362e-22
4.580712384456999686e+00 1.834481174355233248e-21 8.371055234113125848e-22
4.581377384456571278e+00 2.378384215520556334e-21 7.176736704673216497e-22
4.582042384456142869e+00 1.770105813940177622e-21 7.841214609838798716e-22
4.582707384455714461e+00 -1.402582359645793002e-21 5.584944926272899728e-22
4.583372384455286053e+00 -9.789102728425060659e-22 6.722640640056525934e-22
4.584037384454857644e+00 -5.837677028174300068e-22 1.005388113589264016e-21
4.584702384454429236e+00 -1.552697940972810116e-21 5.927927059821314520e-22
4.585367384454000828e+00 -1.519847954226150527e-22 6.802925500513444304e-22
4.586032384453572419e+00 1.181913303406043258e-22 7.963151546265324635e-22
4.586697384453144011e+00 9.561362805160941985e-22 8.408194701475790289e-22
4.587362384452715602e+00 2.393662507044941003e-21 9.048263670768224170e-22
4.588027384452287194e+00 4.968167656082828437e-22 1.728906774827135002e-21
4.588692384451858786e+00 -4.426523957070642410e-22 8.052227536116981229e-22
4.589357384451430377e+00 -1.990912850474729809e-21 8.689294559289879218e-22
4.590022384451001969e+00 1.452441266818784008e-21 7.994405628227427702e-22
4.590687384450573560e+00 -7.195867631760984993e-23 6.776866759820437886e-22
4.591352384450145152e+00 2.754186938416681730e-22 7.787738689705223624e-22
4.592017384449716744e+00 -2.035959019180264443e-21 7.668437076993700406e-22
4.592682384449288335e+00 -4.924415962287261898e-22 6.028721845019479168e-22
4.593347384448859927e+00 8.595129690659352443e-22 6.786512643450279389e-22
4.594012384448431519e+00 -2.066135000394950185e-21 8.895333548411063975e-22
4.594677384448003110e+00 -1.985205111428531959e-22 9.617433110870059274e-22
4.595342384447574702e+00 -2.118171987741378924e-21 8.810960412412520184e-22
4.596007384447146293e+00 -2.074949428125854179e-21 7.771344035906783969e-22
4.596672384446717885e+00 2.835360262344884803e-21 1.220393197598061992e-21
4.597337384446289477e+00 4.164266102415915817e-21 1.249154514069171816e-21
4.598002384445861068e+00 -1.215242213504840810e-22 6.051510455343134824e-22
4.598667384445432660e+00 7.930492440553987206e-22 9.158195428377668604e-22
4.599332384445004251e+00 2.122983495702472815e-21 6.646785610032898247e-22
4.599997384444575843e+00 3.945240468071368851e-21 7.734238685620083965e-22
4.600662384444147435e+00 6.611564432439849706e-22 6.492141560983642644e-22
4.601327384443719026e+00 -1.223164794449557006e-21 8.086377477391585643e-22
4.601992384443290618e+00 1.508409713069365518e-21 2.749172531893889161e-21
4.602657384442862210e+00 -1.114311912036116605e-21 7.964437822614526400e-22
4.603322384442433801e+00 -5.258836838024512510e-23 6.559669662002719414e-22
4.603987384442005393e+00 1.911980895601642642e-23 5.250970023147625273e-22
4.604652384441576984e+00 9.411150866247649112e-22 7.890564125804291363e-22
4.605317384441148576e+00 1.039021916274291007e-21 1.044257796542822573e-21
4.605982384440720168e+00 1.763773971785640742e-21 1.122074310542439007e-21
4.606647384440291759e+00 7.885940019446366831e-23 8.659080733283342853e-22
4.607312384439863351e+00 -1.352662999839379204e-22 7.176139017227295404e-22
4.607977384439434942e+00 -2.192789616477894467e-21 6.678767391016517797e-22
4.608642384439006534e+00 -1.979517930325537536e-21 7.207728020607173842e-22
4.609307384438578126e+00 -1.329456217323104642e-22 1.018880830946505730e-21
4.609972384438149717e+00 -1.437696361045040701e-21 9.139452994356207699e-22
4.610637384437721309e+00 -1.647500549026113213e-21 6.776468109101444157e-22
4.611302384437292901e+00 -8.519037848876455894e-22 8.181247265399760604e-22
4.611967384436864492e+00 -7.795920553035158174e-22 7.094859506633354805e-22
4.612632384436436084e+00 3.891297278847140798e-22 8.509996339576051281e-22
4.613297384436007675e+00 1.155530882046453189e-21 8.212071043444464799e-22
4.613962384435579267e+00 1.936941551760769853e-21 7.908524290172628552e-22
4.614627384435150859e+00 6.266964989257911097e-22 5.903801770374206782e-22
4.615292384434722450e+00 -2.635717318063546270e-22 6.174164152567612605e-22
4.615957384434294042e+00 -5.801496716026825135e-21 7.369217090298716613e-22
4.616622384433865633e+00 -4.410801574306313668e-21 1.050699260288379439e-21
4.617287384433437225e+00 -1.699781198069364133e-21 7.253806959347553862e-22
4.617952384433008817e+00 9.916740329801829338e-23 5.915579328815769967e-22
4.618617384432580408e+00 -6.907562189084578221e-22 6.424699658722373666e-22
4.619282384432152000e+00 -4.946991245710783272e-22 8.349942060118799777e-22
4.619947384431723592e+00 6.707627099710124048e-22 1.053149159931598309e-21
4.620612384431295183e+00 5.318463468970588340e-22 7.406479253033776476e-22
4.621277384430866775e+00 -1.914929369787617994e-21 6.538371439615031749e-22
4.621942384430438366e+00 -1.562741355847242936e-21 6.148819056631733499e-22
4.622607384430009958e+00 -3.403605214633439346e-21 6.562492501081097807e-22
4.623272384429581550e+00 1.062632599513372981e-22 6.659148068517645636e-22
4.623937384429153141e+00 -2.850800914454867362e-22 7.932099875232168242e-22
4.624602384428724733e+00 -1.692586282283769280e-21 6.798760127032081513e-22
4.625267384428296324e+00 1.102334518406082878e-21 8.293839892654621994e-22
4.625932384427867916e+00 -9.690092386676213503e-23 8.302916509363850925e-22
4.626597384427439508e+00 2.149928108937635960e-22 7.004620302393941335e-22
4.627262384427011099e+00 -1.522264079899530525e-21 9.361467597896153616e-22
4.627927384426582691e+00 -2.619947322604315718e-21 7.822608690631218816e-22
4.628592384426154283e+00 -1.958250266027009372e-21 6.803371372208367512e-22
4.629257384425725874e+00 -1.615805835606676793e-21 8.634501507743707438e-22
4.629922384425297466e+00 -2.186014063199958306e-21 7.491636344483072085e-22
4.630587384424869057e+00 -2.626818287173378884e-21 9.100844307581202686e-22
4.631252384424440649e+00 9.513033517345387006e-22 6.663413895092865100e-22
4.631917384424012241e+00 2.266574647341689175e-21 6.974802115659398867e-22
4.632582384423583832e+00 2.825436702526595435e-21 7.575069555569661823e-22
4.633247384423155424e+00 2.781352262076997905e-21 7.964827272893474267e-22
4.633912384422727015e+00 3.788347804766917113e-21 7.802974696519871713e-22
4.634577384422298607e+00 2.965135468598402192e-21 5.827617300484872371e-22
4.635242384421870199e+00 -1.010711715425070724e-21 7.791269581231314712e-22
4.635907384421441790e+00 3.940965977077891273e-22 6.613909721054510312e-22
4.636572384421013382e+00 1.325859185452266848e-21 9.212165187293469410e-22
4.637237384420584974e+00 2.478092874159838974e-21 1.027108161408508591e-21
4.637902384420156565e+00 5.779232177601863502e-22 9.520563731941071861e-22
4.638567384419728157e+00 -6.622546076359911616e-23 7.167540753701738724e-22
4.639232384419299748e+00 -9.135153464439266903e-22 9.060706095080043410e-22
4.639897384418871340e+00 1.378530311511910473e-21 8.312310430943404937e-22
4.640562384418442932e+00 -1.496560414692084841e-22 1.053446569181852671e-21
4.641227384418014523e+00 3.345686915094632888e-22 6.736527434412499105e-22
4.641892384417586115e+00 -2.772950728077418320e-22 9.007472531019410884e-22
4.642557384417157706e+00 -1.342877055918189177e-21 8.207904181569237281e-22
4.643222384416729298e+00 -1.108899750668736092e-21 9.672670905768859143e-22
4.643887384416300890e+00 -5.776463807600834587e-22 7.716798617085023497e-22
4.644552384415872481e+00 1.632594703878237704e-22 7.488501679230174066e-22
4.645217384415444073e+00 4.861210819936804533e-22 5.994092091476243113e-22
4.645882384415015665e+00 1.822885764032679758e-21 6.407868072022063182e-22
4.646547384414587256e+00 1.929655311455808446e-22 8.844230191887747473e-22
4.647212384414158848e+00 -1.912290038737835242e-22 6.797109119882223374e-22
4.647877384413730439e+00 -7.951950373399041435e-22 6.529118944687007705e-22
4.648542384413302031e+00 -6.421506251580244565e-22 6.878745724991798375e-22
4.649207384412873623e+00 -1.936471926460102465e-21 7.784990632241137671e-22
4.649872384412445214e+00 -3.002153616994938835e-21 1.067087622121884356e-21
4.650537384412016806e+00 6.020027111126518152e-22 8.551363008199452600e-22
4.651202384411588397e+00 -2.108528742852345147e-21 6.129582541159740710e-22
4.651867384411159989e+00 -4.509381434857194634e-21 1.214502043667067867e-21
4.652532384410731581e+00 -2.730524352053045719e-21 6.234547678372476700e-22
4.653197384410303172e+00 -6.966421138397588610e-22 6.339699116906614304e-22
4.653862384409874764e+00 -2.984169257233451555e-22 5.486172505681932405e-22
4.654527384409446356e+00 -1.849946550734780850e-22 5.731311176699165808e-22
4.655192384409017947e+00 -8.379231788799032717e-22 6.727924880950001147e-22
4.655857384408589539e+00 -1.700547052489137361e-22 7.144318821254058643e-22
4.656522384408161130e+00 1.640280545369781927e-21 8.644575347158737877e-22
4.657187384407732722e+00 -5.700961904036419871e-24 5.940946735044063383e-22
4.657852384407304314e+00 -3.536869887112905288e-22 5.959699920174325086e-22
4.658517384406875905e+00 -6.031833722138926941e-22 9.588522416268442012e-22
4.659182384406447497e+00 7.697644357206353836e-22 1.809277452808716919e-21
4.659847384406019088e+00 1.061449261185837377e-22 1.085904069804987375e-21
4.660512384405590680e+00 1.003151310829763718e-21 7.058589220460209710e-22
4.661177384405162272e+00 2.316760580079165311e-21 5.466108982454950700e-22
4.661842384404733863e+00 1.188208391583197413e-21 5.599919308843073567e-22
4.662507384404305455e+00 -4.827764830902975192e-22 6.701859528326010827e-22
4.663172384403877047e+00 3.616184922910381473e-22 9.389478558366910743e-22
4.663837384403448638e+00 -1.897381105438143921e-22 7.993355780460266841e-22
4.664502384403020230e+00 7.310283532182878017e-22 6.501194200702831254e-22
4.665167384402591821e+00 -4.654188586212511273e-22 6.078526265122386510e-22
4.665832384402163413e+00 1.942666612370883759e-22 6.635283572341640948e-22
4.666497384401735005e+00 -2.784543172199645754e-21 6.735115567342076545e-22
4.667162384401306596e+00 -5.971805135051610623e-22 6.177385489316195772e-22
4.667827384400878188e+00 5.543567087225084137e-22 6.877814995631267786e-22
4.668492384400449779e+00 1.724199810902621112e-21 8.141802582089162153e-22
4.669157384400021371e+00 -2.039059126526222182e-21 7.600199503983010471e-22
4.669822384399592963e+00 -5.959631551914290368e-22 7.270676794553750824e-22
4.670487384399164554e+00 1.793658396604481727e-21 8.959104415783316569e-22
4.671152384398736146e+00 1.083113324902715737e-21 5.622564149909384170e-22
4.671817384398307738e+00 1.104253752564789084e-21 6.330994511827342243e-22
4.672482384397879329e+00 2.640800272086823844e-22 7.177873229725811348e-22
4.673147384397450921e+00 5.310108569300263456e-22 6.143129851705259842e-22
4.673812384397022512e+00 -1.448540937510041478e-21 6.012214487559855123e-22
4.674477384396594104e+00 -6.715579167591613255e-22 5.769539211560347925e-22
4.675142384396165696e+00 -2.397798835580848291e-21 8.743419849799124172e-22
4.675807384395737287e+00 -1.365858125159385864e-21 7.575450264462254719e-22
4.676472384395308879e+00 7.574684436149341674e-22 7.455725986092541881e-22
4.677137384394880470e+00 -1.650276426572625592e-21 7.398923037986363555e-22
4.677802384394452062e+00 -4.046775032359833080e-21 7.024465519445084374e-22
4.678467384394023654e+00 -1.427880736703383790e-21 5.789917435907567461e-22
4.679132384393595245e+00 -1.095244942557402359e-21 1.020648123244184748e-21
4.679797384393166837e+00 -5.804365761948176867e-22 1.058528702086035112e-21
4.680462384392738429e+00 -1.930839161011350573e-21 6.289269665962321355e-22
4.681127384392310020e+00 -1.232241395455333394e-21 7.234058102276559011e-22
4.681792384391881612e+00 1.916832401729539500e-22 5.810006710598113765e-22
4.682457384391453203e+00 -1.977114260009413686e-22 4.840697042873516823e-22
4.683122384391024795e+00 -1.118067250237351131e-21 6.983359788605951348e-22
4.683787384390596387e+00 -1.154499027523059645e-21 7.216554547906086862e-22
4.684452384390167978e+00 -1.306230921104438984e-21 8.564637397577228774e-22
4.685117384389739570e+00 -6.402538984851758275e-22 5.833166082610451906e-22
4.685782384389311161e+00 1.161843063221186097e-21 5.646955067555854354e-22
4.686447384388882753e+00 1.952273786519650315e-21 5.479649381838614693e-22
4.687112384388454345e+00 2.954796457063707295e-22 6.186740835703945708e-22
4.687777384388025936e+00 9.066990512800966268e-22 6.958431211175014142e-22
4.688442384387597528e+00 5.181750615934234775e-22 7.566364570440552299e-22
4.689107384387169120e+00 -1.013767384282012612e-22 9.004968792965675207e-22
4.689772384386740711e+00 -7.529535147919580265e-22 8.328816556050700078e-22
4.690437384386312303e+00 -2.204953021766793946e-21 8.725544719742341080e-22
4.691102384385883894e+00 -2.371908196342668989e-22 7.349629317891536198e-22
4.691767384385455486e+00 5.121066236876876096e-22 8.045422694256521262e-22
4.692432384385027078e+00 1.710190341914914646e-21 6.874079403943245992e-22
4.693097384384598669e+00 5.800632962401904283e-22 6.431151084930254898e-22
4.693762384384170261e+00 2.754049007457676190e-22 7.961169320736135702e-22
4.694427384383741853e+00 6.721731238941254925e-22 6.287823894818796469e-22
4.695092384383313444e+00 1.038720023979119380e-23 4.927094150512198695e-22
4.695757384382885036e+00 2.642823311782494307e-22 6.189398491014255331e-22
4.696422384382456627e+00 -1.949173246600477514e-22 5.307444120276129051e-22
4.697087384382028219e+00 -1.524209487367331802e-21 9.405854505483593129e-22
4.697752384381599811e+00 -6.412179935182345779e-22 6.971376907127682493e-22
4.698417384381171402e+00 -1.415893025689056895e-21 7.955066512315164017e-22
4.699082384380742994e+00 -1.043810746245338729e-21 6.809289094245760605e-22
4.699747384380314585e+00 -8.801870752225213674e-23 7.517918835553528328e-22
4.700412384379886177e+00 -1.604648043470838334e-21 6.403726631542893867e-22
4.701077384379457769e+00 -2.762458326136810045e-21 8.829382608577900470e-22
4.701742384379029360e+00 -5.969897779195802089e-22 7.313512859896178059e-22
4.702407384378600952e+00 1.863932152813815863e-21 6.875724260698644208e-22
4.703072384378172544e+00 3.412173585411782417e-21 1.622613802646609674e-21
4.703737384377744135e+00 1.956107502937465064e-22 7.753552976025633358e-22
4.704402384377315727e+00 -1.143781744678304833e-21 6.754381921398170047e-22
4.705067384376887318e+00 -9.131470707022303348e-22 9.371662754280775698e-22
4.705732384376458910e+00 -1.639770577834050430e-21 8.104773502661284140e-22
4.706397384376030502e+00 1.092410839878242646e-22 9.681997734346257729e-22
4.707062384375602093e+00 7.775635377865966944e-22 8.662063793748828346e-22
4.707727384375173685e+00 1.119419627243830744e-21 8.485275052990757184e-22
4.708392384374745276e+00 -2.134595402454785935e-21 8.379336065324326560e-22
4.709057384374316868e+00 -7.972746411541977259e-22 7.722726668352219369e-22
4.709722384373888460e+00 2.344864840554486943e-21 8.998285709777219383e-22
4.710387384373460051e+00 2.788233203532111510e-21 1.005938064414357483e-21
4.711052384373031643e+00 4.471128755946957820e-21 9.271685070609916111e-22
4.711717384372603235e+00 4.169259763134239310e-21 7.382531873627127301e-22
4.712382384372174826e+00 3.207203643937445398e-21 9.075075798111913794e-22
4.713047384371746418e+00 2.290922554080423219e-21 1.054333113613427322e-21
4.713712384371318009e+00 2.275439481006300904e-21 6.033301343853137105e-22
4.714377384370889601e+00 1.507455810242347105e-21 6.459316206200234243e-22
4.715042384370461193e+00 1.347000691755236675e-21 7.912125104995193031e-22
4.715707384370032784e+00 8.401725808904260479e-22 7.357221500354424761e-22
4.716372384369604376e+00 1.278071539673834030e-21 6.228441116742221453e-22
4.717037384369175967e+00 2.265698152736027469e-21 7.743308905866547884e-22
4.717702384368747559e+00 1.694648206689203250e-21 8.949218071466945131e-22
4.718367384368319151e+00 1.667938411631434542e-21 7.321720360878899087e-22
4.719032384367890742e+00 -2.061193146774184727e-21 8.502041277600563438e-22
4.719697384367462334e+00 -8.904652023602472565e-22 6.629586997451637847e-22
4.720362384367033926e+00 3.477672425313312945e-22 6.627146721734287462e-22
4.721027384366605517e+00 -1.261768967344098536e-22 8.475248913926754605e-22
4.721692384366177109e+00 1.100292865711967581e-21 7.534598349688624456e-22
4.722357384365748700e+00 1.504633751987264672e-21 8.880512113875720081e-22
4.723022384365320292e+00 -1.999060533931934232e-22 7.996443734053054146e-22
4.723687384364891884e+00 1.105382979612941310e-21 8.819124654191246607e-22
4.724352384364463475e+00 -4.521562571907661159e-22 7.000725642430219860e-22
4.725017384364035067e+00 7.093003809116967909e-22 7.786188575348231172e-22
4.725682384363606658e+00 -2.024670765917767293e-22 9.275770629111684410e-22
4.726347384363178250e+00 2.731710501048339392e-22 7.008328459194365298e-22
4.727012384362749842e+00 7.990580016267835159e-22 6.993919158287015192e-22
4.727677384362321433e+00 2.748525148540300066e-22 6.264182341629316458e-22
4.728342384361893025e+00 9.965028221498476772e-22 8.555708136245322143e-22
4.729007384361464617e+00 2.653119297543392509e-21 7.321379307052720418e-22
4.729672384361036208e+00 -9.415624135823869450e-22 6.004332988620195274e-22
4.730337384360607800e+00 -2.121691349381425744e-22 6.548605117981368875e-22
4.731002384360179391e+00 -1.092213232656754267e-21 8.308971975694141364e-22
4.731667384359750983e+00 1.306906456120448323e-22 1.044367766073749382e-21
4.732332384359322575e+00 -1.428858893312212759e-21 7.141487875830666138e-22
4.732997384358894166e+00 1.153974441149447348e-21 6.219329622557338789e-22
4.733662384358465758e+00 1.550193475831707513e-21 8.420506175863213966e-22
4.734327384358037349e+00 7.971060371030796670e-22 7.420520793863169571e-22
4.734992384357608941e+00 2.335998916562786034e-21 7.222596153344302409e-22
4.735657384357180533e+00 1.573124906655745345e-21 7.832151079183520957e-22
4.736322384356752124e+00 -3.429303650217987392e-23 6.464544819606488885e-22
4.736987384356323716e+00 -1.094377386043132931e-21 5.365789216545503635e-22
4.737652384355895308e+00 5.892642026644136200e-22 6.563976479903900475e-22
4.738317384355466899e+00 8.572879448554919161e-22 7.774855745681861798e-22
4.738982384355038491e+00 7.504328513315265328e-22 6.931210919377916827e-22
4.739647384354610082e+00 -2.393963653687302948e-22 1.035183375155243881e-21
4.740312384354181674e+00 2.813419679435057893e-22 7.180405146248348107e-22
4.740977384353753266e+00 1.231210457335658108e-21 6.002653315424293244e-22
4.741642384353324857e+00 1.430783243304683800e-21 8.505155432405897003e-22
4.742307384352896449e+00 -1.313386557226878698e-22 9.355825112671716160e-22
4.742972384352468040e+00 -1.057347165014412879e-21 6.288902220148452278e-22
4.743637384352039632e+00 6.577740472990401729e-22 8.695422051028802407e-22
4.744302384351611224e+00 -9.111105579024752718e-22 8.551277494952821514e-22
4.744967384351182815e+00 -2.475378778047123440e-21 8.667886282531679956e-22
4.745632384350754407e+00 -1.643909764751122423e-21 6.960236605842668894e-22
4.746297384350325999e+00 -8.386644208400771638e-22 7.178698145093981510e-22
4.746962384349897590e+00 -8.272978357695035020e-22 5.268596400419952077e-22
4.747627384349469182e+00 -1.432287847674949875e-21 5.927716531003505501e-22
4.748292384349040773e+00 6.493695849790275297e-22 6.494225253015936342e-22
4.748957384348612365e+00 6.292747023987193579e-22 4.555102322540574865e-22
4.749622384348183957e+00 1.994978102546262593e-21 6.188298267583827080e-22
4.750287384347755548e+00 9.051369949857357657e-22 7.140048654250131091e-22
4.750952384347327140e+00 -1.419322589516222052e-22 7.386805549894661091e-22
4.751617384346898731e+00 4.813944145866053121e-22 7.424648394307037691e-22
4.752282384346470323e+00 -3.080759457281368612e-22 7.123518822249798279e-22
4.752947384346041915e+00 1.073280116464484071e-21 6.699596859451504467e-22
4.753612384345613506e+00 7.878894881975270072e-24 5.091488749764939433e-22
4.754277384345185098e+00 -2.466938759580115231e-21 4.916283080331253762e-22
4.754942384344756690e+00 -5.731948160224402779e-22 6.676093748752231025e-22
4.755607384344328281e+00 2.155283443245784701e-22 1.158742447014282648e-21
4.756272384343899873e+00 -1.207371391524576851e-21 5.048246469329490360e-22
4.756937384343471464e+00 -2.093204487178153792e-21 5.790667031412709061e-22
4.757602384343043056e+00 5.576133811772573532e-22 6.949102248691779616e-22
4.758267384342614648e+00 1.438928449987680420e-22 6.524439975995214614e-22
4.758932384342186239e+00 9.639664919636058369e-22 7.322299868606303772e-22
4.759597384341757831e+00 -7.473860350584957119e-22 8.308989145006850410e-22
4.760262384341329422e+00 -2.357419812374035028e-21 7.428425828984179013e-22
4.760927384340901014e+00 -1.399215216051976860e-21 5.903022965562955267e-22
4.761592384340472606e+00 3.964856049239726405e-22 8.452644624212424007e-22
4.762257384340044197e+00 -4.387037104225328133e-21 7.046979925782750950e-22
4.762922384339615789e+00 -2.313962701838547228e-21 6.368599426425206853e-22
4.763587384339187381e+00 -1.445355447115056862e-21 9.189260515712087121e-22
4.764252384338758972e+00 -7.383900375037723977e-22 1.116496407233822214e-21
4.764917384338330564e+00 9.778166675125268309e-22 7.399201992551407751e-22
4.765582384337902155e+00 2.222600224628835631e-21 6.978482769902923505e-22
4.766247384337473747e+00 -1.215271978040019376e-21 9.717622412855372431e-22
4.766912384337045339e+00 -1.222888267341507759e-21 6.027396804163142702e-22
4.767577384336616930e+00 -1.642134539620180460e-21 7.186760860722876647e-22
4.768242384336188522e+00 -7.352851095027022971e-22 9.442547247804685143e-22
4.768907384335760113e+00 -1.598973845746413728e-21 8.048681562869521745e-22
4.769572384335331705e+00 -3.846060583155351859e-22 9.816597460428810285e-22
4.770237384334903297e+00 1.138651964099100245e-21 6.219300759488256276e-22
4.770902384334474888e+00 -2.200327817649127432e-22 6.821320094314674048e-22
4.771567384334046480e+00 2.892556712253232264e-23 7.047590422209613605e-22
4.772232384333618072e+00 1.820580670658991299e-21 8.304723696291658792e-22
4.772897384333189663e+00 1.307338837375828249e-21 8.939952472312345409e-22
4.773562384332761255e+00 5.509711982057513474e-22 7.126935327900959787e-22
4.774227384332332846e+00 1.593941427920664071e-21 5.934259673266993138e-22
4.774892384331904438e+00 4.387029727623217665e-22 7.686331151934273077e-22
4.775557384331476030e+00 5.938249278296205787e-22 7.955342901630858920e-22
4.776222384331047621e+00 2.116627850538777362e-21 9.229868201802829125e-22
4.776887384330619213e+00 1.142318541063191379e-22 6.534580170562104586e-22
4.777552384330190804e+00 6.387867167084248340e-22 7.395191625842086413e-22
4.778217384329762396e+00 -1.212175049853225942e-21 6.754203103318086169e-22
4.778882384329333988e+00 1.965143236300459035e-22 7.546498655302861283e-22
4.779547384328905579e+00 -2.709832006233718276e-21 7.472615994422163704e-22
4.780212384328477171e+00 -2.064851080955922548e-21 7.851127629025234722e-22
4.780877384328048763e+00 2.036792384055635488e-21 8.176960404718216897e-22
4.781542384327620354e+00 3.230253308588077777e-21 9.959836823714857499e-22
4.782207384327191946e+00 1.574266300794706135e-21 9.739290958658509472e-22
4.782872384326763537e+00 1.557179946277658517e-22 1.107192465449958650e-21
4.783537384326335129e+00 1.510616340772490844e-21 8.703373371678456180e-22
4.784202384325906721e+00 5.932720168033922405e-22 6.517489718560496176e-22
4.784867384325478312e+00 1.894051901377139667e-21 1.030803115887868448e-21
4.785532384325049904e+00 -2.475827963931382842e-21 6.623875184818179162e-22
4.786197384324621495e+00 -1.336367070756449328e-21 7.490029573435642543e-22
4.786862384324193087e+00 1.633848638993007757e-21 6.123180128432891586e-22
4.787527384323764679e+00 1.561787492506979179e-21 7.599265367178570250e-22
4.788192384323336270e+00 5.186890674997365428e-22 1.012015748457575388e-21
4.788857384322907862e+00 3.391443349359898400e-22 1.038640283965008016e-21
4.789522384322479454e+00 1.390717953498021772e-22 1.264220160158030135e-21
4.790187384322051045e+00 -2.780420176894149803e-21 1.065166716921540226e-21
4.790852384321622637e+00 -2.788949175559693597e-21 1.054511637429771653e-21
4.791517384321194228e+00 -2.632903608011027233e-21 9.335701668673487858e-22
4.792182384320765820e+00 -1.998752051758445539e-21 1.022366104065338217e-21
4.792847384320337412e+00 1.522089180887238643e-21 9.759832913367106167e-22
4.793512384319909003e+00 -1.939689030735165408e-21 1.451767520187068720e-21
4.794177384319480595e+00 -3.484929215927581139e-21 1.051068618542114972e-21
4.794842384319052186e+00 -9.537976997263932859e-22 8.673946469017158141e-22
4.795507384318623778e+00 -1.981932235126563393e-21 6.528441466539139636e-22
4.796172384318195370e+00 -6.119039907733967001e-22 7.833520889343147534e-22
4.796837384317766961e+00 -1.676655211212225643e-21 1.114947562737693815e-21
4.797502384317338553e+00 -1.694599755101570257e-21 1.461515108473888329e-21
4.798167384316910145e+00 -1.643069590623971058e-21 8.142134501448593204e-22
4.798832384316481736e+00 -2.084776681256506482e-21 8.173284473081172228e-22
4.799497384316053328e+00 -6.412879556541710171e-22 7.428571320765442844e-22
4.800162384315624919e+00 -4.867906580144260058e-22 6.038872255050379497e-22
4.800827384315196511e+00 1.161498797966814683e-21 5.683652239641094183e-22
4.801492384314768103e+00 2.998963748086184325e-22 6.311382466984709776e-22
4.802157384314339694e+00 -1.735416420428416124e-21 1.199197153048574349e-21
4.802822384313911286e+00 4.999068590743566692e-22 9.164955135347522710e-22
4.803487384313482877e+00 8.116335020035305202e-22 5.988982327824433128e-22
4.804152384313054469e+00 -1.799803042626020319e-21 8.539686537538567255e-22
4.804817384312626061e+00 5.582211953417767117e-22 1.106794406859663870e-21
4.805482384312197652e+00 -1.671774533492496434e-22 1.081310352170337671e-21
4.806147384311769244e+00 5.954914269075964292e-22 8.802140932112675197e-22
4.806812384311340836e+00 -1.138705169212984170e-22 6.411547833806838258e-22
4.807477384310912427e+00 6.966968775518870352e-23 9.044771992205535738e-22
4.808142384310484019e+00 -1.465057639338033722e-22 7.230099347922477934e-22
4.808807384310055610e+00 1.910673585151935485e-21 7.693552373100714655e-22
4.809472384309627202e+00 -1.042264577097050412e-21 5.332406820494318581e-22
4.810137384309198794e+00 -1.280771170153498294e-21 7.616292697454076318e-22
4.810802384308770385e+00 2.079408750646007264e-22 8.727090315484894137e-22
4.811467384308341977e+00 1.433379825370700361e-21 5.532570118858883495e-22
4.812132384307913568e+00 -6.745774283959018306e-23 7.163525457231120206e-22
4.812797384307485160e+00 6.452511535457154841e-23 7.014916089748976634e-22
4.813462384307056752e+00 -1.659698848601250094e-22 7.204701394680016325e-22
4.814127384306628343e+00 -1.571919691586283159e-21 7.093264239583423051e-22
4.814792384306199935e+00 1.282606736557126568e-22 7.070185373467559661e-22
4.815457384305771527e+00 -1.537279057426872819e-21 9.560459213907843410e-22
4.816122384305343118e+00 1.846922967979572493e-21 9.123335252680972045e-22
4.816787384304914710e+00 6.696944165891465237e-22 1.037642731052097462e-21
4.817452384304486301e+00 1.575443492539799875e-22 6.569902998101390502e-22
4.818117384304057893e+00 -1.333258549443681604e-22 1.041059922696281718e-21
4.818782384303629485e+00 8.307835297770661575e-22 7.482864538941352457e-22
4.819447384303201076e+00 -7.571219224428763143e-22 6.273244320466691990e-22
4.820112384302772668e+00 2.374544134355024337e-21 9.607984895895696320e-22
4.820777384302344259e+00 1.253072786658810199e-21 6.260219767770436468e-22
4.821442384301915851e+00 -3.011099828640245291e-22 8.045947733930990643e-22
4.822107384301487443e+00 -1.193009841481795333e-21 4.762537352641220581e-22
4.822772384301059034e+00 1.911990873512823520e-21 6.056949957892315973e-22
4.823437384300630626e+00 6.501472152094829345e-22 6.572652794655827080e-22
4.824102384300202218e+00 1.359980708261922595e-21 8.067521252821089217e-22
4.824767384299773809e+00 1.033288446854936836e-21 7.871365602502910118e-22
4.825432384299345401e+00 -2.143505020771826477e-22 8.066017685661041120e-22
4.826097384298916992e+00 -8.175321475407894872e-22 9.486432616206389380e-22
4.826762384298488584e+00 5.739745744548187882e-22 8.084369135673605109e-22
4.827427384298060176e+00 -1.825461258667803295e-22 9.537957188689334675e-22
4.828092384297631767e+00 1.889140354519799855e-21 1.175380507433616144e-21
4.828757384297203359e+00 1.350523679381891725e-21 1.238880547412263344e-21
4.829422384296774950e+00 4.239501101842165190e-22 6.821478948294182893e-22
4.830087384296346542e+00 7.186771631723472783e-22 6.171003815638670703e-22
4.830752384295918134e+00 2.092908445451809372e-22 8.193092595179625542e-22
4.831417384295489725e+00 5.496126430607679065e-22 7.310960409410443073e-22
4.832082384295061317e+00 3.198480337294406754e-21 1.064166753321668774e-21
4.832747384294632909e+00 3.753497760967855088e-22 6.605901590185990242e-22
4.833412384294204500e+00 4.675960170304824863e-22 7.707681079578011015e-22
4.834077384293776092e+00 1.573234639028283790e-21 7.423000535062202821e-22
4.834742384293347683e+00 7.649822919819198373e-22 5.721515549398666463e-22
4.835407384292919275e+00 -1.110807084510020711e-21 7.711593404050519326e-22
4.836072384292490867e+00 1.411927366315034088e-21 1.103877638608004694e-21
4.836737384292062458e+00 -4.621532664777397277e-23 7.230221538315985513e-22
4.837402384291634050e+00 7.860365248640380576e-22 1.026530748781600647e-21
4.838067384291205641e+00 7.939553189563957143e-22 9.773269009671530070e-22
4.838732384290777233e+00 6.044815731072675710e-22 7.938124958137775844e-22
4.839397384290348825e+00 5.752028083520498194e-22 7.392954394823581599e-22
4.840062384289920416e+00 3.488367947309975688e-21 6.762256694606441376e-22
4.840727384289492008e+00 3.357279264473512849e-21 9.556106491777878054e-22
4.841392384289063600e+00 3.431813217368907682e-21 1.238433451027745189e-21
4.842057384288635191e+00 -5.803932766172521665e-22 6.270843555634514459e-22
4.842722384288206783e+00 -2.888356684328441331e-21 7.362673830139163179e-22
4.843387384287778374e+00 -1.326210005105739002e-21 7.330173660013123139e-22
4.844052384287349966e+00 7.340939073749082752e-22 8.716680745064998367e-22
4.844717384286921558e+00 -6.295857724315524658e-22 8.046402944696592934e-22
4.845382384286493149e+00 -1.451573644777800181e-21 8.491991752088768550e-22
4.846047384286064741e+00 -1.622378245937096167e-23 6.335923973017263644e-22
4.846712384285636332e+00 -1.281105173113570118e-21 5.298223241281103909e-22
4.847377384285207924e+00 1.815748632963505314e-21 7.339751060640397616e-22
4.848042384284779516e+00 2.017348614991291656e-21 8.813140435088743886e-22
4.848707384284351107e+00 1.351881190212311354e-21 9.014732970916131661e-22
4.849372384283922699e+00 1.443876756395058445e-22 9.596482461882350809e-22
4.850037384283494291e+00 -1.420538086378703495e-21 7.399157584565988069e-22
4.850702384283065882e+00 -6.222505069855932241e-22 9.207658594127785517e-22
4.851367384282637474e+00 -2.193916177614460064e-23 6.399408050991320374e-22
4.852032384282209065e+00 1.333569556570960452e-21 7.879024556826567825e-22
4.852697384281780657e+00 -1.434276688228710831e-22 7.801577486356795395e-22
4.853362384281352249e+00 2.053304753013787907e-21 9.557435453952090595e-22
4.854027384280923840e+00 7.366977819369888026e-22 9.768290396031076533e-22
4.854692384280495432e+00 1.103893305923634923e-21 1.133728216760688205e-21
4.855357384280067023e+00 -8.003759494484395907e-22 7.498538446046027567e-22
4.856022384279638615e+00 -1.981843665005672672e-22 5.729533123497862387e-22
4.856687384279210207e+00 -1.350946865603430856e-21 6.219535605935846454e-22
4.857352384278781798e+00 -2.634788944225138714e-22 8.062962707338705154e-22
4.858017384278353390e+00 2.874962884060380475e-21 6.881590151244896598e-22
4.858682384277924982e+00 -7.579609939011182463e-23 7.806812474032585149e-22
4.859347384277496573e+00 4.123699859111473405e-22 6.969127694248239033e-22
4.860012384277068165e+00 -1.490296780731425914e-21 8.091051343771930655e-22
4.860677384276639756e+00 1.586227230225507189e-21 7.660644965004077927e-22
4.861342384276211348e+00 2.277022061986378974e-21 8.324961272780530970e-22
4.862007384275782940e+00 -2.115512509416999716e-21 1.153882457028240738e-21
4.862672384275354531e+00 -1.993684769533511201e-21 8.336553247943353789e-22
4.863337384274926123e+00 1.454408054153094919e-21 8.557354984455195922e-22
4.864002384274497715e+00 1.952797107779136155e-21 7.250153379307462812e-22
4.864667384274069306e+00 1.321868936022840341e-21 6.636504221772319989e-22
4.865332384273640898e+00 4.468254973527672399e-23 9.720418210312563388e-22
4.865997384273212489e+00 4.258728041319688547e-21 1.124920419788947574e-21
4.866662384272784081e+00 2.846459642121145399e-21 9.661294582034345831e-22
4.867327384272355673e+00 2.260085389151279577e-21 9.108001631385991046e-22
4.867992384271927264e+00 -7.711494421045809282e-22 7.463244458253408748e-22
4.868657384271498856e+00 -1.835509082231476239e-21 6.181697646622655691e-22
4.869322384271070447e+00 -7.034324660873678348e-22 7.885384232026555386e-22
4.869987384270642039e+00 1.147636919960449723e-21 9.745537300287971352e-22
4.870652384270213631e+00 2.008123078608565057e-21 8.739460362708205932e-22
4.871317384269785222e+00 3.104014474888971375e-21 1.000118793421035632e-21
4.871982384269356814e+00 3.835707481530898929e-21 1.097902923638330810e-21
4.872647384268928406e+00 1.426591190455019480e-21 1.066662683954803426e-21
4.873312384268499997e+00 -4.008955748993311715e-21 8.047949862798664505e-22
4.873977384268071589e+00 -2.396507685704556240e-22 7.717987210225692382e-22
4.874642384267643180e+00 -4.017842001249020518e-21 5.973845464788649838e-22
4.875307384267214772e+00 -1.393398672889272291e-21 8.253531260036596323e-22
4.875972384266786364e+00 1.180012525104797532e-21 9.762035810389306569e-22
4.876637384266357955e+00 1.401629089784427712e-21 1.013295445362355855e-21
4.877302384265929547e+00 -9.243693675370799055e-22 1.489655693047077752e-21
4.877967384265501138e+00 -6.517475440501723390e-22 9.783616843280778814e-22
4.878632384265072730e+00 -7.053908133867543762e-22 8.988354386086378636e-22
4.879297384264644322e+00 -7.649272149325648747e-23 1.005496756752819621e-21
4.879962384264215913e+00 -1.412771209821871795e-21 9.888270988094413890e-22
4.880627384263787505e+00 -1.390301076210049366e-21 8.308561501474719314e-22
4.881292384263359097e+00 -3.394273186661242584e-22 7.071521939562982146e-22
4.881957384262930688e+00 -1.739005420162753225e-21 6.379661937181063382e-22
4.882622384262502280e+00 -1.967967030095964934e-25 9.086764305723313451e-22
4.883287384262073871e+00 -8.965881581368055472e-22 8.851647035701233663e-22
4.883952384261645463e+00 2.813766295552481703e-22 7.094506873302078019e-22
4.884617384261217055e+00 -1.509727251528270638e-21 1.145584132283525093e-21
4.885282384260788646e+00 3.066621630165708992e-22 6.811310490157042646e-22
4.885947384260360238e+00 -1.439792323980899643e-21 5.871384272734594744e-22
4.886612384259931829e+00 1.101065107617304599e-21 8.397593592332960152e-22
4.887277384259503421e+00 7.811669648692411868e-22 8.005024685493429260e-22
4.887942384259075013e+00 -1.771814738397069713e-21 7.359934082441234745e-22
4.888607384258646604e+00 2.368688669838252553e-22 7.260891470792541526e-22
4.889272384258218196e+00 1.743251029507744152e-21 9.598191655150239684e-22
4.889937384257789788e+00 2.317385270986721143e-21 9.687922032112685997e-22
4.890602384257361379e+00 -8.416960965452568945e-22 7.402648300491399218e-22
4.891267384256932971e+00 2.125357606526408646e-21 9.943248236790639239e-22
4.891932384256504562e+00 2.047126542121670318e-21 8.195229205977072251e-22
4.892597384256076154e+00 -2.978172140694868934e-22 1.040586529536498451e-21
4.893262384255647746e+00 1.709899012131099920e-21 9.089523301910716516e-22
4.893927384255219337e+00 3.598424251674969942e-21 9.945650646303695960e-22
4.894592384254790929e+00 3.635444154050299835e-21 1.266138302745135306e-21
4.895257384254362520e+00 1.520965873977715345e-21 6.600720821739260355e-22
4.895922384253934112e+00 -1.981587901900522493e-21 8.489762151401468888e-22
4.896587384253505704e+00 1.543990938286058343e-22 8.419260798442089170e-22
4.897252384253077295e+00 -5.430413587368742037e-23 6.378213945408719091e-22
4.897917384252648887e+00 -3.268599263454351227e-21 8.040024391264741032e-22
4.898582384252220479e+00 -5.048142778194755900e-22 6.674280520055832318e-22
4.899247384251792070e+00 2.396068109378195957e-21 8.576134362247848241e-22
4.899912384251363662e+00 3.325171941403497064e-22 8.970685807758050430e-22
4.900577384250935253e+00 1.100414494917686701e-22 9.333977909508355323e-22
4.901242384250506845e+00 1.337720189480501755e-21 6.993101421889347277e-22
4.901907384250078437e+00 1.917422762564306313e-21 8.163217281684352752e-22
4.902572384249650028e+00 -1.311071817639667166e-21 1.334804420501255372e-21
4.903237384249221620e+00 7.999667122783140786e-22 1.088462463263301030e-21
4.903902384248793211e+00 -4.838995525570163268e-22 9.079000634190333760e-22
4.904567384248364803e+00 -1.115545709079717897e-21 7.782442800824391955e-22
4.905232384247936395e+00 -1.655470110216534924e-21 6.778387323232534459e-22
4.905897384247507986e+00 -1.094989515629888309e-21 1.071618065038191564e-21
4.906562384247079578e+00 -9.757518732858807767e-22 8.085180617845473265e-22
4.907227384246651170e+00 -1.409912063650295292e-21 9.090323249465576815e-22
4.907892384246222761e+00 -1.792344379457227687e-21 8.734108840697736610e-22
4.908557384245794353e+00 1.575741291352895708e-21 7.028918459224866899e-22
4.909222384245365944e+00 -1.214974068545017417e-21 7.976387706560385211e-22
4.909887384244937536e+00 -2.190822889613450279e-21 1.366464102663284177e-21
4.910552384244509128e+00 -3.091462905026538502e-21 1.091925458981399294e-21
4.911217384244080719e+00 -3.638079620483342708e-21 8.280086415983174687e-22
4.911882384243652311e+00 1.807127467569338597e-21 6.155719381803158530e-22
4.912547384243223902e+00 6.518641125810761577e-22 6.454727168302603490e-22
4.913212384242795494e+00 -1.790277957968546558e-21 6.635374923864379188e-22
4.913877384242367086e+00 1.321528450394685558e-21 8.507901030874690866e-22
4.914542384241938677e+00 1.490201226613255804e-21 9.806196060264105451e-22
4.915207384241510269e+00 -1.111091378419016439e-21 5.697984751197029465e-22
4.915872384241081861e+00 1.056029816412083380e-21 7.454864649689461969e-22
4.916537384240653452e+00 1.378540714613448246e-21 6.382576612207882032e-22
4.917202384240225044e+00 -1.357782793293289187e-21 7.712885218140542899e-22
4.917867384239796635e+00 1.979605938108718655e-23 9.006172746378795278e-22
4.918532384239368227e+00 1.090090499607506133e-21 9.240776780265119324e-22
4.919197384238939819e+00 -1.052322177959195307e-21 1.188779385817866927e-21
4.919862384238511410e+00 -1.433137867708957326e-21 9.519126672214508903e-22
4.920527384238083002e+00 -1.823398121320551462e-21 8.678372642000541497e-22
4.921192384237654593e+00 -6.046206970067716771e-22 9.092125258925598438e-22
4.921857384237226185e+00 -1.228358238970074972e-21 7.601493787209710866e-22
4.922522384236797777e+00 9.690456706718422459e-22 8.154838569425116017e-22
4.923187384236369368e+00 1.012846687238924183e-22 7.083474902113214493e-22
4.923852384235940960e+00 2.050240274604844119e-21 2.266366912772709573e-21
4.924517384235512552e+00 -1.421142054029566270e-21 7.679792771684879390e-22
4.925182384235084143e+00 -1.381232577813702213e-21 1.056491379663742447e-21
4.925847384234655735e+00 5.938854565138526168e-22 1.246020641829690113e-21
4.926512384234227326e+00 5.225617395291915260e-22 1.156308349549342152e-21
4.927177384233798918e+00 2.511156095802406510e-21 1.066398957055740112e-21
4.927842384233370510e+00 8.758130643473057262e-22 9.014730528863144669e-22
4.928507384232942101e+00 -1.064209058242194311e-21 9.997003243053540994e-22
4.929172384232513693e+00 -5.312632083456635106e-22 1.251955793044280583e-21
4.929837384232085284e+00 1.689610221862302575e-21 8.053413601048439085e-22
4.930502384231656876e+00 -2.092205211862578112e-21 7.810979400286637460e-22
4.931167384231228468e+00 -7.697847469673391008e-22 1.026179139691884239e-21
4.931832384230800059e+00 -7.386092651745260706e-22 7.555463638200898269e-22
4.932497384230371651e+00 -2.307911051370836861e-21 6.772360261574498123e-22
4.933162384229943243e+00 -4.126448802862505135e-22 7.875762262420066761e-22
4.933827384229514834e+00 9.637202787815768251e-22 1.438090280101918379e-21
4.934492384229086426e+00 5.562412237401920912e-22 7.577887920054838289e-22
4.935157384228658017e+00 -2.755821386391931596e-23 1.081551549146496701e-21
4.935822384228229609e+00 5.047947894576601076e-22 7.856589407168927417e-22
4.936487384227801201e+00 -9.952671657162457418e-23 1.016002773697359042e-21
4.937152384227372792e+00 1.389059723114430775e-21 8.728296117628489937e-22
4.937817384226944384e+00 2.267466313744286359e-21 9.054918659258273534e-22
4.938482384226515975e+00 3.300543133496436633e-21 1.017661354257663637e-21
4.939147384226087567e+00 1.995693089800387718e-21 9.480790960541181791e-22
4.939812384225659159e+00 9.018763741906922962e-22 8.438653621690232928e-22
4.940477384225230750e+00 -2.535564534661520408e-22 8.229811250688094346e-22
4.941142384224802342e+00 -1.474786293020929475e-21 1.004608502711923465e-21
4.941807384224373934e+00 1.160263974807499128e-22 1.145273828147155931e-21
4.942472384223945525e+00 2.236268756944426815e-22 7.716121101228083765e-22
4.943137384223517117e+00 1.542780991833908419e-21 8.287959566568715499e-22
4.943802384223088708e+00 -3.955445402681310816e-23 6.838252171106179251e-22
4.944467384222660300e+00 -8.651021763657476008e-22 7.877312297283682919e-22
4.945132384222231892e+00 8.497539996376199913e-22 7.000089746870814059e-22
4.945797384221803483e+00 1.293862317299586313e-21 8.014751062681272503e-22
4.946462384221375075e+00 1.825459553162699768e-21 8.023228929067173696e-22
4.947127384220946666e+00 -2.344295781945592340e-22 7.985819240274118640e-22
4.947792384220518258e+00 -5.778765028385778809e-22 7.554242186923077782e-22
4.948457384220089850e+00 -1.136631215064037692e-21 7.225494513323464623e-22
4.949122384219661441e+00 2.044444581336108932e-22 6.310671168159301769e-22
4.949787384219233033e+00 2.002775628308678946e-22 1.215973038486045023e-21
4.950452384218804625e+00 1.572796659928627547e-21 1.030012937810699658e-21
4.951117384218376216e+00 9.753658850306772127e-22 7.257551959979933516e-22
4.951782384217947808e+00 -3.618910256439715801e-22 8.697289969718433482e-22
4.952447384217519399e+00 1.367856166924769541e-21 1.123695726490860876e-21
4.953112384217090991e+00 -5.234046232269475360e-22 9.244462487991817127e-22
4.953777384216662583e+00 -2.761016478047738034e-21 7.452944352104598450e-22
4.954442384216234174e+00 -3.052287704606235691e-21 7.142226625550647505e-22
4.955107384215805766e+00 -8.645773312374940082e-22 5.801716488839315439e-22
4.955772384215377357e+00 2.884189201111026567e-21 9.463296284929624534e-22
4.956437384214948949e+00 1.097005217112849547e-21 1.030399465666502611e-21
4.957102384214520541e+00 2.823102421656138907e-21 8.639431409813470829e-22
4.957767384214092132e+00 1.108126458956298316e-21 9.574341183065975926e-22
4.958432384213663724e+00 1.992926581515713783e-21 8.545719157416914310e-22
4.959097384213235316e+00 2.011745510417270828e-21 9.813162000125392998e-22
4.959762384212806907e+00 3.468297092333914890e-21 8.182655500161750893e-22
4.960427384212378499e+00 2.513422447631243898e-21 8.886289729161497340e-22
4.961092384211950090e+00 1.034214129767365460e-22 8.203910237385700062e-22
4.961757384211521682e+00 -1.747978496298559090e-22 7.067755477370496391e-22
4.962422384211093274e+00 5.538399535274912371e-22 8.833606488497922850e-22
4.963087384210664865e+00 1.937037072102545399e-21 8.719470683407773139e-22
4.963752384210236457e+00 -1.174635954684945034e-21 7.937182123639420124e-22
4.964417384209808048e+00 -6.159813200375730948e-22 6.684979691346771801e-22
4.965082384209379640e+00 5.366063386299004839e-22 5.740129725054899116e-22
4.965747384208951232e+00 -6.973749533616892213e-23 8.890404493522193231e-22
4.966412384208522823e+00 4.484764709242582614e-23 8.931110817748746600e-22
4.967077384208094415e+00 -1.356039273457216044e-23 7.341548678388538537e-22
4.967742384207666007e+00 -1.602930824089490167e-22 7.275650279294135774e-22
4.968407384207237598e+00 7.536169848822501602e-22 7.194765841228878376e-22
4.969072384206809190e+00 1.237656132067799856e-21 1.122329904868574065e-21
4.969737384206380781e+00 1.012391798481162590e-22 1.293073973456399941e-21
4.970402384205952373e+00 2.331164160663414065e-21 1.024410220258554596e-21
4.971067384205523965e+00 2.400194239993029520e-21 6.569165538667135465e-22
4.971732384205095556e+00 3.299487612943355365e-21 7.300431614793524640e-22
4.972397384204667148e+00 -1.640342948443636323e-23 1.035902361508439373e-21
4.973062384204238739e+00 -1.847050973285913366e-22 7.160791180532637924e-22
4.973727384203810331e+00 1.363619417830884591e-21 7.711346898797602565e-22
4.974392384203381923e+00 2.757831903651569544e-21 6.238256356581003484e-22
4.975057384202953514e+00 2.123161039553673559e-21 8.398691981460206232e-22
4.975722384202525106e+00 1.082270326373696028e-21 9.981711599071108660e-22
4.976387384202096698e+00 -2.535257642441808137e-21 7.364237903774022249e-22
4.977052384201668289e+00 -2.248595235445732474e-21 9.029871146482589172e-22
4.977717384201239881e+00 3.162947109183147026e-21 1.022344180896913644e-21
4.978382384200811472e+00 2.408292565020154755e-21 7.995835760636125178e-22
4.979047384200383064e+00 -1.479653225884093305e-21 1.092795957647174447e-21
4.979712384199954656e+00 -2.933712478150608398e-21 1.940924539267049910e-21
4.980377384199526247e+00 7.839017555655362339e-22 1.582194478770192987e-21
4.981042384199097839e+00 -7.474716520897685696e-22 1.126972991732806162e-21
4.981707384198669430e+00 6.240971980012838791e-22 1.040206973363775178e-21
4.982372384198241022e+00 1.690755064412027007e-21 1.068879269673242697e-21
4.983037384197812614e+00 -2.264022454603761816e-21 1.637505302541186206e-21
4.983702384197384205e+00 2.376645322023075027e-21 1.605663035417276249e-21
4.984367384196955797e+00 -2.329506561161616841e-22 9.868428084597796299e-22
4.985032384196527389e+00 -1.217761874194626032e-22 5.919247639190422387e-22
4.985697384196098980e+00 1.824414650235978950e-23 9.224669113848699290e-22
4.986362384195670572e+00 1.090759480411058127e-21 1.583097447439546994e-21
4.987027384195242163e+00 -1.458252892118504026e-21 9.853713477384413187e-22
4.987692384194813755e+00 5.591399009658365392e-22 8.448229148989467261e-22
4.988357384194385347e+00 -1.732745223084779576e-21 7.123623966783110617e-22
4.989022384193956938e+00 -3.089946742776979171e-21 7.709566120304207428e-22
4.989687384193528530e+00 -4.456495722155436374e-21 6.562901220594856197e-22
4.990352384193100121e+00 -3.021497938106849990e-21 8.292618816928942738e-22
4.991017384192671713e+00 -5.869469457505969664e-22 7.275358746732326337e-22
4.991682384192243305e+00 9.137080616879713997e-22 1.133813017866095775e-21
4.992347384191814896e+00 -1.647326251998117507e-21 1.080108800771304631e-21
4.993012384191386488e+00 -1.112161954419362367e-21 2.479249090522075587e-21
4.993677384190958080e+00 -2.887097297030859164e-22 8.932225128873346304e-22
4.994342384190529671e+00 -7.230164501899175031e-22 1.066402890046229386e-21
4.995007384190101263e+00 -3.892155224630802490e-22 1.102453110664411679e-21
4.995672384189672854e+00 -2.365557704034626287e-21 7.094897785493442276e-22
4.996337384189244446e+00 8.252783477477758060e-22 8.012201689918968316e-22
4.997002384188816038e+00 -1.045590013014270778e-21 7.385098815248188455e-22
4.997667384188387629e+00 -4.210698254386409725e-22 8.331629148460333951e-22
4.998332384187959221e+00 -1.102827238137547762e-21 7.516836621550653823e-22
4.998997384187530812e+00 1.397072867458788987e-21 1.001960422798497680e-21
4.999662384187102404e+00 -1.447782014523548247e-21 9.665466640383884493e-22
5.000327384186673996e+00 -1.061230730634920652e-21 7.199308702879189529e-22
5.000992384186245587e+00 -2.644217654663911018e-22 1.054196725675310131e-21
5.001657384185817179e+00 -9.266119089631917169e-22 9.276708275690903520e-22
5.002322384185388771e+00 -3.923628149260326093e-21 7.121205431645456973e-22
5.002987384184960362e+00 -3.285747546358843124e-21 8.173522348227261849e-22
5.003652384184531954e+00 -3.015030183665069401e-21 8.363475279011831037e-22
5.004317384184103545e+00 -1.975036154362841096e-21 9.512505225516572240e-22
5.004982384183675137e+00 7.626557404105292552e-22 8.020611114691203728e-22
5.005647384183246729e+00 1.274179244015747830e-21 1.026868673622646639e-21
5.006312384182818320e+00 -3.020855519209981395e-22 6.027417139695075121e-22
5.006977384182389912e+00 -1.062276717811033722e-21 1.028628506440479128e-21
5.007642384181961503e+00 2.571709771706728859e-22 1.086924073780440158e-21
5.008307384181533095e+00 -4.016976995470513503e-22 6.708922882971038907e-22
5.008972384181104687e+00 -6.777244969790193216e-22 6.331708327627786218e-22
5.009637384180676278e+00 1.309905087590354057e-21 6.696185948780376357e-22
5.010302384180247870e+00 2.472060916482181560e-21 6.837309985366142446e-22
5.010967384179819462e+00 1.635545604456827316e-23 7.893346689346028552e-22
5.011632384179391053e+00 -1.014665701068945313e-21 1.163736218260906941e-21
5.012297384178962645e+00 -2.762362125958044632e-21 1.053420843349783089e-21
5.012962384178534236e+00 1.086531592042678771e-21 8.779796353022231887e-22
5.013627384178105828e+00 8.027563123399473341e-22 6.365387645783181613e-22
5.014292384177677420e+00 -2.310683403232556274e-22 1.099147038910245449e-21
5.014957384177249011e+00 9.625224265724700745e-22 1.228914954282490037e-21
5.015622384176820603e+00 1.126950729091661386e-21 8.752394413587999024e-22
5.016287384176392194e+00 1.108064042875172588e-21 7.462209506142607470e-22
5.016952384175963786e+00 -2.154741882770782219e-21 1.070727494454317631e-21
5.017617384175535378e+00 -5.957642174421227370e-22 5.904208703001720839e-22
5.018282384175106969e+00 -2.655703358377980356e-21 7.357599885740286837e-22
5.018947384174678561e+00 -1.808683977514294857e-21 6.109807777846135151e-22
5.019612384174250153e+00 -4.147424597955982601e-22 7.876610053452971583e-22
5.020277384173821744e+00 1.040589432737591106e-21 6.094991214303130819e-22
5.020942384173393336e+00 3.497044814401857198e-22 1.065098880075921424e-21
5.021607384172964927e+00 -2.410475394804266800e-22 1.280478133741383199e-21
5.022272384172536519e+00 -2.820174518790949784e-22 8.322576852929445016e-22
5.022937384172108111e+00 -1.438698610279698010e-21 1.169528947238731919e-21
5.023602384171679702e+00 -9.960751386717062509e-22 9.701908458229609852e-22
5.024267384171251294e+00 2.875394538868737628e-21 7.955426005399804345e-22
5.024932384170822885e+00 -1.438073111539610320e-21 1.046817559186650317e-21
5.025597384170394477e+00 1.317054536356826422e-21 1.508738901003258766e-21
5.026262384169966069e+00 7.491776738892893443e-22 1.169981279136735397e-21
5.026927384169537660e+00 -3.164281547121982025e-22 7.196805680754589424e-22
5.027592384169109252e+00 -1.875507681796747179e-21 7.579949813350846237e-22
5.028257384168680844e+00 -2.279313200908430862e-23 8.260091116393937085e-22
5.028922384168252435e+00 3.055913803481789630e-21 6.313140556454136199e-22
5.029587384167824027e+00 1.794131760023736186e-21 1.186576038584455282e-21
5.030252384167395618e+00 -2.258844240049494520e-21 8.811990844805105097e-22
5.030917384166967210e+00 -5.215150760177339170e-22 8.607378014436266724e-22
5.031582384166538802e+00 1.814912636971327303e-21 1.073353658531863208e-21
5.032247384166110393e+00 4.211728868347404659e-22 9.335383769290374147e-22
5.032912384165681985e+00 -1.061583461785483453e-21 7.485138024098324535e-22
5.033577384165253576e+00 4.288351659264605478e-22 8.087130019378907064e-22
5.034242384164825168e+00 1.486321296708417635e-21 1.623098448071042556e-21
5.034907384164396760e+00 1.204291162247504802e-21 1.069677316614549294e-21
5.035572384163968351e+00 -7.889466320975204601e-22 7.988387397093889211e-22
5.036237384163539943e+00 6.149682607088152517e-22 5.999978095940736792e-22
5.036902384163111535e+00 1.185290515572298254e-22 8.060603686332965566e-22
5.037567384162683126e+00 1.373555628931380869e-21 1.204651499094989658e-21
5.038232384162254718e+00 -9.266176153590401364e-22 7.292456699450473118e-22
5.038897384161826309e+00 2.988220901852409437e-21 8.354593941686232582e-22
5.039562384161397901e+00 3.607654584860558216e-22 1.040355387511620076e-21
5.040227384160969493e+00 5.737662149451496397e-22 7.486621892809595010e-22
5.040892384160541084e+00 -1.326469137337040471e-22 6.469302757980886551e-22
5.041557384160112676e+00 3.761922293822631594e-21 6.270151590867091797e-22
5.042222384159684268e+00 1.020243141340858506e-21 6.844178765100125242e-22
5.042887384159255859e+00 1.904670661616301773e-21 7.345379920631769389e-22
5.043552384158827451e+00 3.166470911495987354e-21 1.036652449466891899e-21
5.044217384158399042e+00 1.506458297400591891e-21 6.957083560886957496e-22
5.044882384157970634e+00 -2.520544722098393240e-22 6.965639076135875264e-22
5.045547384157542226e+00 -1.288622760121182064e-21 9.555401534942303982e-22
5.046212384157113817e+00 2.000562188059606346e-21 7.051742714144460193e-22
5.046877384156685409e+00 2.052038221376087274e-21 6.931753144690101249e-22
5.047542384156257000e+00 -2.893122320112674590e-22 8.184026889681410442e-22
5.048207384155828592e+00 1.260950921920739306e-21 9.885608549704621167e-22
5.048872384155400184e+00 -3.085831958290038508e-22 1.097739838996156996e-21
5.049537384154971775e+00 -9.097882710882368190e-22 8.269297478766759386e-22
5.050202384154543367e+00 6.439017801603086889e-22 7.392671504521427901e-22
5.050867384154114959e+00 8.597029512830868850e-22 1.366159106209077046e-21
5.051532384153686550e+00 3.046258124691987957e-21 1.259726817178720853e-21
5.052197384153258142e+00 1.679813225839791454e-21 6.619033305769585597e-22
5.052862384152829733e+00 -7.066700309153158632e-23 6.577336757756240100e-22
5.053527384152401325e+00 -1.700397525374279182e-22 1.184183691279807814e-21
5.054192384151972917e+00 -1.450970591090733198e-21 1.401943080186876724e-21
5.054857384151544508e+00 1.338981251551856506e-21 8.018298642492912867e-22
5.055522384151116100e+00 4.754746774179315856e-21 1.533766488298221998e-21
5.056187384150687691e+00 4.029986299560424761e-21 1.377779240529599066e-21
5.056852384150259283e+00 -1.004849122878021369e-21 6.489159540815934797e-22
5.057517384149830875e+00 3.644121235205301555e-22 1.169597831755130426e-21
5.058182384149402466e+00 -7.455889875557247754e-22 7.588160480701299774e-22
5.058847384148974058e+00 9.577568701321863374e-22 1.108029154120886785e-21
5.059512384148545650e+00 6.783583515975717825e-22 7.386565287814002074e-22
5.060177384148117241e+00 -1.475732321565685785e-21 9.835431133275470539e-22
5.060842384147688833e+00 -2.111357614780809213e-21 7.712799057965417246e-22
5.061507384147260424e+00 -9.194860565560459395e-22 7.870624654937934879e-22
5.062172384146832016e+00 3.356348373805716179e-22 6.988293571984555367e-22
5.062837384146403608e+00 2.381640220670345976e-22 7.865642287914888535e-22
5.063502384145975199e+00 8.819084611837384981e-22 6.768616456002192841e-22
5.064167384145546791e+00 6.402327518434989407e-22 8.184482748774775338e-22
5.064832384145118382e+00 3.068994601037275719e-21 8.572091344455912501e-22
5.065497384144689974e+00 -2.091914159223005886e-21 2.265113433920203442e-21
5.066162384144261566e+00 -8.756172127855213440e-22 7.176978492578659850e-22
5.066827384143833157e+00 3.240323915031440073e-22 7.115066945952733088e-22
5.067492384143404749e+00 1.205928908529152862e-21 8.271087536932824760e-22
5.068157384142976341e+00 7.412820629312397927e-22 6.141401575277911726e-22
5.068822384142547932e+00 1.209723919334047914e-21 6.927178357278664412e-22
5.069487384142119524e+00 -8.541829159158036473e-22 8.026217773791504835e-22
5.070152384141691115e+00 -1.280678174083077353e-21 1.020417723030635299e-21
5.070817384141262707e+00 -1.019857196244020123e-21 8.664331478344707293e-22
5.071482384140834299e+00 6.712786233856468719e-22 8.151704359638251229e-22
5.072147384140405890e+00 1.129313317799015211e-21 6.794177375588481970e-22
5.072812384139977482e+00 2.046749149849303395e-21 6.928255447827708690e-22
5.073477384139549073e+00 -4.135652458583700395e-22 8.293004764257494010e-22
5.074142384139120665e+00 3.017753355177642858e-23 6.461700127605001468e-22
5.074807384138692257e+00 -2.189933079617873430e-21 6.838680754322825691e-22
5.075472384138263848e+00 -1.690231023613931702e-21 7.031735796910037588e-22
5.076137384137835440e+00 -5.831824780764556272e-24 6.699926394521187974e-22
5.076802384137407032e+00 -2.428571627103853678e-21 6.780279764564542060e-22
5.077467384136978623e+00 -1.823157059415221002e-21 1.153114131554123576e-21
5.078132384136550215e+00 9.397724226507082329e-23 1.158553123378138198e-21
5.078797384136121806e+00 -3.344570071673883052e-21 1.145719194497269498e-21
5.079462384135693398e+00 -3.325023370442856854e-21 8.674302526495288914e-22
5.080127384135264990e+00 -1.479407458048305779e-21 6.509133065964804170e-22
5.080792384134836581e+00 -2.900283373647584848e-21 8.904149931155528653e-22
5.081457384134408173e+00 3.115851856989584334e-21 1.219035995293142165e-21
5.082122384133979764e+00 3.906621796487989664e-21 9.579253724661723063e-22
5.082787384133551356e+00 1.677155326618719133e-21 8.657427767425440830e-22
5.083452384133122948e+00 1.045203979214486681e-21 1.022413408401037692e-21
5.084117384132694539e+00 3.554519846645492391e-22 1.010448505409406217e-21
5.084782384132266131e+00 5.984735723497690617e-22 9.626604246459886308e-22
5.085447384131837723e+00 7.056620189868513154e-22 7.813780401032761491e-22
5.086112384131409314e+00 -1.562408438761876638e-22 7.537779941060285807e-22
5.086777384130980906e+00 1.216756127947593973e-21 9.875676096761633866e-22
5.087442384130552497e+00 -1.233298907688371718e-22 7.636859154943344975e-22
5.088107384130124089e+00 2.680220663914367928e-22 7.174359977259141857e-22
5.088772384129695681e+00 7.187379994281479493e-24 1.352178062417352620e-21
5.089437384129267272e+00 -1.022694578678734196e-22 9.641328219037811452e-22
5.090102384128838864e+00 -1.181426195009040437e-21 8.976508608861343918e-22
5.090767384128410455e+00 4.637111429960254963e-22 7.510754912349302613e-22
5.091432384127982047e+00 -2.199787168189839215e-22 7.871137232846597320e-22
5.092097384127553639e+00 1.707294455291665357e-21 1.120578814930889942e-21
5.092762384127125230e+00 1.607919824780197664e-21 7.727294162024930048e-22
5.093427384126696822e+00 3.190258608222367360e-22 1.188920342840501604e-21
5.094092384126268414e+00 -2.904691208995093625e-22 9.963011127795746902e-22
5.094757384125840005e+00 1.102702100244397966e-21 1.108251771571402499e-21
5.095422384125411597e+00 -1.161405348450390000e-21 1.060537671137146527e-21
5.096087384124983188e+00 -3.195183178972709272e-21 9.959062916088335123e-22
5.096752384124554780e+00 1.052778128911642608e-21 9.505684437203052891e-22
5.097417384124126372e+00 2.403541534016443205e-21 1.030813103777268611e-21
5.098082384123697963e+00 1.883626514726731399e-21 8.986316041296256629e-22
5.098747384123269555e+00 -9.284608509395187247e-22 6.203787026093774335e-22
5.099412384122841146e+00 -2.075450343853234961e-21 8.308195823629390023e-22
5.100077384122412738e+00 -7.293591034203348521e-22 6.374265644532979624e-22
5.100742384121984330e+00 2.417868883674615644e-22 7.999986963771690649e-22
5.101407384121555921e+00 -6.977982519342969129e-23 6.541369239612772716e-22
5.102072384121127513e+00 2.207245049496956935e-21 8.593097884573388084e-22
5.102737384120699105e+00 -7.131170241851415817e-22 1.051145440794740039e-21
5.103402384120270696e+00 -1.106531836816883207e-21 8.122620954873093184e-22
5.104067384119842288e+00 -1.395294248832696604e-21 7.725382670193983176e-22
5.104732384119413879e+00 -2.137574306681564811e-21 6.950086581966122165e-22
5.105397384118985471e+00 -2.559760865675700402e-21 8.597105913187451418e-22
5.106062384118557063e+00 1.427151130977169890e-21 8.120018297975004280e-22
5.106727384118128654e+00 -1.313955158202569861e-21 5.356209256241929614e-22
5.107392384117700246e+00 -1.292294738574890493e-21 8.818204925708398493e-22
5.108057384117271837e+00 -1.038777685061687748e-21 9.114723287387184856e-22
5.108722384116843429e+00 1.107356380425621904e-21 7.196905622183740413e-22
5.109387384116415021e+00 -3.490883234778524837e-22 8.354157809418734391e-22
5.110052384115986612e+00 -2.424345717946512396e-22 9.466875137592565102e-22
5.110717384115558204e+00 -6.775631168555833077e-22 7.911882040846893577e-22
5.111382384115129796e+00 -2.382403757766599307e-21 6.511516618040340213e-22
5.112047384114701387e+00 1.631078379758362439e-21 7.586675494772366333e-22
5.112712384114272979e+00 2.553607523052072735e-21 1.106842990444634269e-21
5.113377384113844570e+00 1.439500807714404907e-21 2.875612224523348472e-21
5.114042384113416162e+00 -1.551686333743009804e-21 7.769716790545858134e-22
5.114707384112987754e+00 -1.652478587469304186e-21 1.071666273192853858e-21
5.115372384112559345e+00 2.580053011822510508e-21 2.271341146266653285e-21
5.116037384112130937e+00 1.104477991752662374e-21 1.013876415408064783e-21
5.116702384111702528e+00 4.817354432373791556e-21 8.399720036569191176e-22
5.117367384111274120e+00 1.477828828092654974e-21 7.849096132833436417e-22
5.118032384110845712e+00 -4.827174798299036449e-22 8.116476948606552566e-22
5.118697384110417303e+00 1.100546025677242417e-21 9.283938995805850387e-22
5.119362384109988895e+00 3.937815920523446980e-21 8.886404634087940985e-22
5.120027384109560487e+00 1.856854955368103778e-21 7.417608632999731355e-22
5.120692384109132078e+00 -1.441544390988545153e-23 9.425194437331189583e-22
5.121357384108703670e+00 -6.912875120795838031e-22 1.326170678866615230e-21
5.122022384108275261e+00 4.072511088918253188e-22 8.322743910284756077e-22
5.122687384107846853e+00 -2.703798342271471185e-22 8.129990921080097384e-22
5.123352384107418445e+00 -1.025339864982447736e-21 1.219443991888758561e-21
5.124017384106990036e+00 -6.968000673806957149e-22 9.339203999467533439e-22
5.124682384106561628e+00 -3.073169156280829948e-21 7.214533833699682859e-22
5.125347384106133219e+00 -8.557270833464286384e-22 7.580645156860483735e-22
5.126012384105704811e+00 -1.399574658347852420e-21 8.018921182284818625e-22
5.126677384105276403e+00 -1.017651694510580581e-21 7.510141764292711140e-22
5.127342384104847994e+00 -7.160671576395468348e-23 9.951413829620147165e-22
5.128007384104419586e+00 -1.670276535165996436e-21 7.529901570677482410e-22
5.128672384103991178e+00 5.938095196826983075e-22 8.675624596089367308e-22
5.129337384103562769e+00 2.312436777400965959e-22 6.761664211048618814e-22
5.130002384103134361e+00 1.765098925946581749e-21 6.792301088140316600e-22
5.130667384102705952e+00 2.652594172629891255e-21 7.307949796962128161e-22
5.131332384102277544e+00 1.809960038661794538e-21 9.783387839199644674e-22
5.131997384101849136e+00 3.098360405849950886e-22 8.627718033805579131e-22
5.132662384101420727e+00 6.064895810575118462e-22 9.857689640017815703e-22
5.133327384100992319e+00 -2.904921708190203267e-22 8.399426310355515395e-22
5.133992384100563910e+00 -1.379414597653144918e-22 8.093804270512974191e-22
5.134657384100135502e+00 1.002511605572417227e-21 6.602466221784624663e-22
5.135322384099707094e+00 2.074782653580314235e-21 9.420007977670394849e-22
5.135987384099278685e+00 1.803002817563949193e-21 9.529527762500903690e-22
5.136652384098850277e+00 1.001496970688148485e-21 9.916893755140178327e-22
5.137317384098421869e+00 -2.988250198677116797e-22 1.161721326948223612e-21
5.137982384097993460e+00 -2.695328353420552294e-22 8.343725945998828302e-22
5.138647384097565052e+00 -1.252141540418298954e-21 9.427308623696453085e-22
5.139312384097136643e+00 -7.901557302387993737e-23 9.740365563595363459e-22
5.139977384096708235e+00 2.232977883249519745e-21 8.659944661674156191e-22
5.140642384096279827e+00 3.345292330699545604e-21 6.240880770558214035e-22
5.141307384095851418e+00 3.919441389309018609e-21 8.405353646717986108e-22
5.141972384095423010e+00 1.368777544730854302e-21 1.028521060979880651e-21
5.142637384094994601e+00 2.640161502437547089e-21 7.040464999316809092e-22
5.143302384094566193e+00 3.109777691078014520e-21 9.874401648231226059e-22
5.143967384094137785e+00 3.080166389777032201e-21 8.937821553029263797e-22
5.144632384093709376e+00 2.587312226359381684e-21 8.402648779587452451e-22
5.145297384093280968e+00 6.005924057405910170e-21 8.069029054899163304e-22
5.145962384092852560e+00 3.560442613798953337e-21 8.414423136697658455e-22
5.146627384092424151e+00 2.076995642469294105e-21 8.979554142004361654e-22
5.147292384091995743e+00 1.946799875441513611e-21 8.045971757867115607e-22
5.147957384091567334e+00 2.502712577555780920e-21 8.389845726123702479e-22
5.148622384091138926e+00 2.846864494643664852e-21 1.007913641552302195e-21
5.149287384090710518e+00 1.484498662502522328e-21 7.327347011216004012e-22
5.149952384090282109e+00 1.462208302979232172e-22 9.169966852610255145e-22
5.150617384089853701e+00 6.674760993735316001e-22 8.107062853575678478e-22
5.151282384089425292e+00 4.678605819662052618e-22 8.671968611279475563e-22
5.151947384088996884e+00 1.947867321258946266e-21 8.772973191309707624e-22
5.152612384088568476e+00 1.947634473313823628e-21 9.643172567577039924e-22
5.153277384088140067e+00 2.035075554619174188e-21 7.358986325697027864e-22
5.153942384087711659e+00 9.921986343172700118e-23 8.230473486858632908e-22
5.154607384087283251e+00 -1.512066617977443674e-21 6.448325885400945952e-22
5.155272384086854842e+00 -1.073685297069707645e-21 9.900828010575023993e-22
5.155937384086426434e+00 -1.537468380141395092e-21 6.918085748280133038e-22
5.156602384085998025e+00 1.981938897714446046e-21 1.032115364583102064e-21
5.157267384085569617e+00 2.927452293048398539e-21 8.118537354649385161e-22
5.157932384085141209e+00 -2.578135634642041539e-21 9.868492564768417358e-22
5.158597384084712800e+00 -6.106411615053980523e-22 9.282526614564302055e-22
5.159262384084284392e+00 1.035449449501932354e-21 8.726554551324307473e-22
5.159927384083855983e+00 -1.616898651196135625e-22 1.078805406976474350e-21
5.160592384083427575e+00 -1.998772936998355873e-21 9.773123110742025519e-22
5.161257384082999167e+00 -7.722868600188262173e-22 9.467418389621120288e-22
5.161922384082570758e+00 3.197763718534744673e-21 1.086034164835436900e-21
5.162587384082142350e+00 -8.243721196481183712e-22 9.819888863316573739e-22
5.163252384081713942e+00 -1.568567290007000557e-21 9.318488243573756259e-22
5.163917384081285533e+00 3.352805012188001372e-21 1.606790767541809990e-21
5.164582384080857125e+00 4.212369627967935039e-21 1.217013356311330660e-21
5.165247384080428716e+00 3.898419268361415934e-21 1.177138376115603030e-21
5.165912384080000308e+00 -2.754121928311780315e-21 9.666217762055549204e-22
5.166577384079571900e+00 -3.537239838417187855e-23 9.532495087488447230e-22
5.167242384079143491e+00 -3.064601993487158876e-21 8.365172487462796655e-22
5.167907384078715083e+00 -4.141812017582808286e-21 1.043735859850367248e-21
5.168572384078286674e+00 -5.375137433020579220e-21 1.379144752907515796e-21
5.169237384077858266e+00 3.036841882597017980e-23 8.979383343598452412e-22
5.169902384077429858e+00 7.898162758024692133e-22 1.105114668628963239e-21
5.170567384077001449e+00 1.937190223696585359e-21 8.358025140739010053e-22
5.171232384076573041e+00 8.515890555228392050e-22 7.731296022936449314e-22
5.171897384076144633e+00 1.191671373841898901e-21 9.900093289473426366e-22
5.172562384075716224e+00 1.170084985031087517e-21 9.918158860794727454e-22
5.173227384075287816e+00 -1.618017163731372996e-21 9.036784974361365323e-22
5.173892384074859407e+00 3.760039880596785817e-21 8.287353216452917406e-22
5.174557384074430999e+00 9.136332673994027141e-23 7.134817811695613776e-22
5.175222384074002591e+00 -3.166315872117747876e-21 6.757776438856930453e-22
5.175887384073574182e+00 1.123139421343293549e-21 8.632707404557427661e-22
5.176552384073145774e+00 3.050201254533669086e-22 1.181557793712489506e-21
5.177217384072717365e+00 3.026430146663226830e-21 1.050286097015366443e-21
5.177882384072288957e+00 1.868819666963714739e-21 1.195141692074930543e-21
5.178547384071860549e+00 -7.752127530525440109e-22 1.381930195785773985e-21
5.179212384071432140e+00 -9.330235134352357923e-22 1.072212446105901819e-21
5.179877384071003732e+00 -1.096719495388281722e-21 1.091563436819734249e-21
5.180542384070575324e+00 -7.655771490383518395e-22 1.073138954904009301e-21
5.181207384070146915e+00 8.563048198697419511e-22 9.472017579247184042e-22
5.181872384069718507e+00 -1.445791133408791236e-21 9.943037570727779463e-22
5.182537384069290098e+00 -1.578240640102034843e-21 8.019972769409584864e-22
5.183202384068861690e+00 7.901855548967984348e-22 7.620800779172090040e-22
5.183867384068433282e+00 -1.323546014073859447e-21 6.637264369019916214e-22
5.184532384068004873e+00 -2.773344152554782864e-22 7.054265670494625080e-22
5.185197384067576465e+00 2.216820230886948490e-21 9.773174792115469609e-22
5.185862384067148056e+00 1.415554473563109333e-21 9.509141473738204648e-22
5.186527384066719648e+00 1.632258267982410216e-21 1.051798199908245348e-21
5.187192384066291240e+00 1.414695274171952137e-21 8.164795525472144373e-22
5.187857384065862831e+00 -1.980925659974769044e-21 1.045542617165125050e-21
5.188522384065434423e+00 -1.634008897410270636e-21 7.186017062909986254e-22
5.189187384065006015e+00 -1.098114641168261272e-21 5.436331465017579353e-22
5.189852384064577606e+00 7.596024221927576478e-22 7.634502657463068578e-22
5.190517384064149198e+00 -2.030667542815065231e-21 8.034898418641906458e-22
5.191182384063720789e+00 2.319786501586310822e-21 8.348735811409114952e-22
5.191847384063292381e+00 4.314249019923568842e-21 6.886057055266817312e-22
5.192512384062863973e+00 4.022117959763852078e-21 8.826651431116710860e-22
5.193177384062435564e+00 1.940650691991865901e-21 1.532273950029114911e-21
5.193842384062007156e+00 -1.435355652511201673e-21 8.522789536241273049e-22
5.194507384061578747e+00 -3.116713328487725492e-21 1.045053800086559405e-21
5.195172384061150339e+00 -1.452630417018848093e-21 9.105460318803454907e-22
5.195837384060721931e+00 -2.301511886616401567e-21 9.116220035081806409e-22
5.196502384060293522e+00 -1.950266065967128317e-21 7.449018838647299274e-22
5.197167384059865114e+00 1.344634879963257161e-22 8.808937585488477517e-22
5.197832384059436706e+00 -1.851625466818029423e-21 9.819199680145701274e-22
5.198497384059008297e+00 -1.064715673395398408e-21 8.876378395155388451e-22
5.199162384058579889e+00 -1.916752992108803089e-22 1.469313419496305128e-21
5.199827384058151480e+00 1.843811019852316956e-21 8.204528109541334297e-22
5.200492384057723072e+00 1.831964878699437865e-22 8.984755094253296713e-22
5.201157384057294664e+00 -2.579299672503318737e-22 8.955967054264301966e-22
5.201822384056866255e+00 9.125212288743770801e-22 1.098800941136460529e-21
5.202487384056437847e+00 -1.376669688993661963e-21 9.587214671443261716e-22
5.203152384056009438e+00 1.131868714716558298e-21 7.594866885076962233e-22
5.203817384055581030e+00 -1.848255726400729879e-21 7.515278804883041059e-22
5.204482384055152622e+00 3.423161844670280536e-22 9.947688410100419957e-22
5.205147384054724213e+00 2.319283255712852432e-22 6.702914287744776569e-22
5.205812384054295805e+00 -3.210364396985898309e-22 1.015497151739742298e-21
5.206477384053867397e+00 -9.350222947268370310e-22 7.941648290271275433e-22
5.207142384053438988e+00 -2.310178364081652021e-21 8.406786421691068617e-22
5.207807384053010580e+00 1.886378514145650432e-21 8.531882809257254063e-22
5.208472384052582171e+00 2.533200465349138709e-22 1.228665352923238772e-21
5.209137384052153763e+00 1.447629324307588935e-22 1.022550683652881903e-21
5.209802384051725355e+00 1.156132546990885648e-21 1.059348849950813948e-21
5.210467384051296946e+00 -1.088872388327299264e-22 9.996030397575206483e-22
5.211132384050868538e+00 2.679843978985647172e-21 9.511658858246075749e-22
5.211797384050440129e+00 4.249571229808735023e-21 8.404047272115648151e-22
5.212462384050011721e+00 -9.256076786197454342e-22 9.883362326682895008e-22
5.213127384049583313e+00 -2.118242478978237556e-21 9.859556682540283437e-22
5.213792384049154904e+00 -1.404220020748822076e-21 9.841999028460419419e-22
5.214457384048726496e+00 -2.568704458158672469e-21 6.751977694778942369e-22
5.215122384048298088e+00 -1.297680176530512346e-21 1.111520403241057598e-21
5.215787384047869679e+00 8.370195047951876042e-22 6.984940794975617858e-22
5.216452384047441271e+00 -1.894436738371844203e-21 8.634196798943857545e-22
5.217117384047012862e+00 -9.194433414786831412e-22 7.659133386815448754e-22
5.217782384046584454e+00 -1.094528045297868981e-21 1.421935953710542637e-21
5.218447384046156046e+00 5.387145670518993699e-22 8.636989139005383821e-22
5.219112384045727637e+00 5.711725795851867393e-22 9.267558431480352461e-22
5.219777384045299229e+00 -1.083475201751510134e-22 1.683117865294366465e-21
5.220442384044870821e+00 -3.794143726780155097e-21 1.643669591162728933e-21
5.221107384044442412e+00 2.675815591925827118e-21 1.222207890060706348e-21
5.221772384044014004e+00 1.172857187723206790e-21 7.697421903240532011e-22
5.222437384043585595e+00 3.522031891438571935e-22 8.545935633447149503e-22
5.223102384043157187e+00 -3.922745963973695068e-22 7.807924727506784641e-22
5.223767384042728779e+00 2.209615621177278640e-21 6.941556810045986977e-22
5.224432384042300370e+00 1.116360646640795478e-21 9.294939520007483316e-22
5.225097384041871962e+00 6.864986123223939227e-22 7.309434642368258635e-22
5.225762384041443553e+00 8.953098388899079321e-22 8.777439437212388054e-22
5.226427384041015145e+00 -1.063259396148923513e-21 7.956356412146617527e-22
5.227092384040586737e+00 -5.862577702681953900e-22 1.112512515991685661e-21
5.227757384040158328e+00 2.409651561905885635e-21 6.978487252540987776e-22
5.228422384039729920e+00 -1.212128172658700743e-21 1.026089837766806551e-21
5.229087384039301512e+00 -3.350475799148298004e-21 7.060947168064467744e-22
5.229752384038873103e+00 -1.710535802845582407e-21 8.408547725566015424e-22
5.230417384038444695e+00 3.070177411700152608e-22 9.564778880843089101e-22
5.231082384038016286e+00 1.236130422157065019e-21 1.116613398131205226e-21
5.231747384037587878e+00 3.439615134599396911e-21 9.475206780198317144e-22
5.232412384037159470e+00 1.242317092063952812e-22 6.953386016651442249e-22
5.233077384036731061e+00 5.687694650331729350e-22 6.096965040810859248e-22
5.233742384036302653e+00 -1.101400435338980779e-21 1.078967242589683785e-21
5.234407384035874244e+00 -1.587236707252302277e-21 9.052490056898786100e-22
5.235072384035445836e+00 -8.136729370240253226e-22 5.969552640322603857e-22
5.235737384035017428e+00 4.087637993118679407e-23 6.874945615642017689e-22
5.236402384034589019e+00 -2.373975604787541257e-21 1.128500193314276409e-21
5.237067384034160611e+00 -1.981894860611614215e-23 8.541208771856700672e-22
5.237732384033732203e+00 4.709514308294557260e-22 1.241285993527795185e-21
5.238397384033303794e+00 1.221022415297451755e-21 1.401953919102443645e-21
5.239062384032875386e+00 1.873580566830650965e-22 1.147876345001760692e-21
5.239727384032446977e+00 -2.574556263084879523e-21 1.013135478610995837e-21
5.240392384032018569e+00 5.773253635199699381e-22 1.442455962182504416e-21
5.241057384031590161e+00 -1.739441485578465947e-22 1.028207342485876914e-21
5.241722384031161752e+00 1.935317123712585793e-21 1.104718840523199255e-21
5.242387384030733344e+00 -7.987513558736642898e-22 9.040433092867035250e-22
5.243052384030304935e+00 -1.184852066915013181e-21 8.013433987279129994e-22
5.243717384029876527e+00 1.598845637134394827e-21 1.039885893379581248e-21
5.244382384029448119e+00 -2.025316787954524089e-21 5.909751656227102048e-21
5.245047384029019710e+00 4.641907366583077591e-21 1.791682511037528936e-21
5.245712384028591302e+00 3.654185379231409351e-21 3.042761556610323391e-21
5.246377384028162894e+00 7.671546692959997981e-22 7.742446681210817754e-22
5.247042384027734485e+00 1.579235330706917305e-21 1.168410818089149411e-21
5.247707384027306077e+00 2.720412025589195795e-21 7.979983887747620927e-22
5.248372384026877668e+00 -1.525510527440351437e-21 1.159711217437281147e-21
5.249037384026449260e+00 2.591241977575051781e-21 1.142432438026008958e-21
5.249702384026020852e+00 -3.972535610936416136e-22 1.090121751751997131e-21
5.250367384025592443e+00 -1.113341049722467618e-21 1.095243796925036746e-21
5.251032384025164035e+00 -1.273292059038356585e-21 1.046208668135382192e-21
5.251697384024735626e+00 -2.332145288818883848e-22 8.785888238638202443e-22
5.252362384024307218e+00 -3.174713152749965031e-21 1.293738894563177107e-21
5.253027384023878810e+00 -1.418488090111121885e-22 8.500992131843454998e-22
5.253692384023450401e+00 1.373558550215446554e-21 7.898041300861161345e-22
5.254357384023021993e+00 -3.073864900178442411e-21 1.244799307162612848e-21
5.255022384022593585e+00 6.695229911168950944e-22 1.170276456442241260e-21
5.255687384022165176e+00 -2.443891365233257727e-22 7.207844496838622440e-22
5.256352384021736768e+00 -6.745990075296523198e-22 9.234674606170837773e-22
5.257017384021308359e+00 -2.773297318908741020e-21 1.090254155302797552e-21
5.257682384020879951e+00 -1.235056089898730369e-21 6.881334990962551867e-22
5.258347384020451543e+00 9.960979237708326168e-22 8.027395639137014448e-22
5.259012384020023134e+00 2.000488674151389421e-21 9.139829270210196656e-22
5.259677384019594726e+00 3.138516419981154565e-22 9.769157646911606837e-22
5.260342384019166317e+00 -5.172619302373894178e-23 9.288260433178141087e-22
5.261007384018737909e+00 -2.446522273936255258e-21 1.195114758715605411e-21
5.261672384018309501e+00 -3.423159570038461098e-21 5.846134573016385484e-22
5.262337384017881092e+00 5.562575982727008256e-22 8.081140146752845871e-22
5.263002384017452684e+00 1.225311587708434087e-21 1.181094118682331641e-21
5.263667384017024276e+00 -9.930563376058556214e-22 9.532561228694763070e-22
5.264332384016595867e+00 -1.343681068955220621e-21 7.187329984661155223e-22
5.264997384016167459e+00 -2.124800440892589241e-21 8.701626183592195174e-22
5.265662384015739050e+00 -1.296141181377795886e-21 7.128855621468289243e-22
5.266327384015310642e+00 -1.657469511223818019e-21 1.118476311390483797e-21
5.266992384014882234e+00 -1.635924984162438975e-21 1.022226449483169916e-21
5.267657384014453825e+00 1.730733913526378129e-21 7.534120734860504722e-22
5.268322384014025417e+00 -2.868174764461400093e-22 8.149800908875090617e-22
5.268987384013597008e+00 -2.580927599623706361e-21 8.567556907779516103e-22
5.269652384013168600e+00 -3.652251613287538183e-21 1.106805438550686027e-21
5.270317384012740192e+00 -8.778051348121301353e-23 3.014817980548358081e-21
