Wavelength_um Flux Err
2.870332385558867827e+00 -5.562182745396326441e-21 4.932534876669880912e-21
2.870997385558439419e+00 -1.447066054099509155e-20 3.621832986295940750e-21
2.871662385558011010e+00 -1.269903277861999860e-20 3.335694539969220185e-21
2.872327385557582602e+00 6.876852450558108623e-21 3.407832803131556781e-21
2.872992385557154194e+00 8.501406802635793011e-22 3.653394662016070117e-21
2.873657385556725785e+00 6.734988670726960944e-21 3.378874151950286035e-21
2.874322385556297377e+00 5.913181151350983437e-21 2.903589118133821589e-21
2.874987385555868968e+00 2.194534207758215374e-20 3.467773587790049868e-21
2.875652385555440560e+00 -3.741032414848775643e-21 4.791740247290317581e-21
2.876317385555012152e+00 7.365528817983919695e-21 3.678243910358421973e-21
2.876982385554583743e+00 1.669522328643388995e-20 3.540254895643096005e-21
2.877647385554155335e+00 1.969715485789169713e-21 2.919280160709761582e-21
2.878312385553726926e+00 -1.380299712278208259e-20 3.712868094566144688e-21
2.878977385553298518e+00 8.283286651779086873e-21 3.963204902106449815e-21
2.879642385552870110e+00 -2.288956900167958317e-21 3.334763395746133739e-20
2.880307385552441701e+00 -7.455767859004452778e-21 1.941310525441685235e-20
2.880972385552013293e+00 -1.242192149335629412e-20 3.360192846077701139e-21
2.881637385551584885e+00 -2.318336067142222672e-20 3.688590888318703717e-21
2.882302385551156476e+00 -1.107734280603399555e-20 3.207096172870538517e-21
2.882967385550728068e+00 -1.294549273865652353e-21 3.012636743899077374e-21
2.883632385550299659e+00 3.687597771038517720e-21 3.396352269290345629e-21
2.884297385549871251e+00 -1.595154691923632080e-20 3.571107592657002358e-21
2.884962385549442843e+00 -5.625348516414156368e-21 3.100045571417544531e-21
2.885627385549014434e+00 -1.149540901036141434e-20 3.455454329649219469e-21
2.886292385548586026e+00 -2.087351139341422431e-20 3.515160443251271406e-21
2.886957385548157617e+00 9.580183051292573971e-21 2.879666825952410293e-21
2.887622385547729209e+00 -3.983591796254963444e-21 3.199859998689683101e-21
2.888287385547300801e+00 -2.121836190458181175e-20 3.466973121103310622e-21
2.888952385546872392e+00 6.645392707200055460e-21 3.459900339539952516e-21
2.889617385546443984e+00 -3.029396041584964953e-22 2.867504277146895614e-21
2.890282385546015576e+00 2.305141896280932856e-20 3.233816648933328012e-21
2.890947385545587167e+00 1.641607434573693483e-20 3.338508284083392222e-21
2.891612385545158759e+00 6.820216567777155310e-21 3.130155078742636694e-21
2.892277385544730350e+00 -1.393267019337298942e-21 3.884252215521592127e-21
2.892942385544301942e+00 -2.322371378858691162e-20 3.527004441739384393e-21
2.893607385543873534e+00 -8.838624333753675919e-21 3.327834972846473947e-21
2.894272385543445125e+00 8.530031152962284060e-21 3.651744777525518909e-21
2.894937385543016717e+00 1.367495550118086278e-20 3.520598605444992356e-21
2.895602385542588308e+00 8.259519331862746521e-21 3.336810360781783401e-21
2.896267385542159900e+00 2.669280166616582303e-20 3.616262735894218793e-21
2.896932385541731492e+00 3.590680947550662390e-20 3.343460726627277065e-21
2.897597385541303083e+00 3.338162045238831149e-20 3.031294927142594899e-21
2.898262385540874675e+00 9.468300080530707584e-21 3.210897081895696843e-21
2.898927385540446267e+00 -8.267406838895311669e-21 2.719070952116604383e-21
2.899592385540017858e+00 5.646414892096587060e-23 2.990654344226580132e-21
2.900257385539589450e+00 1.181751564561781171e-21 3.083717055699173741e-21
2.900922385539161041e+00 1.731449947083926602e-20 2.752333816081194559e-21
2.901587385538732633e+00 5.389997678345789179e-21 3.489931144062608800e-21
2.902252385538304225e+00 1.941694511977075202e-20 3.137016297266476557e-21
2.902917385537875816e+00 1.513266724151854572e-20 3.378729693464998782e-21
2.903582385537447408e+00 1.291338400635105486e-20 2.623802821492519436e-21
2.904247385537018999e+00 -2.839966068705579402e-21 3.055895943319524555e-21
2.904912385536590591e+00 -1.170910047959435370e-20 3.070432237639053788e-21
2.905577385536162183e+00 1.875205085139021439e-21 2.886745421391872429e-21
2.906242385535733774e+00 1.001251758389449360e-20 3.552447972275225214e-21
2.906907385535305366e+00 7.005761364445208817e-22 3.650053111507174791e-21
2.907572385534876958e+00 1.179772091771275925e-23 3.470958248986791597e-21
2.908237385534448549e+00 -2.692278605324938096e-21 3.038698995272912474e-21
2.908902385534020141e+00 8.921268014657767668e-21 3.181915203369017781e-21
2.909567385533591732e+00 1.959186752745509562e-20 2.887786396982780309e-21
2.910232385533163324e+00 2.867915786734936979e-21 3.177717829385217196e-21
2.910897385532734916e+00 3.861011403345094958e-21 2.954175675757238788e-21
2.911562385532306507e+00 1.086463409185971610e-20 2.919634983801678927e-21
2.912227385531878099e+00 -1.131043933338792239e-20 2.833119670809593429e-21
2.912892385531449690e+00 -1.899790266491861891e-20 2.896574487194798894e-21
2.913557385531021282e+00 1.241605706835296508e-22 2.715956103791028675e-21
2.914222385530592874e+00 -4.904388648856189267e-21 3.636427689742761689e-21
2.914887385530164465e+00 -1.373678898526251720e-20 3.040107172641497161e-21
2.915552385529736057e+00 -1.896550442997804115e-21 3.310545885972098779e-21
2.916217385529307649e+00 -8.113346842917503615e-21 3.064315193385049692e-21
2.916882385528879240e+00 6.257725216297913699e-21 3.296859934117312438e-21
2.917547385528450832e+00 2.426423437682780846e-21 3.621890020033260008e-21
2.918212385528022423e+00 2.111613078246903668e-21 2.914467086800344227e-21
2.918877385527594015e+00 1.344742547614716638e-20 3.193423641960778967e-21
2.919542385527165607e+00 1.078402857600278483e-20 2.606593293569769082e-21
2.920207385526737198e+00 -9.098647997559332515e-23 2.623481085861908554e-21
2.920872385526308790e+00 2.130044734000608284e-20 3.051460346098845397e-21
2.921537385525880381e+00 3.714254386162432410e-21 2.632771067739494683e-21
2.922202385525451973e+00 1.362368767815244765e-20 2.455924792187510426e-21
2.922867385525023565e+00 7.701851550367726394e-21 2.763246131465037532e-21
2.923532385524595156e+00 5.284990869151702435e-21 2.890326728881303897e-21
2.924197385524166748e+00 2.273971677411150775e-20 3.339788912393217140e-21
2.924862385523738340e+00 1.691310641113194905e-20 2.596399733283936468e-21
2.925527385523309931e+00 2.400321153179560762e-20 2.217253828587487939e-21
2.926192385522881523e+00 9.949180054196785596e-21 2.359823386616888600e-21
2.926857385522453114e+00 1.254676095033934203e-20 2.625695289815376699e-21
2.927522385522024706e+00 2.085370492463394137e-20 2.581526376455231046e-21
2.928187385521596298e+00 1.281214937320192883e-20 2.685749755941980733e-21
2.928852385521167889e+00 3.947126421464882568e-21 2.281534545906479964e-21
2.929517385520739481e+00 3.853481836403025758e-21 2.824663007789673561e-21
2.930182385520311072e+00 7.310716500034089770e-21 2.824209773859003338e-21
2.930847385519882664e+00 9.647258620430290876e-21 2.469486237387013546e-21
2.931512385519454256e+00 5.346713529060749043e-21 2.387932939646647325e-21
2.932177385519025847e+00 5.767395701890321358e-21 2.365428179166409579e-21
2.932842385518597439e+00 1.368299929363562695e-20 2.272078705382701001e-21
2.933507385518169031e+00 2.812942924866453515e-20 2.817902255295417015e-21
2.934172385517740622e+00 5.484695891536090569e-21 2.405787052638859788e-21
2.934837385517312214e+00 -1.113967426716034133e-20 2.678043917579347116e-21
2.935502385516883805e+00 5.115684449037752229e-21 2.603011263289960006e-21
2.936167385516455397e+00 1.252777346386259022e-20 2.511391086878144086e-21
2.936832385516026989e+00 -8.480316642086357840e-23 2.554904967523406725e-21
2.937497385515598580e+00 6.619398003641929343e-21 2.588200721839238852e-21
2.938162385515170172e+00 8.474920813174901671e-21 2.496704740432912955e-21
2.938827385514741763e+00 -7.849795289528926208e-21 2.852474964449020744e-21
2.939492385514313355e+00 -7.031730742845558956e-21 2.945369366764340780e-21
2.940157385513884947e+00 5.962055220717317364e-21 2.988350536200600207e-21
2.940822385513456538e+00 -7.965593929923527444e-21 3.502578845773054357e-21
2.941487385513028130e+00 -1.137480568628448761e-20 2.574212251677508074e-21
2.942152385512599722e+00 7.153826170129331565e-21 2.340495901116633205e-21
2.942817385512171313e+00 4.569481492925433342e-21 3.073533693600537369e-21
2.943482385511742905e+00 -6.579996922037303294e-21 2.406688190354443098e-21
2.944147385511314496e+00 1.353489542770757528e-20 3.218009589898730423e-21
2.944812385510886088e+00 1.960588902867919698e-21 2.927444686374895902e-21
2.945477385510457680e+00 3.696051162601648918e-21 2.899880391743856441e-21
2.946142385510029271e+00 -7.891534243211323209e-21 2.968807607276797752e-21
2.946807385509600863e+00 -3.442235335972986501e-22 2.855861558555183704e-21
2.947472385509172454e+00 -6.526090118587871209e-21 2.697808327708440960e-21
2.948137385508744046e+00 -9.903428141361419382e-21 2.680505387876734250e-21
2.948802385508315638e+00 2.646423201017628223e-21 2.790136793496458328e-21
2.949467385507887229e+00 5.102927361886589904e-21 3.187157488971969024e-21
2.950132385507458821e+00 -7.221545456986633692e-22 2.490959418341696086e-21
2.950797385507030413e+00 -2.585980542940023863e-21 2.391170311831785086e-21
2.951462385506602004e+00 8.088027477899875899e-21 3.174830006277791369e-21
2.952127385506173596e+00 5.297615778372307970e-21 2.760999922560546384e-21
2.952792385505745187e+00 9.254374427758303885e-21 2.650359884989451307e-21
2.953457385505316779e+00 9.610349938464670833e-21 3.279150349095102636e-21
2.954122385504888371e+00 7.745228968777013189e-21 2.602479146425975108e-21
2.954787385504459962e+00 8.242561858102671366e-21 2.795234652626656763e-21
2.955452385504031554e+00 -7.757662138387177025e-21 2.311862922356902434e-21
2.956117385503603145e+00 -3.559211454041865432e-21 2.530349334305403825e-21
2.956782385503174737e+00 6.061721150204879526e-21 2.236123900845886004e-21
2.957447385502746329e+00 6.988012343692267925e-21 2.628340906238968435e-21
2.958112385502317920e+00 8.972815177237955662e-22 3.481363257707927465e-21
2.958777385501889512e+00 -3.005357173368842153e-21 2.325455799299144562e-21
2.959442385501461104e+00 -6.720933790393934930e-21 2.419486709165684159e-21
2.960107385501032695e+00 -3.564391618659389536e-22 2.582652747529572129e-21
2.960772385500604287e+00 2.458132908932994194e-21 2.616705348508881982e-21
2.961437385500175878e+00 4.358361675915835448e-21 2.384908579975970488e-21
2.962102385499747470e+00 9.918742972549765777e-21 2.555255286529977926e-21
2.962767385499319062e+00 9.445961178091189041e-21 2.392039220493070827e-21
2.963432385498890653e+00 7.512277884459974714e-21 2.509426863139131766e-21
2.964097385498462245e+00 1.055010276917593575e-20 2.865084259650044000e-21
2.964762385498033836e+00 1.039934184122033295e-20 2.410801355085011394e-21
2.965427385497605428e+00 8.150369538355643480e-21 2.351095801130360700e-21
2.966092385497177020e+00 5.589967107202715881e-21 2.293947753342883812e-21
2.966757385496748611e+00 1.357653250908843267e-21 2.482397562162374372e-21
2.967422385496320203e+00 -6.054875019147440345e-22 2.365083257194282243e-21
2.968087385495891795e+00 2.261529244286663026e-21 2.327679747072030874e-21
2.968752385495463386e+00 -4.317265228470583028e-21 2.125635005811345287e-21
2.969417385495034978e+00 1.211195198426566139e-20 2.184079973245058280e-21
2.970082385494606569e+00 9.027704328017247016e-21 2.573470603264652935e-21
2.970747385494178161e+00 5.897335192680914759e-21 2.279287916344243288e-21
2.971412385493749753e+00 7.207091460018194633e-21 2.287378205325205733e-21
2.972077385493321344e+00 -3.831052593235833864e-21 2.166402867093963818e-21
2.972742385492892936e+00 8.912771773613594381e-21 2.778914762670492953e-21
2.973407385492464527e+00 9.876309412690447747e-23 2.564390904655653806e-21
2.974072385492036119e+00 2.417496444660098957e-22 2.506648619821530475e-21
2.974737385491607711e+00 8.724257380046609614e-21 2.451747786757332211e-21
2.975402385491179302e+00 1.291412618624940214e-20 2.324189557763975415e-21
2.976067385490750894e+00 1.326430881312934992e-20 2.510564012002998746e-21
2.976732385490322486e+00 1.265523059653327767e-20 2.555724067271914562e-21
2.977397385489894077e+00 1.665448907596574670e-21 2.724200678332761602e-21
2.978062385489465669e+00 1.068831852145539497e-20 1.926952128631631542e-21
2.978727385489037260e+00 8.421246095341994561e-21 2.489749794715799201e-21
2.979392385488608852e+00 1.150880935580102860e-20 2.479311947717245978e-21
2.980057385488180444e+00 1.088838522542647291e-20 2.234750668042203120e-21
2.980722385487752035e+00 2.712187321187319051e-21 2.275329803996603322e-21
2.981387385487323627e+00 8.033555295277327448e-21 2.415403531423393568e-21
2.982052385486895218e+00 7.062304799295196054e-21 2.199542308698432377e-21
2.982717385486466810e+00 1.132417227771833336e-20 2.456037285185653459e-21
2.983382385486038402e+00 1.976139762417522169e-22 2.743122877969101013e-21
2.984047385485609993e+00 -6.529170615700477590e-21 2.446973455574604938e-21
2.984712385485181585e+00 -1.024215907286999231e-20 2.116657029062373758e-21
2.985377385484753177e+00 4.044153414172952920e-21 3.118496523394720617e-21
2.986042385484324768e+00 9.136124151820537858e-21 2.712010995091552012e-21
2.986707385483896360e+00 8.141494810324755080e-21 2.464487968246454044e-21
2.987372385483467951e+00 1.304508529139319661e-20 2.073735219506580818e-21
2.988037385483039543e+00 6.147341455989154152e-21 2.097572639110740322e-21
2.988702385482611135e+00 1.029906075285031725e-20 2.346786866723820572e-21
2.989367385482182726e+00 2.088087798409153084e-20 1.887794834600875879e-21
2.990032385481754318e+00 1.265627246220520420e-20 2.175346557334753891e-21
2.990697385481325909e+00 4.914398270683774450e-21 2.482218074030449632e-21
2.991362385480897501e+00 1.169955481353207861e-20 2.002342455480939990e-21
2.992027385480469093e+00 5.400421679971481719e-21 2.214487577555536701e-21
2.992692385480040684e+00 -2.706518272558666918e-21 2.373160461464676483e-21
2.993357385479612276e+00 4.508163362211178090e-21 2.805503703444108256e-21
2.994022385479183868e+00 7.895089064100548097e-22 2.690215908335485239e-21
2.994687385478755459e+00 4.233252692391185131e-21 2.152240240729191814e-21
2.995352385478327051e+00 -2.538644632149082545e-20 2.240167490024669906e-21
2.996017385477898642e+00 -5.184472950300615575e-21 2.175281980806545265e-21
2.996682385477470234e+00 -4.839565910431547448e-22 2.264367815223474329e-21
2.997347385477041826e+00 -8.382572754857865892e-21 2.350754184185328362e-21
2.998012385476613417e+00 1.046426462874940021e-20 2.278419680365726293e-21
2.998677385476185009e+00 1.366835963186574593e-20 2.447470293884472180e-21
2.999342385475756600e+00 1.681290980728159899e-20 2.624168365818680787e-21
3.000007385475328192e+00 1.505685409601586086e-20 2.837114621600465314e-21
3.000672385474899784e+00 2.042913776943120694e-21 2.008949252633299259e-21
3.001337385474471375e+00 3.551633355502018000e-21 2.248233296593178132e-21
3.002002385474042967e+00 2.413061599738426099e-21 2.191374216145780991e-21
3.002667385473614559e+00 -1.865524710780691948e-21 2.435485835137581126e-21
3.003332385473186150e+00 -3.195615187887820490e-21 2.286870252516392223e-21
3.003997385472757742e+00 -1.781460505512886728e-21 2.286534356032763130e-21
3.004662385472329333e+00 3.744275124033293493e-21 2.131655772221690267e-21
3.005327385471900925e+00 4.089756542238545896e-21 2.449937349146159299e-21
3.005992385471472517e+00 1.139891653975025140e-21 2.014451822171371955e-21
3.006657385471044108e+00 1.137988077077402583e-20 2.057757445378841512e-21
3.007322385470615700e+00 -7.377802103479449379e-22 1.876982636164838701e-21
3.007987385470187292e+00 4.497750078054114841e-21 2.176733109765521551e-21
3.008652385469758883e+00 1.808842900368496223e-21 2.146306000809024754e-21
3.009317385469330475e+00 9.119417706025185161e-21 2.881785322864254343e-21
3.009982385468902066e+00 5.448048137869129472e-21 2.233389389312097446e-21
3.010647385468473658e+00 -1.273723919873759601e-21 2.098293935492052125e-21
3.011312385468045250e+00 -6.584825532200054904e-21 2.233399066848753905e-21
3.011977385467616841e+00 -2.200506927900261899e-21 2.734121347537239280e-21
3.012642385467188433e+00 -6.185432619560399047e-22 2.390199906445667851e-21
3.013307385466760024e+00 -5.329147260459219207e-21 2.215412986636996523e-21
3.013972385466331616e+00 2.892502562001354648e-21 2.727980352758480625e-21
3.014637385465903208e+00 7.674126300357726408e-21 2.375419765447594505e-21
3.015302385465474799e+00 1.586434726089114157e-20 2.376080385150770008e-21
3.015967385465046391e+00 9.197698974350631308e-21 2.512640234232677515e-21
3.016632385464617983e+00 4.490391274784031774e-21 2.145084239676405425e-21
3.017297385464189574e+00 1.340374555408481850e-20 2.450223818540444172e-21
3.017962385463761166e+00 6.034450229760609451e-21 2.460144181062065867e-21
3.018627385463332757e+00 5.359350652254510788e-21 2.564871823548195653e-21
3.019292385462904349e+00 7.332071546567159580e-21 2.459722051209787467e-21
3.019957385462475941e+00 8.671853623974200485e-21 1.933809042897517432e-21
3.020622385462047532e+00 9.791402292017935511e-21 1.972875684992725465e-21
3.021287385461619124e+00 9.542468593072908410e-21 2.439931435938110894e-21
3.021952385461190715e+00 1.358404634875799648e-20 2.594336541560549264e-21
3.022617385460762307e+00 1.029206442527935568e-20 1.934025660934954624e-21
3.023282385460333899e+00 -1.493394217167180845e-20 2.364341206312523577e-21
3.023947385459905490e+00 -9.416725117701079554e-21 2.340543107975448985e-21
3.024612385459477082e+00 9.781362397623808996e-22 1.858685599052643464e-21
3.025277385459048674e+00 -1.998487496125133102e-21 2.077451667497384232e-21
3.025942385458620265e+00 -7.469108727005509693e-21 2.747993620880479717e-21
3.026607385458191857e+00 1.651161760755589131e-21 2.154886023886788328e-21
3.027272385457763448e+00 -3.706618011110973245e-21 1.926059236025084646e-21
3.027937385457335040e+00 1.206573550927859797e-20 4.319768294404870925e-21
3.028602385456906632e+00 1.694276877084993373e-20 4.989597258631904538e-21
3.029267385456478223e+00 1.086687260103988496e-20 3.589977028752002810e-21
3.029932385456049815e+00 1.980191200632416183e-20 3.665213375232033722e-21
3.030597385455621406e+00 7.012809137589966870e-21 3.372636449837102714e-21
3.031262385455192998e+00 1.110388632544327309e-20 3.109693768625151475e-21
3.031927385454764590e+00 2.294145996036205055e-20 2.052062028871190334e-21
3.032592385454336181e+00 8.253297067145988095e-21 3.847590892808615452e-21
3.033257385453907773e+00 8.573374224813544110e-21 3.258390631241330780e-21
3.033922385453479365e+00 1.618926898104570977e-20 2.160007527536635885e-21
3.034587385453050956e+00 2.731280820022010092e-21 2.520116360024592070e-21
3.035252385452622548e+00 7.771720734800483220e-21 1.970281772650766780e-21
3.035917385452194139e+00 -2.506463218444430020e-21 2.465418580797173417e-21
3.036582385451765731e+00 -1.174403907092074793e-22 2.270809957720935391e-21
3.037247385451337323e+00 1.471605683554217567e-21 2.654008247963218905e-21
3.037912385450908914e+00 -3.668147143915191978e-21 2.344374003829532369e-21
3.038577385450480506e+00 4.096336195045029653e-21 2.095762476165117758e-21
3.039242385450052097e+00 -1.757773288946806635e-20 2.055185050825564829e-21
3.039907385449623689e+00 -9.362569326814011861e-21 1.932417894337628303e-21
3.040572385449195281e+00 -6.367631097842691974e-21 2.058194014938955110e-21
3.041237385448766872e+00 7.616848000877929977e-21 2.243977880151270921e-21
3.041902385448338464e+00 9.093055980000713142e-21 5.826665037029059207e-21
3.042567385447910056e+00 -1.345530056950007813e-20 6.200395199061808648e-20
3.043232385447481647e+00 7.986031110943143670e-21 2.223111530995035184e-21
3.043897385447053239e+00 1.285532808181046694e-20 2.166660073487540501e-21
3.044562385446624830e+00 4.621486616061537132e-21 2.113846025227590999e-21
3.045227385446196422e+00 5.517569838168119423e-21 2.527142735580083501e-21
3.045892385445768014e+00 -2.482311950349939364e-21 3.326857964538740306e-21
3.046557385445339605e+00 -6.246933843201226904e-22 2.257167325990464140e-21
3.047222385444911197e+00 -5.935592375469759482e-22 2.236373298418384651e-21
3.047887385444482788e+00 5.766145088029357368e-21 2.235290751533961868e-21
3.048552385444054380e+00 9.285021966029605687e-21 2.130781613546898845e-21
3.049217385443625972e+00 2.243017344265579573e-21 1.794625515428110922e-21
3.049882385443197563e+00 2.097432744370553410e-21 2.003397472608674273e-21
3.050547385442769155e+00 -5.878684059432603637e-21 2.086004326942035699e-21
3.051212385442340747e+00 3.042862528740903401e-21 1.961753668494215627e-21
3.051877385441912338e+00 1.043054543555854865e-20 2.479614420928630293e-21
3.052542385441483930e+00 2.075568651333585342e-21 2.302694097996362055e-21
3.053207385441055521e+00 2.258600848874893613e-21 2.000473227740577199e-21
3.053872385440627113e+00 1.098015957248350646e-20 2.101914083724933714e-21
3.054537385440198705e+00 7.034843351264575036e-21 2.004441727599233924e-21
3.055202385439770296e+00 8.670742262991024928e-21 2.326758078242213182e-21
3.055867385439341888e+00 -2.410862945389745126e-21 2.048498751821856050e-21
3.056532385438913479e+00 -6.195779326211280603e-21 1.895669269083327651e-21
3.057197385438485071e+00 5.893633451228481352e-21 2.020783281747694553e-21
3.057862385438056663e+00 3.402573058614875470e-21 2.116893001605658390e-21
3.058527385437628254e+00 -2.928050880572579189e-21 2.038733467175352969e-21
3.059192385437199846e+00 -3.478266488754449851e-21 2.221178736932688551e-21
3.059857385436771438e+00 5.015828109796540699e-22 2.192292818868761163e-21
3.060522385436343029e+00 6.613894480403032168e-21 2.066917097546314440e-21
3.061187385435914621e+00 6.315319663264257652e-21 2.042964213040190642e-21
3.061852385435486212e+00 -3.805158549008709116e-21 2.095211475910763718e-21
3.062517385435057804e+00 5.010507800039823038e-21 1.968242087892300255e-21
3.063182385434629396e+00 4.140558504257734135e-21 1.754766595434635234e-21
3.063847385434200987e+00 4.438006468658329212e-21 2.036899954044150563e-21
3.064512385433772579e+00 -4.122714635116483229e-22 2.068558045992959587e-21
3.065177385433344170e+00 -1.818952263465817237e-21 2.258227110703566468e-21
3.065842385432915762e+00 -1.926716779371456450e-21 2.132902860746493448e-21
3.066507385432487354e+00 3.842914244482381378e-21 2.191935026809290836e-21
3.067172385432058945e+00 1.018316250033504457e-20 1.982083063622730156e-21
3.067837385431630537e+00 1.047209709527036313e-20 2.059746062253449696e-21
3.068502385431202129e+00 -5.069600418349573778e-21 2.407177065388727772e-21
3.069167385430773720e+00 1.180582759275318493e-20 2.165490235514485866e-21
3.069832385430345312e+00 1.175103843281702731e-20 2.055309956277949210e-21
3.070497385429916903e+00 3.880760685259290179e-21 2.104451823674451620e-21
3.071162385429488495e+00 4.875509106780397379e-21 1.831079533630220156e-21
3.071827385429060087e+00 3.116069209101144696e-22 2.192872700118944162e-21
3.072492385428631678e+00 2.593724235364908695e-21 1.947345578598735084e-21
3.073157385428203270e+00 9.511434493926595408e-21 1.893046274810919801e-21
3.073822385427774861e+00 3.855529870140891372e-21 2.082578996651711875e-21
3.074487385427346453e+00 2.471729584045931651e-21 2.098476489534565133e-21
3.075152385426918045e+00 1.340301654647544462e-20 2.032409696972545984e-21
3.075817385426489636e+00 9.810860700799151999e-21 2.086330080471926416e-21
3.076482385426061228e+00 2.046951974675649909e-22 1.858801616959077142e-21
3.077147385425632820e+00 -7.941182023170458564e-21 1.891595876363008267e-21
3.077812385425204411e+00 5.963085355763518698e-21 1.900693890213707992e-21
3.078477385424776003e+00 -2.225312291970610023e-21 1.943718957802454076e-21
3.079142385424347594e+00 2.503750997317656630e-21 1.880943841591584386e-21
3.079807385423919186e+00 -8.370642658769912313e-22 2.157563548204569017e-21
3.080472385423490778e+00 1.041009218732762050e-20 2.148573719894876186e-21
3.081137385423062369e+00 1.460015983377121003e-20 2.129525071640551002e-21
3.081802385422633961e+00 1.074128069614988532e-20 2.427213567834849163e-21
3.082467385422205552e+00 3.820843671134311428e-21 2.184580702338473492e-21
3.083132385421777144e+00 1.204127927198446702e-20 1.853556471050426232e-21
3.083797385421348736e+00 1.501516204273425416e-20 1.824651551125948513e-21
3.084462385420920327e+00 4.983234345686962652e-21 2.235685031858145473e-21
3.085127385420491919e+00 7.632219990142497626e-22 1.904742911274466917e-21
3.085792385420063511e+00 1.659528260140044919e-20 2.187450297079490145e-21
3.086457385419635102e+00 3.157906208178672758e-21 1.960283049322079031e-21
3.087122385419206694e+00 1.612882360059420833e-21 2.027212321427088113e-21
3.087787385418778285e+00 1.000669635033703695e-20 1.932539056564577862e-21
3.088452385418349877e+00 -7.798929396054864557e-21 1.943578470542081013e-21
3.089117385417921469e+00 -3.730705891832772999e-21 2.041415119237206458e-21
3.089782385417493060e+00 -5.426868144905639798e-21 1.988046707356952773e-21
3.090447385417064652e+00 4.327886531186087580e-21 1.797461940804648484e-21
3.091112385416636243e+00 -6.238138077643535792e-22 2.134313689374253141e-21
3.091777385416207835e+00 -4.298890745618037798e-21 2.060924217112180119e-21
3.092442385415779427e+00 -1.003258570267026782e-20 1.961966487434836461e-21
3.093107385415351018e+00 -4.689364150755534339e-21 1.995995041421999850e-21
3.093772385414922610e+00 2.697766677462978323e-22 2.219430012532048841e-21
3.094437385414494202e+00 7.886749608036530292e-21 1.997772299570301189e-21
3.095102385414065793e+00 -1.428676793515938857e-21 1.863309217410568846e-21
3.095767385413637385e+00 1.161935634081979877e-21 2.477442196349516996e-21
3.096432385413208976e+00 1.351012522106878156e-20 1.991702130587888637e-21
3.097097385412780568e+00 4.281151262989708112e-21 2.597260895137447581e-21
3.097762385412352160e+00 1.276593175477697604e-20 2.203643174395863513e-21
3.098427385411923751e+00 1.083732512266262605e-20 5.188643076966342926e-21
3.099092385411495343e+00 8.911659025415582958e-21 3.096125338996268715e-21
3.099757385411066934e+00 1.752816078995669089e-20 1.445011695328885835e-20
3.100422385410638526e+00 5.907048406138530015e-21 5.051562191006625356e-21
3.101087385410210118e+00 5.707100913894745276e-21 1.990587438757535590e-21
3.101752385409781709e+00 8.801529921139402017e-21 5.230368866880117474e-21
3.102417385409353301e+00 2.804180515447315871e-20 8.729758797131110494e-21
3.103082385408924893e+00 2.224999016928156824e-20 7.459956771356078397e-21
3.103747385408496484e+00 5.533583252795606875e-21 1.383051540598333014e-20
3.104412385408068076e+00 1.696242377359731604e-21 1.744046158282026694e-21
3.105077385407639667e+00 1.345614235923209906e-21 2.030307133902100974e-21
3.105742385407211259e+00 2.576872185544739914e-21 1.936852347729709717e-21
3.106407385406782851e+00 2.984934587223401026e-21 2.100314096703797701e-21
3.107072385406354442e+00 9.202717585886915429e-21 2.356425549584822115e-21
3.107737385405926034e+00 -3.578249411259116040e-21 1.966276909709150418e-21
3.108402385405497625e+00 2.364371814495681031e-21 2.297344752357097428e-21
3.109067385405069217e+00 4.664165521997141241e-21 1.979348622581996062e-21
3.109732385404640809e+00 6.473269052669979593e-21 2.125266260585860425e-21
3.110397385404212400e+00 -4.661393109791757401e-21 1.954402969008578613e-21
3.111062385403783992e+00 5.001874137811633169e-22 2.151647710656928392e-21
3.111727385403355139e+00 8.232170314573901862e-21 2.044248459935221223e-21
3.112392385402926731e+00 -4.863219684707954617e-21 2.176147401390207978e-21
3.113057385402498323e+00 1.855760132753836121e-21 1.829092529551008847e-21
3.113722385402069914e+00 4.307985534560111167e-21 2.149906216693145622e-21
3.114387385401641506e+00 3.576294759490218589e-21 2.059085641951373809e-21
3.115052385401213098e+00 4.972241894856151757e-21 1.853543715649128814e-21
3.115717385400784689e+00 -4.201613365442207661e-21 2.191196187772996634e-21
3.116382385400356281e+00 -8.622570002500478766e-23 1.777598489628582665e-21
3.117047385399927872e+00 3.621487257984471030e-21 1.893814144923408130e-21
3.117712385399499464e+00 1.233075046757079641e-20 1.779864259832249313e-21
3.118377385399071056e+00 5.070535036518902512e-21 1.729993461485093212e-21
3.119042385398642647e+00 7.705088929952321232e-21 1.899870824152834844e-21
3.119707385398214239e+00 6.161300349001409317e-21 1.997081772566805830e-21
3.120372385397786275e+00 1.107734525043634210e-20 2.115719599704041445e-21
3.121037385397357866e+00 5.055874160637125401e-21 1.975597191511049168e-21
3.121702385396929458e+00 -2.746246690330937833e-21 1.980451936046175314e-21
3.122367385396501049e+00 1.087518851739157052e-20 1.912662712615923108e-21
3.123032385396072641e+00 8.327320353111587961e-21 2.006316793618904410e-21
3.123697385395644233e+00 4.024153863526434197e-21 1.757197767405662473e-21
3.124362385395215824e+00 9.491508891680602930e-21 1.819949884450142391e-21
3.125027385394787416e+00 5.303059903472666558e-21 2.167491659541859779e-21
3.125692385394359007e+00 2.004045148464745623e-21 1.715804988998515585e-21
3.126357385393930155e+00 8.081519607683650225e-21 1.515994798522523308e-21
3.127022385393501747e+00 3.533032650545950616e-21 1.829131717083937118e-21
3.127687385393073338e+00 6.401254261321282903e-21 2.030914883180023734e-21
3.128352385392644930e+00 5.644781007449046232e-21 2.134341783259709149e-21
3.129017385392216521e+00 2.666541626334757305e-21 1.969610185949944352e-21
3.129682385391788113e+00 -1.735619155102532883e-23 1.706325570289701862e-21
3.130347385391359705e+00 -1.300826335738953505e-21 1.744446544988044521e-21
3.131012385390931296e+00 6.859746330393252228e-21 2.270393077454793928e-21
3.131677385390502888e+00 -2.100317452755306281e-21 3.324343063857436558e-21
3.132342385390074480e+00 6.708422180306870492e-21 2.659645797304770351e-21
3.133007385389646071e+00 3.808389115405128774e-21 3.201934137122291102e-21
3.133672385389217663e+00 3.276071441603473864e-22 1.773229076722732846e-21
3.134337385388789254e+00 -5.270157498590470724e-21 2.075828958899488797e-21
3.135002385388360846e+00 5.726533752683200718e-21 1.857675323963455684e-21
3.135667385387932438e+00 3.375068656704487641e-22 1.760764486274532990e-21
3.136332385387504029e+00 3.170115941876486116e-21 1.905789946664051204e-21
3.136997385387075621e+00 2.058943153241464296e-21 1.974413107917290978e-21
3.137662385386647212e+00 -1.227446475984547916e-21 2.188636460719443772e-21
3.138327385386218804e+00 4.522734568518200370e-22 2.041008286628118075e-21
3.138992385385790396e+00 1.265724073133400026e-20 2.006947049933261754e-21
3.139657385385361987e+00 1.552410816119960300e-20 2.211751683293032056e-21
3.140322385384933579e+00 2.195786186481887608e-21 2.273976443320167053e-21
3.140987385384505171e+00 1.463020735566823547e-21 2.084720309118935190e-21
3.141652385384076762e+00 -2.511082824580429284e-21 2.307289239116813104e-21
3.142317385383648354e+00 6.873207808067697290e-22 1.823693359541862218e-21
3.142982385383219945e+00 4.173694421206490614e-21 1.789243540496894097e-21
3.143647385382791537e+00 8.360780403465961271e-21 1.937770307230054486e-21
3.144312385382363129e+00 1.260577933149278255e-20 1.805605055849185550e-21
3.144977385381934720e+00 1.004206563199141415e-20 1.829062681367223739e-21
3.145642385381506312e+00 7.699177840063610084e-21 1.737697207876991320e-21
3.146307385381077903e+00 -1.179594367675384082e-22 1.848260103251010228e-21
3.146972385380649495e+00 1.863465965022309800e-21 1.879612651472785671e-21
3.147637385380221087e+00 7.584458221436800505e-21 1.819304537966062015e-21
3.148302385379792678e+00 1.055032285135734606e-20 2.019748934324646467e-21
3.148967385379364270e+00 1.209983054017592892e-20 2.068754940983123749e-21
3.149632385378935862e+00 1.010064702938713672e-20 2.202294942150373716e-21
3.150297385378507453e+00 5.906204330152029504e-22 1.903491104811141988e-21
3.150962385378079045e+00 4.844272082512910774e-21 1.784611834269244265e-21
3.151627385377650636e+00 4.640043549680608530e-21 1.869453477551979179e-21
3.152292385377222228e+00 1.823501921738349182e-20 2.131618799073041694e-21
3.152957385376793820e+00 1.081590844910733262e-21 2.034195426369263101e-21
3.153622385376365411e+00 1.421947013144890519e-21 1.917637815543149646e-21
3.154287385375937003e+00 5.827648874200210399e-21 1.664835430825701948e-21
3.154952385375508594e+00 1.063662808024747461e-20 2.179457045517477286e-21
3.155617385375080186e+00 4.195547913009459184e-21 1.898300043829659308e-21
3.156282385374651778e+00 1.245680461625768447e-21 1.806264555786508077e-21
3.156947385374223369e+00 6.383769853693777126e-21 1.769128474301252194e-21
3.157612385373794961e+00 1.054229831037522665e-21 2.116005629729820048e-21
3.158277385373366553e+00 8.678650882374416638e-22 1.772789771833044089e-21
3.158942385372938144e+00 -6.021227037578771672e-21 1.943892683047231696e-21
3.159607385372509736e+00 3.275029981639029866e-21 1.924257087343296639e-21
3.160272385372081327e+00 6.500784356465954640e-21 1.980379581193218574e-21
3.160937385371652919e+00 1.805012030206255855e-21 2.072099359570343929e-21
3.161602385371224511e+00 -1.569463471636074524e-21 1.873501292509359613e-21
3.162267385370796102e+00 1.006837891828903105e-20 2.037440072343244582e-21
3.162932385370367694e+00 1.180991402221777388e-20 1.745671640200201411e-21
3.163597385369939285e+00 -4.587792531124156636e-21 1.837289119541924113e-21
3.164262385369510877e+00 3.017444490096259539e-21 1.989623817951613473e-21
3.164927385369082469e+00 -2.793571970674314242e-21 2.085397342293029289e-21
3.165592385368654060e+00 -8.667206950446646056e-21 1.959523607881569119e-21
3.166257385368225652e+00 -3.191065296293282025e-21 1.929513486040307734e-21
3.166922385367797244e+00 -6.998802468713399954e-21 1.958372568372441468e-21
3.167587385367368835e+00 6.261907568264207643e-21 1.778348959738797612e-21
3.168252385366940427e+00 -4.052791764315780465e-21 1.843898096856346767e-21
3.168917385366512018e+00 2.688424082087315476e-21 1.724973975247018136e-21
3.169582385366083610e+00 1.181826938164131938e-20 1.933102651863458567e-21
3.170247385365655202e+00 7.888123237254455255e-21 2.402666631292666480e-21
3.170912385365226793e+00 -3.084129208317357573e-21 1.753108152253559845e-21
3.171577385364798385e+00 -4.820110098696277514e-21 1.894362018068664498e-21
3.172242385364369976e+00 6.271821514253168992e-21 2.091946498998108287e-21
3.172907385363941568e+00 2.435872732092076746e-21 1.606700448175519592e-21
3.173572385363513160e+00 3.280625488228383729e-22 1.623436533722192554e-21
3.174237385363084751e+00 7.977336873668971789e-21 1.796630961040269349e-21
3.174902385362656343e+00 1.150456590217012967e-20 2.312342488803184721e-21
3.175567385362227935e+00 1.161040566293513575e-20 2.413706701050201924e-21
3.176232385361799526e+00 2.236574760881546111e-21 1.922436754557790048e-21
3.176897385361371118e+00 7.787311236327040948e-21 1.664823561942669068e-21
3.177562385360942709e+00 8.578354197870820217e-21 2.069419292153204274e-21
3.178227385360514301e+00 -1.589103201250380807e-21 1.944100321098986709e-21
3.178892385360085893e+00 -5.853388051715675615e-21 1.693636264809448670e-21
3.179557385359657484e+00 8.922278105046027332e-21 1.866160409151159635e-21
3.180222385359229076e+00 -2.146495196248446715e-22 2.043125036503279280e-21
3.180887385358800667e+00 -3.127636732707031410e-21 1.964747059059783681e-21
3.181552385358372259e+00 -2.327106194806684507e-22 1.862576198341072314e-21
3.182217385357943851e+00 6.992497687073815786e-21 2.086969010801216910e-21
3.182882385357515442e+00 -1.047465227664412956e-21 1.911550340539716662e-21
3.183547385357087034e+00 -2.176055151571816896e-21 1.830127744206668762e-21
3.184212385356658626e+00 5.617432232419528808e-21 1.487796389530963045e-21
3.184877385356230217e+00 7.540629927102036305e-21 2.068056218693890319e-21
3.185542385355801809e+00 -4.944224690341846555e-21 1.753754377289334665e-21
3.186207385355373400e+00 4.417684908164556069e-21 1.827963764668442547e-21
3.186872385354944992e+00 1.474732134650675063e-21 1.900034712147716311e-21
3.187537385354516584e+00 5.619184924647803976e-21 1.713557816304404024e-21
3.188202385354088175e+00 6.358730065799200866e-21 1.919647934770508550e-21
3.188867385353659767e+00 8.299359595585913701e-21 1.830291703607626011e-21
3.189532385353231358e+00 2.151443094403236700e-22 2.224607166642604096e-21
3.190197385352802950e+00 -1.369278224861000454e-22 1.882858727943829755e-21
3.190862385352374542e+00 5.527288316810027324e-22 1.894161055639968237e-21
3.191527385351946133e+00 6.746575100389978708e-21 2.028770675816129417e-21
3.192192385351517725e+00 -2.211849140528594947e-21 1.776944632093173341e-21
3.192857385351089317e+00 -1.739403443781744909e-22 1.780211388450966099e-21
3.193522385350660908e+00 -5.177444533034466826e-21 1.942080418364842860e-21
3.194187385350232500e+00 5.732852995362031693e-21 1.981640074853538389e-21
3.194852385349804091e+00 4.964767726407028469e-21 1.964955961261115236e-21
3.195517385349375683e+00 9.224896627757947733e-21 2.042505664578935823e-21
3.196182385348947275e+00 -2.374906231792492756e-21 1.915792477406477641e-21
3.196847385348518866e+00 -2.613968276237440033e-23 1.829436872272638194e-21
3.197512385348090458e+00 -2.264329863972536591e-21 1.952693152163121685e-21
3.198177385347662049e+00 2.580835026562018521e-21 1.826020934367794206e-21
3.198842385347233641e+00 1.430854700832926848e-21 1.956475151262713662e-21
3.199507385346805233e+00 5.679283445960048619e-21 2.082886160588614138e-21
3.200172385346376824e+00 1.313986619982628560e-21 1.939349044798540864e-21
3.200837385345948416e+00 -2.655997922461961894e-21 1.886801125628190179e-21
3.201502385345520008e+00 -2.243804588695811107e-21 1.805590001752426037e-21
3.202167385345091599e+00 3.747215403888838141e-22 1.429412275783318584e-21
3.202832385344663191e+00 3.105884682448745983e-21 1.645704287659168345e-21
3.203497385344234782e+00 6.922552964840740732e-22 2.087339551111059434e-21
3.204162385343806374e+00 2.054856073140325224e-21 1.962754775649160641e-21
3.204827385343377966e+00 2.549438243679081899e-21 1.958857623286325352e-21
3.205492385342949557e+00 -2.619874050095803841e-22 1.663959029808141301e-21
3.206157385342521149e+00 5.415694125476845084e-24 1.848850011864087153e-21
3.206822385342092741e+00 -1.290230896458283885e-21 1.711502785794554603e-21
3.207487385341664332e+00 1.509671365389292739e-21 1.931458886959715110e-21
3.208152385341235924e+00 5.662754243840838839e-21 1.550631071424622537e-21
3.208817385340807515e+00 7.205295370142025406e-21 1.653155138909390816e-21
3.209482385340379107e+00 1.875102518362676201e-21 1.881092341575936160e-21
3.210147385339950699e+00 -2.638740895156407601e-21 2.016987636225381628e-21
3.210812385339522290e+00 -8.987779148323591758e-21 2.289579972656185922e-21
3.211477385339093882e+00 2.426360554682132682e-21 1.895717154480105586e-21
3.212142385338665473e+00 7.424216005877034484e-22 1.779779434790014614e-21
3.212807385338237065e+00 5.429461936122443874e-21 1.651902761743135196e-21
3.213472385337808657e+00 3.651078834292865815e-21 1.753089210949795300e-21
3.214137385337380248e+00 1.302556615799774449e-22 1.614243848894296257e-21
3.214802385336951840e+00 -1.780809507480520188e-21 1.580552007121263566e-21
3.215467385336523432e+00 7.147532818808693567e-21 1.748246489211895196e-21
3.216132385336095023e+00 8.832868657580116034e-21 2.037237954359766996e-21
3.216797385335666615e+00 1.108277790443001293e-20 2.254723895803231202e-21
3.217462385335238206e+00 2.765553310122504085e-21 2.023765690538501400e-21
3.218127385334809798e+00 1.020210362558188140e-20 2.018395938270461261e-21
3.218792385334381390e+00 -2.721959235293669083e-21 2.175707985757417611e-21
3.219457385333952981e+00 -3.141500484757631368e-21 2.105963722324980559e-21
3.220122385333524573e+00 3.691245411175033133e-21 1.715506771265973830e-21
3.220787385333096164e+00 4.474387959358863244e-23 1.630069302586431555e-21
3.221452385332667756e+00 6.193323597947809549e-21 1.884473912215372438e-21
3.222117385332239348e+00 7.790227488200334504e-21 1.749814534589741918e-21
3.222782385331810939e+00 2.420733499018050212e-21 1.739002295350874697e-21
3.223447385331382531e+00 2.299237024226158707e-21 6.460858616664754732e-21
3.224112385330954123e+00 -1.244730841998827300e-20 8.884876057521407946e-21
3.224777385330525714e+00 -2.504535342399619303e-21 1.741621901121157417e-21
3.225442385330097306e+00 3.721027401001557697e-21 1.950100872480983122e-21
3.226107385329668897e+00 1.038569354203498572e-20 1.849085970088976024e-21
3.226772385329240489e+00 1.528503106610222387e-21 1.626668206012670953e-21
3.227437385328812081e+00 7.630171116162102483e-21 1.733360481427600270e-21
3.228102385328383672e+00 -1.216058138221831286e-21 2.140998694808715371e-21
3.228767385327955264e+00 1.496644039284343456e-21 1.816226757905088200e-21
3.229432385327526855e+00 3.572173611814685133e-21 1.639673662968336080e-21
3.230097385327098447e+00 -1.111775011700708761e-21 1.755325393173745364e-21
3.230762385326670039e+00 2.223192431440715686e-21 1.814995069741415249e-21
3.231427385326241630e+00 8.943557134735909655e-21 1.828667305270753424e-21
3.232092385325813222e+00 7.995879809420785837e-22 1.659997750336445981e-21
3.232757385325384814e+00 -1.509867057830775773e-21 2.039987066612732055e-21
3.233422385324956405e+00 -9.684111946976936276e-22 1.980072995171526820e-21
3.234087385324527997e+00 6.400451783737729509e-21 1.773072659388659750e-21
3.234752385324099588e+00 1.141993547802042145e-20 1.807450810364741956e-21
3.235417385323671180e+00 2.889946128630652194e-21 1.838685534398690978e-21
3.236082385323242772e+00 5.226065298714595907e-21 1.603874692977389515e-21
3.236747385322814363e+00 -4.774149765337981066e-21 1.991931499057289527e-21
3.237412385322385955e+00 -5.082498426866179801e-22 1.759701115386070140e-21
3.238077385321957546e+00 2.299039048259159452e-21 1.722601379035131467e-21
3.238742385321529138e+00 2.389705167830470259e-21 1.790204039572095706e-21
3.239407385321100730e+00 -1.794551969482559818e-21 1.731062320346122569e-21
3.240072385320672321e+00 2.470574145203429915e-22 1.793023327694104900e-21
3.240737385320243913e+00 3.645904290012004940e-21 1.810089756814607880e-21
3.241402385319815505e+00 3.911872701808939875e-21 1.951909590835745737e-21
3.242067385319387096e+00 -3.766718488930235681e-21 1.805989916823095761e-21
3.242732385318958688e+00 3.731431288944557139e-21 1.886518996701732343e-21
3.243397385318530279e+00 8.648111539005870834e-21 1.822327846620788293e-21
3.244062385318101871e+00 1.022552945598844811e-20 1.965593280088072577e-21
3.244727385317673463e+00 2.203584024873153098e-21 1.521560302593255958e-21
3.245392385317245054e+00 -6.272712084370655855e-21 1.757087387260790591e-21
3.246057385316816646e+00 -1.000036127105181358e-20 1.224669105034840603e-20
3.246722385316388237e+00 -2.318062694392263230e-21 7.095041366139002672e-21
3.247387385315959829e+00 1.379734717099699905e-20 1.304471825113071861e-20
3.248052385315531421e+00 6.722709270837159719e-21 7.041195442111880839e-21
3.248717385315103012e+00 2.533432466717527375e-21 1.728543475163594331e-21
3.249382385314674604e+00 -3.284902925400586039e-21 1.876764194889289097e-21
3.250047385314246196e+00 -1.079666804927713050e-21 1.601639093808916357e-21
3.250712385313817787e+00 5.143910001395719469e-21 1.865211611450964287e-21
3.251377385313389379e+00 2.596223960173412992e-21 1.552494188154018994e-21
3.252042385312960970e+00 -7.987671600205499564e-21 1.706392522208208099e-21
3.252707385312532562e+00 -4.715993186265932574e-21 1.607353891432218833e-21
3.253372385312104154e+00 -9.641359300372764154e-21 1.777044822765332904e-21
3.254037385311675745e+00 2.476102815856056956e-20 1.280542126561794735e-21
3.254702385311247337e+00 1.146586508160814240e-20 1.584423234167831798e-21
3.255367385310818928e+00 -1.157545650235684094e-20 1.515642489265154547e-21
3.256032385310390520e+00 -1.287550591637293272e-20 1.755855031638492925e-21
3.256697385309962112e+00 -8.657458238351382006e-21 1.860800950140168992e-21
3.257362385309533703e+00 -1.304101360275449768e-20 1.733578989552895201e-21
3.258027385309105295e+00 -1.275351829799405748e-21 1.783592783149236346e-21
3.258692385308676887e+00 1.867004272316529368e-22 1.697100452072600545e-21
3.259357385308248478e+00 1.255831267532734935e-21 1.678077313885306396e-21
3.260022385307820070e+00 -6.525130774227936604e-23 1.592548822063409371e-21
3.260687385307391661e+00 2.653246576457699153e-21 1.657620889390837012e-21
3.261352385306963253e+00 -4.765477865230188581e-21 1.495076308051801057e-21
3.262017385306534845e+00 4.204323830619955074e-21 1.915951905319625726e-21
3.262682385306106436e+00 4.566703338969953806e-21 1.523977587085939160e-21
3.263347385305678028e+00 3.951652592828458413e-21 1.607981218499712134e-21
3.264012385305249619e+00 4.044974201149899453e-21 1.801492782334229441e-21
3.264677385304821211e+00 6.715759069912207279e-21 1.691760503957498899e-21
3.265342385304392803e+00 -3.837352471798564651e-21 1.855872033219158225e-21
3.266007385303964394e+00 -1.737771276229442671e-21 1.818887001212776309e-21
3.266672385303535986e+00 1.957103870559343673e-22 1.985530462638063550e-21
3.267337385303107578e+00 2.236422971247869039e-21 1.698671751665740819e-21
3.268002385302679169e+00 8.098781776242062696e-21 1.880999938753273317e-21
3.268667385302250761e+00 1.158206169084508932e-20 1.839671276203637898e-21
3.269332385301822352e+00 1.279566884945840192e-20 1.789673154678461413e-21
3.269997385301393944e+00 1.265171662555656962e-20 1.555480108721894789e-21
3.270662385300965536e+00 2.698837922588998192e-21 1.766782399995891187e-21
3.271327385300537127e+00 3.876030258328404621e-21 1.926956021888654724e-21
3.271992385300108719e+00 7.204527186187098215e-21 1.621552886846439125e-21
3.272657385299680310e+00 1.471230979224853786e-20 1.968991976705046333e-21
3.273322385299251902e+00 1.534914792518250728e-20 1.975744258216934764e-21
3.273987385298823494e+00 4.611776521990418510e-21 1.769979594315362295e-21
3.274652385298395085e+00 9.672062064651768760e-21 1.643415249876201663e-21
3.275317385297966677e+00 1.687159186096029805e-20 2.048022926143265059e-21
3.275982385297538269e+00 4.333943776807724199e-21 1.744575252902565592e-21
3.276647385297109860e+00 9.995046799919317917e-21 1.708772516264846520e-21
3.277312385296681452e+00 1.031723247784058029e-20 1.707826353573115940e-21
3.277977385296253043e+00 4.356579385136642182e-21 2.142244463386654610e-21
3.278642385295824635e+00 5.414054206784048297e-21 1.766119530894058357e-21
3.279307385295396227e+00 3.815056866822370311e-21 1.935560134462273816e-21
3.279972385294967818e+00 4.163327680120115902e-21 1.971437367718105439e-21
3.280637385294539410e+00 9.819904788386646086e-21 1.951566527748055333e-21
3.281302385294111001e+00 8.260539627430918898e-21 1.715318190720034846e-21
3.281967385293682593e+00 -6.726403548186885040e-23 1.689352569791803364e-21
3.282632385293254185e+00 -2.663206950983978931e-21 1.879561619795472522e-21
3.283297385292825776e+00 8.517569971199765192e-22 1.751491910693738209e-21
3.283962385292397368e+00 8.341126355911877650e-21 1.793184176176418687e-21
3.284627385291968960e+00 1.788842292325740394e-21 1.765086916138854541e-21
3.285292385291540551e+00 7.385716634007225962e-21 1.883852956257303257e-21
3.285957385291112143e+00 9.720930119396034576e-21 1.575404848938536671e-21
3.286622385290683734e+00 6.803831155715220194e-21 1.815288608198984071e-21
3.287287385290255326e+00 -7.574712305285421015e-21 1.661027545171044464e-21
3.287952385289826918e+00 1.443933992840761896e-21 1.719491822906173876e-21
3.288617385289398509e+00 -2.328130150671576617e-21 2.103312151968419764e-21
3.289282385288970101e+00 1.294778157042938727e-21 1.685780943324045420e-21
3.289947385288541692e+00 3.669234761236513375e-21 1.639825318093369173e-21
3.290612385288113284e+00 8.779861612606817883e-21 1.930350170519982173e-21
3.291277385287684876e+00 6.115845784064306115e-21 1.671951322669404896e-21
3.291942385287256467e+00 4.535538147605418975e-21 1.759956744578116199e-21
3.292607385286828059e+00 6.959645216196121042e-22 1.771394546177408266e-21
3.293272385286399651e+00 1.944364544526242397e-21 1.685565959061751873e-21
3.293937385285971242e+00 5.919565037687814002e-21 1.527180595586244563e-21
3.294602385285542834e+00 3.605170512632183495e-21 2.297138101204450514e-21
3.295267385285114425e+00 2.751727792510399751e-21 1.842796154841702719e-21
3.295932385284686017e+00 -6.470817938459954226e-24 1.714369321801346282e-21
3.296597385284257609e+00 2.073602485628826976e-21 1.618298140938233927e-21
3.297262385283829200e+00 -5.278245368666467508e-21 1.818620115829207091e-21
3.297927385283400792e+00 -2.241859056561105788e-21 1.725251555697690650e-21
3.298592385282972383e+00 -4.984880963532543984e-22 1.846506757636839447e-21
3.299257385282543975e+00 6.457310843163073934e-21 1.635673980716121074e-21
3.299922385282115567e+00 4.832498933114920501e-21 2.062591200576920536e-21
3.300587385281687158e+00 3.885445886430125819e-21 2.663231973906950365e-21
3.301252385281258750e+00 2.367936684788245383e-21 2.157852916008931556e-21
3.301917385280830342e+00 1.476042206717708193e-21 2.013646708185554530e-21
3.302582385280401933e+00 2.520582940711658304e-21 1.660242215025687172e-21
3.303247385279973525e+00 3.797981848369784570e-21 1.744081185787129012e-21
3.303912385279545116e+00 2.608893188530589668e-23 2.137351516187719074e-21
3.304577385279116708e+00 -2.053712910874662355e-21 1.455110126351605854e-21
3.305242385278688300e+00 5.498062307946706031e-21 1.820237171224743090e-21
3.305907385278259891e+00 -1.638331046073168551e-21 1.781409289367224449e-21
3.306572385277831483e+00 2.440375747077220443e-21 1.824499424013844925e-21
3.307237385277403074e+00 7.310639019038272206e-21 1.808335310992369229e-21
3.307902385276974666e+00 1.169128746549563523e-20 1.948961900476950810e-21
3.308567385276546258e+00 1.063876568780341287e-21 1.643941904305719882e-21
3.309232385276117849e+00 1.482017259314814822e-21 1.963630513059413289e-21
3.309897385275689441e+00 2.952489596341680308e-21 1.756648912522784615e-21
3.310562385275261033e+00 -4.941587855200753017e-21 1.651880573660542500e-21
3.311227385274832624e+00 -2.041540044272407770e-21 1.691251417957059479e-21
3.311892385274404216e+00 -1.063065029450144393e-21 1.605185326445239034e-21
3.312557385273975807e+00 1.087408722055627773e-21 2.017689555785974054e-21
3.313222385273547399e+00 9.413117389613002205e-22 1.850442799532050237e-21
3.313887385273118991e+00 -3.371843529647071752e-22 1.890068839709322001e-21
3.314552385272690582e+00 -4.361522826530636306e-21 1.627064385621142133e-21
3.315217385272262174e+00 8.165360114920370179e-21 1.776447157078076684e-21
3.315882385271833765e+00 -8.155270605911857622e-22 2.062797007189758960e-21
3.316547385271405357e+00 2.305533113949024571e-21 1.794427138968830668e-21
3.317212385270976949e+00 1.385362688643418796e-21 1.780473680947051485e-21
3.317877385270548540e+00 1.925420626436097058e-21 2.061607526707695867e-21
3.318542385270120132e+00 -3.254588707640375994e-21 1.555717052184758373e-21
3.319207385269691724e+00 1.840428470597810785e-21 1.689812589023333448e-21
3.319872385269263315e+00 -7.150572971729189148e-22 1.860130495640144901e-21
3.320537385268834907e+00 7.940353084290224287e-21 1.568951324775786265e-21
3.321202385268406498e+00 6.130839251739269874e-21 2.224297261416468116e-21
3.321867385267978090e+00 5.779773852646457586e-22 1.847228501547354582e-21
3.322532385267549682e+00 1.116980637819453176e-21 1.882833726125518386e-21
3.323197385267121273e+00 4.310762114909737055e-21 1.861005612951840256e-21
3.323862385266692865e+00 -2.341055334572495600e-21 1.493941633052159535e-21
3.324527385266264456e+00 -1.103408764052541977e-21 1.649029138709192138e-21
3.325192385265836048e+00 9.855903333043746970e-21 1.718912014195426027e-21
3.325857385265407640e+00 1.526241620853309763e-20 1.726238965237739847e-21
3.326522385264979231e+00 6.357027425393552044e-21 1.703065646590870020e-21
3.327187385264550823e+00 5.881140818930012244e-21 1.733410876927228943e-21
3.327852385264122415e+00 -2.010182577233317139e-21 1.742600430323713399e-21
3.328517385263694006e+00 -4.105306712209294538e-21 1.800600452644095962e-21
3.329182385263265598e+00 -3.890500089597237023e-21 1.676820651240866022e-21
3.329847385262837189e+00 1.014663826798258569e-21 1.886003257359653418e-21
3.330512385262408781e+00 7.724800192249497585e-22 1.880858764878655825e-21
3.331177385261980373e+00 -1.992385139918039628e-21 1.779816048530660937e-21
3.331842385261551964e+00 3.086884303585350692e-21 1.869577615596218205e-21
3.332507385261123556e+00 5.161324307179823297e-21 1.516234997935539330e-21
3.333172385260695147e+00 -8.902935014736839779e-21 1.773690997559534760e-21
3.333837385260266739e+00 -2.855490235888647447e-21 1.807439724534470379e-21
3.334502385259838331e+00 3.073941121724682996e-21 1.734814848776796406e-21
3.335167385259409922e+00 6.174326520126617639e-21 1.420699386624586364e-21
3.335832385258981514e+00 7.217037167210814705e-21 1.554766600093465920e-21
3.336497385258553106e+00 1.354470071105961278e-20 1.685599484643901484e-21
3.337162385258124697e+00 1.169544409796123974e-20 1.581592805092207641e-21
3.337827385257696289e+00 5.103316423971724230e-21 1.626192929156633778e-21
3.338492385257267880e+00 -9.419425513043869048e-22 2.059654731119386188e-21
3.339157385256839472e+00 1.224932886722820590e-20 1.941978157904997719e-21
3.339822385256411064e+00 3.109218423423319193e-21 1.556795991767534670e-21
3.340487385255982655e+00 7.605326638151225820e-21 1.472690110246117263e-21
3.341152385255554247e+00 -1.442019293359654540e-21 1.836833283081100320e-21
3.341817385255125838e+00 4.486580597858033884e-21 1.827449187330223304e-21
3.342482385254697430e+00 6.576373521114106566e-21 1.648260602443808438e-21
3.343147385254269022e+00 1.176855636827742129e-21 1.581222145574875505e-21
3.343812385253840613e+00 3.223020633170778912e-23 2.084976047054644456e-21
3.344477385253412205e+00 -3.860546596445713174e-22 1.949417027726489941e-21
3.345142385252983797e+00 8.071860916196982628e-21 1.553873641721784466e-21
3.345807385252555388e+00 3.428268982432552708e-21 1.782757531038118345e-21
3.346472385252126980e+00 1.747423935138829375e-21 1.934835473385030102e-21
3.347137385251698571e+00 9.024900352333099907e-22 1.703464492336047422e-21
3.347802385251270163e+00 4.054942921745967995e-21 1.749987660367760993e-21
3.348467385250841755e+00 -2.151524837294565485e-21 1.621238303097115083e-21
3.349132385250413346e+00 5.985972162616446725e-21 1.725153708859348821e-21
3.349797385249984938e+00 1.677541295338673792e-21 1.698392876590148459e-21
3.350462385249556529e+00 -6.531463526520293161e-21 1.627864671569787529e-21
3.351127385249128121e+00 -3.216609779996654225e-22 1.470597011255938687e-21
3.351792385248699713e+00 -2.272629290470441225e-22 1.591539230570386720e-21
3.352457385248271304e+00 5.635464977858863925e-21 1.321446491488652346e-21
3.353122385247842896e+00 1.474591680360673817e-21 1.840675559664088354e-21
3.353787385247414488e+00 2.878404223258506030e-21 1.475456283218184623e-21
3.354452385246986079e+00 7.376893942448043950e-21 1.709551447757743722e-21
3.355117385246557671e+00 9.177411199334573357e-21 1.861950845684284002e-21
3.355782385246129262e+00 1.340793876574912044e-20 1.791587477292184590e-21
3.356447385245700854e+00 1.286892384368484009e-20 1.346287808349574619e-21
3.357112385245272446e+00 2.570286205086695123e-21 1.439908689317609177e-21
3.357777385244844037e+00 2.595032503710850445e-21 1.525153935556209052e-21
3.358442385244415629e+00 6.195414062777503353e-22 1.692993152539665366e-21
3.359107385243987220e+00 -3.906320626547252291e-21 1.647063270776161801e-21
3.359772385243558812e+00 2.554433614621385558e-21 1.773667164258769234e-21
3.360437385243130404e+00 4.628073241790941103e-21 1.747171774680779381e-21
3.361102385242701995e+00 3.607424625377256030e-21 1.542526231391692459e-21
3.361767385242273587e+00 -3.938998389914178730e-23 1.552326558241953063e-21
3.362432385241845179e+00 1.147062897953233654e-21 1.612394889426263858e-21
3.363097385241416770e+00 4.464029128772772860e-21 1.670342398941649012e-21
3.363762385240988362e+00 5.925638699139388144e-21 1.669183178201677981e-21
3.364427385240559953e+00 8.433457441147463488e-21 1.694368228593365567e-21
3.365092385240131545e+00 -6.401338419656092645e-22 1.634540507711231632e-21
3.365757385239703137e+00 1.318496870289418730e-21 1.746677573728200817e-21
3.366422385239274728e+00 1.484415777030176824e-21 1.526699263191953022e-21
3.367087385238846320e+00 -5.808154030571207394e-21 1.636481777579294797e-21
3.367752385238417911e+00 8.597931791716107260e-21 1.544663461382465189e-21
3.368417385237989503e+00 6.429979645715109178e-21 1.391866715628765945e-21
3.369082385237561095e+00 1.350705874332248035e-21 1.336317599846961811e-21
3.369747385237132686e+00 7.709815493867206312e-21 1.395778885505159329e-21
3.370412385236704278e+00 4.657362161455851307e-21 1.461210759485930765e-21
3.371077385236275870e+00 2.723907795706229867e-21 1.438258959901495276e-21
3.371742385235847461e+00 4.656615461641296240e-21 1.817223535305862560e-21
3.372407385235419053e+00 7.948960920069708884e-22 1.634127542610060927e-21
3.373072385234990644e+00 -5.144964457878916763e-22 1.688267607314724783e-21
3.373737385234562236e+00 -5.810938789978340704e-21 1.511686488843513659e-21
3.374402385234133828e+00 5.603213929814088400e-21 1.396375888695775927e-21
3.375067385233705419e+00 9.126333790530871076e-21 1.749725919600750549e-21
3.375732385233277011e+00 7.909805868827885935e-21 1.694555998294001173e-21
3.376397385232848602e+00 1.690364125760607056e-20 1.818142012579445015e-21
3.377062385232420194e+00 -7.330377832570035575e-21 1.549708581981611353e-21
3.377727385231991786e+00 4.977236769480915768e-21 1.767342829959197526e-21
3.378392385231563377e+00 1.026127983278282563e-20 2.087955109809729363e-21
3.379057385231134969e+00 6.679526886940883549e-21 1.670617346206734592e-21
3.379722385230706561e+00 2.010630007257955091e-21 1.536221456943716901e-21
3.380387385230278152e+00 4.417472190803889110e-21 1.634395969017941998e-21
3.381052385229849744e+00 5.088327965549086719e-21 1.565120557592700289e-21
3.381717385229421335e+00 -3.812304319428945542e-22 1.616257936590028892e-21
3.382382385228992927e+00 3.970021761009357845e-21 1.924748514446176210e-21
3.383047385228564519e+00 -3.497054612162405838e-21 1.795788959364873850e-21
3.383712385228136110e+00 5.638302710159972749e-21 1.527925919340693087e-21
3.384377385227707702e+00 1.588044978438515905e-22 1.579046888606551115e-21
3.385042385227279294e+00 -2.275957788073257595e-21 1.584615712164217904e-21
3.385707385226850885e+00 3.142588070572643741e-21 1.910931557377131143e-21
3.386372385226422477e+00 1.758779684423106368e-21 1.894141065163901481e-21
3.387037385225994068e+00 7.396391888388073413e-21 1.723801512535547998e-21
3.387702385225565660e+00 -4.045766992846405006e-21 1.534941256854667542e-21
3.388367385225137252e+00 1.232705651545516853e-21 1.731129288461755685e-21
3.389032385224708843e+00 7.205565028562870161e-21 1.914230355692980051e-21
3.389697385224280435e+00 7.621664289728115996e-21 1.868223630346850029e-21
3.390362385223852026e+00 1.333800439533956081e-22 1.636532142186748929e-21
3.391027385223423618e+00 6.381141554032759224e-21 1.526455967095014225e-21
3.391692385222995210e+00 6.575938543363943714e-21 1.715400333487759976e-21
3.392357385222566801e+00 4.754656137769668271e-21 1.771305113355377006e-21
3.393022385222138393e+00 3.428333901716421721e-21 1.678139092325647444e-21
3.393687385221709985e+00 2.970135709251932989e-21 1.705803959085376393e-21
3.394352385221281576e+00 7.473645745808004010e-21 1.698158159792480676e-21
3.395017385220853168e+00 2.400872798707789277e-21 1.552487211598888756e-21
3.395682385220424759e+00 -5.301089766843897610e-21 1.754618150629457562e-21
3.396347385219996351e+00 1.586989997135822558e-20 1.592819307905487345e-21
3.397012385219567943e+00 1.994151465464609073e-20 1.563050042018900574e-21
3.397677385219139534e+00 2.113044335466920978e-20 1.730850879263894582e-21
3.398342385218711126e+00 1.128685052730620217e-20 1.729845471032039039e-21
3.399007385218282717e+00 9.664788827664197549e-21 1.504696792096201377e-21
3.399672385217854309e+00 -2.730201288024240095e-21 1.699618869337611018e-21
3.400337385217425901e+00 9.056012459918304741e-21 1.702737411354420713e-21
3.401002385216997492e+00 6.144704192768032353e-21 1.699902381914289759e-21
3.401667385216569084e+00 5.227009241694241083e-21 1.512268483098464770e-21
3.402332385216140676e+00 6.947358777581120740e-22 1.611425350584555033e-21
3.402997385215712267e+00 7.820245668456833130e-21 1.445407632442359978e-21
3.403662385215283859e+00 8.049723482786269684e-21 1.404171794265415709e-21
3.404327385214855450e+00 6.648092334226344520e-21 1.778881853341680407e-21
3.404992385214427042e+00 5.190551203148869108e-21 1.690750061090924578e-21
3.405657385213998634e+00 1.455038876716095375e-21 1.816056973891555794e-21
3.406322385213570225e+00 7.909588458609990734e-21 1.542146187642987634e-21
3.406987385213141817e+00 8.651789314727829847e-21 1.369947970244772676e-21
3.407652385212713408e+00 8.488497668119645225e-21 1.307767558067170964e-21
3.408317385212285000e+00 9.266239723048565013e-21 1.552393146425978809e-21
3.408982385211856592e+00 6.738150559531611183e-21 1.676497883916616728e-21
3.409647385211428183e+00 8.420733814929528600e-21 1.436616944583206026e-21
3.410312385210999775e+00 -5.545391214454109819e-21 1.318594929510930448e-21
3.410977385210571367e+00 3.977987963360439986e-21 1.475879707362929932e-21
3.411642385210142958e+00 3.975857417999770915e-21 1.679870066147177272e-21
3.412307385209714550e+00 -2.962013071164187619e-21 1.504404567770539038e-21
3.412972385209286141e+00 2.916348592990506031e-23 1.681588976104842436e-21
3.413637385208857733e+00 -6.421898389301524619e-21 1.748307131711247160e-21
3.414302385208429325e+00 -6.319473076732027656e-21 1.491071265947803218e-21
3.414967385208000916e+00 2.338744137612277271e-20 9.441248910821110016e-21
3.415632385207572508e+00 7.376402831693223804e-21 4.648173667025833825e-21
3.416297385207144099e+00 -1.229393040441341020e-21 3.769847114558752700e-21
3.416962385206715691e+00 4.726042013229656367e-21 2.389277183541707165e-21
3.417627385206287283e+00 -1.484312394786084942e-21 1.597605359878935362e-21
3.418292385205858874e+00 1.064079013333107006e-20 2.022094101199573173e-21
3.418957385205430466e+00 1.455437836319203419e-20 1.462477642446465578e-21
3.419622385205002058e+00 3.450078252694090916e-21 2.190029459134789826e-21
3.420287385204573649e+00 5.396295472834419221e-21 1.723807043880010960e-21
3.420952385204145241e+00 8.985320028274920351e-21 1.746232438579720811e-21
3.421617385203716832e+00 1.268232964812657339e-21 1.606635145493313826e-21
3.422282385203288424e+00 2.321590083155842099e-23 1.954539282575972674e-21
3.422947385202860016e+00 4.307066987950407827e-21 2.107062338326418054e-21
3.423612385202431607e+00 1.588502290118879747e-21 1.531932670571738508e-21
3.424277385202003199e+00 -3.780326946147285572e-21 1.351033875589827662e-21
3.424942385201574790e+00 6.728425775769902295e-22 1.903174144188274417e-21
3.425607385201146382e+00 5.421336368778599966e-21 1.460560100284389845e-21
3.426272385200717974e+00 7.410475181813674037e-21 1.575611415072351520e-21
3.426937385200289565e+00 -3.249448996232448185e-22 1.475785968991112896e-21
3.427602385199861157e+00 8.278528085046480797e-22 3.662556722891650422e-21
3.428267385199432749e+00 6.829718645985086763e-22 1.574989527818364200e-21
3.428932385199004340e+00 3.662013780986675846e-21 1.523316313913212907e-21
3.429597385198575932e+00 3.700985376689993433e-22 1.274449321396199415e-21
3.430262385198147523e+00 -8.373905464750916796e-23 1.730963357996982214e-21
3.430927385197719115e+00 4.114138903698709770e-21 1.622997170747656619e-21
3.431592385197290707e+00 7.829780429145790794e-21 1.578283202847919226e-21
3.432257385196862298e+00 1.945057169479191381e-21 1.588262097430443541e-21
3.432922385196433890e+00 -1.766800042535598814e-22 1.716578290786313489e-21
3.433587385196005481e+00 2.937348978544262952e-21 1.652750243711574176e-21
3.434252385195577073e+00 -4.670791149338604539e-21 1.657562594783095739e-21
3.434917385195148665e+00 -4.637691562182254542e-22 1.876649279754906300e-21
3.435582385194720256e+00 -5.694432170810130509e-22 1.691112230782197126e-21
3.436247385194291848e+00 -4.976011594615421499e-21 1.427754624042611278e-21
3.436912385193863440e+00 -2.431765258035333020e-21 1.868455747108334433e-21
3.437577385193435031e+00 2.814629065058554511e-21 1.613304699973933767e-21
3.438242385193006623e+00 -3.428073931025489994e-21 1.418991905836434576e-21
3.438907385192578214e+00 -1.534366311842143023e-21 1.496647078167850883e-21
3.439572385192149806e+00 2.817517895864649978e-21 1.387607621747403652e-21
3.440237385191721398e+00 2.987876140324345254e-21 1.336146005199245215e-21
3.440902385191292989e+00 3.239892763433900400e-21 1.369505803798270256e-21
3.441567385190864581e+00 -1.182727349273371669e-22 1.323260027618753960e-21
3.442232385190436172e+00 8.358528284125967777e-21 1.399702310250487494e-21
3.442897385190007764e+00 3.610011202485671321e-21 1.367676965518355744e-21
3.443562385189579356e+00 5.800256553090372254e-21 1.390722542632025141e-21
3.444227385189150947e+00 7.336588354309907043e-21 1.200361844393491303e-21
3.444892385188722539e+00 4.532790329409298908e-21 1.475929066279627483e-21
3.445557385188294131e+00 1.623241796838270772e-21 1.535018447571721250e-21
3.446222385187865722e+00 -3.673116126346828088e-22 1.472922648963663779e-21
3.446887385187437314e+00 -4.697779497157337786e-21 1.537902494504044373e-21
3.447552385187008905e+00 -4.373884722606416708e-21 1.468511658643439224e-21
3.448217385186580497e+00 -3.596797904428176171e-21 1.370478566995305699e-21
3.448882385186152089e+00 -1.340308951431849906e-21 1.553468135798687382e-21
3.449547385185723680e+00 3.571649763373144581e-21 1.636268074295692566e-21
3.450212385185295272e+00 5.147484107043726550e-21 1.622971266486699742e-21
3.450877385184866863e+00 -4.252797895008586114e-21 1.651330425109894927e-21
3.451542385184438455e+00 2.159800846139559025e-21 1.512523820563690088e-21
3.452207385184010047e+00 3.110577486058330315e-21 1.434219553363936115e-21
3.452872385183581638e+00 1.212260019691603522e-20 1.363822468612150955e-21
3.453537385183153230e+00 3.210502821849715387e-21 1.563668466671182735e-21
3.454202385182724822e+00 7.173303558806410916e-21 1.846330644386982514e-21
3.454867385182296413e+00 4.647556446246662278e-21 1.690956486672458259e-21
3.455532385181868005e+00 7.128713404548162330e-21 1.556264230291048379e-21
3.456197385181439596e+00 5.748428941148635588e-21 1.678706919934585069e-21
3.456862385181011188e+00 -3.997202639343835217e-21 1.373623120197830064e-21
3.457527385180582780e+00 7.802125919374949309e-21 1.404375113762430524e-21
3.458192385180154371e+00 4.913725089845021043e-21 1.619321207336622737e-21
3.458857385179725963e+00 6.050133450541553236e-22 1.765713861826442094e-21
3.459522385179297554e+00 1.564119554934353443e-21 1.770357884230686848e-21
3.460187385178869146e+00 1.650342455640454677e-20 1.650886025193850100e-21
3.460852385178440738e+00 1.242735669428543180e-20 1.449146444003772057e-21
3.461517385178012329e+00 3.044287460584515413e-21 1.709513958242998305e-21
3.462182385177583921e+00 4.503398200205395366e-21 1.576635803750619006e-21
3.462847385177155513e+00 2.440746844138135126e-23 1.523320548042108474e-21
3.463512385176727104e+00 8.200082682904922525e-21 1.357656179581422271e-21
3.464177385176298696e+00 6.891749251383287801e-21 1.586709522676731436e-21
3.464842385175870287e+00 -1.680110293836461357e-22 1.277550319251925232e-21
3.465507385175441879e+00 6.979152407705298515e-21 1.416749856002256821e-21
3.466172385175013471e+00 6.681558776931753879e-21 1.182903640641732539e-21
3.466837385174585062e+00 6.718333135613057625e-21 1.493027727193074457e-21
3.467502385174156654e+00 1.221128899531761625e-20 1.499711602681645528e-21
3.468167385173728245e+00 8.285955407027896730e-21 1.570515455053252351e-21
3.468832385173299837e+00 3.598834934438155838e-21 1.377380681278983137e-21
3.469497385172871429e+00 -2.905848774597712014e-21 1.486279927852449266e-21
3.470162385172443020e+00 -2.336253605536858229e-21 1.547867740218139772e-21
3.470827385172014612e+00 4.122533001976983949e-21 1.196333682137376255e-21
3.471492385171586204e+00 3.100494340237004095e-21 1.807226767838502396e-21
3.472157385171157795e+00 -1.044767901179961298e-21 1.653190955819056405e-21
3.472822385170729387e+00 1.955231339953073954e-21 1.442887244882784874e-21
3.473487385170300978e+00 -1.478632802741929832e-21 1.389779575038030027e-21
3.474152385169872570e+00 5.142332636783018920e-21 1.607981716401511223e-21
3.474817385169444162e+00 8.376268828276075874e-21 1.612597609604573548e-21
3.475482385169015753e+00 7.356277968975741183e-21 1.513236535041749082e-21
3.476147385168587345e+00 7.468040487205083641e-21 1.287788179051381714e-21
3.476812385168158936e+00 7.800730664625062069e-21 1.361244341936943037e-21
3.477477385167730528e+00 9.614182323725027842e-21 1.399619318020814842e-21
3.478142385167302120e+00 5.651794873451577804e-21 1.448824343969650049e-21
3.478807385166873711e+00 4.201792023496983109e-21 1.635803511579347310e-21
3.479472385166445303e+00 2.447003727396153685e-21 1.454133227760941040e-21
3.480137385166016895e+00 7.640404047605434001e-21 1.480184975002900325e-21
3.480802385165588486e+00 4.699699442080514043e-21 1.600652874963905949e-21
3.481467385165160078e+00 -3.830962430176868777e-21 1.607181929995056185e-21
3.482132385164731669e+00 2.499109400970874348e-21 1.450250586671553886e-21
3.482797385164303261e+00 -4.463735769066111147e-21 1.693448141114397891e-21
3.483462385163874853e+00 3.616716489002326362e-22 1.765658529704138223e-21
3.484127385163446444e+00 1.733237832618226878e-20 1.507770809931012443e-21
3.484792385163018036e+00 7.467379725841229461e-21 1.666169187262679197e-21
3.485457385162589627e+00 -3.169646991502599797e-21 1.519535307096935705e-21
3.486122385162161219e+00 5.923791831220786742e-21 1.577495024329839755e-21
3.486787385161732811e+00 1.665738490947199632e-20 1.465950900501157530e-21
3.487452385161304402e+00 4.973863167368607708e-21 1.547997561282412009e-21
3.488117385160875994e+00 6.257510781345922121e-21 1.792345049065106714e-21
3.488782385160447586e+00 1.597150214564553461e-21 1.699731657478948630e-21
3.489447385160019177e+00 6.389792409616219762e-21 1.561280075701960548e-21
3.490112385159590769e+00 -9.993577640756964183e-22 1.619069730524313641e-21
3.490777385159162360e+00 -3.984473545906080972e-21 1.607578596229437707e-21
3.491442385158733952e+00 8.388801495449128388e-21 1.650348905855520819e-21
3.492107385158305544e+00 2.977758019404261392e-21 1.610903235674551626e-21
3.492772385157877135e+00 8.232273557117227143e-21 1.563274695691459709e-21
3.493437385157448727e+00 3.783371879094195093e-21 1.778639081651857214e-21
3.494102385157020318e+00 6.914112912489917148e-21 1.495741797924356853e-21
3.494767385156591466e+00 3.676944399725819781e-21 1.824733829817011530e-21
3.495432385156163058e+00 5.859803716355384202e-21 1.510853169297459851e-21
3.496097385155734649e+00 2.164812071755367026e-21 1.894746160871571670e-21
3.496762385155306241e+00 1.006392069034775551e-20 1.526418727372944746e-21
3.497427385154877832e+00 1.851503019333672243e-21 1.656277987713395148e-21
3.498092385154449424e+00 3.724565667552074306e-21 1.584140933878720622e-21
3.498757385154021016e+00 4.586468237912356999e-21 1.741897181793424952e-21
3.499422385153592607e+00 3.993043493884297690e-21 1.646207767096667185e-21
3.500087385153164199e+00 6.176771276470022874e-21 1.755349395915973314e-21
3.500752385152735791e+00 -1.398347141007458343e-21 1.715884540510572446e-21
3.501417385152307382e+00 -6.440217964150278595e-21 1.629658166676470117e-21
3.502082385151878974e+00 6.227805354689711244e-21 1.434279821214297591e-21
3.502747385151450565e+00 -1.065096143998096978e-20 1.675704718870667871e-21
3.503412385151022157e+00 6.150006932352409897e-22 1.536498824234311988e-21
3.504077385150593749e+00 1.641876903070664719e-21 1.639813913823875099e-21
3.504742385150165340e+00 -4.954161859981045591e-22 1.812479472654718345e-21
3.505407385149736932e+00 8.529979296696487238e-21 1.432939340423600104e-21
3.506072385149308523e+00 1.874232700341275166e-21 1.473862438327187788e-21
3.506737385148880115e+00 4.343319874012807554e-22 1.490268043579127453e-21
3.507402385148451707e+00 5.725706511822495188e-21 1.772679029599529757e-21
3.508067385148023298e+00 5.008807891578486640e-21 1.572154103226528335e-21
3.508732385147594890e+00 8.323244641045610777e-22 1.375977427367397364e-21
3.509397385147166482e+00 -8.532990564200861766e-21 1.424951008321039639e-21
3.510062385146738073e+00 1.998462073293761314e-21 1.551258014993520702e-21
3.510727385146309665e+00 -7.323328225832165033e-22 1.641523931200665700e-21
3.511392385145881256e+00 2.872517444378772629e-21 1.562043262618586136e-21
3.512057385145452848e+00 -1.476039279160796332e-21 1.457511847512288376e-21
3.512722385145024440e+00 2.478917394512415750e-21 1.588447708596512956e-21
3.513387385144596031e+00 3.838845335851685370e-21 1.641610905425715017e-21
3.514052385144167623e+00 8.280169148210981898e-22 1.570776141760571236e-21
3.514717385143739214e+00 1.152858276333914589e-20 1.542601369772828701e-21
3.515382385143310806e+00 1.427253812138270702e-20 1.602678363020006446e-21
3.516047385142882398e+00 1.040887260748499859e-20 1.552226570837775258e-21
3.516712385142453989e+00 1.040354783500453597e-20 1.785413142598102882e-21
3.517377385142025581e+00 1.027811050637561837e-20 1.692082014129372869e-21
3.518042385141597173e+00 9.767444092199380810e-22 1.610004339808306579e-21
3.518707385141168764e+00 5.515948654812712056e-21 1.533585620769324493e-21
3.519372385140740356e+00 7.338544638041574147e-22 1.661558973150402793e-21
3.520037385140311947e+00 2.078960276058229634e-21 1.599226017214281486e-21
3.520702385139883539e+00 1.629902665215826482e-21 1.749524718075275926e-21
3.521367385139455131e+00 3.192632122262128079e-21 1.632867830833039009e-21
3.522032385139026722e+00 -2.569152758074581645e-22 2.298490513024378344e-21
3.522697385138598314e+00 -1.809988894613070489e-21 1.952889278804358320e-21
3.523362385138169905e+00 3.044490816151512317e-21 1.937468387595286698e-21
3.524027385137741497e+00 4.794440769986350865e-21 1.818308542401981808e-21
3.524692385137313089e+00 3.377901272414710671e-21 1.513336244086407171e-21
3.525357385136884680e+00 1.020774841056412316e-20 1.357381620121245920e-21
3.526022385136456272e+00 7.051570734261678112e-21 1.530130572738571629e-21
3.526687385136027864e+00 1.433643283247773367e-21 1.644745210453475950e-21
3.527352385135599455e+00 -3.464253474129506624e-21 1.427339756734932534e-21
3.528017385135171047e+00 1.032779705851281304e-20 1.426658219472316198e-21
3.528682385134742638e+00 4.257058832797400532e-21 1.621887953792090161e-21
3.529347385134314230e+00 -1.327077316579942186e-23 1.728484073999063204e-21
3.530012385133885822e+00 5.231643057682032436e-21 1.477874797264748297e-21
3.530677385133457413e+00 -5.099304852612580060e-23 1.555023314911276201e-21
3.531342385133029005e+00 2.164164375744606951e-21 1.632718245503858827e-21
3.532007385132600596e+00 7.870523921421982687e-22 1.525889796116159048e-21
3.532672385132172188e+00 -7.351786130452907270e-21 1.367860074039250442e-21
3.533337385131743780e+00 -6.104899499432169633e-21 1.605891044415632872e-21
3.534002385131315371e+00 -7.492601945268613647e-22 1.635283861471553449e-21
3.534667385130886963e+00 2.667098957122476527e-22 1.818891662126069323e-21
3.535332385130458555e+00 1.041811581246509297e-20 1.525140581181534022e-21
3.535997385130030146e+00 4.915746707767716991e-21 1.517779657144288972e-21
3.536662385129601738e+00 5.131321789462617042e-22 1.821120499720740243e-21
3.537327385129173329e+00 -5.641032196131647295e-21 1.567586645958211149e-21
3.537992385128744921e+00 -9.186690948047797064e-21 1.671270970368281430e-21
3.538657385128316513e+00 -1.377911270077917162e-21 1.577395835305357807e-21
3.539322385127888104e+00 4.745143590483645717e-21 1.364848549451686586e-21
3.539987385127459696e+00 1.145219046078955471e-20 1.344860433798533711e-21
3.540652385127031287e+00 6.965787733536709510e-21 1.583092781243230096e-21
3.541317385126602879e+00 5.877277252890833671e-21 1.645090028212042528e-21
3.541982385126174471e+00 2.031125591880932949e-21 1.413117065528410147e-21
3.542647385125746062e+00 1.140588212428653527e-20 1.657934340484794160e-21
3.543312385125317654e+00 1.927585164850486998e-21 1.656065465384286975e-21
3.543977385124889246e+00 1.079215418380986693e-20 1.759672208783950456e-21
3.544642385124460837e+00 5.313032611959083340e-21 1.518372013090899960e-21
3.545307385124032429e+00 -4.222997545413582863e-21 1.360565979012360605e-21
3.545972385123604020e+00 -5.475164267374463220e-22 1.472574477065620273e-21
3.546637385123175612e+00 -1.262809733101810232e-21 1.375479261969485524e-21
3.547302385122747204e+00 3.034388487355437328e-21 1.438752626438969732e-21
3.547967385122318795e+00 3.152531634925211893e-21 1.328244263175237853e-21
3.548632385121890387e+00 4.426713649305622089e-21 1.371654295472633738e-21
3.549297385121461978e+00 2.486917921486719928e-21 1.391933855973763006e-21
3.549962385121033570e+00 2.163405212056872839e-21 1.474070019400692087e-21
3.550627385120605162e+00 3.290950080612758269e-21 1.591648322131533175e-21
3.551292385120176753e+00 9.022427235572768425e-21 1.159654615991143178e-21
3.551957385119748345e+00 5.388304214842819718e-21 1.240826312610655617e-21
3.552622385119319937e+00 5.943869424693129896e-21 1.335477878279059805e-21
3.553287385118891528e+00 3.913087848655507918e-21 1.709366185959280709e-21
3.553952385118463120e+00 7.030533422436265136e-21 1.510822463777446974e-21
3.554617385118034711e+00 2.761616761891761216e-21 1.373633118771089802e-21
3.555282385117606303e+00 4.758324602725641880e-21 1.321668111333305894e-21
3.555947385117177895e+00 8.115450524036841451e-21 1.461298148461424135e-21
3.556612385116749486e+00 5.637862130863670626e-21 1.364894420649115545e-21
3.557277385116321078e+00 2.234756806200710444e-21 1.429155840797021165e-21
3.557942385115892669e+00 2.344764045217312386e-21 1.405761082426418737e-21
3.558607385115464261e+00 7.677550006057996947e-21 1.437280388902258306e-21
3.559272385115035853e+00 -6.128962330592039767e-21 1.721963220091070408e-21
3.559937385114607444e+00 1.841969687934962244e-20 1.563338692356165464e-21
3.560602385114179036e+00 -7.052999380612043786e-21 1.578467850201850646e-21
3.561267385113750628e+00 -3.819628089879259320e-22 1.488510762493132734e-21
3.561932385113322219e+00 8.245371813998881949e-21 1.576984863222796139e-21
3.562597385112893811e+00 9.561033070804253849e-21 1.312502081318091546e-21
3.563262385112465402e+00 5.771500992019121039e-21 1.598810905783657109e-21
3.563927385112036994e+00 3.524244700108865368e-21 1.754894027805703357e-21
3.564592385111608586e+00 -4.887959524065587396e-21 1.614893728696748543e-21
3.565257385111180177e+00 -3.727562379139286125e-21 1.453202818706841779e-21
3.565922385110751769e+00 -4.672404879875622086e-22 1.369097405956883239e-21
3.566587385110323360e+00 -1.962371011968977033e-21 1.550552039620346201e-21
3.567252385109894952e+00 3.349032672630269946e-21 1.376520917872572254e-21
3.567917385109466544e+00 4.300669941100346671e-21 1.591419464661607847e-21
3.568582385109038135e+00 6.449711081911325827e-21 1.498224312620254403e-21
3.569247385108609727e+00 8.376979987052106468e-21 1.926555402085740441e-21
3.569912385108181319e+00 -3.408034753702993914e-21 1.869129744281602642e-21
3.570577385107752910e+00 -1.981793267913761482e-21 1.738401171443956706e-21
3.571242385107324502e+00 1.695798619333287609e-24 1.639825401554772786e-21
3.571907385106896093e+00 -3.762331798859145343e-21 2.062204391990618614e-21
3.572572385106467685e+00 5.454407522669063977e-21 1.826678441680649448e-21
3.573237385106039277e+00 1.221066142347889989e-20 1.792587903535201123e-21
3.573902385105610868e+00 6.755752314789332115e-21 1.805214526425677232e-21
3.574567385105182460e+00 9.699887000767863551e-21 1.827487372106599481e-21
3.575232385104754051e+00 4.326676089475347125e-21 1.660988423398939414e-21
3.575897385104325643e+00 3.723640098321718526e-21 1.469673622008151503e-21
3.576562385103897235e+00 2.251398033272957020e-21 1.454860030259805444e-21
3.577227385103468826e+00 2.464565005277732890e-21 1.548674246263954704e-21
3.577892385103040418e+00 7.112806291275031934e-22 1.574354986709090325e-21
3.578557385102612010e+00 2.229499755114273871e-21 1.546725472126996826e-21
3.579222385102183601e+00 3.463499013007412358e-21 1.770812899392368987e-21
3.579887385101755193e+00 9.802540520739640569e-21 1.725766708171433613e-21
3.580552385101326784e+00 5.245182769167321471e-22 1.764872637122543415e-21
3.581217385100898376e+00 2.177181353909359844e-21 1.587112070774606499e-21
3.581882385100469968e+00 5.671064873039927522e-22 1.441992653608659008e-21
3.582547385100041559e+00 -7.045044461739129092e-21 1.551159673100907457e-21
3.583212385099613151e+00 -2.261657406777970925e-21 1.764437635706526323e-21
3.583877385099184743e+00 2.955129749849224890e-21 1.619094572091359106e-21
3.584542385098756334e+00 2.909456695483504512e-21 1.974843450706021678e-21
3.585207385098327926e+00 -3.702299003685128145e-22 1.923751690983158809e-21
3.585872385097899517e+00 -1.723921866276668258e-21 1.990993423210279783e-21
3.586537385097471109e+00 -7.108169115413283734e-22 1.650521585800411658e-21
3.587202385097042701e+00 2.115300028610830328e-20 9.481246569931063687e-21
3.587867385096614292e+00 1.846229035121232400e-20 7.549158822491827983e-21
3.588532385096185884e+00 2.236844367051645607e-20 7.055091049776623949e-21
3.589197385095757475e+00 2.576377269940518057e-20 7.505723522718687902e-21
3.589862385095329067e+00 -8.697712101942590528e-22 2.166476871631364426e-21
3.590527385094900659e+00 2.729015338596256802e-21 1.637136237661359616e-21
3.591192385094472250e+00 -1.907232301183174068e-21 1.484061082168460235e-21
3.591857385094043842e+00 2.845336157792410162e-21 1.635479062528819049e-21
3.592522385093615434e+00 8.859078957910696356e-21 1.573052739742383462e-21
3.593187385093187025e+00 1.239486127688824869e-20 1.450145013614637578e-21
3.593852385092758617e+00 1.752031248244538873e-22 1.343815215774213443e-21
3.594517385092330208e+00 7.119553780145336715e-22 1.530223797975100052e-21
3.595182385091901800e+00 -2.187863373584567266e-21 1.421425748951381074e-21
3.595847385091473392e+00 6.751896195616456635e-23 1.408867453679881549e-21
3.596512385091044983e+00 5.065962467916957051e-21 1.495173637715211136e-21
3.597177385090616575e+00 2.941473356103852126e-21 1.353920625934844391e-21
3.597842385090188166e+00 -1.939211367997158543e-21 1.485171949454268350e-21
3.598507385089759758e+00 1.899746486350620631e-21 1.555077653236187195e-21
3.599172385089331350e+00 3.285123612160323055e-21 1.334858024328087146e-21
3.599837385088902941e+00 2.544901582115902436e-21 1.390060185158105022e-21
3.600502385088474533e+00 4.019952366679530835e-21 1.401118853838664504e-21
3.601167385088046125e+00 4.301736656115837086e-21 1.503772027880846330e-21
3.601832385087617716e+00 9.072397139753742156e-21 1.408556271276253345e-21
3.602497385087189308e+00 7.928683982739942286e-21 1.726251686946415577e-21
3.603162385086760899e+00 5.306974563947304185e-21 2.022299740037905863e-21
3.603827385086332491e+00 6.398124671331629145e-21 1.499889313172556842e-21
3.604492385085904083e+00 2.884541616848756634e-21 1.521396351664401903e-21
3.605157385085475674e+00 4.008215232072589806e-21 1.500086178853576807e-21
3.605822385085047266e+00 2.650784999657539020e-21 1.298698601794794883e-21
3.606487385084618857e+00 1.905621282598268710e-21 1.403179051368625433e-21
3.607152385084190449e+00 4.874687831332797912e-21 1.402397509161736159e-21
3.607817385083762041e+00 2.266283959082408769e-21 1.595671159695419956e-21
3.608482385083333632e+00 9.704666196362910985e-22 3.016711513990834769e-21
3.609147385082905224e+00 2.956525639847079505e-21 2.639117545020603293e-21
3.609812385082476816e+00 -2.774137524220623584e-21 2.710674357529510331e-21
3.610477385082048407e+00 1.675771592434386343e-21 1.316078553953818549e-21
3.611142385081619999e+00 2.843211796661236382e-21 1.304358103983504440e-21
3.611807385081191590e+00 -3.210877988874204685e-21 1.651349320268606897e-21
3.612472385080763182e+00 -4.233041657280947813e-21 2.157526862243071716e-21
3.613137385080334774e+00 2.529017089802571713e-21 1.561135587234143303e-21
3.613802385079906365e+00 5.186155030915799059e-21 1.708475643235347559e-21
3.614467385079477957e+00 1.871554722476156539e-21 1.713296521316332091e-21
3.615132385079049548e+00 1.196128350217834806e-21 1.481514895473441103e-21
3.615797385078621140e+00 -8.459787282301450987e-21 1.305408604369601444e-21
3.616462385078192732e+00 3.632277339851609777e-21 1.733007456502388395e-21
3.617127385077764323e+00 3.272546038953481166e-21 1.515226964297832935e-21
3.617792385077335915e+00 9.971665743827426143e-21 1.479669624829826936e-21
3.618457385076907507e+00 6.694471400034338080e-21 1.527675110011214297e-21
3.619122385076479098e+00 -6.412920974175972374e-21 1.673655204631648210e-21
3.619787385076050690e+00 -2.314927060017013865e-21 1.647477537449327480e-21
3.620452385075622281e+00 1.981349422012822856e-21 1.606826709644686622e-21
3.621117385075193873e+00 1.054215368558529625e-21 1.564317273460323894e-21
3.621782385074765465e+00 4.459482294951846513e-22 1.484687257911157788e-21
3.622447385074337056e+00 4.113575377759923264e-21 1.852672623981363972e-21
3.623112385073908648e+00 -5.620908251249098838e-21 1.527548822925627542e-21
3.623777385073480239e+00 1.648976895991721014e-21 1.391622849220569107e-21
3.624442385073051831e+00 5.157809299400986218e-21 1.585227549304398291e-21
3.625107385072623423e+00 8.004621506834598020e-21 1.757613214556252247e-21
3.625772385072195014e+00 6.198232025415217274e-21 1.476439353780451762e-21
3.626437385071766606e+00 3.212023751969434012e-21 1.460026179881874799e-21
3.627102385071338198e+00 5.734787693279972720e-21 1.404182174879762160e-21
3.627767385070909789e+00 6.170213979022673314e-21 1.513815202903230810e-21
3.628432385070481381e+00 6.789629364178400517e-21 1.309779722237471086e-21
3.629097385070052972e+00 6.189177137461150617e-21 1.570350752060531962e-21
3.629762385069624564e+00 7.633082330663025585e-21 1.451073865563304917e-21
3.630427385069196156e+00 2.330469605165827790e-21 1.487655036270966403e-21
3.631092385068767747e+00 1.014240477467976102e-20 1.582513703821020279e-21
3.631757385068339339e+00 5.821128052968460232e-21 1.432352193100776724e-21
3.632422385067910930e+00 -7.765421158135810571e-22 1.383431124421343497e-21
3.633087385067482522e+00 -3.828425841481870677e-21 1.484974816052415595e-21
3.633752385067054114e+00 6.863565936290190873e-21 1.334586765755107658e-21
3.634417385066625705e+00 8.041687366133785003e-21 1.662616678639089698e-21
3.635082385066197297e+00 4.575180760414719523e-21 1.325842748017692956e-21
3.635747385065768889e+00 1.146214084663150185e-20 1.438955186896469543e-21
3.636412385065340480e+00 -4.840334882689595001e-23 1.385835305314830223e-21
3.637077385064912072e+00 -1.709366052189017677e-22 1.506415425353147653e-21
3.637742385064483663e+00 -1.848533979609338079e-21 1.431152858465232411e-21
3.638407385064055255e+00 1.230116656738823132e-20 1.388459756689948174e-21
3.639072385063626847e+00 2.594849529977128879e-21 1.401010893020694739e-21
3.639737385063198438e+00 2.542170951774178641e-21 1.479866797485481082e-21
3.640402385062770030e+00 3.445084243265031872e-22 1.533849328290470639e-21
3.641067385062341621e+00 -4.186664485471134386e-21 1.778838783482163046e-21
3.641732385061913213e+00 -5.338447741955560927e-22 1.495954579980412807e-21
3.642397385061484805e+00 7.050164007448770565e-21 1.382105894501772170e-21
3.643062385061056396e+00 6.098670751241921837e-21 1.413401745074573181e-21
3.643727385060627988e+00 -8.904622901846528324e-22 1.469035273520551977e-21
3.644392385060199580e+00 5.158216544953777443e-21 1.399862973091900861e-21
3.645057385059771171e+00 -9.574280669216335329e-22 1.465420807221753893e-21
3.645722385059342763e+00 5.393563028594779760e-21 1.455327217970547307e-21
3.646387385058914354e+00 7.692430750383062014e-21 1.405436638810527365e-21
3.647052385058485946e+00 8.775425436842412639e-21 1.475584634359860288e-21
3.647717385058057538e+00 2.150276158045136277e-21 1.306681426983460055e-21
3.648382385057629129e+00 3.708328528800117602e-21 1.564430145158773117e-21
3.649047385057200721e+00 5.125628392425143676e-21 1.618014471295109917e-21
3.649712385056772312e+00 1.310689449493398194e-20 1.601843613313876053e-21
3.650377385056343904e+00 1.383756411076468209e-20 1.243192728285020656e-21
3.651042385055915496e+00 8.214278197982032915e-21 1.519998166161676660e-21
3.651707385055487087e+00 8.716819216395432776e-21 1.409253111888789337e-21
3.652372385055058679e+00 4.472939846107589328e-21 1.583842366490100320e-21
3.653037385054630271e+00 1.037471570099960389e-20 1.449420542875677667e-21
3.653702385054201862e+00 4.662522105421481430e-21 1.472748790696821614e-21
3.654367385053773454e+00 3.957913589760678942e-21 1.597671669124226049e-21
3.655032385053345045e+00 3.733677809130683426e-21 1.735363978510228238e-21
3.655697385052916637e+00 -2.682814231924867431e-21 1.749378499358675144e-21
3.656362385052488229e+00 4.729801138263194653e-21 1.558193130225974686e-21
3.657027385052059820e+00 8.681200749554769749e-21 1.567183715563212409e-21
3.657692385051631412e+00 4.105373189911077233e-21 1.493619251313696972e-21
3.658357385051203003e+00 4.504832831441165370e-21 1.578344025831505280e-21
3.659022385050774595e+00 6.292773931114574409e-21 1.268176364780353570e-21
3.659687385050346187e+00 1.073651117028730422e-21 1.221319017299693998e-21
3.660352385049917778e+00 -4.543858094438868373e-21 1.389963571075883622e-21
3.661017385049489370e+00 8.829185996623767141e-22 1.446096648336896325e-21
3.661682385049060962e+00 1.147507502127433260e-20 1.454127484448899420e-21
3.662347385048632553e+00 5.364658667535811461e-21 1.339719672061624962e-21
3.663012385048204145e+00 4.032251976397398567e-22 1.362163910302848328e-21
3.663677385047775736e+00 2.052053596239626717e-21 1.440570931823889068e-21
3.664342385047347328e+00 4.289483794429038551e-21 1.421270796392667567e-21
3.665007385046918920e+00 5.870153061873309165e-21 1.215640848642693876e-21
3.665672385046490511e+00 1.179280347677174175e-21 1.278105919105480002e-21
3.666337385046062103e+00 -5.828206993336729882e-21 1.460720707556507927e-21
3.667002385045633694e+00 -5.641067566933855111e-21 1.413097509034333749e-21
3.667667385045205286e+00 9.510072658832957034e-22 1.325208833064125919e-21
3.668332385044776878e+00 2.538631964863076763e-21 1.912357226637008919e-21
3.668997385044348469e+00 7.270402544387337885e-21 1.564987353203608299e-21
3.669662385043920061e+00 4.118376639523377481e-21 1.473312255904229262e-21
3.670327385043491653e+00 4.663576452113399717e-21 1.344736713594245025e-21
3.670992385043063244e+00 4.871830080341853799e-21 1.485090577487609139e-21
3.671657385042634836e+00 3.292685207300415751e-22 1.594626479486439130e-21
3.672322385042206427e+00 7.888547977692607564e-21 1.530533684392863368e-21
3.672987385041778019e+00 3.411037600542479881e-21 1.372460415159386396e-21
3.673652385041349611e+00 4.511614013284458810e-21 1.321497282403343684e-21
3.674317385040921202e+00 -6.910985815651983982e-22 1.505505351217424670e-21
3.674982385040492794e+00 -3.943763800835278220e-21 1.394664011595660893e-21
3.675647385040064385e+00 1.741227843406843555e-22 1.380445186631340594e-21
3.676312385039635977e+00 2.821203396706534287e-21 1.368360637327238971e-21
3.676977385039207569e+00 3.871190400300597948e-21 1.375091146517368063e-21
3.677642385038779160e+00 -4.796173599931003343e-22 1.502118986381249226e-21
3.678307385038350752e+00 1.132737019790891128e-20 1.341456103476580827e-21
3.678972385037922344e+00 1.550621596930593758e-20 1.197063399227984351e-21
3.679637385037493935e+00 2.207426531207913566e-21 1.338441885276989084e-21
3.680302385037065527e+00 -1.926552469810003286e-22 1.489459162738159988e-21
3.680967385036637118e+00 4.077932757631537733e-21 1.326556536395568067e-21
3.681632385036208710e+00 7.026218899078105302e-21 1.619235075543070162e-21
3.682297385035780302e+00 1.373295678459923686e-22 1.522063229422877835e-21
3.682962385035351893e+00 -8.182431307805157450e-22 1.614614251891108527e-21
3.683627385034923485e+00 7.716194189179212030e-21 1.436711780639953997e-21
3.684292385034495076e+00 9.068018783239032008e-21 1.554501232731968460e-21
3.684957385034066668e+00 5.413716782005273494e-21 1.381099768867492043e-21
3.685622385033638260e+00 6.553614548597459321e-21 1.510796833504247016e-21
3.686287385033209851e+00 2.087720883372149968e-21 1.440807859064917446e-21
3.686952385032781443e+00 -2.761051952748070504e-21 1.239799285780618931e-21
3.687617385032353035e+00 5.949412129496258454e-21 1.369564059167155467e-21
3.688282385031924626e+00 5.877275120255650701e-21 5.361606845540242840e-21
3.688947385031496218e+00 3.662524885736396247e-21 3.860395866575097231e-21
3.689612385031067809e+00 3.993753912129584031e-21 1.533453380047935720e-21
3.690277385030639401e+00 3.963634848941804820e-21 1.367216631801660530e-21
3.690942385030210993e+00 6.703773783486828796e-21 1.611346635629676494e-21
3.691607385029782584e+00 6.586515535433809765e-21 1.961837353086261339e-21
3.692272385029354176e+00 1.258345917380734158e-20 1.665570275099859339e-21
3.692937385028925767e+00 8.574223278972637084e-21 1.641074487421961111e-21
3.693602385028497359e+00 1.212951206810114878e-21 1.495459232732010968e-21
3.694267385028068951e+00 6.435278163826445006e-21 1.470509186017627283e-21
3.694932385027640542e+00 2.141086249042947984e-21 1.250239604138901949e-21
3.695597385027212134e+00 1.662415895911410123e-21 1.439393596415990034e-21
3.696262385026783726e+00 5.727955918831484195e-21 1.390366476007484731e-21
3.696927385026355317e+00 5.922416775720422640e-21 1.393812158571821957e-21
3.697592385025926909e+00 4.402427936872952659e-21 1.518168174473245240e-21
3.698257385025498500e+00 5.659288286742778499e-22 1.562786088075511939e-21
3.698922385025070092e+00 5.900289522222140754e-21 1.449999440289381412e-21
3.699587385024641684e+00 1.881605801395120511e-21 1.253055653713908183e-21
3.700252385024213275e+00 -2.502790385694605461e-21 1.353793819027186899e-21
3.700917385023784867e+00 3.252333553788078147e-21 1.532281336517346339e-21
3.701582385023356458e+00 4.007621516780130905e-21 1.511423818506214357e-21
3.702247385022928050e+00 4.919070906129489972e-21 1.503445624379008746e-21
3.702912385022499642e+00 -1.785036369810354934e-21 1.637196814338461916e-21
3.703577385022071233e+00 -3.711784737350127239e-21 1.403251398674146532e-21
3.704242385021642825e+00 3.805207621977514954e-21 1.444875549198895895e-21
3.704907385021214417e+00 6.248225127958265670e-22 1.347560105462430607e-21
3.705572385020786008e+00 2.070716454278995069e-21 1.364936765313302755e-21
3.706237385020357600e+00 1.839489828800335894e-21 1.483220745763499356e-21
3.706902385019929191e+00 6.583504100682555314e-21 1.592089089026167970e-21
3.707567385019500783e+00 3.873354595154694659e-21 1.239378410028186672e-21
3.708232385019072375e+00 4.559607573853630461e-21 1.483225427565765961e-21
3.708897385018643966e+00 4.611281795726116740e-21 1.403769300787031606e-21
3.709562385018215558e+00 1.132483776100476358e-20 1.491503478400950128e-21
3.710227385017787149e+00 1.670468692213855200e-21 1.295216133604977074e-21
3.710892385017358741e+00 7.497035043839230112e-22 1.376991516015374964e-21
3.711557385016930333e+00 4.067323048137761031e-21 1.474660252960614564e-21
3.712222385016501924e+00 7.070143918974001006e-21 1.873996742126543318e-21
3.712887385016073516e+00 1.147036454587820113e-20 1.892997473487704219e-21
3.713552385015645108e+00 5.230457552582068394e-21 1.522890263994081210e-21
3.714217385015216699e+00 -6.623223513980312861e-21 1.800793850368169776e-21
3.714882385014788291e+00 -1.267970294076046179e-21 1.559665138385614822e-21
3.715547385014359882e+00 7.464060357132090458e-21 1.675799151174105686e-21
3.716212385013931474e+00 6.609758652305176222e-21 1.442112862348275304e-21
3.716877385013503066e+00 5.865457738261031825e-21 1.463817511063983723e-21
3.717542385013074657e+00 1.853537768658785496e-21 1.343040389080410002e-21
3.718207385012646249e+00 3.514003640940876279e-22 1.419579907960714969e-21
3.718872385012217840e+00 7.460782985280516162e-21 1.375707195953494483e-21
3.719537385011789432e+00 1.101782439347404863e-20 1.441762614197274064e-21
3.720202385011361024e+00 6.067882291791126378e-21 1.698283024212377274e-21
3.720867385010932615e+00 7.227672058814660668e-21 1.678782474383405150e-21
3.721532385010504207e+00 6.418228480629509755e-21 1.782488136743275760e-21
3.722197385010075799e+00 -1.204960413272592822e-21 1.588650089522777150e-21
3.722862385009647390e+00 -1.811151414517307098e-21 1.551959205764698467e-21
3.723527385009218982e+00 -1.313667251953326019e-23 1.392280095269963829e-21
3.724192385008790573e+00 6.690932645459249271e-21 1.397520858618032977e-21
3.724857385008362165e+00 4.921550248047451853e-21 1.610591665813878143e-21
3.725522385007933757e+00 8.164523102911397997e-21 1.311383465477729464e-21
3.726187385007505348e+00 4.607974617418186848e-21 1.223438794766608095e-21
3.726852385007076940e+00 6.469944457957359601e-21 1.205105215947547085e-21
3.727517385006648531e+00 7.079142177673775926e-21 1.383589527326527131e-21
3.728182385006220123e+00 8.460997156099160424e-22 1.428866198417567741e-21
3.728847385005791715e+00 5.014803320345593740e-21 1.758590864773096444e-21
3.729512385005363306e+00 1.618836718079746443e-21 1.451765312033878630e-21
3.730177385004934898e+00 9.336430774787521150e-21 1.645025456811314682e-21
3.730842385004506490e+00 7.756133966541281985e-21 1.266161147163642546e-21
3.731507385004078081e+00 2.848947034875547630e-21 1.412579573939157534e-21
3.732172385003649673e+00 3.443045644696875213e-21 1.524276669024749812e-21
3.732837385003221264e+00 4.605224133603808487e-21 1.451829170736032940e-21
3.733502385002792856e+00 -2.779685146740628576e-21 1.551834276265477612e-21
3.734167385002364448e+00 -8.309187578109147505e-22 1.313613571063349149e-21
3.734832385001936039e+00 7.235405180335604974e-21 1.411120552353252107e-21
3.735497385001507631e+00 -2.785271383331303356e-21 1.369459869648700832e-21
3.736162385001079222e+00 -4.992631544742315823e-21 1.327968158825864342e-21
3.736827385000650814e+00 6.904205903948859764e-22 1.304840367806577895e-21
3.737492385000222406e+00 6.017797519346537843e-21 1.442646404221189073e-21
3.738157384999793997e+00 -3.948250685155092876e-21 1.477492362945066502e-21
3.738822384999365589e+00 7.924206452362633113e-22 1.725899433443081854e-21
3.739487384998937181e+00 -1.157688141953118586e-21 1.657375268923133720e-21
3.740152384998508772e+00 3.232080194974858660e-21 1.414550761084032017e-21
3.740817384998080364e+00 3.214648953770936423e-21 1.542607817146410341e-21
3.741482384997651955e+00 3.946599028166953239e-21 1.363147867363255731e-21
3.742147384997223547e+00 2.154256369354890454e-21 1.519382716946313930e-21
3.742812384996795139e+00 -2.206614180480703391e-21 1.709018744148514989e-21
3.743477384996366730e+00 6.862031837829816615e-21 1.497423612447883659e-21
3.744142384995938322e+00 6.661100416142393655e-21 1.487243277790432329e-21
3.744807384995509913e+00 9.402657408090468297e-22 1.691933482070399295e-21
3.745472384995081505e+00 1.634418979970212032e-21 1.388542175708330764e-21
3.746137384994653097e+00 4.978491231613434540e-21 1.460587017490315171e-21
3.746802384994224688e+00 2.301683011870686240e-21 1.605952474905414862e-21
3.747467384993796280e+00 2.927473375772104980e-21 1.498710320310284302e-21
3.748132384993367872e+00 5.841889927406253483e-21 1.393509841250466408e-21
3.748797384992939463e+00 4.367446145709912765e-21 1.455870109994776097e-21
3.749462384992511055e+00 8.984823885368740761e-21 1.387530365890816490e-21
3.750127384992082646e+00 7.209554392401398618e-21 1.721088501820259448e-21
3.750792384991654238e+00 4.322623513333662666e-21 1.567790501381232646e-21
3.751457384991225830e+00 1.583810790184860477e-20 1.564568794192005691e-21
3.752122384990797421e+00 5.353840796203027892e-21 1.373280235646544064e-21
3.752787384990369013e+00 2.483876483505783217e-22 1.617287531722880690e-21
3.753452384989940604e+00 1.784793115736928602e-21 1.570329443235112758e-21
3.754117384989512196e+00 7.701158214561919964e-21 1.360597190378002773e-21
3.754782384989083788e+00 5.869223907146483169e-21 1.279868495493937932e-21
3.755447384988655379e+00 2.344818310874847613e-21 1.192906059688281956e-21
3.756112384988226971e+00 1.473920255299935807e-20 1.352616098589723243e-21
3.756777384987798563e+00 1.653042736551045118e-20 1.427110743680671671e-21
3.757442384987370154e+00 6.863894417179003458e-21 1.321708221136683168e-21
3.758107384986941746e+00 2.837998685831421858e-21 1.396790150402049153e-21
3.758772384986513337e+00 7.441450113257877697e-21 1.266128592065469416e-21
3.759437384986084929e+00 1.084449748091401565e-20 1.545689090713326308e-21
3.760102384985656521e+00 1.643021374654209862e-21 1.466965868748866108e-21
3.760767384985228112e+00 2.451985810310747268e-21 1.528171837977565254e-21
3.761432384984799704e+00 2.482661660544775056e-21 1.489199477541342290e-21
3.762097384984371296e+00 -2.402880918516843776e-21 1.450201717604763811e-21
3.762762384983942887e+00 2.677594842236517752e-21 1.483853640117753256e-21
3.763427384983514479e+00 6.319692799987685190e-21 1.733362401033384674e-21
3.764092384983086070e+00 3.234898194472587496e-21 1.304489232105545931e-21
3.764757384982657662e+00 3.208463814837975425e-21 1.258094540631063729e-21
3.765422384982229254e+00 1.234709497743948522e-20 1.664470516652299308e-21
3.766087384981800845e+00 1.050867300865931112e-20 1.341075895320030852e-21
3.766752384981372437e+00 4.579719910433431060e-21 1.334263980389812113e-21
3.767417384980944028e+00 9.126415955762872158e-21 1.337751264901369910e-21
3.768082384980515620e+00 3.754926756962447505e-21 1.562965427105119861e-21
3.768747384980087212e+00 7.870975768289386791e-21 1.385983032839698556e-21
3.769412384979658803e+00 8.620976205639787880e-21 1.383326286836931982e-21
3.770077384979230395e+00 1.302323783534912602e-21 1.418893779833763583e-21
3.770742384978801987e+00 1.017402459940598761e-21 1.219406377485242536e-21
3.771407384978373578e+00 4.007613562102591364e-21 1.389411200141378940e-21
3.772072384977945170e+00 5.893870195383459390e-22 1.426567705762286750e-21
3.772737384977516761e+00 1.880877746009603268e-22 1.497446348752276198e-21
3.773402384977088353e+00 -3.898455650051935526e-22 1.347585459269346816e-21
3.774067384976659945e+00 -2.141377086704650796e-21 1.470341084698412249e-21
3.774732384976231536e+00 -5.862066590503705036e-22 1.330470433251924655e-21
3.775397384975803128e+00 7.416241406153187599e-23 1.284010043442827794e-21
3.776062384975374719e+00 7.088627251220100848e-21 1.296196294512326084e-21
3.776727384974946311e+00 8.942241936710808114e-21 1.511703194329212437e-21
3.777392384974517903e+00 6.260395211174878564e-21 5.963964268002988291e-21
3.778057384974089494e+00 9.030821240504128160e-21 1.083816774924858854e-20
3.778722384973661086e+00 2.877855079194580436e-21 1.386101572061488687e-21
3.779387384973232678e+00 -5.138863938803929852e-22 1.126495878867089693e-21
3.780052384972804269e+00 1.137136848897781255e-22 1.269459901577272508e-21
3.780717384972375861e+00 6.853565610347119996e-21 1.560775666752962237e-21
3.781382384971947452e+00 2.127429735627948937e-21 1.463374022408766302e-21
3.782047384971519044e+00 3.190331530569515384e-21 1.713381534886132636e-21
3.782712384971090636e+00 4.421878695290908483e-21 1.505482644578184667e-21
3.783377384970662227e+00 -2.312268850506909446e-21 1.482835448361011551e-21
3.784042384970233819e+00 -1.821076352368843063e-21 1.362200985046642487e-21
3.784707384969805410e+00 6.399076092369774271e-22 1.184550871710721808e-21
3.785372384969377002e+00 -1.182718982392406351e-21 1.268824786373656714e-21
3.786037384968948594e+00 3.932177006406159729e-22 1.396531966111497970e-21
3.786702384968520185e+00 5.091403580666105753e-21 1.387955664023257777e-21
3.787367384968091777e+00 6.631380629616949261e-21 1.291160667158915426e-21
3.788032384967663369e+00 1.000749488699430260e-20 1.602359624557803191e-21
3.788697384967234960e+00 8.534562294206583113e-21 1.443442344794600637e-21
3.789362384966806552e+00 4.353194543421423730e-21 1.300873161272750471e-21
3.790027384966378143e+00 5.232214870181136606e-21 1.244246133492545393e-21
3.790692384965949735e+00 6.968949805661013542e-21 1.569384708248123590e-21
3.791357384965521327e+00 -7.179917626963599039e-21 1.633146288004069840e-21
3.792022384965092918e+00 -8.288291520730860341e-21 1.327966058641409077e-21
3.792687384964664510e+00 -5.468403020481492846e-21 1.660077150435572638e-21
3.793352384964236101e+00 -4.998327985006387130e-21 1.587932882891173816e-21
3.794017384963807693e+00 -1.693215038166310882e-21 1.464947835816768733e-21
3.794682384963379285e+00 1.623294469144767113e-21 1.594535455067021299e-21
3.795347384962950876e+00 3.606699195720669841e-21 1.257453579953468762e-21
3.796012384962522468e+00 3.993875378854835826e-21 1.473450538390587602e-21
3.796677384962094060e+00 4.385565855925517690e-21 1.657255414452654467e-21
3.797342384961665651e+00 1.308706360385321334e-21 1.639099646972963746e-21
3.798007384961237243e+00 3.541172865329669203e-21 1.539186733360382544e-21
3.798672384960808834e+00 2.733173443948148474e-21 1.603040016462603314e-21
3.799337384960380426e+00 1.106780252393263063e-20 1.677552750339080820e-21
3.800002384959952018e+00 5.365199814682879519e-21 1.781724877517884629e-21
3.800667384959523609e+00 2.807702253046790468e-21 1.526213902440226579e-21
3.801332384959095201e+00 1.382172618070353939e-22 1.474243873819938492e-21
3.801997384958666792e+00 9.589193402924475639e-21 1.248440089836879757e-21
3.802662384958238384e+00 -1.452321886507210337e-21 1.356621467137652730e-21
3.803327384957809976e+00 3.121323618216233888e-21 1.573122333906140805e-21
3.803992384957381567e+00 3.895160511701493081e-21 1.770517154915988646e-21
3.804657384956953159e+00 6.496883120849635968e-21 1.377897021338392558e-21
3.805322384956524751e+00 2.312004104685741125e-21 1.459025860987615554e-21
3.805987384956096342e+00 1.074550691555145779e-21 1.428629249896560428e-21
3.806652384955667934e+00 4.762560391066062939e-21 1.261095407035826046e-21
3.807317384955239525e+00 1.962409291706634796e-21 1.276348524009039950e-21
3.807982384954811117e+00 8.743159957593478890e-21 1.386514294230907823e-21
3.808647384954382709e+00 1.108830037248461430e-20 1.369586223531355156e-21
3.809312384953954300e+00 4.626585664494291271e-21 1.264560675918220112e-21
3.809977384953525892e+00 4.252079788155957460e-21 1.441184457414779278e-21
3.810642384953097483e+00 3.533353179994799917e-21 1.482680704561463235e-21
3.811307384952669075e+00 9.310479751756391994e-21 1.261457497050915248e-21
3.811972384952240667e+00 9.297534869648231643e-21 1.299816777465563520e-21
3.812637384951812258e+00 9.360094745124116245e-21 1.472253763911138624e-21
3.813302384951383850e+00 5.848863845780789419e-21 1.205104522708457612e-21
3.813967384950955442e+00 1.494848713587682538e-21 1.377369549637834725e-21
3.814632384950527033e+00 7.946851526331902224e-21 1.259452742356248336e-21
3.815297384950098625e+00 6.179956260993457512e-21 1.234328650615446224e-21
3.815962384949670216e+00 6.338198444655830045e-22 1.554349623162700398e-21
3.816627384949241808e+00 6.732439311866203037e-22 1.407915725378790528e-21
3.817292384948813400e+00 2.415547656677998121e-21 1.496147376706243067e-21
3.817957384948384991e+00 3.341138128948811110e-21 1.297143466806790925e-21
3.818622384947956583e+00 7.857193673563707909e-21 1.295468930827915736e-21
3.819287384947528174e+00 4.411121992535533628e-21 1.274469031616931170e-21
3.819952384947099766e+00 6.000507558640009964e-21 1.415313605006605647e-21
3.820617384946671358e+00 8.896153408787677528e-21 1.710101771029123168e-21
3.821282384946242949e+00 1.081107375599288413e-20 1.628876862219388816e-21
3.821947384945814541e+00 1.356527888514823921e-20 1.790661639996493420e-21
3.822612384945386133e+00 8.614959438348443445e-21 1.228351056262741448e-21
3.823277384944957724e+00 2.594748449322383746e-21 1.203837829330563851e-21
3.823942384944529316e+00 1.456385208941843256e-21 1.164965145813874741e-21
3.824607384944100907e+00 5.505744126416960578e-21 1.347799329850904669e-21
3.825272384943672499e+00 6.942243038738227331e-21 1.554772450526959015e-21
3.825937384943244091e+00 9.402471605094577317e-21 1.376552632639245413e-21
3.826602384942815682e+00 6.919918881590573053e-21 1.300012744061362184e-21
3.827267384942387274e+00 9.856497709009550688e-22 1.318896052125373762e-21
3.827932384941958865e+00 4.937582846793936092e-21 1.358559712820814210e-21
3.828597384941530457e+00 1.678650214798155527e-20 1.554781774367998363e-21
3.829262384941102049e+00 5.890225922292489167e-21 1.360806709783507241e-21
3.829927384940673640e+00 -6.394010050791804734e-22 1.295052974978850685e-21
3.830592384940245232e+00 5.351127301621080621e-21 1.169257885318105587e-21
3.831257384939816824e+00 6.992391718023432655e-21 1.346088623665476721e-21
3.831922384939388415e+00 3.451166088260340136e-21 1.383018659185285931e-21
3.832587384938960007e+00 -2.515762373726356990e-21 1.360940740802523694e-21
3.833252384938531598e+00 -7.482636136622172275e-21 1.390014975363229114e-21
3.833917384938103190e+00 6.803285845296263830e-22 1.474770715080399211e-21
3.834582384937674782e+00 8.568954860434567748e-21 1.226293175733927814e-21
3.835247384937246373e+00 7.833905796568429176e-21 1.161322681026330358e-21
3.835912384936817965e+00 6.645476622763020362e-21 1.420248640469999128e-21
3.836577384936389556e+00 7.437518194816108965e-21 1.530392672989381328e-21
3.837242384935961148e+00 3.852476530268223960e-22 1.512542756546885083e-21
3.837907384935532740e+00 3.961491832132061874e-21 1.269703802826188845e-21
3.838572384935104331e+00 1.363313493326794249e-21 1.396815266586472643e-21
3.839237384934675923e+00 6.087308953536623775e-21 1.258424167715883193e-21
3.839902384934247515e+00 7.175104558219921137e-21 1.377912519618871209e-21
3.840567384933819106e+00 6.952210764681567603e-22 1.458297030804552279e-21
3.841232384933390698e+00 4.628136939275621301e-21 1.433317072983654455e-21
3.841897384932962289e+00 -2.513987680739724162e-21 1.324818260983915982e-21
3.842562384932533881e+00 2.642365118785585897e-21 1.363531679445598677e-21
3.843227384932105473e+00 8.190943684492418690e-21 1.429997645274664788e-21
3.843892384931677064e+00 9.875699507778564881e-21 1.414183180316402134e-21
3.844557384931248656e+00 5.903758071942942023e-21 1.535399281823830179e-21
3.845222384930820247e+00 4.757048957367027366e-22 1.431694236355912154e-21
3.845887384930391839e+00 1.088373279373366446e-20 1.835292499962651844e-21
3.846552384929963431e+00 8.307791106385717442e-21 1.809547806243748428e-21
3.847217384929535022e+00 6.187861283632837916e-21 1.263925676670718310e-21
3.847882384929106614e+00 5.053752139445483713e-21 1.270009749651459108e-21
3.848547384928678206e+00 8.613649741634570068e-21 1.527293624645821194e-21
3.849212384928249797e+00 7.357961638798870707e-21 1.488528043564161061e-21
3.849877384927821389e+00 1.401952268315157936e-20 1.411427918412019169e-21
3.850542384927392980e+00 5.476612716449189553e-21 1.534973500814375855e-21
3.851207384926964572e+00 1.440176159997196923e-20 1.543582744815369618e-21
3.851872384926536164e+00 1.113068285088357498e-20 1.500249251230737545e-21
3.852537384926107755e+00 4.541687095295065396e-21 1.333488646501743175e-21
3.853202384925679347e+00 4.716435717123311672e-21 1.277355598657394976e-21
3.853867384925250938e+00 6.039673557427054008e-21 1.317058212384463136e-21
3.854532384924822530e+00 1.047215187919793231e-20 1.404839367800334570e-21
3.855197384924394122e+00 5.200967178938312465e-21 1.487172908863607991e-21
3.855862384923965713e+00 6.102966606655944407e-21 1.395726996201209053e-21
3.856527384923537305e+00 1.073191180696175157e-20 1.316413443689759704e-21
3.857192384923108897e+00 4.313116942483232194e-21 1.492363236327884561e-21
3.857857384922680488e+00 9.075721742995701761e-21 1.413944035677944312e-21
3.858522384922252080e+00 1.305263033945660862e-20 1.427838152899867204e-21
3.859187384921823671e+00 6.188501406909384282e-21 1.521320751603833167e-21
3.859852384921395263e+00 -1.677887868294689113e-21 1.317094637555074788e-21
3.860517384920966855e+00 6.062100229590133111e-21 1.456345536314693532e-21
3.861182384920538446e+00 3.071604587747845548e-21 1.279299202859680404e-21
3.861847384920110038e+00 4.543855799257082649e-21 1.591653566933176766e-21
3.862512384919681629e+00 8.898232129210634298e-21 1.499997485997119827e-21
3.863177384919253221e+00 6.101999333869440409e-21 1.575433470866349201e-21
3.863842384918824813e+00 1.301433896872023732e-20 1.997225009842909145e-21
3.864507384918396404e+00 1.364401656594667706e-20 1.260961423552904755e-21
3.865172384917967996e+00 9.897965496980741646e-21 1.236088183175092934e-21
3.865837384917539588e+00 3.387530096614394476e-21 1.438322668706372835e-21
3.866502384917111179e+00 2.206002940905674557e-21 1.303090548421359832e-21
3.867167384916682771e+00 9.684430701383520457e-21 1.391619559805107752e-21
3.867832384916254362e+00 1.339196487848055607e-20 1.544005821611197764e-21
3.868497384915825954e+00 1.415870310436376657e-20 1.509711078189869384e-21
3.869162384915397546e+00 1.464078787381991996e-20 1.411010940219086242e-21
3.869827384914969137e+00 1.353019029539988802e-20 1.627714462485943077e-21
3.870492384914540729e+00 1.116000982012015414e-20 1.395071365086477389e-21
3.871157384914112320e+00 8.291482882124651216e-21 1.339275798642613728e-21
3.871822384913683912e+00 1.301314007955338301e-20 1.381527282435508219e-21
3.872487384913255504e+00 1.047690042908423137e-20 1.437699112827973989e-21
3.873152384912827095e+00 7.536142740867822260e-21 1.366288541958203669e-21
3.873817384912398687e+00 9.561514766444911725e-21 1.310462057995853285e-21
3.874482384911970279e+00 1.039201970853090465e-20 1.258200494335919370e-21
3.875147384911541870e+00 1.204166692798884099e-20 1.396272248983348413e-21
3.875812384911113462e+00 1.657234731628692604e-20 1.486344297601161355e-21
3.876477384910685053e+00 1.166302467786200877e-20 1.260540282796722675e-21
3.877142384910256645e+00 1.037190506663390210e-20 1.637207531775820612e-21
3.877807384909828237e+00 1.227274739850457917e-20 1.523095381641820980e-21
3.878472384909399828e+00 1.558610815943865244e-20 1.560297731227937344e-21
3.879137384908971420e+00 1.640026135245205887e-20 1.529554292436652342e-21
3.879802384908543011e+00 1.414979200690735050e-20 1.209248429260484928e-21
3.880467384908114603e+00 1.113087510945888064e-20 1.481645126827344599e-21
3.881132384907686195e+00 1.089016354265104067e-20 1.433032465007587221e-21
3.881797384907257786e+00 1.430819220368074841e-20 1.393847978696502587e-21
3.882462384906829378e+00 1.184839155635449688e-20 1.317939425930042893e-21
3.883127384906400970e+00 1.091334029157744152e-20 1.423243558869005230e-21
3.883792384905972561e+00 1.148890176487070049e-20 1.590435056165409968e-21
3.884457384905544153e+00 1.319483503108670725e-20 1.426047049072250044e-21
3.885122384905115744e+00 1.576025305977313186e-20 1.284478103806156105e-21
3.885787384904687336e+00 1.556064714442305217e-20 1.575424935646791889e-21
3.886452384904258928e+00 1.741294723419297930e-20 1.661965972102201345e-21
3.887117384903830519e+00 1.600461483968167235e-20 1.291586830585159317e-21
3.887782384903402111e+00 1.198273795703700837e-20 1.499885572004139709e-21
3.888447384902973702e+00 1.964820247634845669e-20 1.427625564741282427e-21
3.889112384902545294e+00 1.870941110587976313e-20 1.613188378026173257e-21
3.889777384902116886e+00 1.058600632366819028e-20 1.260672177554506101e-21
3.890442384901688477e+00 1.330048970112289917e-20 1.516629072769599821e-21
3.891107384901260069e+00 1.592242535886014017e-20 1.563518436395879596e-21
3.891772384900831661e+00 1.133780776303540818e-20 1.691636153558098911e-21
3.892437384900403252e+00 5.036830313446734123e-21 1.419427092361141848e-21
3.893102384899974844e+00 1.570367217923670231e-20 1.488513857240133847e-21
3.893767384899546435e+00 1.405076171388419946e-20 1.332345934520552118e-21
3.894432384899118027e+00 1.841640923124649062e-20 1.408529101418010799e-21
3.895097384898689619e+00 1.800771866326708217e-20 1.260669994733633797e-21
3.895762384898261210e+00 2.075155686114281518e-20 1.398012736334276583e-21
3.896427384897832802e+00 1.106243787747699740e-20 1.455327158730080285e-21
3.897092384897404393e+00 7.678606542643230925e-21 1.634339251175903371e-21
3.897757384896975985e+00 1.087758615015815249e-20 3.300772945547918529e-21
3.898422384896547577e+00 1.918186278402894413e-20 9.324424142281015895e-21
3.899087384896119168e+00 1.480163400753691358e-20 1.300100726443607820e-21
3.899752384895690760e+00 1.353690433948996757e-20 1.551390295647630136e-21
3.900417384895262352e+00 1.554118240197184475e-20 1.716216231901719116e-21
3.901082384894833943e+00 1.424132281250362898e-20 1.795266064116641006e-21
3.901747384894405535e+00 1.143702959114727337e-20 1.731794412070738532e-21
3.902412384893977126e+00 1.646862862894868836e-20 1.563805010112564907e-21
3.903077384893548718e+00 2.344374070538700609e-20 1.577466623691895428e-21
3.903742384893120310e+00 1.649932695853467966e-20 1.459518037441074490e-21
3.904407384892691901e+00 1.925754851829729669e-20 1.699324265011663715e-21
3.905072384892263493e+00 1.371908805086150629e-20 1.685946520132868038e-21
3.905737384891835084e+00 7.326733306369793040e-21 1.630901279619408669e-21
3.906402384891406676e+00 1.170794490556024605e-20 1.401430041104156338e-21
3.907067384890978268e+00 1.711927135229783073e-20 1.506983484660160007e-21
3.907732384890549859e+00 1.699883130361645106e-20 1.803467991822622083e-21
3.908397384890121451e+00 1.398954340891051826e-20 1.394746977619103793e-21
3.909062384889693043e+00 1.167278012427668558e-20 1.479628387602990518e-21
3.909727384889264634e+00 1.748349521909931719e-20 1.486443379338726422e-21
3.910392384888836226e+00 2.290992277168026240e-20 1.508286666412285693e-21
3.911057384888407817e+00 2.043919881204579386e-20 1.506416344069970216e-21
3.911722384887979409e+00 2.578486920203276255e-20 1.310344040681238935e-21
3.912387384887551001e+00 3.293411313415467137e-20 1.648579240025867411e-21
3.913052384887122592e+00 1.766773253329955656e-20 1.619387323467400102e-21
3.913717384886694184e+00 1.798180415493379110e-20 1.333810240569517888e-21
3.914382384886265775e+00 2.328588289589602339e-20 1.382943035600810198e-21
3.915047384885837367e+00 2.437814875938043728e-20 1.451350789155300426e-21
3.915712384885408959e+00 2.991125465201748888e-20 1.578069572226521150e-21
3.916377384884980550e+00 2.280556013742962272e-20 1.564275635036867941e-21
3.917042384884552142e+00 2.808221824519093517e-20 1.413992586671680259e-21
3.917707384884123734e+00 2.626470777771012111e-20 1.778322965424326680e-21
3.918372384883695325e+00 1.999438959259577605e-20 1.413403768179727284e-21
3.919037384883266917e+00 1.367656750687084128e-20 1.408907337834455380e-21
3.919702384882838508e+00 1.662664535403012043e-20 1.414818083809815357e-21
3.920367384882410100e+00 9.900628692267291126e-21 1.392743351023224866e-21
3.921032384881981692e+00 9.728805950869994869e-21 1.569759922180696902e-21
3.921697384881553283e+00 9.495335349652114847e-21 1.407270953438911690e-21
3.922362384881124875e+00 1.662249228573995687e-20 1.227868503913265287e-21
3.923027384880696466e+00 1.965379717924796087e-20 1.454942727227324617e-21
3.923692384880268058e+00 1.551159632711930193e-20 1.342603230666556314e-21
3.924357384879839650e+00 1.360272679787505064e-20 1.323135332370031693e-21
3.925022384879411241e+00 1.643057050750859969e-20 1.458414468395241581e-21
3.925687384878982833e+00 1.833257913793936280e-20 1.188584854322525483e-21
3.926352384878554425e+00 1.793152357463076643e-20 1.338226520110288538e-21
3.927017384878126016e+00 1.650805681704869613e-20 1.317235726016637214e-21
3.927682384877697608e+00 1.101867852301710838e-20 1.626714966741004505e-21
3.928347384877269199e+00 1.493248612437984247e-20 1.456309032819350848e-21
3.929012384876840791e+00 1.113246615444270462e-20 1.566882247307539594e-21
3.929677384876412383e+00 1.470926102633152527e-20 1.857306248717949131e-21
3.930342384875983974e+00 9.785210516550264912e-21 1.423968066977688137e-21
3.931007384875555566e+00 7.983234748368236353e-21 1.263046574917642850e-21
3.931672384875127157e+00 1.038263955791050083e-20 1.358923642241329346e-21
3.932337384874698749e+00 9.253509519579774949e-21 2.050545277209328911e-21
3.933002384874270341e+00 1.312047945941912050e-20 1.773841962156330290e-21
3.933667384873841932e+00 9.187060353945974485e-22 1.718992383334210918e-21
3.934332384873413524e+00 2.806159110664246258e-21 1.693164899668600303e-21
3.934997384872985116e+00 1.393200230341530104e-20 1.191562007125379433e-21
3.935662384872556707e+00 1.335563730767758490e-20 1.447349022753545210e-21
3.936327384872128299e+00 1.357026234617696995e-20 1.712445160092298998e-21
3.936992384871699890e+00 6.209720465198142957e-21 2.611166198596604342e-21
3.937657384871271482e+00 7.370187747576142986e-21 3.340648862859768976e-21
3.938322384870843074e+00 9.173965220139063563e-21 2.668650116085827070e-21
3.938987384870414665e+00 1.030590583687892680e-20 1.326940486657223616e-21
3.939652384869986257e+00 5.843095165993523073e-21 1.250789530636208835e-21
3.940317384869557849e+00 2.694921291967024063e-21 1.428040009442909175e-21
3.940982384869129440e+00 2.712854313524743051e-21 1.296545610285023391e-21
3.941647384868701032e+00 3.279829776225588033e-21 1.264432347435882495e-21
3.942312384868272623e+00 -1.322708347617250171e-21 1.355125926042320829e-21
3.942977384867844215e+00 1.831420249424395531e-21 1.413858208625096893e-21
3.943642384867415807e+00 -4.906200688265430118e-22 1.358177801195199726e-21
3.944307384866987398e+00 2.970873791798919721e-21 1.356121944280736700e-21
3.944972384866558990e+00 6.436281370390602622e-22 1.345539135637382867e-21
3.945637384866130581e+00 -7.987148527185317937e-23 1.389712455733069431e-21
3.946302384865702173e+00 -6.607292225989458795e-22 1.578675634653596004e-21
3.946967384865273765e+00 9.148924461651768002e-21 1.431031619776622345e-21
3.947632384864845356e+00 9.041286671994181540e-21 1.323709417663211883e-21
3.948297384864416948e+00 -6.293416984635952626e-21 1.533991246006790898e-21
3.948962384863988540e+00 4.613481494348574035e-22 1.416489579405131206e-21
3.949627384863560131e+00 2.055923478768179667e-21 1.508211748357261998e-21
3.950292384863131723e+00 1.579756228722939484e-21 1.461724393601136366e-21
3.950957384862703314e+00 1.277379290965402417e-22 1.440205866024903467e-21
3.951622384862274906e+00 8.654299684201791739e-21 1.518580666486780306e-21
3.952287384861846498e+00 3.227358714908743264e-21 1.195610513727589171e-21
3.952952384861418089e+00 1.127093492490981901e-20 1.235764287696053976e-21
3.953617384860989681e+00 -5.362285570327622344e-21 1.547386308610893291e-21
3.954282384860561272e+00 3.016114795482475147e-22 1.466949158456998809e-21
3.954947384860132864e+00 3.336804262187142974e-21 1.571926311836176071e-21
3.955612384859704456e+00 -5.931626089004676145e-23 1.496627184853734078e-21
3.956277384859276047e+00 -2.658196945809720946e-21 1.447189932241884622e-21
3.956942384858847639e+00 -1.533017227509829075e-21 1.229299597223482141e-21
3.957607384858419231e+00 4.097223341145373157e-21 1.370701425058265452e-21
3.958272384857990822e+00 2.674403645286030203e-21 1.361683882291575349e-21
3.958937384857562414e+00 8.174945563497756430e-22 1.484869781287575981e-21
3.959602384857134005e+00 3.176520062887767032e-21 2.003351601461517164e-21
3.960267384856705597e+00 -2.515993373715448165e-21 1.764856220426126249e-21
3.960932384856277189e+00 4.927799652716936521e-21 1.880022775823668446e-21
3.961597384855848780e+00 -2.436781397013063664e-21 1.500191787459479368e-21
3.962262384855420372e+00 4.804900099378943373e-21 1.664296666908796658e-21
3.962927384854991963e+00 7.159713604808820737e-21 1.487381957725132619e-21
3.963592384854563555e+00 2.087589602463233770e-21 1.452753203320067902e-21
3.964257384854135147e+00 9.435380379517787822e-21 1.278064753023484650e-21
3.964922384853706738e+00 1.044224365067157287e-20 1.305196509674656899e-21
3.965587384853278330e+00 3.549615483448727293e-21 1.218041987337528586e-21
3.966252384852849922e+00 4.671654286048437009e-21 1.332307837394503327e-21
3.966917384852421513e+00 2.410687013179057366e-21 1.452696534767756627e-21
3.967582384851993105e+00 -2.598017730153301989e-21 1.274516749023954557e-21
3.968247384851564696e+00 -7.990317687661302091e-21 1.333910048278280191e-21
3.968912384851136288e+00 -7.245407628061743123e-21 1.308933087041860071e-21
3.969577384850707880e+00 9.193742353697074515e-22 1.322119928546980823e-21
3.970242384850279471e+00 1.226847819329042324e-21 1.344359418211419745e-21
3.970907384849851063e+00 3.726439752394419957e-21 1.487540134953805751e-21
3.971572384849422654e+00 2.989778052489732019e-21 1.735180326892684365e-21
3.972237384848994246e+00 3.411397905253422409e-21 1.494894365586554761e-21
3.972902384848565838e+00 -1.817613744269481749e-23 1.566276795751061112e-21
3.973567384848137429e+00 1.069962218582521783e-21 2.305811385432715810e-21
3.974232384847709021e+00 -4.770100582111069544e-22 1.787663134504739972e-21
3.974897384847280613e+00 -1.107630841726073465e-21 5.850623120406691439e-21
3.975562384846852204e+00 -1.955161480915822661e-21 5.723781294189451080e-21
3.976227384846423796e+00 8.394391060350622327e-22 5.659133636919125512e-21
3.976892384845995387e+00 2.647788326185314367e-21 1.461025640626675775e-21
3.977557384845566979e+00 7.469318192292770354e-22 1.346764589747394198e-21
3.978222384845138571e+00 5.709306746091277977e-21 1.393240280626932695e-21
3.978887384844710162e+00 3.843912919820589345e-21 1.259593861284479669e-21
3.979552384844281754e+00 1.034631148394209331e-21 1.331236223561725810e-21
3.980217384843853345e+00 8.899440468526078866e-22 1.547091993426207471e-21
3.980882384843424937e+00 6.424512984466549535e-21 1.410819041676034284e-21
3.981547384842996529e+00 9.342856100157947658e-21 1.401261019457607785e-21
3.982212384842568120e+00 4.087792584627418049e-21 1.380600721074941383e-21
3.982877384842139712e+00 2.356128305107861872e-21 1.284925613987129605e-21
3.983542384841711304e+00 4.009283267580716974e-21 1.231479642293983269e-21
3.984207384841282895e+00 2.992174734458837934e-21 1.213852161445085966e-21
3.984872384840854487e+00 1.732032403250541886e-21 1.273397460377952408e-21
3.985537384840426078e+00 5.342895943972488457e-21 1.566483737649372221e-21
3.986202384839997670e+00 6.490434129005679895e-21 1.324337742531820536e-21
3.986867384839569262e+00 8.332415239798723370e-22 1.407297042950558465e-21
3.987532384839140853e+00 3.092411053193340980e-21 1.354597366014195161e-21
3.988197384838712445e+00 2.701943623898797408e-21 1.220852072779265441e-21
3.988862384838284036e+00 7.964246830397974726e-22 1.145116765991838123e-21
3.989527384837855628e+00 8.593561357393089502e-22 1.351121632472843144e-21
3.990192384837427220e+00 5.896090578590749525e-21 1.403343473682462716e-21
3.990857384836998811e+00 -2.548533167585380726e-22 1.388860500012875969e-21
3.991522384836570403e+00 -1.198863931158195830e-21 2.233156393612016199e-21
3.992187384836141995e+00 -5.988043903968081331e-21 3.348620299200406756e-21
3.992852384835713586e+00 7.001310415643101411e-21 4.250566524622187081e-21
3.993517384835285178e+00 3.449737924917270453e-21 1.999961904514056790e-21
3.994182384834856769e+00 -1.947210604230897942e-21 1.335010627552654515e-21
3.994847384834428361e+00 1.636521185335586688e-21 1.371353967266364266e-21
3.995512384833999953e+00 3.010427454898752871e-21 1.268009329026377714e-21
3.996177384833571544e+00 3.071046948743364003e-21 1.421757011251131417e-21
3.996842384833143136e+00 5.898048951938199856e-21 1.422420241106919189e-21
3.997507384832714727e+00 2.411579788869299841e-21 1.785401897579216055e-21
3.998172384832286319e+00 4.424942079833318380e-21 1.239041650578456852e-21
3.998837384831857911e+00 5.224672808400532056e-21 2.007857142262155003e-21
3.999502384831429502e+00 8.282710460500197401e-22 5.038003314755173533e-21
4.000167384831001094e+00 1.332788117766510064e-20 3.131677729349121511e-21
4.000832384830572686e+00 2.828914952489138743e-20 6.340617989932314280e-21
4.001497384830144277e+00 1.710592418020410155e-20 1.249115641397721168e-20
4.002162384829715869e+00 1.864820082079353224e-21 1.474998910517570534e-21
4.002827384829287460e+00 4.493029863367927744e-21 1.544372814097331748e-21
4.003492384828859052e+00 6.742756533603250938e-21 1.350249178576277080e-21
4.004157384828430644e+00 3.742348810611676153e-21 1.407495432319870749e-21
4.004822384828002235e+00 6.266811278612884131e-21 1.624511750204413910e-21
4.005487384827573827e+00 1.761624739863539196e-21 1.494095349523441495e-21
4.006152384827145418e+00 2.437695715688187443e-21 1.390852516299978156e-21
4.006817384826717010e+00 3.359437194393254501e-21 1.455621185074904947e-21
4.007482384826288602e+00 2.505915114904387095e-22 1.568122453068805586e-21
4.008147384825860193e+00 -2.294458133423497743e-22 1.446091885490982512e-21
4.008812384825431785e+00 1.726087451174381534e-21 1.659790703953406752e-21
4.009477384825003377e+00 1.043978273148214188e-20 1.397636430278427503e-21
4.010142384824574968e+00 -2.081525977841013814e-21 1.245385837262032416e-21
4.010807384824146560e+00 7.386940147024776909e-21 1.434963540192301314e-21
4.011472384823718151e+00 4.484923352071816673e-22 1.449101214720823500e-21
4.012137384823289743e+00 5.538827746728379118e-22 1.159004748155685117e-21
4.012802384822861335e+00 1.769988809441331537e-21 1.519414666230800429e-21
4.013467384822432926e+00 5.127002015483627952e-21 1.569291420497379951e-21
4.014132384822004518e+00 6.608670545064213450e-21 1.369556230502793146e-21
4.014797384821576109e+00 6.340293193601692262e-21 1.357205950878481164e-21
4.015462384821147701e+00 1.415534834464089616e-21 1.447140599683182171e-21
4.016127384820719293e+00 7.546722657945967236e-22 1.372913192063977063e-21
4.016792384820290884e+00 -1.108966509810343397e-21 1.767233897672894380e-21
4.017457384819862476e+00 -5.366079370033550284e-21 1.360123583126942914e-21
4.018122384819434068e+00 -9.642235065198746545e-22 1.514926652310498489e-21
4.018787384819005659e+00 -2.956356250470781014e-21 1.791244096494131600e-21
4.019452384818577251e+00 -1.022416340679569373e-21 1.893116300602450798e-21
4.020117384818148842e+00 9.125027825597874817e-21 1.961012397857231589e-21
4.020782384817720434e+00 1.468311838624503490e-20 2.908374480591027355e-21
4.021447384817292026e+00 8.501460431088277497e-21 2.240073956844461732e-21
4.022112384816863617e+00 3.053204660728380310e-21 2.180488405003535560e-21
4.022777384816435209e+00 1.436232751386182561e-20 2.494591373890757646e-21
4.023442384816006800e+00 9.751466269649905576e-21 2.082730498712735337e-21
4.024107384815578392e+00 6.768645814212215311e-21 2.138042068753279488e-21
4.024772384815149984e+00 1.036258445959666910e-20 2.699580504090939577e-21
4.025437384814721575e+00 1.067092898925057959e-20 2.346885802776264941e-21
4.026102384814293167e+00 4.596630387179728973e-21 2.339907766697106957e-21
4.026767384813864759e+00 -4.334700768203492669e-22 1.823398417135743624e-21
4.027432384813436350e+00 2.528182720101983523e-21 2.074013694198609044e-21
4.028097384813007942e+00 -5.616444801873283654e-22 2.314886941545428402e-21
4.028762384812579533e+00 -2.300003555681255195e-21 1.835436482079899146e-21
4.029427384812151125e+00 -2.863385952298540339e-21 2.503121979972758794e-21
4.030092384811722717e+00 2.414989979866581904e-21 2.297170140170089251e-21
4.030757384811294308e+00 3.028734915942012559e-21 2.779404776823558455e-21
4.031422384810865900e+00 1.485449049692274547e-21 2.413642719364586523e-21
4.032087384810437491e+00 -6.571473401862646572e-22 2.328522365423692671e-21
4.032752384810009083e+00 -4.410957768087998503e-21 2.393769728718792252e-21
4.033417384809580675e+00 -7.954792899245176361e-21 2.226466983138511708e-21
4.034082384809152266e+00 -4.523914052821328107e-22 2.232955438448903819e-21
4.034747384808723858e+00 9.475431584360579049e-22 2.692739005874404874e-21
4.035412384808295450e+00 -2.615749796679516944e-21 2.375060564027514907e-21
4.036077384807867041e+00 1.746139805169972854e-21 2.186444562308586841e-21
4.036742384807438633e+00 -3.984359734774598188e-22 2.837575024448904511e-21
4.037407384807010224e+00 7.515092637578672500e-21 3.895744390555542273e-21
4.038072384806581816e+00 4.438999460366800252e-21 2.734384964177745022e-21
4.038737384806153408e+00 1.968580639236199512e-21 2.727369461664110090e-21
4.039402384805724999e+00 4.765723950747105560e-22 2.391680290004862693e-21
4.040067384805296591e+00 4.164168252032981928e-21 2.428508401531977746e-21
4.040732384804868182e+00 2.684996184315108317e-21 2.308875954639478621e-21
4.041397384804439774e+00 2.770102808403076356e-21 3.104541725112492776e-21
4.042062384804011366e+00 -7.729559062808004319e-22 2.655776195393403228e-21
4.042727384803582957e+00 -7.205756853970279996e-21 2.874635986832165753e-21
4.043392384803154549e+00 2.719919980875297194e-21 2.684574914471267992e-21
4.044057384802726141e+00 -3.483828616763726542e-21 2.931291915493158454e-21
4.044722384802297732e+00 9.926404862500446932e-22 3.535632230462918547e-21
4.045387384801869324e+00 3.104967953172877892e-21 2.285026840131883592e-21
4.046052384801440915e+00 -5.041420221774721383e-21 2.408409335434219307e-21
4.046717384801012507e+00 3.538945866317760796e-21 2.893911627401435620e-21
4.047382384800584099e+00 5.411558053191642407e-21 2.870468858955510059e-21
4.048047384800155690e+00 4.431453523481112651e-21 3.171058304982916044e-21
4.048712384799727282e+00 -6.072281282486385668e-21 3.628630424320581950e-21
4.049377384799298873e+00 -1.220243925275827473e-20 2.791604061436606413e-21
4.050042384798870465e+00 -9.933869958348924024e-21 2.431492972627899378e-21
4.050707384798442057e+00 -2.915283758589466816e-21 2.598877760924849535e-21
4.051372384798013648e+00 -6.369836864071043687e-21 2.400932762780164937e-21
4.052037384797585240e+00 2.511501499223459109e-21 3.011149138014283807e-21
4.052702384797156832e+00 6.679119682298412579e-21 4.416038658359544377e-21
4.053367384796728423e+00 4.748744412422305238e-22 3.059026476105573644e-21
4.054032384796300015e+00 1.509111946452622358e-21 2.502072068713347719e-21
4.054697384795871606e+00 1.440498494122253773e-20 3.932793516918775055e-21
4.055362384795443198e+00 1.003261512401707364e-20 2.852733980100780843e-21
4.056027384795014790e+00 7.004811065178435855e-21 3.616687362247468074e-21
4.056692384794586381e+00 -2.914352713732652235e-21 2.135195969442348596e-21
4.057357384794157973e+00 -1.681948852055083032e-21 2.760482722389796488e-21
4.058022384793729564e+00 1.348834320061275705e-21 3.315982629753153521e-21
4.058687384793301156e+00 6.512396921896223894e-21 3.763421824592780619e-21
4.059352384792872748e+00 4.197502602798615132e-21 3.648408927941142950e-21
4.060017384792444339e+00 8.038764817012125822e-21 5.033166904713807510e-21
4.060682384792015931e+00 2.399235862266090543e-20 4.910826674400605890e-21
4.061347384791587523e+00 8.097980340092156043e-21 3.966803267535703046e-21
4.062012384791159114e+00 1.610448380946851412e-20 4.795587643498420404e-21
4.062677384790730706e+00 2.009589322470356369e-20 4.042851063014128760e-21
4.063342384790302297e+00 1.129853375702429854e-20 4.661696703144837288e-21
4.064007384789873889e+00 7.464159536277501214e-21 4.232819230848336894e-21
4.064672384789445481e+00 -9.752874955214249487e-21 2.706635705326956097e-21
4.065337384789017072e+00 -1.920356911641164974e-21 3.864465131696100772e-21
4.066002384788588664e+00 5.316555801294373101e-21 4.043722022978964116e-21
4.066667384788160255e+00 5.919107368384173757e-21 3.779876593590532875e-21
4.067332384787731847e+00 -3.289583139866220601e-21 1.489363142124144195e-21
4.067997384787303439e+00 -4.467225567479349353e-21 2.751316454405118848e-21
4.068662384786875030e+00 -1.035377632119871631e-22 2.586261162997063616e-21
4.069327384786446622e+00 -1.806042003012407563e-21 1.350786121583960306e-21
4.069992384786018214e+00 0.000000000000000000e+00 0.000000000000000000e+00
4.070657384785589805e+00 0.000000000000000000e+00 0.000000000000000000e+00
4.071322384785161397e+00 0.000000000000000000e+00 0.000000000000000000e+00
4.071987384784732988e+00 0.000000000000000000e+00 0.000000000000000000e+00
4.072652384784304580e+00 0.000000000000000000e+00 0.000000000000000000e+00
4.073317384783876172e+00 0.000000000000000000e+00 0.000000000000000000e+00
4.073982384783447763e+00 0.000000000000000000e+00 0.000000000000000000e+00
4.074647384783019355e+00 0.000000000000000000e+00 0.000000000000000000e+00
4.075312384782590946e+00 0.000000000000000000e+00 0.000000000000000000e+00
4.075977384782162538e+00 0.000000000000000000e+00 0.000000000000000000e+00
4.076642384781734130e+00 0.000000000000000000e+00 0.000000000000000000e+00
4.077307384781305721e+00 0.000000000000000000e+00 0.000000000000000000e+00
4.077972384780877313e+00 0.000000000000000000e+00 0.000000000000000000e+00
4.078637384780448905e+00 0.000000000000000000e+00 0.000000000000000000e+00
4.079302384780020496e+00 0.000000000000000000e+00 0.000000000000000000e+00
4.079967384779592088e+00 0.000000000000000000e+00 0.000000000000000000e+00
4.080632384779163679e+00 0.000000000000000000e+00 0.000000000000000000e+00
4.081297384778735271e+00 0.000000000000000000e+00 0.000000000000000000e+00
4.081962384778306863e+00 0.000000000000000000e+00 0.000000000000000000e+00
4.082627384777878454e+00 0.000000000000000000e+00 0.000000000000000000e+00
4.083292384777450046e+00 0.000000000000000000e+00 0.000000000000000000e+00
4.083957384777021637e+00 0.000000000000000000e+00 0.000000000000000000e+00
4.084622384776593229e+00 0.000000000000000000e+00 0.000000000000000000e+00
4.085287384776164821e+00 0.000000000000000000e+00 0.000000000000000000e+00
4.085952384775736412e+00 0.000000000000000000e+00 0.000000000000000000e+00
4.086617384775308004e+00 0.000000000000000000e+00 0.000000000000000000e+00
4.087282384774879596e+00 0.000000000000000000e+00 0.000000000000000000e+00
4.087947384774451187e+00 0.000000000000000000e+00 0.000000000000000000e+00
4.088612384774022779e+00 0.000000000000000000e+00 0.000000000000000000e+00
4.089277384773594370e+00 0.000000000000000000e+00 0.000000000000000000e+00
4.089942384773165962e+00 0.000000000000000000e+00 0.000000000000000000e+00
4.090607384772737554e+00 0.000000000000000000e+00 0.000000000000000000e+00
4.091272384772309145e+00 0.000000000000000000e+00 0.000000000000000000e+00
4.091937384771880737e+00 0.000000000000000000e+00 0.000000000000000000e+00
4.092602384771452328e+00 0.000000000000000000e+00 0.000000000000000000e+00
4.093267384771023920e+00 0.000000000000000000e+00 0.000000000000000000e+00
4.093932384770595512e+00 0.000000000000000000e+00 0.000000000000000000e+00
4.094597384770167103e+00 0.000000000000000000e+00 0.000000000000000000e+00
4.095262384769738695e+00 0.000000000000000000e+00 0.000000000000000000e+00
4.095927384769310287e+00 0.000000000000000000e+00 0.000000000000000000e+00
4.096592384768881878e+00 0.000000000000000000e+00 0.000000000000000000e+00
4.097257384768453470e+00 0.000000000000000000e+00 0.000000000000000000e+00
4.097922384768025061e+00 0.000000000000000000e+00 0.000000000000000000e+00
4.098587384767596653e+00 0.000000000000000000e+00 0.000000000000000000e+00
4.099252384767168245e+00 0.000000000000000000e+00 0.000000000000000000e+00
4.099917384766739836e+00 0.000000000000000000e+00 0.000000000000000000e+00
4.100582384766311428e+00 0.000000000000000000e+00 0.000000000000000000e+00
4.101247384765883019e+00 0.000000000000000000e+00 0.000000000000000000e+00
4.101912384765454611e+00 0.000000000000000000e+00 0.000000000000000000e+00
4.102577384765026203e+00 0.000000000000000000e+00 0.000000000000000000e+00
4.103242384764597794e+00 0.000000000000000000e+00 0.000000000000000000e+00
4.103907384764169386e+00 0.000000000000000000e+00 0.000000000000000000e+00
4.104572384763740978e+00 0.000000000000000000e+00 0.000000000000000000e+00
4.105237384763312569e+00 0.000000000000000000e+00 0.000000000000000000e+00
4.105902384762884161e+00 0.000000000000000000e+00 0.000000000000000000e+00
4.106567384762455752e+00 0.000000000000000000e+00 0.000000000000000000e+00
4.107232384762027344e+00 0.000000000000000000e+00 0.000000000000000000e+00
4.107897384761598936e+00 0.000000000000000000e+00 0.000000000000000000e+00
4.108562384761170527e+00 0.000000000000000000e+00 0.000000000000000000e+00
4.109227384760742119e+00 0.000000000000000000e+00 0.000000000000000000e+00
4.109892384760313711e+00 0.000000000000000000e+00 0.000000000000000000e+00
4.110557384759885302e+00 0.000000000000000000e+00 0.000000000000000000e+00
4.111222384759456894e+00 0.000000000000000000e+00 0.000000000000000000e+00
4.111887384759028485e+00 0.000000000000000000e+00 0.000000000000000000e+00
4.112552384758600077e+00 0.000000000000000000e+00 0.000000000000000000e+00
4.113217384758171669e+00 0.000000000000000000e+00 0.000000000000000000e+00
4.113882384757743260e+00 0.000000000000000000e+00 0.000000000000000000e+00
4.114547384757314852e+00 0.000000000000000000e+00 0.000000000000000000e+00
4.115212384756886443e+00 0.000000000000000000e+00 0.000000000000000000e+00
4.115877384756458035e+00 0.000000000000000000e+00 0.000000000000000000e+00
4.116542384756029627e+00 0.000000000000000000e+00 0.000000000000000000e+00
4.117207384755601218e+00 0.000000000000000000e+00 0.000000000000000000e+00
4.117872384755172810e+00 0.000000000000000000e+00 0.000000000000000000e+00
4.118537384754744402e+00 0.000000000000000000e+00 0.000000000000000000e+00
4.119202384754315105e+00 0.000000000000000000e+00 0.000000000000000000e+00
4.119867384753886697e+00 0.000000000000000000e+00 0.000000000000000000e+00
4.120532384753458288e+00 0.000000000000000000e+00 0.000000000000000000e+00
4.121197384753029880e+00 0.000000000000000000e+00 0.000000000000000000e+00
4.121862384752601471e+00 0.000000000000000000e+00 0.000000000000000000e+00
4.122527384752173063e+00 0.000000000000000000e+00 0.000000000000000000e+00
4.123192384751744655e+00 0.000000000000000000e+00 0.000000000000000000e+00
4.123857384751316246e+00 0.000000000000000000e+00 0.000000000000000000e+00
4.124522384750887838e+00 0.000000000000000000e+00 0.000000000000000000e+00
4.125187384750459429e+00 0.000000000000000000e+00 0.000000000000000000e+00
4.125852384750031021e+00 0.000000000000000000e+00 0.000000000000000000e+00
4.126517384749602613e+00 0.000000000000000000e+00 0.000000000000000000e+00
4.127182384749174204e+00 0.000000000000000000e+00 0.000000000000000000e+00
4.127847384748745796e+00 4.086690409076145609e-21 5.846835280699763009e-21
4.128512384748317388e+00 3.968648453357320265e-21 4.459529406936003167e-21
4.129177384747888979e+00 6.261808951753521231e-21 3.359866290364709117e-21
4.129842384747460571e+00 1.098216931298410999e-21 3.472251947624977107e-21
4.130507384747032162e+00 -7.378382343174409731e-21 3.734789099670768485e-21
4.131172384746603754e+00 1.549292347404341454e-20 6.079602870396088224e-21
4.131837384746175346e+00 2.146114304916416101e-20 5.998244904338951547e-21
4.132502384745746937e+00 1.137869766172765538e-20 8.146219292185417125e-21
4.133167384745318529e+00 1.192517916555886982e-20 4.249115335266092502e-21
4.133832384744890120e+00 9.858544724123010787e-21 5.005582600102551078e-21
4.134497384744461712e+00 -1.068577672454316179e-20 4.385982534326006044e-21
4.135162384744033304e+00 -1.474025348465210708e-21 6.065570197632443540e-21
4.135827384743604895e+00 1.584094663796973787e-20 5.644403057308246391e-21
4.136492384743176487e+00 4.995219321959501813e-21 5.463962926888724436e-21
4.137157384742748079e+00 3.624567065193191164e-21 3.995029569592844663e-21
4.137822384742319670e+00 4.804905578648869296e-21 4.766699554642283063e-21
4.138487384741891262e+00 -1.168858973220779396e-21 5.195964704587234358e-21
4.139152384741462853e+00 3.997351008070345934e-21 8.639977874592712159e-21
4.139817384741034445e+00 2.441601080121113577e-20 1.029500711425962971e-20
4.140482384740606037e+00 9.271659285281528741e-21 6.598671839613990174e-21
4.141147384740177628e+00 1.257364309340480973e-21 4.013953102972304233e-21
4.141812384739749220e+00 -8.413648189140313726e-21 5.026237104496550809e-21
4.142477384739320811e+00 -4.155556068629850127e-21 4.767132572886598717e-21
4.143142384738892403e+00 9.368153667214805754e-21 6.160237452418991403e-21
4.143807384738463995e+00 -3.087957060721714628e-21 4.547397359109776072e-21
4.144472384738035586e+00 1.607952565575456834e-20 6.150891017765234479e-21
4.145137384737607178e+00 1.938476841639635161e-20 5.534333908301506597e-21
4.145802384737178770e+00 9.518109453227474953e-21 4.676860562381515979e-21
4.146467384736750361e+00 1.571109704437075338e-20 5.306347069871056212e-21
4.147132384736321953e+00 2.321970323099341687e-21 4.847810465314535161e-21
4.147797384735893544e+00 -7.184151675955229423e-21 5.293181773276751223e-21
4.148462384735465136e+00 1.052022563363959387e-20 4.870576423010346886e-21
4.149127384735036728e+00 2.862414204210956644e-20 8.357581336106022767e-21
4.149792384734608319e+00 6.368161851694895789e-21 4.848944192993532863e-21
4.150457384734179911e+00 2.179372429974889888e-20 5.486956715142415865e-21
4.151122384733751502e+00 1.369478878635414153e-20 5.020168095203036540e-21
4.151787384733323094e+00 -1.326896449603965582e-20 4.783880365677013421e-21
4.152452384732894686e+00 2.170483728503982772e-21 6.043186414240397533e-21
4.153117384732466277e+00 1.265181623731499923e-20 5.592666773759058601e-21
4.153782384732037869e+00 8.931111497098585276e-21 4.921586355911979381e-21
4.154447384731609461e+00 7.872941984037375673e-21 4.580259545988345348e-21
4.155112384731181052e+00 3.748465411704061348e-21 4.956931539363085528e-21
4.155777384730752644e+00 6.762959040577571195e-22 3.450241765672169335e-21
4.156442384730324235e+00 1.702707628128546116e-20 5.030263796761339729e-21
4.157107384729895827e+00 2.102827177385322501e-20 5.857501377495978930e-21
4.157772384729467419e+00 8.435338994067726154e-21 6.011303757716568604e-21
4.158437384729039010e+00 7.196106471589554362e-21 4.762578382933251892e-21
4.159102384728610602e+00 -4.781409684594986764e-21 3.874149750464799206e-21
4.159767384728182193e+00 2.205483543865174882e-21 5.405079637663832982e-21
4.160432384727753785e+00 1.777053064421979499e-20 5.571326252743793281e-21
4.161097384727325377e+00 2.905535685157898981e-20 6.407200873023667647e-21
4.161762384726896968e+00 1.878441083665185033e-22 4.052964498291648479e-21
4.162427384726468560e+00 8.752209140843092251e-21 4.488256213989686138e-21
4.163092384726040152e+00 -6.835791570466621637e-21 2.759743828292273715e-21
4.163757384725611743e+00 2.566146936702048648e-21 3.135045082432892073e-21
4.164422384725183335e+00 6.891201731801917381e-21 3.468146197463931686e-21
4.165087384724754926e+00 -1.428585843186854710e-21 3.285846829516138176e-21
4.165752384724326518e+00 7.912555338972819121e-21 3.756049006177035502e-21
4.166417384723898110e+00 -1.290955416078187815e-21 2.730875281223086296e-21
4.167082384723469701e+00 7.097696294188261900e-21 3.125637306255152011e-21
4.167747384723041293e+00 1.183813190864131052e-20 2.966070204257425692e-21
4.168412384722612885e+00 7.061494876530623014e-21 2.685862833293823781e-21
4.169077384722184476e+00 6.729864360352518487e-21 2.692174345514462418e-21
4.169742384721756068e+00 2.589813920934719288e-21 2.814459286058472409e-21
4.170407384721327659e+00 6.299166262583462527e-22 3.996454030476889554e-21
4.171072384720899251e+00 5.086155310119815047e-21 2.791650800778449580e-21
4.171737384720470843e+00 7.770492442078327685e-21 2.717316009681683339e-21
4.172402384720042434e+00 6.083731599941209108e-21 2.812318448681664736e-21
4.173067384719614026e+00 1.517545222911427371e-21 2.542472228904883764e-21
4.173732384719185617e+00 1.622526387442077372e-20 3.577313190684786995e-21
4.174397384718757209e+00 1.923256482503840328e-20 3.810175494945027678e-21
4.175062384718328801e+00 4.766929037000072914e-21 2.517167859058261102e-21
4.175727384717900392e+00 8.085830637252900461e-21 2.502442357103343865e-21
4.176392384717471984e+00 2.048885278873727695e-21 2.396283433847329251e-21
4.177057384717043576e+00 2.615478920621299493e-21 2.511109104377199493e-21
4.177722384716615167e+00 4.846467023888173605e-21 2.740214630865686846e-21
4.178387384716186759e+00 3.212911289441752565e-21 2.161737007230534450e-21
4.179052384715758350e+00 6.972050755924448232e-21 2.604780973810009221e-21
4.179717384715329942e+00 5.426636500106908202e-21 2.432686831218146660e-21
4.180382384714901534e+00 2.048726798819152403e-21 2.272418144000322856e-21
4.181047384714473125e+00 6.227254940667204916e-21 2.310602962563868931e-21
4.181712384714044717e+00 6.747748656803421427e-21 2.293616491708261839e-21
4.182377384713616308e+00 7.804243530313662538e-21 2.343010776505265488e-21
4.183042384713187900e+00 1.018462694032535228e-20 2.356807581302776293e-21
4.183707384712759492e+00 -3.181454429950867773e-21 2.431165400602096999e-21
4.184372384712331083e+00 -8.510662215330390104e-23 2.214345274060254988e-21
4.185037384711902675e+00 -1.454463030699554579e-21 2.344076916900663321e-21
4.185702384711474267e+00 -3.352364169082227802e-21 2.142498390856745765e-21
4.186367384711045858e+00 2.904843240292172324e-21 1.853900986483438975e-21
4.187032384710617450e+00 7.782308797389922785e-21 1.848517216964867261e-21
4.187697384710189041e+00 7.061014243187884289e-21 1.643293702192635650e-21
4.188362384709760633e+00 2.362123153646352478e-21 1.571581371889906920e-21
4.189027384709332225e+00 9.561019284995688194e-21 1.651563347935224207e-21
4.189692384708903816e+00 7.917450551405566349e-21 1.684228199782709062e-21
4.190357384708475408e+00 2.816400725013646637e-21 1.679455910173782037e-21
4.191022384708046999e+00 -4.659092675312099642e-21 1.771650478380341680e-21
4.191687384707618591e+00 3.367175404794582345e-21 1.877658162068890826e-21
4.192352384707190183e+00 5.737644177126186702e-21 1.997807394079869094e-21
4.193017384706761774e+00 8.136762226886557316e-22 1.715659168476841617e-21
4.193682384706333366e+00 2.368497733371979601e-21 1.870148678454953936e-21
4.194347384705904958e+00 -2.759804406843384091e-22 1.523525781953880065e-21
4.195012384705476549e+00 2.420523123132590944e-21 1.615482093136916261e-21
4.195677384705048141e+00 7.549202745733096704e-21 1.407120692514759203e-21
4.196342384704619732e+00 6.227642429369323963e-21 1.677641483207532295e-21
4.197007384704191324e+00 4.170547162891413774e-21 1.575582162163710712e-21
4.197672384703762916e+00 -5.632632866050627799e-22 1.453742980253743309e-21
4.198337384703334507e+00 4.891029662339125037e-21 1.734942467627641350e-21
4.199002384702906099e+00 3.769941906273701945e-21 2.030876045224343666e-21
4.199667384702477690e+00 4.777893741470465617e-21 1.705981811338668651e-21
4.200332384702049282e+00 8.913779393630647289e-21 1.794747116762657034e-21
4.200997384701620874e+00 5.632632450586885498e-21 1.868757576109636117e-21
4.201662384701192465e+00 1.684428729010310533e-21 1.735069104725862112e-21
4.202327384700764057e+00 9.999909574816953992e-21 1.598437771145668898e-21
4.202992384700335649e+00 1.000867841959541594e-20 1.948996042165565863e-21
4.203657384699907240e+00 7.801070217842366584e-21 1.580274374140875516e-21
4.204322384699478832e+00 -1.420606903758545269e-21 1.594522466423363478e-21
4.204987384699050423e+00 -3.551172712533206292e-21 1.785730437695939691e-21
4.205652384698622015e+00 3.013709175828866990e-21 1.646186307631836130e-21
4.206317384698193607e+00 -2.021923014280592648e-21 1.608801928600334535e-21
4.206982384697765198e+00 -3.504126917280986218e-21 1.855236457756953469e-21
4.207647384697336790e+00 2.537481076666492287e-21 1.924669423019573042e-21
4.208312384696908381e+00 5.458778246455728092e-22 1.804077971209175868e-21
4.208977384696479973e+00 -9.941756152434822734e-21 1.751717139314851259e-21
4.209642384696051565e+00 1.514713457608962986e-21 1.913157962256866963e-21
4.210307384695623156e+00 8.895679205092732185e-21 1.711552669470793942e-21
4.210972384695194748e+00 -9.735826502689123127e-22 1.592566988346529778e-21
4.211637384694766340e+00 -7.441839498274826851e-21 1.859717773666730139e-21
4.212302384694337931e+00 -3.296524659254393351e-22 1.882270495812439995e-21
4.212967384693909523e+00 -2.640994978794225306e-21 1.806588173079920174e-21
4.213632384693481114e+00 4.445998329250964460e-21 1.883372082891364214e-21
4.214297384693052706e+00 8.053615339389235092e-21 1.959585526639724975e-21
4.214962384692624298e+00 5.914744424604528599e-21 1.960740318914639095e-21
4.215627384692195889e+00 3.241995137457733545e-21 2.026918217387814434e-21
4.216292384691767481e+00 8.304657620867114234e-21 2.071394186367613574e-21
4.216957384691339072e+00 -9.853118458292459394e-21 1.950636663795948956e-21
4.217622384690910664e+00 4.945650081588691449e-21 1.994304767327488113e-21
4.218287384690482256e+00 7.537155573454857121e-21 1.960850933643541699e-21
4.218952384690053847e+00 2.096918454196727869e-21 2.090119361141365471e-21
4.219617384689625439e+00 5.860034686043074769e-21 1.851887441089229130e-21
4.220282384689197031e+00 9.090738555147855588e-21 1.682172493809710469e-21
4.220947384688768622e+00 7.534847149992346401e-21 1.692712687403828486e-21
4.221612384688340214e+00 1.077082628166463910e-20 1.943851920125159396e-21
4.222277384687911805e+00 7.775742846162482469e-21 2.093867752217987228e-21
4.222942384687483397e+00 5.409873000005891248e-21 2.053633157037672260e-21
4.223607384687054989e+00 7.409076870362813838e-21 2.077991741137863109e-21
4.224272384686626580e+00 3.521653061257708173e-21 2.073542508411423107e-21
4.224937384686198172e+00 5.310674258325649753e-21 1.798344995106425266e-21
4.225602384685769763e+00 1.435177984709282638e-20 1.876637827485529434e-21
4.226267384685341355e+00 7.862188148065656507e-21 1.966036233919497350e-21
4.226932384684912947e+00 5.349886140647657252e-21 2.053877762027901950e-21
4.227597384684484538e+00 1.133783555134639254e-20 1.716477692677266712e-21
4.228262384684056130e+00 -1.626944840113605319e-21 1.935877319129714586e-21
4.228927384683627722e+00 -1.259671454793100886e-21 2.157491416779494056e-21
4.229592384683199313e+00 1.853531638419211970e-21 1.614660713974032293e-21
4.230257384682770905e+00 5.151191827245237767e-21 1.918518631594719590e-21
4.230922384682342496e+00 4.315172606273064936e-21 1.944592846785505528e-21
4.231587384681914088e+00 4.616424438068943306e-21 2.144562100046629072e-21
4.232252384681485680e+00 1.097510833422838289e-20 1.992507638848934736e-21
4.232917384681057271e+00 1.116817514570789796e-20 2.092624569049984732e-21
4.233582384680628863e+00 2.211101795744943368e-21 4.558694532427032055e-21
4.234247384680200454e+00 -1.385065512373840497e-20 3.406058197377261722e-21
4.234912384679772046e+00 -1.004024947572062972e-21 2.028921296545210793e-21
4.235577384679343638e+00 -1.141277277665536340e-20 1.970320769548165026e-21
4.236242384678915229e+00 3.550716383694348350e-21 4.221180110986599202e-21
4.236907384678486821e+00 1.434020023768240994e-20 1.990567146268735674e-21
4.237572384678058413e+00 7.287265081389135178e-21 2.201248982606195586e-21
4.238237384677630004e+00 6.788367131849284356e-21 2.385826856650679126e-21
4.238902384677201596e+00 -2.018947655784682325e-21 1.953678464798574125e-21
4.239567384676773187e+00 2.770173140794284980e-21 1.872998518966499598e-21
4.240232384676344779e+00 2.988811083690234601e-21 2.078295801976720056e-21
4.240897384675916371e+00 7.022582340317443925e-21 2.140041011205049395e-21
4.241562384675487962e+00 3.730317209686941488e-21 2.022753780749524050e-21
4.242227384675059554e+00 4.305212936112584681e-21 1.978101490165917505e-21
4.242892384674631145e+00 1.188138000018068664e-21 1.767388542126050903e-21
4.243557384674202737e+00 1.026572582701556692e-21 1.858701203581699257e-21
4.244222384673774329e+00 4.783236428280179130e-21 2.074754462166518913e-21
4.244887384673345920e+00 1.069743427654479549e-20 1.772419093583847608e-21
4.245552384672917512e+00 6.475610845817328171e-21 1.791364692635175742e-21
4.246217384672489104e+00 -2.915215069097151704e-21 1.813239802103956438e-21
4.246882384672060695e+00 -2.937871502687655570e-21 2.575783836563622693e-21
4.247547384671632287e+00 8.958235647749799798e-21 2.804067614749903624e-21
4.248212384671203878e+00 1.732904834744911530e-20 2.173158872062697647e-21
4.248877384670775470e+00 6.138520934083423726e-21 1.968123620882144850e-21
4.249542384670347062e+00 6.501293208025241574e-21 1.859928168300722073e-21
4.250207384669918653e+00 2.289032810318930511e-21 2.117808310716711651e-21
4.250872384669490245e+00 -3.283996173761184421e-21 2.121597945672858099e-21
4.251537384669061836e+00 -3.610983780106823126e-22 1.889981480023142709e-21
4.252202384668633428e+00 -2.797765867760052452e-21 2.060989100414652297e-21
4.252867384668205020e+00 3.285802616698528266e-22 2.133655626318087990e-21
4.253532384667776611e+00 2.331821311269075355e-21 2.033559354438238780e-21
4.254197384667348203e+00 7.179222900694921032e-21 1.935373718081597017e-21
4.254862384666919795e+00 4.495405238702954096e-21 4.521186628165673603e-21
4.255527384666491386e+00 4.035565818979523774e-21 3.226718698040787409e-21
4.256192384666062978e+00 -1.449312159326246083e-21 4.567197487839117620e-21
4.256857384665634569e+00 -1.814897366583614585e-23 5.607539654489103743e-21
4.257522384665206161e+00 1.851861933596121982e-22 6.785700019763196716e-21
4.258187384664777753e+00 1.816774991846726017e-21 4.085753066152908979e-21
4.258852384664349344e+00 1.627906527640786769e-21 1.950789395530101996e-21
4.259517384663920936e+00 1.396086212708769929e-21 1.613254852253730489e-21
4.260182384663492527e+00 9.611379354309193047e-22 1.768778348074759965e-21
4.260847384663064119e+00 4.154933790127275357e-22 1.811517722400333575e-21
4.261512384662635711e+00 -2.124913914978911379e-21 1.983738754392769890e-21
4.262177384662207302e+00 8.348415870795628157e-21 2.115515598261878488e-21
4.262842384661778894e+00 9.913216701004207228e-21 1.847387724560643226e-21
4.263507384661350486e+00 7.839579893536278782e-21 1.664155567492075263e-21
4.264172384660922077e+00 2.506427475111333922e-21 2.039411836559804233e-21
4.264837384660493669e+00 1.951008501765618346e-22 2.043672203350459639e-21
4.265502384660065260e+00 2.530857646288137094e-21 1.787897010676933010e-21
4.266167384659636852e+00 -2.035240689676335466e-22 2.072148204110806050e-21
4.266832384659208444e+00 1.196420784949333568e-21 2.013022223105464239e-21
4.267497384658780035e+00 2.328918925629616361e-21 2.098059666836409178e-21
4.268162384658351627e+00 1.765776813853457661e-21 1.616522013748487303e-21
4.268827384657923218e+00 2.005488712982721656e-21 1.600092802995929800e-21
4.269492384657494810e+00 7.742029124395325763e-21 3.066725641762196609e-21
4.270157384657066402e+00 1.689741660421795547e-20 4.439354089936398390e-21
4.270822384656637993e+00 1.071671516969022772e-20 3.599169262391539472e-21
4.271487384656209585e+00 1.364762816215699702e-20 3.218345416374849296e-21
4.272152384655781177e+00 1.281777389055733950e-20 2.259675741594029279e-21
4.272817384655352768e+00 1.492270125485547791e-20 1.932901977268739406e-21
4.273482384654924360e+00 8.940307379696831339e-21 1.787052111636915179e-21
4.274147384654495951e+00 1.749065737780121039e-21 2.100524884160957035e-21
4.274812384654067543e+00 8.114952078472559785e-21 1.986503798277185425e-21
4.275477384653639135e+00 -1.309350352048502504e-21 2.109040588465147445e-21
4.276142384653210726e+00 2.841204011985726627e-21 1.879464529372966568e-21
4.276807384652782318e+00 5.043995107055893882e-21 1.899880663527156611e-21
4.277472384652353909e+00 -1.459120095758514119e-21 1.696744838488357706e-21
4.278137384651925501e+00 -1.082976771594507639e-21 1.623022662298602882e-21
4.278802384651497093e+00 1.102473235099046239e-20 1.801830040165213343e-21
4.279467384651068684e+00 5.056195071532687086e-21 1.996353441242220072e-21
4.280132384650640276e+00 7.645560510722114266e-22 2.198141203994768842e-21
4.280797384650211868e+00 9.289055569860581246e-21 2.036257145357281198e-21
4.281462384649783459e+00 1.006315225724442710e-20 1.995257372006218781e-21
4.282127384649355051e+00 1.060057747947111095e-20 2.251927593087482925e-21
4.282792384648926642e+00 4.909321695167872594e-21 2.238935524607229980e-21
4.283457384648498234e+00 4.806896310873092758e-21 1.883602993028372542e-21
4.284122384648069826e+00 6.501756416325921033e-24 1.893588296290681863e-21
4.284787384647641417e+00 -4.424425719118400207e-22 1.945218127785424362e-21
4.285452384647213009e+00 1.926471747974332459e-21 1.982988170065079851e-21
4.286117384646784600e+00 8.963817940707542062e-21 1.723000061403119863e-21
4.286782384646356192e+00 1.432507254861467703e-20 1.900155996457022708e-21
4.287447384645927784e+00 1.221936377700817941e-20 1.890696188907845377e-21
4.288112384645499375e+00 4.240711623516738477e-21 1.945414687303702652e-21
4.288777384645070967e+00 4.621414187886070402e-21 1.934278060799432266e-21
4.289442384644642559e+00 3.964665281894047296e-21 1.949077095949363036e-21
4.290107384644214150e+00 -6.474836210588792394e-21 2.776862421677084155e-21
4.290772384643785742e+00 7.478594065277400971e-21 1.993535481993329035e-21
4.291437384643357333e+00 -8.914045202906587606e-23 1.541651294748325646e-21
4.292102384642928925e+00 2.268722915565702761e-21 2.097829697440975257e-21
4.292767384642500517e+00 1.135471848819830132e-20 2.062582690293758150e-21
4.293432384642072108e+00 -1.616288455568125776e-22 2.064276921154008104e-21
4.294097384641643700e+00 -1.612398582805803245e-22 1.740057792016393711e-21
4.294762384641215291e+00 -4.027827163171137188e-21 2.030103825824854286e-21
4.295427384640786883e+00 -2.217128442774271161e-21 1.807525728892976983e-21
4.296092384640358475e+00 1.052426138887612443e-20 1.835595601169818408e-21
4.296757384639930066e+00 1.027839538322070197e-20 1.965213526432622802e-21
4.297422384639501658e+00 1.598721814110982723e-20 2.228190627560582117e-21
4.298087384639073250e+00 4.768548283899053572e-21 2.058750506654279463e-21
4.298752384638644841e+00 -3.158889681399720556e-21 2.129730538019554121e-21
4.299417384638216433e+00 3.708400024836987395e-21 2.181405774200533207e-21
4.300082384637788024e+00 -5.986883643285824716e-21 1.843936638933309453e-21
4.300747384637359616e+00 -1.142917866409589030e-21 2.151224037176691879e-21
4.301412384636931208e+00 1.023310736994997731e-20 2.131065681080492682e-21
4.302077384636502799e+00 7.798776266098979295e-21 2.233351392897419785e-21
4.302742384636074391e+00 -3.914399416435645990e-21 2.080551800210072214e-21
4.303407384635645982e+00 -1.559744004188450134e-21 2.058732264625469213e-21
4.304072384635217574e+00 -1.558753981946813427e-21 1.979676141515182859e-21
4.304737384634789166e+00 7.630280687655736271e-21 2.047360759756299402e-21
4.305402384634360757e+00 -9.540790710572577078e-22 1.787835785139405534e-21
4.306067384633932349e+00 4.202736233071560926e-21 1.992175263127051063e-21
4.306732384633503941e+00 -1.436915258857750241e-22 1.903473239963667136e-21
4.307397384633075532e+00 -2.076079302435438777e-21 1.952704635350551082e-21
4.308062384632647124e+00 1.330544402824818122e-21 1.841414611812397874e-21
4.308727384632218715e+00 5.633000532735235891e-21 2.205556816720446025e-21
4.309392384631790307e+00 1.215977623634808460e-20 1.903906857845841027e-21
4.310057384631361899e+00 -4.980440556470151799e-21 1.731265367372909817e-21
4.310722384630933490e+00 -1.267850987560722143e-20 1.754266150566334674e-21
4.311387384630505082e+00 5.372454746101772024e-22 2.123768994293259680e-21
4.312052384630076673e+00 8.494117783606491169e-21 1.852707904960720570e-21
4.312717384629648265e+00 8.732717010091200949e-21 1.876288859606099097e-21
4.313382384629219857e+00 4.446265916285706356e-21 2.231949426503991866e-21
4.314047384628791448e+00 1.548131514618250123e-20 2.457476384570603539e-21
4.314712384628363040e+00 2.279251403044702196e-21 2.053433695709009874e-21
4.315377384627934632e+00 -9.180991949080867568e-21 2.026142334744140881e-21
4.316042384627506223e+00 -4.679861653484871348e-21 2.043222410345794965e-21
4.316707384627077815e+00 2.331038804241224728e-21 1.843681278166966985e-21
4.317372384626649406e+00 9.387377870598757668e-21 2.001051440599131349e-21
4.318037384626220998e+00 -4.608229974991442417e-21 1.885128535177351716e-21
4.318702384625792590e+00 4.145253755017973821e-21 2.239364757887250604e-21
4.319367384625364181e+00 5.968841687447365579e-21 2.117931144962541755e-21
4.320032384624935773e+00 1.088341030607736410e-21 1.804756855162791841e-21
4.320697384624507364e+00 5.118846735579741492e-21 2.164258216598727574e-21
4.321362384624078956e+00 1.632029654643100124e-20 3.457623659857629095e-21
4.322027384623650548e+00 5.557798160807405358e-21 1.890744397441170136e-21
4.322692384623222139e+00 -6.097131429957192755e-22 2.092809616314756832e-21
4.323357384622793731e+00 1.065376197688869630e-21 1.621722998738529899e-21
4.324022384622365323e+00 4.227126902108971153e-21 2.042076208692334960e-21
4.324687384621936914e+00 3.829278580296762754e-21 1.878202064040120437e-21
4.325352384621508506e+00 2.939665953664347877e-21 1.938185304182725320e-21
4.326017384621080097e+00 3.795544137116288437e-21 2.174494239960453478e-21
4.326682384620651689e+00 -2.477323419822244284e-21 2.787232719844031194e-21
4.327347384620223281e+00 9.592167435197397813e-21 1.682223276106705832e-21
4.328012384619794872e+00 7.560569525776296166e-21 1.434645273362014470e-21
4.328677384619366464e+00 8.750119938187860669e-21 1.743452506361539169e-21
4.329342384618938055e+00 -4.896881818835088357e-21 1.922644418104811190e-21
4.330007384618509647e+00 4.529009544986864740e-21 1.714037555897744778e-21
4.330672384618081239e+00 4.590251098155742689e-21 1.705806579476103601e-21
4.331337384617652830e+00 1.807868977755503444e-21 1.776936762135990546e-21
4.332002384617224422e+00 7.141883096005025530e-22 1.823017991024484285e-21
4.332667384616796014e+00 9.736026608523870411e-21 2.065408152374428705e-21
4.333332384616367605e+00 6.515113936075301858e-21 1.876617760221855644e-21
4.333997384615939197e+00 2.685539424259309990e-21 2.097601161526494974e-21
4.334662384615510788e+00 -1.970894004694375258e-21 2.146227098659219695e-21
4.335327384615082380e+00 1.092099485326324345e-21 1.996041273367246543e-21
4.335992384614653972e+00 5.017087580246425913e-21 1.818830498883303365e-21
4.336657384614225563e+00 5.717588308696356626e-21 1.782057378985021585e-21
4.337322384613797155e+00 7.052489748085413182e-21 2.148916120173735603e-21
4.337987384613368746e+00 1.133738967325189001e-20 2.153267736688243220e-21
4.338652384612940338e+00 8.631145976643623520e-21 2.042379648961380621e-21
4.339317384612511930e+00 1.708399045877061348e-20 2.066173025255043997e-21
4.339982384612083521e+00 1.710620099682661838e-20 1.654180261356045173e-21
4.340647384611655113e+00 3.007418971279937655e-21 1.958090588523324485e-21
4.341312384611226705e+00 -5.521752075973679857e-21 1.741790200348727401e-21
4.341977384610798296e+00 -3.753633229400655752e-21 2.014504941346775574e-21
4.342642384610369888e+00 9.273718168254086018e-22 2.152426514056995740e-21
4.343307384609941479e+00 1.011581674681062587e-20 1.925280296053929737e-21
4.343972384609513071e+00 4.469282545084243572e-21 1.782888971923286303e-21
4.344637384609084663e+00 5.299789912959241828e-24 2.156841156208809115e-21
4.345302384608656254e+00 5.310594127379674527e-21 2.001014675156595554e-21
4.345967384608227846e+00 6.824390860905734453e-21 2.140476398065007726e-21
4.346632384607799438e+00 1.053385818466574616e-20 2.001832197191758013e-21
4.347297384607371029e+00 2.825665300356317694e-21 1.907170304440911023e-21
4.347962384606942621e+00 8.555871263209325003e-22 1.868086423912945284e-21
4.348627384606514212e+00 -9.992055109271169347e-22 2.019691756249282037e-21
4.349292384606085804e+00 -2.008288657817701060e-21 1.707758203063744139e-21
4.349957384605657396e+00 -1.958747712394556383e-21 1.875965911744112852e-21
4.350622384605228987e+00 -7.991543424141450451e-23 2.052686704827453716e-21
4.351287384604800579e+00 -5.207857537797783859e-21 1.925651530628533405e-21
4.351952384604372170e+00 5.045735797597074294e-21 1.948985087415033091e-21
4.352617384603943762e+00 1.168950388876612011e-20 1.945663832081386516e-21
4.353282384603515354e+00 7.769492495200546853e-21 1.763146500216230644e-21
4.353947384603086945e+00 2.340576007650061749e-21 1.880498390402953005e-21
4.354612384602658537e+00 7.877550335016374450e-21 1.840838342912126046e-21
4.355277384602230129e+00 8.762954860606202953e-21 2.584327522362043546e-21
4.355942384601801720e+00 1.164846384525121729e-20 1.967315300183960536e-21
4.356607384601373312e+00 -1.042224992675824632e-21 1.852590137908366198e-21
4.357272384600944903e+00 1.420168272880373792e-21 2.007226185045207618e-21
4.357937384600516495e+00 3.848053044877092801e-21 2.106231344266192337e-21
4.358602384600088087e+00 4.844689507844750370e-21 1.653862415723089242e-21
4.359267384599659678e+00 2.746778931132548572e-21 1.712064641256495119e-21
4.359932384599231270e+00 6.051301500084765669e-21 1.638302462772258564e-21
4.360597384598802861e+00 1.097093233052603822e-20 1.996791184095547811e-21
4.361262384598374453e+00 6.893167877288590449e-21 1.531604064584532324e-21
4.361927384597946045e+00 -4.057414158582975055e-22 1.845147140575749927e-21
4.362592384597517636e+00 3.935054531161893891e-21 1.711371246733763341e-21
4.363257384597089228e+00 4.813920647830802926e-21 1.948878852247389324e-21
4.363922384596660820e+00 2.222551952887831101e-21 2.029402736705144462e-21
4.364587384596232411e+00 6.194289996750493854e-21 1.823773806175117829e-21
4.365252384595804003e+00 1.238925220877321147e-20 2.170282708300333874e-21
4.365917384595375594e+00 2.404209067891840211e-21 1.851609838327777281e-21
4.366582384594947186e+00 5.474257936953133501e-21 1.800085860053790874e-21
4.367247384594518778e+00 3.351860230896211828e-21 1.829145029521100729e-21
4.367912384594090369e+00 4.866672011320737260e-21 1.983564516777208507e-21
4.368577384593661961e+00 7.968183924112817049e-21 2.094637622932300776e-21
4.369242384593233552e+00 5.706957097758515677e-21 1.908624378868511139e-21
4.369907384592805144e+00 2.446057238601527007e-21 1.426439877901093972e-21
4.370572384592376736e+00 5.530316243709624095e-21 1.781355448627187041e-21
4.371237384591948327e+00 7.961538682678691187e-21 1.792261723411234523e-21
4.371902384591519919e+00 1.444770390461297189e-20 2.348466598625587396e-21
4.372567384591091511e+00 1.013208201351645020e-20 1.681833152932680456e-21
4.373232384590663102e+00 1.456299974222193413e-20 1.552668116238127117e-21
4.373897384590234694e+00 2.198247469027429842e-21 1.905381422513428088e-21
4.374562384589806285e+00 1.168864052565392179e-20 2.080121686749752416e-21
4.375227384589377877e+00 9.384769218313392261e-21 1.527451149531466081e-21
4.375892384588949469e+00 -3.476530415703046560e-21 1.863714193130092138e-21
4.376557384588521060e+00 -4.461729921199706875e-21 1.969239825056099878e-21
4.377222384588092652e+00 4.633927817848899956e-21 2.228769706714051550e-21
4.377887384587664243e+00 1.432288046745525870e-21 1.860466069416202862e-21
4.378552384587235835e+00 -7.775837155221506595e-22 1.645879086092698402e-21
4.379217384586807427e+00 1.101977179625674691e-20 2.557040194340041013e-21
4.379882384586379018e+00 1.322248072480712611e-20 2.526090784575216720e-21
4.380547384585950610e+00 8.664596297943755566e-21 2.213963837124535315e-21
4.381212384585522202e+00 1.106732166942384595e-20 1.844293347258514802e-21
4.381877384585093793e+00 2.181398919581229827e-21 2.225683103449583158e-21
4.382542384584665385e+00 1.007350604858280366e-21 2.195490379883560722e-21
4.383207384584236976e+00 3.124153240556434814e-21 2.020895638160766721e-21
4.383872384583808568e+00 3.321560098999022553e-21 1.786931026126007806e-21
4.384537384583380160e+00 4.954355445558451220e-21 1.685332785470121546e-21
4.385202384582951751e+00 2.939861252440047532e-21 1.944686857806812455e-21
4.385867384582523343e+00 6.701301097246979364e-21 2.084915491079232602e-21
4.386532384582094934e+00 -2.078168172677740145e-21 2.367075052308788621e-21
4.387197384581666526e+00 8.509897878281526924e-21 2.392167850627225906e-21
4.387862384581238118e+00 1.222157315614601635e-20 2.539703679311024268e-21
4.388527384580809709e+00 1.328796103342160384e-20 2.924042503909940315e-21
4.389192384580381301e+00 6.261802872163038165e-21 1.765646321031189745e-21
4.389857384579952893e+00 4.176115534718897964e-21 2.490867372056661478e-21
4.390522384579524484e+00 6.059542149618221202e-21 1.860158490629100145e-21
4.391187384579096076e+00 5.678659356698656602e-21 1.998163097032064141e-21
4.391852384578667667e+00 1.116651586502846748e-20 1.857035668729318124e-21
4.392517384578239259e+00 -3.347338115933549218e-21 2.000226561981901323e-21
4.393182384577810851e+00 5.549806503779586762e-23 2.456296820845126074e-21
4.393847384577382442e+00 1.535361493556535268e-20 1.932778564413302494e-21
4.394512384576954034e+00 1.553504867235163649e-20 1.861606615390410821e-21
4.395177384576525625e+00 -5.667248044253049346e-22 2.091770397695524170e-21
4.395842384576097217e+00 -6.536664261391352554e-21 2.085370554358946564e-21
4.396507384575668809e+00 3.497473941974665669e-21 2.203156938331613418e-21
4.397172384575240400e+00 1.100444996581738451e-20 1.936264241999212831e-21
4.397837384574811992e+00 6.180349110632255291e-21 1.795225108697691713e-21
4.398502384574383584e+00 -3.504538860493191630e-21 1.916707185886562001e-21
4.399167384573955175e+00 -7.208275201199552209e-21 1.899604500217166112e-21
4.399832384573526767e+00 -3.449379720537146436e-22 1.837326326141043172e-21
4.400497384573098358e+00 -1.079639242075497193e-21 1.842620500052165183e-21
4.401162384572669950e+00 1.228849071721313437e-20 1.864573934612704890e-21
4.401827384572241542e+00 5.688938187953306774e-21 1.905624117179961954e-21
4.402492384571813133e+00 2.128182999793609811e-21 1.926506193136966853e-21
4.403157384571384725e+00 1.006606159466208088e-20 2.099165959644676170e-21
4.403822384570956316e+00 8.063729445197490566e-21 2.166759570966610976e-21
4.404487384570527908e+00 8.928257360060093438e-21 2.271800624797645892e-21
4.405152384570099500e+00 9.300473988746519246e-21 1.958086559668240571e-21
4.405817384569671091e+00 1.045388158034310315e-20 1.926784218572472951e-21
4.406482384569242683e+00 1.463432322978067800e-21 2.026310089604377876e-21
4.407147384568814275e+00 -6.928015340189737948e-22 2.126731148738707135e-21
4.407812384568385866e+00 5.584129540567396857e-21 2.180455709410476420e-21
4.408477384567957458e+00 1.595620193894887560e-21 1.855014894429066975e-21
4.409142384567529049e+00 5.994147799341475649e-22 2.066690706072022776e-21
4.409807384567100641e+00 2.262723401484820884e-21 1.985556756516003099e-21
4.410472384566672233e+00 9.419219501224768519e-21 2.229623582152168379e-21
4.411137384566243824e+00 1.623841575151479843e-20 2.426096149478871473e-21
4.411802384565815416e+00 8.667115157928862114e-21 2.111590782477405900e-21
4.412467384565387007e+00 4.233303741713308332e-21 2.005651386253380400e-21
4.413132384564958599e+00 3.703262986997081697e-22 2.236095965436953713e-21
4.413797384564530191e+00 8.085900165617005842e-21 1.902597472950418896e-21
4.414462384564101782e+00 1.295517259961210145e-20 2.342172588409729934e-21
4.415127384563673374e+00 1.172657530971549610e-20 1.772777337182172370e-21
4.415792384563244966e+00 5.861496811753124500e-21 1.935616926243005851e-21
4.416457384562816557e+00 1.647988098100856493e-20 2.218179737667670786e-21
4.417122384562388149e+00 1.238650397367044050e-20 1.971647686969136498e-21
4.417787384561959740e+00 1.670885246229704069e-20 2.108962415369529909e-21
4.418452384561531332e+00 8.621798160207997854e-21 2.223296184233515210e-21
4.419117384561102924e+00 4.130302017961790961e-21 2.090939764513976919e-21
4.419782384560674515e+00 1.527961313284475409e-20 2.099198453729688272e-21
4.420447384560246107e+00 1.424548384599466821e-20 2.026019284591997932e-21
4.421112384559817698e+00 7.083996400603725459e-21 2.011399318187329668e-21
4.421777384559389290e+00 5.371926750167555473e-22 2.058473953545612858e-21
4.422442384558960882e+00 7.245355030850182953e-21 2.020133567351190266e-21
4.423107384558532473e+00 -4.389581573313908234e-21 2.042879978411766056e-21
4.423772384558104065e+00 -2.204338402912950835e-21 1.694056825808484915e-21
4.424437384557675657e+00 1.032178718199045409e-20 2.265763984916219271e-21
4.425102384557247248e+00 3.305059144479031693e-21 2.010012751834013311e-21
4.425767384556818840e+00 -3.629610849331059610e-22 1.819382170950745403e-21
4.426432384556390431e+00 8.740571250301685745e-21 2.118805935940007485e-21
4.427097384555962023e+00 -1.836386798695716496e-21 1.895678706260765817e-21
4.427762384555533615e+00 2.300819750297197929e-21 1.858766088287352835e-21
4.428427384555105206e+00 1.473843615772003923e-20 1.998587683687666617e-21
4.429092384554676798e+00 6.252926726314162199e-21 2.233293831869623858e-21
4.429757384554248389e+00 8.752642554665811059e-21 1.780320669349440724e-21
4.430422384553819981e+00 -1.760649800188822028e-21 2.022713354002830554e-21
4.431087384553391573e+00 1.784548852055551824e-21 2.147333837036099354e-21
4.431752384552963164e+00 8.250012184339888572e-21 2.022285244148213800e-21
4.432417384552534756e+00 5.773334585086100330e-21 2.210824895074642140e-21
4.433082384552106348e+00 2.081817870783781159e-20 2.021973196497081860e-21
4.433747384551677939e+00 2.391906072578752870e-20 1.992984108634307043e-21
4.434412384551249531e+00 1.629393711493638691e-20 2.204850610469361397e-21
4.435077384550821122e+00 -2.763844204504636779e-21 2.256472894416823585e-21
4.435742384550392714e+00 -2.594323071544795174e-21 3.018448381776719541e-21
4.436407384549964306e+00 1.001452799085774899e-20 3.309936472258437368e-21
4.437072384549535897e+00 -1.364653376707770629e-21 2.378050345918041725e-21
4.437737384549107489e+00 3.113146388800267470e-21 2.304410996043725540e-21
4.438402384548679080e+00 -1.768538102014264582e-21 1.974516151431658217e-21
4.439067384548250672e+00 1.146959218293294751e-20 2.036716470904982266e-21
4.439732384547822264e+00 1.413043482983975026e-20 1.887069095637629129e-21
4.440397384547393855e+00 3.647329652186424243e-21 2.029100793886393116e-21
4.441062384546965447e+00 6.098045393115295000e-21 1.986059511891056255e-21
4.441727384546537039e+00 6.595535127049899207e-21 1.764544954020835724e-21
4.442392384546108630e+00 4.008967515591340681e-22 2.097661075976618312e-21
4.443057384545680222e+00 -1.262760945935004544e-20 2.044569730840200040e-21
4.443722384545251813e+00 9.888085536311672935e-21 6.398401482011966740e-21
4.444387384544823405e+00 -5.036092164607427880e-21 2.012165456760036561e-20
4.445052384544394997e+00 9.094696886545553123e-22 2.194005813423640699e-21
4.445717384543966588e+00 6.781100566868172626e-21 2.249120659747423913e-21
4.446382384543538180e+00 2.839879244901044011e-21 2.221667961487689742e-21
4.447047384543109771e+00 2.563707147608722134e-20 5.947233419500605003e-21
4.447712384542681363e+00 1.217598340999378467e-20 2.433787161449799532e-21
4.448377384542252955e+00 4.132861652932776433e-21 2.103509521445772731e-21
4.449042384541824546e+00 -3.141102550931309756e-21 2.311549339591540676e-21
4.449707384541396138e+00 -6.739884902115162989e-21 3.858033469594835980e-21
4.450372384540967730e+00 -5.950688769351191652e-21 3.093331719712197931e-21
4.451037384540539321e+00 -1.143983285117821425e-21 2.717766695805128060e-21
4.451702384540110913e+00 3.843539074102851086e-21 2.780915973063226758e-21
4.452367384539682504e+00 4.246725297055395607e-21 2.596069841655333985e-21
4.453032384539254096e+00 3.454089334238702560e-21 2.207500488790368749e-21
4.453697384538825688e+00 1.834598743114025616e-21 2.230090479354187906e-21
4.454362384538397279e+00 1.309705454858954727e-20 1.933971269697523752e-21
4.455027384537968871e+00 1.495027942671072345e-20 2.436877191261882362e-21
4.455692384537540462e+00 9.834937728333747039e-21 1.968168640256412290e-21
4.456357384537112054e+00 6.899979953933066397e-21 1.861972883314167205e-21
4.457022384536683646e+00 1.256588925668835922e-20 2.141548945387495950e-21
4.457687384536255237e+00 1.121009708549503041e-20 2.089449423953082617e-21
4.458352384535826829e+00 5.059775191730889732e-21 1.952538122217120348e-21
4.459017384535398421e+00 6.493185522801054621e-21 2.505049637277559955e-21
4.459682384534970012e+00 1.591239074223599687e-20 2.012189367702593885e-21
4.460347384534541604e+00 8.448996720183489939e-21 2.173214456210614928e-21
4.461012384534113195e+00 2.725947478660470174e-21 1.834089023409243208e-21
4.461677384533684787e+00 4.377297227770807615e-21 1.984343383639132488e-21
4.462342384533256379e+00 -2.959747630463463572e-21 2.064136523647302492e-21
4.463007384532827970e+00 7.455073553737974375e-21 2.139264017211078387e-21
4.463672384532399562e+00 2.308735462135951996e-21 1.979240957691987488e-21
4.464337384531971153e+00 5.417785503914245473e-21 1.911277851021231446e-21
4.465002384531542745e+00 3.688243324838721345e-21 2.056154951709442699e-21
4.465667384531114337e+00 3.357140334856344012e-21 1.951564635527792537e-21
4.466332384530685928e+00 3.961908402740773758e-21 2.182282132664283538e-21
4.466997384530257520e+00 3.863797998124140939e-21 2.209323837243390403e-21
4.467662384529829112e+00 4.596830326399525547e-21 2.224419677727082243e-21
4.468327384529400703e+00 5.547883162914466336e-21 2.114847814177555282e-21
4.468992384528972295e+00 9.640294030144586442e-21 1.922900763116334432e-21
4.469657384528543886e+00 3.405210030326797772e-21 1.833647453922519145e-21
4.470322384528115478e+00 5.503727259338615844e-22 2.203055209464953751e-21
4.470987384527687070e+00 2.970262796830863906e-21 2.036960392464604957e-21
4.471652384527258661e+00 -1.228834236348877457e-21 2.002677909253404884e-21
4.472317384526830253e+00 1.401611482614023187e-21 1.960445469762927114e-21
4.472982384526401844e+00 2.550476120927533060e-21 4.238148185379884523e-21
4.473647384525973436e+00 7.761466080523519275e-21 2.224483102964495119e-21
4.474312384525545028e+00 2.820517079740186991e-21 4.094269053659262745e-21
4.474977384525116619e+00 -1.204348153966174567e-21 1.932514923736324754e-21
4.475642384524688211e+00 3.849471008404483012e-21 2.336951539105377210e-21
4.476307384524259803e+00 4.522396759577772058e-21 2.219332776240865268e-21
4.476972384523831394e+00 1.111213426479133208e-20 2.454199253453064349e-21
4.477637384523402986e+00 -1.019376088933178486e-21 2.381668160148072158e-21
4.478302384522974577e+00 3.415250161883490265e-22 2.350005375766927012e-21
4.478967384522546169e+00 5.279246815379627464e-21 2.442866625234265932e-21
4.479632384522117761e+00 -8.294278026975394483e-22 2.124815769092239421e-21
4.480297384521689352e+00 -6.039383001000274915e-21 2.239107403416341346e-21
4.480962384521260944e+00 5.389277670791353151e-22 2.627049525302065376e-21
4.481627384520832535e+00 1.647055870241220368e-22 2.536908683471099032e-21
4.482292384520404127e+00 2.358474251244847295e-21 4.853104164121937944e-21
4.482957384519975719e+00 1.058016347760065928e-20 2.139832854154447919e-21
4.483622384519547310e+00 3.279438707283662521e-22 2.435072218992462361e-21
4.484287384519118902e+00 8.549727045331457628e-21 2.150601363242349070e-21
4.484952384518690494e+00 -5.149327144877763720e-21 2.729043073331545183e-21
4.485617384518262085e+00 2.137516106646066523e-21 2.336870978337244452e-21
4.486282384517833677e+00 -2.073697607279712848e-23 2.148313217255787526e-21
4.486947384517405268e+00 7.233618748645944540e-21 2.426072814830101016e-21
4.487612384516976860e+00 2.686007067072322622e-21 1.858366120519241272e-21
4.488277384516548452e+00 5.482528179379341810e-22 2.167832979490563607e-21
4.488942384516120043e+00 3.223441534879489259e-21 2.350980445898993522e-21
4.489607384515691635e+00 1.389465280309821828e-20 2.236580326411953956e-21
4.490272384515263226e+00 -3.006960678840130307e-21 1.922931538007111424e-21
4.490937384514834818e+00 1.297233643646095659e-21 2.135836978738951141e-21
4.491602384514406410e+00 6.121200692755966530e-21 2.126243712797126320e-21
4.492267384513978001e+00 6.170755357640142970e-21 2.157602397797083435e-21
4.492932384513549593e+00 3.757132333250947814e-21 2.040839697692372577e-21
4.493597384513121185e+00 7.933117300309387713e-21 2.102376836664229713e-21
4.494262384512692776e+00 4.924357613584591668e-21 2.197422564561748979e-21
4.494927384512264368e+00 2.760665010248980434e-21 2.370887640265136124e-21
4.495592384511835959e+00 -4.069926572712019229e-21 2.556649304596873074e-21
4.496257384511407551e+00 1.541137484055940288e-21 2.069648181530793964e-21
4.496922384510979143e+00 1.542149839359700299e-20 2.017078533835639718e-21
4.497587384510550734e+00 1.264052749119485956e-20 2.593553295640156414e-21
4.498252384510122326e+00 7.213552406881391492e-21 2.903805751668217967e-21
4.498917384509693917e+00 -7.292345336128323415e-21 2.369706431481713043e-21
4.499582384509265509e+00 -3.395887621399623699e-21 1.975717559357657019e-21
4.500247384508837101e+00 5.222991934732815138e-21 1.836990756563619319e-21
4.500912384508408692e+00 -4.575681526598398900e-21 2.152792917167847618e-21
4.501577384507980284e+00 2.271014443760957815e-21 2.617521786562276400e-21
4.502242384507551876e+00 2.377509110139108499e-21 2.258452604380451830e-21
4.502907384507123467e+00 9.088829161707264317e-21 2.548336823379976644e-21
4.503572384506695059e+00 9.491068728391175288e-21 2.746247729112134045e-21
4.504237384506266650e+00 5.057269142489019107e-21 2.552841750807605424e-21
4.504902384505838242e+00 6.289019846525022592e-21 2.098812885991921538e-21
4.505567384505409834e+00 6.592841461619732956e-21 2.077431272340066626e-21
4.506232384504981425e+00 -8.963573860278041390e-22 1.902879215061699705e-21
4.506897384504553017e+00 5.891378841116771871e-21 2.318208113078369340e-21
4.507562384504124608e+00 1.369478515836717218e-20 2.055183110521360675e-21
4.508227384503696200e+00 8.930411027009005053e-21 1.867427932941641568e-21
4.508892384503267792e+00 7.066903091928156080e-21 2.621656882021098194e-21
4.509557384502839383e+00 -7.864397767483949856e-22 2.256567229015266913e-21
4.510222384502410975e+00 7.438668286477376809e-21 2.101377622295084787e-21
4.510887384501982567e+00 5.415711382081746009e-21 2.124019431755101151e-21
4.511552384501554158e+00 -1.055575478117828877e-21 2.069570406694913793e-21
4.512217384501125750e+00 -4.497218304047582875e-21 1.937145641895068677e-21
4.512882384500697341e+00 -1.013666236992273309e-21 2.094633735877128613e-21
4.513547384500268933e+00 3.602124257606776100e-21 1.928836567256315243e-21
4.514212384499840525e+00 1.096134743323244739e-20 2.223411929079055159e-21
4.514877384499412116e+00 6.777984278101835008e-21 2.114093399525702537e-21
4.515542384498983708e+00 6.507168093259886146e-21 2.652983908508657177e-21
4.516207384498555300e+00 1.648652296653435924e-20 2.034203029667290263e-21
4.516872384498126891e+00 1.018460721681606934e-20 2.334888981796129021e-21
4.517537384497698483e+00 4.934236119977454093e-21 2.183275981175923117e-21
4.518202384497270074e+00 -3.165221734169010802e-22 2.028427805689140875e-21
4.518867384496841666e+00 7.113267266735160332e-22 1.827103880342509385e-21
4.519532384496413258e+00 7.943956713915687791e-21 1.893899223254168250e-21
4.520197384495984849e+00 -7.407085737535792972e-22 2.392794527914427197e-21
4.520862384495556441e+00 1.608697363327599721e-20 1.812101030901405020e-21
4.521527384495128032e+00 6.123896056162869773e-21 2.015900706099026328e-21
4.522192384494699624e+00 1.117761453449603951e-20 1.977884680435306299e-21
4.522857384494271216e+00 3.723792783092601760e-21 2.085188711412681150e-21
4.523522384493842807e+00 1.097700361637243551e-20 1.895231764321644464e-21
4.524187384493414399e+00 1.045927344594944395e-20 2.284180903970437857e-21
4.524852384492985991e+00 4.861110914636575859e-21 2.440959573687274835e-21
4.525517384492557582e+00 4.910895971981652253e-21 2.050103837076987276e-21
4.526182384492129174e+00 1.219930852253913303e-21 1.829748362666683804e-21
4.526847384491700765e+00 -4.664878583795554204e-22 1.904211380963225396e-21
4.527512384491272357e+00 6.575756588908318378e-21 2.430671229573827228e-21
4.528177384490843949e+00 -1.998452456521373856e-21 1.959372132666572533e-21
4.528842384490415540e+00 3.775570211510812343e-21 2.138785870639964983e-21
4.529507384489987132e+00 4.345443275596692385e-22 1.921715495845814626e-21
4.530172384489558723e+00 3.531948513521033349e-21 2.017869031138893947e-21
4.530837384489130315e+00 3.839840446257178238e-21 2.099202182483659537e-21
4.531502384488701907e+00 3.720879280191256273e-21 2.063201776884226830e-21
4.532167384488273498e+00 3.390062439971601095e-21 2.094843631455248189e-21
4.532832384487845090e+00 -2.501151565154481595e-21 2.254885628151606135e-21
4.533497384487416682e+00 -6.530991576239207214e-21 2.412678291869790188e-21
4.534162384486988273e+00 -4.748092479128437140e-21 2.221712256974967853e-21
4.534827384486559865e+00 -3.376668499155349040e-21 1.936546118896624437e-21
4.535492384486131456e+00 1.606822977433249057e-21 1.867411726542463390e-21
4.536157384485703048e+00 5.800180705217718574e-21 1.737981867891440584e-21
4.536822384485274640e+00 6.387531058187973602e-21 2.279720460472783847e-21
4.537487384484846231e+00 7.800232671486099391e-21 2.592512540455323284e-21
4.538152384484417823e+00 1.657448937242918075e-20 2.449828989183700830e-21
4.538817384483989414e+00 5.839675796828681580e-22 1.882306897188790730e-21
4.539482384483561006e+00 8.888037261896910676e-21 2.206289420218754431e-21
4.540147384483132598e+00 5.685625997542724721e-21 1.949522003573598926e-21
4.540812384482704189e+00 -3.401485011213021753e-21 1.937058353606461735e-21
4.541477384482275781e+00 3.356849506458208879e-21 2.467282325053581903e-21
4.542142384481847373e+00 8.752627769775958965e-21 3.365204303517860551e-21
4.542807384481418964e+00 8.612745948511780325e-21 2.908032341336532531e-21
4.543472384480990556e+00 3.365767342069083708e-21 9.857420962020953991e-21
4.544137384480562147e+00 3.521606842294232519e-21 3.136429681890523272e-21
4.544802384480133739e+00 1.076167756022633007e-20 2.285119458003539089e-21
4.545467384479705331e+00 1.082270031142775227e-20 1.960883871457734476e-21
4.546132384479276922e+00 8.528193728044820013e-21 1.906110739857644907e-21
4.546797384478848514e+00 1.272351287050975539e-20 2.028515854818033085e-21
4.547462384478420105e+00 1.460109942044577635e-20 1.821187293724724166e-21
4.548127384477991697e+00 3.509943409218505404e-22 2.062530123390298342e-21
4.548792384477563289e+00 7.204789812255601881e-21 1.914435376420683034e-21
4.549457384477134880e+00 2.649428386652428732e-21 1.977175576903537911e-21
4.550122384476706472e+00 5.906296786418349474e-21 2.194005079735899700e-21
4.550787384476278064e+00 1.234631611011341701e-20 1.985258547257433857e-21
4.551452384475849655e+00 1.212636921992686012e-20 2.493321665952381817e-21
4.552117384475421247e+00 9.749672008877909380e-21 2.160851197200587546e-21
4.552782384474992838e+00 -4.149964308307100576e-21 1.912521906964425767e-21
4.553447384474564430e+00 7.669287234706625868e-21 2.012429958124067183e-21
4.554112384474136022e+00 1.385274488438643564e-20 1.812746716031149215e-21
4.554777384473707613e+00 1.603569409345714027e-20 1.931856861284965553e-21
4.555442384473279205e+00 1.562756352451746951e-20 2.195039805548668056e-21
4.556107384472850796e+00 9.427097394199948083e-21 1.999266813386673551e-21
4.556772384472422388e+00 1.347494086432953365e-20 2.037490676425861184e-21
4.557437384471993980e+00 3.480186367909589866e-21 2.106762478115667952e-21
4.558102384471565571e+00 4.322832860444275116e-22 2.397112614086852166e-21
4.558767384471137163e+00 7.046744169487867767e-21 2.186741364667067889e-21
4.559432384470708755e+00 4.158775010262748403e-21 2.041712904476636180e-21
4.560097384470280346e+00 -8.366284026692902199e-21 2.229084658637641445e-21
4.560762384469851938e+00 1.306939926996296340e-21 2.122503820016477731e-21
4.561427384469423529e+00 6.891745912356929589e-21 2.292341292294534418e-21
4.562092384468995121e+00 2.003259549623057542e-21 2.177826050254065154e-21
4.562757384468566713e+00 -4.917870525541893484e-21 1.974795943983977946e-21
4.563422384468138304e+00 -1.654473722683856853e-21 2.032039933194396122e-21
4.564087384467709896e+00 1.247266307938582709e-21 1.942265635035646292e-21
4.564752384467281487e+00 2.707327659502435883e-21 2.157327338704519633e-21
4.565417384466853079e+00 5.940712858945636471e-21 2.391512261145527232e-21
4.566082384466424671e+00 3.857035003800696361e-21 2.072466086514350364e-21
4.566747384465996262e+00 -4.885739566008912467e-23 2.093895093339714460e-21
4.567412384465567854e+00 9.690109183454428743e-21 2.344933707518798016e-21
4.568077384465139446e+00 1.630312687836517988e-20 2.415073455586430085e-21
4.568742384464711037e+00 1.229006443678016339e-21 2.820061418876546856e-21
4.569407384464282629e+00 -3.712932260366135709e-21 2.484102955255745016e-21
4.570072384463854220e+00 -1.033735705595239277e-21 2.023277045777916926e-21
4.570737384463425812e+00 -4.485766256010547584e-21 2.074138254905839507e-21
4.571402384462997404e+00 5.988166407800245839e-21 2.351156072139671403e-21
4.572067384462568995e+00 1.125990480051390732e-20 2.034366880441195225e-21
4.572732384462140587e+00 2.717850560066740812e-21 1.980989544888421766e-21
4.573397384461712178e+00 8.327757472737229683e-21 1.966918998141792866e-21
4.574062384461283770e+00 1.323979239258356035e-20 1.993134607570700096e-21
4.574727384460855362e+00 3.067152417317405644e-21 2.300266311530597097e-21
4.575392384460426953e+00 5.957841623501319306e-21 2.404375985129059161e-21
4.576057384459998545e+00 1.623942871608069362e-22 2.041673148483525461e-21
4.576722384459570137e+00 3.089931800060018661e-21 2.708045206058382658e-21
4.577387384459141728e+00 1.422000500601689807e-20 2.611894642002515104e-21
4.578052384458713320e+00 9.967375942409687521e-21 1.908273955692833179e-21
4.578717384458284911e+00 2.577816291078675014e-21 2.102013526620215156e-21
4.579382384457856503e+00 2.073355457721388791e-21 2.716361816221977024e-21
4.580047384457428095e+00 4.186988226654257670e-21 3.805853463044709803e-21
4.580712384456999686e+00 2.200456878640596543e-21 2.391789555462497924e-21
4.581377384456571278e+00 7.410508991043998902e-22 2.032773838436767613e-21
4.582042384456142869e+00 -5.238187476180723612e-21 1.914369949041038020e-21
4.582707384455714461e+00 6.571620451103609052e-21 2.230769584607120424e-21
4.583372384455286053e+00 1.011142574351168810e-20 2.363638423021118498e-21
4.584037384454857644e+00 7.210458998300739431e-21 2.116373324821756394e-21
4.584702384454429236e+00 7.537358341292847807e-21 1.940592246637056679e-21
4.585367384454000828e+00 2.293114206075143272e-22 2.145213099205918160e-21
4.586032384453572419e+00 3.704193389498430487e-21 1.899702897677535028e-21
4.586697384453144011e+00 3.475310176303054676e-21 2.127419558320777483e-21
4.587362384452715602e+00 1.439387079425485230e-21 2.188467514510961011e-21
4.588027384452287194e+00 -2.421821143276827497e-21 2.061586518025190644e-21
4.588692384451858786e+00 7.000344353525467692e-21 1.965347648716042077e-21
4.589357384451430377e+00 1.287997832236064256e-20 2.716344690419696161e-21
4.590022384451001969e+00 3.408936880618427189e-21 2.163980041830646379e-21
4.590687384450573560e+00 -3.100531342516673548e-21 2.524363808879199672e-21
4.591352384450145152e+00 -6.898596447051038936e-21 2.279590401112147665e-21
4.592017384449716744e+00 6.328874757426900075e-21 2.414887132282017020e-21
4.592682384449288335e+00 5.344305192438632038e-21 2.022710963330638066e-21
4.593347384448859927e+00 1.053777628960377119e-20 1.958506131275364051e-21
4.594012384448431519e+00 8.680922138345619498e-21 1.809051042720949179e-21
4.594677384448003110e+00 3.712566670302029330e-21 1.816395960053537677e-21
4.595342384447574702e+00 7.295044917716027679e-21 2.195111429173760892e-21
4.596007384447146293e+00 4.793474119393911860e-21 1.856070471550635168e-21
4.596672384446717885e+00 -2.978425097339897558e-21 1.973386103244890598e-21
4.597337384446289477e+00 -7.470638481460463560e-23 2.463328739017791431e-21
4.598002384445861068e+00 4.355624120662983397e-21 2.403948765953359609e-21
4.598667384445432660e+00 7.432234447891477948e-21 2.303257748704655016e-21
4.599332384445004251e+00 5.989560419699940908e-21 2.103757655746541979e-21
4.599997384444575843e+00 1.531258827114583485e-20 2.181695814582333428e-21
4.600662384444147435e+00 1.315257499283649162e-20 1.945411740872688244e-21
4.601327384443719026e+00 6.370171807922127787e-21 1.633180808249858378e-21
4.601992384443290618e+00 2.056699702033994746e-21 2.255415543553989427e-21
4.602657384442862210e+00 6.203647674166315216e-21 2.489702964049558800e-21
4.603322384442433801e+00 8.918874325244952408e-21 2.186348764550367938e-21
4.603987384442005393e+00 9.054781051857682720e-21 2.306171800328470473e-21
4.604652384441576984e+00 -2.955338874341176404e-22 2.039107349671012440e-21
4.605317384441148576e+00 -8.933494504362445634e-21 2.157795194513274829e-21
4.605982384440720168e+00 -1.481483777738404552e-21 1.919455129216079821e-21
4.606647384440291759e+00 1.006042199351094549e-20 2.232951064854150748e-21
4.607312384439863351e+00 -1.405554432500417670e-21 2.168614447726181916e-21
4.607977384439434942e+00 2.717771478448690082e-22 2.474846317698082218e-21
4.608642384439006534e+00 -7.322022549895418264e-21 2.619920229230697948e-21
4.609307384438578126e+00 -8.249009057339777030e-21 1.981371674900170849e-21
4.609972384438149717e+00 1.089298485060420036e-21 2.189259398135170971e-21
4.610637384437721309e+00 3.367133172788890687e-21 2.541660774746342981e-21
4.611302384437292901e+00 -2.114455453454765692e-23 2.730957968158172325e-21
4.611967384436864492e+00 3.155724487081104367e-21 2.146153307481151270e-21
4.612632384436436084e+00 1.165896115461658354e-20 2.071936112074366864e-21
4.613297384436007675e+00 5.398280755949082120e-21 2.435189564822962563e-21
4.613962384435579267e+00 6.033983319312808121e-21 2.007032204329407436e-21
4.614627384435150859e+00 -5.374893795970835345e-21 2.125905923744270219e-21
4.615292384434722450e+00 1.752900599307517666e-20 2.823677069744026530e-21
4.615957384434294042e+00 1.929700221347847001e-20 2.604029748046031950e-21
4.616622384433865633e+00 1.097840519361068641e-20 2.079270554968211106e-21
4.617287384433437225e+00 8.736637503746445355e-21 2.098779303575193894e-21
4.617952384433008817e+00 -2.105633801031543958e-21 2.200809622808896373e-21
4.618617384432580408e+00 3.292876058829477041e-21 2.320843668118499465e-21
4.619282384432152000e+00 1.128785387345345997e-20 2.320798498323579486e-21
4.619947384431723592e+00 1.046561555256432305e-20 2.347715045088164274e-21
4.620612384431295183e+00 1.385317121857875557e-20 2.360470669111879565e-21
4.621277384430866775e+00 1.095551604497494018e-20 1.778148574004541230e-21
4.621942384430438366e+00 6.523512996098801773e-21 2.442444632270444650e-21
4.622607384430009958e+00 -3.340796131512711699e-21 2.396569133297104419e-21
4.623272384429581550e+00 5.935432945943952578e-21 2.395351608414147192e-21
4.623937384429153141e+00 3.918835421881608711e-21 2.275497060405766009e-21
4.624602384428724733e+00 6.560418634418967591e-21 2.200185107505535411e-21
4.625267384428296324e+00 1.042977381670508300e-20 2.672673365373132810e-21
4.625932384427867916e+00 2.435387235221780295e-21 2.367754643987572874e-21
4.626597384427439508e+00 3.199794370258212820e-22 2.197281209402652253e-21
4.627262384427011099e+00 1.098968301846470166e-20 2.038015793734406003e-21
4.627927384426582691e+00 1.134384009626736747e-20 2.372833793695258872e-21
4.628592384426154283e+00 1.257201346441687837e-20 2.381078606464473845e-21
4.629257384425725874e+00 1.624882573550765064e-20 2.424648116172569182e-21
4.629922384425297466e+00 1.241043644599850528e-21 2.051475802214669034e-21
4.630587384424869057e+00 6.588377326284117316e-21 2.181985719309014233e-21
4.631252384424440649e+00 4.509169296754238497e-21 2.199264114919550116e-21
4.631917384424012241e+00 1.255763599389132500e-20 2.364001052304265568e-21
4.632582384423583832e+00 8.378279506535210634e-21 1.943992625209704022e-21
4.633247384423155424e+00 8.699870706235247017e-21 2.202152949298394588e-21
4.633912384422727015e+00 1.186015388784402781e-21 2.454150562130041332e-21
4.634577384422298607e+00 9.508872575318591211e-22 2.695465099890353015e-21
4.635242384421870199e+00 -6.740729151303077200e-22 2.322248820767664497e-21
4.635907384421441790e+00 1.395168099172595604e-22 2.893442324588676521e-21
4.636572384421013382e+00 5.185645803992524471e-21 2.115378093465833645e-21
4.637237384420584974e+00 5.811155851893325894e-21 2.421198453087963591e-21
4.637902384420156565e+00 1.200943410759312555e-20 2.226332920716247744e-21
4.638567384419728157e+00 6.465058188744850509e-21 2.212334433177722522e-21
4.639232384419299748e+00 4.231954891973099342e-21 2.111540559303066965e-21
4.639897384418871340e+00 1.186048731752846903e-20 2.084765584291858750e-21
4.640562384418442932e+00 4.893065449631813737e-21 2.271690262923558689e-21
4.641227384418014523e+00 4.964686854341532646e-21 2.233963923305847735e-21
4.641892384417586115e+00 1.032762145407352332e-20 2.672519459609193723e-21
4.642557384417157706e+00 -2.665081473502401858e-21 2.511020934849070276e-21
4.643222384416729298e+00 -2.099813530955034188e-21 2.231466261232920551e-21
4.643887384416300890e+00 -7.418448126564547953e-21 2.163557771129707634e-21
4.644552384415872481e+00 -2.656803597459630080e-21 2.037428314007285617e-21
4.645217384415444073e+00 2.130998192412867210e-21 2.222681253029562625e-21
4.645882384415015665e+00 2.513550340582464516e-21 2.415942155096867828e-21
4.646547384414587256e+00 -9.241712043274903734e-21 1.913280589693495506e-21
4.647212384414158848e+00 -3.394412353277038726e-21 2.187317868415628717e-21
4.647877384413730439e+00 7.277835953013063827e-21 2.008103769906649443e-21
4.648542384413302031e+00 4.623214852575123712e-21 2.112946998581071761e-21
4.649207384412873623e+00 2.082927338742603950e-21 2.161885479384249481e-21
4.649872384412445214e+00 -1.292313951106826310e-21 3.424144338093219860e-21
4.650537384412016806e+00 4.299408256956904684e-21 2.268278622521083078e-21
4.651202384411588397e+00 6.510226882183295112e-21 2.227142574190577022e-21
4.651867384411159989e+00 -4.757791135501573767e-21 2.100394769046524111e-21
4.652532384410731581e+00 6.027669474154515948e-22 2.155404915071888002e-21
4.653197384410303172e+00 3.728439063377911325e-21 2.125032161715722460e-21
4.653862384409874764e+00 6.660711913909593436e-21 1.938819310591608815e-21
4.654527384409446356e+00 8.091267950048642599e-21 2.393206268171029916e-21
4.655192384409017947e+00 -4.476945117463908790e-22 1.997218489369836817e-21
4.655857384408589539e+00 -2.344480474433518880e-21 2.174767273063214522e-21
4.656522384408161130e+00 9.182791849905703287e-21 2.332373401583636971e-21
4.657187384407732722e+00 1.265585841780364236e-20 2.518138786477601908e-21
4.657852384407304314e+00 4.979647204869128465e-21 2.066232904090324998e-21
4.658517384406875905e+00 1.979461827205828968e-21 2.411346277419874859e-21
4.659182384406447497e+00 -1.484531696131711932e-20 2.160506525466219687e-21
4.659847384406019088e+00 7.614207984883154944e-23 2.230519713024817592e-21
4.660512384405590680e+00 9.861869026749225564e-21 2.440371571892067784e-21
4.661177384405162272e+00 2.312129179822541359e-21 2.062940424389486558e-21
4.661842384404733863e+00 -4.597514933073846788e-21 2.357970921138303438e-21
4.662507384404305455e+00 3.479792361684753518e-21 2.504038997838703017e-21
4.663172384403877047e+00 -5.717980266404072785e-21 2.183144865941262350e-21
4.663837384403448638e+00 -5.543165365876544203e-22 2.192920186770874200e-21
4.664502384403020230e+00 -7.254783809719284676e-22 2.812831171733839510e-21
4.665167384402591821e+00 1.437035954141832282e-20 3.369531529319504152e-21
4.665832384402163413e+00 6.186345269132443605e-21 2.238796915748968456e-21
4.666497384401735005e+00 1.046109962375292950e-20 2.029743890270195372e-21
4.667162384401306596e+00 6.213266916536376571e-21 2.134978444087734573e-21
4.667827384400878188e+00 6.611528657758752826e-21 2.225236055984595328e-21
4.668492384400449779e+00 3.578309509047868096e-21 2.271253613121818118e-21
4.669157384400021371e+00 -1.417364870444460181e-21 1.891280471010499548e-21
4.669822384399592963e+00 8.139410627287526699e-21 2.086850577840281160e-21
4.670487384399164554e+00 8.675964344255525459e-21 1.962501933321764023e-21
4.671152384398736146e+00 -1.892847552905781909e-21 1.751768162015427507e-21
4.671817384398307738e+00 -2.466491598881442151e-21 1.962226774833210279e-21
4.672482384397879329e+00 -3.415202819147047906e-21 2.226581211273689406e-21
4.673147384397450921e+00 6.080672669199279469e-21 2.418770237090627442e-21
4.673812384397022512e+00 1.244009816514529360e-20 1.968263883338276317e-21
4.674477384396594104e+00 1.338078670688712821e-20 2.288658101305113521e-21
4.675142384396165696e+00 6.708523575737245409e-21 1.887710143168110408e-21
4.675807384395737287e+00 4.880848512679441068e-21 2.111457305956007679e-21
4.676472384395308879e+00 7.166112878699787131e-21 2.516658043172642971e-21
4.677137384394880470e+00 1.879740976727340826e-22 2.096611761669726681e-21
4.677802384394452062e+00 1.728329246617179576e-20 1.947668166544055778e-21
4.678467384394023654e+00 8.492228117905918280e-21 2.145734041767317571e-21
4.679132384393595245e+00 1.081219731964628288e-20 2.138470243905019290e-21
4.679797384393166837e+00 6.405782389609306057e-21 1.963519954868436638e-21
4.680462384392738429e+00 -1.984480893831669899e-21 2.724003357737151050e-21
4.681127384392310020e+00 3.864014774714396886e-21 2.231538970873148170e-21
4.681792384391881612e+00 1.112704695483422483e-20 1.900559821572670781e-21
4.682457384391453203e+00 1.592691322983348165e-20 2.153403709860282658e-21
4.683122384391024795e+00 1.375447842485382469e-20 2.208451655105309260e-21
4.683787384390596387e+00 1.254450597576949216e-21 2.101511819190639689e-21
4.684452384390167978e+00 5.690432880865489075e-21 2.298541817858881345e-21
4.685117384389739570e+00 1.683281422037540628e-21 2.030824765536267092e-21
4.685782384389311161e+00 4.999597771138916128e-21 2.352550173298786885e-21
4.686447384388882753e+00 4.899636000131431126e-21 2.202374136805885646e-21
4.687112384388454345e+00 7.495420560209198293e-21 2.046667198096316373e-21
4.687777384388025936e+00 9.338538800641191104e-22 2.111878887093306924e-21
4.688442384387597528e+00 -5.662897761110001043e-21 1.959013798534606905e-21
4.689107384387169120e+00 -3.188406840376382805e-21 2.371295313971553969e-21
4.689772384386740711e+00 3.239756063550130872e-21 2.317178234497829338e-21
4.690437384386312303e+00 6.773269628564144225e-21 2.514945737876163352e-21
4.691102384385883894e+00 1.168879307925789419e-20 1.996457536586870705e-21
4.691767384385455486e+00 1.573290531286386644e-20 2.674497430957474691e-21
4.692432384385027078e+00 1.381886355371665389e-20 3.189550854728226219e-21
4.693097384384598669e+00 1.291028807086041697e-20 2.102716222655592776e-21
4.693762384384170261e+00 1.020220861676928684e-20 1.900357755136350054e-21
4.694427384383741853e+00 1.094020454791883750e-20 2.202290067101089433e-21
4.695092384383313444e+00 8.158398341510810299e-21 2.179381969521752360e-21
4.695757384382885036e+00 7.126540640744999606e-21 2.538782013893984154e-21
4.696422384382456627e+00 1.751525433972505435e-20 2.521849962721928630e-21
4.697087384382028219e+00 1.925950568211216789e-20 2.298415823086461505e-21
4.697752384381599811e+00 1.199434207816792071e-20 2.384836414949289827e-21
4.698417384381171402e+00 1.300226310060530233e-20 2.403138508726479944e-21
4.699082384380742994e+00 2.955557646578722102e-21 2.789737843854555956e-21
4.699747384380314585e+00 1.826114421066663440e-21 2.245944972074693357e-21
4.700412384379886177e+00 -5.587188213090059307e-21 2.223000504391355464e-21
4.701077384379457769e+00 1.835144483733946939e-22 2.544087109345197508e-21
4.701742384379029360e+00 -2.583805622829829471e-21 2.093427538171901801e-21
4.702407384378600952e+00 -8.985865376749288698e-22 2.180483683140032532e-21
4.703072384378172544e+00 5.498704959179816399e-22 2.193409597024120374e-21
4.703737384377744135e+00 2.040828754469205350e-21 2.260447647437745066e-21
4.704402384377315727e+00 3.569024815873057031e-21 2.225869550467092110e-21
4.705067384376887318e+00 2.402708921184138640e-21 2.352244223964473959e-21
4.705732384376458910e+00 4.186416828752276603e-21 2.580077804136975371e-21
4.706397384376030502e+00 1.481032455825749154e-21 2.589801308136358387e-21
4.707062384375602093e+00 -2.669859108229266348e-21 2.682352626328857035e-21
4.707727384375173685e+00 -7.244481722818215663e-22 2.333166612415274922e-21
4.708392384374745276e+00 1.833328986787635313e-21 1.979250125847065206e-21
4.709057384374316868e+00 6.941255316571716144e-21 2.123192832380989873e-21
4.709722384373888460e+00 1.093551212909163635e-20 2.579238927880037183e-21
4.710387384373460051e+00 3.792902805036236379e-21 2.246348841144813263e-21
4.711052384373031643e+00 -1.689551558861944082e-21 2.406890046255250814e-21
4.711717384372603235e+00 1.395856563242613640e-20 2.191299523750186454e-21
4.712382384372174826e+00 6.761528636700160568e-21 2.480749787560275628e-21
4.713047384371746418e+00 9.331439018343936848e-21 2.393276902274792949e-21
4.713712384371318009e+00 1.212319680912755256e-20 2.463746326271318038e-21
4.714377384370889601e+00 -2.772628446345744695e-22 2.181271879633585793e-21
4.715042384370461193e+00 9.542053336028207017e-21 2.873989011417187242e-21
4.715707384370032784e+00 1.174405946254279674e-20 2.785353264559473118e-21
4.716372384369604376e+00 2.917417612877008062e-21 2.789259651536991459e-21
4.717037384369175967e+00 -8.505428513714658977e-21 2.431780437941573699e-21
4.717702384368747559e+00 3.584310660229603176e-21 2.359999750937061580e-21
4.718367384368319151e+00 6.704498191195487084e-21 2.250165760070230975e-21
4.719032384367890742e+00 9.847050195200208675e-21 2.355356161487188330e-21
4.719697384367462334e+00 7.259736068653982816e-21 2.514931500292480558e-21
4.720362384367033926e+00 -2.255428775270292629e-21 2.170741622985952793e-21
4.721027384366605517e+00 7.432812022407404881e-21 2.370989969293661573e-21
4.721692384366177109e+00 1.692629136115091395e-21 2.742267050494321002e-21
4.722357384365748700e+00 8.559320759055162147e-21 2.581550613733737564e-21
4.723022384365320292e+00 6.494390192964656942e-21 2.351943470934154330e-21
4.723687384364891884e+00 4.572870799869898260e-22 2.606827913114719189e-21
4.724352384364463475e+00 4.055394080227379514e-21 2.680943634645064248e-21
4.725017384364035067e+00 1.327176245195645386e-20 2.457622461582636258e-21
4.725682384363606658e+00 9.852344855966152095e-21 2.747517911285885594e-21
4.726347384363178250e+00 -1.129230451940283461e-21 2.165020180702331126e-21
4.727012384362749842e+00 -2.388188299304738610e-21 2.381244517404190228e-21
4.727677384362321433e+00 -8.591229788987522318e-23 2.119399860717381226e-21
4.728342384361893025e+00 2.866247228174487895e-21 2.034084139034474723e-21
4.729007384361464617e+00 -1.082849946743662203e-21 2.083560182542845135e-21
4.729672384361036208e+00 -1.143375441976423854e-21 2.325299205615718878e-21
4.730337384360607800e+00 -1.424659306845249747e-20 2.184692833979413304e-21
4.731002384360179391e+00 7.562605733560895036e-21 2.984493798367064895e-21
4.731667384359750983e+00 1.073210396280397423e-20 3.137285740159085443e-21
4.732332384359322575e+00 1.111463452452401963e-20 2.301702605056252288e-21
4.732997384358894166e+00 5.375684587857405786e-21 2.321562510345561700e-21
4.733662384358465758e+00 -7.829283346721818952e-21 2.089888172659055079e-21
4.734327384358037349e+00 -1.007112704383599484e-20 2.408288131316811770e-21
4.734992384357608941e+00 9.380784724603835303e-21 1.986862782070541905e-21
4.735657384357180533e+00 8.037703930562516179e-21 1.973385446417966046e-21
4.736322384356752124e+00 6.302276704848986407e-21 2.438352385831567224e-21
4.736987384356323716e+00 5.302953679930548697e-22 2.348574078786323581e-21
4.737652384355895308e+00 -6.489625520613641921e-22 2.161265249013985069e-21
4.738317384355466899e+00 1.291478840524342522e-20 1.868138154383914183e-21
4.738982384355038491e+00 -1.719549375250310163e-21 2.044555289390826139e-21
4.739647384354610082e+00 6.185105000362913595e-21 2.543353463489155219e-21
4.740312384354181674e+00 8.432031248518160221e-21 2.012587708090181671e-21
4.740977384353753266e+00 -1.495754965664116842e-22 2.385784817048967681e-21
4.741642384353324857e+00 2.608123156217514992e-21 2.596475746070394773e-21
4.742307384352896449e+00 -2.824752525704351725e-21 2.268083288996599432e-21
4.742972384352468040e+00 1.620391914527641600e-21 2.175791755809857522e-21
4.743637384352039632e+00 -5.304254247758873486e-21 2.106608585474474214e-21
4.744302384351611224e+00 8.782447989470558187e-21 3.155907329857742158e-21
4.744967384351182815e+00 1.661275387232304402e-20 2.085570492296188523e-21
4.745632384350754407e+00 1.759874610026637066e-20 2.370715372907346398e-21
4.746297384350325999e+00 3.829306669407475437e-21 1.924928288521963256e-21
4.746962384349897590e+00 7.892585549026269436e-21 2.076432463282248054e-21
4.747627384349469182e+00 2.701211841252691905e-21 2.107706321079991137e-21
4.748292384349040773e+00 6.633723655410883824e-21 2.320971594382680794e-21
4.748957384348612365e+00 5.698222895467974553e-21 2.633869414629801405e-21
4.749622384348183957e+00 1.154219458766892452e-20 2.321878155167703552e-21
4.750287384347755548e+00 7.932099971176041043e-21 2.435375527661201261e-21
4.750952384347327140e+00 4.491872720813014326e-21 2.603540045540146100e-21
4.751617384346898731e+00 5.436264784659327372e-21 1.893642157535659797e-21
4.752282384346470323e+00 1.794522440697208798e-20 2.631710120226769640e-21
4.752947384346041915e+00 6.306666602866109721e-21 2.195592294924113645e-21
4.753612384345613506e+00 7.945771147005347344e-21 2.445381151379014944e-21
4.754277384345185098e+00 5.280915478609128765e-21 2.191151174459474624e-21
4.754942384344756690e+00 -8.724452159279480130e-22 2.294089406567494699e-21
4.755607384344328281e+00 1.952461186095149330e-21 2.178159506018449476e-21
4.756272384343899873e+00 6.391406432349884145e-21 2.072844310728126892e-21
4.756937384343471464e+00 1.826221588021922521e-20 2.428227946368345065e-21
4.757602384343043056e+00 1.666911728788280392e-20 2.318937640013747256e-21
4.758267384342614648e+00 2.584177475562189074e-20 2.119121454038296819e-21
4.758932384342186239e+00 4.913892611441606518e-21 2.307983671210279454e-21
4.759597384341757831e+00 4.853449507490368079e-21 2.529942580608208535e-21
4.760262384341329422e+00 4.519715421482959832e-21 2.368311545637922466e-21
4.760927384340901014e+00 3.199606299199690139e-21 2.335176938020506825e-21
4.761592384340472606e+00 2.123176661790239933e-20 2.455616177339965583e-21
4.762257384340044197e+00 1.821242421565990803e-20 2.386033295900782313e-21
4.762922384339615789e+00 -1.371935321942981226e-21 2.558478299966946432e-21
4.763587384339187381e+00 4.082193258721175004e-21 2.337354002582944202e-21
4.764252384338758972e+00 -1.740180850157707466e-21 1.876157525231843073e-21
4.764917384338330564e+00 2.625929048167520057e-21 2.020191932660298646e-21
4.765582384337902155e+00 6.701296798251672975e-21 2.121825194498378531e-21
4.766247384337473747e+00 1.096053205552173945e-20 2.201359834198251086e-21
4.766912384337045339e+00 7.548377719672433256e-21 2.433348405207011317e-21
4.767577384336616930e+00 8.736010622879404219e-22 2.114607507833557931e-21
4.768242384336188522e+00 -4.925676214755437463e-21 2.915185967730191961e-21
4.768907384335760113e+00 7.113204427604416304e-21 2.346895989713389301e-21
4.769572384335331705e+00 6.138062655715056763e-21 2.612277792618353781e-21
4.770237384334903297e+00 5.354838116521784937e-21 1.942952884926346620e-21
4.770902384334474888e+00 -4.103262460692372917e-21 2.551882968131713215e-21
4.771567384334046480e+00 -9.184411500784791724e-21 2.573571641415644627e-21
4.772232384333618072e+00 -7.219658914292467276e-21 2.216095235537119931e-21
4.772897384333189663e+00 1.019106432964380791e-20 2.175644504510930493e-21
4.773562384332761255e+00 6.109785993280751655e-21 2.390985452992220169e-21
4.774227384332332846e+00 5.804160943269228953e-21 2.283086411964188834e-21
4.774892384331904438e+00 1.969412615645910149e-20 2.315533380857195680e-21
4.775557384331476030e+00 3.611247612559582322e-20 2.886716224650024103e-21
4.776222384331047621e+00 1.432868147029842422e-20 2.363089318293689853e-21
4.776887384330619213e+00 3.923688884596610015e-21 2.825048069607493430e-21
4.777552384330190804e+00 1.471203363021501724e-21 2.185742961943917420e-21
4.778217384329762396e+00 1.547353299668103540e-20 2.368137529290669404e-21
4.778882384329333988e+00 4.187622600866407084e-21 2.489622861144199719e-21
4.779547384328905579e+00 1.465160923703283224e-20 2.500717879644167322e-21
4.780212384328477171e+00 -6.812100530842269964e-21 2.025334250705092544e-21
4.780877384328048763e+00 -1.010644755698653969e-21 2.124918118084653747e-21
4.781542384327620354e+00 1.237746046642644943e-22 2.528827025027830555e-21
4.782207384327191946e+00 -2.167057062621744973e-21 2.254684455643894171e-21
4.782872384326763537e+00 5.412127208805665764e-21 2.416151026221844438e-21
4.783537384326335129e+00 6.349596745169435533e-21 2.385057387084111631e-21
4.784202384325906721e+00 1.812302653951407095e-20 2.177824357215016822e-21
4.784867384325478312e+00 7.330241972949667467e-21 2.425133103870807004e-21
4.785532384325049904e+00 1.121558690883399413e-20 2.470790165336289491e-21
4.786197384324621495e+00 -4.869405215929883086e-21 2.534861280182136960e-21
4.786862384324193087e+00 7.518999902340654229e-21 2.547209954923925579e-21
4.787527384323764679e+00 3.527115344904324845e-21 2.906517885138943359e-21
4.788192384323336270e+00 7.162934029181336482e-21 2.335073362964878612e-21
4.788857384322907862e+00 1.419367163639035893e-20 2.684499559776070007e-21
4.789522384322479454e+00 -2.532449593007617641e-21 2.262438827444423372e-21
4.790187384322051045e+00 -1.873290853491401431e-21 1.945626567346280820e-21
4.790852384321622637e+00 -4.465206801690692691e-22 2.257336199131246470e-21
4.791517384321194228e+00 -5.624250783783222446e-21 2.121180450551312903e-21
4.792182384320765820e+00 -5.722067333940003290e-22 2.545139270096078053e-21
4.792847384320337412e+00 -4.982409228833754672e-22 2.233409245828230643e-21
4.793512384319909003e+00 -3.469234279141606514e-22 2.163119330848299130e-21
4.794177384319480595e+00 1.009469151857178677e-21 2.644500966349154959e-21
4.794842384319052186e+00 3.904852124728286802e-21 2.513458133274862538e-21
4.795507384318623778e+00 6.579241059342838518e-21 2.099019345514254233e-21
4.796172384318195370e+00 1.086980950562004977e-20 2.127211372129015782e-21
4.796837384317766961e+00 1.220219441251507791e-20 2.630507413814262900e-21
4.797502384317338553e+00 4.500285053949069007e-21 2.444027259126005099e-21
4.798167384316910145e+00 -6.454489136726167150e-22 2.286158805814346895e-21
4.798832384316481736e+00 1.255867854782944732e-20 2.462039295537828164e-21
4.799497384316053328e+00 6.988027794323046938e-21 2.589171064701629711e-21
4.800162384315624919e+00 1.843202023883623497e-21 2.045857456335664228e-21
4.800827384315196511e+00 1.119990626887239446e-20 2.368110249685080306e-21
4.801492384314768103e+00 1.576041012455178687e-20 2.062798337058132260e-21
4.802157384314339694e+00 6.954526054646762169e-21 1.993431798613276453e-21
4.802822384313911286e+00 5.887720918460438682e-21 2.878695641537645013e-21
4.803487384313482877e+00 1.165833699963157655e-20 2.811838195455234953e-21
4.804152384313054469e+00 2.773958274799839526e-20 2.886151780371107182e-21
4.804817384312626061e+00 1.060321113834870238e-20 2.864434358476810448e-21
4.805482384312197652e+00 5.735882719696234513e-24 2.273292883385780129e-21
4.806147384311769244e+00 -3.766965656473361339e-21 2.553045893401836796e-21
4.806812384311340836e+00 -1.101976996127368627e-20 2.304060632410344124e-21
4.807477384310912427e+00 3.737270947896941271e-21 2.120908546855191473e-21
4.808142384310484019e+00 -9.237127447877494896e-22 2.476909661440852208e-21
4.808807384310055610e+00 1.109493165399313459e-20 2.580387586653054824e-21
4.809472384309627202e+00 1.792614002941899832e-20 2.784907247964537187e-21
4.810137384309198794e+00 5.404214630051345071e-21 2.168371078593818754e-21
4.810802384308770385e+00 -8.859186710157958816e-21 2.506791750486823267e-21
4.811467384308341977e+00 -7.648618165094694832e-21 2.428454117076727546e-21
4.812132384307913568e+00 -2.623593634743179038e-21 2.181988389510006655e-21
4.812797384307485160e+00 1.278743016149617966e-20 2.196226660624444517e-21
4.813462384307056752e+00 -1.073175705816073979e-22 2.430282046140789072e-21
4.814127384306628343e+00 9.752347523844094279e-22 2.078462064930034169e-21
4.814792384306199935e+00 6.701164788836171322e-21 2.212668064176852681e-21
4.815457384305771527e+00 3.170301595684889601e-21 2.285862283273850180e-21
4.816122384305343118e+00 2.173195717900299103e-21 2.738980683481867297e-21
4.816787384304914710e+00 1.249105781497685275e-21 2.462680544827343898e-21
4.817452384304486301e+00 -6.440222405078272678e-21 2.472859560180905820e-21
4.818117384304057893e+00 4.306480839461455093e-21 2.008888639395994229e-21
4.818782384303629485e+00 8.969051002151861467e-22 2.179209466326095095e-21
4.819447384303201076e+00 2.099783398234543790e-21 2.272808358239385895e-21
4.820112384302772668e+00 9.809992659279764153e-21 2.301405553834707078e-21
4.820777384302344259e+00 7.400308088558088725e-21 2.908680820633745947e-21
4.821442384301915851e+00 1.149815085494674966e-21 2.614658971757283949e-21
4.822107384301487443e+00 6.299001025949741685e-21 2.690817576564898540e-21
4.822772384301059034e+00 1.314044819091756764e-20 2.972909601010113818e-21
4.823437384300630626e+00 6.655166303442490377e-23 2.380199432386357981e-21
4.824102384300202218e+00 6.133888176043823699e-22 2.371340190008656826e-21
4.824767384299773809e+00 1.656012763097592521e-20 2.549796983861812867e-21
4.825432384299345401e+00 4.330669628072313259e-21 2.202114746429422126e-21
4.826097384298916992e+00 2.444232211509972403e-20 4.359936871736956115e-21
4.826762384298488584e+00 9.023662576759408390e-21 2.683711420968544458e-21
4.827427384298060176e+00 8.435732702013118150e-21 3.200814336055914938e-21
4.828092384297631767e+00 4.767391546351836882e-21 4.934020133752136540e-21
4.828757384297203359e+00 -4.419535803056852709e-21 2.524472390825787603e-21
4.829422384296774950e+00 -4.632605485199712049e-21 2.558254176183022454e-21
4.830087384296346542e+00 -7.365089958545163079e-22 2.208740634791039679e-21
4.830752384295918134e+00 -2.485765467889746580e-21 2.654110295751315560e-21
4.831417384295489725e+00 7.532782023662614646e-21 2.406725466210574718e-21
4.832082384295061317e+00 7.926347744002127973e-21 2.283787617080250668e-21
4.832747384294632909e+00 -7.051186825365353171e-21 2.564707875997735873e-21
4.833412384294204500e+00 -4.105586269019762234e-21 2.134916136133555055e-21
4.834077384293776092e+00 -7.612486694856402239e-21 2.294050033477164100e-21
4.834742384293347683e+00 7.396364787994633777e-22 2.391710005576296453e-21
4.835407384292919275e+00 8.882750161845368298e-21 4.546914029307931485e-21
4.836072384292490867e+00 -2.446401911108653191e-21 2.628500930934093362e-21
4.836737384292062458e+00 -1.551319966809565152e-21 2.718521873668848684e-21
4.837402384291634050e+00 6.661531581817257673e-22 2.802846973302780853e-21
4.838067384291205641e+00 9.881201588757979800e-21 2.484266602763695337e-21
4.838732384290777233e+00 7.868441290651095214e-21 2.544758156785532064e-21
4.839397384290348825e+00 4.717650078278258479e-21 2.382326737384340848e-21
4.840062384289920416e+00 -8.938014384955622784e-21 2.767071594149129461e-21
4.840727384289492008e+00 3.020898903641623925e-23 2.463477159616446142e-21
4.841392384289063600e+00 2.065829418598071054e-21 2.633306831655683094e-21
4.842057384288635191e+00 6.418915416535389328e-21 2.738464542192341663e-21
4.842722384288206783e+00 8.371175391152558114e-21 2.681142308924589979e-21
4.843387384287778374e+00 7.603669363507106412e-21 2.553150016184069706e-21
4.844052384287349966e+00 6.588254515329445387e-21 2.152017294084652473e-21
4.844717384286921558e+00 -1.213770169078252281e-21 2.370842673118171841e-21
4.845382384286493149e+00 -1.665251757003834932e-21 2.264372646813963219e-21
4.846047384286064741e+00 5.716243098241749008e-21 2.349391836957401018e-21
4.846712384285636332e+00 9.925817526679753891e-21 2.456951686273831167e-21
4.847377384285207924e+00 1.686752475720236736e-21 2.412687792085295387e-21
4.848042384284779516e+00 5.486839795895541872e-21 2.295147525087595884e-21
4.848707384284351107e+00 -9.198849237851966262e-21 2.383004346669023145e-21
4.849372384283922699e+00 8.734935525390017427e-21 2.781951668844291063e-21
4.850037384283494291e+00 2.056887406084661967e-20 2.496942754356767816e-21
4.850702384283065882e+00 1.397213325040791278e-20 2.703205545335756008e-21
4.851367384282637474e+00 1.631606417482547397e-20 3.508549444352011146e-21
4.852032384282209065e+00 1.347471907638781082e-21 2.893245569849964398e-21
4.852697384281780657e+00 7.220806975445295214e-21 2.314961086524362811e-21
4.853362384281352249e+00 8.197920781925785315e-21 2.003777848131371143e-21
4.854027384280923840e+00 -3.062459475182885347e-21 2.777649298424166861e-21
4.854692384280495432e+00 1.573151950728113286e-21 2.325049446452041348e-21
4.855357384280067023e+00 -8.043259931729243793e-21 2.294889027639560944e-21
4.856022384279638615e+00 6.618731468189056319e-21 2.695970651031120393e-21
4.856687384279210207e+00 6.135326269740286372e-21 2.988202160094029763e-21
4.857352384278781798e+00 -3.629150758850749276e-21 2.729145227627231919e-21
4.858017384278353390e+00 -4.813893212705522206e-21 2.484736212058929444e-21
4.858682384277924982e+00 6.142837106315255120e-22 2.703516475471153469e-21
4.859347384277496573e+00 -4.326955192973231946e-21 3.016003231176143105e-21
4.860012384277068165e+00 3.806946569881996399e-22 2.980959757608380321e-21
4.860677384276639756e+00 2.237441840807475157e-21 2.745705410191420352e-21
4.861342384276211348e+00 1.552912354163057214e-21 2.453399670582036347e-21
4.862007384275782940e+00 -2.945508476403660264e-21 2.671878950423745628e-21
4.862672384275354531e+00 7.936374973982128107e-21 2.780780959662456466e-21
4.863337384274926123e+00 -8.914576316289563664e-22 2.764718896563166166e-21
4.864002384274497715e+00 9.514237910256954561e-21 2.588716371227581939e-21
4.864667384274069306e+00 6.188887127958578887e-21 2.753359396034810045e-21
4.865332384273640898e+00 -6.164187219253698541e-22 2.580358373782100681e-21
4.865997384273212489e+00 1.552836413613131546e-21 2.763898590517997723e-21
4.866662384272784081e+00 7.100297236211032402e-21 2.459615690087856676e-21
4.867327384272355673e+00 2.470684204156664073e-21 2.661384562492131392e-21
4.867992384271927264e+00 1.148182898420607985e-20 2.560514178630528902e-21
4.868657384271498856e+00 6.068866244555592251e-21 2.811267148656276076e-21
4.869322384271070447e+00 3.398714213151831238e-21 3.443108504548174584e-21
4.869987384270642039e+00 1.213731316049520176e-20 3.157869320075343618e-21
4.870652384270213631e+00 1.582611024139148895e-20 2.499490774838300044e-21
4.871317384269785222e+00 1.689691615192405146e-20 2.557891677026798718e-21
4.871982384269356814e+00 1.867623950090357461e-20 2.513341275293781364e-21
4.872647384268928406e+00 4.522195669513633618e-21 3.582733512842300314e-21
4.873312384268499997e+00 6.620246145294615705e-21 2.964979448936050709e-21
4.873977384268071589e+00 6.704004474163461684e-21 2.959574761744084612e-21
4.874642384267643180e+00 2.631583062269827896e-20 2.349735044578595914e-21
4.875307384267214772e+00 1.728913755908787153e-20 2.453752694474778619e-21
4.875972384266786364e+00 1.021592718825319399e-20 2.439984947509027663e-21
4.876637384266357955e+00 -2.773045509297210569e-22 2.738586979521267238e-21
4.877302384265929547e+00 1.698296822273884976e-20 2.274353965898980311e-21
4.877967384265501138e+00 1.404163921850905833e-20 2.667722407569892355e-21
4.878632384265072730e+00 2.054552725184786192e-20 2.790022844531597669e-21
4.879297384264644322e+00 1.423750510788129786e-20 2.466261151704313883e-21
4.879962384264215913e+00 4.652762618474740120e-21 2.660496617431764951e-21
4.880627384263787505e+00 2.771783786879993759e-21 2.459634819306609314e-21
4.881292384263359097e+00 1.265515362899612045e-20 3.000628180776537371e-21
4.881957384262930688e+00 3.862323380893034887e-21 3.565711242748568990e-21
4.882622384262502280e+00 -1.429197605130513268e-21 3.880785682401953713e-21
4.883287384262073871e+00 7.124906720420679691e-21 2.512498554477044026e-21
4.883952384261645463e+00 1.915839672056778364e-21 2.262207935385492000e-21
4.884617384261217055e+00 6.180476338290995760e-21 2.472002195996118964e-21
4.885282384260788646e+00 6.440123987699769639e-22 2.887917085289680902e-21
4.885947384260360238e+00 7.667329176320168931e-21 2.472290355435918319e-21
4.886612384259931829e+00 4.569499399292576884e-21 2.309910983277207237e-21
4.887277384259503421e+00 9.116615994802510459e-21 2.551608343398255098e-21
4.887942384259075013e+00 7.114185877962113325e-21 2.769263503783982611e-21
4.888607384258646604e+00 1.101573377946567226e-20 2.289990671318272960e-21
4.889272384258218196e+00 1.359398822884228139e-20 2.944756055947731322e-21
4.889937384257789788e+00 1.473766786702420194e-20 2.723509305359673693e-21
4.890602384257361379e+00 8.150940496379367503e-21 2.940533245762628766e-21
4.891267384256932971e+00 -2.886156853116423548e-21 2.143689238020371961e-21
4.891932384256504562e+00 2.451853890788541670e-22 2.533315201427763856e-21
4.892597384256076154e+00 -8.706984254626549491e-21 2.350686716234630000e-21
4.893262384255647746e+00 5.662370132303316261e-21 2.394849050678617754e-21
4.893927384255219337e+00 5.156632228787463593e-21 2.501228015731441113e-21
4.894592384254790929e+00 1.247365181578929106e-20 2.585684227818106108e-21
4.895257384254362520e+00 5.147853116142077174e-21 3.012424999968249090e-21
4.895922384253934112e+00 -6.911215766566623541e-21 2.613197433127971290e-21
4.896587384253505704e+00 6.689592146209681614e-21 2.416381757714174613e-21
4.897252384253077295e+00 7.228542145423658890e-21 2.419267199869309685e-21
4.897917384252648887e+00 8.842857144927453221e-21 2.257265542720638716e-21
4.898582384252220479e+00 -2.028864791433624464e-21 2.522569067038574145e-21
4.899247384251792070e+00 -4.964406965233279768e-21 2.212789745370444673e-21
4.899912384251363662e+00 -6.152520263850554048e-22 2.356908840543409440e-21
4.900577384250935253e+00 -8.544517718681590374e-21 2.430058377652973753e-21
4.901242384250506845e+00 -2.302821092632977288e-21 2.423002057383721613e-21
4.901907384250078437e+00 -1.140640859981452906e-21 2.396336894631334209e-21
4.902572384249650028e+00 -4.985836878749667392e-21 5.635136076645974679e-21
4.903237384249221620e+00 8.744637298673156054e-21 2.299705850629539949e-21
4.903902384248793211e+00 1.419515351973016577e-21 2.524495830939877738e-21
4.904567384248364803e+00 2.025550878284103145e-21 2.492747015874554914e-21
4.905232384247936395e+00 -1.367945047860353920e-22 2.907334077678916426e-21
4.905897384247507986e+00 -2.892592017746981857e-21 2.677116735902411595e-21
4.906562384247079578e+00 3.353548961588282821e-21 3.001652908370380799e-21
4.907227384246651170e+00 1.118581809115051013e-20 2.510496257916518406e-21
4.907892384246222761e+00 1.076589761912829866e-20 3.584694691336014359e-21
4.908557384245794353e+00 7.680947991039866718e-21 2.251225449156100878e-21
4.909222384245365944e+00 -2.280163971858672792e-23 2.421279286820738721e-21
4.909887384244937536e+00 2.726171785572223818e-21 2.545037705548667373e-21
4.910552384244509128e+00 1.997889147624238155e-21 2.215157781731512506e-21
4.911217384244080719e+00 6.994544335357189891e-21 2.112731936466332601e-21
4.911882384243652311e+00 1.871978854810231471e-21 2.355114913389213505e-21
4.912547384243223902e+00 -4.186169514319835779e-21 2.405843789795455310e-21
4.913212384242795494e+00 2.615094835324714595e-21 2.428536095933049447e-21
4.913877384242367086e+00 1.112805952944584307e-20 2.908498634010375892e-21
4.914542384241938677e+00 7.010950825980191165e-21 2.468989017671808688e-21
4.915207384241510269e+00 -5.590980172843479660e-21 2.523194977669685035e-21
4.915872384241081861e+00 3.401499321974287181e-21 2.399545246859834116e-21
4.916537384240653452e+00 -7.629475453793175349e-21 2.612320983669888998e-21
4.917202384240225044e+00 5.926468024384520413e-21 2.907200810845437346e-21
4.917867384239796635e+00 7.640133501752479975e-21 3.010239472394234939e-21
4.918532384239368227e+00 3.530785286965189583e-21 2.542325327545634108e-21
4.919197384238939819e+00 2.616931558152538295e-21 2.456299561594435111e-21
4.919862384238511410e+00 3.021692592717762855e-21 2.236204025555797119e-21
4.920527384238083002e+00 4.381435137227949382e-21 2.192716261510821326e-21
4.921192384237654593e+00 2.547332230563322208e-21 2.423041366877927793e-21
4.921857384237226185e+00 7.703094278586042743e-21 2.115839649312800830e-21
4.922522384236797777e+00 -1.379019433340114257e-23 2.168953970467352819e-21
4.923187384236369368e+00 1.379769927327270506e-20 2.032804400123016939e-21
4.923852384235940960e+00 1.122489093629132520e-20 2.468337488261176914e-21
4.924517384235512552e+00 1.342380594039428702e-20 2.373012407499757703e-21
4.925182384235084143e+00 7.264526332291848828e-21 2.322537882902756762e-21
4.925847384234655735e+00 5.261397759938480219e-21 2.593149526706353168e-21
4.926512384234227326e+00 1.554456645235614907e-20 2.217028419831580287e-21
4.927177384233798918e+00 5.608727832662232259e-21 2.387230187544332930e-21
4.927842384233370510e+00 -3.825230846488227620e-21 2.618299982293327552e-21
4.928507384232942101e+00 2.965975331600523418e-21 2.457926790154076802e-21
4.929172384232513693e+00 2.034459905471705121e-20 2.558986419443481884e-21
4.929837384232085284e+00 6.931078552417367968e-21 2.317803477590780625e-21
4.930502384231656876e+00 1.953841917942693394e-20 2.369633753019602069e-21
4.931167384231228468e+00 1.509626733463133249e-20 2.565041114058389219e-21
4.931832384230800059e+00 1.132900902474471657e-20 2.352930265079888110e-21
4.932497384230371651e+00 1.215088013304804742e-20 2.080110672982177610e-21
4.933162384229943243e+00 7.954826392997201731e-21 2.403498484886049882e-21
4.933827384229514834e+00 -1.295264617052114707e-21 2.680129983794845469e-21
4.934492384229086426e+00 1.638136086565941220e-21 3.488627695828142520e-21
4.935157384228658017e+00 3.323344864027938537e-21 2.379417221707108384e-21
4.935822384228229609e+00 7.240037652279792509e-22 2.328893024923250581e-21
4.936487384227801201e+00 1.214656224692858240e-20 2.753922467750509981e-21
4.937152384227372792e+00 1.021359760590874037e-20 2.951498043291004292e-21
4.937817384226944384e+00 1.314065118410609935e-20 2.315844260556371731e-21
4.938482384226515975e+00 1.170526161406569109e-20 2.479776212440643254e-21
4.939147384226087567e+00 7.798401984047435368e-21 2.380493079891521316e-21
4.939812384225659159e+00 1.081835459577877741e-20 2.604867320985245118e-21
4.940477384225230750e+00 6.130865287941703726e-21 2.332597436272070276e-21
4.941142384224802342e+00 2.878733142959137091e-21 2.415707362150995734e-21
4.941807384224373934e+00 8.878519482431709641e-21 2.321142935727350571e-21
4.942472384223945525e+00 4.048927388039671573e-21 2.060830760292984369e-21
4.943137384223517117e+00 1.191299825389604330e-20 2.240401853032255030e-21
4.943802384223088708e+00 1.185337917272773851e-20 2.313282944507220899e-21
4.944467384222660300e+00 6.073097947408010334e-21 2.595027603210297752e-21
4.945132384222231892e+00 8.169265060101880178e-22 2.483969217031187064e-21
4.945797384221803483e+00 1.317451912350543619e-21 2.806210021199248224e-21
4.946462384221375075e+00 8.270518512773519145e-21 2.661067497542995160e-21
4.947127384220946666e+00 1.507192664570021604e-20 2.458972412514822201e-21
4.947792384220518258e+00 3.157214839411555396e-20 2.073895976969588373e-21
4.948457384220089850e+00 1.019133265126243691e-20 2.254114762525205124e-21
4.949122384219661441e+00 5.641849942711616172e-21 2.263275487224661293e-21
4.949787384219233033e+00 1.464746907260038337e-20 2.634258576309650799e-21
4.950452384218804625e+00 1.366226009827065912e-20 2.398317030301448695e-21
4.951117384218376216e+00 7.802621899797208394e-21 2.206127171634786224e-21
4.951782384217947808e+00 9.102315065030719899e-22 2.162791569425494659e-21
4.952447384217519399e+00 -7.059408712221731418e-21 2.580499176239958922e-21
4.953112384217090991e+00 5.639543115946305428e-21 2.405322358055311874e-21
4.953777384216662583e+00 1.270986515834235879e-20 2.456417328036145559e-21
4.954442384216234174e+00 2.132566842059914210e-21 2.008365312037571619e-21
4.955107384215805766e+00 3.261987140618986900e-21 2.272750088799275838e-21
4.955772384215377357e+00 1.765209056509603074e-20 2.785792283336431624e-21
4.956437384214948949e+00 1.319565286635878491e-20 2.939041206054938985e-21
4.957102384214520541e+00 1.471737559957238057e-21 2.489887300748983575e-21
4.957767384214092132e+00 -8.852134752408266442e-22 2.619825532261253913e-21
4.958432384213663724e+00 8.323017161768415598e-21 2.396302916606155142e-21
4.959097384213235316e+00 1.145104959060891538e-20 2.068378831921147676e-21
4.959762384212806907e+00 4.249951508387923023e-21 2.114318998612579596e-21
4.960427384212378499e+00 8.245138345203105686e-21 2.133669571258958390e-21
4.961092384211950090e+00 1.336800195088956058e-20 2.199355918451298966e-21
4.961757384211521682e+00 7.116089549739310418e-21 2.353110000381202557e-21
4.962422384211093274e+00 5.574485620046139454e-21 2.666763857695543208e-21
4.963087384210664865e+00 3.761440675056653098e-21 2.521536643534729995e-21
4.963752384210236457e+00 -3.185469493891818334e-21 2.868534949788946392e-21
4.964417384209808048e+00 4.717505825778783569e-21 2.751716563246136335e-21
4.965082384209379640e+00 2.546810561083144329e-22 2.759411093366417123e-21
4.965747384208951232e+00 -2.348080207629912334e-21 3.133658834302267265e-21
4.966412384208522823e+00 -6.213127660077382345e-21 3.544655921917834196e-21
4.967077384208094415e+00 1.080092614595818050e-20 2.314445918465026883e-21
4.967742384207666007e+00 1.380009000317592191e-20 2.155184505519704671e-21
4.968407384207237598e+00 1.215444373029804732e-20 2.186293063470602627e-21
4.969072384206809190e+00 1.117565287990210337e-20 2.284019843709334132e-21
4.969737384206380781e+00 7.756551069153335088e-21 2.214770268291269070e-21
4.970402384205952373e+00 1.093740072756575711e-20 2.527106914852469060e-21
4.971067384205523965e+00 5.768419352881366367e-21 2.648033705147271453e-21
4.971732384205095556e+00 4.369956461106898226e-21 2.233835568030970116e-21
4.972397384204667148e+00 -6.092298710261146012e-21 2.610011825431453383e-21
4.973062384204238739e+00 -2.842452175760130729e-21 2.338072618164307990e-21
4.973727384203810331e+00 4.301699646173738364e-21 2.653936005776229159e-21
4.974392384203381923e+00 1.383739936031864993e-20 2.512980089960734343e-21
4.975057384202953514e+00 2.038834520976196354e-21 2.611194321773197103e-21
4.975722384202525106e+00 1.339939485806499079e-21 3.329035165811260586e-21
4.976387384202096698e+00 1.918295508127328756e-21 2.568630660933432283e-21
4.977052384201668289e+00 3.749684895335445299e-21 2.580225005939768021e-21
4.977717384201239881e+00 7.269250092384470294e-21 2.561735147350511092e-21
4.978382384200811472e+00 7.549931821145637754e-21 2.399291254504734314e-21
4.979047384200383064e+00 6.648080882120893633e-21 2.445208690766762617e-21
4.979712384199954656e+00 4.693551909179998580e-21 2.643079213918579236e-21
4.980377384199526247e+00 5.827818659867596025e-21 2.341206698961009469e-21
4.981042384199097839e+00 -9.975272319233355388e-22 2.542271550440687346e-21
4.981707384198669430e+00 1.585856395792532599e-20 2.351902930542888211e-21
4.982372384198241022e+00 2.524245834540762119e-20 2.259372293533701360e-21
4.983037384197812614e+00 6.089379565584610880e-21 2.199696129719391813e-21
4.983702384197384205e+00 5.458146063459715591e-21 2.293311147000185381e-21
4.984367384196955797e+00 3.709224017134544471e-21 2.433849194095005225e-21
4.985032384196527389e+00 7.710825159525651534e-21 2.121196341755330561e-21
4.985697384196098980e+00 4.437040054043359832e-21 2.060382373620693394e-21
4.986362384195670572e+00 7.786707591215052324e-21 3.373729764853621637e-21
4.987027384195242163e+00 1.379909204775111407e-20 2.390906791722487615e-21
4.987692384194813755e+00 4.520202325633052098e-22 2.900448122895294746e-21
4.988357384194385347e+00 1.145145835227404503e-20 2.375241128650405859e-21
4.989022384193956938e+00 1.986316623047521170e-20 3.041706406721668438e-21
4.989687384193528530e+00 2.976514850247914578e-21 2.499184153629641759e-21
4.990352384193100121e+00 -5.902729070490948589e-21 4.651824046824864283e-21
4.991017384192671713e+00 -1.016309394895507278e-21 2.518828915999723736e-21
4.991682384192243305e+00 1.402518341233949629e-20 2.612247977445944176e-21
4.992347384191814896e+00 7.866578372590258129e-21 2.629495628672153526e-21
4.993012384191386488e+00 6.290296854441231622e-21 2.694656190822245723e-21
4.993677384190958080e+00 1.060002798911347017e-20 2.262093016079216557e-21
4.994342384190529671e+00 -3.662044281733024526e-21 2.656318478712970503e-21
4.995007384190101263e+00 2.473797482767624142e-21 2.463315010959585190e-21
4.995672384189672854e+00 4.679380349571304423e-21 2.177927472932131674e-21
4.996337384189244446e+00 8.257893885379644004e-21 2.107539188853746296e-21
4.997002384188816038e+00 8.883034805255002910e-21 2.365360878914466213e-21
4.997667384188387629e+00 -5.890856607157803198e-22 2.206812772219212571e-21
4.998332384187959221e+00 1.232306733546865814e-20 3.641614183419377369e-21
4.998997384187530812e+00 1.039388869793513624e-20 1.107097930143556645e-20
4.999662384187102404e+00 1.082367436228774748e-21 2.716881589496419699e-21
5.000327384186673996e+00 1.257098660207824247e-20 5.322182625602431266e-21
5.000992384186245587e+00 1.536728511566367814e-20 3.022556863986227314e-21
5.001657384185817179e+00 1.807423765396119871e-20 2.380024148199960811e-21
5.002322384185388771e+00 4.474875577788627699e-21 2.837343557066782968e-21
5.002987384184960362e+00 6.583717816199653080e-21 2.516062875263855929e-21
5.003652384184531954e+00 4.057904076218695409e-21 2.595608024569173373e-21
5.004317384184103545e+00 3.429918326056069608e-21 2.488502360016670051e-21
5.004982384183675137e+00 -2.602320372868018728e-21 2.864044805879019476e-21
5.005647384183246729e+00 1.374395464663242034e-22 2.796288166814169478e-21
5.006312384182818320e+00 -7.790669155291713608e-21 2.477780771014679121e-21
5.006977384182389912e+00 3.311736861257039783e-21 2.576585039956871360e-21
5.007642384181961503e+00 -1.261953139226067647e-20 2.976868826040921525e-21
5.008307384181533095e+00 3.086134460129789906e-21 3.081642271207076531e-21
5.008972384181104687e+00 9.175720046549506874e-21 2.882390053945405953e-21
5.009637384180676278e+00 1.322848785554227204e-20 4.247815112414666299e-21
5.010302384180247870e+00 4.458816292171965065e-21 2.657675329096206290e-21
5.010967384179819462e+00 1.208875119989237610e-20 3.150065070170730512e-21
5.011632384179391053e+00 6.184473589574588003e-21 2.765297375616561323e-21
5.012297384178962645e+00 5.190518355879151307e-21 3.154512361029789458e-21
5.012962384178534236e+00 -6.408236091050045763e-21 2.249495014419821302e-21
5.013627384178105828e+00 3.764528996627635304e-21 2.329600584555390006e-21
5.014292384177677420e+00 3.603008950747486389e-21 2.520572234868231423e-21
5.014957384177249011e+00 5.426177480497156672e-21 2.667247972796847564e-21
5.015622384176820603e+00 1.384954034681369764e-20 2.344590022631941765e-21
5.016287384176392194e+00 3.638273515759461090e-21 2.526864821510683871e-21
5.016952384175963786e+00 9.482774596619688032e-21 2.910211470978409030e-21
5.017617384175535378e+00 5.772977726483512069e-21 3.134461169927140810e-21
5.018282384175106969e+00 -8.038092162031617363e-21 2.867184315951092363e-21
5.018947384174678561e+00 7.957833895561490835e-21 2.282999879399829114e-21
5.019612384174250153e+00 1.032328810311321746e-20 2.684617271728516590e-21
5.020277384173821744e+00 1.092571094740851591e-20 2.521193586138560553e-21
5.020942384173393336e+00 6.826642354938538634e-21 2.671152264879549643e-21
5.021607384172964927e+00 -7.352286533960964009e-21 2.333354774135959122e-21
5.022272384172536519e+00 8.869722301020826136e-22 2.500975778762336339e-21
5.022937384172108111e+00 4.201292799532304723e-22 2.517294119529774415e-21
5.023602384171679702e+00 2.081196667985141331e-20 2.473098411224664134e-21
5.024267384171251294e+00 9.086598483960313083e-21 2.591883332135827557e-21
5.024932384170822885e+00 1.882600952093598834e-20 2.564851717740290803e-21
5.025597384170394477e+00 7.130459809764559551e-21 2.633162058821778580e-21
5.026262384169966069e+00 3.797687103219659741e-22 2.907854021791107569e-21
5.026927384169537660e+00 -2.208324737061980749e-21 2.847748300544688842e-21
5.027592384169109252e+00 4.341159910083638195e-21 2.820610728125745176e-21
5.028257384168680844e+00 2.155982774382395775e-20 3.104264136982728313e-21
5.028922384168252435e+00 2.398309433234551201e-20 2.379722542239725024e-21
5.029587384167824027e+00 9.125472882098577819e-22 2.299286344755084437e-21
5.030252384167395618e+00 1.303008360185848520e-20 2.235564651862791093e-21
5.030917384166967210e+00 2.939624249898813458e-21 3.083409225931018821e-21
5.031582384166538802e+00 3.268856678985617894e-21 2.262460870369541119e-21
5.032247384166110393e+00 -1.155994502782100798e-20 2.712625837718118420e-21
5.032912384165681985e+00 -1.349892307351893308e-20 2.525539128508395770e-21
5.033577384165253576e+00 1.208515852498572545e-20 2.418219227951884465e-21
5.034242384164825168e+00 8.212569273834899949e-21 2.537046749535014673e-21
5.034907384164396760e+00 2.109437866344145675e-21 2.666247108847475653e-21
5.035572384163968351e+00 4.803935767820214743e-22 2.914194813929879451e-21
5.036237384163539943e+00 5.357685758577920755e-22 2.169571231384611414e-21
5.036902384163111535e+00 -2.343148331634084100e-21 2.818579707832350498e-21
5.037567384162683126e+00 3.868165848526756297e-22 2.368447932207311526e-21
5.038232384162254718e+00 -2.374004044656085161e-21 2.346673414243478816e-21
5.038897384161826309e+00 -6.698890510027589742e-21 2.512289279053642161e-21
5.039562384161397901e+00 1.380395476039797732e-20 2.798820629534412765e-21
5.040227384160969493e+00 8.159348114013764924e-21 2.825966536291098059e-21
5.040892384160541084e+00 5.966588220646250532e-21 2.396531965344766547e-21
5.041557384160112676e+00 -6.477784484396856340e-21 2.275509778279275374e-21
5.042222384159684268e+00 4.574711913820247974e-21 2.406619195865290509e-21
5.042887384159255859e+00 1.860348786834142406e-20 2.733340768726710006e-21
5.043552384158827451e+00 1.173254511988164913e-20 2.395407648202157008e-21
5.044217384158399042e+00 8.627573304587769210e-21 2.289881970185261404e-21
5.044882384157970634e+00 1.121059329766103924e-20 2.618580439973624049e-21
5.045547384157542226e+00 2.703393465760227280e-21 2.218566852831914785e-21
5.046212384157113817e+00 3.678233668477099002e-21 2.909617731346980364e-21
5.046877384156685409e+00 -3.373437026572457746e-21 2.322513762845646042e-21
5.047542384156257000e+00 1.329164091439688048e-20 2.729311940941707849e-21
5.048207384155828592e+00 2.005620444853806647e-20 3.445414149850720489e-21
5.048872384155400184e+00 1.221375336307821377e-20 3.307539473111496773e-21
5.049537384154971775e+00 1.384761047812642761e-20 2.631579240226314737e-21
5.050202384154543367e+00 5.206633434688152030e-22 2.436165986162556822e-21
5.050867384154114959e+00 3.910417637819818113e-22 3.630032523173361883e-21
5.051532384153686550e+00 1.833799146777544918e-20 3.156602355217818902e-21
5.052197384153258142e+00 1.141894524130807569e-20 2.339231333804346105e-21
5.052862384152829733e+00 1.618361491501487393e-21 2.526948187993481703e-21
5.053527384152401325e+00 2.264549303536097813e-20 2.353766458855934151e-21
5.054192384151972917e+00 1.001640723323112900e-20 2.466465717128983511e-21
5.054857384151544508e+00 -8.719656192526861013e-22 2.382766698330936144e-21
5.055522384151116100e+00 7.752608575203570305e-21 3.248573382599019206e-21
5.056187384150687691e+00 5.182821821185094650e-21 2.218102579878827768e-21
5.056852384150259283e+00 1.015799529577632636e-20 2.676517047963988890e-21
5.057517384149830875e+00 1.037232466722792709e-20 2.288450472175174433e-21
5.058182384149402466e+00 5.681843586824764236e-21 2.283039991031123049e-21
5.058847384148974058e+00 4.315347520042706432e-22 2.542322196351376841e-21
5.059512384148545650e+00 5.502124278421554249e-21 2.567106432282472665e-21
5.060177384148117241e+00 6.332336492679829975e-21 2.532955770997297428e-21
5.060842384147688833e+00 6.652623860926375490e-21 2.066491355309180525e-21
5.061507384147260424e+00 3.743695238714897202e-21 2.514282284819725698e-21
5.062172384146832016e+00 8.915677733527390107e-21 2.315516342200848673e-21
5.062837384146403608e+00 1.529100526915707583e-20 2.116594030238831788e-21
5.063502384145975199e+00 8.097738933929224216e-21 2.672041409949302403e-21
5.064167384145546791e+00 1.941423326253432704e-20 2.645781073852870093e-21
5.064832384145118382e+00 2.440501466622883730e-21 2.668505429398812227e-21
5.065497384144689974e+00 1.110691430316244781e-20 2.179410325033884230e-21
5.066162384144261566e+00 -4.983543648911220893e-23 2.109111567703509248e-21
5.066827384143833157e+00 1.965832587052642010e-21 2.361563399910613455e-21
5.067492384143404749e+00 1.042579325728027071e-20 2.458624230070060566e-21
5.068157384142976341e+00 2.967029872159830382e-21 2.299349699279085996e-21
5.068822384142547932e+00 1.829426028230900503e-20 2.452404700902005997e-21
5.069487384142119524e+00 1.794181223079992593e-20 2.247025579907600017e-21
5.070152384141691115e+00 2.125285586354374675e-20 2.802233962504703027e-21
5.070817384141262707e+00 1.599866559986167115e-20 2.653111307602180258e-21
5.071482384140834299e+00 1.277281225988950896e-20 2.343399121005468918e-21
5.072147384140405890e+00 4.907053305805315191e-21 2.165048135998771868e-21
5.072812384139977482e+00 2.036942624266672853e-21 2.200990588689329441e-21
5.073477384139549073e+00 7.753786096641315636e-21 2.024590998399714256e-21
5.074142384139120665e+00 9.509686626492757565e-21 2.325957364012455700e-21
5.074807384138692257e+00 2.066057783055663789e-21 2.477501688201785202e-21
5.075472384138263848e+00 4.400777206035644862e-21 2.400004068426116553e-21
5.076137384137835440e+00 1.322584300413061635e-20 1.987323094913199641e-21
5.076802384137407032e+00 2.127742633127815092e-20 2.757831126767790182e-21
5.077467384136978623e+00 6.134999347304707220e-21 2.827098793357139821e-21
5.078132384136550215e+00 4.810111916047434591e-21 2.573322035222832625e-21
5.078797384136121806e+00 3.185956161674172337e-21 2.129819746293563562e-21
5.079462384135693398e+00 3.000311484964308468e-21 2.108846162094211064e-21
5.080127384135264990e+00 1.174237130764640446e-20 2.180117176561534068e-21
5.080792384134836581e+00 5.897134385079805377e-21 2.808335298042195950e-21
5.081457384134408173e+00 4.144941517317674016e-21 2.529401087970260089e-21
5.082122384133979764e+00 6.403559407243796109e-21 2.350589715903519111e-21
5.082787384133551356e+00 -4.574403832088802285e-22 2.547405287028002789e-21
5.083452384133122948e+00 5.126603096562028740e-21 2.197360408268430230e-21
5.084117384132694539e+00 -2.905950940263040037e-21 2.092727239481513231e-21
5.084782384132266131e+00 -1.226336795933169301e-21 2.527511631635081912e-21
5.085447384131837723e+00 1.212964317075871889e-20 2.285168674828091726e-21
5.086112384131409314e+00 1.297027975169609601e-20 2.527851832387072146e-21
5.086777384130980906e+00 9.431939724636791748e-21 2.504269592813034341e-21
5.087442384130552497e+00 2.206174938065113406e-20 2.573566225486110093e-21
5.088107384130124089e+00 1.692016071194558108e-20 2.824596709690172985e-21
5.088772384129695681e+00 2.597211144121293464e-20 2.399300315257635014e-21
5.089437384129267272e+00 1.408613756282949415e-20 2.523396626857771254e-21
5.090102384128838864e+00 2.397628618776991482e-21 2.757204838209337938e-21
5.090767384128410455e+00 8.919039925784102968e-21 2.554982234047144703e-21
5.091432384127982047e+00 3.636766888660883149e-21 2.460976495622621901e-21
5.092097384127553639e+00 1.722561030974503441e-20 2.482010054290545853e-21
5.092762384127125230e+00 1.481400754388811254e-20 2.584196475531820760e-21
5.093427384126696822e+00 1.690216394645843073e-20 3.418968494873995909e-21
5.094092384126268414e+00 1.891386211772807674e-20 2.465109794857701363e-21
5.094757384125840005e+00 1.586790873194719809e-20 2.547818006526155963e-21
5.095422384125411597e+00 3.325680650087696934e-21 3.295587233072996082e-21
5.096087384124983188e+00 6.043538250961152754e-21 2.423859169019548046e-21
5.096752384124554780e+00 5.484328277281613139e-21 2.347941816540312333e-21
5.097417384124126372e+00 1.476128144369727324e-20 2.179542350723738792e-21
5.098082384123697963e+00 1.327758702586363086e-20 2.404588041389904806e-21
5.098747384123269555e+00 7.814386390047562973e-21 2.519724346608924201e-21
5.099412384122841146e+00 9.427607631015479122e-21 2.698777483920872217e-21
5.100077384122412738e+00 1.780768256772426411e-20 2.490438277265183890e-21
5.100742384121984330e+00 1.433780871965426996e-20 2.305581126821021609e-21
5.101407384121555921e+00 1.533992931242009990e-20 2.532604233215402402e-21
5.102072384121127513e+00 1.390962829684097645e-20 2.683891250488242355e-21
5.102737384120699105e+00 -4.981944043465138795e-22 2.399793342323690763e-21
5.103402384120270696e+00 1.162750382654235753e-20 2.311148235296333843e-21
5.104067384119842288e+00 4.522828034265965400e-21 2.062356445980334766e-21
5.104732384119413879e+00 9.568600188678150606e-21 2.418359214879471047e-21
5.105397384118985471e+00 1.251579128537190549e-20 2.369462419758738858e-21
5.106062384118557063e+00 1.618698431292057393e-20 2.592612281157761027e-21
5.106727384118128654e+00 1.379568713936423690e-20 2.487093205987460838e-21
5.107392384117700246e+00 7.178369127298168386e-21 2.719635883276883682e-21
5.108057384117271837e+00 7.289073192561357958e-21 2.554040455840361387e-21
5.108722384116843429e+00 1.603709213945405342e-20 3.180730654771464937e-21
5.109387384116415021e+00 2.469226857139365806e-20 2.525681947922388325e-21
5.110052384115986612e+00 1.907525573914677669e-20 2.647438299680590278e-21
5.110717384115558204e+00 1.466113722272927052e-20 2.191775317931196418e-21
5.111382384115129796e+00 9.921186041901654048e-21 2.283484996646117795e-21
5.112047384114701387e+00 1.219903260341295601e-20 2.650079055751669889e-21
5.112712384114272979e+00 1.505083492987256619e-20 2.668935961847700777e-21
5.113377384113844570e+00 1.722741207764513778e-20 2.318782846030584496e-21
5.114042384113416162e+00 2.207603487167911312e-20 2.233511298580390288e-21
5.114707384112987754e+00 1.193193868054862171e-20 2.733589605964149610e-21
5.115372384112559345e+00 1.588794237143745821e-20 2.452366070788098279e-21
5.116037384112130937e+00 1.763647441355088770e-20 2.747173520951050913e-21
5.116702384111702528e+00 1.169382072901945350e-20 2.416147433265188286e-21
5.117367384111274120e+00 7.509955143522184848e-21 2.996260848315452686e-21
5.118032384110845712e+00 2.251745512908876408e-20 2.372934589316771030e-21
5.118697384110417303e+00 2.552872312254050593e-20 2.445648602504679111e-21
5.119362384109988895e+00 2.322775114270484006e-20 2.627715471998562155e-21
5.120027384109560487e+00 1.840336034526747561e-20 2.596462346487458678e-21
5.120692384109132078e+00 1.112704114595630886e-20 2.585551575771503013e-21
5.121357384108703670e+00 7.252065861435831702e-21 2.453202639704599593e-21
5.122022384108275261e+00 1.568592022666004430e-20 3.412037790171608129e-21
5.122687384107846853e+00 2.500137921257261559e-20 2.478971241905062813e-21
5.123352384107418445e+00 3.456498345592420346e-20 2.546627308966170475e-21
5.124017384106990036e+00 1.900439349065635794e-20 2.641183416851916900e-21
5.124682384106561628e+00 1.983158912075109501e-20 2.298205416183977219e-21
5.125347384106133219e+00 2.900463193725155631e-20 2.654080078782966739e-21
5.126012384105704811e+00 2.667728118649499746e-20 2.528831664176283307e-21
5.126677384105276403e+00 2.202948756517946008e-20 2.502102600473727574e-21
5.127342384104847994e+00 9.729380308634971958e-21 3.046373798390784608e-21
5.128007384104419586e+00 8.812607684785396313e-21 2.520238850603277448e-21
5.128672384103991178e+00 2.151863525783545480e-20 2.748781387146132788e-21
5.129337384103562769e+00 2.178921636146867808e-20 2.690041892751263051e-21
5.130002384103134361e+00 2.961648698005557524e-20 2.542673875127867297e-21
5.130667384102705952e+00 2.610532866809555659e-20 2.582694657697802978e-21
5.131332384102277544e+00 2.752902939534919731e-20 2.571088875590223731e-21
5.131997384101849136e+00 2.526628351417288726e-20 3.061595500604130065e-21
5.132662384101420727e+00 2.270934882110786092e-20 2.625479354907371312e-21
5.133327384100992319e+00 3.183424224364191634e-20 3.605082040808987688e-21
5.133992384100563910e+00 1.646398460883979287e-20 2.764323866154343837e-21
5.134657384100135502e+00 1.590710752157149294e-20 3.151700148172977298e-21
5.135322384099707094e+00 2.500694307152513851e-20 3.781033635568644252e-21
5.135987384099278685e+00 3.037052565866371806e-20 2.738976841711005794e-21
5.136652384098850277e+00 2.401254701798314344e-20 2.880030113703665750e-21
5.137317384098421869e+00 2.368253265045285494e-20 2.919581283501015421e-21
5.137982384097993460e+00 3.180280410349632025e-20 2.679972191822832687e-21
5.138647384097565052e+00 1.704763670645948091e-20 2.835404080339219632e-21
5.139312384097136643e+00 2.238861431966978490e-20 3.357266440715893725e-21
5.139977384096708235e+00 2.541402632382516390e-20 2.820972377068083045e-21
5.140642384096279827e+00 2.305072747965000099e-20 3.326450775223238498e-21
5.141307384095851418e+00 3.048388517409360962e-20 3.023236371920275260e-21
5.141972384095423010e+00 3.824342885816716315e-20 2.782604555329834530e-21
5.142637384094994601e+00 2.665609638721550612e-20 2.568755005615954111e-21
5.143302384094566193e+00 3.370797992891144872e-20 2.852919248473097272e-21
5.143967384094137785e+00 2.908907742280540322e-20 2.685796075032523694e-21
5.144632384093709376e+00 2.203958160330694402e-20 2.897451462016560490e-21
5.145297384093280968e+00 2.584076378250258741e-20 2.767903947824074572e-21
5.145962384092852560e+00 2.146857947849851236e-20 2.545488813870835173e-21
5.146627384092424151e+00 8.685243302515208214e-21 2.703367544445302180e-21
5.147292384091995743e+00 1.744330977729089228e-20 3.676891109069647458e-21
5.147957384091567334e+00 4.880613523712528922e-20 2.671782803755655002e-21
5.148622384091138926e+00 2.748184658361995934e-20 2.281642226685427883e-21
5.149287384090710518e+00 2.440813484577754739e-20 2.478997162351117032e-21
5.149952384090282109e+00 2.546721160089746182e-20 2.775071059325910960e-21
5.150617384089853701e+00 2.840264965713514742e-20 2.428039958773122211e-21
5.151282384089425292e+00 2.187448371072526690e-20 2.616121006850019433e-21
5.151947384088996884e+00 2.348567648434739124e-20 2.478274114553417760e-21
5.152612384088568476e+00 2.309660587159009651e-20 2.500719419881537805e-21
5.153277384088140067e+00 4.239497949357092473e-20 2.779916374745005286e-21
5.153942384087711659e+00 3.527784273667366242e-20 3.007316659255939700e-21
5.154607384087283251e+00 4.036460406979552786e-20 2.578878117128168168e-21
5.155272384086854842e+00 4.439611876920662484e-20 2.150342823000589742e-21
5.155937384086426434e+00 4.580225730349284829e-20 2.674239468603736783e-21
5.156602384085998025e+00 2.735049415966282519e-20 2.475611805884862513e-21
5.157267384085569617e+00 3.347617007378073973e-20 2.728667204346359557e-21
5.157932384085141209e+00 3.036340345603644518e-20 2.515730583865797705e-21
5.158597384084712800e+00 3.470145388057615657e-20 2.760463154341530893e-21
5.159262384084284392e+00 4.372110970542207924e-20 2.293301508802208717e-21
5.159927384083855983e+00 3.823617181029768323e-20 2.849703812320895141e-21
5.160592384083427575e+00 3.053902006817156029e-20 2.397743664952594486e-21
5.161257384082999167e+00 8.187885450242184182e-21 2.457896914699321539e-21
5.161922384082570758e+00 1.367892533408708894e-20 2.698534223191910094e-21
5.162587384082142350e+00 2.730343510989094117e-20 2.713797129816433829e-21
5.163252384081713942e+00 2.169137839967715756e-20 2.526146868778492907e-21
5.163917384081285533e+00 1.279474188390732924e-20 2.509912409934862536e-21
5.164582384080857125e+00 2.592594498970953607e-20 2.858070275549788789e-21
5.165247384080428716e+00 1.908573260141943485e-20 2.172704886755196160e-21
5.165912384080000308e+00 1.668056211397539970e-20 2.819401891276542595e-21
5.166577384079571900e+00 1.931266539698287530e-20 2.837708161637105996e-21
5.167242384079143491e+00 2.166824098227356227e-20 2.632523697001841181e-21
5.167907384078715083e+00 2.696811373021404012e-20 1.052327831332117995e-20
5.168572384078286674e+00 1.898846553653043096e-20 1.992125826712679504e-20
5.169237384077858266e+00 2.392965519310544901e-20 3.149833337663447884e-21
5.169902384077429858e+00 1.847267432814155009e-20 2.665294132883779903e-21
5.170567384077001449e+00 1.400640712835211142e-20 2.789321635806171592e-21
5.171232384076573041e+00 2.747031960993348632e-20 2.590873008783694140e-21
5.171897384076144633e+00 2.417687416764087918e-20 2.400580697330931633e-21
5.172562384075716224e+00 1.254166655959875931e-20 2.289520308530776294e-21
5.173227384075287816e+00 2.153223419219767456e-20 2.982127310388482631e-21
5.173892384074859407e+00 6.878653437371419290e-21 2.498514069928760527e-21
5.174557384074430999e+00 8.700696590612782829e-21 2.745110152704510612e-21
5.175222384074002591e+00 2.164854349029825736e-20 2.418057468552495625e-21
5.175887384073574182e+00 1.297428752011296285e-20 2.351338891823583118e-21
5.176552384073145774e+00 2.103990348153356926e-20 2.653991637484333782e-21
5.177217384072717365e+00 2.086515060605142920e-20 3.054726554193711621e-21
5.177882384072288957e+00 1.068129317549554277e-20 2.437767628514080080e-21
5.178547384071860549e+00 1.037172983050352218e-20 2.721477386609804063e-21
5.179212384071432140e+00 1.420002119335869538e-20 2.870352615261190140e-21
5.179877384071003732e+00 1.899378913505976935e-20 2.488820613014905089e-21
5.180542384070575324e+00 1.642177515240882962e-20 2.628029870514381274e-21
5.181207384070146915e+00 9.692772855019934134e-21 2.853004495783999784e-21
5.181872384069718507e+00 1.228241413754674659e-20 2.499372050850123124e-21
5.182537384069290098e+00 1.122254173010168422e-20 2.570629697885674569e-21
5.183202384068861690e+00 5.049587901200099464e-21 3.363039641165670231e-21
5.183867384068433282e+00 -1.939837183750963236e-22 3.190356669971799239e-21
5.184532384068004873e+00 1.190046062548450581e-20 2.534626363070876743e-21
5.185197384067576465e+00 5.407454278661004506e-21 2.353060304898851921e-21
5.185862384067148056e+00 -1.560249319965588075e-22 2.752950281937974927e-21
5.186527384066719648e+00 3.929359324656397638e-21 2.754428601160759686e-21
5.187192384066291240e+00 7.968631675929982585e-21 2.646798523449928789e-21
5.187857384065862831e+00 4.486894820446642816e-21 3.012899775489595856e-21
5.188522384065434423e+00 4.309964743485989596e-21 2.231475061459101156e-21
5.189187384065006015e+00 7.241074921026838107e-21 2.661348727387542451e-21
5.189852384064577606e+00 1.377198406609111713e-20 2.528660257376114341e-21
5.190517384064149198e+00 1.309904991488400890e-20 2.453805973378295228e-21
5.191182384063720789e+00 1.162390233130286919e-20 2.827002599717551304e-21
5.191847384063292381e+00 -1.345736178590360123e-21 2.522998185283986347e-21
5.192512384062863973e+00 -5.278586014725010400e-21 2.556426864339379924e-21
5.193177384062435564e+00 7.440179473355614237e-21 2.625357999183879914e-21
5.193842384062007156e+00 2.532696781169633803e-20 2.664403686489295431e-21
5.194507384061578747e+00 1.234374478027059067e-20 2.691141742775914549e-21
5.195172384061150339e+00 1.515739015935325969e-20 2.481668382777513721e-21
5.195837384060721931e+00 1.184637502151633679e-20 2.967732829565843891e-21
5.196502384060293522e+00 1.118108932118130232e-20 2.273386130693528721e-21
5.197167384059865114e+00 8.235182616689034185e-21 2.374625484902711340e-21
5.197832384059436706e+00 8.892735616005041078e-21 2.369712317988667315e-21
5.198497384059008297e+00 3.154708901544700696e-21 2.513659847506283139e-21
5.199162384058579889e+00 6.371353814116201532e-21 2.473601431535629426e-21
5.199827384058151480e+00 1.672234890337383799e-21 2.616866170430267462e-21
5.200492384057723072e+00 5.864705032085424841e-21 2.679877244879425529e-21
5.201157384057294664e+00 1.410194406136584587e-21 2.715106287201588377e-21
5.201822384056866255e+00 1.228996926129717276e-20 2.990902762639450689e-21
5.202487384056437847e+00 1.582720469001655342e-20 2.682053455245499228e-21
5.203152384056009438e+00 1.304181470108086960e-20 2.591852425165492690e-21
5.203817384055581030e+00 1.065332838650968486e-21 2.620603107462884894e-21
5.204482384055152622e+00 1.787944188393283597e-20 2.648646053862137602e-21
5.205147384054724213e+00 2.049204606904039496e-20 3.099294726488803280e-21
5.205812384054295805e+00 4.360419873541085199e-21 2.496959223558653737e-21
5.206477384053867397e+00 5.378968942431487006e-21 2.763146531991555315e-21
5.207142384053438988e+00 9.346536873245785687e-21 2.484993033949936876e-21
5.207807384053010580e+00 -1.086520859181097940e-22 2.451598553998340504e-21
5.208472384052582171e+00 2.045696965435543645e-20 3.175620909748002442e-21
5.209137384052153763e+00 1.305171605235894005e-20 2.755211900844317867e-21
5.209802384051725355e+00 2.008900353650363665e-20 2.693399126001333032e-21
5.210467384051296946e+00 1.514566824398251151e-20 3.090917255275829475e-21
5.211132384050868538e+00 6.588148928373293351e-21 3.937765815345772271e-21
5.211797384050440129e+00 9.114005629958743320e-21 2.856695966862013007e-21
5.212462384050011721e+00 1.189775273358223623e-20 2.608254316843395467e-21
5.213127384049583313e+00 1.416112372041811323e-20 2.697210365733652993e-21
5.213792384049154904e+00 4.868673302438024596e-21 3.043684931959154520e-21
5.214457384048726496e+00 6.278739092165333927e-21 2.888648524331957003e-21
5.215122384048298088e+00 1.928226576226636540e-20 2.861205311374253019e-21
5.215787384047869679e+00 1.697514051810349568e-20 3.217338403271682913e-21
5.216452384047441271e+00 2.066182009670392282e-20 2.439116171535272623e-21
5.217117384047012862e+00 1.772355666544390757e-20 2.644814583299090878e-21
5.217782384046584454e+00 7.162894751498209465e-21 2.789498972918009057e-21
5.218447384046156046e+00 1.651694657993250771e-20 2.935707192935671150e-21
5.219112384045727637e+00 1.271749820193584156e-20 2.552175978589167891e-21
5.219777384045299229e+00 1.103929573768463216e-20 2.516504600602989929e-21
5.220442384044870821e+00 1.381878356002975505e-20 2.664893850403205672e-21
5.221107384044442412e+00 2.441222941066208690e-22 3.057589658946029303e-21
5.221772384044014004e+00 1.182116513561326802e-21 2.884220193366978995e-21
5.222437384043585595e+00 -1.645057752497875700e-21 2.851246588845574829e-21
5.223102384043157187e+00 1.486108719299918805e-20 2.461695684292832309e-21
5.223767384042728779e+00 1.535294931078564772e-20 2.774997819108585404e-21
5.224432384042300370e+00 8.572849758909358622e-21 2.783736878655396314e-21
5.225097384041871962e+00 1.443154245475273582e-20 2.816849808182620224e-21
5.225762384041443553e+00 -5.010721576487859857e-21 3.328242570875852323e-21
5.226427384041015145e+00 -5.638042704680198064e-21 2.713145976520817377e-21
5.227092384040586737e+00 6.153049843793599540e-21 2.917641511610936893e-21
5.227757384040158328e+00 9.734698126680832450e-21 2.838538126076775767e-21
5.228422384039729920e+00 1.063076603512730485e-20 2.800601445583263894e-21
5.229087384039301512e+00 1.115650541225102757e-20 2.615856134310940012e-21
5.229752384038873103e+00 3.004834759662699176e-21 2.435220014528599856e-21
5.230417384038444695e+00 1.055774457786467452e-20 2.478235329741493485e-21
5.231082384038016286e+00 9.811617948283706840e-21 3.005666739476593681e-21
5.231747384037587878e+00 7.022776726946211417e-21 3.007455002865395813e-21
5.232412384037159470e+00 4.374076363811175247e-21 2.819182255839052727e-21
5.233077384036731061e+00 1.623644300051405265e-20 2.648084071206930742e-21
5.233742384036302653e+00 -4.602416860859948975e-21 2.974856609558671932e-21
5.234407384035874244e+00 8.726090984480397344e-21 2.562766276182086107e-21
5.235072384035445836e+00 7.210337025700094452e-21 2.668991203055775575e-21
5.235737384035017428e+00 8.794383415649008254e-21 2.412349154882247539e-21
5.236402384034589019e+00 8.686820327057907654e-21 2.218555284286119961e-21
5.237067384034160611e+00 1.146567117481420838e-20 2.109926381044073852e-21
5.237732384033732203e+00 9.426129553411221446e-21 2.632738010959398012e-21
5.238397384033303794e+00 1.182522658516731582e-20 3.197729891078576066e-21
5.239062384032875386e+00 -7.825850707639933178e-21 3.051063555139069491e-21
5.239727384032446977e+00 -4.352652041572566581e-22 2.851989043317615749e-21
5.240392384032018569e+00 1.778449417919300159e-20 2.510001621780871675e-21
5.241057384031590161e+00 1.129843214490362977e-20 3.107646586325906691e-21
5.241722384031161752e+00 1.287603548211795138e-21 2.645837039288035015e-21
5.242387384030733344e+00 -3.020835334348910472e-21 2.532080855743807927e-21
5.243052384030304935e+00 1.983603853056985044e-21 2.806400410090997799e-21
5.243717384029876527e+00 9.104963278636975894e-21 2.759107701950716190e-21
5.244382384029448119e+00 1.286502599147650580e-20 2.579638476750415803e-21
5.245047384029019710e+00 2.769094417590702593e-21 2.613031509627508328e-21
5.245712384028591302e+00 1.015197582091667956e-20 2.786483358069524772e-21
5.246377384028162894e+00 1.101278733433492756e-20 2.714274637266260145e-21
5.247042384027734485e+00 7.121636520399730562e-21 2.640112101491322115e-21
5.247707384027306077e+00 5.296578061116002757e-21 2.873920057834296538e-21
5.248372384026877668e+00 5.201226709754845779e-21 2.335214939060288696e-21
5.249037384026449260e+00 -6.962344784533280211e-21 2.862335198030349691e-21
5.249702384026020852e+00 -4.430529672493998996e-21 3.082087428291086854e-21
5.250367384025592443e+00 1.653652999422143161e-20 4.858825784246403506e-21
5.251032384025164035e+00 1.339802958002095639e-20 9.172189155309753420e-21
5.251697384024735626e+00 4.802558970674365938e-21 1.643263999653032889e-20
5.252362384024307218e+00 -5.640347501590697176e-22 1.489109486010716715e-20
5.253027384023878810e+00 1.316632415619150060e-20 2.627243836981999924e-21
5.253692384023450401e+00 8.285586296682297757e-21 3.163611636786668047e-21
5.254357384023021993e+00 -3.438312093069690623e-21 2.863483995076667386e-21
5.255022384022593585e+00 2.806348765247266184e-21 2.649964915028384559e-21
5.255687384022165176e+00 -1.007396125558685130e-21 2.361057904393839278e-21
5.256352384021736768e+00 9.906140789669304892e-21 3.133714212599165483e-21
5.257017384021308359e+00 4.673136676051147152e-21 2.788345365334113704e-21
5.257682384020879951e+00 9.141459835181160982e-21 2.443524697303120056e-21
5.258347384020451543e+00 1.462546445009509509e-20 2.623549842946222017e-21
5.259012384020023134e+00 3.898345004962637074e-21 3.014236043236404139e-21
5.259677384019594726e+00 1.127692235430807688e-21 3.429595983730501910e-21
5.260342384019166317e+00 1.019793148913666064e-20 2.748791339734200412e-21
5.261007384018737909e+00 6.856790316933319211e-21 2.433120588831763229e-21
5.261672384018309501e+00 2.625349521458981150e-21 3.040136579252750047e-21
5.262337384017881092e+00 5.073823113274295507e-21 2.774059226886617657e-21
5.263002384017452684e+00 9.539663843641269703e-21 2.518798152547820699e-21
5.263667384017024276e+00 9.428972482749779757e-21 2.820338664650572918e-21
5.264332384016595867e+00 1.182633568188167855e-20 2.825125783621494091e-21
5.264997384016167459e+00 1.155119776712530157e-21 2.858977727455453947e-21
5.265662384015739050e+00 2.986841372777516092e-21 2.683731693825527572e-21
5.266327384015310642e+00 1.035853142116365392e-20 2.914600806267170565e-21
5.266992384014882234e+00 2.906401588037842793e-21 3.005098945366338104e-21
5.267657384014453825e+00 3.578612154222292405e-21 2.320103548794653093e-21
5.268322384014025417e+00 5.880907698799345706e-21 2.637656838808403806e-21
5.268987384013597008e+00 8.875140649833520268e-21 3.026481899613999491e-21
5.269652384013168600e+00 1.605770704677118906e-20 5.685239103204887425e-21
5.270317384012740192e+00 -1.462331629300364151e-20 3.269421215179290136e-21
